Participant,trigger_no,fzd_hands0_fingerTip_coordinates_x,fzd_hands0_fingerTip_coordinates_y,fzd_hands0_fingerTip_coordinates_z,eyegaze_new_coordinates_x,eyegaze_new_coordinates_y,angle_center,Buidling_half_width,eyegaze_new_coordinates_x_without_tablet_&_road_gazes,eyegaze_new_coordinates_y_without_tablet_&_road_gazes,angle_center_scaled,Buidling_half_width_scaled,horizontal_angle_finger_pointing_unscaled,eyegaze_horiz_angle_x,horizontal_angle_finger_pointing,eyegaze_horiz_angle_x_scaled_without_tablet,side,difference,D_p,D_g
42,1.0,-0.36383781,-0.31227458,-0.25713369,-364.53,-46.29000000000002,-14.725885106252464,1.8933992789175136,-364.53,-46.29000000000002,-27.7877451954984,3.572844439317347,-21.0,-27.468475536930335,-13.23,-11.811444480880043,-0.5,6.468475536930335,6.2741148937475355,12.74259043067787
42,1.0,-0.36268592,-0.3123481,-0.25553927,-381.87,-49.89999999999998,-14.742985605590093,1.9050491877187028,-381.87,-49.89999999999998,-27.820013837748505,3.594827817225191,-21.0,-28.775098766322635,-13.23,-12.373292469518733,-0.5,7.775098766322635,6.257014394409907,14.032113160732543
42,1.0,-0.36117959,-0.30626199,-0.25040576,-397.91,-66.9,-14.79976856094521,1.9157561928320208,-397.91,-66.9,-27.927163274503613,3.615031935874024,-18.0,-29.983762930074214,-11.34,-12.893018059931912,-0.5,11.983762930074214,3.2002314390547895,15.183994369129003
42,2.0,-0.32511371,-0.05066073,-0.20738335,219.23,-51.06999999999999,11.449886323796534,1.605599351463951,,,21.605935493004058,3.029765976212476,27.0,16.519666123395165,17.01,,0.5,10.480333876604835,-15.550113676203466,-5.069779799598631
42,2.0,-0.32972077,-0.05479554,-0.20746034,225.49,-52.81,11.4964644840328,1.612736323568896,,,21.69382848136989,3.043233442574508,27.0,16.99137670101891,17.01,,0.5,10.008623298981089,-15.5035355159672,-5.494912216986112
42,2.0,-0.32990876,-0.05525665,-0.20993379,249.98,-8.569999999999993,11.610157932625384,1.6199402117168802,,,21.9083680188641,3.056827179509753,32.0,18.83677479143513,20.16,,0.5,13.16322520856487,-20.389842067374616,-7.226616858809745
42,3.0,-0.34186864,-0.14761372,-0.29885757,-410.0,-116.86,-14.50965872459652,2.903042671049016,-410.0,-116.86,-27.37972601331364,5.4780415202694925,0.0,-30.89478224053285,0.0,-13.284756363429128,-0.5,30.89478224053285,-14.50965872459652,16.385123515936332
42,3.0,-0.33826229,-0.20040555,-0.26455522,-413.89,-120.32,-14.51321262317383,2.92099784082919,-413.89,-120.32,-27.386432219929016,5.511922925644681,-9.0,-31.18790590618083,-5.67,-13.410799539657758,-0.5,22.18790590618083,-5.51321262317383,16.674693283007002
42,3.0,-0.33377212,-0.23419751,-0.2453329,-422.39,-76.07,-14.586212086840485,2.9391471280827126,-422.39,-76.07,-27.52418220786799,5.546170630692078,-15.0,-31.828407489216268,-9.45,-13.686215220362994,-0.5,16.828407489216268,0.41378791315951524,17.242195402375785
42,4.0,-0.3229174,-0.04253939,-0.22618392,391.75,25.139999999999983,13.47799959362294,2.0177091913016625,391.75,25.139999999999983,25.432985233166487,3.8074172439862366,23.0,29.51958766519206,14.49,12.693422696032584,0.5,-6.519587665192059,-9.52200040637706,-16.04158807156912
42,4.0,-0.31962758,-0.04797333,-0.21763888,345.84000000000003,-66.08000000000001,13.594800444158068,2.0286768299828566,345.84000000000003,-66.08000000000001,25.653388438126274,3.8281131781776505,23.0,26.060125585526546,14.49,11.205854001776412,0.5,-3.0601255855265457,-9.405199555841932,-12.465325141368478
42,4.0,-0.32009217,-0.05186357,-0.21598867,291.87,-40.650000000000006,13.660502412861774,2.0397502000389807,291.87,-40.650000000000006,25.77736805307017,3.849008627473557,23.0,21.99331729888859,14.49,9.457126438522094,0.5,1.0066827011114086,-9.339497587138226,-8.332814886026817
42,5.0,-0.30192593,-0.01860734,-0.22812489,334.49,116.97,16.40833787658289,2.53229970719633,334.49,116.97,30.96253357311192,4.7784495474794735,35.0,25.204867589355693,22.05,10.838093063422948,0.5,9.795132410644307,-18.59166212341711,-8.796529712772802
42,5.0,-0.30273452,-0.0181138,-0.22342737,337.09000000000003,110.17,16.504462881393636,2.549040818806901,337.09000000000003,110.17,31.14392145718979,4.810040025088624,38.0,25.40078572063712,23.94,10.92233785987396,0.5,12.59921427936288,-21.495537118606364,-8.896322839243485
42,5.0,-0.30521241,-0.01795073,-0.22387117,339.25,29.74000000000001,16.601886791633717,2.5659875961486023,339.25,29.74000000000001,31.327760375812822,4.842018593932414,38.0,25.563548475855537,23.94,10.99232584461788,0.5,12.436451524144463,-21.398113208366283,-8.96166168422182
42,6.0,-0.33546591,-0.07031414,-0.24402556,233.79999999999995,26.72999999999999,11.472517656933462,1.6765584460085563,292.13,-46.34,21.64864081863344,3.1636657876181467,15.0,17.61756118984532,9.45,9.465550918167196,0.5,-2.6175611898453184,-3.527482343066538,-6.145043532911856
42,6.0,-0.33088109,-0.07347338,-0.22936894,292.13,-46.34,11.640955496704636,1.6842777501887554,292.13,-46.34,21.966483022281647,3.178232114606182,20.0,22.012909112016736,12.6,9.465550918167196,0.5,-2.012909112016736,-8.359044503295364,-10.3719536153121
42,6.0,-0.3299287,-0.07665015,-0.2250929,297.51,-43.91,11.636726948735031,1.6920678565151943,297.51,-43.91,21.95850375226301,3.192932045244172,20.0,22.418308937514457,12.6,9.639872843131217,0.5,-2.418308937514457,-8.363273051264969,-10.781581988779426
42,7.0,-0.32235426,-0.02825927,-0.22982645,317.96000000000004,89.66,15.712360293664515,1.903085999656952,317.96000000000004,89.66,29.649223874144944,3.591123281352667,32.0,23.959280393170307,20.16,10.302490569063233,0.5,8.040719606829693,-16.287639706335483,-8.246920099505791
42,7.0,-0.32066464,-0.03068071,-0.22644548,364.58,78.43,15.771262317170226,1.917411085662991,364.58,78.43,29.760371992500215,3.6181547186460623,32.0,27.47224319330114,20.16,11.81306457311949,0.5,4.527756806698861,-16.228737682829774,-11.700980876130913
42,7.0,-0.31806529,-0.03259005,-0.22634141,382.85,-59.72999999999999,15.762052151639296,1.929257247270442,382.85,-59.72999999999999,29.74299241014335,3.640508425599325,32.0,28.84894483119025,20.16,12.405046277411806,0.5,3.1510551688097514,-16.237947848360704,-13.086892679550953
42,8.0,-0.30619344,-0.05599326,-0.23922297,260.34000000000003,-46.110000000000014,13.858545694383965,2.0944532363214137,260.34000000000003,-46.110000000000014,26.151075725302537,3.952233256938508,32.0,19.617433191464205,20.16,8.435496272329608,0.5,12.382566808535795,-18.141454305616037,-5.75888749708024
42,8.0,-0.30482656,-0.0578803,-0.23406044,271.94000000000005,-60.900000000000006,13.92781627747496,2.106224614248049,271.94000000000005,-60.900000000000006,26.28178931559525,3.974445847086068,32.0,20.49152946948904,20.16,8.811357671880286,0.5,11.508470530510959,-18.07218372252504,-6.563713192014081
42,8.0,-0.30534387,-0.0578581,-0.23330188,276.46000000000004,-76.62,13.99776715134766,2.1181203806243616,276.46000000000004,-76.62,26.413786614593032,3.996893158238171,32.0,20.832125605409058,20.16,8.957814010325894,0.5,11.167874394590942,-18.00223284865234,-6.834358454061398
42,9.0,-0.27383262,-0.04011,-0.21877621,339.29999999999995,-6.1200000000000045,15.899493802316709,2.505493776202081,339.29999999999995,-6.1200000000000045,30.002344804971628,4.727866755693329,45.0,25.56731613222633,28.35,10.993945936857322,0.5,19.43268386777367,-29.10050619768329,-9.667822329909622
42,9.0,-0.2749922,-0.03935928,-0.21646556,302.02,-57.25999999999999,15.991766579069886,2.521914654468353,302.02,-57.25999999999999,30.176463534704872,4.758852952981782,45.0,22.75815154216032,28.35,9.786005163128936,0.5,22.24184845783968,-29.008233420930114,-6.7663849630904345
42,9.0,-0.27713001,-0.03952808,-0.21647421,298.08000000000004,-78.41,16.050585933577267,2.5385344993200496,298.08000000000004,-78.41,30.287455656660303,4.790214600216933,45.0,22.461260220141543,28.35,9.658341894660865,0.5,22.538739779858457,-28.949414066422733,-6.4106742865642765
42,10.0,-0.28950396,-0.02419157,-0.2598632,475.9500000000001,-131.65,19.418373113479618,3.0787957714093466,475.9500000000001,-131.65,36.64247006513604,5.809687620649438,34.0,35.864320993613696,21.42,15.421658027253889,0.5,-1.8643209936136955,-14.581626886520382,-16.445947880134078
42,10.0,-0.28156582,-0.02670821,-0.23556945,480.27,-134.89,19.62207018755987,3.102682158839883,480.27,-134.89,37.02684644392548,5.8547612337308585,37.0,36.189846504050514,23.31,15.56163399674172,0.5,0.8101534959494856,-17.37792981244013,-16.567776316490644
42,10.0,-0.2800208,-0.02833751,-0.22481385,486.26,-148.6,19.758450653545083,3.126898150394652,486.26,-148.6,37.284196383239575,5.900456809794706,38.0,36.64121173727196,23.94,15.755721047026942,0.5,1.3587882627280408,-18.241549346454917,-16.882761083726876
42,11.0,-0.25580114,0.0164779,-0.22268236,329.65,-12.639999999999986,25.532819778436306,4.178005561226684,329.65,-12.639999999999986,48.180430921909306,7.883896494034754,45.0,24.840158452662568,28.35,10.681268134644904,0.5,20.159841547337432,-19.467180221563694,0.692661325773738
42,11.0,-0.25767532,0.0161707,-0.22155279,343.9,-16.960000000000008,25.75923771546178,4.21831645059396,343.9,-16.960000000000008,48.60768156907638,7.9599631422708015,45.0,25.913940518339626,28.35,11.142994422886035,0.5,19.086059481660374,-19.24076228453822,-0.15470280287784632
42,11.0,-0.25917146,0.01525307,-0.21976414,372.7000000000001,-26.349999999999994,26.059104699646014,4.259229220406496,372.7000000000001,-26.349999999999994,49.173530568232025,8.037165538907058,45.0,28.084110587918527,28.35,12.076167552804966,0.5,16.915889412081473,-18.940895300353986,-2.0250058882725135
42,12.0,-0.34452224,-0.04480686,-0.25753906,397.43,-104.48,14.114058562348532,2.1988269747162272,397.43,-104.48,26.63322850715168,4.14918650128952,22.0,29.94759342891456,13.86,12.877465174433262,0.5,-7.9475934289145584,-7.885941437651468,-15.833534866566026
42,12.0,-0.33239371,-0.05348227,-0.23121038,378.67,-79.6,14.18741750681472,2.2116831203560468,378.67,-79.6,26.771656835359376,4.17344604811186,26.0,28.533968758591644,16.38,12.269606566194406,0.5,-2.5339687585916444,-11.81258249318528,-14.346551251776924
42,12.0,-0.327227,-0.05722734,-0.2209762,390.91,-121.75,14.26866485702131,2.225981642366362,390.91,-121.75,26.92497058519921,4.200427359145326,26.0,29.45629103816267,16.38,12.666205146409949,0.5,-3.4562910381626715,-11.73133514297869,-15.187626181141361
42,13.0,-0.33833548,-0.09192414,-0.21882729,225.20000000000005,-104.11,10.857548379039203,1.6753987225656202,,,20.488193791246974,3.161477389481325,15.0,16.969524294068293,9.45,,0.5,-1.969524294068293,-4.142451620960797,-6.11197591502909
42,13.0,-0.33663842,-0.0947885,-0.21726471,177.82000000000005,-116.84,10.8238119962347,1.6824210692826649,,,20.42453323689488,3.1747285577363886,13.0,13.39929311710135,8.19,,0.5,-0.3992931171013492,-2.1761880037653007,-2.57548112086665
42,13.0,-0.33462358,-0.09331999,-0.21710853,205.53,-174.07,10.95112376583045,1.689502124377742,,,20.66477054612206,3.1880905087008,13.0,15.487328277796868,8.19,,0.5,-2.487328277796868,-2.0488762341695494,-4.536204511966417
42,14.0,-0.33770594,-0.05519424,-0.24108145,292.12,-120.2,12.036115967523305,1.9334052355218736,292.12,-120.2,22.712150830716475,3.648335679429776,23.0,22.012155580742576,14.49,9.465226899719308,0.5,0.9878444192574243,-10.963884032476695,-9.976039613219271
42,14.0,-0.34016931,-0.05622633,-0.24136889,233.63,-93.76,12.127624318045886,1.9446711372530856,292.12,-120.2,22.884827088152587,3.669594435996572,20.0,17.60475115818461,12.6,9.465226899719308,0.5,2.395248841815391,-7.872375681954114,-5.477126840138723
42,14.0,-0.33848268,-0.0591804,-0.23997313,278.29,-133.13,12.098217176784823,1.9539812948925064,278.29,-133.13,22.82933581259296,3.68716270346216,20.0,20.970021828580208,12.6,9.017109386289489,0.5,-0.970021828580208,-7.901782823215177,-8.871804651795385
42,15.0,-0.30936334,-0.05404987,-0.22260681,323.58000000000004,-86.22,14.28052345189251,2.3012525855711408,323.58000000000004,-86.22,26.947347753721164,4.342463628972743,29.0,24.38276496924785,18.27,10.484588936776577,0.5,4.617235030752148,-14.71947654810749,-10.102241517355342
42,15.0,-0.30752987,-0.05419103,-0.22011074,315.32000000000005,-98.17,14.364904127341523,2.3183795768588125,315.32000000000005,-98.17,27.106574088293453,4.374782261532578,32.0,23.76034813679224,20.16,10.216949698820663,0.5,8.239651863207762,-17.635095872658475,-9.395444009450715
42,15.0,-0.30831107,-0.05433012,-0.21937223,309.79999999999995,-112.42,14.445925492321969,2.3313856765267387,309.79999999999995,-112.42,27.259461404011557,4.399324771605956,32.0,23.344398873456285,20.16,10.038091515586204,0.5,8.655601126543715,-17.55407450767803,-8.898473381134316
42,16.0,-0.30376953,-0.01382197,-0.23729482,390.76,0.7400000000000091,19.01484208446645,3.0525586470380013,390.76,0.7400000000000091,35.8810070133882,5.76017816696071,45.0,29.44498806905029,28.35,12.661344869691623,0.5,15.55501193094971,-25.98515791553355,-10.430145984583838
42,16.0,-0.30490822,-0.01476706,-0.23911418,413.83,-24.41,19.18119766680044,3.0765429447117327,413.83,-24.41,36.19491999725243,5.805436536671039,45.0,31.18338471853588,28.35,13.408855428970428,0.5,13.81661528146412,-25.81880233319956,-12.00218705173544
42,16.0,-0.30699712,-0.01424373,-0.23950559,558.34,-217.49,19.25952323829564,3.103332675384236,558.34,-217.49,36.34272035066387,5.855988758450051,45.0,42.07266516141247,28.35,18.091246019407365,0.5,2.9273348385875266,-25.74047676170436,-22.813141923116834
42,17.0,-0.32170746,-0.04994839,-0.24033193,254.11,-46.39999999999998,13.105283496141752,1.6856682952236337,254.11,-46.39999999999998,24.72966995721949,3.180856073086998,27.0,19.147983207662936,17.01,8.233632779295062,0.5,7.852016792337064,-13.894716503858248,-6.042699711521184
42,17.0,-0.31983092,-0.05321036,-0.2406995,309.34000000000003,-96.06,13.178882400118226,1.697357473931488,309.34000000000003,-96.06,24.868551089023093,3.2029135533087185,26.0,23.30973643484496,16.38,10.023186666983332,0.5,2.690263565155039,-12.821117599881774,-10.130854034726735
42,17.0,-0.31922796,-0.05300271,-0.2396124,318.96000000000004,-101.96,13.170821721417887,1.7070185143836785,318.96000000000004,-101.96,24.853340588315557,3.221143936642001,25.0,24.034633520586244,15.75,10.334892413852083,0.5,0.9653664794137562,-11.829178278582113,-10.863811799168356
42,18.0,-0.27576628,-0.28812942,-0.24937758,-248.67,-34.870000000000005,-18.77126232512698,2.950571753763448,-259.24,-18.970000000000027,-35.42137200751461,5.567728899351627,-26.0,-18.738062194520257,-16.38,-8.39985424306187,-0.5,-7.261937805479743,7.22873767487302,-0.033200130606722666
42,18.0,-0.2816501,-0.29527903,-0.24714722,-259.24,-18.970000000000027,-18.91771264009574,2.970267245887559,-259.24,-18.970000000000027,-35.697723751860664,5.604894292989824,-26.0,-19.53454475130668,-16.38,-8.39985424306187,-0.5,-6.4654552486933206,7.08228735990426,0.6168321112109396
42,18.0,-0.27651426,-0.28815553,-0.24742106,-278.8,-10.120000000000005,-19.00851180662744,2.9924168014453247,-278.8,-10.120000000000005,-35.86906177910598,5.646690504327328,-26.0,-21.008451923562337,-16.38,-9.033634327131804,-0.5,-4.991548076437663,6.991488193372561,1.9999401169348978
42,19.0,-0.29592004,-0.03234941,-0.23610856,454.35,-116.74,15.694347821455978,3.093926274377414,454.35,-116.74,29.61523433908743,5.838238879750181,32.0,34.23669344142952,20.16,14.721778179814692,0.5,-2.236693441429523,-16.305652178544022,-18.542345619973545
42,19.0,-0.29706734,-0.03140933,-0.23528425,418.7000000000001,-97.33,15.83113510611862,3.117083080405698,418.7000000000001,-97.33,29.87335194524584,5.881935772725552,32.0,31.55035444905148,20.16,13.566652413092136,0.5,0.4496455509485209,-16.16886489388138,-15.71921934293286
42,19.0,-0.29595059,-0.03195886,-0.23568946,376.2000000000001,-52.94999999999999,15.89107391544131,3.138395496089279,376.2000000000001,-52.94999999999999,29.986456478437752,5.9221523011204695,32.0,28.347846533874293,20.16,12.189574009565948,0.5,3.652153466125707,-16.10892608455869,-12.456772618432982
42,21.0,-0.28291577,-0.34390283,-0.24183977,-456.83,-85.85,-16.26313355772298,2.602955312210577,-456.83,-85.85,-30.688533023423265,4.911776674141361,-33.0,-34.423569197421024,-20.79,-14.80213475489104,-0.5,1.423569197421024,16.73686644227702,18.160435639698044
42,21.0,-0.28757834,-0.34395567,-0.23707563,-392.77,-79.19999999999999,-16.40948221679208,2.6186332542315416,-392.77,-79.19999999999999,-30.964692943086657,4.941360950734918,-33.0,-29.596447855156303,-20.79,-12.726472577717212,-0.5,-3.4035521448436974,16.59051778320792,13.18696563836422
42,21.0,-0.29141787,-0.34653839,-0.23678181,-465.79,-98.55,-16.536264675939364,2.6362483758114976,-465.79,-98.55,-31.20393144349758,4.974600685156297,-34.0,-35.0987332190678,-21.42,-15.092455284199152,-0.5,1.0987332190678032,17.463735324060636,18.56246854312844
42,22.0,-0.31767267,-0.04208978,-0.23067413,16.480000000000018,-46.46000000000001,14.303450227181626,2.313705883762723,270.67999999999995,-18.899999999999977,26.99061057869173,4.3659630026602585,32.0,1.24181953981459,20.16,8.770531347446331,0.5,30.75818046018541,-17.696549772818372,13.061630687367035
42,22.0,-0.3192586,-0.04409679,-0.22974299,270.67999999999995,-18.899999999999977,14.32071567119152,2.329540307815601,270.67999999999995,-18.899999999999977,27.0231904715384,4.395842560848038,32.0,20.39658452894496,20.16,8.770531347446331,0.5,11.60341547105504,-17.679284328808478,-6.07586885775344
42,22.0,-0.32013157,-0.04341273,-0.22802222,350.1,-141.03,14.461573341893454,2.342654891077001,350.1,-141.03,27.288988896152947,4.420589779462301,32.0,26.38112990831842,20.16,11.34388586057692,0.5,5.618870091681579,-17.538426658106545,-11.919556566424967
42,23.0,-0.32709485,-0.29279619,-0.24689773,-220.56,-5.069999999999993,-12.925151213157571,1.8649950381166016,,,-24.38976033922834,3.519245636926028,-16.0,-16.619885782858358,-10.08,,-0.5,0.6198857828583577,3.074848786842429,3.6947345697007865
42,23.0,-0.3249234,-0.29528406,-0.24360391,-176.26999999999998,-48.18000000000001,-13.052331077381698,1.8743779867411876,,,-24.629748743019263,3.5369512609806204,-16.0,-13.282495769606646,-10.08,,-0.5,-2.717504230393354,2.947668922618302,0.23016469222494784
42,23.0,-0.32492134,-0.30050325,-0.24270205,-188.61,-57.75999999999999,-13.110960521975988,1.8838541354741047,,,-24.74038250496869,3.554832753639637,-16.0,-14.212353361919272,-10.08,,-0.5,-1.7876466380807283,2.889039478024012,1.1013928399432835
42,24.0,-0.36990556,-0.15857159,-0.22982314,92.01999999999998,-145.74,3.7056787712653296,1.2725747070554214,,,6.992615841377677,2.4013484722135807,1.0,6.933994784814226,0.63,,0.5,-5.933994784814226,2.7056787712653296,-3.2283160135488966
42,24.0,-0.37082443,-0.16463739,-0.22229367,76.42999999999995,-236.15,3.691042653804096,1.2776887355505522,,,6.964997487728329,2.410998643983892,5.0,5.759239528399816,3.15,,0.5,-0.7592395283998163,-1.3089573461959039,-2.06819687459572
42,24.0,-0.36936778,-0.16921884,-0.21806577,10.690000000000056,-241.56,3.644866417310928,1.2819010158759767,,,6.877862929465721,2.418947216957968,5.0,0.8055249320763362,3.15,,0.5,4.194475067923664,-1.355133582689072,2.8393414852345917
42,25.0,-0.34152329,-0.019072,-0.21003154,429.09,-199.15,18.153546878255742,3.1639984348237835,429.09,-199.15,34.25574295926859,5.97046504651248,29.0,32.33327344290303,18.27,13.903307580448304,0.5,-3.333273442903028,-10.846453121744258,-14.179726564647286
42,25.0,-0.3439976,-0.0193625,-0.20936708,436.94000000000005,-202.11,18.11704806456882,3.1846716267862147,436.94000000000005,-202.11,34.18686969784137,6.009475359745586,30.0,32.92479549311811,18.9,14.157662062040789,0.5,-2.9247954931181113,-11.88295193543118,-14.807747428549291
42,25.0,-0.34517065,-0.02027751,-0.21011613,435.75,-220.6,18.146695349973403,3.205596392864348,435.75,-220.6,34.24281412539981,6.048960393335026,30.0,32.83512527149315,18.9,14.119103866742051,0.5,-2.8351252714931476,-11.853304650026597,-14.688429921519745
42,26.0,-0.35033622,-0.06671989,-0.20847046,-130.96000000000004,-115.07,14.529773776760551,2.5120569181338075,,,27.417683116747163,4.740251404518494,20.0,-9.86824556639069,12.6,,0.5,29.86824556639069,-5.4702262232394485,24.39801934315124
42,26.0,-0.3506642,-0.06712744,-0.21003108,-116.89999999999998,-145.13,14.603357659148124,2.524241760850953,,,27.556535902812517,4.763244202725746,18.0,-8.80878059492266,11.34,,0.5,26.80878059492266,-3.3966423408518764,23.412138254070783
42,26.0,-0.35085443,-0.06595668,-0.21027376,-113.46000000000004,-177.86,14.570138862564685,2.537914710897268,,,27.49385203365956,4.789045059463145,18.0,-8.54956583661185,11.34,,0.5,26.549565836611848,-3.4298611374353154,23.119704699176534
42,27.0,-0.3586472,-0.06707787,-0.22557579,238.76,-90.32,14.13189921750376,2.463867423902608,330.87,-140.59,26.666893823429596,4.64931782890422,22.0,17.99131270182835,13.86,10.720798385287305,0.5,4.008687298171651,-7.86810078249624,-3.8594134843245893
42,27.0,-0.35417685,-0.06955814,-0.22226982,330.87,-140.59,14.182953532731084,2.4769485039689565,330.87,-140.59,26.763233316263555,4.67400182698942,22.0,24.93208926811001,13.86,10.720798385287305,0.5,-2.9320892681100084,-7.817046467268916,-10.749135735378925
42,27.0,-0.35614449,-0.06950735,-0.22163413,284.11,-75.91,14.343990526684232,2.490165361037091,284.11,-75.91,27.067110123853148,4.698942036276991,22.0,21.40857703014095,13.86,9.20568812296061,0.5,0.5914229698590496,-7.656009473315768,-7.064586503456718
42,28.0,-0.32504597,-0.30873486,-0.24448262,-756.5899999999999,-226.73,-17.49884496511511,2.1431204484901256,-756.5899999999999,-226.73,-33.02032044917222,4.044068286300867,-21.0,-52.61871210890948,-13.23,-22.626046206831077,-0.5,31.618712108909477,3.5011550348848886,35.119867143794366
42,28.0,-0.31972471,-0.32803562,-0.23933727,-758.25,-229.14,-17.5364179112404,2.1558891227405343,-758.25,-229.14,-33.09122059851063,4.068162774611388,-26.0,-52.68125520466471,-16.38,-22.652939738005824,-0.5,26.68125520466471,8.463582088759601,35.14483729342431
42,28.0,-0.31683898,-0.33374643,-0.23754609,-709.85,-231.21,-17.70669995886424,2.168795464300729,-709.85,-231.21,-33.41254282237682,4.0925170411354745,-33.0,-50.85770952119911,-20.79,-21.86881509411561,-0.5,17.857709521199112,15.293300041135758,33.15100956233487
42,28.0,-0.38531277,-0.10402539,-0.22103648,188.9,-190.65,-22.61516681946723,2.8269360251707187,-709.85,-231.21,-42.674819788334666,5.334428279497146,13.0,14.23420576886989,8.19,-21.86881509411561,-0.5,-1.2342057688698898,-35.615166819467234,-36.84937258833712
42,28.0,-0.38334942,-0.10604288,-0.21435027,196.21000000000004,-227.15,-22.93286920653616,2.856732672675909,-709.85,-231.21,-43.27432419273373,5.390654553339441,13.0,14.785037130280369,8.19,-21.86881509411561,-0.5,-1.7850371302803687,-35.93286920653616,-37.717906336816526
42,28.0,-0.38176468,-0.10701786,-0.21221343,247.77,-366.38,-23.17081894972865,2.884299187976165,-709.85,-231.21,-43.723335358137966,5.442672567711021,15.0,18.67024437984591,9.45,-21.86881509411561,-0.5,-3.6702443798459115,-38.17081894972865,-41.84106332957456
42,29.0,-0.38175601,-0.0914162,-0.21067393,-1.2899999999999636,-365.96,13.302004853664908,2.370267963815678,,,25.10088315886568,4.472695647720185,18.0,-0.0972055343665518,11.34,,0.5,18.09720553436655,-4.697995146335092,13.39921038803146
42,29.0,-0.37960115,-0.09126939,-0.21082997,32.46000000000004,-366.71,13.433965618643414,2.3824303732822703,,,25.349893122380124,4.495646114383645,18.0,2.445962515921213,11.34,,0.5,15.554037484078787,-4.566034381356586,10.988003102722201
42,29.0,-0.3775622,-0.08769608,-0.20960543,114.46000000000004,-366.96,13.500779664698234,2.394713711313156,,,25.47597122728557,4.518824773247923,18.0,8.624918964027783,11.34,,0.5,9.375081035972217,-4.499220335301766,4.875860700670451
42,30.0,-0.35089803,-0.05890495,-0.22171403,215.87,-220.61,15.409652557068233,2.703803896610842,,,29.078014375187752,5.10207795290466,32.0,16.266479615277625,20.16,,0.5,15.733520384722375,-16.590347442931765,-0.856827058209392
42,30.0,-0.35313779,-0.05913731,-0.22204703,177.17999999999995,-172.68,15.51422509859216,2.720951702097476,,,29.275342761043404,5.134435861857936,32.0,13.351067115555145,20.16,,0.5,18.648932884444854,-16.48577490140784,2.1631579830370153
42,30.0,-0.35215414,-0.06004592,-0.22272025,191.83000000000004,-182.82,15.583326308771245,2.735134614986128,,,29.40573674465134,5.1611990184788255,32.0,14.45499043219858,20.16,,0.5,17.545009567801422,-16.416673691228755,1.128335876572665
42,31.0,-0.36315823,-0.10081194,-0.22426967,170.49,-198.24,13.343460750936469,3.798609454674401,373.38,-291.06,25.179110437017115,7.1679760409705935,18.0,12.846954693142552,11.34,12.098200807261382,0.5,5.153045306857448,-4.656539249063531,0.4965060577939173
42,31.0,-0.362982,-0.10031224,-0.22411941,194.5,-209.03,13.408788520557884,3.8172909005056512,373.38,-291.06,25.302383938292724,7.203227929254165,18.0,14.65618328239912,11.34,12.098200807261382,0.5,3.3438167176008804,-4.591211479442116,-1.2473947618412353
42,31.0,-0.36175773,-0.09943988,-0.22466166,373.38,-291.06,13.496681553458645,3.8361576317496944,373.38,-291.06,25.46823809137646,7.238829451111673,18.0,28.13535071456135,11.34,12.098200807261382,0.5,-10.135350714561351,-4.503318446541355,-14.638669161102706
42,32.0,-0.37472951,-0.10057011,-0.22100334,182.76,-139.11,11.569669298942314,2.04206965333233,,,21.831965967104143,3.8533854358381054,25.0,13.771537566536056,15.75,,0.5,11.228462433463944,-13.430330701057686,-2.201868267593742
42,32.0,-0.38694361,-0.09868091,-0.22798792,196.15,-140.19,11.553681859223571,2.051232238201128,,,21.80179766835488,3.870675233485528,20.0,14.78051594263541,12.6,,0.5,5.219484057364591,-8.446318140776429,-3.2268340834118376
42,32.0,-0.3918691,-0.0932874,-0.23211694,210.32000000000005,-149.92000000000002,11.62197935281415,2.0604740138636464,,,21.930675038760302,3.888114464160701,20.0,15.848269758119196,12.6,,0.5,4.151730241880804,-8.37802064718585,-4.226290405305045
42,33.0,-0.38842386,-0.07935559,-0.23419821,150.47000000000003,-336.67,12.87250858819702,2.233708437960898,,,24.290423705927772,4.215007822432215,25.0,11.338385082275558,15.75,,0.5,13.661614917724442,-12.12749141180298,1.5341235059214622
42,33.0,-0.39250857,-0.0756842,-0.22981261,186.39,-273.8,13.020343846425035,2.2445841074599606,,,24.569388838204045,4.235530210776945,25.0,14.045069419055896,15.75,,0.5,10.954930580944104,-11.979656153574965,-1.0247255726308602
42,33.0,-0.39160976,-0.07481787,-0.22898999,197.07000000000005,-260.66,13.059890272244896,2.255554357987563,,,24.64401294372612,4.256231073522532,25.0,14.849840819858072,15.75,,0.5,10.150159180141928,-11.940109727755104,-1.7899505476131754
42,34.0,-0.35020882,-0.07628608,-0.23534156,232.37,-294.75,15.007459802876983,2.588359727262037,364.35,-331.78,28.31907664802887,4.884234805343464,23.0,17.509806217640534,14.49,11.805612148818057,0.5,5.490193782359466,-7.9925401971230166,-2.502346414763551
42,34.0,-0.34884799,-0.07853486,-0.23577,235.11,-296.87,15.154255243800383,2.602726371553421,364.35,-331.78,28.59607964505133,4.911344663121305,23.0,17.716273786760194,14.49,11.805612148818057,0.5,5.283726213239806,-7.8457447561996165,-2.5620185429598106
42,34.0,-0.35291359,-0.07439747,-0.2336631,364.35,-331.78,15.23618141092004,2.6172421334819003,364.35,-331.78,28.75067432240612,4.938735905880344,23.0,27.454911973995475,14.49,11.805612148818057,0.5,-4.4549119739954754,-7.7638185890799605,-12.218730563075436
42,35.0,-0.33302471,-0.04436391,-0.22131945,214.99,-234.5,19.52505150267357,3.293866630303885,,,36.84377218554503,6.215526331383432,45.0,16.200168863151607,28.35,,0.5,28.799831136848393,-25.47494849732643,3.324882639521963
42,35.0,-0.33420351,-0.0434088,-0.22159655,243.79999999999995,-357.59000000000003,19.65637897054256,3.3161628266997347,,,37.091587117413816,6.257599253982399,45.0,18.37109246400465,28.35,,0.5,26.62890753599535,-25.34362102945744,1.2852865065379078
42,35.0,-0.33351478,-0.03889924,-0.22203897,151.64,-248.16,19.78941379566973,3.338726138995936,,,37.34262383242879,6.30017622428533,45.0,11.426548241352195,28.35,,0.5,33.573451758647806,-25.21058620433027,8.362865554317535
42,36.0,-0.34771952,-0.07243006,-0.22189595,245.51,-129.25,15.167534969266068,3.5321044086939564,270.64,-145.28,28.62113848700507,6.665081019205495,22.0,18.4999463118859,13.86,8.769235273654777,0.5,3.5000536881141002,-6.832465030733932,-3.3324113426198316
42,36.0,-0.34826556,-0.06989556,-0.21971968,270.64,-145.28,15.20379272390571,3.5506677967396083,270.64,-145.28,28.68955687001008,6.700110132447643,23.0,20.39357040384832,14.49,8.769235273654777,0.5,2.6064295961516812,-7.7962072760942895,-5.189777679942608
42,36.0,-0.34605604,-0.06778329,-0.21876338,283.55999999999995,-162.45,15.351620859099848,3.5693898103230284,283.55999999999995,-162.45,28.96850856112141,6.735438572079556,25.0,21.36713281006218,15.75,9.187867108326737,0.5,3.6328671899378193,-9.648379140900152,-6.015511950962333
42,37.0,-0.35229886,-0.04243508,-0.21547544,367.77,-211.3,16.17023295971441,3.089768860331878,367.77,-211.3,30.51322959498109,5.830393839446252,32.0,27.712619669757963,20.16,11.916426457995923,0.5,4.287380330242037,-15.829767040285589,-11.542386710043552
42,37.0,-0.35177365,-0.04251672,-0.21220176,375.49,-210.29,16.209305812079435,3.1099529723316506,375.49,-210.29,30.586960067393896,5.868481258789824,35.0,28.29434581340897,22.05,12.16656869976586,0.5,6.70565418659103,-18.790694187920565,-12.085040001329535
42,37.0,-0.35265353,-0.04123731,-0.21154055,318.62,-119.5,16.33959350433924,3.128322603120454,318.62,-119.5,30.832812942688147,5.903144752088295,37.0,24.00901345726482,23.31,10.323875786623873,0.5,12.990986542735179,-20.66040649566076,-7.66941995292558
42,38.0,-0.36444747,-0.04366197,-0.21990855,349.48,-218.89,16.30829394948968,3.154325887628521,349.48,-218.89,30.773750682687027,5.952212949955021,23.0,26.33441096932054,14.49,11.323796716807832,0.5,-3.3344109693205404,-6.691706050510319,-10.02611701983086
42,38.0,-0.36421132,-0.04076739,-0.21901397,272.51,131.01,16.331596354369854,3.174420156780364,272.51,131.01,30.817722320695918,5.990130835844546,25.0,20.534480752116117,15.75,8.829826723409928,0.5,4.465519247883883,-8.668403645630146,-4.2028843977462635
42,38.0,-0.36350128,-0.03898371,-0.21916084,274.0,123.29000000000002,16.44718863448005,3.1910343172636413,274.0,123.29000000000002,31.03584495326385,6.021481756676492,26.0,20.646756911965856,16.38,8.878105472145318,0.5,5.353243088034144,-9.55281136551995,-4.199568277485806
42,39.0,-0.36608914,-0.07448005,-0.22935331,267.71000000000004,118.97000000000004,13.965513170183211,2.4638551079037825,267.71000000000004,118.97000000000004,26.35292335213572,4.649294588614438,20.0,20.17278574051964,12.6,8.674297868423443,0.5,-0.17278574051963957,-6.034486829816789,-6.207272570336428
42,39.0,-0.36782062,-0.07307006,-0.22704722,225.42999999999995,165.43,14.044715102964371,2.4783577999501167,267.71000000000004,118.97000000000004,26.50237739929377,4.67666116850587,20.0,16.98685551337395,12.6,8.674297868423443,0.5,3.01314448662605,-5.955284897035629,-2.9421404104095785
42,39.0,-0.36984527,-0.07253258,-0.22639917,354.28,-257.78,14.1102526167664,2.49034982339483,354.28,-257.78,26.6260466878382,4.699290116746044,20.0,26.696105980917014,12.6,11.479325571794318,0.5,-6.6961059809170145,-5.889747383233599,-12.585853364150614
42,40.0,-0.3541725,-0.0582847,-0.2659933,311.63,-261.48,16.33151896512167,2.9758523194500075,311.63,-261.48,30.817576287184597,5.6154333268021634,26.0,23.48229509662745,16.38,10.0973868915498,0.5,2.5177049033725503,-9.66848103487833,-7.150776131505779
42,40.0,-0.34883979,-0.05801206,-0.24966009,321.04,-252.76,16.42201331305119,2.9927806832625814,321.04,-252.76,30.98833912172759,5.64737714931649,29.0,24.19136802561138,18.27,10.402288251012893,0.5,4.808631974388621,-12.577986686948812,-7.76935471256019
42,40.0,-0.34793857,-0.05831867,-0.24445054,307.24,-99.1,16.533828719310396,3.0137017461165136,307.24,-99.1,31.19933479333872,5.686855194921863,32.0,23.1514948672715,20.16,9.955142792926743,0.5,8.848505132728501,-15.466171280689604,-6.617666147961103
42,41.0,-0.35652676,-0.06525681,-0.2484232,235.83000000000004,-21.319999999999997,14.5036812268644,3.514407499947813,250.48,-59.46000000000001,27.368446475093123,6.631686952401525,22.0,17.770528038499666,13.86,8.11601408271153,0.5,4.229471961500334,-7.4963187731356005,-3.2668468116352667
42,41.0,-0.35336477,-0.06574675,-0.24069458,250.48,-59.46000000000001,14.64412720404756,3.5349547824083274,250.48,-59.46000000000001,27.633468034037744,6.670459674404514,22.0,18.87445135514309,13.86,8.11601408271153,0.5,3.1255486448569094,-7.35587279595244,-4.23032415109553
42,41.0,-0.35465723,-0.06699898,-0.23842221,248.17,-75.37,14.74230153236487,3.5519321965898083,250.48,-59.46000000000001,27.81872299157251,6.7024960549649695,23.0,18.700385630812285,14.49,8.11601408271153,0.5,4.299614369187715,-8.25769846763513,-3.958084098447415
42,42.0,-0.33435196,-0.27370119,-0.25830016,-389.2,-85.00999999999999,-15.432640384379845,1.9511200110187144,-389.2,-85.00999999999999,-29.12139240532476,3.681763460792313,-18.0,-29.32743719028143,-11.34,-12.610797991821014,-0.5,11.32743719028143,2.5673596156201555,13.894796805901585
42,42.0,-0.3272813,-0.28856057,-0.24960415,-399.42,-105.25,-15.515308454080769,1.9587560210460837,-399.42,-105.25,-29.277387052850408,3.6961726117139566,-21.0,-30.097546152472272,-13.23,-12.941944845563077,-0.5,9.097546152472272,5.484691545919231,14.582237698391504
42,42.0,-0.32699218,-0.29828051,-0.24572878,-409.6,-130.92,-15.685633648696555,1.967195864262595,-409.6,-130.92,-29.598790695090404,3.7120985958635178,-24.0,-30.86464098956648,-15.12,-13.271795625513583,-0.5,6.864640989566482,8.314366351303445,15.179007340869926
42,42.0,-0.32741222,-0.30354419,-0.24376155,-204.20000000000005,-66.03,-15.966199623372429,1.989685587229614,-409.6,-130.92,-30.12821868930377,3.75453670310228,-26.0,-15.387108618333682,-16.38,-13.271795625513583,-0.5,-10.612891381666318,10.033800376627571,-0.5790910050387463
42,42.0,-0.32753268,-0.30490083,-0.24303803,0.0,0.0,-16.063091973665433,1.9983046916476652,-409.6,-130.92,-30.311054554306672,3.7708009531391458,-26.0,0.0,-16.38,-13.271795625513583,-0.5,-26.0,9.936908026334567,-16.063091973665433
42,42.0,-0.31857803,-0.29038355,-0.24454384,-167.59000000000003,-73.65,-16.298320037533347,2.0045920372616663,-409.6,-130.92,-30.754929910825428,3.782665174312767,-26.0,-12.628430623636344,-16.38,-13.271795625513583,-0.5,-13.371569376363656,9.701679962466653,-3.6698894138970033
42,43.0,-0.32901546,-0.33557788,-0.23146883,-155.70999999999998,-87.65,-19.385521535238475,2.3649882810096283,,,-36.580479136995,4.462732886265169,-26.0,-11.733235469935048,-16.38,,-0.5,-14.266764530064952,6.614478464761525,-7.652286065303427
42,43.0,-0.32617909,-0.33391783,-0.23112816,-167.41000000000005,-93.15,-19.55707785090597,2.380244197375692,,,-36.90420590465956,4.491520800447933,-26.0,-12.614867060701474,-16.38,,-0.5,-13.385132939298526,6.442922149094031,-6.942210790204495
42,43.0,-0.32459712,-0.33178195,-0.23134883,0.0,0.0,-19.703020006170497,2.3956624078895032,,,-37.17959875164373,4.520614963687493,-26.0,0.0,-16.38,,-0.5,-26.0,6.296979993829503,-19.703020006170497
42,43.0,-0.40261793,-0.09125301,-0.23205552,148.77999999999997,-270.99,-32.26443666377419,4.68159035280064,,,-60.882991984541896,8.834160995734809,15.0,11.211038296942624,9.45,,-0.5,3.7889617030573763,-47.26443666377419,-43.47547496071682
42,43.0,-0.40311629,-0.09217812,-0.22578041,159.05999999999997,-270.24,-32.66210659816662,4.741947865827122,,,-61.63339515074042,8.94805562281578,18.0,11.985668446778424,11.34,,-0.5,6.0143315532215755,-50.66210659816662,-44.64777504494505
42,43.0,-0.40514559,-0.092284,-0.2253764,203.32000000000005,-344.9,-33.01175693993995,4.803410932117881,,,-62.293185345666686,9.06403642890644,15.0,15.32079786620766,9.45,,-0.5,-0.32079786620765915,-48.01175693993995,-48.33255480614761
42,44.0,-0.34448665,-0.32399836,-0.24513401,-491.54,-118.01,-17.006423417075208,2.19021625998965,-491.54,-118.01,-32.09112098802092,4.132938082600472,-26.0,-37.03907625002809,-16.38,-15.926802787512075,-0.5,11.039076250028089,8.993576582924792,20.03265283295288
42,44.0,-0.34429982,-0.32520416,-0.24433669,-191.71000000000004,-168.73,-17.181778146941124,2.202241783066732,-491.54,-118.01,-32.4220153632779,4.155630244646925,-26.0,-14.445948056908666,-16.38,-15.926802787512075,-0.5,-11.554051943091334,8.818221853058876,-2.735830090032458
42,44.0,-0.34015217,-0.31907165,-0.24504854,-405.0,-146.03,-17.286205402296808,2.215753761089207,-405.0,-146.03,-32.619069594134075,4.181127347175334,-26.0,-30.518016603453184,-16.38,-13.122747139484868,-0.5,4.518016603453184,8.713794597703192,13.231811201156376
42,45.0,-0.37433031,-0.29605645,-0.24019028,-224.51,-354.36,-14.084314374595436,1.7887609755854976,-305.24,-319.04,-26.57710122486159,3.375391960929834,-18.0,-16.91753063615129,-11.34,-9.890339103349042,-0.5,-1.082469363848709,3.9156856254045636,2.8332162615558545
42,45.0,-0.36811665,-0.29888034,-0.23842078,-305.24,-319.04,-14.164682525329988,1.7960213069270772,-305.24,-319.04,-26.728755925297687,3.389092206171396,-18.0,-23.00078861243963,-11.34,-9.890339103349042,-0.5,5.0007886124396315,3.8353174746700116,8.836106087109643
42,45.0,-0.36523414,-0.2992565,-0.23554264,-265.79,-311.83,-14.255171806210251,1.8026627240013229,-265.79,-311.83,-26.899509198318743,3.401624560190495,-16.0,-20.02810773588104,-10.08,-8.612086326428846,-0.5,4.02810773588104,1.7448281937897487,5.772935929670789
42,46.0,-0.38329646,-0.27553582,-0.23979129,-334.79,-306.03,-11.22252801265092,2.332097686659095,-334.79,-306.03,-21.176910359872288,4.400668334725712,-13.0,-25.22747352758047,-8.19,-10.847813616859602,-0.5,12.227473527580472,1.7774719873490792,14.00494551492955
42,46.0,-0.377738,-0.2768887,-0.23817961,-337.87,-303.54,-11.229812614709283,2.34039297142478,-337.87,-303.54,-21.19065640395642,4.416321537078559,-13.0,-25.459561160021547,-8.19,-10.947611298809266,-0.5,12.459561160021547,1.7701873852907166,14.229748545312264
42,46.0,-0.380247,-0.27739152,-0.23731214,-346.82,-278.02,-11.252475214759311,2.349572020390002,-346.82,-278.02,-21.23342073025082,4.433642402475934,-13.0,-26.133971650394155,-8.19,-11.237607809669486,-0.5,13.133971650394155,1.7475247852406888,14.881496435634844
42,47.0,-0.36993322,-0.2884542,-0.23720704,-212.47000000000003,-59.63999999999999,-12.306814862679335,1.608034638254943,,,-23.222959645875907,3.034361362387079,-16.0,-16.010278982063454,-10.08,,-0.5,0.010278982063454123,3.693185137320665,3.703464119384119
42,47.0,-0.37289894,-0.29322469,-0.23851237,-68.30999999999995,46.44999999999999,-12.353727227727486,1.612986030431486,,,-23.311483278721767,3.043704639424215,-16.0,-5.147372133782433,-10.08,,-0.5,-10.852627866217567,3.646272772272514,-7.206355093945053
42,47.0,-0.37054399,-0.29229328,-0.24007857,-49.71000000000004,-31.210000000000008,-12.494272195652313,1.6190737017628454,,,-23.576691633195917,3.055192075226488,-16.0,-3.745803963846071,-10.08,,-0.5,-12.254196036153928,3.5057278043476874,-8.748468231806243
42,48.0,-0.32808816,-0.06363384,-0.26539698,500.01,-251.55,-5.460485001573256,1.3420773021332997,500.01,-251.55,-10.303935197968734,2.532499869125536,37.0,37.67731723924105,23.31,16.20124641287365,-0.5,-0.6773172392410487,-42.460485001573254,-43.1378022408143
42,48.0,-0.29893222,-0.04569095,-0.2401135,562.28,-261.91,-5.533204226290712,1.3461732521862504,562.28,-261.91,-10.441156375010571,2.540228926875455,-45.0,42.369556483431246,-28.35,18.21890928787544,-0.5,-87.36955648343124,39.466795773709286,-47.90276070972196
42,48.0,-0.2863245,-0.0296209,-0.22228892,521.21,-163.19,-5.551175921136586,1.3502920198126245,521.21,-163.19,-10.475068963184738,2.548001041386422,-31.0,39.27480354045885,-19.53,16.888165522397305,-0.5,-70.27480354045885,25.448824078863414,-44.82597946159544
42,48.0,-0.39458269,-0.24748451,-0.21701509,-19.159999999999968,-381.9,-5.770082431535665,1.428493339246946,521.21,-163.19,-10.8881455483078,2.695566931158988,-10.0,-1.4437659212892888,-6.3,16.888165522397305,-0.5,-8.55623407871071,4.229917568464335,-4.326316510246377
42,48.0,-0.39513591,-0.25101686,-0.21682553,-93.07000000000004,-319.49,-5.790343151278736,1.433128088906995,521.21,-163.19,-10.926377526462977,2.7043127037675,-11.0,-7.013115568600961,-6.93,16.888165522397305,-0.5,-3.986884431399039,5.209656848721264,1.2227724173222247
42,48.0,-0.39987046,-0.25437093,-0.21605395,-98.17999999999996,-296.43,-5.810745090890217,1.437792506430692,521.21,-163.19,-10.96487598650984,2.713114459634715,-11.0,-7.398170049696375,-6.93,16.888165522397305,-0.5,-3.6018299503036246,5.189254909109783,1.5874249588061584
42,49.0,-0.36126572,-0.08785006,-0.21125533,122.64999999999998,-311.06,11.946258366147449,4.937500910121585,,,22.542589536920232,9.317064217399432,18.0,9.242061077564278,11.34,,0.5,8.757938922435722,-6.053741633852551,2.7041972885831704
42,49.0,-0.35622081,-0.08539931,-0.20195979,32.379999999999995,-323.98,11.94559896849203,4.976683697508317,,,22.54134525354446,9.391002137198193,20.0,2.439934265727936,12.6,,0.5,17.560065734272065,-8.05440103150797,9.505664702764093
42,49.0,-0.35541767,-0.08641663,-0.19880915,45.71000000000004,-363.07,12.042798982271016,5.016462297534082,,,22.72476167954541,9.466064355446813,20.0,3.444391454182336,12.6,,0.5,16.555608545817663,-7.957201017728984,8.59840752808868
42,50.0,-0.3733491,-0.06524784,-0.26974264,193.41,-184.72,13.124267271275915,4.789883402106167,251.96000000000004,-349.38,24.76549234089765,9.03850997977434,13.0,14.574048373515753,8.19,8.163968812999032,0.5,-1.5740483735157529,0.12426727127591519,-1.4497811022398377
42,50.0,-0.36892313,-0.06926628,-0.23825005,251.96000000000004,-349.38,13.290075900477875,4.839799349101352,251.96000000000004,-349.38,25.07837322420175,9.132701371754251,15.0,18.98597398371868,9.45,8.163968812999032,0.5,-3.9859739837186794,-1.7099240995221248,-5.695898083240804
42,50.0,-0.36718631,-0.07327224,-0.22116295,252.6,-365.97,13.48389737270237,4.881369643022413,252.6,-365.97,25.44411434228937,9.211144516383296,18.0,19.03419998526488,11.34,8.184705993663897,0.5,-1.0341999852648804,-4.516102627297631,-5.550302612562511
42,51.0,-0.34991825,-0.30783316,-0.23173498,-338.99,-285.73,-14.60193271192095,4.412314662367159,-338.99,-285.73,-27.553847027394838,8.326037767886827,-18.0,-25.5439566627274,-11.34,-10.98390136497278,-0.5,7.5439566627274,3.3980672880790497,10.94202395080645
42,51.0,-0.35117409,-0.31308767,-0.22755024,-423.66,-264.91,-14.72702038793278,4.446136070698846,-423.66,-264.91,-27.78988747202916,8.389858765408723,-18.0,-31.924105961034503,-11.34,-13.727365563244838,-0.5,13.924105961034503,3.2729796120672194,17.197085573101724
42,51.0,-0.35329762,-0.31458583,-0.22767998,-307.29999999999995,-220.59,-14.973468665733913,4.4880589631074095,-307.29999999999995,-220.59,-28.254935372239892,8.468967263383682,-21.0,-23.15601605491645,-13.23,-9.957086903614073,-0.5,2.1560160549164493,6.026531334266087,8.182547389182536
42,51.0,-0.42621619,-0.1671226,-0.23057468,16.220000000000027,-350.08000000000004,-25.824414007493385,6.804185574450566,-307.29999999999995,-220.59,-48.730669232140016,12.83949817898822,1.0,1.222227726686448,0.63,-9.957086903614073,-0.5,-0.22222772668644808,-26.824414007493385,-27.046641734179833
42,51.0,-0.42802614,-0.16595943,-0.22375081,16.460000000000036,-360.99,-26.140143995704705,6.867798896834625,-307.29999999999995,-220.59,-49.32645171989478,12.95953651832694,4.0,1.2403124772662728,2.52,-9.957086903614073,-0.5,2.759687522733727,-30.140143995704705,-27.380456472970977
42,51.0,-0.42814222,-0.16410388,-0.22195554,54.49000000000001,-419.31,-26.61504112664322,6.946055940864598,-307.29999999999995,-220.59,-50.22258260597576,13.107207560411496,4.0,4.105991912894232,2.52,-9.957086903614073,-0.5,-0.10599191289423171,-30.61504112664322,-30.721033039537453
42,52.0,-0.34729177,-0.28423303,-0.22912763,-279.42,-260.19,-12.2841616139362,4.521784928389425,-279.42,-260.19,-23.18021296549761,8.532608159870845,-16.0,-21.05517086256021,-10.08,-9.053723470900891,-0.5,5.05517086256021,3.7158383860637993,8.77100924862401
42,52.0,-0.34625882,-0.29090801,-0.22785845,-289.34000000000003,-259.41,-12.429232962312636,4.554266900933116,-289.34000000000003,-259.41,-23.453962599883944,8.59390164206079,-18.0,-21.80267388652629,-11.34,-9.375149771206305,-0.5,3.8026738865262892,5.570767037687364,9.373440924213654
42,52.0,-0.34421185,-0.29256397,-0.22656974,-263.29999999999995,-236.58,-12.512307596693676,4.583861106169024,-263.29999999999995,-236.58,-23.610724434960968,8.64974590734095,-18.0,-19.840478448615364,-11.34,-8.531405732904606,-0.5,1.8404784486153645,5.487692403306324,7.328170851921689
42,53.0,-0.34480706,-0.33175662,-0.23005444,-232.44,-204.52,-15.1785536730206,4.416915328851795,,,-28.641930780989878,8.334719225543338,-26.0,-17.51508093655965,-16.38,,-0.5,-8.484919063440351,10.8214463269794,2.3365272635390486
42,53.0,-0.34044239,-0.33254519,-0.227698,208.42,-199.47,-15.28752466086438,4.454347429499953,,,-28.847559035051088,8.40535359946641,-26.0,15.705098816028917,-16.38,,-0.5,-41.705098816028915,10.71247533913562,-30.992623476893296
42,53.0,-0.34009513,-0.33147219,-0.22536506,120.12,-140.31,-15.424934558944791,4.492316834116759,,,-29.106851512728824,8.477001865978323,-24.0,9.051417665201969,-15.12,,-0.5,-33.05141766520197,8.575065441055209,-24.47635222414676
42,54.0,-0.40651518,-0.12888327,-0.22030583,113.23000000000002,-210.7,8.143345855670171,4.124464303035438,,,15.366493629649613,7.782864139827872,6.0,8.532234617306182,3.78,,0.5,-2.532234617306182,2.143345855670171,-0.3888887616360108
42,54.0,-0.40982637,-0.12981275,-0.21503831,101.98000000000002,-221.95,8.241798390739648,4.14545303039124,,,15.552273563325716,7.82246986834827,7.0,7.684511933876927,4.41,,0.5,-0.6845119338769274,1.241798390739648,0.5572864568627205
42,54.0,-0.4072699,-0.13047773,-0.21347114,128.48000000000002,-284.7,8.289169295473139,4.169016486874403,,,15.641662460557813,7.866934110732,7.0,9.681369810399174,4.41,,0.5,-2.6813698103991737,1.2891692954731386,-1.392200514926035
42,55.0,-0.39411974,-0.25445056,-0.21633959,-127.42999999999996,-319.61,-7.529197907733822,2.955627579425172,,,-14.207596451893725,5.5772692423753,-9.0,-9.602249026612435,-5.67,,-0.5,0.6022490266124354,1.4708020922661778,2.073051118878613
42,55.0,-0.39546162,-0.25662619,-0.21542941,-126.44000000000004,-323.85,-7.474456235149033,2.9714414126273163,,,-14.104298915726226,5.607109945627747,-10.0,-9.527649430470673,-6.3,,-0.5,-0.4723505695293273,2.5255437648509673,2.05319319532164
42,55.0,-0.39686963,-0.25574636,-0.21751486,-129.02999999999997,-329.33,-7.472332527254986,2.985975319536553,,,-14.100291478930158,5.634535427965476,-10.0,-9.722814030477934,-6.3,,-0.5,-0.27718596952206553,2.527667472745014,2.2504815032229484
42,56.0,-0.39620602,-0.09435343,-0.21261512,175.04999999999995,-353.8,10.550502169512203,3.7638429213795415,,,19.90879759386953,7.102371592643194,18.0,13.190564954159203,11.34,,0.5,4.809435045840797,-7.449497830487797,-2.640062784647
42,56.0,-0.39495,-0.09344221,-0.20918317,167.26,-382.43,10.688604428072894,3.7923655936920726,,,20.169396555773552,7.15619387529694,18.0,12.603564091589083,11.34,,0.5,5.396435908410917,-7.311395571927106,-1.9149596635161892
42,56.0,-0.39124152,-0.09166987,-0.20767437,129.32000000000005,-316.03,10.772189131559175,3.821293833720496,,,20.327120891252164,7.210781464230576,18.0,9.74466643742856,11.34,,0.5,8.25533356257144,-7.227810868440825,1.0275226941306155
42,57.0,-0.42163953,-0.12976405,-0.22191951,154.85000000000002,-337.25,8.069777429283526,2.9572428838339224,297.12,-393.66,15.227670009058016,5.5803173217946105,6.0,11.668431780357349,3.78,9.627236123663565,0.5,-5.6684317803573485,2.0697774292835263,-3.5986543510738223
42,57.0,-0.42241928,-0.12930627,-0.22117189,161.24,-333.91,8.256773345608584,2.9750876517904032,297.12,-393.66,15.5805313031634,5.613990398928491,7.0,12.149938264545163,4.41,9.627236123663565,0.5,-5.149938264545163,1.2567733456085843,-3.893164918936579
42,57.0,-0.42177871,-0.12939021,-0.22175877,297.12,-393.66,8.32269725306016,2.9931286624914337,297.12,-393.66,15.70492971652452,5.648033786121335,7.0,22.388921217822244,4.41,9.627236123663565,0.5,-15.388921217822244,1.3226972530601593,-14.066223964762084
42,58.0,-0.42686504,-0.1094166,-0.22575428,-583.75,-184.0,10.822060481912592,5.680476090544026,-583.75,-184.0,20.421228129369062,10.719058382856575,7.0,-43.98738812905135,4.41,-18.91457689549208,0.5,50.98738812905135,3.822060481912592,54.80944861096394
42,58.0,-0.43047628,-0.11123846,-0.22048758,79.05999999999995,-320.08000000000004,10.907979787938729,5.724299549983667,-583.75,-184.0,20.58335785984038,10.80175325081918,9.0,5.957418253503721,5.67,-18.91457689549208,0.5,3.042581746496279,1.9079797879387286,4.950561534435008
42,58.0,-0.42510724,-0.11551386,-0.21621425,75.30999999999995,-325.08000000000004,10.954671325582789,5.768802461844629,-583.75,-184.0,20.67146479137472,10.885730245500817,9.0,5.674844025693969,5.67,-18.91457689549208,0.5,3.325155974306031,1.9546713255827886,5.27982729988882
42,59.0,-0.43834898,-0.14152339,-0.22155613,226.12,-349.46000000000004,7.812600990243028,2.8302601485749808,,,14.742378068588591,5.340700900360989,7.0,17.038849171290945,4.41,,0.5,-10.038849171290945,0.8126009902430278,-9.226248181047918
42,59.0,-0.43945834,-0.1405746,-0.21868773,172.23000000000002,-382.27,7.914141756179908,2.846599582399342,,,14.933985493911486,5.371533411987558,7.0,12.978069134846276,4.41,,0.5,-5.978069134846276,0.9141417561799079,-5.063927378666368
42,59.0,-0.43614027,-0.14030463,-0.21578023,107.73000000000002,-358.27,7.945249319588916,2.863139210844728,,,14.992685466064284,5.4027436908640025,7.0,8.117792416518547,4.41,,0.5,-1.1177924165185473,0.9452493195889158,-0.17254309692963155
42,60.0,-0.39920932,-0.06324104,-0.21305403,182.95000000000005,0.3700000000000045,13.33648171891348,4.8021381157881216,,,25.165941003589737,9.061634624492184,22.0,13.78585466074509,13.86,,0.5,8.21414533925491,-8.66351828108652,-0.4493729418316086
42,60.0,-0.39414319,-0.06498621,-0.20453244,-657.94,5254.65,13.412073832946366,4.847623590566189,,,25.308583322769792,9.1474657153984,23.0,-48.90191909911855,14.49,,0.5,71.90191909911854,-9.587926167053634,62.31399293206492
42,60.0,-0.39252755,-0.06425127,-0.19965309,188.45000000000005,2.6200000000000045,13.489868764918274,4.893972910153081,,,25.455382359400783,9.234926881458865,23.0,14.200296861532724,14.49,,0.5,8.799703138467276,-9.510131235081726,-0.71042809661445
42,61.0,-0.38939711,-0.12105867,-0.231068,215.53,-102.54,9.485148800865163,4.429939365966255,,,17.898475787232567,8.359295583578323,9.0,16.240859551956206,5.67,,0.5,-7.240859551956206,0.4851488008651632,-6.755710751091042
42,61.0,-0.38923079,-0.12190568,-0.21932395,178.76,-78.46,9.592886826950936,4.461998535596098,,,18.101777442456417,8.419791236669836,9.0,13.470125056872323,5.67,,0.5,-4.470125056872323,0.5928868269509362,-3.877238229921387
42,61.0,-0.38814342,-0.12227402,-0.21431744,178.16999999999996,-95.98,9.645045252284811,4.497784237531956,,,18.200200391061443,8.487318856222803,11.0,13.425666711696918,6.93,,0.5,-2.425666711696918,-1.3549547477151886,-3.7806214594121066
42,62.0,-0.38413057,-0.06731459,-0.22966023,237.03,-299.84000000000003,12.233810753173826,4.527353334528314,332.67,-128.11,23.08520089123901,8.543115742254928,22.0,17.86095179139878,13.86,10.779121705907237,0.5,4.139048208601221,-9.766189246826174,-5.627141038224954
42,62.0,-0.38621417,-0.06932492,-0.21936825,332.67,-128.11,12.285423104907151,4.564080026977628,332.67,-128.11,23.1825933989598,8.612419010906782,22.0,25.06772489745869,13.86,10.779121705907237,0.5,-3.067724897458689,-9.714576895092849,-12.782301792551538
42,62.0,-0.38884589,-0.06834315,-0.21578124,202.6,-225.25,12.466077054463968,4.613964121401523,332.67,-128.11,23.523487401773508,8.706550297084675,22.0,15.266543614468189,13.86,10.779121705907237,0.5,6.733456385531811,-9.533922945536032,-2.800466560004221
42,63.0,-0.36258221,-0.31126764,-0.24728879,-102.31,-267.22,-15.244079862808116,4.246684128740885,,,-28.765578701118915,8.013492950934051,-21.0,-7.709378465924185,-13.23,,-0.5,-13.290621534075814,5.755920137191884,-7.534701396883931
42,63.0,-0.3497549,-0.31890398,-0.23815189,-105.97000000000004,-192.2,-15.370544285439184,4.284694026297232,,,-29.00421706662374,8.085217627622878,-21.0,-7.985170912266505,-13.23,,-0.5,-13.014829087733496,5.629455714560816,-7.385373373172679
42,63.0,-0.34994668,-0.32401934,-0.23505583,-217.07,-184.33,-15.58132214591302,4.316227183122729,,,-29.401954889337865,8.14472069455259,-21.0,-16.356903368176745,-13.23,,-0.5,-4.643096631823255,5.4186778540869796,0.7755812222637246
42,64.0,-0.34975275,-0.30780318,-0.24246606,-295.33,-142.12,-13.749357905868854,4.254169526131947,-295.33,-142.12,-25.94503836837453,8.027617895810984,-24.0,-22.254039119747723,-15.12,-9.56923682149152,-0.5,-1.7459608802522766,10.250642094131146,8.50468121387887
42,64.0,-0.34948307,-0.30709741,-0.24205281,-308.11,-175.95999999999998,-13.81441055220751,4.285929786017001,-308.11,-175.95999999999998,-26.06779271201557,8.087549506214081,-24.0,-23.21705208812336,-15.12,-9.983332397893044,-0.5,-0.78294791187664,10.18558944779249,9.40264153591585
42,64.0,-0.34893155,-0.30748671,-0.24183241,-332.77,-179.45,-13.97257067108633,4.325368877031964,-332.77,-179.45,-26.366240856339907,8.161971070959314,-24.0,-25.075260210200284,-15.12,-10.782361890386122,-0.5,1.075260210200284,10.02742932891367,11.102689539113953
42,65.0,-0.37716937,-0.27778709,-0.22327434,-162.51999999999998,-259.39,-9.908621366948823,3.8156198619792576,,,-18.697568519432437,7.200074679554859,-12.0,-12.246390267637556,-7.56,,-0.5,0.24639026763755645,2.0913786330511765,2.337768900688733
42,65.0,-0.37751535,-0.27789605,-0.2219291,-180.48,-273.16,-9.990178912580404,3.841545832124748,,,-18.851467608039226,7.248996985219399,-12.0,-13.59973243602773,-7.56,,-0.5,1.5997324360277307,2.0098210874195956,3.6095535234473264
42,65.0,-0.37553626,-0.27921671,-0.22085676,-182.57000000000005,-250.54,-9.994144252858488,3.860630217798862,,,-18.85895020514397,7.285009220986453,-14.0,-13.757220472327033,-8.82,,-0.5,-0.24277952767296718,4.005855747141512,3.7630762194685445
42,66.0,-0.41378346,-0.10273575,-0.23229589,112.14,-323.92,9.510530893001183,3.4943215036313795,,,17.946371795093235,6.593784677352413,11.0,8.450099708422814,6.93,,0.5,2.5499002915771865,-1.4894691069988166,1.0604311845783698
42,66.0,-0.41258135,-0.10051306,-0.22529645,137.35000000000002,-319.79,9.70851544734134,3.523601885469425,,,18.319968649133106,6.649036757880806,11.0,10.349752050578504,6.93,,0.5,0.6502479494214963,-1.2914845526586607,-0.6412366032371644
42,66.0,-0.41219845,-0.09647534,-0.22262183,137.13,-237.13,9.820244477105438,3.550638010967264,,,18.53080132829796,6.700053926695228,11.0,10.333174362546998,6.93,,0.5,0.6668256374530017,-1.1797555228945615,-0.5129298854415598
42,67.0,-0.34052977,-0.30967152,-0.24005924,-192.37,-274.42,-14.601062510642338,4.686679835294216,-277.48,-308.44,-27.55220495758209,8.843764849200184,-18.0,-14.495681121003182,-11.34,-8.990863892010521,-0.5,-3.504318878996818,3.398937489357662,-0.105381389639156
42,67.0,-0.34171149,-0.31628978,-0.23684753,-277.48,-308.44,-14.731059571998678,4.733477207380582,-277.48,-308.44,-27.797509412361507,8.932071490327157,-18.0,-20.908985795373308,-11.34,-8.990863892010521,-0.5,2.908985795373308,3.268940428001322,6.17792622337463
42,67.0,-0.3445183,-0.32413268,-0.23378319,-292.35,-317.2,-14.84649518690237,4.77677186149092,-292.35,-317.2,-28.01533641768477,9.013768502633363,-18.0,-22.029486800048247,-11.34,-9.472679324020746,-0.5,4.029486800048247,3.15350481309763,7.182991613145877
42,68.0,-0.361314,-0.29371187,-0.22935554,-270.01,-143.11,-12.420306523407271,4.010674196081081,-270.01,-143.11,-23.437118409669523,7.568142208005001,-15.0,-20.34609793357628,-9.45,-8.7488221114378,-0.5,5.3460979335762815,2.5796934765927286,7.92579141016901
42,68.0,-0.3586151,-0.29887366,-0.23143229,-239.4,-226.62,-12.550212702951164,4.0424797332905165,-270.01,-143.11,-23.682251370468848,7.628159256719205,-15.0,-18.039538703374543,-9.45,-8.7488221114378,-0.5,3.039538703374543,2.449787297048836,5.489326000423379
42,68.0,-0.35902503,-0.30286476,-0.23253103,-245.93,-244.43,-12.71277574750137,4.074735244047723,-270.01,-143.11,-23.989007835535084,7.689025405518054,-15.0,-18.531594625400597,-9.45,-8.7488221114378,-0.5,3.531594625400597,2.28722425249863,5.818818877899227
42,69.0,-0.36565459,-0.10282882,-0.19984242,168.42999999999995,-171.70999999999998,12.392141654395727,4.74193540451399,,,23.38397130184474,8.9480321083179,23.0,12.691727250665725,14.49,,0.5,10.308272749334275,-10.607858345604273,-0.29958559626999737
42,69.0,-0.37302271,-0.1010766,-0.20106596,313.28,-638.4,12.571519615403115,4.786697860966331,,,23.72245751426568,9.032498863643465,23.0,23.60662775686373,14.49,,0.5,-0.6066277568637304,-10.428480384596885,-11.035108141460615
42,69.0,-0.37730128,-0.09762048,-0.20187379,192.48,-229.89,12.643291528390396,4.836889055419162,,,23.85789111407268,9.127209647575956,23.0,14.503969965018936,14.49,,0.5,8.496030034981064,-10.356708471609604,-1.8606784366285396
42,70.0,-0.39726612,-0.09983396,-0.21627872,84.04999999999995,-225.27,10.622390990003913,4.005972777269494,,,20.044451798137384,7.559270630707536,18.0,6.333430359309231,11.34,,0.5,11.666569640690769,-7.377609009996087,4.288960630694682
42,70.0,-0.3983036,-0.09473009,-0.21458563,130.34000000000003,-287.82,10.730737996225177,4.035040484052506,,,20.24890259887691,7.614121393407079,20.0,9.82152662739281,12.6,,0.5,10.17847337260719,-9.269262003774823,0.9092113688323664
42,70.0,-0.39586696,-0.09472337,-0.21509141,135.54999999999995,-230.43,10.819503343287836,4.067813373518392,,,20.416402808784145,7.675963835829205,22.0,10.21411642122982,13.86,,0.5,11.78588357877018,-11.180496656712164,0.6053869220580168
42,71.0,-0.36711714,-0.26020047,-0.23669505,-218.9,-140.70999999999998,-10.734570715665155,3.4552558274541405,,,-20.25613494046015,6.520067746405964,-13.0,-16.494799591347903,-8.19,,-0.5,3.4947995913479026,2.2654292843348447,5.760228875682747
42,71.0,-0.36256078,-0.26279175,-0.23504938,-162.49,-139.97,-10.759245116614869,3.4791708122348397,,,-20.30269553505226,6.565195322687142,-16.0,-12.24412967381508,-10.08,,-0.5,-3.7558703261849207,5.240754883385131,1.4848845572002105
42,71.0,-0.36209434,-0.26486409,-0.23534098,-103.84000000000005,-186.03,-10.854746934209924,3.5058703455152616,,,-20.48290746485413,6.615577341987298,-15.0,-7.824668750870566,-9.45,,-0.5,-7.175331249129434,4.145253065790076,-3.0300781833393584
42,72.0,-0.34704399,-0.30033672,-0.22581109,-306.2,-244.52,-12.893998382726698,4.218665768476798,-306.2,-244.52,-24.33097494820528,7.96062230511572,-16.0,-23.073127614758924,-10.08,-9.921444874346337,-0.5,7.073127614758924,3.106001617273302,10.179129232032226
42,72.0,-0.34686896,-0.30500311,-0.22427393,-265.72,-293.27,-13.051010320299463,4.257198037017512,-265.72,-293.27,-24.62725647440509,8.033332695852044,-18.0,-20.02283301696193,-11.34,-8.60981819729363,-0.5,2.022833016961929,4.948989679700537,6.971822696662466
42,72.0,-0.3471511,-0.30571222,-0.22368295,-47.89999999999998,-171.39,-13.272674639624382,4.289228951627496,-265.72,-293.27,-25.04553704497121,8.093775031721085,-18.0,-3.6094148032232254,-11.34,-8.60981819729363,-0.5,-14.390585196776774,4.727325360375618,-9.663259836401156
42,73.0,-0.41055569,-0.13610587,-0.2274958,60.75,-227.99,6.299423171317453,2.1787728001452957,,,11.887011524276032,4.111344273874172,7.0,4.577702490517978,4.41,,0.5,2.4222975094820223,-0.7005768286825473,1.721720680799475
42,73.0,-0.41427237,-0.13754189,-0.22262104,72.5,-214.74,6.287949120881838,2.1885234850268844,,,11.865359991104029,4.12974381624573,9.0,5.463101737655199,5.67,,0.5,3.536898262344801,-2.712050879118162,0.824847383226639
42,73.0,-0.41465792,-0.13660148,-0.22007751,74.5,-214.24,6.317244296835444,2.1983605929978274,,,11.920639988128483,4.1483064389869,9.0,5.613807992487067,5.67,,0.5,3.386192007512933,-2.682755703164556,0.7034363043483767
42,74.0,-0.41759536,-0.13178051,-0.22626373,-18.100000000000023,-359.61,7.176511980630394,2.4828647969951616,,,13.542078107449552,4.685165871929871,6.0,-1.3638916062284032,3.78,,0.5,7.363891606228403,1.1765119806303943,8.540403586858798
42,74.0,-0.41939536,-0.13119236,-0.22717762,26.470000000000027,-375.28,7.173149950098292,2.494909044745796,,,13.535733955835475,4.707893367435317,6.0,1.994597282699769,3.78,,0.5,4.005402717300231,1.173149950098292,5.178552667398523
42,74.0,-0.42156583,-0.1322332,-0.22694094,65.88999999999999,-361.04,7.25131265505807,2.5070596737973325,,,13.68322698009458,4.730821604455567,6.0,4.965017565435876,3.78,,0.5,1.0349824345641236,1.2513126550580704,2.286295089622194
42,75.0,-0.39664441,-0.28506374,-0.24181382,-256.48,16.77000000000001,-9.101723278489304,3.0450332282839256,-256.48,16.77000000000001,-17.174951826509318,5.745977701771769,-12.0,-19.3265701196387,-7.56,-8.31042515144464,-0.5,7.326570119638699,2.8982767215106957,10.224846841149395
42,75.0,-0.39342526,-0.28106248,-0.24364188,-194.14,-79.46000000000001,-9.10233033094746,3.0638564797001275,-256.48,16.77000000000001,-17.176097334497857,5.78149717719414,-12.0,-14.629056156529382,-7.56,-8.31042515144464,-0.5,2.6290561565293817,2.89766966905254,5.526725825581922
42,75.0,-0.39191881,-0.27829573,-0.24626645,-217.77,-105.26,-9.11881866030132,3.0828910148999342,-256.48,16.77000000000001,-17.207210811988592,5.817415345116176,-12.0,-16.409650557367897,-7.56,-8.31042515144464,-0.5,4.409650557367897,2.8811813396986796,7.290831897066576
42,76.0,-0.40218958,-0.2612665,-0.22825295,-116.16999999999996,-233.96,-6.144028243963777,1.9481191224002163,,,-11.593781296359646,3.676100783969208,-9.0,-8.753772811909023,-5.67,,-0.5,-0.24622718809097677,2.855971756036223,2.6097445679452465
42,76.0,-0.40621254,-0.2640695,-0.22755116,-37.809999999999945,-217.05,-6.184331674042865,1.955915658046154,,,-11.669833868918888,3.6908128467330927,-9.0,-2.8491017475964524,-5.67,,-0.5,-6.150898252403548,2.8156683259571347,-3.335229926446413
42,76.0,-0.40255019,-0.2627956,-0.2257425,-44.65999999999997,-231.69,-6.152845900359137,1.963780086715288,,,-11.61042021397769,3.705653023631749,-9.0,-3.3652706703956,-5.67,,-0.5,-5.6347293296044,2.8471540996408633,-2.7875752299635366
42,77.0,-0.40663815,-0.25206128,-0.2336819,-96.48000000000002,-253.07,-6.194218513216373,2.142675743656421,,,-11.688490334439296,4.043229128279666,-8.0,-7.270069733089292,-5.04,,-0.5,-0.7299302669107082,1.8057814867836273,1.075851219872919
42,77.0,-0.40018675,-0.25388962,-0.23153894,-115.58000000000004,-240.9,-6.262475491895994,2.152101631525164,,,-11.817291253207742,4.061015778687985,-9.0,-8.70931446673363,-5.67,,-0.5,-0.2906855332663696,2.7375245081040056,2.446838974837636
42,77.0,-0.39667827,-0.25506514,-0.22999837,-127.88,-244.13,-6.137225570148115,2.16160838824937,,,-11.580944650869494,4.078955028626563,-9.0,-9.636157933949612,-5.67,,-0.5,0.6361579339496117,2.8627744298518847,3.4989323638014964
42,78.0,-0.40882897,-0.11500456,-0.22481324,96.96000000000004,-265.45,8.050894523710786,2.6939584532348717,,,15.192037966242252,5.083499601254202,7.0,7.306239234248943,4.41,,0.5,-0.3062392342489426,1.0508945237107863,0.7446552894618437
42,78.0,-0.41228309,-0.11347602,-0.22014323,98.46000000000004,-260.95,8.05635421960357,2.708753563855094,,,15.202340412391935,5.111417974994562,7.0,7.419268925372843,4.41,,0.5,-0.419268925372843,1.0563542196035698,0.6370852942307268
42,78.0,-0.41011128,-0.11356998,-0.21808647,156.21000000000004,-359.95,8.103000449298312,2.7236964108004944,,,15.290361847825915,5.139615127180533,9.0,11.770912033643018,5.67,,0.5,-2.770912033643018,-0.8969995507016879,-3.667911584344706
42,79.0,-0.37843493,-0.27231067,-0.23356383,-30.090000000000032,-240.03,-8.27668405560729,2.837088765216573,,,-15.618102812930958,5.353586499963672,-12.0,-2.26737560394545,-7.56,,-0.5,-9.73262439605455,3.7233159443927093,-6.009308451661841
42,79.0,-0.37175944,-0.27111831,-0.23453666,-51.35000000000002,-240.2,-8.241418271692178,2.8534898524979475,,,-15.55155627868314,5.384535351663627,-12.0,-3.8693830928082016,-7.56,,-0.5,-8.130616907191799,3.7585817283078224,-4.372035178883976
42,79.0,-0.37397292,-0.27417237,-0.23325402,-154.22000000000003,-226.27,-8.250589069495891,2.8684007467437413,,,-15.568861574138747,5.412672209105439,-14.0,-11.62095931008531,-8.82,,-0.5,-2.3790406899146905,5.749410930504109,3.370370240589418
42,80.0,-0.3607693,-0.29257995,-0.23136629,-141.96000000000004,-170.6,-11.316401052546505,5.258322266821672,,,-21.354048786155253,9.922454117492496,-16.0,-10.697129967965962,-10.08,,-0.5,-5.302870032034038,4.683598947453495,-0.6192710845805429
42,80.0,-0.36064506,-0.29886159,-0.2316955,-161.60000000000002,-154.98,-11.3980510993336,5.296128909406875,,,-21.508122424442504,9.993795252050774,-16.0,-12.1770653904149,-10.08,,-0.5,-3.8229346095851007,4.6019489006664,0.7790142910812996
42,80.0,-0.35893923,-0.30146006,-0.23375611,-180.45000000000005,-204.41,-11.481048285375632,5.334449068874863,,,-21.664738114503816,10.066105392966868,-18.0,-13.597471842205255,-11.34,,-0.5,-4.402528157794745,6.518951714624368,2.1164235568296235
42,81.0,-0.35768685,-0.32381839,-0.23526545,-216.56,-169.51,-13.339554010266616,4.264245238704143,-317.66,-155.22,-25.171738417373103,8.046630765434719,-18.0,-16.318473273194623,-11.34,-10.292770015626576,-0.5,-1.6815267268053766,4.660445989733384,2.9789192629280077
42,81.0,-0.35446057,-0.33095104,-0.22964987,-244.74,-168.67000000000002,-13.384477229424991,4.296534581873462,-317.66,-155.22,-25.25650853192496,8.107560755995223,-18.0,-18.44192440377564,-11.34,-10.292770015626576,-0.5,0.4419244037756407,4.615522770575009,5.057447174350649
42,81.0,-0.34430042,-0.33091497,-0.22935627,-317.66,-155.22,-13.547223346354087,4.332945673881902,-317.66,-155.22,-25.563610454570163,8.17626848661515,-18.0,-23.936674454945525,-11.34,-10.292770015626576,-0.5,5.936674454945525,4.452776653645913,10.389451108591437
42,82.0,-0.38701752,-0.11304741,-0.20262468,-145.44000000000003,-84.33000000000001,8.293873801840657,2.772301662121968,,,15.650539864073322,5.231333236424154,11.0,-10.959358851373414,6.93,,0.5,21.959358851373416,-2.7061261981593425,19.25323265321407
42,82.0,-0.39539784,-0.10935017,-0.20620158,-39.97000000000003,-71.97999999999999,8.421506592626589,2.787919247994993,,,15.891382940286372,5.260803620966551,11.0,-3.011864502814875,6.93,,0.5,14.011864502814875,-2.5784934073734114,11.433371095441464
42,82.0,-0.3946065,-0.10720146,-0.20959872,-29.769999999999985,-149.45999999999998,8.47193753481833,2.8037110345528373,,,15.986546128202187,5.290602722201204,11.0,-2.2432626031723477,6.93,,0.5,13.243262603172347,-2.5280624651816694,10.715200137990678
42,83.0,-0.37462819,-0.08682907,-0.20382683,265.4,-134.24,10.430307833188625,3.3049077057545104,265.4,-134.24,19.68199088122693,6.236360840758761,22.0,19.99872001618882,13.86,8.599449606961192,0.5,2.0012799838111803,-11.569692166811375,-9.568412183000195
42,83.0,-0.38692668,-0.08462607,-0.20754759,318.49,-197.4,10.50483284159569,3.326804941002077,318.49,-197.4,19.822619572091067,6.27768092367092,20.0,23.999217550700752,12.6,10.319663546801324,0.5,-3.9992175507007524,-9.49516715840431,-13.494384709105063
42,83.0,-0.39042255,-0.0826164,-0.21015725,328.04,-193.3,10.733639214055303,3.3489413258194185,328.04,-193.3,20.254377196922363,6.319452281821244,18.0,24.718839917522917,11.34,10.629101164534852,0.5,-6.718839917522917,-7.266360785944697,-13.985200703467614
42,84.0,-0.34522775,-0.05208841,-0.20070103,196.72000000000003,-31.230000000000004,12.759489312137449,4.2513189218979965,,,24.07715633200337,8.02223880562152,38.0,14.823467225262496,23.94,,0.5,23.176532774737503,-25.240510687862553,-2.063977913125047
42,84.0,-0.35713923,-0.0460751,-0.20597239,50.34000000000003,-35.31,12.879655214273935,4.286920292407708,,,24.303909389334915,8.089418591773345,32.0,3.793276434118109,20.16,,0.5,28.20672356588189,-19.120344785726065,9.086378780155826
42,84.0,-0.36408842,-0.04621897,-0.20877433,54.24000000000001,-43.95,13.002241628029964,4.32310603346774,,,24.535229952092543,8.157701085153626,27.0,4.087153631040248,17.01,,0.5,22.91284636895975,-13.997758371970036,8.915087996989715
42,85.0,-0.37342378,-0.12141231,-0.22544385,-132.91000000000005,-104.78,6.922126737672268,2.5017099380011967,,,13.06205315398757,4.720726653008259,11.0,-10.01518416485176,6.93,,0.5,21.01518416485176,-4.077873262327732,16.93731090252403
42,85.0,-0.37910387,-0.12224002,-0.21948548,-153.68,-91.43,7.04840754519102,2.517080289667137,,,13.300345037775456,4.749730506601888,9.0,-11.580268621280704,5.67,,0.5,20.580268621280702,-1.9515924548089796,18.628676166471724
42,85.0,-0.37492514,-0.12303366,-0.21496971,-184.96,-91.98,7.135838271945155,2.5287200386914197,,,13.465326819160508,4.771694713010709,11.0,-13.937314446851111,6.93,,0.5,24.93731444685111,-3.864161728054845,21.073152718796266
42,86.0,-0.36467355,-0.11649821,-0.21794422,54.25999999999999,-73.91999999999999,7.725759615528424,2.8403175089614265,,,14.578508394502135,5.359679139410211,13.0,4.088660693588567,8.19,,0.5,8.911339306411433,-5.274240384471576,3.637098921939857
42,86.0,-0.37404186,-0.1180643,-0.21281286,77.11000000000001,-120.94,7.682128455148747,2.856763322318276,,,14.496176394865683,5.3907123892145865,13.0,5.810479655042655,8.19,,0.5,7.189520344957345,-5.317871544851253,1.871648800106092
42,86.0,-0.37457892,-0.12077738,-0.20917317,95.76,-145.81,7.733452138839393,2.8767567313038778,,,14.593024185989934,5.428439951970418,13.0,7.215815481349819,8.19,,0.5,5.784184518650181,-5.266547861160607,0.5176366574895743
42,87.0,-0.37984541,-0.09510292,-0.2059373,166.10000000000002,-197.89,9.031102394482293,3.531844134404807,-972.25,-251.25,17.041690218388087,6.66458988162187,20.0,12.516154463786602,12.6,-26.119937130412936,0.5,7.483845536213398,-10.968897605517707,-3.4850520693043094
42,87.0,-0.38217884,-0.09045009,-0.20284913,169.16999999999996,-191.37,9.073894964356644,3.5545750589881133,-972.25,-251.25,17.12243979774099,6.70748313631057,20.0,12.747488564953514,12.6,-26.119937130412936,0.5,7.252511435046486,-10.926105035643356,-3.6735936005968703
42,87.0,-0.38470668,-0.08907899,-0.20355882,55.610000000000014,-662.11,9.129643711107148,3.5801653839368264,-972.25,-251.25,17.22763768285919,6.755772079488792,18.0,4.190387415600079,11.34,-26.119937130412936,0.5,13.809612584399922,-8.870356288892852,4.939256295507069
42,87.0,-0.30727443,-0.2984716,-0.27613831,-972.25,-251.25,10.24540039344678,4.048171846029806,-972.25,-251.25,19.333070542434072,7.638900273458244,-35.0,-60.74403983816962,-22.05,-26.119937130412936,0.5,25.74403983816962,45.24540039344678,70.9894402316164
42,87.0,-0.28067347,-0.35309777,-0.26446065,-477.56,-55.78,10.256238336651416,4.077869544156798,-477.56,-55.78,19.353521741261225,7.694939829823877,-42.0,-35.98563952875333,-26.46,-15.473824997363932,0.5,-6.014360471246668,52.256238336651414,46.241877865404746
42,87.0,-0.26114705,-0.36892027,-0.25171468,-1022.0,-231.0,10.382005422036432,4.118107196884509,-1022.0,-231.0,19.590844231382743,7.77086828052107,-45.0,-62.618448882640976,-28.35,-26.92593301953562,0.5,17.618448882640976,55.38200542203643,73.0004543046774
42,88.0,-0.33965382,-0.14981088,-0.20559482,-3.090000000000032,-232.11,12.501335318916889,4.625436791611663,,,23.59001974679617,8.72819922577121,13.0,-0.2328411637152377,8.19,,0.5,13.232841163715237,-0.49866468108311146,12.734176482632126
42,88.0,-0.35543138,-0.11570646,-0.20244813,-18.019999999999985,-279.36,12.55108637395349,4.671979461462229,,,23.68389998765024,8.816025243779222,20.0,-1.3578633560351254,12.6,,0.5,21.357863356035125,-7.44891362604651,13.908949729988615
42,88.0,-0.3679544,-0.09959301,-0.20125504,-33.75999999999999,-363.97,12.71904159193532,4.710676698651991,,,24.000831483981948,8.889046930356308,20.0,-2.543921581561924,12.6,,0.5,22.543921581561925,-7.280958408064681,15.262963173497244
42,89.0,-0.40094629,-0.11866181,-0.21742922,81.82000000000005,-586.54,7.050838500985426,3.2591298362285026,-935.88,-72.78,13.3049322513595,6.149978000963184,9.0,6.1653928851717055,5.67,-25.530709582927678,0.5,2.8346071148282945,-1.9491614990145738,0.8854456158137207
42,89.0,-0.40250626,-0.11767498,-0.21710908,125.36,-301.72,7.14133626557431,3.27418693369713,-935.88,-72.78,13.475701533138723,6.178390743886483,11.0,9.44626805286146,6.93,-25.530709582927678,0.5,1.5537319471385391,-3.85866373442569,-2.304931787287151
42,89.0,-0.40417263,-0.11686693,-0.21525322,65.33000000000004,-572.79,7.201472003317093,3.2893581122233195,-935.88,-72.78,13.589177670259357,6.207018757765405,11.0,4.922819814082957,6.93,-25.530709582927678,0.5,6.077180185917043,-3.798527996682907,2.278652189234136
42,89.0,-0.31797656,-0.2666772,-0.22596928,-935.88,-72.78,7.824245848419667,3.7993190611056913,-935.88,-72.78,14.764351915967913,7.16931506830644,-42.0,-59.37374321611087,-26.46,-25.530709582927678,0.5,17.373743216110867,49.824245848419665,67.19798906453053
42,89.0,-0.30849808,-0.27840358,-0.21980806,-870.3199999999999,-77.4,7.824169530337284,3.824334286674581,-870.3199999999999,-77.4,14.764207903746454,7.216518798954933,-42.0,-56.90366769941655,-26.46,-24.46857711074912,0.5,14.903667699416552,49.82416953033729,64.72783722975383
42,89.0,-0.30496511,-0.28242218,-0.21741395,-247.79,-67.41,7.870306057041271,3.8450342266487536,-870.3199999999999,-77.4,14.85126752963688,7.255579585686198,-42.0,-18.67175144239423,-26.46,-24.46857711074912,0.5,-23.32824855760577,49.87030605704127,26.5420574994355
42,89.0,-0.41894737,-0.22126375,-0.23520121,-90.26,-355.07,8.395905935705603,4.340838232966753,-870.3199999999999,-77.4,15.843074500676472,8.191161745608266,-6.0,-6.801373280562182,-3.78,-24.46857711074912,0.5,0.8013732805621823,14.395905935705603,15.197279216267784
42,89.0,-0.42166212,-0.23113737,-0.23027574,-91.74,-365.99,8.394989005371214,4.373491560389342,-870.3199999999999,-77.4,15.84134425313548,8.252778574454688,-7.0,-6.912895909137766,-4.41,-24.46857711074912,0.5,-0.08710409086223425,15.394989005371214,15.307884914508978
42,89.0,-0.42153296,-0.23897895,-0.22880907,-737.0,-234.25,8.522982693177456,4.4005547087777135,-737.0,-234.25,16.082868342025858,8.303846735463544,-7.0,-51.88062822587041,-4.41,-22.30867013712428,0.5,44.88062822587041,15.522982693177456,60.403610919047864
42,90.0,-0.42423946,-0.14690524,-0.23181956,3.82000000000005,-277.42,6.510183698984664,2.626761650155979,,,12.28471663998406,4.956699233844332,6.0,0.2878489467288708,3.78,,0.5,5.712151053271129,0.5101836989846644,6.222334752255794
42,90.0,-0.42238981,-0.14670755,-0.22951871,78.0,-304.04,6.502171329803457,2.641600312776885,,,12.269597299339123,4.984699790209981,6.0,5.877543938442835,3.78,,0.5,0.12245606155716526,0.5021713298034571,0.6246273913606224
42,90.0,-0.4263857,-0.1449431,-0.22675377,-31.269999999999985,-213.65,6.580924173728856,2.6538565245866623,,,12.41820391582635,5.007827261895031,6.0,-2.356292294296248,3.78,,0.5,8.356292294296248,0.5809241737288557,8.937216468025104
42,91.0,-0.38265687,-0.26499224,-0.22829029,-167.39999999999998,-228.66,-8.178800645770625,2.79635292227803,,,-15.43339681856917,5.276717964338642,-12.0,-12.614113529427314,-7.56,,-0.5,0.6141135294273141,3.8211993542293747,4.435312883656689
42,91.0,-0.38043645,-0.26471305,-0.22743574,-172.27999999999997,-220.98,-8.246231155773266,2.8106786863898314,,,-15.560638190944154,5.303750681217612,-12.0,-12.98183679121707,-7.56,,-0.5,0.98183679121707,3.753768844226734,4.735605635443804
42,91.0,-0.37741688,-0.26310202,-0.22615339,-167.37,-220.13,-8.251860917216218,2.828388706073345,,,-15.571261550787003,5.337169488360404,-12.0,-12.61185293560484,-7.56,,-0.5,0.6118529356048406,3.7481390827837817,4.359992018388622
42,92.0,-0.41135395,-0.23820692,-0.2316778,83.03999999999996,-234.0,-5.321995906543018,1.951760434915491,,,-10.042606275646676,3.6829719406855306,-7.0,6.257323700619138,-4.41,,-0.5,-13.25732370061914,1.6780040934569822,-11.579319607162155
42,92.0,-0.41048378,-0.23977742,-0.23075168,83.03999999999996,-234.0,-5.294724718488248,1.959590153369884,,,-9.991145543787324,3.6977466194089694,-8.0,6.257323700619138,-5.04,,-0.5,-14.25732370061914,2.705275281511752,-11.552048419107386
42,92.0,-0.40785778,-0.24162216,-0.22942135,-197.71000000000004,-248.5,-5.3138876367861565,1.9666936863401716,,,-10.027305970615478,3.711150986123904,-8.0,-14.898066821404267,-5.04,,-0.5,6.898066821404267,2.6861123632138435,9.584179184618112
42,93.0,-0.40690345,-0.25214839,-0.23145105,47.01999999999998,-321.92,-6.108938288317105,2.172519987806664,,,-11.527566550054376,4.099545216991174,-8.0,3.543104051097205,-5.04,,-0.5,-11.543104051097206,1.8910617116828954,-9.65204233941431
42,93.0,-0.40694577,-0.25425506,-0.23088786,28.269999999999985,-316.67,-6.142860832194688,2.181233699102923,,,-11.591578390351376,4.115987990207215,-9.0,2.130232912048447,-5.67,,-0.5,-11.130232912048447,2.857139167805312,-8.273093744243134
42,93.0,-0.41104689,-0.2578316,-0.23006685,4.019999999999982,-303.17,-6.184244853716508,2.190992792767588,,,-11.66967003896305,4.134403399952438,-9.0,0.3029195722120524,-5.67,,-0.5,-9.302919572212053,2.815755146283492,-6.48716442592856
42,94.0,-0.39970511,-0.25949121,-0.22804801,-714.75,-252.5,-7.146435416788092,2.5379677527559825,-714.75,-252.5,-13.48532363147913,4.78914514945054,-9.0,-51.04232468336814,-5.67,-21.948199613848303,-0.5,42.04232468336814,1.8535645832119076,43.89588926658005
42,94.0,-0.39781994,-0.26310164,-0.22822447,-724.75,-258.0,-7.264695494946618,2.551133548948225,-724.75,-258.0,-13.70848039896427,4.813989006865301,-10.0,-51.419090320447815,-6.3,-22.11020883779256,-0.5,41.419090320447815,2.7353045050533824,44.1543948255012
42,94.0,-0.39975545,-0.26713511,-0.22816914,-383.86,-849.34,-7.333375354800583,2.5630925481059097,-724.75,-258.0,-13.8380792945087,4.836555638275851,-11.0,-28.925051489880342,-6.93,-22.11020883779256,-0.5,17.925051489880342,3.666624645199417,21.59167613507976
42,95.0,-0.38607773,-0.06117732,-0.20557567,216.91,-183.7,11.8280582788487,4.196459847372334,,,22.3195459721875,7.918719731991595,23.0,16.344846867790196,14.49,,0.5,6.655153132209804,-11.1719417211513,-4.5167885889414965
42,95.0,-0.38412732,-0.06108071,-0.20145524,173.51,-223.61,11.85591948541938,4.231424999207524,,,22.372120068986373,7.984698973504597,23.0,13.07452113793867,14.49,,0.5,9.92547886206133,-11.14408051458062,-1.2186016525192898
42,95.0,-0.38187838,-0.06158827,-0.2010739,-55.09000000000003,-183.9,12.032539960979538,4.270507743495353,,,22.705402906368388,8.058448111975729,23.0,-4.1512037893437945,14.49,,0.5,27.151203789343796,-10.967460039020462,16.18374375032333
42,96.0,-0.38368207,-0.29772559,-0.2262643,-1001.73,-884.57,-10.361631337302102,4.7716443276488185,,,-19.552398333489062,9.00409284627332,-13.0,-61.85474493628048,-8.19,,-0.5,48.85474493628048,2.638368662697898,51.49311359897838
42,96.0,-0.37553567,-0.29685336,-0.22444834,-76.16999999999996,-185.04,-10.38223518149591,4.807194937449033,,,-19.59127778748278,9.071176846966324,-13.0,-5.739647715271673,-8.19,,-0.5,-7.260352284728327,2.6177648185040905,-4.642587466224237
42,96.0,-0.37602237,-0.29951638,-0.22189741,-55.77999999999997,-247.9,-10.49746485149182,4.843244391484991,,,-19.808716174765063,9.13920216673218,-14.0,-4.203197447260784,-8.82,,-0.5,-9.796802552739216,3.50253514850818,-6.294267404231036
42,98.0,-0.35257834,-0.08567053,-0.25179794,-326.78,-110.14,10.632364078715405,4.130797987139342,-326.78,-110.14,20.063271016535968,7.794815801731938,25.0,-24.62389497697884,15.75,-10.5882748401009,0.5,49.62389497697884,-14.367635921284595,35.256259055694244
42,98.0,-0.35355991,-0.08519219,-0.23071204,-48.059999999999945,-88.05000000000001,10.756117213261364,4.162592630030603,-326.78,-110.14,20.296793181424192,7.854812292867748,27.0,-3.621471303609773,17.01,-10.5882748401009,0.5,30.621471303609773,-16.243882786738638,14.377588516871137
42,98.0,-0.35701859,-0.0857617,-0.22144428,60.40999999999997,-91.77,10.87049166435489,4.198455158014108,-326.78,-110.14,20.51261777063768,7.922484883172622,26.0,4.552082427196558,16.38,-10.5882748401009,0.5,21.44791757280344,-15.12950833564511,6.318409237158333
42,99.0,-0.32504937,-0.1621436,-0.23009269,-10.190000000000056,-89.6,6.792926927766034,1.977963741671119,,,12.818253112694508,3.7324175805334017,18.0,-0.7678483683683693,11.34,,0.5,18.76784836836837,-11.207073072233966,7.560775296134404
42,99.0,-0.3339335,-0.16186257,-0.22664234,26.889999999999983,-81.85,6.738480515669967,1.9868095457766064,,,12.715512733069229,3.749109612880456,18.0,2.026245596214458,11.34,,0.5,15.973754403785541,-11.261519484330034,4.7122349194555095
42,99.0,-0.33220547,-0.16408919,-0.22470534,82.45000000000005,-83.59,6.70556535619379,1.9957383303492864,,,12.653401827137682,3.765958229369104,20.0,6.212865355443744,12.6,,0.5,13.787134644556257,-13.294434643806209,0.4927000007500464
42,99.0,-0.33120894,-0.26682657,-0.23665716,92.51999999999998,-21.89,7.860871434955334,2.380554059163096,,,14.833464397760716,4.492105509640761,-11.0,6.971671348522193,-6.93,,0.5,-17.971671348522193,18.860871434955335,0.8892000864331413
42,99.0,-0.34352964,-0.26908028,-0.23104094,57.22000000000003,-22.64,7.995177217306423,2.3932955564757044,,,15.08689940905722,4.516148715069654,-11.0,4.311705950739733,-6.93,,0.5,-15.311705950739732,18.995177217306424,3.6834712665666896
42,99.0,-0.34494129,-0.26935923,-0.22908038,52.91999999999996,-14.099999999999994,8.021649019139232,2.4061835913169323,,,15.136851699115732,4.540468436815051,-11.0,3.987687502851213,-6.93,,0.5,-14.987687502851212,19.021649019139232,4.03396151628802
42,100.0,-0.35696548,-0.10877103,-0.21691139,292.54999999999995,247.26,9.872165609612292,2.930940027149747,292.54999999999995,247.26,18.628776505338397,5.530683831231572,20.0,22.044557425531423,12.6,9.479159692978511,0.5,-2.0445574255314227,-10.127834390387708,-12.17239181591913
42,100.0,-0.3586992,-0.10738509,-0.21862036,271.5,-28.039999999999992,9.96424419819529,2.9499385385503456,271.5,-28.039999999999992,18.802528801994512,5.566534022244502,18.0,20.458374093426023,11.34,8.79710086017319,0.5,-2.4583740934260234,-8.03575580180471,-10.494129895230733
42,100.0,-0.35827827,-0.10578115,-0.21935609,181.57000000000005,-13.490000000000007,10.014435787635415,2.9672495252030227,271.5,-28.039999999999992,18.897240331268037,5.599199854058104,18.0,13.6818673449111,11.34,8.79710086017319,0.5,4.318132655088901,-7.985564212364585,-3.667431557275684
42,101.0,-0.37171873,-0.27050418,-0.2365109,-173.55999999999997,-153.03,-8.282720665236903,2.52933226208964,,,-15.629493895302035,4.77284997856315,-10.0,-13.078288794309463,-6.3,,-0.5,3.0782887943094632,1.7172793347630968,4.79556812907256
42,101.0,-0.37531081,-0.27297741,-0.23501241,-173.49,-134.32999999999998,-8.394229296248596,2.5437866065765062,,,-15.839910682021102,4.800125326609868,-10.0,-13.073014075390352,-6.3,,-0.5,3.0730140753903523,1.6057707037514035,4.678784779141756
42,101.0,-0.37688929,-0.27634683,-0.2340041,-165.32000000000005,-145.51999999999998,-8.37910640075367,2.5598765901584346,,,-15.811373778222176,4.830487125628967,-11.0,-12.457379024402178,-6.93,,-0.5,1.4573790244021776,2.6208935992463296,4.078272623648507
42,102.0,-0.24113956,-0.34723425,-0.26742914,-125.34000000000005,-145.82,7.627059287385044,2.3073511406720204,314.29,-284.84000000000003,14.39226087529558,4.353971602448103,-45.0,-9.444760990313142,-28.35,10.183575798688144,0.5,-35.55523900968686,52.627059287385045,17.071820277698187
42,102.0,-0.2446225,-0.35009161,-0.24777375,90.38,354.79999999999995,7.671066855418436,2.3193443178924937,314.29,-284.84000000000003,14.47530315617459,4.376602727863136,-45.0,6.810415655852095,-28.35,10.183575798688144,0.5,-51.8104156558521,52.67106685541844,0.8606511995663411
42,102.0,-0.24692601,-0.3323746,-0.25043833,55.25999999999999,325.94000000000005,7.758669222467999,2.33144981922634,314.29,-284.84000000000003,14.640608822797114,4.399445808880104,-42.0,4.164013821004501,-26.46,10.183575798688144,0.5,-46.1640138210045,49.758669222468,3.5946554014634984
42,102.0,-0.34364206,-0.12725781,-0.23608164,154.07000000000005,-309.99,8.491013244505195,2.516132034669592,314.29,-284.84000000000003,16.022541992381303,4.74794114942152,23.0,11.609656340972922,14.49,10.183575798688144,0.5,11.390343659027078,-14.508986755494805,-3.1186430964677267
42,102.0,-0.34543505,-0.12944332,-0.23247582,314.29,-284.84000000000003,8.544634435155952,2.530297249849541,314.29,-284.84000000000003,16.12372517913928,4.774670910466083,23.0,23.682734415553824,14.49,10.183575798688144,0.5,-0.6827344155538242,-14.455365564844048,-15.138099980397872
42,102.0,-0.346086,-0.1310793,-0.23154588,442.96,-165.05,8.522511039904202,2.543195047523537,442.96,-165.05,16.08197833229923,4.7990090546769135,23.0,33.37842132016203,14.49,14.352721167669674,0.5,-10.378421320162033,-14.477488960095798,-24.85591028025783
42,103.0,-0.32917261,-0.15246761,-0.22363277,-44.83000000000004,-161.82999999999998,8.764682113640866,3.447280625681328,-773.79,43.73000000000002,16.538955148440316,6.505018540660666,13.0,-3.3780807020563146,8.19,-22.9047020720152,0.5,16.378080702056316,-4.235317886359134,12.14276281569718
42,103.0,-0.33722278,-0.15103951,-0.22278227,-12.120000000000005,-175.04,8.82412077381579,3.4682219050189933,-773.79,43.73000000000002,16.651115900190398,6.544534734770839,13.0,-0.9132799042811178,8.19,-22.9047020720152,0.5,13.913279904281119,-4.175879226184209,9.73740067809691
42,103.0,-0.33489218,-0.15170804,-0.22166868,3.0299999999999727,-175.35,8.884365593515271,3.4894095245429466,-773.79,43.73000000000002,16.764797874963318,6.584515772812541,18.0,0.2283199760702773,11.34,-22.9047020720152,0.5,17.771680023929722,-9.115634406484729,8.656045617444994
42,103.0,-0.21630415,-0.34892797,-0.29515448,3.0299999999999727,-1626.97,15.357190372159788,6.075459974238497,-773.79,43.73000000000002,28.97901823226552,11.464392971388046,-45.0,0.0,-28.35,-22.9047020720152,0.5,-45.0,60.35719037215979,15.357190372159788
42,103.0,-0.21393724,-0.36641401,-0.27080971,3.0299999999999727,-1377.81,15.641417189152586,6.156476250502454,-773.79,43.73000000000002,29.51535423593093,11.61727068469813,-45.0,0.0,-28.35,-22.9047020720152,0.5,-45.0,60.641417189152584,15.641417189152586
42,103.0,-0.21368326,-0.36741307,-0.25970122,-773.79,43.73000000000002,15.740352812016468,6.224244260269677,-773.79,43.73000000000002,29.70204575627508,11.745148919128878,-45.0,-53.26674900468651,-28.35,-22.9047020720152,0.5,8.26674900468651,60.74035281201647,69.00710181670297
42,104.0,-0.3012017,-0.33192801,-0.27128884,-487.63,-35.870000000000005,-16.387677158015997,5.258177118350714,-487.63,-35.870000000000005,-30.923546797176183,9.922180222327798,-26.0,-36.74444552183179,-16.38,-15.800111574387673,-0.5,10.744445521831793,9.612322841984003,20.356768363815796
42,104.0,-0.29797444,-0.33155146,-0.26287001,-453.02,-67.83000000000001,-16.501090521192662,5.316894766011134,-453.02,-67.83000000000001,-31.137557813490552,10.03298042346301,-26.0,-34.13647378196632,-16.38,-14.678683726245517,-0.5,8.136473781966323,9.498909478807338,17.63538326077366
42,104.0,-0.30082589,-0.33352503,-0.25978288,-442.05,-25.50999999999999,-16.705614576269653,5.376855472997745,-442.05,-25.50999999999999,-31.523494705420838,10.146126277546744,-26.0,-33.30984997421353,-16.38,-14.323235488911816,-0.5,7.3098499742135274,9.294385423730347,16.604235397943874
42,105.0,-0.34114888,-0.11105759,-0.22560509,6.8700000000000045,-54.91,9.940221498924696,2.8621381206996586,-560.93,-126.22,18.7571979684709,5.400854633760255,20.0,0.5176759853474654,12.6,-18.175166797410483,0.5,19.482324014652534,-10.059778501075304,9.422545513577232
42,105.0,-0.34597975,-0.1096305,-0.22622724,8.82000000000005,-79.00999999999999,10.020793804598028,2.8820607853315785,-560.93,-126.22,18.90923790927648,5.438448701920688,20.0,0.6646145838085398,12.6,-18.175166797410483,0.5,19.33538541619146,-9.979206195401972,9.356179220789489
42,105.0,-0.35219669,-0.10761536,-0.22802134,-247.38,-45.110000000000014,10.087654982286038,2.8985673325603174,-560.93,-126.22,19.035404951573756,5.469596556541318,20.0,-18.6408566601537,12.6,-18.175166797410483,0.5,38.6408566601537,-9.912345017713962,28.728511642439734
42,105.0,-0.18575877,-0.38351649,-0.2880407,-560.93,-126.22,12.282484711744832,3.363005619209189,-560.93,-126.22,23.1770486510625,6.34599160344774,-45.0,-42.26782976141973,-28.35,-18.175166797410483,0.5,-2.7321702385802666,57.28248471174483,54.55031447316456
42,105.0,-0.18388376,-0.3857924,-0.28028479,-663.61,-89.38999999999999,12.32634437780952,3.387285274712881,-663.61,-89.38999999999999,23.259811840926567,6.391807313383207,-45.0,-49.11554521534272,-28.35,-21.119684442597368,0.5,4.1155452153427206,57.32634437780952,61.44188959315224
42,105.0,-0.1962751,-0.38231498,-0.28072235,-645.35,-83.50999999999999,12.367353613404598,3.414392525305046,-645.35,-83.50999999999999,23.33719626849448,6.442958695250621,-45.0,-48.42757116203524,-28.35,-20.823855599675152,0.5,3.4275711620352425,57.367353613404596,60.79492477543984
42,106.0,-0.26907253,-0.09836803,-0.2468148,44.19999999999999,-73.62,14.59172906801222,3.8143103570164536,,,27.53459275133906,7.197603643690048,41.0,3.3306082317842725,25.83,,0.5,37.669391768215725,-26.40827093198778,11.26112083622795
42,106.0,-0.28128844,-0.09474334,-0.2466964,-37.54000000000002,24.110000000000014,14.787708315947274,3.854021085343015,,,27.904405592192507,7.272537788042269,32.0,-2.828756403194156,20.16,,0.5,34.828756403194156,-17.212291684052726,17.61646471914143
42,106.0,-0.28274786,-0.09263179,-0.24822107,-30.399999999999977,29.460000000000008,15.030824596117377,3.896775659819549,,,28.36316601287349,7.353215670079491,32.0,-2.290735073444385,20.16,,0.5,34.29073507344439,-16.969175403882623,17.32155966956176
42,107.0,-0.29888898,-0.0836376,-0.26455143,-84.97000000000003,56.1,11.685979690419762,3.5962129431281697,,,22.05144367582209,6.786053823682857,15.0,-6.402755236531895,9.45,,0.5,21.402755236531895,-3.314020309580238,18.08873492695166
42,107.0,-0.29829428,-0.08472259,-0.24089208,-56.06999999999999,48.35,11.704735288917458,3.6190727493883488,,,22.086835490187244,6.829190278095814,18.0,-4.225049854211407,11.34,,0.5,22.225049854211406,-6.295264711082542,15.929785143128864
42,107.0,-0.2993792,-0.08511294,-0.23389661,-85.37,59.50999999999999,11.748209647394985,3.644795898318796,,,22.168871604634333,6.877729860127567,20.0,-6.432896487498267,12.6,,0.5,26.43289648749827,-8.251790352605015,18.181106134893252
42,108.0,-0.32012823,-0.11651926,-0.24827166,271.08000000000004,423.1,8.479354322075316,2.567157354684629,288.24,-159.95999999999998,16.000541605756123,4.844225928289895,15.0,20.426725779911333,9.45,9.339507741938563,0.5,-5.426725779911333,-6.5206456779246835,-11.947371457836017
42,108.0,-0.3194322,-0.11836942,-0.24281593,288.24,-159.95999999999998,8.68770031579208,2.581952705940365,288.24,-159.95999999999998,16.393690495899655,4.87214475610947,15.0,21.71978544636876,9.45,9.339507741938563,0.5,-6.7197854463687605,-6.31229968420792,-13.03208513057668
42,108.0,-0.32368779,-0.12106676,-0.23585658,203.83000000000004,299.95000000000005,8.852859007007465,2.5968660420296525,288.24,-159.95999999999998,16.705344946223086,4.900286221309954,15.0,15.359227961189786,9.45,9.339507741938563,0.5,-0.35922796118978617,-6.147140992992535,-6.506368954182321
42,109.0,-0.30137011,-0.17199755,-0.24731289,-25.600000000000023,103.55,14.091573084251074,4.244029984162375,,,26.590798409981776,8.008484580114402,6.0,-1.9290400618479064,3.78,,0.5,7.929040061847907,8.091573084251074,16.02061314609898
42,109.0,-0.31013241,-0.21561448,-0.25086528,2.7200000000000277,-89.87,14.16547691901038,4.281666850567358,,,26.73025494617259,8.079505347020607,-7.0,0.2049605065713419,-4.41,,0.5,-7.204960506571342,21.16547691901038,13.96051641243904
42,109.0,-0.31429857,-0.24477674,-0.24876572,100.30999999999996,-167.36,14.368469082576842,4.330099726189055,,,27.1133011588225,8.170898183318746,-11.0,7.558672211092313,-6.93,,0.5,-18.558672211092315,25.368469082576844,6.809796871484529
42,110.0,-0.2232763,-0.1360319,-0.22196744,95.23000000000002,-72.13,11.80531872644607,3.677400621705472,,,22.27663643680373,6.939254973158224,38.0,7.175878323819375,23.94,,0.5,30.824121676180624,-26.194681273553932,4.629440402626694
42,110.0,-0.23609032,-0.12819475,-0.2212829,-52.19999999999999,-43.63,11.83074325895537,3.706643214033576,,,22.324612529648785,6.994435744881359,38.0,-3.9334332511117434,23.94,,0.5,41.933433251111744,-26.16925674104463,15.764176510067113
42,110.0,-0.23956767,-0.12716229,-0.22158387,-12.839999999999977,-109.54,11.933822314430456,3.733347104019584,,,22.519122707330272,7.044825985284954,38.0,-0.9675341560205878,23.94,,0.5,38.96753415602059,-26.066177685569542,12.901356470451043
42,111.0,-0.28706422,-0.29550877,-0.2658475,194.36,-110.69,-9.061501313202031,3.0668000379809044,350.24,-194.29,-17.099052978012235,5.787051671669968,-15.0,14.645633844560892,-9.45,11.34842211884736,-0.5,-29.64563384456089,5.938498686797969,-23.707135157762924
42,111.0,-0.29186183,-0.29817095,-0.26118714,165.82000000000005,242.84,-9.047030943282287,3.083850337967,350.24,-194.29,-17.071747389973677,5.819225587743729,-15.0,12.495055588110144,-9.45,11.34842211884736,-0.5,-27.495055588110144,5.952969056717713,-21.54208653139243
42,111.0,-0.29411876,-0.30072179,-0.26024756,350.24,-194.29,-9.185443326764675,3.101080608430117,350.24,-194.29,-17.332931557604944,5.851739108107632,-15.0,26.39167934615665,-9.45,11.34842211884736,-0.5,-41.39167934615665,5.814556673235325,-35.57712267292133
42,112.0,-0.27753323,-0.17602222,-0.21509311,40.79999999999996,-140.46,7.687084335199448,2.553480996842745,-671.75,-277.5,14.505528140521358,4.81841864104226,32.0,3.0744075985700947,20.16,-21.251559950887994,0.5,28.925592401429906,-24.312915664800553,4.6126767366293535
42,112.0,-0.29577494,-0.17101628,-0.21442488,83.22000000000003,-152.78,7.736127602841208,2.5681385413856246,-671.75,-277.5,14.598072786561358,4.846077427594674,20.0,6.270887263554012,12.6,-21.251559950887994,0.5,13.729112736445988,-12.263872397158792,1.4652403392871962
42,112.0,-0.30152529,-0.17011733,-0.21522841,-671.75,-277.5,7.8609691982636765,2.58594751630861,-671.75,-277.5,14.833648877123558,4.879682963274346,20.0,-49.42223244392557,12.6,-21.251559950887994,0.5,69.42223244392557,-12.139030801736324,57.28320164218925
42,112.0,-0.21331908,-0.31129244,-0.26159889,-546.75,-68.12,12.996083294506272,3.983313051945178,-546.75,-68.12,24.523609176733338,7.51651172902055,-45.0,-41.19932241466179,-28.35,-17.71570863830457,0.5,-3.8006775853382067,57.99608329450627,54.195405709168064
42,112.0,-0.21526676,-0.31717592,-0.26290038,-549.59,-89.18,13.081420192619904,4.013652274923131,-549.59,-89.18,24.68463990347376,7.573761842779948,-45.0,-41.41332529652305,-28.35,-17.80772987750491,0.5,-3.5866747034769517,58.0814201926199,54.49474548914295
42,112.0,-0.2169659,-0.32119045,-0.26608926,-792.74,-78.86000000000001,13.355123907138289,4.051211776574869,-792.74,-78.86000000000001,25.201118812769952,7.644636622396778,-45.0,-53.980719886952485,-28.35,-23.211709551389568,0.5,8.980719886952485,58.35512390713829,67.33584379409078
42,113.0,-0.27976859,-0.15265599,-0.22313057,-477.78,-49.91,9.234545978562869,3.0639526154741143,-477.78,-49.91,17.42558826154813,5.7816785853996535,23.0,-36.002217216784835,14.49,-15.480953403217478,0.5,59.002217216784835,-13.765454021437131,45.236763195347706
42,113.0,-0.28195411,-0.1527158,-0.22231559,-917.41,-753.3399999999999,9.298640241970237,3.0827206851440567,-477.78,-49.91,17.546534136597835,5.817093932866836,23.0,-58.67785708442471,14.49,-15.480953403217478,0.5,81.67785708442472,-13.701359758029763,67.97649732639495
42,113.0,-0.28499469,-0.15253989,-0.22292018,-695.5,-251.75,9.371039401953237,3.1038332480338915,-695.5,-251.75,17.683151351485755,5.856933339039952,23.0,-50.31705083198978,14.49,-21.636331857755607,0.5,73.31705083198977,-13.628960598046763,59.688090233943015
42,113.0,-0.17149369,-0.28355598,-0.2752308,-695.36,-2.1100000000000136,22.234023247662257,7.043297044326828,-695.36,-2.1100000000000136,41.95560186833868,13.290701522644724,-45.0,-50.31177611307066,-28.35,-21.634063728620387,0.5,5.311776113070657,67.23402324766226,72.54579936073291
42,113.0,-0.15980752,-0.28956059,-0.26688328,-713.22,-6.659999999999997,22.50834010892083,7.160609460393614,-713.22,-6.659999999999997,42.473237785533605,13.512070051762748,-45.0,-50.98467954089495,-28.35,-21.923412202584828,0.5,5.984679540894952,67.50834010892083,73.49301964981578
42,113.0,-0.15016921,-0.29993609,-0.25782239,-812.08,-52.38,22.937718740052897,7.308160067258527,-812.08,-52.38,43.28347526247982,13.79049804691684,-45.0,-54.70938462906456,-28.35,-23.52503539049776,0.5,9.709384629064559,67.9377187400529,77.64710336911746
42,114.0,-0.25939649,-0.1576702,-0.22556989,150.58000000000004,629.61,9.152872202504271,2.9878042265579503,267.04,-62.27000000000001,17.271469846125562,5.637986575514852,25.0,11.346673926291311,15.75,8.65258863241491,0.5,13.653326073708689,-15.847127797495729,-2.1938017237870397
42,114.0,-0.2644743,-0.16172956,-0.22693199,267.04,-62.27000000000001,9.183562698931093,3.007664106211676,267.04,-62.27000000000001,17.32938281288297,5.675462168421432,20.0,20.122299145150954,12.6,8.65258863241491,0.5,-0.1222991451509543,-10.816437301068907,-10.938736446219862
42,114.0,-0.26321235,-0.16099733,-0.22849257,341.36,-131.11,9.282431275171364,3.0297862402312035,341.36,-131.11,17.515947816248364,5.717206635316281,20.0,25.72254357470316,12.6,11.060693737122358,0.5,-5.72254357470316,-10.717568724828636,-16.440112299531798
42,115.0,-0.29687569,-0.19576082,-0.23730949,204.6,-153.94,7.482784977382923,2.9026097124844026,330.98,284.55999999999995,14.120015252321576,5.477224527458068,13.0,15.417249869300054,8.19,10.724362588214078,0.5,-2.417249869300054,-5.517215022617077,-7.9344648919171314
42,115.0,-0.29656994,-0.1953577,-0.23777799,185.32000000000005,-151.84,7.533957730223448,2.9214822800314764,330.98,284.55999999999995,14.216578236931646,5.512837062419396,13.0,13.964441572720853,8.19,10.724362588214078,0.5,-0.9644415727208528,-5.466042269776552,-6.430483842497405
42,115.0,-0.29630473,-0.1934942,-0.23796043,330.98,284.55999999999995,7.576108864204661,2.937117224863022,330.98,284.55999999999995,14.296117426754195,5.542340203316523,13.0,24.940378112125764,8.19,10.724362588214078,0.5,-11.940378112125764,-5.423891135795339,-17.3642692479211
42,116.0,-0.30653146,-0.31489727,-0.26689175,-380.16,-82.74000000000001,-11.36252568994652,3.745882779825967,-380.16,-82.74000000000001,-21.441085976929084,7.0684808055316,-16.0,-28.646244918441383,-10.08,-12.317885314929796,-0.5,12.646244918441383,4.637474310053481,17.283719228494864
42,116.0,-0.30768386,-0.31645602,-0.26357171,-374.58,-86.47999999999999,-11.58869410887122,3.780012345586537,-374.58,-86.47999999999999,-21.867865783439992,7.132883296121796,-16.0,-28.225774467460475,-10.08,-12.137083021008005,-0.5,12.225774467460475,4.41130589112878,16.637080358589255
42,116.0,-0.31000432,-0.31847242,-0.26469269,-517.44,-20.31,-11.606638126609948,3.8083736982125,-517.44,-20.31,-21.90172614491297,7.186401168526987,-16.0,-38.99072225010079,-10.08,-16.76601056754334,-0.5,22.990722250100788,4.393361873390052,27.38408412349084
42,117.0,-0.27855402,-0.27424383,-0.23753016,-629.01,-46.53,-9.700559337514234,4.967199529502349,-629.01,-46.53,-18.30495546988936,9.373105512170934,-15.0,-47.39787067589651,-9.45,-20.3810843906355,-0.5,32.39787067589651,5.299440662485766,37.69731133838228
42,117.0,-0.29512128,-0.2765238,-0.23436263,-732.27,-12.680000000000009,-9.663326851350185,5.000880479948766,-732.27,-12.680000000000009,-18.2346977684978,9.43666146566332,-15.0,-51.702418079531725,-9.45,-22.23203977419864,-0.5,36.702418079531725,5.336673148649815,42.03909122818154
42,117.0,-0.29806516,-0.27937931,-0.23261766,-767.29,-30.06,-9.782795163062966,5.038419942423399,-767.29,-30.06,-18.460134472699817,9.507498431352952,-15.0,-53.021851340584725,-9.45,-22.79939607645143,-0.5,38.021851340584725,5.217204836937034,43.23905617752176
42,118.0,-0.27919036,-0.15990876,-0.2259564,85.85000000000002,200.81,9.234006261384865,2.8498998351405027,,,17.42456981523324,5.377760988910129,20.0,6.469065988657917,12.6,,0.5,13.530934011342083,-10.765993738615135,2.764940272726948
42,118.0,-0.29351029,-0.15506484,-0.22864115,114.51999999999998,-118.07,9.250400264537992,2.8661029601637664,,,17.45550529918319,5.4083362858290265,20.0,8.629440151672735,12.6,,0.5,11.370559848327265,-10.749599735462008,0.6209601128652569
42,118.0,-0.29965436,-0.15264672,-0.2323229,217.21000000000004,-94.95,9.361247319189486,2.88433010395161,,,17.66467369131056,5.442730906156688,25.0,16.367452806014978,15.75,,0.5,8.632547193985022,-15.638752680810514,-7.0062054868254915
42,119.0,-0.24622056,-0.13580246,-0.24455006,-19.0,-148.84,11.48894995602464,4.115221711078341,-512.62,-54.650000000000006,21.679648567018493,7.765423368804829,23.0,-1.431709420902742,14.49,-16.60983367566107,0.5,24.43170942090274,-11.51105004397536,12.920659376927382
42,119.0,-0.27545157,-0.1103713,-0.25338966,-10.529999999999973,-150.18,11.58475912527998,4.152300878368418,-512.62,-54.650000000000006,21.86044046940332,7.835391757481204,20.0,-0.7934684316897807,12.6,-16.60983367566107,0.5,20.79346843168978,-8.41524087472002,12.378227556969762
42,119.0,-0.2825945,-0.10181939,-0.25329673,-512.62,-54.650000000000006,11.635349606434191,4.18900122844803,-512.62,-54.650000000000006,21.95590470734132,7.90464531808143,25.0,-38.62752017595597,15.75,-16.60983367566107,0.5,63.62752017595597,-13.364650393565809,50.26286978239016
