Participant,trigger_no,fzd_hands0_fingerTip_coordinates_x,fzd_hands0_fingerTip_coordinates_y,fzd_hands0_fingerTip_coordinates_z,eyegaze_new_coordinates_x,eyegaze_new_coordinates_y,angle_center,Buidling_half_width,eyegaze_new_coordinates_x_without_tablet_&_road_gazes,eyegaze_new_coordinates_y_without_tablet_&_road_gazes,angle_center_scaled,Buidling_half_width_scaled,horizontal_angle_finger_pointing_unscaled,eyegaze_horiz_angle_x,horizontal_angle_finger_pointing,eyegaze_horiz_angle_x_scaled_without_tablet,side,difference,D_p,D_g
66,49.0,-0.28117067,-0.12694781,-0.20882542,58.39999999999998,-95.13,8.75530303270811,3.358547856712361,481.35,80.19,17.86957348975725,6.85479617554993,38.0,4.505660446870302,17.86,18.939860010471243,0.5,33.4943395531297,-29.24469696729189,4.249642585837807
66,49.0,-0.28412879,-0.12814616,-0.20846404,132.34000000000003,-128.91,8.759660483861772,3.370601032144525,481.35,80.19,17.878467047561877,6.879396706606975,38.0,10.21025862224,17.86,18.939860010471243,0.5,27.789741377760002,-29.240339516138228,-1.4505981383782274
66,49.0,-0.28413633,-0.12766939,-0.20818849,90.39999999999998,-112.84,8.801880370188478,3.38407790221958,481.35,80.19,17.964637835554683,6.906902998430162,38.0,6.97451548625129,17.86,18.939860010471243,0.5,31.025484513748708,-29.198119629811522,1.8273648839371877
66,49.0,-0.30594087,-0.10944428,-0.20663029,481.35,80.19,24.951059449807484,10.63233611801802,481.35,80.19,50.92511233705707,21.70059801687477,45.0,37.13698041268871,21.15,18.939860010471243,0.5,7.8630195873112925,-20.048940550192516,-12.185920962881223
66,49.0,-0.3064265,-0.10883919,-0.20568006,471.35,40.56999999999999,25.25832301561094,10.761648874855233,471.35,40.56999999999999,51.55223727486193,21.96452535357953,45.0,36.36546321288215,21.15,18.54638623856989,0.5,8.634536787117852,-19.74167698438906,-11.107140197271207
66,49.0,-0.3065064,-0.10801072,-0.20541161,303.13,34.620000000000005,25.69141866013873,10.89322620667566,303.13,34.620000000000005,52.436185485343145,22.233074687825024,45.0,23.38700087773622,21.15,11.927370447645472,0.5,21.61299912226378,-19.30858133986127,2.30441778240251
66,50.0,-0.28714618,-0.34328404,-0.23889789,-328.97,-58.660000000000025,39.356967173484186,11.662413124396627,-328.97,-58.660000000000025,80.32757000108123,23.802985186893515,-15.0,-25.38060132203637,-7.05,-12.944106674238547,0.5,10.38060132203637,54.356967173484186,64.73756849552055
66,50.0,-0.2901839,-0.34566152,-0.24008518,-372.32,-6.259999999999991,40.14328988777708,11.772566400867245,-372.32,-6.259999999999991,81.93245466095301,24.02780802417005,-15.0,-28.7251283831978,-7.05,-14.64981547543088,0.5,13.725128383197799,55.14328988777708,68.86841827097487
66,50.0,-0.28735065,-0.348077,-0.24110658,-406.04,-10.779999999999973,41.0115412300038,11.87991576902204,-406.04,-10.779999999999973,83.70455565043775,24.246908084573988,-15.0,-31.326684380945512,-7.05,-15.97660903428221,0.5,16.326684380945512,56.0115412300038,72.33822561094931
66,51.0,-0.28391209,-0.31917611,-0.22858518,-228.54,-64.29000000000002,-28.5121806461352,7.141485313823345,,,-58.19336069876194,14.57577152551345,-15.0,-17.6322540843791,-7.05,,-0.5,2.632254084379099,-13.5121806461352,-10.8799265617561
66,51.0,-0.2871199,-0.32028332,-0.22694325,-219.18,-82.25999999999999,-29.015261741208622,7.213185633644445,,,-59.2201492138068,14.722111878268308,-15.0,-16.91011398536016,-7.05,,-0.5,1.9101139853601588,-14.015261741208622,-12.105147755848463
66,51.0,-0.28360936,-0.32026383,-0.2293222,-224.38,-105.62,-29.530031556969707,7.278359634786414,,,-60.27079440777517,14.855132014599072,-15.0,-17.31130292925957,-7.05,,-0.5,2.3113029292595684,-14.530031556969707,-12.218728627710139
66,52.0,-0.27830574,-0.37453929,-0.22665948,121.87,158.48000000000002,-21.169104640030312,7.161243193709264,,,-43.20614257030186,14.616097358360609,-35.0,9.402480114042534,-16.45,,-0.5,-44.40248011404253,13.830895359969688,-30.571584754072845
66,52.0,-0.27751696,-0.37615442,-0.22780076,107.17999999999996,207.1,-21.45092589731681,7.231588011980836,,,-43.78133975642362,14.759671132452889,-42.0,8.269121347526694,-19.74,,-0.5,-50.26912134752669,20.54907410268319,-29.720047244843506
66,52.0,-0.27584374,-0.37215215,-0.22831869,4.029999999999973,171.19,-21.698548729361445,7.30299520991157,,,-44.28673795662671,14.905413223429514,-42.0,0.3109214315220411,-19.74,,-0.5,-42.31092143152204,20.301451270638555,-22.009470160883485
66,53.0,-0.30360949,-0.17699136,-0.22624147,-110.95,1.1100000000000136,-72.26723442761086,37.18861316597949,,,-147.49742546675375,75.90195947176413,20.0,-8.55998333185377,9.4,,-0.5,28.559983331853772,-92.26723442761086,-63.70725109575709
66,53.0,-0.30373898,-0.17738123,-0.2272308,-131.27999999999997,11.29000000000002,-74.04062527313364,37.87861681146791,,,-151.11691618246576,77.310256912206,20.0,-10.128477799060503,9.4,,-0.5,30.128477799060505,-94.04062527313364,-63.91214747407314
66,53.0,-0.30168435,-0.1786132,-0.22736558,-146.19,-11.329999999999984,-75.68449374387679,38.49685270530261,,,-154.47205173125252,78.57207637152263,20.0,-11.278809943972083,9.4,,-0.5,31.278809943972085,-95.68449374387679,-64.40568379990471
66,54.0,-0.26073539,-0.32923526,-0.24743031,-142.64999999999998,173.58999999999995,22.275980444919217,11.079858191539582,-475.25,-338.0,45.46527608808012,22.613990568932287,-15.0,-11.00569285524056,-7.05,-18.699841009611426,0.5,-3.994307144759439,37.27598044491921,33.28167330015978
66,54.0,-0.25705421,-0.32406431,-0.24947631,-475.25,-338.0,22.595782030000112,11.230877609864434,-475.25,-338.0,46.11799112323023,22.922221201733308,-15.0,-36.66635492080671,-7.05,-18.699841009611426,0.5,21.66635492080671,37.59578203000011,59.26213695080682
66,54.0,-0.25580478,-0.3234283,-0.25059447,-490.75,-360.25,22.98408951617461,11.371342462105268,-490.75,-360.25,46.91052670251237,23.20890996515685,-15.0,-37.86220658050688,-7.05,-19.309725356058507,0.5,22.86220658050688,37.984089516174606,60.846296096681485
66,55.0,-0.27935472,-0.13547315,-0.21300286,-81.47000000000003,25.05000000000001,-11.22560291073603,4.183533512485768,,,-22.911455540812234,8.538591898983453,41.0,-6.285550626824037,19.27,,-0.5,47.28555062682403,-52.22560291073603,-4.940052283911992
66,55.0,-0.27930647,-0.1334599,-0.21342228,-93.42000000000002,23.49000000000001,-11.235900040136697,4.2079187573546,,,-22.932471981918997,8.588362183760736,41.0,-7.207513680592874,19.27,,-0.5,48.207513680592875,-52.2359000401367,-4.0283863595438225
66,55.0,-0.27905869,-0.13271049,-0.21294077,-118.24,12.139999999999986,-11.3081011255,4.232594441161643,,,-23.0798343971455,8.638725254410911,41.0,-9.122419370512754,19.27,,-0.5,50.12241937051275,-52.3081011255,-2.1856817549872467
66,57.0,-0.30394489,-0.11881885,-0.21580411,219.80999999999997,-135.88,6.4639234322639725,2.32281921633494,,,13.192867725250768,4.740874020539612,38.0,16.958719568947966,17.86,,0.5,21.041280431052034,-31.53607656773603,-10.494796136683995
66,57.0,-0.30517575,-0.11769067,-0.21663116,-117.45000000000005,-23.610000000000014,6.4383313969132665,2.333875134178791,,,13.140634381099977,4.763439148858913,38.0,-9.061469511728037,17.86,,0.5,47.061469511728035,-31.561668603086733,15.499800908641303
66,57.0,-0.30486733,-0.11747318,-0.21680962,-72.22000000000003,-61.79000000000002,6.37208476922799,2.3450345433831474,,,13.005425013994326,4.786215503045003,38.0,-5.57189721700297,17.86,,0.5,43.57189721700297,-31.62791523077201,11.943981986230959
66,57.0,-0.30508074,-0.14370236,-0.21682316,153.76,-56.60000000000002,9.477942103977377,3.3908922354262057,,,19.344479834217825,6.9208110525048845,25.0,11.862848464225648,11.75,,0.5,13.137151535774352,-15.522057896022623,-2.384906360248271
66,57.0,-0.30410206,-0.14266457,-0.21677665,105.21000000000004,-10.420000000000016,9.543736507283924,3.4141349213252554,,,19.478766211366487,6.968249374424846,25.0,8.117132459164809,11.75,,0.5,16.882867540835193,-15.456263492716076,1.4266040481191151
66,57.0,-0.30465212,-0.14235605,-0.21588178,161.53999999999996,-62.860000000000014,9.610442123650468,3.4376888571028137,,,19.6149123743706,7.016322957346842,25.0,12.463088845675149,11.75,,0.5,12.536911154324851,-15.389557876349532,-2.85264672202468
66,59.0,-0.31689829,-0.14406928,-0.2169162,352.42,-138.42000000000002,6.531250456975666,2.285872396429282,352.42,-138.42000000000002,13.330282182687334,4.665465561112165,38.0,27.189809155582747,17.86,13.866802669347202,0.5,10.810190844417253,-31.468749543024334,-20.65855869860708
66,59.0,-0.31478506,-0.14433712,-0.21909767,363.38,-126.82,6.520427091747226,2.2965086396564023,363.38,-126.82,13.308191694256086,4.687174133538717,38.0,28.03539200657074,17.86,14.298049923351076,0.5,9.964607993429262,-31.479572908252774,-21.514964914823512
66,59.0,-0.31503102,-0.14341116,-0.21717633,390.98,-126.32999999999998,6.591915561458394,2.307243796128362,390.98,-126.32999999999998,13.45409966093658,4.709084587897987,38.0,30.164779478036845,17.86,15.384037533798791,0.5,7.835220521963155,-31.408084438541607,-23.572863916578452
66,59.0,-0.29216823,-0.11930025,-0.20398603,227.48,-98.37,9.803447885961804,3.5398763983320407,390.98,-126.32999999999998,20.008837135248044,7.224887728995695,-45.0,17.550473261199603,-21.15,15.384037533798791,0.5,-62.5504732611996,54.8034478859618,-7.747025375237799
66,59.0,-0.29273322,-0.11874317,-0.20332032,289.30999999999995,-144.64999999999998,9.915916716271388,3.5650297808961,289.30999999999995,-144.64999999999998,20.238386017909903,7.276225782808938,-45.0,22.32076410760355,-21.15,11.383589694877813,0.5,-67.32076410760355,54.91591671627139,-12.404847391332163
66,59.0,-0.29398873,-0.1185098,-0.20273115,289.48,-154.7,10.044453683005695,3.5905206035656536,289.48,-154.7,20.500729967014625,7.328252551877498,-45.0,22.333879900000262,-21.15,11.390278749000135,0.5,-67.33387990000026,55.0444536830057,-12.289426216994567
66,61.0,-0.31604993,-0.14206761,-0.20226002,39.38999999999999,-14.699999999999989,2.880710551534066,2.9004852769057896,-361.53,-14.009999999999993,5.879530235681028,5.919890450164717,32.0,3.0390062500380344,15.04,-14.225257275549325,0.5,28.960993749961965,-29.119289448465935,-0.1582956985039683
66,61.0,-0.31796083,-0.13870662,-0.20098704,40.34000000000003,-13.759999999999993,3.5155381485169173,2.9123796287908537,-361.53,-14.009999999999993,7.175213361123028,5.944166822362132,32.0,3.112300384019661,15.04,-14.225257275549325,0.5,28.88769961598034,-28.484461851483083,0.40323776449725646
66,61.0,-0.3176153,-0.13682517,-0.20101327,-361.53,-14.009999999999993,3.972664545689275,2.9210518084769164,-361.53,-14.009999999999993,8.10820833775181,5.961866741101386,32.0,-27.89266132460652,15.04,-14.225257275549325,0.5,59.89266132460652,-28.027335454310723,31.8653258702958
66,61.0,-0.29746625,-0.09639975,-0.20045313,426.25,-215.04,18.63989193973535,8.488281178830874,426.25,-215.04,38.04401944899985,17.324581885993815,41.0,32.88592064175457,19.27,16.771819527294834,0.5,8.114079358245426,-22.36010806026465,-14.246028702019224
66,61.0,-0.29692402,-0.09613249,-0.20061377,48.07000000000005,-119.92000000000002,18.869468478193525,8.572648788434597,426.25,-215.04,38.51258516399298,17.496776177195013,45.0,3.708683179470132,21.15,16.771819527294834,0.5,41.29131682052987,-26.130531521806475,15.160785298723393
66,61.0,-0.29730639,-0.09562085,-0.20028657,16.450000000000045,-70.55000000000001,19.1300310005753,8.677849002981961,426.25,-215.04,39.04439327217419,17.711489815086185,45.0,1.269145793681793,21.15,16.771819527294834,0.5,43.730854206318206,-25.8699689994247,17.860885206893506
66,62.0,-0.28222173,-0.38091931,-0.25021082,556.81,583.86,39.9035285312822,12.05447700538403,,,81.44310173234696,24.603187567988805,-34.0,42.95884920242899,-15.98,,0.5,-76.958849202429,73.9035285312822,-3.055320671146795
66,62.0,-0.28291306,-0.38098252,-0.24924517,588.45,584.82,40.77128632199711,12.180838707315198,,,83.2141953831961,24.86109180163032,-34.0,45.399929622616966,-15.98,,0.5,-79.39992962261697,74.77128632199711,-4.628643300619856
66,62.0,-0.28475741,-0.38215265,-0.24856941,357.08000000000004,442.69000000000005,41.94535794996549,12.328002474418088,,,85.61047557587956,25.16145305028732,-34.0,27.549336170692605,-15.98,,0.5,-61.549336170692605,75.94535794996548,14.396021779272886
66,63.0,-0.30043009,-0.33240491,-0.2364908,-200.26,-35.35000000000002,-56.830754837046925,13.487862695081418,,,-115.99157062241277,27.528727760661177,-16.0,-15.450403443326143,-7.52,,-0.5,-0.5495965566738565,-40.830754837046925,-41.38035139372078
66,63.0,-0.30609268,-0.33744752,-0.23679447,-205.07,-36.99000000000001,-58.24729307156804,13.822090565261163,,,-118.88272515907036,28.210886843698027,-24.0,-15.821503216433102,-11.28,,-0.5,-8.178496783566898,-34.24729307156804,-42.42578985513494
66,63.0,-0.30510378,-0.33553201,-0.23704447,-211.51,-40.44999999999999,-59.36210148196284,14.093216109226889,,,-121.15804912468614,28.76425407893207,-24.0,-16.318360293108523,-11.28,,-0.5,-7.6816397068914775,-35.36210148196284,-43.04374118885431
66,64.0,-0.28936473,-0.34164438,-0.23597166,-209.11,137.64999999999998,-48.530822428864894,13.009750099447729,,,-99.05140857731324,26.55289995297281,-26.0,-16.133196165154956,-12.22,,-0.5,-9.866803834845044,-22.530822428864894,-32.39762626370994
66,64.0,-0.28935114,-0.34165919,-0.23629467,-201.7,148.27999999999997,-49.45850059244481,13.30567060979078,,,-100.94479970917985,27.156873714582986,-26.0,-15.561501920098292,-12.22,,-0.5,-10.438498079901708,-23.458500592444807,-33.89699867234651
66,64.0,-0.2910285,-0.34333473,-0.23766063,-207.31,156.07000000000005,-50.95447925838136,13.754949347605532,,,-103.99809216635634,28.073851618462896,-26.0,-15.994323069189774,-12.22,,-0.5,-10.005676930810226,-24.95447925838136,-34.960156189191586
66,65.0,-0.32200927,-0.13761596,-0.21318915,232.21000000000004,12.620000000000005,-24.152165628168312,8.16441576151829,351.62,132.31,-49.294570047091526,16.663572569258832,41.0,17.915400896708107,19.27,13.835324767595091,-0.5,23.084599103291893,-65.15216562816832,-42.06756652487642
66,65.0,-0.32100031,-0.13716799,-0.21423607,351.62,132.31,-24.514623400931068,8.23297638426081,351.62,132.31,-50.03434636130031,16.803504800276315,41.0,27.12808777959822,19.27,13.835324767595091,-0.5,13.871912220401779,-65.51462340093107,-51.64271118052929
66,65.0,-0.31955141,-0.1373814,-0.21596646,889.31,411.63,-24.83966256093646,8.282953956447411,351.62,132.31,-50.69775128687132,16.90550902510917,41.0,58.99444844180842,19.27,13.835324767595091,-0.5,-17.994448441808423,-65.83966256093646,-83.83411100274489
66,66.0,-0.27416527,-0.35446253,-0.24581501,691.3199999999999,-59.14999999999998,17.017200266920806,6.602237130687325,691.3199999999999,-59.14999999999998,34.732105744785365,13.475165983732827,-26.0,51.3568139223234,-12.22,26.191975100384933,0.5,-77.3568139223234,43.01720026692081,-34.33961365540259
66,66.0,-0.27335379,-0.35546932,-0.24642029,962.41,44.76999999999998,17.19103962920525,6.691881555413635,962.41,44.76999999999998,35.08691188320791,13.658130254599229,-26.0,61.8143438071014,-12.22,31.52531534162172,0.5,-87.81434380710141,43.19103962920525,-44.62330417789615
66,66.0,-0.27133483,-0.35481071,-0.2473993,911.33,157.87,17.29790627770116,6.775211096299326,911.33,157.87,35.30502671278806,13.828205847546926,-26.0,59.84388887879545,-12.22,30.52038332818568,0.5,-85.84388887879544,43.29790627770116,-42.54598260109429
66,67.0,-0.27275464,-0.35788196,-0.22970541,-206.13,91.61,-49.649734486617206,13.149104584628104,,,-101.33510808718572,26.83732245722596,-35.0,-15.9032840396126,-16.45,,-0.5,-19.0967159603874,-14.649734486617206,-33.746450447004605
66,67.0,-0.27252916,-0.36102399,-0.22997709,-143.29000000000002,11.810000000000002,-51.089064118078056,13.578287915854702,,,-104.2727798649973,27.71328563625945,-35.0,-11.055069956028182,-16.45,,-0.5,-23.944930043971816,-16.089064118078056,-40.03399416204987
66,67.0,-0.27466187,-0.36038458,-0.23000011,-141.95999999999998,1.8899999999999864,-52.21802911634296,13.925375204041783,,,-106.57699742645596,28.42169079144928,-34.0,-10.952458168453909,-15.98,,-0.5,-23.04754183154609,-18.21802911634296,-41.26557094788905
66,68.0,-0.2930429,-0.09373511,-0.19248548,145.46000000000004,50.160000000000025,-23.84636023151858,6.83056047918674,,,-48.67042123252942,13.941173938020135,45.0,11.222489188386207,21.15,,-0.5,33.777510811613794,-68.84636023151859,-35.06884941990479
66,68.0,-0.29253888,-0.0940262,-0.19314933,-25.389999999999983,264.59,-24.27338825624088,6.903611925336007,,,-49.54198543098764,14.090271939610789,45.0,-1.958882170308852,21.15,,-0.5,46.958882170308854,-69.27338825624088,-22.31450608593203
66,68.0,-0.29193598,-0.09424902,-0.19240166,-5.169999999999959,199.04,-24.60836055673826,6.977678030795584,,,-50.225663896302784,14.241440860853784,45.0,-0.3988743922999878,21.15,,-0.5,45.39887439229999,-69.60836055673826,-24.20948616443827
66,69.0,-0.31507811,-0.10467833,-0.20328422,885.2,254.6,34.369850640229565,11.24037531186998,885.2,254.6,70.14886515670854,22.941606011526623,41.0,58.83590165724818,19.27,30.00630984519657,0.5,-17.83590165724818,-6.630149359770435,-24.466051017018614
66,69.0,-0.31504804,-0.10228114,-0.20487919,922.35,264.17999999999995,35.32819162694658,11.43385227604184,922.35,264.17999999999995,72.10483911059796,23.336492495401394,41.0,60.268994855888856,19.27,30.73718737650332,0.5,-19.268994855888856,-5.671808373053423,-24.94080322894228
66,69.0,-0.31783801,-0.10157139,-0.20613679,923.59,239.66000000000005,35.986891286754634,11.57868947832783,923.59,239.66000000000005,73.44924511626621,23.632105225267097,41.0,60.31682892227687,19.27,30.761582750361203,0.5,-19.31682892227687,-5.013108713245366,-24.329937635522235
66,70.0,-0.27974468,-0.36679494,-0.2335798,-726.6700000000001,177.77999999999997,49.090602128152426,14.028563986544384,-726.6700000000001,177.77999999999997,100.1939189435591,28.63229909653709,-34.0,-52.72047057298149,-15.98,-26.88743999222056,0.5,18.72047057298149,83.09060212815243,101.81107270113392
66,70.0,-0.27928594,-0.3689723,-0.2352363,-516.4300000000001,214.65,50.45387539303013,14.44353989969292,-516.4300000000001,214.65,102.9763596771745,29.479264935273243,-34.0,-39.843462749610126,-15.98,-20.320166002301164,0.5,5.843462749610126,84.45387539303013,90.29733814264026
66,70.0,-0.27953753,-0.36993647,-0.23436576,-429.22,472.05,51.97850881199705,14.854253724435566,-516.4300000000001,214.65,106.088136485286,30.317531851572987,-34.0,-33.11506125009712,-15.98,-20.320166002301164,0.5,-0.8849387499028794,85.97850881199705,85.09357006209417
66,71.0,-0.24991587,-0.36009526,-0.25034326,-233.37,18.480000000000015,-20.574150330507177,6.193799083752967,,,-41.991840824565145,12.641543929939806,-33.0,-18.004896891885664,-15.51,,-0.5,-14.995103108114336,12.425849669492823,-2.5692534386215122
66,71.0,-0.25331661,-0.36114189,-0.24878199,-235.45,19.25,-20.872167599481244,6.247122834545705,,,-42.60009407054122,12.75037770530778,-33.0,-18.16537246944543,-15.51,,-0.5,-14.83462753055457,12.127832400518756,-2.7067951300358146
66,71.0,-0.24901854,-0.35883486,-0.25093377,0.8099999999999454,9.639999999999986,-21.216548399316395,6.306948864563813,,,-43.30297528300476,12.872482632574744,-33.0,0.062492893184327,-15.51,,-0.5,-33.06249289318433,11.783451600683605,-21.27904129250072
66,73.0,-0.29944816,-0.16214696,-0.22955818,-307.53,-13.889999999999986,2.401152363708817,1.7888503941992142,-307.53,-13.889999999999986,4.900751974329695,3.651043654560596,20.0,-23.7264684456511,9.4,-12.10049890728206,0.5,43.7264684456511,-17.598847636291183,26.127620809359918
66,73.0,-0.30032104,-0.16607189,-0.23087305,-222.96,-73.57999999999998,2.350531099881281,1.7948259450663775,-307.53,-13.889999999999986,4.797433974857695,3.663239753880476,20.0,-17.201747486887037,9.4,-12.10049890728206,0.5,37.20174748688704,-17.64946890011872,19.552278586768317
66,73.0,-0.2998293,-0.17038986,-0.23418128,-219.85,-57.81999999999999,2.360224099739632,1.8021859426501887,-307.53,-13.889999999999986,4.817217387568589,3.6782615089490354,20.0,-16.9618056377472,9.4,-12.10049890728206,0.5,36.961805637747204,-17.639775900260368,19.322029737486833
66,73.0,-0.28924629,-0.17146192,-0.22588912,394.33,290.62,9.799687763496385,3.3288566975810894,394.33,290.62,20.00116272529612,6.794196519763003,25.0,30.42323773997204,11.75,15.51585124738574,0.5,-5.423237739972041,-15.200312236503615,-20.62354997647566
66,73.0,-0.28844079,-0.17076516,-0.22581382,394.33,-4688.35,9.87008502143455,3.350977880186172,394.33,290.62,20.14484352874792,6.839345853459975,25.0,0.0,11.75,15.51585124738574,0.5,25.0,-15.12991497856545,9.87008502143455
66,73.0,-0.28778207,-0.1697285,-0.22450508,-501.5,-388.75,10.038991886272196,3.373383551104637,-501.5,-388.75,20.489582439881552,6.885075827804563,25.0,-38.69158757029893,11.75,-19.732709660852453,0.5,63.69158757029893,-14.961008113727804,48.73057945657112
66,74.0,-0.29035383,-0.35110983,-0.24785136,-197.5,25.269999999999985,13.504431923914025,4.388640264896813,,,27.56254555670852,8.957214780654395,-26.0,-15.237464696179538,-12.22,,0.5,-10.762535303820462,39.50443192391403,28.741896620093563
66,74.0,-0.28865945,-0.35043955,-0.24857128,-140.12,-52.69999999999999,13.691509535641655,4.424063831459762,,,27.944370962244623,9.029514280009373,-26.0,-10.810499003689504,-12.22,,0.5,-15.189500996310496,39.69150953564166,24.502008539331158
66,74.0,-0.29124156,-0.35033557,-0.24830854,-150.08999999999995,-53.420000000000016,13.865710406756744,4.459978230692936,,,28.29991494019051,9.102815568844283,-26.0,-11.579701651896642,-12.22,,0.5,-14.420298348103358,39.86571040675675,25.445412058653385
66,75.0,-0.31552622,-0.29967466,-0.24138825,449.65,306.97,-14.92037237869707,5.004052500465555,455.9200000000001,299.44000000000005,-30.45248002492072,10.213271153450195,-15.0,34.69127088930192,-7.05,17.93925620852613,-0.5,-49.69127088930192,0.07962762130292944,-49.611643267998986
66,75.0,-0.31627592,-0.30214605,-0.24163248,455.9200000000001,299.44000000000005,-15.129316950847876,5.052155350407445,455.9200000000001,299.44000000000005,-30.878935896680517,10.311449070181595,-15.0,35.17501217358064,-7.05,17.93925620852613,-0.5,-50.17501217358064,-0.1293169508478762,-50.30432912442852
66,75.0,-0.31747285,-0.2998668,-0.24145964,476.52,291.71000000000004,-15.284797758919966,5.101098840017208,476.52,291.71000000000004,-31.19627222595565,10.411342732475122,-15.0,36.764337605182135,-7.05,18.749812178642888,-0.5,-51.764337605182135,-0.28479775891996617,-52.0491353641021
66,76.0,-0.30795351,-0.29971927,-0.2355193,-204.94,-113.64999999999998,-9.653873505607772,3.1064949127341666,,,-19.70355582494546,6.340356116890434,-15.0,-15.811473492835615,-7.05,,-0.5,0.8114734928356153,5.346126494392228,6.157599987227844
66,76.0,-0.30729213,-0.29997346,-0.2345383,-204.62,-109.89,-9.69883926797804,3.125807156989059,,,-19.795330945943174,6.37977240741467,-15.0,-15.786784942441807,-7.05,,-0.5,0.7867849424418072,5.301160732021961,6.087945674463768
66,76.0,-0.31026578,-0.30113626,-0.23148386,-178.45,-85.0,-9.76018936392588,3.145353651226018,,,-19.92054649177272,6.419666802152303,-15.0,-13.76772443054804,-7.05,,-0.5,-1.2322755694519607,5.23981063607412,4.007535066622159
66,77.0,-0.30877572,-0.14870758,-0.21181083,187.99,83.0,-8.342863976242583,2.9165226188521847,,,-17.02778537551111,5.952622665077309,32.0,14.503751839163504,15.04,,-0.5,17.496248160836494,-40.34286397624258,-22.84661581540609
66,77.0,-0.30895844,-0.15037318,-0.21155006,187.99,2410.4,-8.392025930128305,2.9336009748392757,,,-17.12812492339187,5.987479589646961,32.0,14.503751839163504,15.04,,-0.5,17.496248160836494,-40.392025930128305,-22.89577776929181
66,77.0,-0.30797654,-0.15044536,-0.21191417,4.95999999999998,349.32,-8.343354256112647,2.9508835686415757,,,-17.02878603672591,6.022753363597454,32.0,0.3826725311040516,15.04,,-0.5,31.617327468895947,-40.34335425611265,-8.726026787216698
66,78.0,-0.31525844,-0.34821624,-0.23601258,149.65999999999997,11.70999999999998,10.760238495687982,3.5779445037696758,,,21.96164676969917,7.302584732193908,-16.0,11.546526412304958,-7.52,,0.5,-27.546526412304956,26.760238495687982,-0.7862879166169758
66,78.0,-0.31485716,-0.34837344,-0.23536696,186.57000000000005,35.85000000000002,10.843234440156984,3.60331604855056,,,22.131041492360403,7.354368055091692,-16.0,14.394196396790973,-7.52,,0.5,-30.394196396790974,26.843234440156984,-3.550961956633989
66,78.0,-0.31157219,-0.34394029,-0.23594272,187.34000000000003,33.879999999999995,10.829088464867048,3.629045746528359,,,22.10216955679364,7.40688236866438,-16.0,14.453603221176076,-7.52,,0.5,-30.453603221176074,26.82908846486705,-3.6245147563090274
66,79.0,-0.30809128,-0.3440125,-0.22608127,-122.16000000000004,-205.76,-14.479175867301192,4.5275866876469,,,-29.55199794516173,9.240804429487325,-15.0,-9.424854112836924,-7.05,,-0.5,-5.575145887163076,0.5208241326988077,-5.054321754464269
66,79.0,-0.31106246,-0.34489605,-0.22452599,548.21,313.76,-14.61272845657036,4.567331908810592,,,-29.824578779860104,9.321924425882418,-15.0,42.29534441059537,-7.05,,-0.5,-57.29534441059537,0.3872715434296392,-56.90807286716573
66,79.0,-0.30856305,-0.33988002,-0.22572969,658.05,423.65,-14.805700094650472,4.607692096164448,,,-30.21843389318161,9.40429956827164,-15.0,50.07339506044518,-7.05,,-0.5,-65.07339506044518,0.1942999053495278,-64.87909515509565
66,80.0,-0.2789185,-0.35937208,-0.23152085,-346.99,-70.33999999999997,-18.977657952880342,8.694640575775676,-346.99,-70.33999999999997,-38.73339988182879,17.74576141515815,-35.0,-26.77087531608779,-16.45,-13.653146411204771,-0.5,-8.229124683912211,16.022342047119658,7.793217363207447
66,80.0,-0.2802631,-0.36390638,-0.23194724,-329.38,-76.60000000000002,-19.143833252913065,8.790980646034551,-329.38,-76.60000000000002,-39.07256366919556,17.942391498556518,-35.0,-25.41223352722844,-16.45,-12.960239098886504,-0.5,-9.587766472771559,15.856166747086935,6.2684002743153755
66,80.0,-0.27866933,-0.36414096,-0.23171391,-267.44,-55.829999999999984,-19.4290819237749,8.889248810116289,-267.44,-55.829999999999984,-39.654756206424565,18.142956821447346,-42.0,-20.63345599162661,-19.74,-10.523062555729572,-0.5,-21.36654400837339,22.5709180762251,1.2043740678517132
66,81.0,-0.32735133,-0.12923709,-0.21039417,-228.45,134.53999999999996,-29.71643231585661,8.648278585491717,,,-60.65123835666335,17.651136592988593,38.0,-17.62531042958084,17.86,,-0.5,55.625310429580836,-67.71643231585661,-12.091121886275772
66,81.0,-0.32802469,-0.12968588,-0.2114958,-248.41000000000005,169.89999999999998,-30.24043590766299,8.760265183698893,,,-61.72072968754016,17.879701239929442,38.0,-19.165258760394728,17.86,,-0.5,57.16525876039473,-68.240435907663,-11.075177147268263
66,81.0,-0.32779849,-0.13059811,-0.21194594,220.99,339.86,-30.71429688030725,8.862030171485568,,,-62.6878799327071,18.087403580002047,38.0,17.04975859852515,17.86,,-0.5,20.95024140147485,-68.71429688030724,-47.7640554788324
66,82.0,-0.3025558,-0.13020541,-0.21667443,-70.75999999999999,-98.48000000000002,12.538290980260896,4.121820509144596,,,25.59065189071249,8.412635659164122,32.0,-5.45925570583121,15.04,,0.5,37.45925570583121,-19.461709019739104,17.997546686092107
66,82.0,-0.30377364,-0.1283427,-0.21458644,27.409999999999968,-116.66000000000004,12.497140460914013,4.15522939227209,,,25.5066636807255,8.480823189627335,32.0,2.1147286446697757,15.04,,0.5,29.885271355330225,-19.50285953908599,10.382411816244236
66,82.0,-0.30263978,-0.12790468,-0.2146384,80.01999999999998,-91.47000000000004,12.513447242022709,4.189195857554626,,,25.539945820968345,8.550148745268991,38.0,6.173680632852083,17.86,,0.5,31.826319367147917,-25.486552757977293,6.339766609170626
66,83.0,-0.30590504,-0.09904181,-0.19923706,134.14999999999998,-144.89999999999998,16.025616638032137,5.202993133194591,342.16,-123.04000000000002,32.70828355822359,10.61930898485016,41.0,10.349903235404986,19.27,13.46309857937642,0.5,30.650096764595013,-24.974383361967863,5.675713402627151
66,83.0,-0.30422705,-0.09722503,-0.19927384,342.16,-123.04000000000002,16.213093757384005,5.25415516163132,342.16,-123.04000000000002,33.09092435882075,10.723730684889524,45.0,26.398232508581216,21.15,13.46309857937642,0.5,18.601767491418784,-28.786906242615995,-10.185138751197211
66,83.0,-0.30368686,-0.0963998,-0.2008993,342.77,-122.64999999999998,16.323786631622774,5.306320553562703,342.77,-122.64999999999998,33.31684851514208,10.830200249821477,45.0,26.445295057769417,21.15,13.487100479462404,0.5,18.554704942230583,-28.676213368377226,-10.121508426146644
66,85.0,-0.3022666,-0.14563285,-0.21944156,154.14,170.16000000000005,-6.1696438206405215,1.9309173070333263,,,-12.592243037927304,3.94100222365502,25.0,11.892166117818295,11.75,,-0.5,13.107833882181705,-31.169643820640523,-18.061809938458815
66,85.0,-0.30144104,-0.14526078,-0.21998231,92.32000000000004,112.74,-5.317927180297881,1.9389148427458236,,,-10.853889374987974,3.9573251940442256,25.0,7.122646788614155,11.75,,-0.5,17.877353211385845,-30.31792718029788,-12.440573968912036
66,85.0,-0.30071512,-0.14496909,-0.21996073,32.610000000000014,61.29000000000002,-4.375025421933534,1.9461532589025303,,,-8.929426886166343,3.972098801420064,25.0,2.5159175885691893,11.75,,-0.5,22.484082411430812,-29.375025421933536,-6.890943010502724
66,85.0,-0.31236026,-0.16153494,-0.20655048,-59.25999999999999,-38.860000000000014,10.263720633536543,3.523207962517505,,,20.948253813048087,7.190867451498227,20.0,-4.572010926053667,9.4,,0.5,24.572010926053668,-9.736279366463457,14.835731559590212
66,85.0,-0.31075892,-0.16144919,-0.20723182,-28.340000000000032,-14.600000000000025,10.331988498666794,3.5504199740272107,,,21.087588525778926,7.246407166989536,20.0,-2.1864797442517907,9.4,,0.5,22.18647974425179,-9.668011501333206,12.518468242918585
66,85.0,-0.309746,-0.16361952,-0.20998242,40.59000000000003,-49.00999999999999,10.350409443022397,3.573001670758414,,,21.12518567320871,7.292496410017922,20.0,3.131588314014825,9.4,,0.5,16.868411685985176,-9.649590556977603,7.218821129007571
66,86.0,-0.31024998,-0.1480995,-0.22817864,302.54,-135.98000000000002,12.59123997152098,4.451841365495075,302.54,-135.98000000000002,25.69872078187432,9.086208226975447,20.0,23.34148136294763,9.4,11.904155495103293,0.5,-3.341481362947629,-7.408760028479019,-10.750241391426648
66,86.0,-0.30935436,-0.14755033,-0.22817884,306.71000000000004,-137.26,12.758001860419409,4.486791275667411,306.71000000000004,-137.26,26.03908179711601,9.157540993637184,20.0,23.66320403526697,9.4,12.068234057986157,0.5,-3.6632040352669684,-7.241998139580591,-10.90520217484756
66,86.0,-0.30961448,-0.14736353,-0.22799772,308.07000000000005,-141.12,12.88569721177794,4.530202456571432,308.07000000000005,-141.12,26.299708009238778,9.246143213862291,20.0,23.76813037444066,9.4,12.121746490964735,0.5,-3.768130374440659,-7.11430278822206,-10.88243316266272
66,87.0,-0.2866329,-0.1296571,-0.21161307,45.360000000000014,-2.009999999999991,18.233083694664096,6.363306921539579,294.49,41.63,37.21372382080942,12.98750942686228,-45.0,3.499602018322552,-21.15,11.587409108722712,0.5,-48.49960201832255,63.233083694664096,14.733481676341544
66,87.0,-0.28450948,-0.12875621,-0.21200268,138.46000000000004,118.79000000000002,18.52010724260857,6.44503391031888,294.49,41.63,37.79953888216409,13.154314210960834,-45.0,10.682427148521615,-21.15,11.587409108722712,0.5,-55.68242714852161,63.520107242608574,7.837680094086956
66,87.0,-0.28466934,-0.12829305,-0.21051262,294.49,41.63,18.73200831663023,6.505535452407842,294.49,41.63,38.2320289742423,13.277797858364403,-45.0,22.720410017103355,-21.15,11.587409108722712,0.5,-67.72041001710335,63.73200831663023,-3.9884017004731263
66,88.0,-0.29376167,-0.16169691,-0.22549565,260.86,-179.52,42.638307394030846,13.333723802656444,260.86,-179.52,87.02478539121695,27.21413028122181,20.0,20.125797674153898,9.4,10.264156813818488,0.5,-0.12579767415389753,22.638307394030846,22.51250971987695
66,88.0,-0.29289579,-0.16126533,-0.22610228,261.92,-185.01,43.98491419584076,13.682444999246648,261.92,-185.01,89.77320987371098,27.925870243462413,20.0,20.207578497333387,9.4,10.305865033640028,0.5,-0.20757849733338674,23.98491419584076,23.777335698507372
66,88.0,-0.29297611,-0.16012943,-0.22602171,262.22,-197.42,45.26881490007031,13.961525363698648,262.22,-197.42,92.3936512110435,28.495473267308935,20.0,20.230724013327592,9.4,10.317669246797072,0.5,-0.23072401332759185,25.26881490007031,25.03809088674272
66,90.0,-0.33301327,-0.1557928,-0.21793993,182.96000000000004,-79.75,4.502108153771615,1.824039647731022,254.59000000000003,-66.99000000000001,9.188802741847866,3.722864921019016,32.0,14.115678687660802,15.04,10.017448758836345,0.5,17.884321312339196,-27.497891846228384,-9.613570533889188
66,90.0,-0.33360592,-0.15409786,-0.21866548,254.59000000000003,-66.99000000000001,4.432471866046037,1.829915336504971,254.59000000000003,-66.99000000000001,9.04667507859996,3.734857201806646,38.0,19.642056389875187,17.86,10.017448758836345,0.5,18.357943610124813,-33.567528133953964,-15.20958452382915
66,90.0,-0.33255324,-0.15325427,-0.21938492,257.29,-75.88,4.395484441961952,1.8364846125295944,257.29,-75.88,8.971183746044344,3.7482650941729023,38.0,19.85036603382295,17.86,10.123686677249705,0.5,18.14963396617705,-33.604515558038045,-15.454881591861
66,90.0,-0.28914392,-0.31272453,-0.22996004,289.89,10.970000000000027,6.222194929754216,2.500041921205165,289.89,10.970000000000027,12.699499851628357,5.102585561179743,-15.0,22.36551210519233,-7.05,11.40641117364809,0.5,-37.36551210519233,21.222194929754217,-16.143317175438114
66,90.0,-0.28669617,-0.31253675,-0.23130776,78.07000000000005,25.730000000000015,6.275681008443036,2.5109926537531937,289.89,10.970000000000027,12.808664938232235,5.124936006310268,-15.0,6.023234778889809,-7.05,11.40641117364809,0.5,-21.023234778889808,21.275681008443037,0.25244622955322704
66,90.0,-0.28564262,-0.31499335,-0.22923335,8.129999999999995,76.69999999999999,6.345904457133261,2.5220293735597767,289.89,10.970000000000027,12.951990997008986,5.147461951435504,-15.0,0.6272434834427321,-7.05,11.40641117364809,0.5,-15.627243483442733,21.345904457133262,5.718660973690529
66,91.0,-0.30674464,-0.28188583,-0.2186816,-104.04000000000002,-49.56999999999999,-14.946975363343268,5.001774814774294,,,-30.50677671658361,10.208622396954334,-15.0,-8.026864946787441,-7.05,,-0.5,-6.973135053212559,0.053024636656731516,-6.920110416555827
66,91.0,-0.30714372,-0.28203642,-0.21874559,-138.32,-81.48000000000002,-15.120542131676547,5.055166868933847,,,-30.861026490751836,10.31759557949398,-15.0,-10.67162590772432,-7.05,,-0.5,-4.328374092275681,-0.12054213167654737,-4.448916223952228
66,91.0,-0.3066366,-0.28234395,-0.21936746,-153.55,-87.17000000000002,-15.291372131991997,5.099653909239367,,,-31.209690521395665,10.40839362875755,-15.0,-11.846646603029711,-7.05,,-0.5,-3.1533533969702887,-0.29137213199199685,-3.4447255289622856
66,92.0,-0.31874555,-0.2978335,-0.22307529,0.0,0.0,-7.767328410057943,2.643334214937754,,,-15.853117284928262,5.395045132687956,-15.0,0.0,-7.05,,-0.5,-15.0,7.232671589942057,-7.767328410057943
66,92.0,-0.3200748,-0.29587033,-0.22308844,-69.02999999999997,-123.45999999999998,-7.827758583908555,2.658973871082998,,,-15.97645526975736,5.426965670880399,-15.0,-5.3257832302646735,-7.05,,-0.5,-9.674216769735327,7.172241416091445,-2.501975353643881
66,92.0,-0.31890383,-0.29475501,-0.22373311,-74.83999999999997,-147.35000000000002,-7.917949432582533,2.6704645472350577,,,-16.160534791900947,5.450418140906753,-15.0,-5.774034723352284,-7.05,,-0.5,-9.225965276647717,7.082050567417467,-2.1439147092302484
66,93.0,-0.3017242,-0.31208673,-0.23042031,0.0,0.0,-8.688749186556462,3.0192653744196143,,,-17.73373708976174,6.162320629190433,-15.0,0.0,-7.05,,-0.5,-15.0,6.311250813443538,-8.688749186556462
66,93.0,-0.30181324,-0.31344631,-0.23024794,0.0,0.0,-8.753488228211685,3.0414860498762244,,,-17.865869473780048,6.207673027797374,-15.0,0.0,-7.05,,-0.5,-15.0,6.246511771788315,-8.753488228211685
66,93.0,-0.30292422,-0.3156842,-0.22923625,0.0,0.0,-8.816156901472707,3.0583598816550506,,,-17.993776235905795,6.242112518457959,-15.0,0.0,-7.05,,-0.5,-15.0,6.1838430985272925,-8.816156901472707
66,94.0,-0.24292876,-0.15940785,-0.20719276,279.87,-194.57,-10.192557936803208,3.5462215204417977,279.87,-194.57,-20.803010749015343,7.237838123221708,-45.0,21.592451870986164,-21.15,11.012150454202944,-0.5,-66.59245187098617,34.80744206319679,-31.785009807789372
66,94.0,-0.24387865,-0.15776491,-0.20669919,287.27,-190.0,-10.289926415338773,3.5715178869562214,287.27,-190.0,-21.001739813706436,7.289468007277646,-45.0,22.163374598843014,-21.15,11.303321045409938,-0.5,-67.163374598843,34.71007358466123,-32.45330101418179
66,94.0,-0.24276146,-0.15643896,-0.20801823,-32.25999999999999,-73.60000000000002,-10.357701313165364,3.5946021720322423,287.27,-190.0,-21.140068380170504,7.336583033117807,-45.0,-2.488914486575958,-21.15,11.303321045409938,-0.5,-42.51108551342404,34.642298686834636,-7.868786826589407
66,94.0,-0.23115654,-0.14224634,-0.2051141,556.8399999999999,-252.36,-13.591992319568606,4.340784495294543,556.8399999999999,-252.36,-27.74125632423952,8.859541154896162,-45.0,42.96116375402842,-21.15,21.910193514554493,-0.5,-87.96116375402842,31.408007680431396,-56.55315607359702
66,94.0,-0.2309138,-0.141643,-0.20571436,555.3299999999999,-231.11,-13.653768019983223,4.374155146422852,555.3299999999999,-231.11,-27.86734052878576,8.92765065384904,-45.0,42.84466465685763,-21.15,21.850778974997397,-0.5,-87.84466465685763,31.346231980016775,-56.49843267684086
66,94.0,-0.23076284,-0.14264272,-0.2073676,563.79,-245.07,-13.74930690370277,4.411780263283971,563.79,-245.07,-28.062335390457356,9.004443517362585,-45.0,43.49736820789398,-21.15,22.18365778602593,-0.5,-88.49736820789397,31.25069309629723,-57.246675111596744
66,95.0,-0.27752084,-0.32159993,-0.23026705,-177.61,-43.81,24.34620410755213,7.7539478327309155,,,49.690602583513886,15.8258075266038,-15.0,-13.702916985764292,-7.05,,0.5,-1.2970830142357084,39.346204107552126,38.04912109331642
66,95.0,-0.27551475,-0.32345614,-0.23019958,141.27999999999997,-112.18,24.839133874275337,7.851011740297981,,,50.69667223739596,16.023914961948176,-15.0,10.89999499886706,-7.05,,0.5,-25.899994998867058,39.83913387427533,13.939138875408277
66,95.0,-0.27414039,-0.32402399,-0.22971334,53.65999999999997,-72.52999999999997,25.254728430289152,7.939309882631496,,,51.54490072622016,16.20413147045088,-15.0,4.139961294161992,-7.05,,0.5,-19.139961294161992,40.25472843028915,21.11476713612716
66,97.0,-0.28208992,-0.23166573,-0.334149,303.32000000000005,134.89999999999998,17.208495721998165,5.701788027750789,303.32000000000005,134.89999999999998,35.12253976859825,11.63734936463936,-8.0,23.401659704532545,-3.76,11.934846449311598,0.5,-31.401659704532545,25.208495721998165,-6.193163982534379
66,97.0,-0.26297966,-0.21356325,-0.25708261,352.03,-26.069999999999997,17.419085549759988,5.769818225124765,352.03,-26.069999999999997,35.552353607060134,11.776198997479645,9.0,27.15971998479029,4.23,13.851457192243048,0.5,-18.15971998479029,8.419085549759988,-9.740634435030302
66,97.0,-0.24946077,-0.20817626,-0.22491746,328.24,-82.56,17.63335456994601,5.847158073233801,328.24,-82.56,35.98967667725981,11.934049627470188,18.0,25.32428056645049,8.459999999999999,12.915383088889753,0.5,-7.32428056645049,-0.366645430053989,-7.690925996504479
66,97.0,-0.2440304,-0.19084631,-0.20432292,292.65,59.63999999999999,25.270900763540997,8.575533347346981,292.65,59.63999999999999,51.57790845838717,17.50266356193519,38.0,22.57845085233894,17.86,11.51500993469286,0.5,15.42154914766106,-12.729099236459003,2.6924499112020577
66,97.0,-0.24262965,-0.18973756,-0.20363021,-62.309999999999945,173.73000000000002,25.738532601569798,8.75464729449691,292.65,59.63999999999999,52.53234503980395,17.868235128068196,38.0,-4.807323671994664,17.86,11.51500993469286,0.5,42.807323671994666,-12.261467398430202,30.54585627356446
66,97.0,-0.24267814,-0.18975538,-0.20347258,189.5,95.19,26.30203009415595,8.958685121440672,292.65,59.63999999999999,53.68244342217229,18.28467633286041,41.0,14.62025093633429,19.27,11.51500993469286,0.5,26.37974906366571,-14.697969905844051,11.681779157821659
66,98.0,-0.26905647,-0.19632889,-0.2072181,138.12,-62.160000000000025,25.623010871905496,10.7337855871563,,,52.29656518955912,21.907656383386005,20.0,10.656195563728192,9.4,,0.5,9.343804436271808,5.623010871905496,14.966815308177305
66,98.0,-0.26905113,-0.19573684,-0.20690183,129.07000000000005,-67.82,26.09920173785145,10.961297744438014,,,53.2684707469548,22.372008696397987,20.0,9.95797249790326,9.4,,0.5,10.04202750209674,6.099201737851448,16.14122923994819
66,98.0,-0.26635587,-0.19711791,-0.20832863,131.71000000000004,-73.16000000000003,26.579473290082543,11.22037530789998,,,54.24870498505847,22.90078600342386,20.0,10.16165303865219,9.4,,0.5,9.83834696134781,6.579473290082543,16.417820251430353
66,99.0,-0.29730532,-0.17176154,-0.19998133,206.91,63.79000000000002,9.624771830313682,2.82854177170537,,,19.644159305670225,5.7730537560506585,23.0,15.963462381197507,10.81,,0.5,7.036537618802493,-13.375228169686318,-6.338690550883825
66,99.0,-0.29867297,-0.17299119,-0.19965391,210.82000000000005,56.88999999999999,9.700496772028298,2.846320766567606,,,19.79871391170976,5.809340684564483,20.0,16.265125606321877,9.4,,0.5,3.7348743936781226,-10.299503227971702,-6.564628834293579
66,99.0,-0.29873505,-0.17234808,-0.19902843,215.04999999999995,53.22000000000003,9.76566396454714,2.8643118323322403,,,19.931720151640715,5.846060449790103,20.0,16.591477381840043,9.4,,0.5,3.4085226181599566,-10.23433603545286,-6.825813417292903
66,100.0,-0.26313168,-0.32571173,-0.22188181,-2.569999999999993,136.10000000000002,22.286108616192603,6.30765409748334,,,45.4859476856491,12.873922012963495,-15.0,-0.1982799203502851,-7.05,,0.5,-14.801720079649716,37.28610861619261,22.484388536542887
66,100.0,-0.26203218,-0.32686111,-0.2228782,-74.35000000000002,102.06,22.602722014144824,6.411803100437229,,,46.13215563086958,13.086490127992384,-15.0,-5.736230380561767,-7.05,,0.5,-9.263769619438232,37.602722014144824,28.33895239470659
66,100.0,-0.26392287,-0.32866701,-0.22249064,-87.58999999999997,-74.97000000000003,22.98589410526904,6.518728097832275,,,46.9142098688541,13.304724047675672,-15.0,-6.757719153105647,-7.05,,0.5,-8.242280846894353,37.98589410526904,29.743613258374687
66,101.0,-0.213378,-0.39831835,-0.3857137,-669.99,37.23000000000002,-7.382895022005885,2.230303357153553,-669.99,37.23000000000002,-15.06848873991401,4.552049151950401,-39.0,-50.5339908287297,-18.33,-25.772335322652147,-0.5,11.5339908287297,31.617104977994117,43.151095806723816
66,101.0,-0.21135062,-0.40979925,-0.37111935,-828.48,-128.26999999999998,-7.320736175046902,2.2416155084122065,-828.48,-128.26999999999998,-14.941622533270728,4.575137252669313,-45.0,-56.64787887859678,-21.15,-28.89041822808436,-0.5,11.647878878596778,37.6792638249531,49.327142703549875
66,101.0,-0.21236706,-0.42880425,-0.34686235,-859.72,-147.51999999999998,-7.454907963629644,2.253046565508617,-859.72,-147.51999999999998,-15.215467153768104,4.598468040203088,-45.0,-57.85298874469462,-21.15,-29.505024259794254,-0.5,12.85298874469462,37.545092036370356,50.39808078106498
66,101.0,-0.19733527,-0.1943208,-0.20369422,220.74,-137.47000000000003,-11.218169331396064,3.460328232354557,-859.72,-147.51999999999998,-22.896283605379367,7.062529922235652,-45.0,17.030470668529983,-21.15,-29.505024259794254,-0.5,-62.030470668529986,33.78183066860394,-28.24863999992605
66,101.0,-0.19709265,-0.19513051,-0.20505272,229.69000000000003,-159.12,-11.284030263102522,3.484298746559791,-859.72,-147.51999999999998,-23.03070576699225,7.111453741728534,-45.0,17.720978562356855,-21.15,-29.505024259794254,-0.5,-62.720978562356855,33.71596973689748,-29.005008825459377
66,101.0,-0.19593056,-0.19326749,-0.20442539,240.29,-167.58999999999995,-11.362821971318413,3.5113038050996948,-859.72,-147.51999999999998,-23.19151964346088,7.166571066208478,-45.0,18.5387867941518,-21.15,-29.505024259794254,-0.5,-63.538786794151804,33.63717802868159,-29.901608765470215
66,102.0,-0.23651795,-0.19239964,-0.20077202,153.39,-120.44,13.350200559918916,3.715651767419069,,,27.247759342794502,7.58364525730232,45.0,11.834302327832804,21.15,,0.5,33.1656976721672,-31.649799440081082,1.515898232086112
66,102.0,-0.2366547,-0.19211832,-0.20001993,152.52999999999997,-121.43,13.417464557827158,3.744922298719578,,,27.385045162525227,7.643386411686659,45.0,11.76795184864944,21.15,,0.5,33.23204815135056,-31.58253544217284,1.649512709177717
66,102.0,-0.23731975,-0.19021495,-0.1997814,154.20000000000005,-119.93,13.47940624537438,3.777645747391567,,,27.511468146809108,7.710174970426188,45.0,11.89679522101714,21.15,,0.5,33.10320477898286,-31.520593754625622,1.5826110243572398
66,103.0,-0.24249469,-0.3767539,-0.23214252,-201.45,-75.57,14.17189897814829,5.555563522952091,,,28.92484581440066,11.338905150345216,-42.0,-15.542213990103129,-19.74,,0.5,-26.45778600989687,56.17189897814829,29.71411296825142
66,103.0,-0.24266753,-0.37796468,-0.23172624,95.26999999999998,-89.61000000000001,14.279947058522978,5.624323854472027,,,29.1453719464454,11.479244986977408,-42.0,7.350244362557086,-19.74,,0.5,-49.350244362557085,56.27994705852298,6.929702695965893
66,103.0,-0.24179707,-0.38031363,-0.23426083,87.08000000000004,-95.86,14.477961223024012,5.681767623474904,,,29.54951885619201,11.59648771951228,-42.0,6.718371775915518,-19.74,,0.5,-48.718371775915514,56.47796122302401,7.759589447108494
66,104.0,-0.24425834,-0.16584994,-0.19732767,189.04,-143.95999999999998,-41.86617790029446,12.094116562634465,,,-85.44886909450099,24.68409190433693,45.0,14.584761145143188,21.15,,-0.5,30.41523885485681,-86.86617790029446,-56.45093904543765
66,104.0,-0.24464194,-0.16409709,-0.19570597,189.04,-143.51,-42.97837662007863,12.272313198187906,,,-87.71886668158048,25.047791237501517,45.0,14.584761145143188,21.15,,-0.5,30.41523885485681,-87.97837662007862,-57.56313776522182
66,104.0,-0.2426585,-0.1635606,-0.19577053,196.85,-141.95999999999998,-43.944922540707616,12.4481154773571,,,-89.69158690558424,25.40660368928584,45.0,15.187316078192111,21.15,,-0.5,29.81268392180789,-88.94492254070761,-59.13223861889973
66,105.0,-0.23390345,-0.14739014,-0.20009871,61.66999999999996,-87.74000000000001,15.731211501231837,4.381740266628213,,,32.107402674014175,8.94313188418818,45.0,4.757946571207046,21.15,,0.5,40.24205342879296,-29.268788498768163,10.97326493002479
66,105.0,-0.2327311,-0.14470242,-0.19878325,62.84000000000003,-87.45999999999998,15.917436641428012,4.436431537868381,,,32.487488185154575,9.054756768789364,45.0,4.848214083584418,21.15,,0.5,40.151785916415584,-29.08256335857199,11.069222557843593
66,105.0,-0.23271362,-0.14130791,-0.19821519,76.35000000000002,-88.64999999999998,16.12822182518092,4.492353839233713,,,32.91770074519425,9.168894185876008,45.0,5.890533820523078,21.15,,0.5,39.109466179476925,-28.87177817481908,10.23768800465784
66,106.0,-0.24518669,-0.15480463,-0.20286174,220.09000000000003,-75.91000000000003,34.95284096265522,10.400835147089255,250.14,-58.370000000000005,71.33874840477931,21.228104535209177,41.0,16.980322050542554,19.27,9.842352930340244,0.5,24.019677949457446,-6.047159037344777,17.97251891211267
66,106.0,-0.24479991,-0.15516588,-0.20212564,233.74,-66.25999999999999,35.69771621862485,10.68091923364256,250.14,-58.370000000000005,72.8590388022133,21.799756155864465,41.0,18.03344302827851,19.27,9.842352930340244,0.5,22.96655697172149,-5.302283781375152,17.66427319034634
66,106.0,-0.24293047,-0.15351096,-0.2009422,250.14,-58.370000000000005,36.67121435338457,10.999611560106286,250.14,-58.370000000000005,74.8459484952579,22.450207194176933,41.0,19.298731235961263,19.27,9.842352930340244,0.5,21.701268764038737,-4.3287856466154295,17.372483117423307
66,107.0,-0.26293883,-0.14500704,-0.20126502,136.64,-56.25,27.018497620805952,8.496131914046545,,,55.14475364406495,17.340605236568997,38.0,10.54201101815682,17.86,,0.5,27.45798898184318,-10.981502379194048,16.476486602649132
66,107.0,-0.26382521,-0.14562264,-0.20189568,74.84000000000003,-54.860000000000014,27.422540692322563,8.685165336845285,,,55.96940555303035,17.726422452501225,38.0,5.774034723352289,17.86,,0.5,32.22596527664771,-10.577459307677437,21.648505968970277
66,107.0,-0.26281485,-0.14556518,-0.20229603,79.16999999999996,-64.24000000000001,27.682317011503187,8.844849994867547,,,56.499609020478005,18.052338839524666,38.0,6.108101670868524,17.86,,0.5,31.891898329131475,-10.317682988496813,21.574215340634662
66,109.0,-0.19731843,-0.14921851,-0.20216651,-123.02999999999996,-100.39,7.0381286123704845,2.3346974167157897,257.79,-101.93,14.36482049784816,4.765117427516927,-45.0,-9.491976109220092,-21.15,10.143360365844773,0.5,-35.50802389077991,52.038128612370485,16.530104721590575
66,109.0,-0.19682561,-0.14852379,-0.20251261,257.79,-101.93,7.1122860768933664,2.345756274694292,257.79,-101.93,14.51617588293936,4.787688556651049,-45.0,19.88894189381328,-21.15,10.143360365844773,0.5,-64.88894189381328,52.11228607689337,-12.776655816919913
66,109.0,-0.19615605,-0.14845558,-0.20393732,252.28,-112.26999999999998,7.061795297573362,2.356943473952097,252.28,-112.26999999999998,14.413124202347232,4.810521630336229,-45.0,19.463835916719862,-21.15,9.92655631752713,0.5,-64.46383591671986,52.06179529757336,-12.4020406191465
66,109.0,-0.22348109,-0.18453583,-0.21465962,-185.72000000000003,-44.370000000000005,39.89133837693866,13.309009087358216,252.28,-112.26999999999998,81.4182216273318,27.16368754729812,41.0,-14.328617434807413,19.27,9.92655631752713,0.5,55.32861743480741,-1.1086616230613373,54.219955811746075
66,109.0,-0.22313927,-0.18350612,-0.21591862,228.49,-78.08999999999997,40.90698634277437,13.672830569225724,252.28,-112.26999999999998,83.4911591256025,27.906247191789703,41.0,17.628396498380067,19.27,9.92655631752713,0.5,23.371603501619933,-0.09301365722563304,23.2785898443943
66,109.0,-0.22333631,-0.18334587,-0.21532603,225.79999999999995,-83.93,41.74393367038128,14.046261251227852,252.28,-112.26999999999998,85.19936862124818,28.66841921375605,41.0,17.420858371632097,19.27,9.92655631752713,0.5,23.579141628367903,0.7439336703812813,24.323075298749185
66,110.0,-0.21058127,-0.34111565,-0.2302064,-248.03,-19.149999999999977,30.448492172521817,9.81720183438933,,,62.14537252411703,20.036908943988625,-42.0,-19.135941106802075,-19.74,,0.5,-22.864058893197925,72.44849217252181,49.58443327932389
66,110.0,-0.20996369,-0.34158137,-0.22989674,-193.05,25.44999999999999,31.187657028278117,10.097746181895529,,,63.65400799471563,20.60949995724877,-42.0,-14.89413954226562,-19.74,,0.5,-27.10586045773438,73.18765702827812,46.08179657054374
66,110.0,-0.20894407,-0.34006226,-0.23015776,-111.8,83.57,31.951029112127053,10.419425089658697,,,65.21205041785132,21.266046607993403,-42.0,-8.62556229383733,-19.74,,0.5,-33.37443770616267,73.95102911212706,40.57659140596438
66,111.0,-0.25858149,-0.18166828,-0.19989587,292.59000000000003,189.79,-17.67034505692388,5.771983068420195,292.59000000000003,189.79,-36.06517426118163,11.78061744264562,38.0,22.57382174914011,17.86,11.512649092061457,-0.5,15.426178250859891,-55.67034505692388,-40.24416680606399
66,111.0,-0.25922111,-0.1810914,-0.19949864,283.39,181.19,-17.885187574179014,5.828132946552614,283.39,181.19,-36.50366783889937,11.895219343913883,38.0,21.86402592531807,17.86,11.150653221912217,-0.5,16.13597407468193,-55.885187574179014,-39.74921349949709
66,111.0,-0.25882512,-0.18187073,-0.2015252,297.96000000000004,13.680000000000009,-18.18137222424137,5.891555618811756,297.96000000000004,13.680000000000009,-37.10818070967663,12.024665017994794,38.0,22.98812648543623,17.86,11.723944507572478,-0.5,15.01187351456377,-56.18137222424137,-41.1694987096776
66,112.0,-0.23374443,-0.16390046,-0.20046821,307.14,-80.38999999999999,14.31862890551119,4.329168232431269,307.14,-80.38999999999999,29.22432159614834,8.835832362392221,45.0,23.696379274858646,21.15,12.08515343017791,0.5,21.303620725141354,-30.68137109448881,-9.377750369347456
66,112.0,-0.23223521,-0.16428716,-0.20102943,292.65,112.76999999999998,14.574426870679304,4.383603378384234,292.65,112.76999999999998,29.746405243056454,8.946934495282223,41.0,22.57845085233894,19.27,11.51500993469286,0.5,18.42154914766106,-26.425573129320696,-8.004023981659635
66,112.0,-0.22998118,-0.16308144,-0.20139404,307.73,126.57999999999998,14.729769518843211,4.433698637956277,307.73,126.57999999999998,30.063459587958995,9.04917892006876,41.0,23.74189878964724,19.27,12.10836838272009,0.5,17.25810121035276,-26.270230481156787,-9.01212927080403
66,113.0,-0.24780191,-0.16461523,-0.20048517,214.03,68.24000000000001,29.737709722976483,9.820263537826465,,,60.694665544595,20.04315788070381,32.0,16.512782627459778,15.04,,0.5,15.487217372540222,-2.262290277023517,13.224927095516705
66,113.0,-0.24743174,-0.16355021,-0.1995346,223.95000000000005,5.860000000000014,30.562464054374576,10.134155272113048,,,62.377989134978506,20.68381091038273,32.0,17.27812768966789,15.04,,0.5,14.72187231033211,-1.4375359456254238,13.284336364706686
66,113.0,-0.24540494,-0.1619119,-0.19931418,225.14,-42.98000000000002,31.334942073294823,10.431975524874195,,,63.95461677159473,21.291662046268232,32.0,17.369938236444863,15.04,,0.5,14.630061763555137,-0.6650579267051775,13.96500383684996
66,114.0,-0.24056408,-0.1951893,-0.20358621,134.72000000000003,-111.08999999999996,19.01161497140268,5.869422348477374,,,38.80270615663287,11.97949101324232,32.0,10.393879715793965,15.04,,0.5,21.606120284206035,-12.988385028597321,8.617735255608714
66,114.0,-0.24012502,-0.19411068,-0.20396787,142.96000000000004,-92.51,19.3131726689592,5.974250048189668,,,39.418185417345725,12.193444348355111,32.0,11.02960988843457,15.04,,0.5,20.97039011156543,-12.6868273310408,8.283562780524631
66,114.0,-0.24007395,-0.19490598,-0.20431405,202.67,-8.910000000000025,19.57171858843795,6.072412868885772,,,39.94587763900186,12.39379466539586,32.0,15.636339088479524,15.04,,0.5,16.363660911520476,-12.42828141156205,3.935379499958426
66,115.0,-0.20729485,-0.35040173,-0.22706661,-291.09,-103.26999999999998,10.096575326279748,3.8749231325755966,-291.09,-103.26999999999998,20.607110240936965,7.908718113586792,-42.0,-22.45809416916912,-19.74,-11.453628026276252,0.5,-19.54190583083088,52.09657532627975,32.55466949544886
66,115.0,-0.20368098,-0.35006204,-0.22865058,-277.72,-86.88,10.23426110602284,3.9081800552162513,-277.72,-86.88,20.88812691739261,7.976595492696369,-45.0,-21.42657567302776,-21.15,-10.927553593244156,0.5,-23.57342432697224,55.23426110602284,31.660836779050598
66,115.0,-0.20236842,-0.35275722,-0.22917581,-235.67,-62.47000000000003,10.334063208457234,3.935780559808032,-277.72,-86.88,21.091823008461212,8.032928122568194,-45.0,-18.182345847841173,-21.15,-10.927553593244156,0.5,-26.817654152158827,55.33406320845724,28.516409056298407
66,116.0,-0.23805562,-0.35273534,-0.23138116,461.3,276.27,-31.43976966682169,10.042918583104504,461.3,276.27,-64.16856988998306,20.49759682811629,-35.0,35.59008842707655,-16.45,18.150945097809043,-0.5,-70.59008842707655,3.5602303331783105,-67.02985809389824
66,116.0,-0.23725282,-0.35445303,-0.23156103,418.97,456.14,-32.22315345992701,10.22851817064379,461.3,276.27,-65.76745621171104,20.87640558628398,-42.0,32.3242561202954,-19.74,18.150945097809043,-0.5,-74.3242561202954,9.776846540072988,-64.54740958022242
66,116.0,-0.23167823,-0.35337403,-0.234098,415.75,457.93,-32.77363528530755,10.383224931065062,461.3,276.27,-66.8909896173127,21.192162084303792,-42.0,32.07582758195768,-19.74,18.150945097809043,-0.5,-74.07582758195768,9.226364714692451,-64.84946286726523
66,117.0,-0.22832625,-0.17299794,-0.19917704,246.4,-135.16000000000005,-19.3045966448757,9.540111311484443,,,-39.4006817521913,19.471367186739755,32.0,19.010183803233605,15.04,,-0.5,12.989816196766395,-51.3045966448757,-38.3147804481093
66,117.0,-0.229542,-0.17208596,-0.20035701,195.19000000000003,-117.10000000000002,-19.564626002585257,9.660520454534009,,,-39.93140167127651,19.717122247703912,32.0,15.059244223024226,15.04,,-0.5,16.940755776975774,-51.56462600258526,-34.62387022560948
66,117.0,-0.22471248,-0.16881371,-0.19999756,240.74,-92.86,-19.74067352303777,9.760880564420267,,,-40.290714660520095,19.921957231981764,38.0,18.5735050681431,17.86,,-0.5,19.4264949318569,-57.74067352303777,-38.31417859118087
66,118.0,-0.21750663,-0.13257276,-0.20084593,328.95000000000005,-120.49,18.74300915615116,5.450419149333188,328.95000000000005,-120.49,38.25448168770451,11.124305483789032,45.0,25.37905828763676,21.15,12.943319726694746,0.5,19.62094171236324,-26.25699084384884,-6.636049131485599
66,118.0,-0.21500073,-0.13108976,-0.2020826,374.36,-110.17000000000002,19.09622479537837,5.524369661433202,374.36,-110.17000000000002,38.97539480736725,11.275238478985164,45.0,28.88251789195834,21.15,14.730084124898754,0.5,16.11748210804166,-25.90377520462163,-9.786293096579971
66,118.0,-0.21478178,-0.12886348,-0.20201011,435.52,-62.24000000000001,19.484490215583776,5.617080728705617,435.52,-62.24000000000001,39.767844530006485,11.464461767288164,45.0,33.60111708597525,21.15,17.136569713847376,0.5,11.398882914024753,-25.515509784416224,-14.116626870391471
66,1.0,-0.30986902,-0.34783587,-0.22603843,-154.32,96.27999999999996,-8.116715895570783,1.0932825990787545,,,-16.56621714285997,2.231389784719738,-15.0,-11.906053427414816,-7.05,,-0.5,-3.0939465725851836,6.883284104429217,3.7893375318440334
66,1.0,-0.3068158,-0.3499164,-0.22336309,-100.92000000000002,-8.899999999999977,-8.14055415377667,1.0969393197843065,,,-16.614871027858182,2.238853151679769,-15.0,-7.786151580447793,-7.05,,-0.5,-7.213848419552207,6.8594458462233305,-0.35440257332887626
66,1.0,-0.30541188,-0.35286319,-0.22230336,129.13,50.13,-8.23671162186426,1.1009928289264015,,,-16.811128420224954,2.247126363838785,-15.0,9.962601601102094,-7.05,,-0.5,-24.962601601102094,6.763288378135741,-18.199313222966353
66,1.0,-0.31124142,-0.13558257,-0.19459851,-186.15,-68.51999999999998,-13.335681084761518,1.8278005252433327,,,-27.218125093998257,3.730540872021642,32.0,-14.36179267439909,15.04,,-0.5,46.36179267439909,-45.33568108476152,1.0261115896375728
66,1.0,-0.31176803,-0.13629323,-0.19450073,-178.87,-74.68,-13.396260925271465,1.8376345520035784,,,-27.341768548479056,3.7506121206393033,32.0,-13.80012815293992,15.04,,-0.5,45.80012815293992,-45.39626092527146,0.40386722766845473
66,1.0,-0.31084171,-0.13613066,-0.19528879,-72.66000000000003,-39.48000000000002,-13.457382001077349,1.8475677845784448,,,-27.466516664198867,3.770885848324605,32.0,-5.605843973794459,15.04,,-0.5,37.60584397379446,-45.45738200107735,-7.851538027282889
66,2.0,-0.2995297,-0.36948729,-0.23868006,144.89999999999998,214.86,12.443156849804824,2.006176604200504,360.26,127.5,25.39648313045165,4.094606449173227,-26.0,11.179284225197035,-12.22,14.175286106517854,0.5,-37.17928422519704,38.44315684980482,1.2638726246077887
66,2.0,-0.29889277,-0.36565423,-0.23872486,233.05999999999997,182.11,12.451594990953394,2.018076998072691,360.26,127.5,25.41370537653588,4.118895153066362,-26.0,17.980979858691658,-12.22,14.175286106517854,0.5,-43.980979858691654,38.451594990953396,-5.529384867738264
66,2.0,-0.29799727,-0.36570397,-0.23888743,360.26,127.5,12.35503125238708,2.0279006741040924,360.26,127.5,25.21661878612203,4.138945275846451,-26.0,27.794678640231087,-12.22,14.175286106517854,0.5,-53.79467864023108,38.35503125238708,-15.439647387844007
66,3.0,-0.30615845,-0.10243219,-0.19795668,-198.77,-71.36000000000001,-19.57973630824364,4.02386575136984,,,-39.96224180512527,8.212709998545844,41.0,-15.33544738055497,19.27,,-0.5,56.33544738055497,-60.57973630824364,-4.24428892768867
66,3.0,-0.30528682,-0.10127051,-0.19794859,-148.22000000000003,23.980000000000015,-19.635464096053624,4.056188096292573,,,-40.07598222004545,8.278679904533142,41.0,-11.435427935532818,19.27,,-0.5,52.435427935532815,-60.635464096053624,-8.200036160520806
66,3.0,-0.30480811,-0.10159839,-0.20021275,223.4,166.62,-19.692053593268668,4.08895311220391,,,-40.19148138386135,8.345553302008181,41.0,17.235694243678523,19.27,,-0.5,23.764305756321477,-60.69205359326867,-36.92774783694719
66,4.0,-0.2962839,-0.05669501,-0.20373484,227.72000000000003,-23.970000000000027,19.41110728015831,3.086211665560956,,,39.61806995880311,6.298958009409908,45.0,17.568989673994963,21.15,,0.5,27.431010326005037,-25.58889271984169,1.8421176061633453
66,4.0,-0.29718974,-0.05537914,-0.20243824,12.0,4.45999999999998,19.614709129157237,3.110154388643082,,,40.03362133260991,6.34782510722053,45.0,0.9258206397678708,21.15,,0.5,44.07417936023213,-25.385290870842763,18.688888489389367
66,4.0,-0.2952669,-0.05490069,-0.20456627,-41.01999999999998,96.26999999999998,19.681650397534384,3.134426300730736,,,40.17024846136768,6.39736407979143,45.0,-3.164763553606503,21.15,,0.5,48.164763553606505,-25.318349602465616,22.846413951140885
66,5.0,-0.31370714,-0.10412456,-0.21005225,312.14,47.13,25.597549163123254,4.255570149506012,312.14,47.13,52.24459784193457,8.685618675141768,37.0,24.082137874761926,17.39,12.281890316128584,0.5,12.917862125238074,-11.402450836876746,1.515411288361328
66,5.0,-0.31269905,-0.10420096,-0.21004082,114.44000000000004,154.32999999999998,25.89762234156456,4.296998513642228,312.14,47.13,52.857047199133255,8.770173966343787,37.0,8.829242834586264,17.39,12.281890316128584,0.5,28.170757165413736,-11.10237765843544,17.068379506978296
66,5.0,-0.31449714,-0.10514703,-0.20917864,88.74000000000001,153.39,26.201886409134826,4.339074043749763,312.14,47.13,53.47805016104418,8.856050123293265,37.0,6.846443631083404,17.39,12.281890316128584,0.5,30.153556368916597,-10.798113590865174,19.355442778051422
66,6.0,-0.31067631,-0.10836971,-0.20690964,417.3200000000001,-73.42000000000002,14.776500673017663,2.265048309162609,417.3200000000001,-73.42000000000002,30.158837873629054,4.622963599000885,38.0,32.196955782327315,17.86,16.42044744898693,0.5,5.803044217672685,-23.223499326982335,-17.42045510930965
66,6.0,-0.31186616,-0.1067805,-0.21062858,386.89,48.44999999999999,14.855395299785757,2.278692238372344,386.89,48.44999999999999,30.319861806862725,4.6508108585179535,38.0,29.849228943315957,17.86,15.223106761091136,0.5,8.150771056684043,-23.144604700214245,-14.9938336435302
66,6.0,-0.31340995,-0.10616756,-0.2062148,393.93,55.00999999999999,14.93497167141885,2.2924789380622315,393.93,55.00999999999999,30.482277181365877,4.678949512585014,38.0,30.39237705197977,17.86,15.500112296509684,0.5,7.607622948020229,-23.06502832858115,-15.457405380560921
66,7.0,-0.30606076,-0.09028106,-0.20036848,843.25,-6.939999999999998,15.957209563893574,2.184228674732073,843.25,-6.939999999999998,32.568664719906785,4.458010725128162,41.0,57.217644330653926,19.27,29.1809986086335,0.5,-16.217644330653926,-25.042790436106426,-41.260434766760355
66,7.0,-0.30371457,-0.09047236,-0.20145747,980.19,-21.20999999999998,16.124049169064772,2.200728300918099,980.19,-21.20999999999998,32.9091843540612,4.491686462173838,41.0,62.50022259772943,19.27,31.87511352484201,0.5,-21.500222597729433,-24.875950830935228,-46.37617342866466
66,7.0,-0.30329025,-0.08907095,-0.20296238,1023.26,-0.6700000000000159,16.221731486247737,2.21744859339264,1023.26,-0.6700000000000159,33.10855396343163,4.52581257911438,45.0,64.16168488751286,21.15,32.72245929263156,0.5,-19.161684887512862,-28.778268513752263,-47.93995340126513
66,8.0,-0.28854465,-0.08187209,-0.19546051,384.17,-132.93,19.951671606335594,3.121307107268961,384.17,-132.93,40.72136174853095,6.370587805935948,45.0,29.63937626496857,21.15,15.11608189513397,0.5,15.360623735031432,-25.048328393664406,-9.687704658632974
66,8.0,-0.29004011,-0.08081203,-0.19601813,384.97,-143.63,20.090536202000862,3.145747723139664,384.97,-143.63,41.00478438828376,6.420471102928055,45.0,29.7010976409531,21.15,15.147559796886082,0.5,15.298902359046899,-24.909463797999138,-9.610561438952239
66,8.0,-0.28885326,-0.08092188,-0.19761217,306.13,-153.55,20.231607904561827,3.170526776789813,306.13,-153.55,41.29271173321069,6.471045151428008,45.0,23.618456037678182,21.15,12.045412579215876,0.5,21.381543962321818,-24.768392095438173,-3.386848133116356
66,9.0,-0.27588403,-0.04108488,-0.19392397,481.81,-186.36,23.11027156339024,3.856137574318668,481.81,-186.36,47.16806426087948,7.870376789184398,-45.0,37.17247020387981,-21.15,18.9579598039787,0.5,-82.17247020387981,68.11027156339024,-14.062198640489573
66,9.0,-0.2763468,-0.04099439,-0.19344315,-33.73000000000002,-86.97000000000003,23.23346460443865,3.891458059002981,481.81,-186.36,47.41950125765929,7.94246589842508,-45.0,-2.6023275149475245,-21.15,18.9579598039787,0.5,-42.397672485052475,68.23346460443865,25.835792119386177
66,9.0,-0.27682379,-0.04127942,-0.19287056,-63.77999999999997,-72.63,23.498148408487435,3.9273462722835593,481.81,-186.36,47.95972090172285,8.015713741730746,-45.0,-4.920736700366231,-21.15,18.9579598039787,0.5,-40.079263299633766,68.49814840848744,28.418885108853665
66,10.0,-0.2842257,-0.00550225,-0.19331351,590.71,-160.61,29.706126895058933,5.055881452442288,590.71,-160.61,60.63020499281528,10.319054044434711,45.0,45.57429250977325,21.15,23.24288917998436,0.5,-0.574292509773251,-15.293873104941067,-15.868165614714318
66,10.0,-0.28477016,-0.00510671,-0.19253269,230.5,-111.76999999999998,30.07199814445049,5.110267165267066,590.71,-160.61,61.37694821282345,10.43005528431008,45.0,17.783471455541182,21.15,23.24288917998436,0.5,27.216528544458818,-14.92800185554951,12.288526688909307
66,10.0,-0.28308687,-0.00467204,-0.19266967,232.46000000000004,-121.85000000000002,30.594898850081517,5.16545336319607,590.71,-160.61,62.44418855301637,10.542690314283178,45.0,17.93468882670327,21.15,23.24288917998436,0.5,27.06531117329673,-14.405101149918483,12.660210023378248
66,11.0,-0.31501621,-0.07894573,-0.19960856,-82.80999999999995,22.120000000000005,53.3848978467654,8.273121901908326,,,108.95857650524816,16.88544180179489,45.0,-6.3889339315981095,21.15,,0.5,51.38893393159811,8.384897846765398,59.77383177836351
66,11.0,-0.31207031,-0.07621531,-0.1994897,-88.11000000000001,23.360000000000014,54.32398874369318,8.340830347391005,,,110.87526102587778,17.02363473902504,45.0,-6.797838047495591,21.15,,0.5,51.79783804749559,9.323988743693178,61.12182679118877
66,11.0,-0.31208038,-0.07643005,-0.19924931,28.590000000000032,-5.360000000000014,55.28093259446223,8.406018883373122,,,112.8283834252974,17.15668454096454,45.0,2.205767674246954,21.15,,0.5,42.79423232575304,10.280932594462229,53.07516492021527
66,13.0,-0.33351985,-0.10700925,-0.20716347,-22.149999999999977,77.22000000000003,8.191408874561727,1.271206684423802,270.54999999999995,-158.88,16.718665512980483,2.59453284290898,32.0,-1.7089105975715262,15.04,10.645432898790888,0.5,33.708910597571524,-23.808591125438273,9.900319472133253
66,13.0,-0.33329919,-0.10523424,-0.20778474,53.28999999999997,49.160000000000025,8.284356279555585,1.2746404624881622,270.54999999999995,-158.88,16.908371166572948,2.6015411839383384,32.0,4.11141515776915,15.04,10.645432898790888,0.5,27.88858484223085,-23.715643720444415,4.172941121786435
66,13.0,-0.33269066,-0.10537113,-0.207442,63.32000000000005,39.69999999999999,8.311143053810758,1.2794020609171892,270.54999999999995,-158.88,16.963042972827758,2.6112596063319837,32.0,4.885246909175135,15.04,10.645432898790888,0.5,27.114753090824866,-23.68885694618924,3.4258961446356233
66,13.0,-0.34182343,-0.09601062,-0.19582529,270.54999999999995,-158.88,11.765474022937878,2.018938167653616,270.54999999999995,-158.88,24.01333248081621,4.120652800181031,25.0,20.873397840766447,11.75,10.645432898790888,0.5,4.126602159233553,-13.234525977062122,-9.107923817828569
66,13.0,-0.34189034,-0.09597019,-0.19569784,290.35,-130.45,11.79471320375369,2.0278152677812127,290.35,-130.45,24.07300964886128,4.138770961541455,25.0,22.40100189638344,11.75,11.424510967155555,0.5,2.598998103616559,-13.20528679624631,-10.606288692629752
66,13.0,-0.34151989,-0.09692927,-0.19645675,342.6,-75.13999999999999,11.85876486736762,2.04014079336658,342.6,-75.13999999999999,24.203739094297312,4.163927359261189,25.0,26.43217926537271,11.75,13.480411425340082,0.5,-1.4321792653727101,-13.14123513263238,-14.57341439800509
66,14.0,-0.30261347,-0.09894541,-0.19989637,210.19000000000003,127.99,15.983012127790971,2.732206327515456,-501.0,-208.5,32.62132775282137,5.576433114459045,45.0,16.216520022734066,21.15,-19.713035972257384,0.5,28.783479977265934,-29.01698787220903,-0.2335078949430951
66,14.0,-0.30394396,-0.09789404,-0.19882768,-501.0,-208.5,15.838616378760388,2.747812789812544,-501.0,-208.5,32.32661602904995,5.608285904007401,45.0,-38.6530117103086,21.15,-19.713035972257384,0.5,83.65301171030859,-29.16138362123961,54.49162808906898
66,14.0,-0.30425441,-0.09742635,-0.19957121,-499.0,-205.5,15.863045670893111,2.7695154271221183,-499.0,-205.5,32.37647621429284,5.652580986756243,45.0,-38.49870827034729,21.15,-19.63434121787712,0.5,83.4987082703473,-29.13695432910689,54.361753941240394
66,15.0,-0.31651387,-0.05933408,-0.19908744,-12.649999999999975,194.04,18.541438571470422,3.2062220384386078,,,37.84307612437114,6.543899180453195,45.0,-0.9759692577552952,21.15,,0.5,45.975969257755295,-26.458561428529578,19.517407829225718
66,15.0,-0.31708375,-0.06247394,-0.19902761,9.120000000000005,209.69,18.776842664025168,3.23508480755976,,,38.32353587727537,6.602808092229468,45.0,0.7036236862235821,21.15,,0.5,44.29637631377642,-26.223157335974832,18.073218977801584
66,15.0,-0.31513757,-0.06647719,-0.19747438,27.29000000000002,230.19,18.98712020367384,3.259048941743682,,,38.75271233569831,6.651718890098856,45.0,2.105470438272101,21.15,,0.5,42.8945295617279,-26.01287979632616,16.88164976540174
66,16.0,-0.3399899,-0.10411353,-0.20027766,361.41,100.51999999999998,31.134210059994057,5.47100183249675,361.41,100.51999999999998,63.544922732447866,11.166314740125866,32.0,27.88340311820884,15.04,14.220535590286508,0.5,4.1165968817911605,-0.8657899400059428,3.2508069417852177
66,16.0,-0.34080517,-0.1034422,-0.20030047,355.58000000000004,93.35000000000002,31.44673201837136,5.527624282262721,355.58000000000004,93.35000000000002,64.18278004949593,11.281881160098212,32.0,27.433608590721622,15.04,13.991140381268028,0.5,4.566391409278378,-0.5532679816286397,4.013123427649738
66,16.0,-0.34087837,-0.10267932,-0.20143992,336.54999999999995,77.08999999999997,31.750931199811568,5.597931218569199,336.54999999999995,77.08999999999997,64.80365057881541,11.425377617099734,32.0,25.96541135948974,15.04,13.242359793339768,0.5,6.034588640510261,-0.24906880018843225,5.785519840321829
66,18.0,-0.25775182,-0.08588248,-0.20145363,174.44000000000003,67.93,-33.635140189184426,5.433423672460672,,,-68.64932112612541,11.089617715492228,-45.0,13.458346033425617,-21.15,,-0.5,-58.45834603342561,11.364859810815574,-47.09348622261004
66,18.0,-0.25625449,-0.08504429,-0.2016239,119.77999999999996,202.74,-34.12117804046943,5.491599566338351,,,-69.6413243805981,11.208354714896572,45.0,9.24123301928296,21.15,,-0.5,35.75876698071704,-79.12117804046943,-43.36241105975239
66,18.0,-0.2539399,-0.08482314,-0.20106609,91.89999999999998,157.81,-34.6184415469984,5.556430601991886,,,-70.65623919742373,11.34067485866544,45.0,7.090243066222274,21.15,,-0.5,37.90975693377773,-79.6184415469984,-41.70868461322067
66,19.0,-0.30305776,-0.31333995,-0.29010755,0.0,0.0,21.60626189946341,4.503690220607883,-340.87,12.54000000000002,44.098380536804825,9.192031740260688,-21.0,0.0,-9.87,-13.412340462801149,0.5,-21.0,42.606261899463405,21.60626189946341
66,19.0,-0.28768536,-0.35273293,-0.26638222,40.46000000000004,-44.610000000000014,21.833207139667184,4.549169746822962,-340.87,12.54000000000002,44.56157577206072,9.284855453265664,-26.0,3.12155859041734,-12.22,-13.412340462801149,0.5,-29.12155859041734,47.83320713966718,18.711648549249844
66,19.0,-0.27662623,-0.3737416,-0.24500196,-215.65,-27.370000000000005,21.9629435035582,4.5742806333698205,-340.87,12.54000000000002,44.82636769076228,9.3361067727078,-33.0,-16.63776841382844,-15.51,-13.412340462801149,0.5,-16.36223158617156,54.9629435035582,38.60071191738664
66,19.0,-0.28919166,-0.38454804,-0.22453186,-340.87,12.54000000000002,24.14578736738035,5.105545003628491,-340.87,12.54000000000002,49.28155201682329,10.42041735240575,-35.0,-26.29870678980617,-16.45,-13.412340462801149,0.5,-8.701293210193828,59.14578736738035,50.444494157186526
66,19.0,-0.28885674,-0.38399133,-0.22549772,-349.5,7.420000000000016,24.317422393119312,5.146294927655227,-349.5,7.420000000000016,49.63185910435652,10.503587947344318,-35.0,-26.964526133239232,-16.45,-13.751908327952007,0.5,-8.035473866760768,59.317422393119315,51.28194852635855
66,19.0,-0.2877546,-0.38356909,-0.22580342,-469.6,13.670000000000016,24.622495484494205,5.197981259325108,-469.6,13.670000000000016,50.254513283852674,10.609079750282543,-35.0,-36.230447702916,-16.45,-18.47752832848716,0.5,1.2304477029160026,59.62249548449421,60.852943187410204
66,19.0,-0.28594097,-0.37081739,-0.23162687,40.13999999999999,-14.339999999999977,26.16825880706902,5.584792910553819,-469.6,13.670000000000016,53.409416225227865,11.398562330440347,-33.0,3.0968700400235263,-15.51,-18.47752832848716,0.5,-36.096870040023525,59.16825880706902,23.071388767045494
66,19.0,-0.289031,-0.37032583,-0.22930428,78.88999999999999,-22.420000000000016,26.418862934806345,5.643797715001195,-469.6,13.670000000000016,53.92089924993975,11.518991136317442,-26.0,6.086499189273942,-12.22,-18.47752832848716,0.5,-32.086499189273944,52.41886293480634,20.332363745532405
66,19.0,-0.28368166,-0.3668004,-0.22660963,87.57000000000005,-27.94999999999999,26.69803451764994,5.709883628530116,-469.6,13.670000000000016,54.49068845052353,11.653872485829964,-26.0,6.75617611870604,-12.22,-18.47752832848716,0.5,-32.75617611870604,52.698034517649944,19.9418583989439
66,19.0,-0.27389157,-0.39636138,-0.23545328,-24.899999999999977,-37.610000000000014,34.014856700094576,7.498547978987748,-469.6,13.670000000000016,69.42432252489303,15.30453642511399,-35.0,-1.92107782751833,-16.45,-18.47752832848716,0.5,-33.07892217248167,69.01485670009458,35.93593452761291
66,19.0,-0.27435884,-0.39941001,-0.23422845,-25.67999999999995,-40.47000000000003,34.44753821762378,7.598103571427218,-469.6,13.670000000000016,70.30742550217013,15.507729389282954,-37.0,-1.981256169103239,-17.39,-18.47752832848716,0.5,-35.01874383089676,71.44753821762379,36.42879438672702
66,19.0,-0.27372763,-0.40199083,-0.23599163,0.169999999999959,-36.81999999999999,34.88205284427275,7.690040216108617,-469.6,13.670000000000016,71.19426985516068,15.695372081077686,-39.0,0.0131157923967083,-18.33,-18.47752832848716,0.5,-39.01311579239671,73.88205284427275,34.86893705187604
66,20.0,-0.28443199,-0.33035767,-0.24374889,15.779999999999973,21.25999999999999,-16.5838399878366,2.674717474334405,-278.42,-51.43000000000001,-33.847617415174504,5.459098365116519,-26.0,1.2174541412947475,-12.22,-10.955096757277248,-0.5,-27.21745414129475,9.416160012163399,-17.80129412913135
66,20.0,-0.27645779,-0.35212237,-0.24031581,30.029999999999973,18.129999999999995,-16.754702327026383,2.694885625757256,-278.42,-51.43000000000001,-34.196347449460845,5.500261562170557,-33.0,2.316866151019094,-15.51,-10.955096757277248,-0.5,-35.31686615101909,16.245297672973617,-19.071568478045478
66,20.0,-0.27992681,-0.37647045,-0.23468834,7.0499999999999545,16.370000000000005,-16.857791348367673,2.713452529311556,-278.42,-51.43000000000001,-34.40675214201842,5.538156612324887,-33.0,0.5439196258636205,-15.51,-10.955096757277248,-0.5,-33.54391962586362,16.142208651632327,-17.401710974231293
66,20.0,-0.26209754,-0.3961871,-0.23218112,-22.379999999999995,-33.94,-21.90812707257654,3.4810716886345805,-278.42,-51.43000000000001,-44.71448735512872,7.104867316503178,-42.0,-1.7266554931670783,-19.74,-10.955096757277248,-0.5,-40.27334450683292,20.09187292742346,-20.18147157940946
66,20.0,-0.26060113,-0.39444149,-0.23558362,-19.809999999999945,-44.45999999999998,-22.07438463573569,3.510361180799734,-278.42,-51.43000000000001,-45.05381904153654,7.164647170012255,-42.0,-1.528375572816789,-19.74,-10.955096757277248,-0.5,-40.47162442718321,19.92561536426431,-20.546009062918902
66,20.0,-0.26246843,-0.39643502,-0.23591919,-278.42,-51.43000000000001,-22.21925189193015,3.5460844966683176,-278.42,-51.43000000000001,-45.34949311142943,7.237558457700036,-42.0,-21.480581877014213,-19.74,-10.955096757277248,-0.5,-20.519418122985787,19.78074810806985,-0.738670014915936
66,21.0,-0.34110454,-0.07092611,-0.20810233,369.67,125.14,-24.555366082712126,3.895861672093432,369.67,125.14,-50.11750217481545,7.951453672742694,32.0,28.52067632524906,15.04,14.54554492587702,-0.5,3.4793236747509404,-56.555366082712126,-53.07604240796118
66,21.0,-0.33749837,-0.07124332,-0.20813838,368.8200000000001,141.82999999999998,-24.78089083704096,3.934888678428546,368.8200000000001,141.82999999999998,-50.57779819840059,8.031107792672664,35.0,28.455097363265505,16.45,14.512099655265407,-0.5,6.544902636734495,-59.78089083704096,-53.235988200306466
66,21.0,-0.33925986,-0.0707141,-0.20522462,368.22,125.95,-24.93380028949591,3.967306655706168,368.22,125.95,-50.88988639086115,8.097272884296288,35.0,28.40880633127712,16.45,14.488491228951329,-0.5,6.59119366872288,-59.933800289495906,-53.342606620773026
66,22.0,-0.25970185,-0.35436529,-0.23479393,-144.55,69.97000000000003,21.5231530674822,3.682817320162382,-370.72,-57.80000000000001,43.92875541073117,7.5166301504514195,-42.0,-11.15228112320381,-19.74,-14.586859671926666,0.5,-30.84771887679619,63.5231530674822,32.675434190686005
66,22.0,-0.26107678,-0.35503578,-0.23430994,-370.72,-57.80000000000001,21.715590221903074,3.7196672047058073,-370.72,-57.80000000000001,44.32151964290417,7.591840764804552,-42.0,-28.601685631228754,-19.74,-14.586859671926666,0.5,-13.398314368771246,63.71559022190307,50.31727585313183
66,22.0,-0.25780216,-0.35543847,-0.23577598,-284.81,-83.13999999999999,21.834747518691145,3.746858302336953,-284.81,-83.13999999999999,44.56471968564863,7.647337795069721,-42.0,-21.973581367690603,-19.74,-11.206526497522209,0.5,-20.026418632309397,63.834747518691145,43.808328886381744
66,23.0,-0.34407774,-0.1930804,-0.20431979,141.46000000000004,34.50999999999999,-17.15519338315576,2.6629693077538006,,,-35.0137496950209,5.435120357125507,11.0,10.913882308463585,5.17,,-0.5,0.08611769153641546,-28.15519338315576,-28.069075691619343
66,23.0,-0.34406993,-0.19254339,-0.20328297,108.5,59.75999999999999,-17.318207922072403,2.679333555297041,,,-35.34646236894977,5.468519786361261,11.0,8.370961617901164,5.17,,-0.5,2.6290383820988357,-28.318207922072403,-25.68916953997357
66,23.0,-0.34369245,-0.19258593,-0.20300236,155.89,-71.95999999999998,-17.424881372753216,2.699588249387406,,,-35.564182881789314,5.509859616999695,11.0,12.027181627784444,5.17,,-0.5,-1.0271816277844437,-28.424881372753216,-29.45206300053766
66,25.0,-0.29692191,-0.05053462,-0.1927259,281.03,41.370000000000005,11.457638364368147,1.9347493345122508,281.03,41.370000000000005,23.385039901675388,3.948823391739504,45.0,21.68194786616372,21.15,11.057793411743498,0.5,23.31805213383628,-33.54236163563185,-10.224309501795574
66,25.0,-0.29650909,-0.04793451,-0.19321108,231.20000000000005,40.370000000000005,11.521452726721758,1.9421721594571544,281.03,41.370000000000005,23.515285015239108,3.963973377452053,45.0,17.837477659527643,21.15,11.057793411743498,0.5,27.162522340472357,-33.47854727327824,-6.316024932805885
66,25.0,-0.29528499,-0.04984904,-0.19488686,259.23,-40.81999999999999,11.634872482868875,1.9504784486611424,259.23,-40.81999999999999,23.74677473753538,3.980926513717391,45.0,20.000040370585427,21.15,10.200020588998568,0.5,24.999959629414573,-33.36512751713113,-8.365167887716552
66,25.0,-0.25676712,-0.14407383,-0.20633042,-189.99,150.7,23.08733064593332,3.893661001185325,259.23,-40.81999999999999,47.121241848349904,7.946962103419249,32.0,-14.658055279124817,15.04,10.200020588998568,0.5,46.65805527912482,-8.91266935406668,37.74538592505814
66,25.0,-0.24326319,-0.15647134,-0.20243216,-389.74,163.69,23.14171067176935,3.923184720987708,-389.74,163.69,47.23223148108124,8.00722001553591,38.0,-30.069111345260826,17.86,-15.33524678608302,0.5,68.06911134526082,-14.85828932823065,53.210822017030175
66,25.0,-0.23576887,-0.16636668,-0.20590042,-435.19,130.57,23.29633538501756,3.95309469581658,-435.19,130.57,47.54782052082083,8.06826627416164,41.0,-33.575657018381634,19.27,-17.123585079374635,0.5,74.57565701838163,-17.70366461498244,56.87199240339919
66,26.0,-0.30974925,-0.11532056,-0.19948758,260.14,23.529999999999973,21.48115350573876,3.663288364740706,260.14,23.529999999999973,43.8430343052128,7.476771552435782,-45.0,20.07024843576782,-21.15,10.235826702241589,0.5,-65.07024843576782,66.48115350573876,1.4109050699709407
66,26.0,-0.30995184,-0.11416074,-0.20031239,499.1700000000001,361.7000000000001,21.61845895459857,3.6900745441551592,260.14,23.529999999999973,44.12327472633567,7.53144214462068,-45.0,38.511824062744,-21.15,10.235826702241589,0.5,-83.511824062744,66.61845895459857,-16.893365108145428
66,26.0,-0.30909908,-0.11435281,-0.20132029,459.46,396.14,21.801545159655586,3.717195906718191,260.14,23.529999999999973,44.49695367085704,7.5867968456118255,-45.0,35.44812926231216,-21.15,10.235826702241589,0.5,-80.44812926231216,66.80154515965559,-13.646584102656572
66,27.0,-0.29086074,-0.32581747,-0.25598648,-459.29,-47.80000000000001,14.365290297795232,2.4705280443051025,-459.29,-47.80000000000001,29.319557497800066,5.042347738426717,-16.0,-35.43501346991544,-7.52,-18.071856869656877,0.5,19.43501346991544,30.365290297795234,49.80030376771067
66,27.0,-0.27123758,-0.36303744,-0.24160303,-468.03,-45.29000000000002,14.521735752171072,2.483687735802837,-468.03,-45.29000000000002,29.638862670181155,5.069206668773592,-33.0,-36.10931950254637,-15.51,-18.41575294629865,0.5,3.10931950254637,47.52173575217107,50.63105525471744
66,27.0,-0.26264805,-0.3783915,-0.23448682,-471.43,-46.329999999999984,14.596840570028965,2.4969793076998723,-471.43,-46.329999999999984,29.792151603429115,5.09633476701544,-34.0,-36.3716353504806,-15.98,-18.549534028745107,0.5,2.3716353504806023,48.59684057002897,50.96847592050957
66,28.0,-0.31165469,-0.11840165,-0.19892994,660.1600000000001,-56.05000000000001,-26.48784874035651,3.419458164931134,660.1600000000001,-56.05000000000001,-54.06169927906764,6.979114114624444,45.0,50.15479012502478,21.15,25.57894296376264,-0.5,-5.154790125024782,-71.48784874035651,-76.64263886538129
66,28.0,-0.31333989,-0.11924112,-0.19681692,963.44,80.92000000000002,-26.713007114205517,3.4564202161453625,963.44,80.92000000000002,-54.52124752009345,7.054553661152685,45.0,61.85407694289144,21.15,31.545579240874638,-0.5,-16.85407694289144,-71.71300711420551,-88.56708405709696
66,28.0,-0.31221452,-0.11923482,-0.19615971,889.19,-48.579999999999984,-26.92007418266256,3.4940159312271923,889.19,-48.579999999999984,-54.943871406814274,7.131286515634702,45.0,58.98981933860959,21.15,30.08480786269089,-0.5,-13.989819338609593,-71.92007418266256,-85.90989352127215
66,29.0,-0.28744817,-0.10592569,-0.2004928,544.09,158.82,17.146760321113536,2.9854270963038383,544.09,158.82,34.99653781539273,6.093256703556133,45.0,41.977479324275066,21.15,21.408514455380285,0.5,3.022520675724934,-27.853239678886464,-24.83071900316153
66,29.0,-0.28634366,-0.10574985,-0.20001073,180.54999999999995,231.59,17.248060907148183,3.006019977077746,544.09,158.82,35.20329231148944,6.135286773215679,45.0,13.929743042507416,21.15,21.408514455380285,0.5,31.07025695749258,-27.751939092851817,3.3183178646407665
66,29.0,-0.28437161,-0.10463004,-0.19761826,153.67999999999995,195.9,17.35869782952347,3.0230555076125167,544.09,158.82,35.429102270057406,6.170056291037147,45.0,11.856676326627191,21.15,21.408514455380285,0.5,33.143323673372805,-27.64130217047653,5.50202150289628
66,30.0,-0.29610673,-0.12515883,-0.19515821,402.12,112.3,20.415661639081915,3.56774597663431,402.12,112.3,41.66836540536619,7.281769538310627,41.0,31.02424963862135,19.27,15.822367315696887,0.5,9.975750361378651,-20.584338360918085,-10.608587999539434
66,30.0,-0.29673642,-0.12358767,-0.19510072,399.0700000000001,121.06,20.54193400667159,3.596096841520726,399.0700000000001,121.06,41.92608730761671,7.339633653543803,41.0,30.788936892680347,19.27,15.702357815266977,0.5,10.211063107319653,-20.45806599332841,-10.247002886008758
66,30.0,-0.29675615,-0.12536643,-0.19610563,348.97,83.44,20.71384317176924,3.6195734489820808,348.97,83.44,42.27695391358102,7.387549409372426,41.0,26.92363572164949,19.27,13.73105421804124,0.5,14.07636427835051,-20.28615682823076,-6.209792549880248
66,31.0,-0.33380473,-0.11046007,-0.19890922,-118.93,123.36,18.393282712210315,5.037660923405176,,,37.54069001562125,10.281865944669963,38.0,-9.175654057299406,17.86,,0.5,47.175654057299404,-19.606717287789685,27.56893676950972
66,31.0,-0.33445013,-0.10562067,-0.19876076,-146.44,90.99,18.47161783776635,5.072325612755624,,,37.70057200688112,10.35261657563423,38.0,-11.298097873967247,17.86,,0.5,49.29809787396725,-19.52838216223365,29.769715711733596
66,31.0,-0.3349196,-0.10364602,-0.1994774,-157.51,73.76999999999998,18.542959987872624,5.101002605543472,,,37.846181335248026,10.411146317914223,38.0,-12.152167414153109,17.86,,0.5,50.15216741415311,-19.457040012127376,30.695127402025733
66,32.0,-0.29006839,-0.11596427,-0.19634077,409.56,-75.76999999999998,15.656203987326055,2.7485121565193973,409.56,-75.76999999999998,31.95431233813248,5.60971331145609,45.0,31.598258435277423,21.15,16.115111801991485,0.5,13.401741564722577,-29.343796012673945,-15.942054447951367
66,32.0,-0.2900981,-0.11560924,-0.19573289,401.59,-74.57,15.76686896193003,2.7645928611440427,401.59,-74.57,32.18017955129919,5.642534029594993,45.0,30.983359227031603,21.15,15.801513205786115,0.5,14.016640772968397,-29.23313103806997,-15.216490265101573
66,32.0,-0.28896883,-0.11409381,-0.196945,380.43,-96.02999999999996,15.922913559642929,2.780840699082362,380.43,-96.02999999999996,32.49866657523121,5.675695866827102,45.0,29.35082883224092,21.15,14.968922704442868,0.5,15.649171167759079,-29.07708644035707,-13.427915272597993
66,33.0,-0.30684969,-0.08037265,-0.2022482,390.96,-48.110000000000014,19.19960745822288,3.281196159219453,390.96,-48.110000000000014,39.1863988222329,6.696921360966904,45.0,30.163236443637228,21.15,15.383250586254986,0.5,14.836763556362772,-25.80039254177712,-10.96362898541435
66,33.0,-0.30529198,-0.07915119,-0.20192179,331.51,-46.54000000000002,19.32840879914591,3.303357223076869,331.51,-46.54000000000002,39.4492823590568,6.742152092299889,45.0,25.57656669078723,21.15,13.044049012301487,0.5,19.42343330921277,-25.67159120085409,-6.24815789164132
66,33.0,-0.30420315,-0.07991413,-0.20202805,370.88,-138.5,19.524732042224105,3.3257654908575294,370.88,-138.5,39.8499780981794,6.787887366840216,45.0,28.614029906425653,21.15,14.593155252277084,0.5,16.385970093574347,-25.475267957775895,-9.089297864201548
66,34.0,-0.31201088,-0.05235981,-0.19421741,486.29,54.04000000000002,21.964061651224903,3.8298982430388495,486.29,54.04000000000002,44.82864983015003,7.816822314042291,45.0,37.51810990939315,21.15,19.134236053790502,0.5,7.4818900906068535,-23.035938348775097,-15.554048258168244
66,34.0,-0.30566552,-0.05304268,-0.19594133,42.860000000000014,135.41000000000005,22.200529890140515,3.859009255874634,486.29,54.04000000000002,45.31128150577679,7.87623789124013,45.0,3.3067227183709123,21.15,19.134236053790502,0.5,41.693277281629086,-22.799470109859485,18.893807171769602
66,34.0,-0.30399472,-0.0553086,-0.19648319,53.370000000000005,132.69,22.43961152985932,3.8884684268651686,486.29,54.04000000000002,45.79924713244287,7.93636405923181,45.0,4.117587295367605,21.15,19.134236053790502,0.5,40.882412704632394,-22.56038847014068,18.322024234491714
66,35.0,-0.29867819,-0.07312565,-0.18851504,101.07000000000004,-3.819999999999993,30.39291841301004,5.274458521489912,,,62.031946480953486,10.765169842360908,45.0,7.797724338444894,21.15,,0.5,37.202275661555106,-14.60708158698996,22.595194074565146
66,35.0,-0.29923213,-0.0730342,-0.18839918,101.44000000000004,-8.769999999999982,30.66608476705708,5.321898844835459,,,62.58947900956351,10.86199554230917,45.0,7.826270474837738,21.15,,0.5,37.17372952516226,-14.333915232942921,22.83981429221934
66,35.0,-0.29974684,-0.07218763,-0.18807083,60.35000000000002,38.839999999999975,30.92901543083768,5.36994283852375,,,63.1261204943397,10.960053333426975,45.0,4.656106300832585,21.15,,0.5,40.34389369916742,-14.07098456916232,26.272909130005097
66,37.0,-0.31162202,-0.09301534,-0.19536021,53.52999999999997,-10.339999999999977,9.183659101444826,1.7156551543660927,259.39,29.31,18.74384822604889,3.501652170061196,45.0,4.129931570564507,21.15,10.20631616934899,0.5,40.87006842943549,-35.816340898555175,5.05372753088032
66,37.0,-0.31126839,-0.09285434,-0.19587846,170.26999999999998,-31.70999999999998,9.236205359586354,1.7214969277633418,259.39,29.31,18.851095138915746,3.5135752295649807,45.0,13.136623361106276,21.15,10.20631616934899,0.5,31.863376638893726,-35.76379464041365,-3.900418001519922
66,37.0,-0.31079257,-0.09301377,-0.19502826,141.61,-29.720000000000027,9.260913114904554,1.7280913175118189,259.39,29.31,18.901523667520195,3.5270343790416216,45.0,10.925455066460682,21.15,10.20631616934899,0.5,34.074544933539315,-35.739086885095446,-1.664541951556128
66,37.0,-0.30346033,-0.06589137,-0.19767536,259.39,29.31,19.50716156213894,3.636836489649761,259.39,29.31,39.81411674832557,7.4227832753751635,45.0,20.01238464578233,21.15,10.20631616934899,0.5,24.98761535421767,-25.49283843786106,-0.50522308364339
66,37.0,-0.30503717,-0.06381415,-0.19677021,0.5499999999999545,49.03999999999997,19.639595218411085,3.6665926798333537,259.39,29.31,40.08441384077703,7.483515659539876,45.0,0.0424334459893572,21.15,10.20631616934899,0.5,44.95756655401064,-25.360404781588915,19.597161772421728
66,37.0,-0.30324507,-0.06021951,-0.1950926,-27.110000000000014,63.29999999999996,19.72269473449757,3.696782639429616,259.39,29.31,40.25401995310953,7.545133367075845,45.0,-2.0915831286755826,21.15,10.20631616934899,0.5,47.09158312867558,-25.27730526550243,21.814277863173153
66,38.0,-0.31145704,-0.09230533,-0.19539455,-524.5,-419.0,24.719747891964563,4.786817132072136,,,50.45300544749967,9.769893766559228,45.0,-40.466077129854014,21.15,,0.5,85.46607712985401,-20.280252108035437,65.18582502181857
66,38.0,-0.30973694,-0.09199215,-0.19680549,-524.5,10191.76,24.90933979578688,4.828206991298742,,,50.83996252320102,9.854370469240733,45.0,0.0,21.15,,0.5,45.0,-20.09066020421312,24.90933979578688
66,38.0,-0.30981904,-0.09170594,-0.19875742,-32.610000000000014,44.44999999999999,25.03329934441906,4.858697461036783,,,51.0929639619593,9.916601517976076,45.0,-2.5159175885691893,21.15,,0.5,47.51591758856919,-19.96670065558094,27.549216932988248
66,39.0,-0.2981227,-0.06988966,-0.2057322,-41.200000000000045,-11.050000000000011,20.525430068043796,3.7017275340455456,,,41.89240276887738,7.555225896986958,45.0,-3.178650863203026,21.15,,0.5,48.178650863203025,-24.474569931956204,23.70408093124682
66,39.0,-0.29637805,-0.07095239,-0.20725803,-70.97000000000003,-30.069999999999997,20.64301811670209,3.726651692937256,,,42.13239997618896,7.606096105284941,45.0,-5.47545756702715,21.15,,0.5,50.47545756702715,-24.35698188329791,26.11847568372924
66,39.0,-0.29765174,-0.07054792,-0.20608914,-103.34000000000005,-28.079999999999984,20.7719865668857,3.754700238652626,,,42.39562458301371,7.66334318709001,45.0,-7.972858742800981,21.15,,0.5,52.97285874280098,-24.2280134331143,28.74484530968668
66,40.0,-0.21855018,-0.14451496,-0.2011613,304.04999999999995,-108.39999999999998,29.149505427860458,5.239270507900416,304.04999999999995,-108.39999999999998,59.49414057826319,10.693351106624752,-45.0,23.45798046011842,-21.15,11.963570034660394,0.5,-68.45798046011842,74.14950542786046,5.691524967742037
66,40.0,-0.21961737,-0.14424667,-0.20118017,305.33000000000004,-116.32999999999998,29.482746918443397,5.292583651817333,305.33000000000004,-116.32999999999998,60.174286460542966,10.802163233359174,-45.0,23.556734661693664,-21.15,12.01393467746377,0.5,-68.55673466169367,74.4827469184434,5.926012256749733
66,40.0,-0.221884,-0.14323881,-0.20104405,302.74,-120.94,29.802214770302868,5.341685714968909,302.74,-120.94,60.82632034618816,10.902380544251546,-45.0,23.35691170694377,-21.15,11.91202497054132,0.5,-68.35691170694378,74.80221477030287,6.445303063359098
66,41.0,-0.29370138,-0.38982347,-0.22652076,-359.82,-76.43,23.033083888281585,5.595811713215889,-359.82,-76.43,47.01052421598271,11.42105170667363,-42.0,-27.7607318834396,-19.74,-14.157973260554195,0.5,-14.2392681165604,65.03308388828158,50.793815771721185
66,41.0,-0.29524261,-0.39076683,-0.22699919,-191.44,-60.60000000000002,23.1266983957984,5.6298801222114925,-359.82,-76.43,47.20159142582453,11.490585329433657,-42.0,-14.769925273096762,-19.74,-14.157973260554195,0.5,-27.23007472690324,65.1266983957984,37.89662366889516
66,41.0,-0.29701617,-0.38954899,-0.22834466,80.88999999999999,-29.83999999999997,23.231116129214204,5.677321339015705,-359.82,-76.43,47.41470801972619,11.587412852931052,-42.0,6.240802629235254,-19.74,-14.157973260554195,0.5,-48.240802629235255,65.2311161292142,16.99031349997895
66,43.0,-0.22260429,-0.40716761,-0.2472873,-208.44,-60.93000000000001,-36.96010298253274,5.557291479402602,,,-75.43557018734931,11.342431909460707,-45.0,-16.08150451276791,-21.15,,-0.5,-28.91849548723209,8.039897017467261,-20.878598469764828
66,43.0,-0.21852519,-0.40752083,-0.25077701,-207.15,-63.079999999999984,-37.39770952334446,5.632929053181645,,,-76.32872513714604,11.496808197543736,-45.0,-15.981978793992864,-21.15,,-0.5,-29.018021206007134,7.60229047665554,-21.415730729351594
66,43.0,-0.22052924,-0.40679324,-0.24944028,-208.87,-65.14999999999998,-38.05593214739131,5.717472433048648,,,-77.67215751282566,11.669361235852293,-45.0,-16.114679752359596,-21.15,,-0.5,-28.885320247640404,6.94406785260869,-21.941252395031714
66,44.0,-0.29248288,-0.36135969,-0.23424551,-374.77,-41.00999999999999,-21.01100897435866,2.791727125711253,-374.77,-41.00999999999999,-42.88346931666602,5.697915063576669,-26.0,-28.9141500971504,-12.22,-14.746216549546704,-0.5,2.914150097150401,4.98899102564134,7.903141122791741
66,44.0,-0.2974084,-0.3689099,-0.2290287,-368.17,-36.45999999999998,-21.250888412675398,2.818397802941888,-368.17,-36.45999999999998,-43.37306325027048,5.752349915804391,-26.0,-28.40494874527808,-12.22,-14.48652386009182,-0.5,2.4049487452780802,4.749111587324602,7.154060332602683
66,44.0,-0.29763725,-0.37166923,-0.22794238,-347.98,-41.80000000000001,-21.493197754050744,2.8455010026298453,-347.98,-41.80000000000001,-43.86761661601757,5.807667546367515,-26.0,-26.84725551886864,-12.22,-13.692100314623003,-0.5,0.8472555188686393,4.506802245949256,5.354057764817895
66,44.0,-0.28598246,-0.38215616,-0.23323406,404.67,1272.35,-26.369109395945863,3.700459485799476,-347.98,-41.80000000000001,-53.81935227712551,7.552637810516728,-33.0,31.220986524572016,-15.51,-13.692100314623003,-0.5,-64.22098652457201,6.630890604054137,-57.59009592051788
66,44.0,-0.28572926,-0.38323578,-0.23305991,-588.5,-491.25,-26.68630918317496,3.742957146776959,-347.98,-41.80000000000001,-54.46675704286008,7.639375536571777,-34.0,-45.40378720861599,-15.98,-13.692100314623003,-0.5,11.403787208615988,7.313690816825041,18.71747802544103
66,44.0,-0.28768227,-0.3870478,-0.23071164,-591.75,-492.5,-26.9614364282324,3.78186376817284,-347.98,-41.80000000000001,-55.02829175002232,7.718783950840766,-34.0,-45.65453029855312,-15.98,-13.692100314623003,-0.5,11.65453029855312,7.0385635717676,18.69309387032072
66,44.0,-0.24851377,-0.42581806,-0.25314084,61.950000000000045,-68.82999999999998,-38.301288091423366,5.599944608226455,-347.98,-41.80000000000001,-78.17292899459508,11.429486945390195,-45.0,4.779549052801635,-21.15,-13.692100314623003,-0.5,-49.779549052801634,6.698711908576634,-43.080837144225
66,44.0,-0.24492951,-0.42536449,-0.25301015,63.60000000000002,-62.110000000000014,-38.8095369256672,5.67600963074154,-347.98,-41.80000000000001,-79.21026486528675,11.584735656343485,-45.0,4.906849390769716,-21.15,-13.692100314623003,-0.5,-49.906849390769715,6.190463074332797,-43.71638631643692
66,44.0,-0.24041735,-0.4156104,-0.24984032,54.35000000000002,-46.589999999999975,-39.21822847038122,5.745421608864959,-347.98,-41.80000000000001,-80.04440430804807,11.726405503693378,-45.0,4.19319598094865,-21.15,-13.692100314623003,-0.5,-49.19319598094865,5.78177152961878,-43.41142445132987
66,45.0,-0.31715718,-0.35484585,-0.22171998,-309.44,-38.69999999999999,-27.132867762128384,3.852171301417261,-309.44,-38.69999999999999,-55.37818310250403,7.86228162619263,-15.0,-23.87382823081416,-7.05,-12.17565239771522,-0.5,8.873828230814159,-12.132867762128384,-3.259039531314226
66,45.0,-0.31410396,-0.35277396,-0.22271256,-301.69,-33.160000000000025,-27.408032674295228,3.8972129351951263,-301.69,-33.160000000000025,-55.93979468823656,7.954211600733252,-15.0,-23.275902400964075,-7.05,-11.870710224491678,-0.5,8.275902400964075,-12.408032674295228,-4.132130273331153
66,45.0,-0.31423748,-0.34942341,-0.22284006,-281.53,-35.95999999999998,-27.758471606631964,3.9477213572185015,-281.53,-35.95999999999998,-56.65504054913584,8.057299290082963,-15.0,-21.72052372615405,-7.05,-11.077467100338565,-0.5,6.720523726154049,-12.758471606631964,-6.037947880477915
66,46.0,-0.35079148,-0.30735666,-0.24428456,-251.63,70.99000000000001,-11.134627528736258,2.3121830333858586,-251.63,70.99000000000001,-22.7257747861507,4.719165571140538,-14.0,-19.41368729873244,-6.58,-9.900980522353546,-0.5,5.413687298732441,2.8653724712637416,8.279059769996183
66,46.0,-0.34784675,-0.325764,-0.23189427,-241.91000000000005,53.00999999999999,-11.113167496603984,2.320334302211572,-251.63,70.99000000000001,-22.68197486056873,4.735802310813819,-15.0,-18.663772580520465,-7.05,-9.900980522353546,-0.5,3.6637725805204653,3.8868325033960165,7.550605083916482
66,46.0,-0.34811035,-0.33713114,-0.22284968,-243.84,25.730000000000015,-11.137319694796815,2.3285480432114083,-251.63,70.99000000000001,-22.7312694970803,4.752566556194484,-15.0,-18.81267540008313,-7.05,-9.900980522353546,-0.5,3.8126754000831298,3.8626803052031846,7.675355705286314
66,46.0,-0.35198745,-0.3422845,-0.21713397,284.38,-60.26999999999998,-11.494272089506833,2.405890597477557,284.38,-60.26999999999998,-23.459809334683445,4.910422709451694,-15.0,21.94040612809892,-7.05,11.18960712533045,-0.5,-36.94040612809892,3.5057279104931673,-33.43467821760575
66,46.0,-0.34790623,-0.34164134,-0.2180717,291.85,-69.57,-11.47168661204299,2.4138030539752364,291.85,-69.57,-23.413712375179745,4.926572033163458,-15.0,22.516729476354424,-7.05,11.483532032940756,-0.5,-37.51672947635443,3.5283133879570094,-33.988416088397415
66,46.0,-0.34719124,-0.34218904,-0.21691975,-1.990000000000009,12.050000000000011,-11.586590141111206,2.422647399923007,291.85,-69.57,-23.64823047800797,4.944623343242856,-15.0,-0.1535319227615059,-7.05,11.483532032940756,-0.5,-14.846468077238494,3.4134098588887944,-11.4330582183497
66,46.0,-0.33972865,-0.34856281,-0.22313468,-287.61,-30.83999999999997,-12.232154616169884,2.573783601945948,-287.61,-30.83999999999997,-24.96582757160273,5.253092331571681,-15.0,-22.18960618363644,-7.05,-11.316699153654586,-0.5,7.189606183636439,2.7678453838301156,9.957451567466554
66,46.0,-0.34009784,-0.34948462,-0.22193307,-262.98,-37.19999999999999,-12.267456742365855,2.583774122544944,-262.98,-37.19999999999999,-25.03787921116871,5.27348298411423,-15.0,-20.289359320512887,-7.05,-10.347573253461572,-0.5,5.289359320512887,2.732543257634145,8.021902578147031
66,46.0,-0.34188068,-0.34916094,-0.22236094,-265.56,-35.56,-12.237074646482837,2.593839431683125,-265.56,-35.56,-24.97586935347147,5.294026280065257,-16.0,-20.488410758062976,-7.52,-10.449089486612118,-0.5,4.488410758062976,3.762925353517163,8.25133611158014
66,47.0,-0.34637141,-0.29348755,-0.21739905,704.77,-112.88,-16.14040889301439,1.9276965046804169,704.77,-112.88,-32.94257455064236,3.9344285660527305,-14.0,51.87565923919331,-6.58,26.45658621198859,-0.5,-65.87565923919331,-2.1404088930143885,-68.01606813220769
66,47.0,-0.34507453,-0.29389235,-0.21921037,751.6800000000001,-126.29000000000002,-16.22576047107119,1.935011943407224,751.6800000000001,-126.29000000000002,-33.116777121456295,3.949359376494144,-14.0,53.6852528313396,-6.58,27.379478943983194,-0.5,-67.6852528313396,-2.2257604710711902,-69.9110133024108
66,47.0,-0.34562823,-0.29122299,-0.21828574,786.23,-136.16000000000005,-16.23758122718174,1.9416360418010177,786.23,-136.16000000000005,-33.140903284677925,3.962879161315879,-14.0,55.01804879400542,-6.58,28.05920488494277,-0.5,-69.01804879400542,-2.237581227181739,-71.25563002118716
