Participant,trigger_no,fzd_hands0_fingerTip_coordinates_x,fzd_hands0_fingerTip_coordinates_y,fzd_hands0_fingerTip_coordinates_z,eyegaze_new_coordinates_x,eyegaze_new_coordinates_y,angle_center,Buidling_half_width,eyegaze_new_coordinates_x_without_tablet_&_road_gazes,eyegaze_new_coordinates_y_without_tablet_&_road_gazes,angle_center_scaled,Buidling_half_width_scaled,horizontal_angle_finger_pointing_unscaled,eyegaze_horiz_angle_x,horizontal_angle_finger_pointing,eyegaze_horiz_angle_x_scaled_without_tablet,side,difference,D_p,D_g
63,73.0,-0.284246,-0.16417955,-0.23044221,180.73,-108.8,6.383620819062592,2.3047268373101883,,,14.509970121729271,5.238644101206058,20.0,13.53780382174903,8.2,,0.5,6.46219617825097,-13.616379180937408,-7.154183002686438
63,73.0,-0.28345066,-0.16330312,-0.22855896,200.87,-134.55,6.4375601698478055,2.3133393629725183,,,14.632574266064063,5.258220372036535,20.0,15.046415391328098,8.2,,0.5,4.9535846086719015,-13.562439830152194,-8.608855221480294
63,73.0,-0.28422034,-0.16313334,-0.22799438,194.87,-133.76999999999998,6.469616180694112,2.322067563895225,,,14.705437578717715,5.278059572733846,20.0,14.596977982317451,8.2,,0.5,5.403022017682549,-13.530383819305888,-8.127361801623339
63,74.0,-0.28261581,-0.10870901,-0.22630052,179.59000000000003,-168.83999999999995,9.609681918149894,3.247587246199538,,,21.84280699995471,7.38176581061155,38.0,13.452410714037008,15.579999999999998,,0.5,24.547589285962992,-28.390318081850104,-3.8427287958871137
63,74.0,-0.28125739,-0.10795367,-0.22748418,181.61,-173.07,9.65465635825049,3.269928908166931,,,21.945033902303365,7.432548408263434,38.0,13.603721308403925,15.579999999999998,,0.5,24.396278691596073,-28.34534364174951,-3.949064950153435
63,74.0,-0.28173685,-0.10881471,-0.22892196,192.92,-184.71,9.75008485076987,3.2905127230806728,,,22.161942865799915,7.479335419562369,38.0,14.450910824388988,15.579999999999998,,0.5,23.549089175611012,-28.24991514923013,-4.700825973619118
63,75.0,-0.25863042,-0.39986727,-0.2459325,-173.43,-23.860000000000014,-19.02439124764869,6.076049627023285,,,-43.24244130590547,13.810860802223926,-42.0,-12.990988307452742,-17.22,,-0.5,-29.009011692547258,22.97560875235131,-6.033402940195948
63,75.0,-0.26017833,-0.40456706,-0.2473539,-207.28,80.69999999999999,-19.206857224883557,6.144537833222,,,-43.65718647216032,13.966534494913606,-42.0,-15.526564356621138,-17.22,,-0.5,-26.473435643378863,22.793142775116443,-3.680292868262418
63,75.0,-0.25791737,-0.4047164,-0.24720262,-223.68,88.62,-19.3772391671993,6.2073544099673095,,,-44.04446462704401,14.109316573855695,-42.0,-16.755026607916907,-17.22,,-0.5,-25.244973392083093,22.6227608328007,-2.622212559282392
63,76.0,-0.29784396,-0.30384293,-0.23906378,-82.77999999999997,-129.05,-8.147077346918113,2.5767804392703746,,,-18.51830680954487,5.857021938461562,-15.0,-6.20073811965022,-6.15,,-0.5,-8.79926188034978,6.852922653081887,-1.9463392272678934
63,76.0,-0.29721317,-0.30285355,-0.23892121,-85.28999999999996,-137.82999999999998,-8.19442043290289,2.591670157281812,,,-18.62591764398827,5.890866267501558,-15.0,-6.38875276908634,-6.15,,-0.5,-8.61124723091366,6.80557956709711,-1.8056676638165499
63,76.0,-0.29831529,-0.30258369,-0.24030784,-84.85000000000002,-137.86,-8.27124396706448,2.6053542891811814,,,-18.800537537137565,5.921970299308826,-15.0,-6.355794025758897,-6.15,,-0.5,-8.644205974241103,6.72875603293552,-1.9154499413055834
63,77.0,-0.31712607,-0.29975644,-0.24448997,-83.90999999999997,-102.52999999999996,-7.4078562985476815,2.409786329736274,,,-16.838057366598882,5.4774443274905495,-15.0,-6.285382165013891,-6.15,,-0.5,-8.71461783498611,7.5921437014523185,-1.1224741335337907
63,77.0,-0.31839699,-0.29980069,-0.24406929,-91.75,-110.55,-7.479394611584682,2.421667374674081,,,-17.000663952131983,5.504449942634185,-15.0,-6.872647046121139,-6.15,,-0.5,-8.127352953878862,7.520605388415318,-0.606747565463543
63,77.0,-0.31737092,-0.29955742,-0.24314225,-100.37,-119.38,-7.516449284218668,2.4336689361402497,,,-17.084889223029034,5.531729491846788,-15.0,-7.518338790399769,-6.15,,-0.5,-7.481661209600231,7.483550715781332,0.0018895061811008418
63,78.0,-0.28207058,-0.13773637,-0.22732264,221.20000000000005,-128.32999999999998,9.389123782555265,3.190934023093466,,,21.34147835774812,7.25299303449145,32.0,16.569259145525844,13.12,,0.5,15.430740854474156,-22.610876217444734,-7.18013536297058
63,78.0,-0.28307417,-0.13629617,-0.22770847,221.35,-132.29000000000002,9.45407383367328,3.2115581468411096,,,21.48910982393937,7.299871667769842,32.0,16.58049508075111,13.12,,0.5,15.41950491924889,-22.54592616632672,-7.126421247077829
63,78.0,-0.28354883,-0.13634866,-0.22866331,224.39,-136.47000000000003,9.519919653727849,3.232441278403963,,,21.6387773729234,7.347339025812209,32.0,16.808210034649832,13.12,,0.5,15.191789965350168,-22.480080346272153,-7.288290380921984
63,79.0,-0.3014006,-0.30947345,-0.24572432,-103.16000000000004,-132.11,-10.108912847617775,3.237408088549633,,,-22.97755890263521,7.358628585273315,-15.0,-7.727327185589719,-6.15,,-0.5,-7.272672814410281,4.891087152382225,-2.3815856620280558
63,79.0,-0.30176935,-0.3095428,-0.24615526,-120.51,-136.14999999999998,-10.13607204623928,3.2586231069535625,,,-23.03929176110189,7.406850322105448,-15.0,-9.026950359978835,-6.15,,-0.5,-5.973049640021165,4.8639279537607205,-1.109121686260444
63,79.0,-0.3021841,-0.3105613,-0.24857348,-137.63,-142.76999999999998,-10.187837471345285,3.2800995308481413,,,-23.15695457236783,7.455666233617826,-15.0,-10.309345100355882,-6.15,,-0.5,-4.690654899644118,4.812162528654715,0.12150762901059764
63,80.0,-0.26732156,-0.30984557,-0.26448587,405.77,386.84,-12.145089267877736,5.888751854839794,,,-27.605787905886096,13.385132966050852,-16.0,30.39470290904168,-6.56,,-0.5,-46.39470290904168,3.8549107321222635,-42.53979217691942
63,80.0,-0.27296603,-0.30735287,-0.26670828,364.93000000000006,383.08,-12.143047124087758,5.935802877455846,,,-27.601146113051477,13.492079940457138,-15.0,27.335532278375883,-6.15,,-0.5,-42.33553227837588,2.856952875912242,-39.47857940246364
63,80.0,-0.27486962,-0.30549586,-0.27187195,325.84000000000003,432.56,-12.245367846907817,5.983597400156839,,,-27.83372111602147,13.600716890556498,-15.0,24.40744755867152,-6.15,,-0.5,-39.40744755867152,2.7546321530921833,-36.65281540557934
63,81.0,-0.24474965,-0.3328318,-0.26299456,699.52,-47.08000000000001,-15.309058538025225,4.8355678617714135,699.52,-47.08000000000001,-34.79749005693133,10.991245749806422,-42.0,50.169199843161785,-17.22,23.57952392628604,-0.5,-92.16919984316178,26.690941461974774,-65.478258381187
63,81.0,-0.2449953,-0.33335635,-0.26315236,687.24,-72.63999999999999,-15.444752906737897,4.880957049672714,687.24,-72.63999999999999,-35.10592335701524,11.09441537390608,-42.0,49.70927556127423,-17.22,23.363359513798883,-0.5,-91.70927556127424,26.555247093262103,-65.15402846801213
63,81.0,-0.24533412,-0.33418125,-0.26343441,689.6199999999999,-210.51,-15.53554961501505,4.927142992419577,689.6199999999999,-210.51,-35.31230427492921,11.199396021769696,-42.0,49.79841398072799,-17.22,23.405254570942155,-0.5,-91.79841398072799,26.46445038498495,-65.33396359574304
63,82.0,-0.25556794,-0.14416987,-0.24692349,191.29,-139.32999999999998,8.9320804767374,3.1036207855394755,,,20.302618923624117,7.054530045531228,32.0,14.328813661607766,13.12,,0.5,17.671186338392232,-23.0679195232626,-5.3967331848703655
63,82.0,-0.25672975,-0.14127453,-0.24697092,182.14,-140.23000000000002,9.048413153251715,3.1231943426128,,,20.56704309734116,7.099020740758896,32.0,13.643421612866527,13.12,,0.5,18.356578387133474,-22.951586846748285,-4.595008459614812
63,82.0,-0.25636667,-0.13770902,-0.24779838,179.64,-168.95999999999998,9.150010042857534,3.1430064420026564,,,20.797972827415176,7.144053642672039,32.0,13.45615602577876,13.12,,0.5,18.54384397422124,-22.849989957142466,-4.306145982921226
63,83.0,-0.24300958,-0.12751822,-0.24226932,296.03,-128.55,10.981438364018498,3.706256387639963,296.03,-128.55,24.960809401414046,8.424320769105636,41.0,22.17449269823695,16.81,10.422011568171364,0.5,18.82550730176305,-30.018561635981502,-11.193054334218452
63,83.0,-0.24565694,-0.12566093,-0.24207637,297.15,-137.76999999999998,11.07061021705534,3.733781162921203,297.15,-137.76999999999998,25.16349702336679,8.486884583319894,41.0,22.25838768125227,16.81,10.461442210188569,0.5,18.74161231874773,-29.92938978294466,-11.18777746419693
63,83.0,-0.24716453,-0.12439603,-0.24289791,301.03,-158.19,11.202200674224322,3.7616791390750817,301.03,-158.19,25.462602132511886,8.55029668311766,41.0,22.54902387241249,16.81,10.59804122003387,0.5,18.45097612758751,-29.797799325775678,-11.346823198188169
63,84.0,-0.26297459,-0.09768262,-0.23000126,198.73,62.63,13.7532974803167,4.468959492349526,,,31.26124517275986,10.157944926110474,45.0,14.88611604878097,18.45,,0.5,30.11388395121903,-31.2467025196833,-1.1328185684642698
63,84.0,-0.26285726,-0.09494618,-0.23109327,194.24,41.829999999999984,13.889815209939606,4.508001881121598,,,31.571549972192727,10.246688275789392,45.0,14.549787054371338,18.45,,0.5,30.450212945628664,-31.110184790060394,-0.6599718444317322
63,84.0,-0.26261628,-0.09411229,-0.23367442,180.42999999999995,12.009999999999993,14.02901957927817,4.547672419226258,,,31.887961503699284,10.336859408901285,45.0,13.515331951298492,18.45,,0.5,31.484668048701508,-30.97098042072183,0.513687627979678
63,85.0,-0.2828494,-0.13265723,-0.23452827,206.55999999999997,-156.05,7.390590932118383,2.87059535723658,,,16.798813188705086,6.524863246998748,32.0,15.472631867539858,13.12,,0.5,16.52736813246014,-24.609409067881618,-8.082040935421475
63,85.0,-0.28393978,-0.13174662,-0.2343867,214.32000000000005,-166.83999999999995,7.483009493576142,2.885730184165691,,,17.00888057889857,6.559264708608616,32.0,16.053904249860302,13.12,,0.5,15.946095750139698,-24.51699050642386,-8.570894756284162
63,85.0,-0.28340951,-0.13082327,-0.23433967,222.44000000000003,-163.95,7.5338167979904975,2.9044524690642666,,,17.1243655818324,6.601820462183078,32.0,16.66214287672138,13.12,,0.5,15.33785712327862,-24.466183202009503,-9.128326078730883
63,86.0,-0.2887044,-0.14313377,-0.21809839,-77.61000000000001,-98.51,8.006784151484824,2.928650028604027,,,18.19942037632501,6.6568215150169525,32.0,-5.813472885552716,13.12,,0.5,37.81347288555271,-23.993215848515177,13.820257037037539
63,86.0,-0.28802457,-0.14063485,-0.21836007,-77.97000000000003,-117.02999999999996,8.051887726843372,2.944334040212791,,,18.301940803114984,6.692471273403674,32.0,-5.840439130093356,13.12,,0.5,37.84043913009336,-23.948112273156628,13.892326856936727
63,86.0,-0.28859553,-0.14277039,-0.21786618,-75.82999999999998,-115.55,8.118189057772835,2.9637351037751936,,,18.452643728317653,6.736569890881015,32.0,-5.680139787546222,13.12,,0.5,37.680139787546224,-23.881810942227165,13.798328845319055
63,87.0,-0.28880483,-0.13433436,-0.23490344,210.4,-183.43,9.50018717165784,3.532891230372006,,,21.59392544117827,8.03026176663557,32.0,15.760271809306673,13.12,,0.5,16.239728190693327,-22.499812828342158,-6.260084637648832
63,87.0,-0.28406844,-0.13432176,-0.22894581,217.35,-193.12,9.565316808252396,3.5555542618671248,,,21.741965105157696,8.081774837223975,32.0,16.280870141410677,13.12,,0.5,15.719129858589323,-22.434683191747602,-6.715553333158281
63,87.0,-0.28204113,-0.13387483,-0.22855286,230.65,-198.55,9.653423783816336,3.5862289723202867,,,21.94223226061453,8.151498454084013,32.0,17.277123064717603,13.12,,0.5,14.722876935282397,-22.346576216183664,-7.623699280901267
63,88.0,-0.28560171,-0.10162886,-0.23187147,290.24,-174.37,11.786000275716804,4.468605828300706,290.24,-174.37,26.789578626704294,10.157141047727508,41.0,21.740785598541684,16.81,10.218169231314592,0.5,19.259214401458316,-29.213999724283198,-9.95478532282488
63,88.0,-0.27910933,-0.10528737,-0.22770689,296.36,-178.52999999999997,11.901505012385352,4.508257510741871,296.36,-178.52999999999997,27.05212089315191,10.24726932191627,45.0,22.19921175573254,18.45,10.433629525194291,0.5,22.80078824426746,-33.09849498761465,-10.29770674334719
63,88.0,-0.27627933,-0.10635884,-0.22658858,308.01,-188.18,12.048680097295188,4.544495339841985,308.01,-188.18,27.38664986115196,10.329637907460834,-45.0,23.071869391561545,-18.45,10.843778614033926,0.5,-68.07186939156155,57.04868009729519,-11.023189294266357
63,89.0,-0.31285712,-0.13332522,-0.22465271,139.20000000000005,-136.5,6.824846613295428,3.3758524371650696,,,15.512876352020507,7.673312589676203,32.0,10.426947889047003,13.12,,0.5,21.573052110952997,-25.175153386704572,-3.6021012757515756
63,89.0,-0.30879506,-0.13248205,-0.22363394,142.57000000000005,-142.81,6.856427383660922,3.3957133691702386,,,15.584659443061277,7.718456488123953,32.0,10.67938190044132,13.12,,0.5,21.32061809955868,-25.14357261633908,-3.822954516780399
63,89.0,-0.30573195,-0.13085897,-0.22613807,148.71000000000004,-135.82999999999998,6.913977599376118,3.4121286841311003,,,15.715471083381916,7.755768499029991,38.0,11.13930618232888,15.579999999999998,,0.5,26.86069381767112,-31.086022400623882,-4.225328582952763
63,90.0,-0.33506304,-0.13720974,-0.23617494,203.96000000000004,-120.19,7.263222573574691,2.7634454621221805,,,16.509304909735274,6.281311535403717,32.0,15.277875656968584,13.12,,0.5,16.722124343031417,-24.73677742642531,-8.014653083393894
63,90.0,-0.33427095,-0.13562146,-0.23640098,214.17999999999995,-101.79000000000002,7.318099671207815,2.7767771881531385,,,16.634040552655364,6.311614548672085,32.0,16.04341737698338,13.12,,0.5,15.956582623016619,-24.681900328792185,-8.725317705775566
63,90.0,-0.3337723,-0.13562694,-0.23625103,225.24,-97.07,7.35600947586362,2.7902457541517847,,,16.72020953863801,6.342228599187007,32.0,16.87188033425968,13.12,,0.5,15.128119665740321,-24.64399052413638,-9.51587085839606
63,91.0,-0.26142949,-0.29107815,-0.270643,-140.45,-143.39999999999998,-8.995878062767062,3.079854930291285,,,-20.44763083666953,7.000510256552092,-15.0,-10.520580682590884,-6.15,,-0.5,-4.479419317409116,6.004121937232938,1.524702619823822
63,91.0,-0.26204479,-0.29020038,-0.27061522,-172.82,-139.02999999999997,-9.015486233732489,3.1030030419500805,,,-20.492200209273943,7.053125914352533,-15.0,-12.945295504203324,-6.15,,-0.5,-2.054704495796676,5.984513766267511,3.9298092704708356
63,91.0,-0.26250985,-0.28890026,-0.26966748,-194.27,-128.81,-8.98870168064303,3.1186272654249985,,,-20.43131892010161,7.088639774311021,-15.0,-14.552034241416386,-6.15,,-0.5,-0.44796575858361365,6.011298319356969,5.563332560773356
63,92.0,-0.31443146,-0.2937831,-0.25448677,-135.92000000000002,-83.04000000000002,-7.349700198326475,2.428818255764696,,,-16.70586855079608,5.520703895353155,-15.0,-10.18125543878785,-6.15,,-0.5,-4.818744561212149,7.650299801673525,2.831555240461376
63,92.0,-0.31525907,-0.29417318,-0.25516394,-141.64,-81.36000000000001,-7.418795673256548,2.44088826962903,,,-16.862922565312132,5.548139036866786,-15.0,-10.609719102044664,-6.15,,-0.5,-4.390280897955336,7.581204326743452,3.1909234287881167
63,92.0,-0.31486788,-0.29419801,-0.25489733,-149.18,-87.19999999999999,-7.492479504639856,2.4518523549150517,,,-17.030405914046394,5.573060402721912,-15.0,-11.17451211270138,-6.15,,-0.5,-3.8254878872986193,7.507520495360144,3.682032608061525
63,93.0,-0.32102284,-0.30320337,-0.2604242,-142.57,-111.98000000000002,-7.6167610507481935,2.5976783642553234,,,-17.312897868350646,5.90452292195235,-15.0,-10.679381900441316,-6.15,,-0.5,-4.3206180995586845,7.3832389492518065,3.062620849693122
63,93.0,-0.32210389,-0.30385214,-0.26129356,-162.13,-115.83999999999996,-7.620985755817281,2.608698740073493,,,-17.32250062297268,5.929572236187051,-15.0,-12.144547853816023,-6.15,,-0.5,-2.8554521461839766,7.379014244182719,4.5235620979987425
63,93.0,-0.32261354,-0.30358577,-0.26194289,-167.10000000000002,-113.73000000000002,-7.596516702255584,2.624011876506455,,,-17.266882464226942,5.964378995299173,-15.0,-12.51683184094651,-6.15,,-0.5,-2.4831681590534895,7.403483297744416,4.920315138690927
63,94.0,-0.34414756,-0.28195083,-0.24879871,-114.63,-116.83999999999996,-7.53383868229142,2.5804613052109846,,,-17.1244153248484,5.865388546744569,-15.0,-8.586501699148403,-6.15,,-0.5,-6.413498300851597,7.46616131770858,1.0526630168569833
63,94.0,-0.3379899,-0.28088027,-0.24759722,-138.30999999999997,-115.89999999999998,-7.552778278228238,2.592706526161684,,,-17.167465026412785,5.893221933965509,-15.0,-10.360281340043752,-6.15,,-0.5,-4.639718659956248,7.447221721771762,2.807503061815514
63,94.0,-0.33906487,-0.28245005,-0.2456885,-157.62,-114.07999999999998,-7.593087743260571,2.606451170774492,,,-17.259088440431277,5.924463511170422,-15.0,-11.806720734709687,-6.15,,-0.5,-3.193279265290313,7.406912256739429,4.213632991449116
63,95.0,-0.29390597,-0.10929675,-0.23805088,307.70000000000005,-215.01,11.419530314699529,4.254645584791972,307.70000000000005,-215.01,25.956592405312023,9.670809414232153,32.0,23.048648458762663,13.12,10.832864775618452,0.5,8.951351541237337,-20.58046968530047,-11.629118144063135
63,95.0,-0.26910236,-0.11313245,-0.21686678,327.29,-219.41,11.577343716654,4.290757551300139,327.29,-219.41,26.315302267954547,9.752891914105216,41.0,24.51606159918242,16.81,11.522548951615738,0.5,16.48393840081758,-29.422656283346,-12.938717882528422
63,95.0,-0.25686228,-0.11620744,-0.20856708,358.89,-217.29,11.70898826205028,4.331193774968707,358.89,-217.29,26.614530319640288,9.844803450503871,-45.0,26.88309861997183,-18.45,12.635056351386758,0.5,-71.88309861997183,56.70898826205028,-15.174110357921549
63,96.0,-0.28155226,-0.31919998,-0.28463826,-169.79000000000002,-82.51999999999998,-10.877545035093831,4.9491425825086175,,,-24.72465986476828,11.249401090042088,-15.0,-12.718329612652951,-6.15,,-0.5,-2.2816703873470487,4.122454964906169,1.8407845775591198
63,96.0,-0.28030813,-0.31554839,-0.28697821,-184.83,-81.82999999999998,-10.91961236225846,4.9873120922443706,,,-24.82027889941348,11.336160385671455,-15.0,-13.844919384572968,-6.15,,-0.5,-1.1550806154270319,4.08038763774154,2.9253070223145077
63,96.0,-0.28175843,-0.31320307,-0.2866216,-198.24,-81.57,-11.045002399057005,5.026086320102435,,,-25.10529045305657,11.424294205592831,-15.0,-14.849411993711769,-6.15,,-0.5,-0.1505880062882312,3.9549976009429955,3.8044095946547642
63,97.0,-0.21477874,-0.33708289,-0.35301217,-9.42999999999995,-34.75,12.252545328576131,4.2128601334174975,-510.5700000000001,-44.20999999999998,27.850035531853557,9.575831083257972,-31.0,-0.7063657944950625,-12.71,-17.97509187028766,0.5,-30.293634205504937,43.25254532857613,12.958911123071193
63,97.0,-0.19661692,-0.34577295,-0.32650208,-510.5700000000001,-44.20999999999998,12.405339669735044,4.239392556214789,-510.5700000000001,-44.20999999999998,28.19733706930776,9.636139280276216,-42.0,-38.24487631976098,-17.22,-17.97509187028766,0.5,-3.7551236802390235,54.40533966973504,50.65021598949602
63,97.0,-0.17245214,-0.33099875,-0.29867133,-480.2000000000001,-169.83999999999995,12.531732310643072,4.266720314489668,-480.2000000000001,-169.83999999999995,28.484627542091705,9.698255274835017,-45.0,-35.96997396781877,-18.45,-16.90588776487482,0.5,-9.030026032181233,57.53173231064307,48.50170627846184
63,97.0,-0.24662276,-0.11047618,-0.24128257,506.88,-2.910000000000025,14.710736333862314,4.892046660415228,506.88,-2.910000000000025,33.43750368686904,11.119622059123811,38.0,37.96847231321943,15.579999999999998,17.84518198721313,0.5,0.03152768678057072,-23.289263666137686,-23.257735979357115
63,97.0,-0.24649635,-0.08798541,-0.21274108,492.08,34.23000000000002,14.8732969090762,4.937699008643669,492.08,34.23000000000002,33.8070038743302,11.22338984664706,41.0,36.85986003765984,16.81,17.32413421770012,0.5,4.140139962340157,-26.126703090923797,-21.98656312858364
63,97.0,-0.21590891,-0.11227486,-0.2212348,488.81,9.009999999999993,14.984371749077017,4.97944564443034,488.81,9.009999999999993,34.059476985652054,11.318279949790163,32.0,36.61491664974903,13.12,17.20901082538204,0.5,-4.614916649749027,-17.015628250922983,-21.63054490067201
63,98.0,-0.17456223,-0.1759882,-0.24615148,189.35,-273.26,10.010214468546192,3.803865462658218,,,22.7532174870055,8.64618619662213,38.0,14.18349556602766,15.579999999999998,,0.5,23.81650443397234,-27.98978553145381,-4.173281097481468
63,98.0,-0.17518821,-0.17532551,-0.24579591,175.87,-162.54,9.970683058072622,3.834036433982547,,,22.66336259099907,8.71476481444233,41.0,13.173759520450409,16.81,,0.5,27.82624047954959,-31.029316941927377,-3.203076462377787
63,98.0,-0.17561541,-0.17533864,-0.24627759,189.92,-162.28,10.133470534547046,3.8646612025073055,,,23.03337852502544,8.784374913299107,41.0,14.226192119883663,16.81,,0.5,26.773807880116337,-30.866529465452956,-4.0927215853366175
63,99.0,-0.30105239,-0.28537318,-0.22318386,-130.83999999999995,-98.41000000000004,10.234199366971204,2.99066524129621,,,23.26233516112555,6.797782093466285,-15.0,-9.800731765825502,-6.15,,0.5,-5.1992682341744985,25.234199366971204,20.034931132796707
63,99.0,-0.30161354,-0.28567657,-0.22294977,-115.73000000000002,-100.11,10.299429719793151,3.0104339483568268,,,23.410603753089838,6.842716364615068,-15.0,-8.668898557467024,-6.15,,0.5,-6.331101442532976,25.299429719793153,18.968328277260177
63,99.0,-0.29913113,-0.28647968,-0.22456218,-111.74,-102.02999999999996,10.462677582022,3.028425205878643,,,23.78166614393601,6.883610492962156,-15.0,-8.370022680474944,-6.15,,0.5,-6.6299773195250555,25.462677582022,18.832700262496942
63,100.0,-0.2176225,-0.16573998,-0.23705384,182.12,-184.1,9.018119209063563,2.684641854196562,,,20.49818496220148,6.102190934588786,-45.0,13.641923488169828,-18.45,,0.5,-58.64192348816983,54.01811920906356,-4.623804279106265
63,100.0,-0.21795137,-0.16325776,-0.23683652,188.49,-180.63,9.03511635239734,2.700745170107888,,,20.536819468999155,6.138793771655229,-45.0,14.119076204069469,-18.45,,0.5,-59.11907620406947,54.03511635239734,-5.0839598516721285
63,100.0,-0.21764664,-0.16226347,-0.23603186,199.08000000000004,-160.05,9.162969800680113,2.7170396798962764,,,20.827430356945897,6.175831192404236,-45.0,14.91233323097326,-18.45,,0.5,-59.91233323097326,54.162969800680116,-5.749363430293148
63,101.0,-0.26730299,-0.30738488,-0.23840572,-196.68,-121.58999999999996,-8.68723334662622,2.667829227959714,,,-19.7460813968814,6.063975835152431,-15.0,-14.732558267369,-6.15,,-0.5,-0.26744173263099924,6.31276665337378,6.045324920742781
63,101.0,-0.2652204,-0.30601773,-0.23862486,-199.96,-120.99,-8.808475707194399,2.685531747585293,,,-20.02166528245287,6.104213662261372,-15.0,-14.97825071762815,-6.15,,-0.5,-0.021749282371850143,6.191524292805601,6.169775010433751
63,101.0,-0.26771232,-0.3079471,-0.23840538,-201.38,-124.3,-8.865111454383637,2.700184192231414,,,-20.150398335814007,6.137518668942005,-15.0,-15.084617571094004,-6.15,,-0.5,0.08461757109400381,6.134888545616363,6.219506116710367
63,102.0,-0.20755458,-0.18292916,-0.23993245,248.89,-172.01,8.144953273376723,2.4523887510787863,,,18.51347879038529,5.5742796312020815,-31.0,18.643412788109973,-12.71,,0.5,-49.64341278810997,39.14495327337672,-10.49845951473325
63,102.0,-0.20989442,-0.18408523,-0.24192841,220.77,-47.94999999999999,8.174013405702564,2.465925602972412,,,18.57953247116193,5.605048895556293,38.0,16.537049464546744,15.579999999999998,,0.5,21.462950535453256,-29.825986594297436,-8.36303605884418
63,102.0,-0.21179505,-0.18503588,-0.2430564,227.85,-44.52000000000001,8.224889958428504,2.479607170561847,,,18.69517487550799,5.636147098687078,32.0,17.06738560717931,13.12,,0.5,14.932614392820689,-23.775110041571494,-8.842495648750807
63,103.0,-0.19977887,-0.19760258,-0.25461188,163.52999999999997,-125.91,9.63654451795942,3.640485434992256,,,21.90386568932176,8.2748233937374,20.0,12.249416582585171,8.2,,0.5,7.750583417414829,-10.36345548204058,-2.6128720646257513
63,103.0,-0.19806871,-0.19786863,-0.25479099,181.26,-82.88999999999999,9.793387970966933,3.668167605955828,,,22.260370858007835,8.3377449683376,18.0,13.577504126211634,7.38,,0.5,4.422495873788366,-8.206612029033067,-3.7841161552447016
63,103.0,-0.19709116,-0.19878954,-0.25483051,185.95000000000005,-73.49000000000001,9.864598574950175,3.696265870294186,,,22.422232560861755,8.401612323178686,18.0,13.928814367588297,7.38,,0.5,4.071185632411703,-8.135401425049825,-4.064215792638121
63,104.0,-0.16447215,-0.34934601,-0.28210223,-167.98000000000002,-84.01999999999998,-19.27305032481745,6.220069635409599,-397.07,-154.47,-43.80764338831007,14.13821828128602,-45.0,-12.582749327601404,-18.45,-13.979218773008832,-0.5,-32.417250672398595,25.72694967518255,-6.690300997216047
63,104.0,-0.16490866,-0.35231933,-0.28225189,-397.07,-154.47,-19.58733384614186,6.291777297471588,-397.07,-154.47,-44.52200983228045,14.30120979715292,-45.0,-29.743018665976244,-18.45,-13.979218773008832,-0.5,-15.256981334023756,25.41266615385814,10.155684819834384
63,104.0,-0.16633226,-0.35440859,-0.28289565,-429.06,-152.04,-19.84132275470057,6.373102931888883,-429.06,-152.04,-45.09932662143441,14.48606296418343,-45.0,-32.13926911835134,-18.45,-15.105456485625131,-0.5,-12.860730881648657,25.15867724529943,12.297946363650773
63,105.0,-0.1892859,-0.18215466,-0.2655293,204.53,-228.53,9.2356071357917,2.7159752750595625,,,20.99253501965454,6.173411800210385,32.0,15.320572210824592,13.12,,0.5,16.679427789175406,-22.7643928642083,-6.084965075032892
63,105.0,-0.18500385,-0.18167967,-0.26203209,227.47000000000003,-220.56,9.358895232843317,2.730791780758009,,,21.27276886425286,6.207089717662956,32.0,17.038921237941967,13.12,,0.5,14.961078762058033,-22.641104767156683,-7.68002600509865
63,105.0,-0.18387659,-0.18172053,-0.26068339,247.88,-152.77,9.386762565978811,2.749102087500029,,,21.33611131246984,6.248709044887567,38.0,18.56775749092652,15.579999999999998,,0.5,19.43224250907348,-28.613237434021187,-9.18099492494771
63,106.0,-0.23089571,-0.2278702,-0.3890242,323.91,-74.83000000000001,12.483952784353985,3.4276077946480195,323.91,-74.83000000000001,28.376024678836608,7.790952517234947,-21.0,24.26287852543976,-8.61,11.403552906956683,0.5,-45.26287852543976,33.48395278435399,-11.778925741085775
63,106.0,-0.20068644,-0.19551404,-0.32184845,334.92,-76.61000000000001,12.57303691856708,3.4528207815747507,334.92,-76.61000000000001,28.578512915902976,7.848261636519409,-6.0,25.08759617097429,-2.46,11.791170200357918,0.5,-31.08759617097429,18.57303691856708,-12.51455925240721
63,106.0,-0.17815147,-0.17775124,-0.28958797,361.06,-73.32,12.795988265723889,3.4757607520441285,361.06,-73.32,29.0852813279904,7.900404189396305,20.0,27.04564514956401,8.2,12.711453220295084,0.5,-7.04564514956401,-7.204011734276111,-14.249656883840121
63,107.0,-0.1748863,-0.18324256,-0.2601482,172.21000000000004,-129.36,10.363020172751549,3.36090244861384,,,23.555144852664267,7.639331265699257,38.0,12.899602700953912,15.579999999999998,,0.5,25.100397299046087,-27.636979827248453,-2.536582528202363
63,107.0,-0.17422129,-0.17959003,-0.2597557,192.92999999999995,-119.54,10.438999512644385,3.383446974684099,,,23.727845892240687,7.690574973456956,41.0,14.45165988673734,16.81,,0.5,26.54834011326266,-30.561000487355614,-4.012660374092956
63,107.0,-0.17345695,-0.17668879,-0.2593984,218.59000000000003,-107.05,10.51634665309446,3.406276797049839,,,23.90365594248371,7.742467159694284,41.0,16.373753872606212,16.81,,0.5,24.626246127393788,-30.48365334690554,-5.857407219511751
63,108.0,-0.16179045,-0.18590513,-0.24341133,200.04,-172.18,9.3334890226951,2.631898049444941,,,21.21502054858596,5.982304266388352,-45.0,14.984243216414958,-18.45,,0.5,-59.98424321641496,54.3334890226951,-5.650754193719859
63,108.0,-0.16265501,-0.18652348,-0.24324769,203.59000000000003,-162.81,9.365766553182048,2.648909858097546,,,21.2883873753828,6.020972107455724,-31.0,15.250160350079591,-12.71,,0.5,-46.25016035007959,40.36576655318205,-5.884393796897543
63,108.0,-0.16515304,-0.18852234,-0.24443468,221.84000000000003,-143.9,9.32809287863662,2.6629932300832877,,,21.20275511314104,6.052983611979311,-45.0,16.61719913582031,-18.45,,0.5,-61.617199135820314,54.32809287863662,-7.2891062571836915
63,109.0,-0.17395374,-0.14174579,-0.28475299,239.72000000000003,-112.73,13.317672782121363,4.054538028924328,260.89,-87.37,30.271070233761865,9.215964939744998,45.0,17.95652261467204,18.45,9.184875174881691,0.5,27.04347738532796,-31.682327217878637,-4.638849832550676
63,109.0,-0.1721305,-0.13685706,-0.28025749,260.89,-87.37,13.527796853399458,4.0893073893692495,260.89,-87.37,30.74868224777697,9.294995696036306,-45.0,19.542287606131264,-18.45,9.184875174881691,0.5,-64.54228760613127,58.52779685339946,-6.014490752731806
63,109.0,-0.17111957,-0.1356664,-0.27968788,-17.569999999999993,68.97000000000003,13.726324199055796,4.121021429381468,260.89,-87.37,31.199934904453823,9.367081708984076,-45.0,-1.316102546052843,-18.45,9.184875174881691,0.5,-43.683897453947154,58.726324199055796,15.042426745108639
63,110.0,-0.16917011,-0.16343187,-0.25147426,297.82000000000005,-282.97,10.34952354221234,3.323393681302074,297.82000000000005,-282.97,23.52446701144865,7.554073837599615,-45.0,22.3085748585918,-18.45,10.485030183538145,0.5,-67.3085748585918,55.34952354221234,-11.95905131637946
63,110.0,-0.16883011,-0.16200142,-0.24977396,273.70000000000005,-176.99,10.55892480002895,3.3476312937668293,273.70000000000005,-176.99,24.00043607046581,7.609165930732004,-45.0,20.501836474369,-18.45,9.63586314295343,0.5,-65.501836474369,55.55892480002895,-9.94291167434005
63,110.0,-0.17114875,-0.1615973,-0.24791035,300.92,-157.61,10.66863052041032,3.377161694034627,300.92,-157.61,24.249797172892663,7.676288530540708,-45.0,22.54078418658063,-18.45,10.594168567692895,0.5,-67.54078418658062,55.66863052041032,-11.87215366617031
63,111.0,-0.21340671,-0.31596312,-0.29028955,-149.26999999999998,-123.97,-8.722150876972238,2.974616006732256,,,-19.825448943357895,6.761302183302419,-42.0,-11.181253673836537,-17.22,,-0.5,-30.818746326163463,33.277849123027764,2.4591027968642987
63,111.0,-0.21470518,-0.31599912,-0.28853571,-156.36,-128.39,-8.715758026636674,2.9925061725675874,,,-19.81091799454516,6.801966530246127,-42.0,-11.712338878817452,-17.22,,-0.5,-30.28766112118255,33.28424197336332,2.9965808521807773
63,111.0,-0.2192215,-0.31985155,-0.28137264,-166.02999999999997,-141.98,-8.69832604037278,3.008788828688072,,,-19.77129508976733,6.838977007607988,-42.0,-12.436682169672942,-17.22,,-0.5,-29.56331783032706,33.30167395962722,3.7383561293001613
63,112.0,-0.1997347,-0.17274773,-0.25691414,239.38,-105.8,9.642531387669012,3.0409388816255496,277.14,-78.78999999999999,21.917473844171667,6.912054077934874,23.0,17.9310544948281,9.43,9.75697154343483,0.5,5.0689455051719,-13.357468612330988,-8.288523107159088
63,112.0,-0.19838935,-0.16992477,-0.24884829,277.14,-78.78999999999999,9.563436815765588,3.061445101470109,277.14,-78.78999999999999,21.737691882235183,6.958664715641558,32.0,20.75951392220177,13.12,9.75697154343483,0.5,11.24048607779823,-22.436563184234412,-11.196077106436181
63,112.0,-0.19995356,-0.16675434,-0.24536343,288.42,-66.1,9.564775875084104,3.080134159003518,288.42,-66.1,21.74073556406617,7.001144943414997,32.0,21.604456251141784,13.12,10.154094438036635,0.5,10.395543748858216,-22.435224124915898,-12.03968037605768
63,113.0,-0.21667218,-0.1690778,-0.25010622,237.65,-235.44,9.021401758064512,3.0051441097465226,,,20.50564619608064,6.830692561453846,25.0,17.801466708563357,10.25,,0.5,7.198533291436643,-15.978598241935488,-8.780064950498845
63,113.0,-0.21538563,-0.16875555,-0.25195134,242.17,-237.26,9.02439282686675,3.0252663002948927,,,20.512444895468125,6.876430300570291,32.0,18.140042890018048,13.12,,0.5,13.859957109981952,-22.97560717313325,-9.115650063151298
63,113.0,-0.2174141,-0.16842121,-0.25363725,243.04,-235.69,9.005875155781876,3.045701249776084,,,20.470354229092205,6.922878940741038,32.0,18.20521131432459,13.12,,0.5,13.79478868567541,-22.994124844218124,-9.199336158542714
63,114.0,-0.21245006,-0.16711462,-0.24802168,193.04,-62.22999999999999,8.721931137802919,2.8651143287823526,,,19.824949476226035,6.512404869322287,32.0,14.459899572569205,13.12,,0.5,17.540100427430794,-23.27806886219708,-5.737968434766286
63,114.0,-0.21323331,-0.16769661,-0.24688603,204.59000000000003,-47.78,8.821553996482114,2.883434048319415,,,20.05139223400385,6.554045591830032,32.0,15.3250665849147,13.12,,0.5,16.6749334150853,-23.178446003517884,-6.503512588432585
63,114.0,-0.21392798,-0.16826643,-0.24707146,207.91,-43.6,8.939043166686151,2.9038464791354315,,,20.318445117877623,6.600443047074837,25.0,15.573755284567255,10.25,,0.5,9.426244715432745,-16.06095683331385,-6.634712117881104
63,115.0,-0.2089687,-0.20065968,-0.24722545,191.77,-181.3,7.526590801033439,2.9320051408765986,,,17.10794089074901,6.664447685212509,20.0,14.364768654328618,8.2,,0.5,5.635231345671382,-12.47340919896656,-6.8381778532951785
63,115.0,-0.20946161,-0.19806339,-0.24819176,193.29,-170.8,7.54480449262309,2.94952548271242,,,17.149340611732285,6.704271422205331,20.0,14.47862613127798,8.2,,0.5,5.521373868722019,-12.45519550737691,-6.933821638654891
63,115.0,-0.20999554,-0.19576877,-0.24870743,194.34000000000003,-173.99,7.598913172166045,2.965478917464172,,,17.27232964033342,6.740533579396065,20.0,14.557277677854849,8.2,,0.5,5.442722322145151,-12.401086827833955,-6.958364505688804
63,116.0,-0.16740748,-0.30409461,-0.27841339,-299.71,-155.79,-12.55780840596365,4.11153507664026,-299.71,-155.79,-28.54389850675538,9.345519229203314,-45.0,-22.45014764243015,-18.45,-10.55156939194217,-0.5,-22.54985235756985,32.44219159403635,9.8923392364665
63,116.0,-0.16625132,-0.30778816,-0.27469486,-300.76,-158.51,-12.647230085741016,4.144885659474429,-300.76,-158.51,-28.747153984889326,9.421325103985376,-45.0,-22.52879918900701,-18.45,-10.588535618833296,-0.5,-22.47120081099299,32.352769914258985,9.881569103265994
63,116.0,-0.16428818,-0.31116781,-0.27259341,-311.53,-167.97,-12.85150998297096,4.186361803256366,-311.53,-167.97,-29.211482191292998,9.515600378801722,-45.0,-23.33553933818112,-18.45,-10.967703488945126,-0.5,-21.66446066181888,32.14849001702904,10.484029355210161
63,117.0,-0.15610029,-0.31996128,-0.28480083,-278.66,-185.8,-11.9947648518259,6.156014730257293,-278.66,-185.8,-27.264100508200272,13.992621481874826,-45.0,-20.87337139915113,-18.45,-9.810484557601027,-0.5,-24.12662860084887,33.0052351481741,8.878606547325228
63,117.0,-0.15718561,-0.32096812,-0.28627077,-374.63,-163.02,-12.05872695045756,6.206594887527566,-374.63,-163.02,-27.409486358390037,14.107590179350158,-45.0,-28.062122756276423,-18.45,-13.189197695449918,-0.5,-16.937877243723577,32.94127304954244,16.00339580581886
63,117.0,-0.1572874,-0.31947637,-0.2853649,-431.2,-155.04000000000002,-12.211332321008056,6.263128427096015,-431.2,-155.04000000000002,-27.756358365651312,14.23609091478924,-45.0,-32.29956846089848,-18.45,-15.180797176622283,-0.5,-12.700431539101523,32.78866767899194,20.08823613989042
63,118.0,-0.19345106,-0.18165609,-0.23988344,199.6,-112.41,9.473585846519793,2.909069530786804,,,21.53346062913949,6.612315043478406,32.0,14.951284473087515,13.12,,0.5,17.048715526912485,-22.526414153480207,-5.477698626567722
63,118.0,-0.19334681,-0.18120959,-0.23695856,0.0,0.0,9.488846590763847,2.927841658314868,,,21.568148300806225,6.654984089349695,38.0,0.0,15.579999999999998,,0.5,38.0,-28.51115340923615,9.488846590763847
63,118.0,-0.19479619,-0.18042563,-0.23998541,223.08000000000004,-83.99000000000001,9.559849854370984,2.946837287590952,,,21.72953871898525,6.698161154694234,38.0,16.710082867015846,15.579999999999998,,0.5,21.289917132984154,-28.440150145629016,-7.150233012644861
63,119.0,-0.20575465,-0.16168851,-0.26785442,336.61,-50.06,11.481928662945329,4.083712785971226,336.61,-50.06,26.09842385087473,9.282279162512598,32.0,25.214187707845632,13.12,11.850668222687446,0.5,6.785812292154368,-20.51807133705467,-13.732259044900303
63,119.0,-0.20303358,-0.15811078,-0.25402388,227.69000000000003,-48.69,11.465786158815083,4.116940069523749,336.61,-50.06,26.06173193898669,9.357804778027482,32.0,17.055400609605694,13.12,11.850668222687446,0.5,14.944599390394306,-20.534213841184915,-5.589614450790611
63,119.0,-0.20043549,-0.15481851,-0.24750356,237.99,-52.47,11.651523582572407,4.1506785845412,336.61,-50.06,26.48391310318709,9.43449242266215,38.0,17.826934828407303,15.579999999999998,11.850668222687446,0.5,20.173065171592697,-26.34847641742759,-6.175411245834896
63,120.0,-0.14729697,-0.34271884,-0.28559339,-496.12,-95.08999999999996,-21.686542486525514,7.278935726359875,-496.12,-95.08999999999996,-49.293511071872494,16.545020906016,-45.0,-37.16248122639367,-18.45,-17.46636617640502,-0.5,-7.837518773606327,23.313457513474486,15.475938739868159
63,120.0,-0.14550388,-0.34667537,-0.27525726,-514.98,-101.5,-21.97511456183299,7.406000069784488,-514.98,-101.5,-49.94943539904639,16.833838158620143,-45.0,-38.57521281538381,-18.45,-18.13035002323039,-0.5,-6.424787184616193,23.02488543816701,16.60009825355082
63,120.0,-0.14150494,-0.34894216,-0.27450341,-531.74,-90.55,-22.329758569405165,7.503801277272785,-531.74,-90.55,-50.75554122825794,17.05614030324104,-45.0,-39.830641311220205,-18.45,-18.720401416273496,-0.5,-5.169358688779795,22.670241430594835,17.50088274181504
63,1.0,-0.27407175,-0.30046397,-0.25870994,-32.27999999999997,-15.019999999999982,-10.997677301608178,1.4244519532930724,855.05,160.14999999999998,-24.99772050655539,3.237779289835153,-15.0,-2.417973260477277,-6.15,26.31731310170355,-0.5,-12.582026739522723,4.002322698391822,-8.579704041130901
63,1.0,-0.26678839,-0.31039247,-0.24758625,154.19000000000003,-10.050000000000011,-11.03819017555071,1.4305829871243532,855.05,160.14999999999998,-25.089806269026766,3.251715129733654,-15.0,11.549792349225273,-6.15,26.31731310170355,-0.5,-26.54979234922527,3.96180982444929,-22.58798252477598
63,1.0,-0.26562324,-0.30877107,-0.25073314,94.10000000000002,-38.5,-11.057381128184602,1.4361378731220211,855.05,160.14999999999998,-25.1334273043636,3.264341385606356,-15.0,7.048676697983644,-6.15,26.31731310170355,-0.5,-22.048676697983645,3.942618871815398,-18.106057826168247
63,1.0,-0.37083095,-0.10477,-0.50951076,855.05,160.14999999999998,-14.445271115393211,1.986102291644812,855.05,160.14999999999998,-32.83410124528877,4.514410508908659,0.0,55.99428319511394,0.0,26.31731310170355,-0.5,-55.99428319511394,-14.445271115393211,-70.43955431050715
63,1.0,-0.37097821,-0.105061,-0.50938326,882.21,160.91999999999996,-14.51511169960594,1.997587715361845,882.21,160.91999999999996,-32.992848893204304,4.540516877017474,0.0,57.01150986417471,0.0,26.795409636162116,-0.5,-57.01150986417471,-14.51511169960594,-71.52662156378065
63,1.0,-0.36936775,-0.10476388,-0.5073052,914.52,162.51999999999998,-14.643572583288233,2.0092105008918963,914.52,162.51999999999998,-33.28484048181416,4.566935468527282,0.0,58.22162008793588,0.0,27.36416144132986,-0.5,-58.22162008793588,-14.643572583288233,-72.86519267122412
63,1.0,-0.36964214,-0.10637389,-0.50952202,-31.480000000000015,-108.16000000000004,-17.33243057839428,2.493070024398037,914.52,162.51999999999998,-39.3966147046902,5.666748165456738,0.0,-2.358048272609194,0.0,27.36416144132986,-0.5,2.358048272609194,-17.33243057839428,-14.974382305785086
63,1.0,-0.36902672,-0.1055019,-0.5080142,422.7000000000001,373.59,-17.451980030281106,2.508745284403318,914.52,162.51999999999998,-39.66835060882896,5.702378031448742,0.0,31.662865464800063,0.0,27.36416144132986,-0.5,-31.662865464800063,-17.451980030281106,-49.11484549508117
63,1.0,-0.37150693,-0.10489944,-0.51118928,472.04,416.52,-17.53677403690517,2.5263608065207848,914.52,162.51999999999998,-39.861087385885455,5.742418113221746,0.0,35.358739091564274,0.0,27.36416144132986,-0.5,-35.358739091564274,-17.53677403690517,-52.895513128469446
63,2.0,-0.2713939,-0.13355312,-0.22370854,252.0,-8.829999999999984,9.788759752739516,1.4550924623579142,252.0,-8.829999999999984,22.24985091797692,3.30742516693954,18.0,18.87637117844716,7.38,8.871894453870164,0.5,-0.8763711784471617,-8.211240247260484,-9.087611425707646
63,2.0,-0.26963654,-0.13957907,-0.21765375,261.9,1.1499999999999773,9.824373910213748,1.4609732335941246,261.9,1.1499999999999773,22.33080189791585,3.320792159959444,20.0,19.617942903314724,8.2,9.22043316455792,0.5,0.3820570966852763,-10.175626089786252,-9.793568993100976
63,2.0,-0.27045596,-0.13908817,-0.2168505,194.58000000000004,110.92000000000002,9.863977186449889,1.4674940199899131,261.9,1.1499999999999773,22.4208201448006,3.335613907437073,20.0,14.575255174215275,8.2,9.22043316455792,0.5,5.424744825784725,-10.136022813550111,-4.711277987765387
63,3.0,-0.22773087,-0.32767922,-0.23536442,-367.57,-101.19,-13.628000215968882,2.590416262068345,-367.57,-101.19,-30.976444490897272,5.888016163681348,-35.0,-27.53328473834057,-14.35,-12.940643827020065,-0.5,-7.466715261659431,21.371999784031118,13.905284522371687
63,3.0,-0.2265549,-0.32706395,-0.23498604,-348.35,-107.39,-13.73681255385361,2.605031038099185,-348.35,-107.39,-31.223774934909255,5.921235549599448,-42.0,-26.0935869048098,-17.22,-12.263985845260605,-0.5,-15.9064130951902,28.26318744614639,12.35677435095619
63,3.0,-0.22952721,-0.32525083,-0.23696482,-318.9,-107.44,-13.851165874213793,2.6183122306659925,-318.9,-107.44,-31.48370003208795,5.951423700303803,-42.0,-23.887598288915864,-17.22,-11.227171195790456,-0.5,-18.112401711084136,28.14883412578621,10.036432414702071
63,4.0,-0.26021278,-0.11718773,-0.22643827,311.29999999999995,-59.84,12.309680333154,1.8671148169295144,311.29999999999995,-59.84,27.97990339725904,4.243951978880787,32.0,23.31831090416905,13.12,10.959606124959452,0.5,8.68168909583095,-19.690319666846,-11.008630571015049
63,4.0,-0.25849542,-0.11958147,-0.21871467,320.30999999999995,-46.620000000000005,12.34233719017768,1.876584134367992,320.30999999999995,-46.620000000000005,28.054132433273864,4.265475737418445,32.0,23.993216080033367,13.12,11.276811557615682,0.5,8.006783919966633,-19.65766280982232,-11.650878889855687
63,4.0,-0.25954664,-0.12135509,-0.21714915,333.75,-28.5,12.398578586693633,1.8861428043964972,333.75,-28.5,28.18196912755463,4.287202594393241,32.0,24.99995587621722,13.12,11.749979261822093,0.5,7.000044123782779,-19.60142141330637,-12.601377289523588
63,5.0,-0.28539246,-0.09321011,-0.26816943,370.29,-86.74000000000001,14.474218586936075,2.239037356484376,370.29,-86.74000000000001,32.89989884810571,5.089331911288987,15.0,27.73702969709205,6.15,13.036403957633263,0.5,-12.737029697092051,-0.5257814130639247,-13.262811110155976
63,5.0,-0.25980613,-0.09999356,-0.22982258,378.78,-82.72,14.608533248802916,2.2523932840985648,378.78,-82.72,33.205196074529034,5.119689934756039,23.0,28.37298363084212,9.43,13.335302306495796,0.5,-5.372983630842121,-8.391466751197084,-13.764450382039206
63,5.0,-0.24881662,-0.10652464,-0.21759644,386.6,-118.5,14.674390193438036,2.2658878188728035,386.6,-118.5,33.35488890968466,5.150363012297882,32.0,28.958750387252667,13.12,13.610612682008751,0.5,3.0412496127473325,-17.325609806561964,-14.284360193814631
63,6.0,-0.28167179,-0.12640592,-0.2224395,237.71000000000004,-58.1,10.270647503123357,1.529001649570981,,,23.34518177459939,3.475420749474841,20.0,17.80596108265347,8.2,,0.5,2.1940389173465285,-9.729352496876643,-7.535313579530115
63,6.0,-0.28394118,-0.1259369,-0.2234599,211.54,-47.41999999999999,10.37485102501796,1.534830016368801,,,23.582036379865823,3.4886686272062857,20.0,15.8456649170187,8.2,,0.5,4.1543350829813,-9.62514897498204,-5.47081389200074
63,6.0,-0.28763369,-0.12423469,-0.22617634,188.9,-45.870000000000005,10.345262460877525,1.541358192896742,,,23.51478157357461,3.503507172454295,20.0,14.149787760351856,8.2,,0.5,5.850212239648144,-9.654737539122475,-3.8045252994743315
63,7.0,-0.29251552,-0.10973507,-0.25059214,310.22,-73.86000000000001,11.326898211104412,1.3607373128787392,310.22,-73.86000000000001,25.74603963384033,3.092955912173375,38.0,23.237412170547135,15.579999999999998,10.921583720157154,0.5,14.762587829452865,-26.673101788895586,-11.910513959442723
63,7.0,-0.28298435,-0.11386897,-0.23885897,364.51,-187.81,11.305290905907656,1.367711297033451,364.51,-187.81,25.696926229128103,3.1088077781570345,38.0,27.304071659745137,15.579999999999998,12.832913680080214,0.5,10.695928340254863,-26.694709094092346,-15.998780753837481
63,7.0,-0.27901959,-0.11410806,-0.22910966,323.5,-66.71000000000001,11.348281235484889,1.3740436340396045,323.5,-66.71000000000001,25.794643248257152,3.1232011801720194,38.0,24.232166969157365,15.579999999999998,11.38911847550396,0.5,13.767833030842635,-26.65171876451511,-12.883885733672477
63,8.0,-0.32005027,-0.10158955,-0.25262678,349.51,-14.879999999999995,13.12563973823319,1.975815361858821,349.51,-14.879999999999995,29.83457912500404,4.4910283175051,15.0,26.180478137218515,6.15,12.3048247244927,0.5,-11.180478137218515,-1.8743602617668103,-13.054838398985325
63,8.0,-0.30123597,-0.10388459,-0.22968027,476.04,-12.699999999999989,13.18803701170748,1.986389256907188,476.04,-12.699999999999989,29.9764081276111,4.515062780950037,25.0,35.6583640309047,10.25,16.75943109452521,0.5,-10.6583640309047,-11.81196298829252,-22.47032701919722
63,8.0,-0.29562196,-0.10271788,-0.22331379,657.6600000000001,-143.75,13.285696949360783,1.997072377654007,657.6600000000001,-143.75,30.198389165897066,4.539345514407557,32.0,48.60141234806298,13.12,22.8426638035896,0.5,-16.60141234806298,-18.714303050639217,-35.315715398702196
63,9.0,-0.28841835,-0.07774381,-0.23278509,424.41,-71.63999999999999,15.53092624645774,2.405393703471617,424.41,-71.63999999999999,35.30179535819844,5.467459887990987,41.0,31.79095512636809,16.81,14.941748909393,0.5,9.20904487363191,-25.46907375354226,-16.26002887991035
63,9.0,-0.28119296,-0.07844675,-0.22231364,431.67,-59.52999999999997,15.655915651873386,2.422208679803589,431.67,-59.52999999999997,35.585896276708205,5.505680329193558,45.0,32.33477439127097,18.45,15.197343963897357,0.5,12.665225608729031,-29.344084348126614,-16.678858739397583
63,9.0,-0.2753962,-0.08028018,-0.21837045,495.65,-84.93,15.6982192654566,2.43769182887192,495.65,-84.93,35.68205239038286,5.540873527025875,45.0,37.127275296021175,18.45,17.449819389129953,0.5,7.872724703978825,-29.3017807345434,-21.429056030564574
63,10.0,-0.25487587,-0.07874174,-0.21499278,496.01,-127.8,18.56438134743482,2.966086016809702,496.01,-127.8,42.19683880271935,6.741913516208452,-45.0,37.15424154056181,-18.45,17.46249352406405,0.5,-82.15424154056181,63.56438134743482,-18.58986019312699
63,10.0,-0.2481076,-0.07763087,-0.20825188,505.04,-129.14,18.68902750562375,2.9884583428762017,505.04,-129.14,42.48015952028278,6.792765813357608,-45.0,37.830644841122826,-18.45,17.780403075327726,0.5,-82.83064484112282,63.68902750562375,-19.141617335499078
63,10.0,-0.24623518,-0.0766172,-0.20803271,511.5700000000001,-130.92,18.860151621041894,3.0088524647725023,511.5700000000001,-130.92,42.86912463462823,6.839121652427899,-45.0,38.31978255459609,-18.45,18.01029780066016,0.5,-83.31978255459609,63.860151621041894,-19.459630933554195
63,11.0,-0.24623036,-0.0345119,-0.23953097,187.6,-63.54000000000002,23.849001970156564,3.9244888663628794,,,54.20878147816588,8.920363193242824,-45.0,14.05240965506622,-18.45,,0.5,-59.05240965506622,68.84900197015656,9.796592315090344
63,11.0,-0.23529369,-0.03286843,-0.22905923,163.32000000000005,-74.72000000000003,23.96708500007844,3.964691524996056,,,54.4771842051783,9.011743836316032,-31.0,12.233686273269807,-12.71,,0.5,-43.23368627326981,54.96708500007844,11.733398726808634
63,11.0,-0.21695015,-0.03362064,-0.21208075,149.07000000000005,-77.12,24.21809449370596,4.001835101160907,,,55.04772878419365,9.096171184938743,-31.0,11.16627242686952,-12.71,,0.5,-42.16627242686952,55.21809449370596,13.051822066836438
63,11.0,-0.21513182,-0.03246931,-0.20850645,113.41999999999996,-95.64999999999998,24.910750120798586,4.11678357762429,,,56.62213502457518,9.357449071940014,-31.0,8.49586515499792,-12.71,,0.5,-39.49586515499792,55.91075012079858,16.414884965800667
63,11.0,-0.23432614,-0.03464828,-0.22949597,116.76999999999998,-93.56,25.107521868016704,4.152326724489711,,,57.06939720600197,9.438238644765118,-31.0,8.746801041695534,-12.71,,0.5,-39.746801041695534,56.107521868016704,16.36072082632117
63,11.0,-0.26328981,-0.03485359,-0.2562176,107.21000000000004,-111.16000000000004,25.317656270713485,4.196476136807746,,,57.54703270333175,9.538590258964009,45.0,8.030697436671907,18.45,,0.5,36.96930256332809,-19.682343729286515,17.286958834041577
63,12.0,-0.29304084,-0.08865187,-0.21891847,391.15,-54.30000000000001,13.758242297472068,2.1304547343267792,391.15,-54.30000000000001,31.27248474215401,4.8425236111247685,25.0,29.299573755752405,10.25,13.77079966520363,0.5,-4.299573755752405,-11.241757702527932,-15.541331458280338
63,12.0,-0.2875981,-0.08876151,-0.2090297,379.65,-74.38,13.897367446116323,2.1426119386093454,379.65,-74.38,31.588716205022408,4.870156936459042,32.0,28.438152055148667,13.12,13.365931465919871,0.5,3.5618479448513334,-18.102632553883677,-14.540784609032343
63,12.0,-0.28515324,-0.08964133,-0.20418227,377.5,-76.88,13.89895961806735,2.154897443137899,377.5,-76.88,31.592335211867088,4.898081888252445,32.0,28.277103650253185,13.12,13.290238715618996,0.5,3.722896349746815,-18.10104038193265,-14.378144032185835
63,13.0,-0.33298177,-0.09908398,-0.21192063,261.02,-51.34,10.992501808146775,1.683201179101716,261.02,-51.34,24.985956609917626,3.8259162800982,20.0,19.55202541665983,8.2,9.18945194583012,0.5,0.4479745833401694,-9.007498191853225,-8.559523608513055
63,13.0,-0.33997196,-0.09842084,-0.20733742,266.51,-45.05000000000001,11.041619755566732,1.691855101807593,266.51,-45.05000000000001,25.097601704403186,3.845586646408659,20.0,19.96326064590457,8.2,9.382732503575149,0.5,0.036739354095431054,-8.958380244433268,-8.921640890337837
63,13.0,-0.3469699,-0.09362163,-0.20448822,274.79999999999995,-50.44,11.084326908442469,1.698995968091496,274.79999999999995,-50.44,25.19467506288973,3.861817835471971,20.0,20.584233332687617,8.2,9.67458966636318,0.5,-0.5842333326876172,-8.915673091557531,-9.499906424245149
63,14.0,-0.28377765,-0.11055116,-0.21843147,285.51,-108.39,12.253201914778373,1.911370386206104,285.51,-108.39,27.85152795229124,4.344544887846476,38.0,21.386479107771617,15.579999999999998,10.05164518065266,0.5,16.613520892228383,-25.746798085221627,-9.133277192993244
63,14.0,-0.2828114,-0.1099034,-0.21809575,290.24,-106.63,12.30503584201467,1.9203884632696224,290.24,-106.63,27.969346468899342,4.3650429770118535,38.0,21.740785598541684,15.579999999999998,10.218169231314592,0.5,16.259214401458316,-25.694964157985332,-9.435749756527015
63,14.0,-0.28151509,-0.10737415,-0.21936575,295.13,-108.23,12.418047012209913,1.9315258507668105,295.13,-108.23,28.22622085875313,4.390358258792961,38.0,22.10707708688536,15.579999999999998,10.390326230836118,0.5,15.892922913114639,-25.58195298779009,-9.689030074675449
63,15.0,-0.27334875,-0.10674231,-0.2171836,416.88,-167.95,14.064707538286571,2.2607195541766822,416.88,-167.95,31.969080234525386,5.138615546643599,41.0,31.226911178059726,16.81,14.67664825368807,0.5,9.773088821940274,-26.93529246171343,-17.162203639773153
63,15.0,-0.27207407,-0.105317,-0.21628284,420.68,-166.51,14.148247760827116,2.2758951371914096,420.68,-166.51,32.158967160360035,5.173109646836073,41.0,31.511554870433137,16.81,14.810430789103574,0.5,9.488445129566863,-26.851752239172882,-17.36330710960602
63,15.0,-0.27159995,-0.10549424,-0.21515428,237.77,-27.83999999999997,14.287427025745377,2.2884477039765603,420.68,-166.51,32.47532162951924,5.201641631138722,45.0,17.810455456743576,18.45,14.810430789103574,0.5,27.189544543256424,-30.712572974254623,-3.523028430998199
63,16.0,-0.26434118,-0.09347375,-0.22113916,418.08,-76.86000000000001,16.26073928130629,2.7269846712839074,418.08,-76.86000000000001,36.9606603864092,6.198436157828322,38.0,31.31679865986186,15.579999999999998,14.718895370135073,0.5,6.68320134013814,-21.73926071869371,-15.05605937855557
63,16.0,-0.25955665,-0.0933251,-0.2164572,423.44000000000005,-74.86000000000001,16.421542460112605,2.750422285922632,423.44000000000005,-74.86000000000001,37.32616601183595,6.25170985590214,41.0,31.71829607857804,16.81,14.90759915693168,0.5,9.281703921421961,-24.578457539887395,-15.296753618465434
63,16.0,-0.25706178,-0.09167124,-0.21245953,478.69000000000005,-137.85000000000002,16.49590655739308,2.768223389508247,478.69000000000005,-137.85000000000002,37.49519560495448,6.292171764352245,41.0,35.85686555321775,16.81,16.852726810012342,0.5,5.143134446782248,-24.50409344260692,-19.36095899582467
63,17.0,-0.28401884,-0.12803596,-0.2226664,291.03,-88.12,11.446172744907232,1.3923762757758933,291.03,-88.12,26.017150649174138,3.1648712748386068,32.0,21.799961524061413,13.12,10.245981916308864,0.5,10.200038475938587,-20.55382725509277,-10.353788779154181
63,17.0,-0.28295338,-0.12901857,-0.22375801,291.83000000000004,-83.47,11.506109885427424,1.4013261350912334,291.83000000000004,-83.47,26.153387769576536,3.185214305062374,32.0,21.859886511929503,13.12,10.274146660606869,0.5,10.140113488070497,-20.493890114572576,-10.353776626502079
63,17.0,-0.28370205,-0.12738563,-0.2231324,369.76,-162.27,11.61168896946374,1.4096276355927817,369.76,-162.27,26.393369027591085,3.204083615702393,32.0,27.69732939262945,13.12,13.017744814535842,0.5,4.302670607370551,-20.388311030536258,-16.085640423165707
63,18.0,-0.22659564,-0.35239729,-0.29010186,-454.7,-200.54,-19.55778202395836,3.0113243016786626,-454.7,-200.54,-44.45483854045735,6.8447401377156005,-42.0,-34.05986497952351,-17.22,-16.00813654037605,-0.5,-7.94013502047649,22.44221797604164,14.50208295556515
63,18.0,-0.22549546,-0.35296592,-0.29162738,-462.64,-192.74,-19.702822613124717,3.036312651632977,-462.64,-192.74,-44.78451579963247,6.901538657161758,-42.0,-34.65462048411426,-17.22,-16.2876716275337,-0.5,-7.345379515885739,22.297177386875283,14.951797870989544
63,18.0,-0.22611912,-0.35327673,-0.29287869,-540.47,-122.01999999999998,-19.822642715898656,3.0570253706820303,-540.47,-122.01999999999998,-45.05686689323765,6.9486186675602575,-42.0,-40.4845727413307,-17.22,-19.027749188425428,-0.5,-1.5154272586692983,22.177357284101344,20.661930025432046
63,19.0,-0.26886705,-0.1041471,-0.24101685,426.89,-111.82,15.599978837594296,3.0852973509114463,426.89,-111.82,35.45875189785184,7.012880878621719,20.0,31.97672258875916,8.2,15.029059616716802,0.5,-11.97672258875916,-4.400021162405704,-16.376743751164863
63,19.0,-0.25575823,-0.1072803,-0.22940907,428.6,-110.91000000000004,15.614735687256536,3.108357985160839,428.6,-110.91000000000004,35.49229421713411,7.065297700270588,25.0,32.10481225032719,10.25,15.08926175765378,0.5,-7.104812250327193,-9.385264312743464,-16.49007656307066
63,19.0,-0.25299227,-0.10721988,-0.22602445,439.92,-102.70999999999998,15.70701195616996,3.1296062271431,439.92,-102.70999999999998,35.70203817637432,7.113594954296268,25.0,32.95275082866061,10.25,15.487792889470487,0.5,-7.952750828660612,-9.29298804383004,-17.24573887249065
63,20.0,-0.23012187,-0.34899125,-0.25577927,-369.44,-127.12,-16.642868044629136,2.5267256236990967,-369.44,-127.12,-37.82923906544203,5.743247342668045,-35.0,-27.673359397482216,-14.35,-13.00647891681664,-0.5,-7.326640602517784,18.357131955370864,11.03049135285308
63,20.0,-0.21863209,-0.35476395,-0.25589722,-372.02,-120.19,-16.73954227927557,2.5432221466759843,-372.02,-120.19,-38.04897960079337,5.780743939394515,-39.0,-27.86661748335679,-15.989999999999998,-13.097310217177691,-0.5,-11.13338251664321,22.26045772072443,11.127075204081219
63,20.0,-0.21351683,-0.35604653,-0.25572112,-376.45,-117.42000000000002,-16.837056252901345,2.5599042912433125,-376.45,-117.42000000000002,-38.27062886284476,5.818662453996051,-42.0,-28.198452103676324,-17.22,-13.253272488727871,-0.5,-13.801547896323676,25.162943747098655,11.36139585077498
63,21.0,-0.26180401,-0.34844071,-0.273265,-437.27,-169.04,-16.572733256768927,2.5039488001020773,-437.27,-169.04,-37.669822692635776,5.691475622632019,-42.0,-32.754249306347575,-17.22,-15.39449717398336,-0.5,-9.245750693652425,25.427266743231073,16.181516049578647
63,21.0,-0.25878349,-0.35405615,-0.2714453,-435.3,-161.85,-16.638928602137746,2.520217682066945,-435.3,-161.85,-37.820284712659095,5.728454791338166,-42.0,-32.606684023722416,-17.22,-15.325141491149534,-0.5,-9.393315976277584,25.361071397862254,15.96775542158467
63,21.0,-0.25954047,-0.35527977,-0.27203894,-410.68,-153.04000000000002,-16.64951523298414,2.53669074124641,-410.68,-153.04000000000002,-37.84434812457295,5.765898054853089,-42.0,-30.76249252208206,-17.22,-14.458371485378567,-0.5,-11.23750747791794,25.35048476701586,14.11297728909792
63,22.0,-0.30352491,-0.0920586,-0.22958107,322.08000000000004,-100.56,13.382032134806726,2.1700150318843514,322.08000000000004,-100.56,30.41735904241569,4.932444167473131,32.0,24.125800115691515,13.12,11.339126054375011,0.5,7.874199884308485,-18.617967865193272,-10.743767980884789
63,22.0,-0.29426819,-0.0917547,-0.21951118,322.96000000000004,-100.97,13.38724177122518,2.181502728432553,322.96000000000004,-100.97,30.429200545994835,4.958555701727194,38.0,24.19171760234641,15.579999999999998,11.370107273102812,0.5,13.808282397653588,-24.612758228774823,-10.804475831121232
63,22.0,-0.28979927,-0.0936419,-0.21881907,326.42999999999995,-90.00999999999999,13.522376199658517,2.1957030635104093,326.42999999999995,-90.00999999999999,30.736361101823807,4.99083306335916,38.0,24.45164223722423,15.579999999999998,11.492271851495389,0.5,13.548357762775769,-24.477623800341483,-10.929266037565714
63,23.0,-0.34370366,-0.33310688,-0.24797752,-376.33,-27.819999999999997,-12.742098719014557,1.9171424567780804,-376.33,-27.819999999999997,-28.962790388320084,4.357664804256576,-15.0,-28.18946335549611,-6.15,-13.24904777708317,-0.5,13.189463355496109,2.2579012809854433,15.447364636481552
63,23.0,-0.34428799,-0.33515909,-0.25020102,-374.11,-25.149999999999977,-12.800000042794352,1.9270201616694216,-374.11,-25.149999999999977,-29.094400097271564,4.3801168274745965,-15.0,-28.02317151416217,-6.15,-13.17089061165622,-0.5,13.023171514162168,2.199999957205648,15.223171471367817
63,23.0,-0.34390125,-0.33378622,-0.24906608,-327.87,-106.45,-12.859802645069069,1.937000518997673,-327.87,-106.45,-29.23033141224199,4.402802179681709,-15.0,-24.559507215386787,-6.15,-11.54296839123179,-0.5,9.559507215386787,2.1401973549309314,11.699704570317719
63,24.0,-0.35366067,-0.16635528,-0.2192162,113.29999999999995,-190.49,4.212953524881775,1.2041571147941343,,,9.576043362056277,2.737049121927068,13.0,8.486876406817707,5.33,,0.5,4.513123593182293,-8.787046475118224,-4.273922881935932
63,24.0,-0.35690999,-0.16635005,-0.21883188,113.61,-197.8,4.193527818200875,1.208791296050405,,,9.53188873077059,2.7475826159225702,13.0,8.510097339616596,5.33,,0.5,4.489902660383404,-8.806472181799126,-4.316569521415722
63,24.0,-0.35693631,-0.16604336,-0.21588282,110.80999999999996,-199.39,4.240662772152785,1.2126126678044704,,,9.63902648110328,2.756268593919561,18.0,8.300359882078288,7.38,,0.5,9.699640117921712,-13.759337227847215,-4.059697109925503
63,25.0,-0.28143644,-0.04184252,-0.20786509,565.48,-146.67000000000002,19.472782979550125,3.328739605348609,565.48,-146.67000000000002,44.26163571251744,7.566225122957391,45.0,42.35797767455675,18.45,19.90824950704167,0.5,2.64202232544325,-25.527217020449875,-22.885194695006625
63,25.0,-0.27382907,-0.03900438,-0.20509478,562.77,-129.61,19.64986863969957,3.3490547628298266,562.77,-129.61,44.66415141803712,7.612401475912197,45.0,42.1549817781536,18.45,19.81284143573219,0.5,2.845018221846402,-25.35013136030043,-22.50511313845403
63,25.0,-0.27319112,-0.03828877,-0.20779645,562.98,-111.01999999999998,19.783248413732643,3.371882403536876,562.98,-111.01999999999998,44.9673236444143,7.664288703239322,-45.0,42.17071208746898,-18.45,19.820234681110417,0.5,-87.17071208746898,64.78324841373265,-22.387463673736335
63,26.0,-0.33545026,-0.10539799,-0.23483461,324.30999999999995,-61.00999999999999,12.876511310219518,2.216847296858117,324.30999999999995,-61.00999999999999,29.26831020812897,5.038893905758501,20.0,24.2928410193738,8.2,11.417635279105683,0.5,-4.2928410193738,-7.123488689780482,-11.416329709154281
63,26.0,-0.32352766,-0.10755379,-0.21977215,331.39,-113.63,12.870442343697157,2.227544001375969,331.39,-113.63,29.25451544722364,5.06320751512758,32.0,24.823177162006363,13.12,11.66689326614299,0.5,7.176822837993637,-19.129557656302843,-11.952734818309207
63,26.0,-0.31817573,-0.10989442,-0.21263963,334.04999999999995,-132.36,12.99648248194935,2.2383391369819714,334.04999999999995,-132.36,29.541004681470877,5.087744858360022,32.0,25.022427746667752,13.12,11.760541040933845,0.5,6.977572253332248,-19.00351751805065,-12.025945264718402
63,27.0,-0.37790143,-0.07151809,-0.21601906,337.91,-47.27999999999997,13.497967890291925,2.353704158148956,337.91,-47.27999999999997,30.680881014633545,5.349969551472578,25.0,25.311565813131267,10.25,11.896435932171697,0.5,-0.3115658131312671,-11.502032109708075,-11.813597922839342
63,27.0,-0.37821436,-0.07248461,-0.21293698,334.57000000000005,-51.610000000000014,13.56419759367183,2.365677824496194,334.57000000000005,-51.610000000000014,30.83142113041607,5.377185695079847,25.0,25.06137898878201,10.25,11.778848124727544,0.5,-0.061378988782010424,-11.43580240632817,-11.49718139511018
63,27.0,-0.38184088,-0.07401018,-0.21092148,338.47,-51.910000000000025,13.631159704726103,2.3777740137576613,338.47,-51.910000000000025,30.98362600884244,5.404680333271164,25.0,25.35351330463893,10.25,11.9161512531803,0.5,-0.3535133046389305,-11.368840295273897,-11.722353599912827
63,28.0,-0.26036897,-0.37825674,-0.25807452,-493.45,-109.10000000000002,-18.354075932316043,2.1658805650831514,-493.45,-109.10000000000002,-41.71881459415437,4.923046524434003,-42.0,-36.96248157938393,-17.22,-17.372366342310446,-0.5,-5.037518420616067,23.645924067683957,18.60840564706789
63,28.0,-0.25779495,-0.37445959,-0.2586323,-464.81,-148.62,-18.463606495454343,2.1788074111499487,-464.81,-148.62,-41.96777756416773,4.952429245543833,-42.0,-34.817167013706445,-17.22,-16.364068496442027,-0.5,-7.182832986293555,23.536393504545657,16.353560518252102
63,28.0,-0.26621881,-0.3694526,-0.25632554,-465.27,-142.47000000000003,-18.58536434510428,2.191871882239488,-465.27,-142.47000000000003,-42.24453315642204,4.982124788330353,-42.0,-34.85162388173059,-17.22,-16.380263224413376,-0.5,-7.148376118269411,23.41463565489572,16.266259536626308
63,29.0,-0.34441271,-0.10013084,-0.21752824,372.75,-162.32,13.274312553715948,2.2654647881035137,372.75,-162.32,30.172512434596356,5.149401463359286,32.0,27.921299034786426,13.12,13.123010546349615,0.5,4.078700965213574,-18.725687446284052,-14.646986481070478
63,29.0,-0.34431183,-0.09826461,-0.2161058,372.46,-167.72000000000003,13.337364550754918,2.276635919819391,372.46,-167.72000000000003,30.31582962386593,5.1747934457494775,32.0,27.89957622668425,13.12,13.112800826541594,0.5,4.10042377331575,-18.66263544924508,-14.562211675929332
63,29.0,-0.34288678,-0.0957701,-0.21401118,374.16,-165.31,13.422443074472326,2.287916192265804,374.16,-165.31,30.5092131082756,5.2004335050201735,38.0,28.02691682590392,15.579999999999998,13.172650908174845,0.5,9.973083174096079,-24.577556925527674,-14.604473751431595
63,30.0,-0.34604114,-0.05737776,-0.21836415,405.64,-145.51999999999998,16.08895752971707,2.7370460113752357,405.64,-145.51999999999998,36.5702004650469,6.22130558385591,41.0,30.38496509851312,16.81,14.280933596301164,0.5,10.61503490148688,-24.91104247028293,-14.29600756879605
63,30.0,-0.34838134,-0.05661416,-0.21906035,410.7000000000001,-141.97000000000003,16.17993929607047,2.752974674734153,410.7000000000001,-141.97000000000003,36.77700201996818,6.257511435670731,41.0,30.76399064677877,16.81,14.45907560398602,0.5,10.236009353221231,-24.82006070392953,-14.5840513507083
63,30.0,-0.34724233,-0.05747632,-0.21943136,462.37,-143.04000000000002,16.22737669070483,2.7690839332479023,462.37,-143.04000000000002,36.88482721797208,6.294127780272481,41.0,34.63439580070878,16.81,16.278166026333125,0.5,6.365604199291219,-24.77262330929517,-18.40701911000395
63,30.0,-0.42174733,-0.35605365,-0.46291572,32.39999999999998,-142.92000000000002,27.977335140580795,4.853928001212795,462.37,-143.04000000000002,63.59248277454015,11.032978346756686,-21.0,2.4269620086574903,-8.61,16.278166026333125,0.5,-23.42696200865749,48.97733514058079,25.550373131923305
63,30.0,-0.42233005,-0.3557393,-0.46417105,32.950000000000045,-157.29000000000002,28.269647986851037,4.896161997700066,462.37,-143.04000000000002,64.25690987411241,11.128976220772252,-21.0,2.4681604378168047,-8.61,16.278166026333125,0.5,-23.468160437816806,49.26964798685104,25.80148754903423
63,30.0,-0.42257968,-0.35854042,-0.46372783,34.389999999999986,-151.97000000000003,28.588698035292687,4.938892431732622,462.37,-143.04000000000002,64.98211063422028,11.226102497328249,-21.0,2.5760254159793554,-8.61,16.278166026333125,0.5,-23.576025415979355,49.58869803529269,26.01267261931333
63,31.0,-0.31467825,-0.10956591,-0.21765754,365.9500000000001,-235.2,14.393394304704078,4.102112892921954,365.9500000000001,-235.2,32.71618525459237,9.324102605611602,38.0,27.411936637907697,15.579999999999998,12.883610219816616,0.5,10.588063362092303,-23.606605695295922,-13.01854233320362
63,31.0,-0.31683993,-0.1072074,-0.2203344,368.01,-235.53,14.359627217450209,4.123740982777088,368.01,-235.53,32.63943266526432,9.373263253852322,38.0,27.56624348166801,15.579999999999998,12.956134436383966,0.5,10.43375651833199,-23.64037278254979,-13.206616264217802
63,31.0,-0.31804073,-0.10342072,-0.22061716,311.04999999999995,-135.38,14.435945322982452,4.145584547332957,311.04999999999995,-135.38,32.81290371913912,9.422913676087813,38.0,23.29958434546027,15.579999999999998,10.950804642366329,0.5,14.700415654539729,-23.56405467701755,-8.86363902247782
63,32.0,-0.34816834,-0.09839374,-0.22452757,372.14,-139.60000000000002,13.12687187758691,2.192590326414173,372.14,-139.60000000000002,29.837379777755046,4.983757811939416,32.0,27.87560623153701,13.12,13.101534928822392,0.5,4.1243937684629906,-18.873128122413092,-14.7487343539501
63,32.0,-0.34873661,-0.09620487,-0.22286952,373.02,-143.35000000000002,13.18760787907521,2.203112206644918,373.02,-143.35000000000002,29.975432709137955,5.007674045703899,32.0,27.9415237181919,13.12,13.132516147550191,0.5,4.058476281808101,-18.81239212092479,-14.753915839116688
63,32.0,-0.34861773,-0.09726626,-0.22263359,375.21,-148.52999999999997,13.314729204544266,2.213730129192051,375.21,-148.52999999999997,30.26437948192912,5.0318085836535325,32.0,28.105568372480796,13.12,13.209617135065972,0.5,3.8944316275192037,-18.685270795455736,-14.79083916793653
63,32.0,-0.42501381,-0.35778221,-0.46640807,578.5999999999999,-189.57,18.08484324924086,3.129641278016421,578.5999999999999,-189.57,41.10684870552447,7.113674624931328,-21.0,43.34074747559335,-8.61,20.37015131352888,0.5,-64.34074747559336,39.08484324924086,-25.255904226352495
63,32.0,-0.42386168,-0.35846949,-0.4651545,-479.5,-437.0,18.222594095059684,3.150045986745,578.5999999999999,-189.57,41.419956378070665,7.1600545278713845,-21.0,-35.91753960343418,-8.61,20.37015131352888,0.5,14.917539603434179,39.222594095059684,54.14013369849386
63,32.0,-0.42434731,-0.36058837,-0.46520323,133.16999999999996,-65.22000000000003,18.34050773478141,3.1706908955873034,578.5999999999999,-189.57,41.68797408115815,7.206980405669942,-21.0,9.9752632929913,-8.61,20.37015131352888,0.5,-30.9752632929913,39.34050773478141,8.36524444179011
63,33.0,-0.3383112,-0.09945075,-0.22340089,366.33,-176.48000000000002,13.34787166415797,2.354976870145081,366.33,-176.48000000000002,30.33971229263107,5.352862425839771,32.0,27.440401007145034,13.12,12.896988473358164,0.5,4.559598992854966,-18.65212833584203,-14.092529342987064
63,33.0,-0.34043607,-0.10012878,-0.22210866,370.58,-181.37,13.413681299800222,2.367018926098093,370.58,-181.37,30.489297594445908,5.380234019020964,32.0,27.75875250519424,13.12,13.046613677441291,0.5,4.241247494805759,-18.586318700199776,-14.345071205394019
63,33.0,-0.339573,-0.10009938,-0.22203843,370.19000000000005,-181.28,13.480132098304356,2.379177961610462,370.19000000000005,-181.28,30.640340259445804,5.4078715067405785,32.0,27.729539073608557,13.12,13.03288336459602,0.5,4.2704609263914435,-18.519867901695644,-14.2494069753042
63,34.0,-0.3408801,-0.0824011,-0.21953568,363.33,-113.2,14.810539246165634,2.57292729074654,363.33,-113.2,33.66435570653449,5.848263731866886,38.0,27.21568230263971,15.579999999999998,12.791370682240665,0.5,10.78431769736029,-23.189460753834368,-12.405143056474076
63,34.0,-0.34038863,-0.08282987,-0.22264698,367.17,-113.83,14.868484856675927,2.587177101021528,367.17,-113.83,33.79606607922439,5.880653550621934,38.0,27.50332224440652,15.579999999999998,12.926561454871065,0.5,10.496677755593481,-23.131515143324073,-12.634837387730592
63,34.0,-0.34044167,-0.08211846,-0.22228493,371.21,-110.83,14.969954670848388,2.601583075012444,371.21,-110.83,34.02670696683839,5.913398329503284,38.0,27.80594343314036,15.579999999999998,13.06879341357597,0.5,10.19405656685964,-23.030045329151612,-12.835988762291972
63,35.0,-0.3119759,-0.00173305,-0.20526075,616.83,-164.57999999999998,22.04264745295802,3.8340440960647246,616.83,-164.57999999999998,50.10293766057358,8.71478223035512,45.0,46.20441283333953,18.45,21.716074031669574,0.5,-1.204412833339532,-22.95735254704198,-24.161765380381514
63,35.0,-0.30698374,0.00407907,-0.20525509,625.32,-168.91000000000005,22.213689638323725,3.863218356963401,625.32,-168.91000000000005,50.49171654790983,8.781095325377809,45.0,46.8403667670896,18.45,22.01497238053211,0.5,-1.8403667670895985,-22.786310361676275,-24.626677128765873
63,35.0,-0.30471009,0.00994118,-0.20684408,632.62,-167.64,22.387302265902537,3.892741892270939,632.62,-167.64,50.88633805039647,8.848202321131843,45.0,47.38718228138588,18.45,22.271975672251365,0.5,-2.3871822813858827,-22.612697734097463,-24.999880015483345
63,36.0,-0.35403574,-0.07346139,-0.21361476,397.34,-188.02,14.4764389502802,3.464931178906209,397.34,-188.02,32.9049457339869,7.875788569653814,38.0,29.763243349381728,15.579999999999998,13.988724374209411,0.5,8.236756650618272,-23.523561049719802,-15.286804399101529
63,36.0,-0.35521039,-0.07298929,-0.2150851,406.17,-184.77,14.552679492352212,3.482893679375768,406.17,-184.77,33.07824048611658,7.916617333221122,38.0,30.424665402975723,15.579999999999998,14.299592739398587,0.5,7.575334597024277,-23.447320507647788,-15.871985910623511
63,36.0,-0.35411727,-0.0700816,-0.21777381,405.3,-183.68,14.629864185112204,3.5010242353717347,405.3,-183.68,33.25368129276004,7.957828086999953,41.0,30.359496978669178,16.81,14.268963579974512,0.5,10.640503021330822,-26.370135814887796,-15.729632793556974
63,37.0,-0.37988976,-0.0508075,-0.20601866,392.24,-113.26,15.044166784259104,2.6772973377202094,392.24,-113.26,34.195391100620945,6.085496848638035,27.0,29.381221551722675,11.07,13.809174129309657,0.5,-2.3812215517226747,-11.955833215740896,-14.33705476746357
63,37.0,-0.38251624,-0.05045329,-0.20354588,396.14,-111.48,15.111486074439012,2.691219201159746,396.14,-111.48,34.34840784719988,6.117141244236104,27.0,29.67335586757959,11.07,13.946477257762409,0.5,-2.673355867579591,-11.888513925560988,-14.561869793140579
63,37.0,-0.38115841,-0.04768215,-0.20187165,402.28,-110.06,15.286882742665195,2.708413992413555,402.28,-110.06,34.747084474077994,6.156225004756012,27.0,30.13328014946715,11.07,14.16264167024956,0.5,-3.1332801494671507,-11.713117257334805,-14.846397406801955
63,38.0,-0.33151346,-0.06937136,-0.21637687,371.69000000000005,-85.66,16.147605318139966,3.2056597629195807,371.69000000000005,-85.66,36.70350688813215,7.286464641116208,38.0,27.841898425861213,15.579999999999998,13.085692260154769,0.5,10.158101574138787,-21.852394681860034,-11.694293107721247
63,38.0,-0.32891944,-0.06472166,-0.21639286,370.97,-84.61000000000001,16.258928433031322,3.224530613262819,370.97,-84.61000000000001,36.9565443282802,7.329358083946387,41.0,27.787965936779937,16.81,13.060343990286569,0.5,13.212034063220063,-24.741071566968678,-11.529037503748615
63,38.0,-0.32974532,-0.06139027,-0.21219124,377.4,-83.35,16.31282569439202,3.241681284611838,377.4,-83.35,37.079052803353065,7.368341559922706,41.0,28.26961302676968,16.81,13.286718122581746,0.5,12.73038697323032,-24.68717430560798,-11.956787332377658
63,39.0,-0.37490174,-0.05340708,-0.21400559,465.2000000000001,-159.8,15.306977683840802,2.6734272327166924,465.2000000000001,-159.8,34.79276027537015,6.076700099965043,32.0,34.84638044529215,13.12,16.37779880928731,0.5,-2.846380445292148,-16.693022316159198,-19.539402761451345
63,39.0,-0.37341633,-0.052635,-0.21392804,469.52,-160.47000000000003,15.441630269876056,2.68572678535927,469.52,-160.47000000000003,35.09882560342828,6.104656983121622,32.0,35.1699753797798,13.12,16.529888428496506,0.5,-3.1699753797797996,-16.558369730123943,-19.728345109903742
63,39.0,-0.37034309,-0.04953982,-0.21330708,472.21,-165.06,15.536484346369788,2.7028107962826864,472.21,-165.06,35.31442891929853,6.143488939950547,32.0,35.37147315148625,13.12,16.624592381198536,0.5,-3.3714731514862493,-16.46351565363021,-19.83498880511646
63,40.0,-0.34563839,-0.05002124,-0.21675666,454.83,-198.76,16.70599544639386,3.1097637094509967,454.83,-198.76,37.97272764965325,7.068492911582117,41.0,34.06960279005207,16.81,16.012713311324475,0.5,6.930397209947927,-24.29400455360614,-17.363607343658213
63,40.0,-0.34504998,-0.04924024,-0.21474552,461.9500000000001,-204.71,16.744893659698743,3.1261127223587,461.9500000000001,-204.71,38.061143288495245,7.105654217921327,41.0,34.60293518207805,16.81,16.263379535576682,0.5,6.397064817921951,-24.255106340301257,-17.858041522379306
63,40.0,-0.34359249,-0.04672173,-0.2144556,464.12,-198.47,16.946442649792928,3.1488359695784336,464.12,-198.47,38.51926414297933,7.157304158851781,45.0,34.76548171167022,18.45,16.339776404485,0.5,10.234518288329781,-28.053557350207072,-17.81903906187729
63,41.0,-0.33559418,-0.08223466,-0.20785633,412.83,-193.62,14.300912686141196,3.534706131256261,412.83,-193.62,32.50597453559894,8.034387036345482,25.0,30.923540926977545,10.25,14.534064235679445,0.5,-5.9235409269775445,-10.699087313858804,-16.62262824083635
63,41.0,-0.33480927,-0.08119404,-0.20742838,417.64,-195.24,14.44969049207635,3.555515879932324,417.64,-195.24,32.84414648848954,8.081687595086175,25.0,31.28383991653441,10.25,14.703404760771171,0.5,-6.283839916534411,-10.55030950792365,-16.83414942445806
63,41.0,-0.33547434,-0.08128608,-0.20581995,418.35,-201.78,14.564803786107506,3.5727100833356724,418.35,-201.78,33.10579900582236,8.120770019421983,32.0,31.33702334326734,13.12,14.728400971335647,0.5,0.6629766567326598,-17.435196213892496,-16.772219557159836
63,41.0,-0.43878037,-0.36473125,-0.46421227,9.950000000000044,-145.93,25.917828895922945,6.314760493453139,418.35,-201.78,58.91122508043286,14.353450601618988,-21.0,0.7453170366093258,-8.61,14.728400971335647,0.5,-21.745317036609325,46.917828895922945,25.17251185931362
63,41.0,-0.43684316,-0.36203331,-0.461972,9.870000000000005,-146.32,26.16425191038072,6.366847162464586,418.35,-201.78,59.471344592295374,14.471843600282003,-21.0,0.7393245378225141,-8.61,14.728400971335647,0.5,-21.739324537822515,47.16425191038072,25.424927372558205
63,41.0,-0.43547189,-0.36201584,-0.46106982,11.629999999999995,-139.72000000000003,26.5132320192884,6.424849929063095,418.35,-201.78,60.26457637984255,14.603683888760417,-21.0,0.871159511132303,-8.61,14.728400971335647,0.5,-21.8711595111323,47.513232019288395,25.642072508156097
63,41.0,-0.43321204,-0.35933343,-0.45498988,273.37,-181.76,39.81641615473728,8.68349789144406,273.37,-181.76,90.50271391971783,19.73759070725235,-21.0,20.47711741687341,-8.61,9.624245185930503,0.5,-41.47711741687341,60.81641615473728,19.339298737863874
63,41.0,-0.43309724,-0.36062616,-0.45678031,275.38,-182.94,40.34150916463567,8.75032162304256,275.38,-182.94,91.69625033121687,19.889481049175743,-21.0,20.62767894889198,-8.61,9.69500910597923,0.5,-41.62767894889198,61.34150916463567,19.713830215743688
63,41.0,-0.43030268,-0.3580569,-0.45427254,404.25,-192.45,40.733358080397416,8.810011581530278,404.25,-192.45,92.58692291674332,20.02515632481833,-21.0,30.28084543209232,-8.61,14.23199735308339,0.5,-51.28084543209232,61.733358080397416,10.452512648305095
63,42.0,-0.42985487,-0.35853076,-0.4571068,-294.63,-144.02999999999997,-14.05757341668924,1.8546868797913705,-294.63,-144.02999999999997,-31.95286437613464,4.215703277765785,-21.0,-22.06962396946781,-8.61,-10.372723265649867,-0.5,1.0696239694678091,6.942426583310761,8.01205055277857
63,42.0,-0.43418643,-0.36278656,-0.45934483,-332.77,-148.41000000000005,-14.150994915758403,1.86253463482056,-332.77,-148.41000000000005,-32.16521144351886,4.233541224947134,-24.0,-24.92654776607881,-9.84,-11.71547745005704,-0.5,0.9265477660788086,9.849005084241597,10.775552850320405
63,42.0,-0.43641847,-0.36310896,-0.46082002,-349.93,-154.33999999999995,-14.199896309938987,1.86900331540396,-349.93,-154.33999999999995,-32.276364312491324,4.2482445359132015,-24.0,-26.211938755849264,-9.84,-12.319611215249154,-0.5,2.211938755849264,9.800103690061013,12.012042445910277
63,42.0,-0.42715377,-0.35677639,-0.45305398,-387.26,-168.18,-15.982128590717744,2.026167300036019,-387.26,-168.18,-36.32737828670143,4.60547827298187,-21.0,-29.00818850224384,-8.61,-13.633848596054603,-0.5,8.00818850224384,5.017871409282256,13.026059911526096
63,42.0,-0.4323718,-0.3618868,-0.45775092,-392.55,-212.29,-16.109077739413145,2.035437326025294,-392.55,-212.29,-36.61593370168608,4.626549042055492,-24.0,-29.40444248452156,-9.84,-13.820087967725131,-0.5,5.40444248452156,7.890922260586855,13.295364745108415
63,42.0,-0.42844382,-0.36080074,-0.45895079,-372.38,-197.08,-16.12684141428501,2.048320609884061,-372.38,-197.08,-36.65631053466983,4.655832746266471,-24.0,-27.89358372789743,-9.84,-13.109984352111791,-0.5,3.893583727897429,7.8731585857149895,11.766742313612419
63,42.0,-0.27441594,-0.37205917,-0.26801097,-431.54,-162.58999999999995,-17.344470176185865,2.2416510905212466,-431.54,-162.58999999999995,-39.42398071047048,5.095272928754792,-42.0,-32.325036580742406,-17.22,-15.19276719294893,-0.5,-9.674963419257594,24.655529823814135,14.98056640455654
63,42.0,-0.27478033,-0.37675071,-0.2657643,-438.6,-161.04000000000002,-17.391891728663214,2.255643798491876,-438.6,-161.04000000000002,-39.531769899251486,5.127078353972035,-42.0,-32.853874598678274,-17.22,-15.441321061378789,-0.5,-9.146125401321726,24.608108271336786,15.46198287001506
63,42.0,-0.27603891,-0.38360739,-0.26824233,-444.57,-159.66000000000005,-17.471387900582208,2.268376070900405,-444.57,-159.66000000000005,-39.71246469802336,5.15601880915662,-42.0,-33.301064820643866,-17.22,-15.651500465702616,-0.5,-8.698935179356134,24.528612099417792,15.829676920061658
63,43.0,-0.25255015,-0.37319031,-0.2452174,-482.2,-177.27,-17.894698689123896,2.2512254081555723,-482.2,-177.27,-40.674650120378615,5.117035352737616,-42.0,-36.11978643748897,-17.22,-16.976299625619813,-0.5,-5.880213562511031,24.105301310876104,18.225087748365073
63,43.0,-0.25055584,-0.37657449,-0.24579713,-19.879999999999995,-7.6299999999999955,-17.990834219483403,2.2666739525869897,-482.2,-177.27,-40.89316618088578,5.152149894230227,-42.0,-1.4891359485219422,-17.22,-16.976299625619813,-0.5,-40.51086405147806,24.009165780516597,-16.501698270961462
63,43.0,-0.25214273,-0.37455145,-0.24447639,130.65999999999997,-112.54000000000002,-18.18579742394112,2.2808832248540822,-482.2,-177.27,-41.33631754461816,5.1844475700933295,-42.0,9.78724864355518,-17.22,-16.976299625619813,-0.5,-51.78724864355518,23.81420257605888,-27.973046067496302
63,44.0,-0.30606624,-0.37616622,-0.25154504,0.0,0.0,-16.98913129744181,2.159241226862605,,,-38.61629543908524,4.9079553086587,-26.0,0.0,-10.66,,-0.5,-26.0,9.010868702558192,-16.98913129744181
63,44.0,-0.3073357,-0.37736812,-0.24867105,0.0,0.0,-17.090509238884472,2.1722837347406365,,,-38.84672749998441,4.937600929065468,-26.0,0.0,-10.66,,-0.5,-26.0,8.909490761115528,-17.090509238884472
63,44.0,-0.30907574,-0.37714615,-0.24888024,0.0,0.0,-17.13805341869051,2.1854695961693533,,,-38.95479542068353,4.96757239209294,-26.0,0.0,-10.66,,-0.5,-26.0,8.861946581309489,-17.13805341869051
63,45.0,-0.33777779,-0.34922558,-0.25647697,-409.29,-61.08000000000001,-14.04264206381042,1.843724480749712,-409.29,-61.08000000000001,-31.918925411041084,4.1907857447440975,-15.0,-30.65837285566126,-6.15,-14.409435242160791,-0.5,15.65837285566126,0.9573579361895792,16.615730791850837
63,45.0,-0.34519538,-0.3535558,-0.2560142,-374.14,-138.88,-14.033602421124076,1.8500829018266745,-374.14,-138.88,-31.898378303215026,4.205238435852031,-16.0,-28.025418701207222,-6.56,-13.171946789567391,-0.5,12.025418701207222,1.9663975788759238,13.991816280083146
63,45.0,-0.34515411,-0.35337183,-0.25492734,-381.01,-135.48,-14.142821257052958,1.8578945563966096,-381.01,-135.48,-32.14663271728138,4.222994326689495,-16.0,-28.540024534524417,-6.56,-13.413811531226475,-0.5,12.540024534524417,1.8571787429470419,14.397203277471458
63,46.0,-0.35017177,-0.33038113,-0.22607933,-303.08,-222.05,-11.146416616622274,2.268617990824493,-303.08,-222.05,-25.33580496958243,5.156568693144072,-15.0,-22.702581653824463,-6.15,-10.670213377297497,-0.5,7.702581653824463,3.8535833833777264,11.55616503720219
63,46.0,-0.35325339,-0.32923689,-0.22627363,-302.14,-201.09,-11.19733502895998,2.277252540569596,-302.14,-201.09,-25.451542520826035,5.176195024714692,-15.0,-22.632169793079463,-6.15,-10.637119802747346,-0.5,7.632169793079463,3.80266497104002,11.434834764119483
63,46.0,-0.35569209,-0.32950667,-0.22998466,-298.36,-190.85,-11.194253544141878,2.2851641691430338,-298.36,-190.85,-25.44453830583449,5.194178156462115,-15.0,-22.34902422540276,-6.15,-10.504041385939296,-0.5,7.349024225402761,3.805746455858122,11.154770681260883
63,47.0,-0.37514478,-0.31103393,-0.27130023,-347.72,-152.5,-13.05430147766186,1.7162049101447003,-347.72,-152.5,-29.672427258725406,3.900933760758903,-13.0,-26.04639597686368,-5.33,-12.241806109125928,-0.5,13.046395976863678,-0.054301477661860886,12.992094499201817
63,47.0,-0.36692074,-0.32869411,-0.2625165,-350.04,-153.81,-13.209644154000674,1.7224150175247814,-350.04,-153.81,-30.025521162043532,3.915049334833826,-13.0,-26.220178441681128,-5.33,-12.323483867590127,-0.5,13.220178441681128,-0.20964415400067438,13.010534287680454
63,47.0,-0.37169313,-0.34689087,-0.25582477,-354.38,-156.61,-13.160356196963868,1.728047561578773,-354.38,-156.61,-29.913489635698877,3.927852107468549,-18.0,-26.545271500865496,-7.38,-12.476277605406782,-0.5,8.545271500865496,4.839643803036132,13.384915303901629
63,47.0,-0.35570925,-0.36830845,-0.244954,-359.83,-165.5,-13.37994046903846,1.7534733404772949,-359.83,-165.5,-30.412604686124418,3.985644902904889,-16.0,-26.95351048071683,-6.56,-12.668149925936907,-0.5,10.95351048071683,2.620059530961541,13.57357001167837
63,47.0,-0.35997352,-0.36819723,-0.24386434,-362.04,-160.38,-13.430898576286031,1.7605807541719765,-362.04,-160.38,-30.528432463898152,4.001800054232904,-16.0,-27.119053259702422,-6.56,-12.745955032060138,-0.5,11.119053259702422,2.5691014237139687,13.688154683416391
63,47.0,-0.35645407,-0.36643162,-0.24485576,-363.76,-159.41,-13.491987890899251,1.7670933412922238,-363.76,-159.41,-30.667288476014,4.016603164757223,-16.0,-27.247891983618803,-6.56,-12.806509232300836,-0.5,11.247891983618803,2.508012109100749,13.755904092719552
63,47.0,-0.3620612,-0.36120048,-0.2429001,-342.61,-149.66,-13.612323431241911,1.7996784833142918,-342.61,-149.66,-30.940811159212867,4.090669192573385,-15.0,-25.66362511685628,-6.15,-12.06190380492245,-0.5,10.66362511685628,1.3876765687580885,12.05130168561437
63,47.0,-0.35779375,-0.35718828,-0.24321096,-335.47,-134.20999999999998,-13.664516346736448,1.8071508241635896,-335.47,-134.20999999999998,-31.05944565613195,4.10765382332384,-15.0,-25.12879460013361,-6.15,-11.810533462062796,-0.5,10.12879460013361,1.3354836532635517,11.464278253397161
63,47.0,-0.36216226,-0.35810852,-0.24294184,-321.56,-119.18,-13.636021574397637,1.8133094285012925,-321.56,-119.18,-30.99467703860583,4.121652330983439,-15.0,-24.086848873577257,-6.15,-11.32081897058131,-0.5,9.086848873577257,1.3639784256023635,10.45082729917962
63,48.0,-0.20346062,-0.01400073,-0.19392343,861.0699999999999,-167.06,-4.880131659719174,1.352932675368086,861.0699999999999,-167.06,-11.092539262541685,3.07521597111166,-31.0,56.21975096196761,-12.71,26.423282952124776,-0.5,-87.2197509619676,26.119868340280824,-61.09988262168679
63,48.0,-0.20411344,-0.01060816,-0.19504493,872.23,-161.24,-4.913533777834584,1.3571307747891426,872.23,-161.24,-11.168462277018008,3.084758251095721,-31.0,56.63772775234752,-12.71,26.61973204360333,-0.5,-87.63772775234753,26.086466222165416,-61.5512615301821
63,48.0,-0.20514858,-0.00732117,-0.19753624,870.69,-163.95999999999998,-5.002048356147726,1.361354703867357,870.69,-163.95999999999998,-11.36965591352378,3.094359241890503,-31.0,56.58004995152449,-12.71,26.592623477216502,-0.5,-87.58004995152449,25.997951643852275,-61.58209830767221
63,49.0,-0.35250247,-0.12262765,-0.22616425,239.35,-102.54,10.313357975341049,4.767688682856704,,,23.442262677950204,10.83695637613329,23.0,17.92880730778305,9.43,,0.5,5.07119269221695,-12.686642024658951,-7.615449332442001
63,49.0,-0.34696296,-0.12064843,-0.21470085,237.92,-99.66,10.354120148704142,4.804526925274372,,,23.53491509800452,10.92068970114865,32.0,17.82169139196884,13.12,,0.5,14.178308608031159,-21.64587985129586,-7.467571243264699
63,49.0,-0.34401399,-0.11919796,-0.20818181,241.4,-91.1,10.467275892937838,4.838134899500959,,,23.792118104647702,10.99708062656568,32.0,18.08236508919501,13.12,,0.5,13.917634910804988,-21.532724107062162,-7.615089196257173
63,50.0,-0.29440051,-0.08888786,-0.22023737,331.28,-161.56,13.301912871579889,5.012289919212948,331.28,-161.56,30.235247957101087,11.392934986371031,45.0,24.8149374761745,18.45,11.663020613802017,0.5,20.1850625238255,-31.698087128420113,-11.51302460459461
63,50.0,-0.29218769,-0.08954306,-0.21887153,333.30999999999995,-163.14,13.43940966046176,5.061926309621136,333.30999999999995,-163.14,30.547778158229583,11.505758501768842,-45.0,24.96699713288977,-18.45,11.734488652458191,0.5,-69.96699713288977,58.43940966046176,-11.52758747242801
63,50.0,-0.29230317,-0.08639763,-0.21775973,334.79,-167.66,13.565695873198448,5.107369264738423,334.79,-167.66,30.83482671978007,11.609050338750436,-45.0,25.07785836044573,-18.45,11.786593429409493,0.5,-70.07785836044573,58.56569587319845,-11.512162487247283
63,51.0,-0.27154511,-0.33259854,-0.27906385,-467.32,-119.04000000000002,-14.340160551827816,4.396669090718724,-467.32,-119.04000000000002,-32.595184934304626,9.99362884320366,-35.0,-35.005181663142565,-14.35,-16.452435381677006,-0.5,0.005181663142565185,20.659839448172185,20.66502111131475
63,51.0,-0.26827356,-0.32978925,-0.27898878,-337.91,-145.27999999999997,-14.480650436769366,4.434184783774211,-337.91,-145.27999999999997,-32.914518442776775,10.078902013518784,-42.0,-25.31156581313127,-17.22,-11.896435932171697,-0.5,-16.68843418686873,27.519349563230634,10.830915376361904
63,51.0,-0.26892102,-0.32670555,-0.27701679,-348.23,-151.82999999999998,-14.624516233474088,4.472280037857819,-348.23,-151.82999999999998,-33.241525398686605,10.165492526050825,-42.0,-26.084598156629585,-17.22,-12.259761133615903,-0.5,-15.915401843370415,27.37548376652591,11.460081923155498
63,52.0,-0.28552037,-0.31124783,-0.26590645,-280.14,-220.15,-12.065436094468335,4.442450731897871,-280.14,-220.15,-27.424736242726528,10.097690513603862,-15.0,-20.98423262670709,-6.15,-9.862589334552332,-0.5,5.98423262670709,2.9345639055316646,8.918796532238755
63,52.0,-0.28838557,-0.31073394,-0.26445311,-284.23,-215.33,-12.16066355603853,4.473919606081037,-284.23,-215.33,-27.64118826287558,10.1692192646222,-15.0,-21.290599127182684,-6.15,-10.00658158977586,-0.5,6.290599127182684,2.8393364439614697,9.129935571144154
63,52.0,-0.2888923,-0.31141549,-0.26530817,-289.36,-217.4,-12.257015838905131,4.505832123550116,-289.36,-217.4,-27.86019700183137,10.241756416829414,-15.0,-21.674868111886788,-6.15,-10.18718801258679,-0.5,6.674868111886788,2.742984161094869,9.417852272981657
63,53.0,-0.27643931,-0.35061815,-0.26081127,-434.72,-158.02999999999997,-16.2106471609814,4.597131712942559,-434.72,-158.02999999999997,-36.84680099691072,10.449280383518438,-33.0,-32.56323840751806,-13.53,-15.304722051533483,-0.5,-0.43676159248194324,16.7893528390186,16.352591246536658
63,53.0,-0.27616537,-0.35713589,-0.25970033,-435.89,-161.17000000000002,-16.281841633246056,4.637168379622004,-435.89,-161.17000000000002,-37.00862603236829,10.540283726880816,-34.0,-32.65087870227513,-13.94,-15.34591299006931,-0.5,-1.3491212977248708,17.718158366753944,16.369037069029073
63,53.0,-0.27287441,-0.34985068,-0.25876355,-437.87,-157.24,-16.508888600412963,4.677812138788405,-437.87,-157.24,-37.52470378873867,10.632666991466047,-34.0,-32.79919304724864,-13.94,-15.41562073220686,-0.5,-1.200806952751357,17.491111399587037,16.29030444683568
63,54.0,-0.33652288,-0.16751407,-0.22025068,115.69000000000004,-57.150000000000006,7.9476465179751745,4.103673683563368,,,18.065000535357573,9.327650282739535,20.0,8.665902308073623,8.2,,0.5,11.334097691926377,-12.052353482024825,-0.7182557900984481
63,54.0,-0.33519581,-0.16823484,-0.22042942,118.33000000000004,-55.38999999999999,7.936950460432003,4.12681023982605,,,18.040688396561944,9.380239675124614,23.0,8.863654768038307,9.43,,0.5,14.136345231961693,-15.063049539567997,-0.926704307606304
63,54.0,-0.33579323,-0.16713844,-0.22100285,122.51,-53.02000000000001,8.039186752664948,4.150201707440647,,,18.273071488807428,9.433408481012592,25.0,9.176762829649054,10.25,,0.5,15.823237170350946,-16.960813247335054,-1.1375760769841055
63,55.0,-0.34762716,-0.29066804,-0.22650477,-208.42,-50.45999999999998,-8.580645023270716,3.4219780620689164,,,-19.503806137894337,7.778156135082647,-15.0,-15.611957464333164,-6.15,,-0.5,0.6119574643331642,6.419354976729284,7.031312441062449
63,55.0,-0.34820601,-0.29067597,-0.2272861,-212.12,-56.08000000000001,-8.591307876316966,3.4411950709136225,,,-19.528042802868463,7.821836396186664,-15.0,-15.88911053322306,-6.15,,-0.5,0.8891105332230609,6.408692123683034,7.297802656906095
63,55.0,-0.34850454,-0.29178569,-0.22995263,-186.26,-164.92,-8.64288114104787,3.4606097203309902,,,-19.645268833601808,7.865965894312341,-15.0,-13.952035300387172,-6.15,,-0.5,-1.0479646996128285,6.357118858952131,5.309154159339302
63,56.0,-0.32406482,-0.11370608,-0.21297361,259.17999999999995,-125.0,10.65829906025752,3.9931123705742895,259.17999999999995,-125.0,24.226313763965344,9.076344418315363,25.0,19.41419794456323,10.25,9.12467303394472,0.5,5.585802055436769,-14.34170093974248,-8.755898884305712
63,56.0,-0.31958595,-0.11345016,-0.20920219,259.17999999999995,-127.99,10.745958082447734,4.025164903289476,259.17999999999995,-127.99,24.4255627214037,9.14919982517698,32.0,19.41419794456323,13.12,9.12467303394472,0.5,12.585802055436769,-21.254041917552264,-8.668239862115497
63,56.0,-0.32242325,-0.11231781,-0.20907792,265.51,-132.85,10.83485583866129,4.057731540782031,265.51,-132.85,24.627627321277117,9.223223792197558,32.0,19.888354411069464,13.12,9.347526573202648,0.5,12.111645588930536,-21.16514416133871,-9.053498572408174
63,57.0,-0.32746267,-0.14416447,-0.21149027,202.71000000000004,-96.09,8.790860614394749,3.266110839245665,,,19.981626176519264,7.423869937605396,20.0,15.184242863424698,8.2,,0.5,4.815757136575302,-11.209139385605251,-6.3933822490299494
63,57.0,-0.33007109,-0.13926481,-0.20836303,204.55999999999997,-90.75,8.905956984714832,3.287821327428533,,,20.243240226256816,7.473217877245056,20.0,15.322819397869642,8.2,,0.5,4.677180602130358,-11.094043015285168,-6.41686241315481
63,57.0,-0.33288723,-0.13808122,-0.2071718,208.96000000000004,-94.36,9.062943446527616,3.309814731997828,,,20.60007045395728,7.523208885831063,20.0,15.652406831144122,8.2,,0.5,4.347593168855878,-10.937056553472384,-6.589463384616506
63,58.0,-0.37847385,-0.10627291,-0.25359124,213.74,-148.01,10.247751070904918,5.679255635720764,,,23.29313818416688,12.9089480599933,9.0,16.01045863365594,3.69,,0.5,-7.01045863365594,1.2477510709049184,-5.762707562751022
63,58.0,-0.36666173,-0.11209655,-0.22347954,222.87,-144.77,10.38520127842483,5.723194282351811,,,23.60556250585964,13.008820603785669,13.0,16.69435255770047,5.33,,0.5,-3.694352557700469,-2.61479872157517,-6.309151279275639
63,58.0,-0.35418132,-0.1169029,-0.2034595,222.11,-145.58,10.41260788969661,5.767839467283919,,,23.667857733280396,13.110299109136347,15.0,16.63742381922579,6.15,,0.5,-1.6374238192257913,-4.587392110303391,-6.224815929529182
63,59.0,-0.36408377,-0.11231246,-0.21499079,332.5,-186.21,11.185688398873536,3.887563773673045,332.5,-186.21,25.42506973063955,8.83643245755883,20.0,24.90632308267333,8.2,11.705971848856468,0.5,-4.906323082673332,-8.814311601126464,-13.720634683799796
63,59.0,-0.36472702,-0.11154069,-0.21174338,339.09000000000003,-188.64,11.274898827383218,3.9179620561325614,339.09000000000003,-188.64,25.627845034642057,8.905527753589316,20.0,25.399955170236694,8.2,11.937978930011248,0.5,-5.399955170236694,-8.725101172616782,-14.125056342853476
63,59.0,-0.36198744,-0.11004902,-0.20785065,340.42,-190.77,11.309429270879926,3.948819306636436,340.42,-190.77,25.706332732710077,8.975666283984618,23.0,25.499580462567387,9.43,11.98480281740667,0.5,-2.499580462567387,-11.690570729120074,-14.19015119168746
63,60.0,-0.31495985,-0.1029081,-0.20463462,308.42999999999995,-201.43,12.170830551175,4.49820576587941,308.42999999999995,-201.43,27.664297842820776,10.2244217058439,25.0,23.10333001019229,10.25,10.858565104790376,0.5,1.8966699898077088,-12.829169448825,-10.932499459017292
63,60.0,-0.31070846,-0.10019788,-0.20139387,305.13,-167.35,12.339569448009724,4.538554641565138,305.13,-167.35,28.047841355326103,10.31613470027756,32.0,22.85613943523644,13.12,10.742385534561125,0.5,9.14386056476356,-19.660430551990274,-10.516569987226715
63,60.0,-0.3102234,-0.09880364,-0.2029641,312.0,-164.77,12.439800244709753,4.579632621094971,312.0,-164.77,28.27566595622527,10.40950494774887,32.0,23.370745268553627,13.12,10.984250276220203,0.5,8.629254731446373,-19.56019975529025,-10.930945023843874
63,61.0,-0.3891623,-0.1027235,-0.52844214,-299.66,-87.07999999999998,-40.34994004088296,2.281058591546884,-299.66,-87.07999999999998,-91.71541371292696,5.184846178586071,0.0,-22.446402330688397,0.0,-10.549809095423544,-0.5,22.446402330688397,-40.34994004088296,-17.903537710194566
63,61.0,-0.3819502,-0.10116594,-0.52213031,-290.96000000000004,-79.70999999999998,-39.771985294477794,2.288122431807132,-290.96000000000004,-79.70999999999998,-90.40172257434804,5.2009022874976125,0.0,-21.79471808762296,0.0,-10.243517501182792,-0.5,21.79471808762296,-39.771985294477794,-17.977267206854833
63,61.0,-0.39276096,-0.10248009,-0.53344387,-281.4,-78.56,-39.25036405450096,2.293971625609686,-281.4,-78.56,-89.21607749588068,5.214197505010823,0.0,-21.078614482599324,0.0,-9.90694880682168,-0.5,21.078614482599324,-39.25036405450096,-18.17174957190164
63,61.0,-0.37434468,-0.09900537,-0.51889056,-257.20000000000005,-135.25,-16.150919805031222,2.5962155927542243,-257.20000000000005,-135.25,-36.71104071683597,5.90119804233035,0.0,-19.26588359958972,0.0,-9.054965291807168,-0.5,19.26588359958972,-16.150919805031222,3.1149637945584985
63,61.0,-0.37659359,-0.10026505,-0.51809412,-454.16,-45.70999999999998,-15.545143335336904,2.606347324282484,-454.16,-45.70999999999998,-35.33411080122078,5.924227468094088,0.0,-34.01941561271255,0.0,-15.989125337974896,-0.5,34.01941561271255,-15.545143335336904,18.474272277375647
63,61.0,-0.38223886,-0.09989101,-0.51904643,-486.26,-134.95,-14.88510698068638,2.615577213025277,-486.26,-134.95,-33.83384816710014,5.945207005206454,0.0,-36.42390575091951,0.0,-17.11923570293217,-0.5,36.42390575091951,-14.88510698068638,21.53879877023313
63,61.0,-0.33215192,-0.1163425,-0.3549788,216.61,-134.01,9.535081561648076,4.453557091630022,-486.26,-134.95,21.67324038962608,10.12293526927504,4.0,16.225439527632698,1.64,-17.11923570293217,0.5,-12.225439527632698,5.5350815616480755,-6.690357965984623
63,61.0,-0.32591635,-0.12604716,-0.30269054,221.26,-135.56,9.565884982725164,4.482727191297306,-486.26,-134.95,21.7432565657343,10.189238905818776,5.0,16.573753519615945,2.05,-17.11923570293217,0.5,-11.573753519615945,4.565884982725164,-7.007868536890781
63,61.0,-0.31146276,-0.13208179,-0.25910681,223.76,-127.24,9.705023351334145,4.518892791891675,-486.26,-134.95,22.059518077582503,10.271443315969776,15.0,16.761019106703714,6.15,-17.11923570293217,0.5,-1.7610191067037135,-5.294976648665855,-7.055995755369569
63,62.0,-0.29802528,-0.10200774,-0.21245615,389.1,-175.8,12.737429872780242,4.716910756056455,389.1,-175.8,28.95217810082949,10.721538148516322,45.0,29.14601597434044,18.45,13.698627507940005,0.5,15.85398402565956,-32.26257012721976,-16.408586101560196
63,62.0,-0.29787615,-0.09836856,-0.20772806,393.39,-176.51,12.862036879238488,4.765570027168602,393.39,-176.51,29.235409826509084,10.832140671754235,-45.0,29.467363721783045,-18.45,13.84966094923803,0.5,-74.46736372178304,57.86203687923849,-16.605326842544557
63,62.0,-0.30007732,-0.0972091,-0.20741819,399.44000000000005,-173.08999999999995,13.04410870977112,4.815168262668267,399.44000000000005,-173.08999999999995,29.64925909730976,10.94487746104497,-45.0,29.920546442535453,-18.45,14.062656827991662,0.5,-74.92054644253545,58.04410870977112,-16.876437732764334
63,63.0,-0.26821309,-0.35174394,-0.24871165,0.0,0.0,-15.595932982998736,4.45825379233102,-465.99,-98.01,-35.449555670356126,10.13361086996841,-42.0,0.0,-17.22,-16.40561149428158,-0.5,-42.0,26.404067017001264,-15.595932982998736
63,63.0,-0.26961824,-0.35665137,-0.24865493,-465.99,-98.01,-15.678633421156793,4.492376671904308,-465.99,-98.01,-35.637533766289394,10.21117217523849,-42.0,-34.90555637081187,-17.22,-16.40561149428158,-0.5,-7.094443629188127,26.321366578843207,19.22692294965508
63,63.0,-0.27246091,-0.35484707,-0.24821873,-459.57,-94.55,-15.812643346230097,4.534712224933144,-459.57,-94.55,-35.942138325981006,10.307400887273037,-42.0,-34.424658343170485,-17.22,-16.179589421290128,-0.5,-7.575341656829515,26.187356653769903,18.61201499694039
63,64.0,-0.31481692,-0.33318111,-0.25305337,-334.58,-136.07,-13.27260541214005,4.208489327811296,-334.58,-136.07,-30.168632101794337,9.565896242115077,-15.0,-25.06212805113036,-6.15,-11.779200184031268,-0.5,10.062128051130362,1.7273945878599495,11.789522638990311
63,64.0,-0.31786552,-0.33703151,-0.25638866,-338.79,-140.94,-13.338576237711557,4.2362050405173,-338.79,-140.94,-30.318583788318367,9.628894057095822,-15.0,-25.377483299786164,-6.15,-11.927417150899496,-0.5,10.377483299786164,1.6614237622884431,12.038907062074607
63,64.0,-0.31502476,-0.32832417,-0.25986061,-340.16,-136.54000000000002,-13.546961011111907,4.274874073438269,-340.16,-136.54000000000002,-30.792242378257367,9.716788768925186,-15.0,-25.48010484151026,-6.15,-11.975649275509822,-0.5,10.480104841510261,1.4530389888880926,11.933143830398354
63,65.0,-0.25620475,-0.31050667,-0.26622498,-267.13,-176.35,-10.748432921218305,4.302984605147541,-267.13,-176.35,-24.431188029929203,9.780684007500362,-15.0,-20.00970251150234,-6.15,-9.4045601804061,-0.5,5.00970251150234,4.2515670787816955,9.261269590284035
63,65.0,-0.26057938,-0.31256139,-0.26561353,-271.0,-177.78,-10.830673421398435,4.332733647512541,-271.0,-177.78,-24.618120686838644,9.848303580796006,-15.0,-20.29958964031421,-6.15,-9.540807130947677,-0.5,5.29958964031421,4.169326578601565,9.468916218915775
63,65.0,-0.26089275,-0.31217867,-0.26541042,-274.22,-182.07,-10.925228814026044,4.365855407258543,-274.22,-182.07,-24.8330450942812,9.92358934069867,-15.0,-20.54078771648326,-6.15,-9.65417022674713,-0.5,5.540787716483258,4.074771185973956,9.615558902457215
63,66.0,-0.31862241,-0.12543115,-0.23170343,229.0,-77.0,10.859011729497867,4.085611956098514,,,24.682533661148653,9.286595976211924,25.0,17.15352777723968,10.25,,0.5,7.846472222760319,-14.140988270502133,-6.294516047741814
63,66.0,-0.32000417,-0.12523568,-0.22912632,231.41,-82.18,11.06457042568908,4.121547336006897,,,25.14976857759128,9.368277094743677,25.0,17.33405180319229,10.25,,0.5,7.665948196807712,-13.93542957431092,-6.269481377503208
63,66.0,-0.32039937,-0.12225472,-0.2296523,231.39,-84.86000000000001,11.110954023270288,4.161796739671818,,,25.255198494893367,9.45976398927404,41.0,17.332553678495586,16.81,,0.5,23.667446321504414,-29.88904597672971,-6.2215996552252975
63,67.0,-0.2773428,-0.35649329,-0.25863492,-318.51,-131.0,-14.644890666283182,4.512102229108701,-318.51,-131.0,-33.28783648446167,10.25600836676408,-35.0,-23.858384857330176,-14.35,-11.213440882945182,-0.5,-11.141615142669824,20.35510933371682,9.213494191046994
63,67.0,-0.2773428,-0.35649329,-0.25863492,-321.48,-135.83999999999995,-14.8074111357955,4.555283011966719,-321.48,-135.83999999999995,-33.65724551166317,10.354158286200352,-35.0,-24.08085637479045,-14.35,-11.31800249615151,-0.5,-10.91914362520955,20.192588864204502,9.27344523899495
63,67.0,-0.2758469,-0.35876963,-0.2584261,-325.43,-140.16000000000005,-14.986363864481431,4.599210574124813,-325.43,-140.16000000000005,-34.0640050639663,10.4540056349857,-37.0,-24.376736002389123,-15.17,-11.457065921122886,-0.5,-12.623263997610877,22.013636135518567,9.390372137907692
63,68.0,-0.30241853,-0.33262596,-0.24865724,-325.4,-196.4,-11.913031038198204,3.8777778111158834,-325.4,-196.4,-27.07831954982452,8.814188964666405,-16.0,-24.374488815344066,-6.56,-11.45600974321171,-0.5,8.374488815344066,4.086968961801796,12.461457777145862
63,68.0,-0.30379817,-0.33577681,-0.2467176,-315.92,-185.43,-11.980995830124526,3.907647606903007,-315.92,-185.43,-27.23280352187305,8.882083010490536,-16.0,-23.66437770910725,-6.56,-11.122257523280409,-0.5,7.664377709107249,4.019004169875474,11.683381878982724
63,68.0,-0.30555898,-0.3362948,-0.24687202,-313.24,-167.11,-12.083840043707594,3.937951993283371,-313.24,-167.11,-27.466568419347364,8.950964880733103,-16.0,-23.46362899974916,-6.56,-11.027905629882106,-0.5,7.463628999749162,3.9161599562924057,11.379788956041567
63,69.0,-0.31715345,-0.12275761,-0.21405803,230.27,-111.51,11.92488041207987,4.555966239192623,,,27.10525317665755,10.355711261684831,38.0,17.248658695480266,15.579999999999998,,0.5,20.751341304519734,-26.075119587920128,-5.3237782834003955
63,69.0,-0.31678131,-0.11897364,-0.21199693,232.88,-110.96,12.041575749556367,4.601539741149949,,,27.37050167874163,10.459299831633835,41.0,17.4441639683999,16.81,,0.5,23.5558360316001,-28.958424250443635,-5.4025882188435315
63,69.0,-0.31899044,-0.1197836,-0.20951621,235.92999999999995,-110.04,12.212324060468688,4.643740624671928,,,27.75861258944533,10.555222439879287,41.0,17.672627984646976,16.81,,0.5,23.327372015353024,-28.78767593953131,-5.460303924178287
63,70.0,-0.3567054,-0.10660838,-0.2238791,339.04,-188.98,11.432298380236716,4.303478540736787,339.04,-188.98,25.98561421827806,9.781806723094716,23.0,25.396209858494935,9.43,11.93621863349262,0.5,-2.3962098584949345,-11.567701619763284,-13.963911478258218
63,70.0,-0.35376486,-0.10662634,-0.22381841,345.44000000000005,-191.59,11.522945516792822,4.336859317608123,345.44000000000005,-191.59,26.191655159670084,9.857681228923267,25.0,25.875609761439637,10.25,12.161536587876627,0.5,-0.8756097614396374,-13.477054483207178,-14.352664244646816
63,70.0,-0.35558629,-0.10592739,-0.22314925,349.98,-200.85,11.553736381817457,4.370754187707851,349.98,-200.85,26.26164279587108,9.934724268659943,25.0,26.21568406759102,10.25,12.32137151176778,0.5,-1.2156840675910203,-13.446263618182543,-14.661947685773564
63,71.0,-0.29110441,-0.3367095,-0.26339519,-353.37,-182.92,-12.623653759257024,3.9276059857491914,-353.37,-182.92,-28.693564994791213,8.927448405607912,-24.0,-26.469616203682037,-9.84,-12.440719615730554,-0.5,2.469616203682037,11.376346240742976,13.845962444425012
63,71.0,-0.28827462,-0.33710015,-0.26355708,-357.18,-185.06,-12.691777021707264,3.957999005656117,-357.18,-185.06,-28.848409170340613,8.996531739856355,-26.0,-26.7550089584038,-10.66,-12.574854210449784,-0.5,0.7550089584037991,13.308222978292736,14.063231936696535
63,71.0,-0.28963259,-0.33696577,-0.2615661,-356.83,-192.62,-12.791241949666672,3.985731759549342,-356.83,-192.62,-29.074492951592347,9.059568289455656,-16.0,-26.728791776211505,-6.56,-12.562532134819406,-0.5,10.728791776211505,3.208758050333328,13.937549826544833
63,72.0,-0.32019857,-0.33956695,-0.25233242,-389.36,-191.12,-12.561539590974984,4.06773262968669,-389.36,-191.12,-28.552379490286143,9.245956267277847,-15.0,-29.165491595397565,-6.15,-13.707781049836855,-0.5,14.165491595397565,2.4384604090250157,16.60395200442258
63,72.0,-0.31650341,-0.33792013,-0.25603461,-391.55,-190.42,-12.703697125826851,4.097060527896841,-391.55,-190.42,-28.875503567004436,9.31261857990952,-26.0,-29.32953624968645,-10.66,-13.78488203735263,-0.5,3.3295362496864485,13.296302874173149,16.6258391238596
63,72.0,-0.31967571,-0.33819106,-0.25584501,-397.4,-188.33,-12.7980681448326,4.133490415003589,-397.4,-188.33,-29.0900088932045,9.395423713303158,-26.0,-29.76773772347183,-10.66,-13.99083673003176,-0.5,3.7677377234718286,13.2019318551674,16.969669578639227
63,72.0,-0.32285112,-0.33730152,-0.25363198,-724.5,-415.0,-13.327492449261763,4.30336685188039,-397.4,-188.33,-30.29339033717199,9.781552854324127,-15.0,-51.10477871625229,-6.15,-13.99083673003176,-0.5,36.10477871625229,1.6725075507382368,37.77728626699053
63,72.0,-0.32766917,-0.34556958,-0.25248379,125.39999999999998,-71.88,-13.564876665129187,4.343276332606442,-397.4,-188.33,-30.832964659838645,9.872267104014444,-15.0,9.393241848322514,-6.15,-13.99083673003176,-0.5,-24.393241848322514,1.4351233348708128,-22.9581185134517
63,72.0,-0.32717526,-0.340049,-0.25165656,128.80999999999997,-98.89,-13.68214692790248,4.376451279455525,-397.4,-188.33,-31.099519967122337,9.94767375820241,-15.0,9.648672109110228,-6.15,-13.99083673003176,-0.5,-24.64867210911023,1.3178530720975203,-23.33081903701271
