Participant,trigger_no,fzd_hands0_fingerTip_coordinates_x,fzd_hands0_fingerTip_coordinates_y,fzd_hands0_fingerTip_coordinates_z,eyegaze_new_coordinates_x,eyegaze_new_coordinates_y,angle_center,Buidling_half_width,eyegaze_new_coordinates_x_without_tablet_&_road_gazes,eyegaze_new_coordinates_y_without_tablet_&_road_gazes,angle_center_scaled,Buidling_half_width_scaled,horizontal_angle_finger_pointing_unscaled,eyegaze_horiz_angle_x,horizontal_angle_finger_pointing,eyegaze_horiz_angle_x_scaled_without_tablet,side,difference,D_p,D_g
32,25.0,-0.24209352,-0.03217698,-0.24575301,776.8800000000001,-246.61,26.37228079783396,4.502022411410287,776.8800000000001,-246.61,64.32199286591703,10.980432661429688,-45.0,57.94247866137651,-18.45,23.756416251164367,0.5,-102.94247866137651,71.37228079783395,-31.570197863542553
32,25.0,-0.24315168,-0.03186049,-0.2469238,804.02,-259.07,26.66539497890377,4.543048095911754,804.02,-259.07,65.03689835354629,11.080494305928765,-45.0,59.05235308325398,-18.45,24.21146476413413,0.5,-104.05235308325399,71.66539497890378,-32.386958104350214
32,25.0,-0.24039274,-0.03443491,-0.24461871,820.55,-271.35,26.85468669950411,4.580855735786383,820.55,-271.35,65.49858086009053,11.17270713958299,-45.0,59.72833776245939,-18.45,24.48861848260835,0.5,-104.72833776245939,71.85468669950411,-32.873651062955275
32,26.0,-0.24030928,-0.14811279,-0.25400814,515.09,-215.26,19.31739353641741,3.242713999493308,515.09,-215.26,47.11512283532206,7.908979444764178,45.0,42.12860839829545,18.45,17.27272944330113,0.5,2.871391601704552,-25.68260646358259,-22.81121486187804
32,26.0,-0.23889381,-0.14784499,-0.25465378,516.45,-216.51,19.49626261573432,3.2642352183651315,516.45,-216.51,47.551384519776,7.961469697592555,45.0,42.23984120697293,18.45,17.3183348948589,0.5,2.760158793027067,-25.50373738426568,-22.743578591238613
32,26.0,-0.23991585,-0.14753307,-0.25484362,546.52,-223.82,19.604433745678257,3.2859979941320567,546.52,-223.82,47.81521390570927,8.014549107688087,45.0,44.6992313223639,18.45,18.3266848421692,0.5,0.3007686776360998,-25.395566254321743,-25.094797576685643
32,26.0,-0.21136084,-0.1339045,-0.25070429,437.2000000000001,-152.67,22.913540097080645,3.955264250073551,437.2000000000001,-152.67,55.88612429677969,9.646889505929394,38.0,35.758076436612576,15.579999999999998,14.660811339011156,0.5,2.2419235633874237,-15.086459902919355,-12.844536339531931
32,26.0,-0.21534818,-0.13617405,-0.25147498,451.87,-175.1,23.00715831674825,3.9856309147852897,451.87,-175.1,56.11445913454898,9.720953801161324,41.0,36.95791857139095,16.81,15.152746614270288,0.5,4.042081428609052,-17.99284168325175,-13.950760254642699
32,26.0,-0.22616228,-0.14067148,-0.25531402,468.79,-177.97,23.191276584213828,4.016384491518053,468.79,-177.97,56.563523588897525,9.795961774812532,41.0,38.341785573466616,16.81,15.720132085121312,0.5,2.658214426533384,-17.808723415786172,-15.150508989252788
32,27.0,-0.26056775,-0.14320201,-0.25424394,495.6600000000001,-190.91,17.24457567527533,3.0376074609747548,495.6600000000001,-190.91,42.05952007199652,7.408724597317427,41.0,40.5394514331459,16.81,16.62117508758982,0.5,0.4605485668541007,-23.75542432472467,-23.29487575787057
32,27.0,-0.25760433,-0.14370842,-0.25607032,502.03,-190.07,17.352026920843794,3.056821539568686,502.03,-190.07,42.32159365993802,7.455587735008027,41.0,41.060446279672014,16.81,16.834782974665526,0.5,-0.060446279672014214,-23.647973079156206,-23.70841935882822
32,27.0,-0.25681245,-0.14206901,-0.25599399,508.1600000000001,-185.33,17.43878755002669,3.0762573807172124,508.1600000000001,-185.33,42.533202834515095,7.502991751569283,45.0,41.56181180701977,18.45,17.040342840878104,0.5,3.4381881929802276,-27.56121244997331,-24.123024256993084
32,28.0,-0.25519884,-0.38044098,-0.28738853,-475.85,-120.14,-20.83767354769967,2.5845804388762783,-475.85,-120.14,-50.82308578283949,6.303791690419242,-42.0,-38.91921471263058,-17.22,-15.956878032178537,-0.5,-3.080785287369423,21.16232645230033,18.081541164930908
32,28.0,-0.25583202,-0.38051406,-0.28615072,-475.14,-124.58,-20.9830944998266,2.607741778744529,-475.14,-124.58,-51.17776748507708,6.360282198357908,-42.0,-38.86114464339455,-17.22,-15.933069303791765,-0.5,-3.138855356605447,21.0169055001734,17.878050143567954
32,28.0,-0.25664964,-0.38123137,-0.28626019,-475.38,-120.65,-21.06419504674288,2.631237384725715,-475.38,-120.65,-51.37557171900589,6.417587981346021,-42.0,-38.88077396257293,-17.22,-15.9411173246549,-0.5,-3.119226037427069,20.93580495325712,17.81657891583005
32,29.0,-0.24086997,-0.17678362,-0.25444004,379.53,-206.98,13.594581152230104,2.405664687252087,379.53,-206.98,33.15718343028922,5.867416172207841,32.0,31.041314615708064,13.12,12.726938992440305,0.5,0.9586853842919361,-18.405418847769894,-17.446733463477962
32,29.0,-0.24047673,-0.17625698,-0.25418162,383.11,-209.42,13.596906696562796,2.418148392245005,383.11,-209.42,33.16285543291666,5.8978639286855685,32.0,31.33411862678555,13.12,12.846988636982074,0.5,0.6658813732144502,-18.403093303437203,-17.737211930222756
32,29.0,-0.23996559,-0.17556407,-0.25326473,388.16,-210.19,13.731577296477935,2.4307595909097586,388.16,-210.19,33.49131702610969,5.928622642228902,32.0,31.74715221783059,13.12,13.01633240931054,0.5,0.25284778216941106,-18.268422703522063,-18.015574921352652
32,30.0,-0.25733024,-0.15715778,-0.24260774,436.99,-202.02,14.744102840522425,2.554864852141325,436.99,-202.02,35.96086682803419,6.231315374372692,41.0,35.74090078233149,16.81,14.65376932075591,0.5,5.259099217668513,-26.255897159477577,-20.996797941809064
32,30.0,-0.25786486,-0.15470777,-0.24139425,440.55,-204.44,14.844337753941383,2.567444155590903,440.55,-204.44,36.20533978186303,6.261996295486211,41.0,36.03206901681076,16.81,14.77314829689241,0.5,4.967930983189241,-26.15566224605862,-21.187731262869377
32,30.0,-0.25796726,-0.15479037,-0.24235156,444.25,-209.87,14.989525745479488,2.581555223105398,444.25,-209.87,36.55945329322447,6.296413189154066,41.0,36.33468768747744,16.81,14.897221951865747,0.5,4.665312312522559,-26.01047425452051,-21.34516194199795
32,31.0,-0.25308597,-0.17819823,-0.2479648,366.31,-186.28,13.589961800442037,3.68046912493674,366.31,-186.28,33.14591683127812,8.976664195720709,20.0,29.960066284299057,8.2,12.283627176562613,0.5,-9.960066284299057,-6.410038199557963,-16.37010448385702
32,31.0,-0.25514928,-0.1761114,-0.24693401,367.53,-197.74,13.599137345879203,3.697987548503707,367.53,-197.74,33.16829598659938,9.01939163080054,20.0,30.059848656789143,8.2,12.324537949283547,0.5,-10.059848656789143,-6.400862654120797,-16.46071131090994
32,31.0,-0.25551197,-0.17392847,-0.2455242,368.96,-214.85,13.570242031462287,3.7138881701347817,368.96,-214.85,33.09782031473652,9.05817324695873,20.0,30.17680668356033,8.2,12.372490740259732,0.5,-10.17680668356033,-6.429757968537713,-16.606564652098044
32,32.0,-0.27584279,-0.14682522,-0.25038779,366.51,-163.91,15.402367100200072,2.6515367586405514,366.51,-163.91,37.56637335738797,6.467098154324306,41.0,29.976424050281047,16.81,12.29033386061523,0.5,11.023575949718953,-25.597632899799926,-14.574056950080974
32,32.0,-0.27842206,-0.14622702,-0.25118744,375.38,-164.87,15.515633416848823,2.6665315004675803,375.38,-164.87,37.84262990369429,6.503670329640428,38.0,30.70189097158194,15.579999999999998,12.587775298348594,0.5,7.298109028418061,-22.48436658315118,-15.186257554733116
32,32.0,-0.28151229,-0.14810269,-0.25311467,326.83000000000004,-152.85,15.646119440855683,2.6816807316202835,326.83000000000004,-152.85,38.16088531624701,6.54061930442187,32.0,26.731043279455825,13.12,10.959727744576888,0.5,5.268956720544175,-16.353880559144315,-11.084923838600142
32,33.0,-0.27367681,-0.144963,-0.24509479,521.3399999999999,-200.23,14.608148551868576,2.5236617584338674,521.3399999999999,-200.23,35.629274318007454,6.155211028820203,32.0,42.63978858523237,13.12,17.482313319945273,0.5,-10.639788585232367,-17.391851448131426,-28.031640033363793
32,33.0,-0.2748065,-0.14486256,-0.24613479,425.6300000000001,-171.74,14.750856053774248,2.537327574781851,425.6300000000001,-171.74,35.97733791515539,6.188541954892935,32.0,34.81177967455492,13.12,14.272829666567516,0.5,-2.81177967455492,-17.24914394622575,-20.06092362078067
32,33.0,-0.27756646,-0.14311606,-0.24599439,532.96,-194.31,14.79304456783754,2.549741551193537,532.96,-194.31,36.08023570095576,6.218819643361035,32.0,43.59017478878553,13.12,17.871971663402068,0.5,-11.590174788785532,-17.20695543216246,-28.79713022094799
32,34.0,-0.25913325,-0.10893343,-0.23320939,423.05,-110.21,22.653567582999248,3.973477760912061,423.05,-110.21,55.25205133493517,9.691312258864516,45.0,34.60076449338734,18.45,14.186313442288808,0.5,10.399235506612662,-22.346432417000752,-11.94719691038809
32,34.0,-0.25814894,-0.10978433,-0.23398755,432.69000000000005,-125.49,22.76824500195542,4.004340713594164,432.69000000000005,-125.49,55.53174955976928,9.766587000456166,45.0,35.38920881371888,18.45,14.50957561362474,0.5,9.61079118628112,-22.23175499804458,-12.62096381176346
32,34.0,-0.25722799,-0.10953006,-0.23204398,438.76,-133.45999999999998,22.99572176155818,4.0355758424845085,438.76,-133.45999999999998,56.0865653764404,9.84276947981972,-45.0,35.88566701127203,-18.45,14.713123474621533,0.5,-80.88566701127203,67.99572176155817,-12.889945249713847
32,35.0,-0.25737771,-0.10694658,-0.23513667,603.3299999999999,-227.43,21.527258223623942,3.7502900587680728,603.3299999999999,-227.43,52.5049828074188,9.146957453335329,45.0,49.34565474954588,18.45,20.23171844731381,0.5,-4.345654749545879,-23.472741776376058,-27.818396525921937
32,35.0,-0.25799507,-0.10641109,-0.23527929,612.6300000000001,-231.28,21.690343247074274,3.778315802495202,612.6300000000001,-231.28,52.90274717961416,9.215312242285798,45.0,50.10629086770805,18.45,20.5435792557603,0.5,-5.106290867708047,-23.309656752925726,-28.415947620633773
32,35.0,-0.25669587,-0.10928524,-0.23691496,622.3199999999999,-236.94,21.83443715965614,3.8066846519886814,622.3199999999999,-236.94,53.25419223240133,9.284503866200396,45.0,50.89882462953506,18.45,20.868518098109377,0.5,-5.8988246295350635,-23.16556284034386,-29.064387469878923
32,36.0,-0.26813748,-0.12968323,-0.23459375,490.29,-196.11,17.236612819658312,4.079658456464655,490.29,-196.11,42.04009866714662,9.950286975317294,32.0,40.10024541652968,13.12,16.441100620777167,0.5,-8.100245416529681,-14.763387180341688,-22.86363259687137
32,36.0,-0.26923305,-0.12673996,-0.23277473,491.82,-194.87,17.364338153255744,4.103790683014931,491.82,-194.87,42.35162075579076,10.009145475873416,32.0,40.22538232629184,13.12,16.49240675377965,0.5,-8.225382326291843,-14.635661846744256,-22.8610441730361
32,36.0,-0.26984778,-0.12620157,-0.23238942,489.53,-181.96,17.516259801767387,4.128167124157953,489.53,-181.96,42.72215765651066,10.068599615821244,32.0,40.03808590579814,13.12,16.415615221377237,0.5,-8.038085905798141,-14.483740198232613,-22.521826104030755
32,37.0,-0.32176295,-0.10987494,-0.23950253,468.87,-214.84,15.23943439660309,2.7449975071455555,468.87,-214.84,37.16898049331493,6.695048919928009,38.0,38.34832867985941,15.579999999999998,15.72281475874236,0.5,-0.3483286798594065,-22.760565603396913,-23.10889428325632
32,37.0,-0.32172054,-0.11136927,-0.23929353,423.9,-220.92,15.361244261855456,2.7627779979261664,423.9,-220.92,37.466074754665456,6.738415536941922,38.0,34.670284998810764,15.579999999999998,14.214816849512411,0.5,3.3297150011892356,-22.638755738144546,-19.30904073695531
32,37.0,-0.32223418,-0.11290047,-0.23919532,425.53,-230.2,15.348846560191747,2.775850617398258,425.53,-230.2,37.43583676030768,6.770299655834352,38.0,34.80360079156392,15.579999999999998,14.269476324541206,0.5,3.196399208436077,-22.651153439808255,-19.454754231372178
32,38.0,-0.23829594,-0.15270427,-0.26031154,467.21,-227.57,17.486819156517416,3.42013136648162,467.21,-227.57,42.65035192274598,8.341700402848673,38.0,38.21255922220897,15.579999999999998,15.667149281105676,0.5,-0.2125592222089665,-20.513180843482584,-20.72574006569155
32,38.0,-0.23971498,-0.14895648,-0.26009369,515.71,-164.01999999999998,17.554673845114866,3.4433919539451185,515.71,-164.01999999999998,42.81584950823516,8.398432975672144,38.0,42.17931747283959,15.579999999999998,17.293520163864233,0.5,-4.1793174728395925,-20.445326154885134,-24.624643627724726
32,38.0,-0.24207643,-0.14793226,-0.25816375,536.74,-163.81,17.73668244998543,3.460485820028901,536.74,-163.81,43.259768495514464,8.440124915050493,38.0,43.89933656584499,15.579999999999998,17.998727991996446,0.5,-5.89933656584499,-20.26331755001457,-26.16265411585956
32,39.0,-0.25914571,-0.15958308,-0.2498704,422.28,-207.68,15.31223394912155,2.645138160569119,422.28,-207.68,37.34653860190746,6.45149197362808,38.0,34.53778709435671,15.579999999999998,14.16049270868625,0.5,3.462212905643291,-22.68776605087845,-19.22555314523516
32,39.0,-0.25825867,-0.16016568,-0.25104553,425.9500000000001,-207.84,15.470938990720416,2.658646437012844,425.9500000000001,-207.84,37.7336201983671,6.484438659874327,38.0,34.83795210012609,15.579999999999998,14.283560361051697,0.5,3.1620478998739117,-22.529061009279584,-19.367013109405672
32,39.0,-0.25570023,-0.16032165,-0.25090152,467.0799999999999,-173.34,15.523033248976809,2.6738175604632435,467.0799999999999,-173.34,37.86067809425443,6.521441029969852,38.0,38.20192667432067,15.579999999999998,15.662789936471473,0.5,-0.20192667432066713,-22.47696675102319,-22.67889342534386
32,40.0,-0.25865579,-0.14744838,-0.2453305,457.43000000000006,-199.63,17.22413570451802,3.182249110246511,457.43000000000006,-199.63,42.00966698331945,7.761505579891242,45.0,37.41266446569005,18.45,15.33919243093292,0.5,7.5873355343099504,-27.77586429548198,-20.18852876117203
32,40.0,-0.25952852,-0.14740539,-0.24726576,472.0799999999999,-206.82,17.34816286013604,3.2013443444197005,472.0799999999999,-206.82,42.3121692158718,7.80807885603965,45.0,38.610870823870215,18.45,15.830457037786788,0.5,6.389129176129785,-27.65183713986396,-21.262707963734176
32,40.0,-0.25809327,-0.14710383,-0.24630554,478.0,-204.45,17.522444880792413,3.2228169811115865,478.0,-204.45,42.737243064252695,7.86045061693116,45.0,39.09506069693689,18.45,16.028974885744123,0.5,5.904939303063109,-27.477555119207587,-21.572615816144477
32,41.0,-0.27624124,-0.1380664,-0.23793826,415.02,-255.76,15.568864784159317,3.747812558420095,415.02,-255.76,37.972461208564575,9.140914829986611,32.0,33.94400018921076,13.12,13.917040077576411,0.5,-1.9440001892107617,-16.431135215840683,-18.375135405051445
32,41.0,-0.27548528,-0.1367075,-0.23594706,414.86,-234.37,15.748989597883606,3.770879932124852,414.86,-234.37,38.41178562923812,9.197176154452514,32.0,33.93091397642519,13.12,13.911674730334326,0.5,-1.9309139764251881,-16.251010402116393,-18.18192437854158
32,41.0,-0.27283186,-0.13639094,-0.2368442,421.44000000000005,-232.12,15.835845984829264,3.7942163265522346,421.44000000000005,-232.12,38.62362835699857,9.2540936204609,32.0,34.46908447723239,13.12,14.13232463566528,0.5,-2.4690844772323928,-16.164154015170737,-18.63323849240313
32,42.0,-0.28943327,-0.39412126,-0.28236777,-455.92,-141.6,-20.02978304318112,2.6349522693489664,-455.92,-141.6,-48.85264084231874,6.426648584942132,-35.0,-37.28916333252609,-14.35,-15.288556966335694,-0.5,2.289163332526087,14.97021695681888,17.259380289344968
32,42.0,-0.28823829,-0.39331558,-0.28159255,-474.1,-204.08,-20.190195893948136,2.6590420917864925,-474.1,-204.08,-49.2438877853395,6.485403661867256,-35.0,-38.77608426028824,-14.35,-15.898194546718177,-0.5,3.7760842602882434,14.809804106051864,18.585888366340107
32,42.0,-0.28556046,-0.39010876,-0.28104728,-492.02,-189.33,-20.2661974285537,2.6835032974867588,-492.02,-189.33,-49.42925552824247,6.545064542570206,-35.0,-40.241740092273815,-14.35,-16.499113437832264,-0.5,5.241740092273815,14.7338025714463,19.975542663720116
32,43.0,-0.22994205,-0.35025313,-0.29146054,-518.4,-140.11,-20.964717808092693,2.8534271725972804,-518.4,-140.11,-51.13294673393808,6.959508873964769,-39.0,-42.399329425297246,-15.989999999999998,-17.38372506437187,-0.5,3.399329425297246,18.035282191907307,21.434611617204553
32,43.0,-0.2259917,-0.35528275,-0.29145679,-540.53,-136.73,-21.12339578463187,2.880912485101049,-540.53,-136.73,-51.519962318717134,7.026545551161458,-42.0,-44.209316231203545,-17.22,-18.125819654793453,-0.5,2.2093162312035446,20.87660421536813,23.085920446571674
32,43.0,-0.2259167,-0.35869899,-0.29077217,-664.4300000000001,-117.31,-21.34277749685561,2.908872984911996,-664.4300000000001,-117.31,-52.05503431483084,7.0947412102003575,-42.0,-53.34390169969183,-17.22,-21.87099969687365,-0.5,11.343901699691827,20.65722250314439,32.001124202836216
32,44.0,-0.26074955,-0.3510251,-0.2709462,-426.08,-140.76,-17.10022355374118,2.2777398698481965,-426.08,-140.76,-41.70744524757474,5.555407542559752,-42.0,-34.848584648014366,-17.22,-14.287919705685889,-0.5,-7.151415351985634,24.89977644625882,17.748361094273186
32,44.0,-0.26365232,-0.34991404,-0.26959136,-537.11,-127.08,-17.3159992372486,2.292105804505957,-537.11,-127.08,-42.23372213964934,5.590446057190029,-42.0,-43.92959843291165,-17.22,-18.011135357493778,-0.5,1.9295984329116465,24.6840007627514,26.613599195663046
32,44.0,-0.26607823,-0.3506484,-0.26895708,-540.25,-130.67,-17.382553669626343,2.308108551869495,-540.25,-130.67,-42.39604840021865,5.629476758009698,-42.0,-44.186415358828775,-17.22,-18.1164302971198,-0.5,2.186415358828775,24.617446330373657,26.80386168920243
32,45.0,-0.26381704,-0.34026545,-0.27868438,-440.39,-169.15,-16.678761623466748,2.1192572764994813,-440.39,-169.15,-40.6794995996354,5.168868497382238,-35.0,-36.01898280402518,-14.35,-14.76778294965032,-0.5,1.0189828040251783,18.321238376533252,19.34022118055843
32,45.0,-0.26361886,-0.33896151,-0.27899617,-442.84,-172.4,-16.78617473688784,2.133059453102949,-442.84,-172.4,-40.94148018326944,5.202532006118091,-35.0,-36.21936543730446,-14.35,-14.849939829294827,-0.5,1.219365437304461,18.21382526311216,19.43319070041662
32,45.0,-0.26467523,-0.33714011,-0.27960646,16.99000000000001,-11.069999999999991,-16.829669614208644,2.1444732143235443,-442.84,-172.4,-41.04756418905488,5.230370169735124,-34.0,1.3895922201693685,-13.94,-14.849939829294827,-0.5,-35.38959222016937,17.170330385791356,-18.219261834378013
32,46.0,-0.31815967,-0.30655751,-0.24559072,-277.88,-212.36,-11.492621566938178,2.3640249045945536,-277.88,-212.36,-28.030504001762218,5.765856742306115,-15.0,-22.72748005536574,-6.15,-9.318266822699952,-0.5,7.727480055365739,3.507378433061822,11.23485848842756
32,46.0,-0.31826678,-0.30576891,-0.2453346,-283.42,-213.56,-11.565771068751356,2.373322264803388,-283.42,-213.56,-28.208915636684555,5.7885330038554645,-15.0,-23.18059017306664,-6.15,-9.504041970957324,-0.5,8.18059017306664,3.4342289312486436,11.614819104315284
32,46.0,-0.31904396,-0.30675039,-0.24598388,-286.32,-207.5,-11.67499831569928,2.3809754908349205,-286.32,-207.5,-28.475320891990545,5.807199222146371,-15.0,-23.417777779805377,-6.15,-9.601288889720204,-0.5,8.417777779805377,3.3250016843007195,11.742779464106096
32,47.0,-0.32436988,-0.33322656,-0.26066133,-51.60000000000002,-53.99000000000001,-12.915266526469464,1.7063465369785042,-276.73,-146.4,-31.50033505805902,4.161779203690571,-24.0,-4.220303623351348,-9.84,-9.27970338939743,-0.5,-19.77969637664865,11.084733473530536,-8.694962903118117
32,47.0,-0.3245115,-0.33522233,-0.26151359,-276.73,-146.4,-12.97971085721851,1.713100081376585,-276.73,-146.4,-31.657514780755942,4.1782510984774905,-24.0,-22.633422900969343,-9.84,-9.27970338939743,-0.5,-1.366577099030657,11.02028914278149,9.653712043750833
32,47.0,-0.32341865,-0.33487132,-0.26192018,-383.43,-110.97,-13.065162430041404,1.718661926163719,-383.43,-110.97,-31.865931166870983,4.19181643791331,-24.0,-31.36029105235672,-9.84,-12.857719331466251,-0.5,7.360291052356722,10.934837569958596,18.295128622315318
32,48.0,-0.22962779,-0.03104953,-0.23305887,774.6800000000001,-200.55,-4.44308132780206,1.3079819062098366,774.6800000000001,-200.55,-10.836675358509224,3.1901678692457915,-45.0,57.8525109484756,-18.45,23.719529488875,-0.5,-102.8525109484756,40.55691867219794,-62.29559227627766
32,48.0,-0.22791184,-0.03237157,-0.23360361,776.5699999999999,-203.35,-4.422687861310613,1.311512863083626,776.5699999999999,-203.35,-10.786935693736584,3.198779873060964,-45.0,57.92980139274047,-18.45,23.75121857102359,-0.5,-102.92980139274047,40.577312138689386,-62.352489254051086
32,48.0,-0.22682288,-0.03228041,-0.23239833,774.3599999999999,-207.33,-4.519777314043536,1.3154583401918605,774.3599999999999,-207.33,-11.023736868952186,3.2084028917279475,-45.0,57.83942473569002,-18.45,23.714164141632907,-0.5,-102.83942473569002,40.48022268595646,-62.359202049733554
32,48.0,-0.22329368,-0.03070024,-0.23545773,-49.56,2.5,-4.523708376537464,1.3396500597599084,774.3599999999999,-207.33,-11.033324730374874,3.267406495754417,-31.0,-4.053454410335131,-12.71,23.714164141632907,-0.5,-26.94654558966487,26.476291623462537,-0.47025396620233373
32,48.0,-0.22479668,-0.03138444,-0.2370062,63.25999999999999,-66.63999999999999,-4.563883244530974,1.3437673593935726,774.3599999999999,-207.33,-11.131311233411044,3.277448589560924,-45.0,5.173961380100894,-18.45,23.714164141632907,-0.5,-50.17396138010089,40.43611675546903,-9.737844624631869
32,48.0,-0.25956616,-0.03958397,-0.25558171,-13.220000000000027,-44.38999999999999,-4.587753543598615,1.348329231616949,774.3599999999999,-207.33,-11.189530892837023,3.2885749959137387,45.0,-1.0812483314090098,18.45,23.714164141632907,-0.5,46.08124833140901,-49.587753543598616,-3.506505212189605
32,49.0,-0.26557979,-0.14914601,-0.2422891,356.99,-187.12,12.61597568236908,5.616130511802787,356.99,-187.12,30.77036468929819,13.697742318286997,32.0,29.197794389538704,13.12,11.971095699710869,0.5,2.8022056104612965,-19.38402431763092,-16.581818707169624
32,49.0,-0.266247,-0.14938387,-0.24350344,390.72,-173.65,12.722239621908969,5.666276818315737,390.72,-173.65,31.02954243783597,13.82004915987208,32.0,31.956531622399964,13.12,13.102177965183984,0.5,0.043468377600035524,-19.27776037809103,-19.234292000490996
32,49.0,-0.2678622,-0.15039219,-0.24371856,391.77,-188.26,12.8488792292084,5.717279098293334,391.77,-188.26,31.33841644003929,13.94444372073744,32.0,32.04240989380536,13.12,13.137388056460198,0.5,-0.0424098938053632,-19.1511207707916,-19.193530664596963
32,50.0,-0.30620331,-0.12590459,-0.236515,407.03,-200.66,14.4403338817256,5.284246135218347,407.03,-200.66,35.21997433752874,12.88827632379755,38.0,33.290507438230584,15.579999999999998,13.649108049674538,0.5,4.709492561769416,-23.5596661182744,-18.850173556504984
32,50.0,-0.30638704,-0.12511368,-0.2358883,407.44000000000005,-202.84,14.694460920820296,5.338647545601632,407.44000000000005,-202.84,35.8397901858807,13.020961363722382,41.0,33.32404085849365,16.81,13.662856751982398,0.5,7.675959141506347,-26.305539079179702,-18.629579937673356
32,50.0,-0.30574492,-0.12265471,-0.23509689,419.02,-206.56,14.855396581058816,5.394115059065938,419.02,-206.56,36.23231226120245,13.156246629061824,41.0,34.2711555088504,16.81,14.051173758628662,0.5,6.7288444911496015,-26.144603418941184,-19.415758927791583
32,51.0,-0.26097667,-0.34145659,-0.27809265,546.47,434.84,-18.771110141187695,5.34913109827226,,,-45.7827376343568,13.046530748686042,-35.0,44.69514188086842,-14.35,,-0.5,-79.69514188086842,16.228889858812305,-63.46625202205611
32,51.0,-0.26123777,-0.34387773,-0.27972668,550.5699999999999,424.42,-19.00112463452568,5.4010220646886085,,,-46.34374298360814,13.173092815775515,-35.0,45.03047608349904,-14.35,,-0.5,-80.03047608349904,15.99887536547432,-64.03160071802472
32,51.0,-0.25865251,-0.34233102,-0.28182819,455.5,469.15,-19.23675498295576,5.453665650470053,,,-46.9184454034291,13.301490521496458,-35.0,37.25481202396392,-14.35,,-0.5,-72.25481202396392,15.763245017044241,-56.49156700691968
32,52.0,-0.32755384,-0.31826055,-0.23317003,-276.59,-263.01,-12.319384045180508,4.784563438743296,-276.59,-263.01,-30.04697768619526,11.6695502270949,-15.0,-22.621972464781955,-6.15,-9.2750087105606,-0.5,7.621972464781955,2.6806159548194923,10.302588419601447
32,52.0,-0.32391298,-0.31723368,-0.23306268,-282.91,-176.97,-12.480879813061398,4.820956402475209,-282.91,-176.97,-30.44086586405675,11.758312665637035,-15.0,-23.13887786981258,-6.15,-9.486939926623156,-0.5,8.138877869812578,2.5191201869386024,10.65799805675118
32,52.0,-0.32261983,-0.31759617,-0.2346147,-283.18,-182.58,-12.5310533539957,4.857842073183935,-283.18,-182.58,-30.56323913039551,11.84827681649562,-15.0,-23.16096085388826,-6.15,-9.495993950094183,-0.5,8.160960853888259,2.4689466460042997,10.629907499892559
32,53.0,-0.26378334,-0.33081242,-0.26579621,-349.72,-145.58,-15.335963866700116,4.518053219886975,-349.72,-145.58,-37.40441587088159,11.019531803304332,-34.0,-28.603189596093664,-13.94,-11.7273077343984,-0.5,-5.396810403906336,18.664036133299884,13.267225729393548
32,53.0,-0.26337647,-0.33091474,-0.26351118,-357.0,-150.83,-15.434065465241051,4.557053528035107,-357.0,-150.83,-37.64368566972293,11.114653554877624,-35.0,-29.1986122778378,-14.35,-11.971431033913497,-0.5,-5.8013877221622,19.56593453475895,13.764546812596748
32,53.0,-0.26138717,-0.33065593,-0.26219827,-364.45,-148.39,-15.5352868648531,4.596622129752968,-364.45,-148.39,-37.89056466337671,11.211161374467489,-35.0,-29.80793906066663,-14.35,-12.221255014873318,-0.5,-5.19206093933337,19.4647131351469,14.27265219581353
32,54.0,-0.33936647,-0.18533628,-0.22667238,158.90999999999997,-197.99,7.678104453345268,3.969525938479069,,,18.72689676170911,9.68167376395045,20.0,12.997062960983763,8.2,,0.5,7.002937039016237,-12.321895546654732,-5.318958507638495
32,54.0,-0.33952925,-0.18016794,-0.22938569,205.51,-171.63,7.720481261196161,3.99108395923926,,,18.83025379605744,9.734253776584556,20.0,16.808422434785562,8.2,,0.5,3.1915775652144376,-12.279518738803839,-9.087941173589401
32,54.0,-0.34000263,-0.1789095,-0.22953053,217.46000000000004,-166.11,7.8040897340254975,4.0128853023458,,,19.03417486128819,9.787427252421406,20.0,17.78579895220899,8.2,,0.5,2.2142010477910112,-12.195910265974502,-9.981709218183491
32,55.0,-0.29855156,-0.27892938,-0.24480295,-132.8,-187.93,-7.811130001758573,3.101734685894332,,,-19.05134607428916,7.565130898896276,-15.0,-10.861556612036026,-6.15,,-0.5,-4.138443387963974,7.188869998241427,3.0504266102774524
32,55.0,-0.29924721,-0.2789239,-0.24487205,-130.77999999999997,-196.36,-7.852871898627783,3.117502042976568,,,-19.153154560753165,7.603587482819849,-15.0,-10.696343175618004,-6.15,,-0.5,-4.303656824381996,7.147128101372217,2.843471276990221
32,55.0,-0.29948446,-0.28096882,-0.24589832,-136.92000000000002,-198.38,-7.838750822732202,3.1334144204562744,,,-19.11871325664384,7.642397771492853,-15.0,-11.198526591264852,-6.15,,-0.5,-3.8014734087351485,7.161249177267798,3.35977576853265
32,56.0,-0.28190041,-0.15182216,-0.22267549,370.51,-244.73,12.955480424349,4.556417234284014,370.51,-244.73,31.598416754987213,11.11310163441871,32.0,30.303579369920683,13.12,12.42446754166748,0.5,1.6964206300793165,-19.044519575651,-17.348098945571685
32,56.0,-0.28129396,-0.15237959,-0.22267424,377.49,-255.6,13.019777062274851,4.597417216736262,377.49,-255.6,31.755236254888366,11.213100591619742,32.0,30.87446540269185,13.12,12.658530815103658,0.5,1.1255345973081496,-18.98022293772515,-17.854688340417
32,56.0,-0.28071111,-0.1521713,-0.22269224,382.88,-253.62,13.14270003743584,4.6390972612890415,382.88,-253.62,32.05504539130601,11.314758220283972,32.0,31.315307195906264,13.12,12.839275950321568,0.5,0.6846928040937357,-18.85729996256416,-18.172607158470424
32,57.0,-0.30064389,-0.17429221,-0.2257356,266.79,-237.99,10.112547722764228,3.787107363587065,266.79,-237.99,24.66450389582195,9.236754859788851,20.0,21.820441931664835,8.2,8.946381191982582,0.5,-1.8204419316648348,-9.887452277235772,-11.707894208900607
32,57.0,-0.29855183,-0.17706333,-0.22626069,313.04999999999995,-218.49,10.190801455487945,3.815958599749745,313.04999999999995,-218.49,24.85536474993509,9.307123024789629,20.0,25.603993203297264,8.2,10.497637213351878,0.5,-5.603993203297264,-9.809198544512055,-15.41319174780932
32,57.0,-0.29473871,-0.17762606,-0.22634134,312.05999999999995,-226.91,10.270077514560812,3.845251125041478,312.05999999999995,-226.91,25.048719058013823,9.378567493976163,25.0,25.52302226168645,10.25,10.464439127291444,0.5,-0.5230222616864495,-14.729922485439188,-15.252944747125637
32,58.0,-0.28999096,-0.17770168,-0.22783697,330.41,-289.02,12.074813086862171,6.5548268178763776,330.41,-289.02,29.45046911885684,15.987222608800485,23.0,27.023847290533297,9.43,11.079777389118652,0.5,-4.023847290533297,-10.925186913137829,-14.949034203671125
32,58.0,-0.29113632,-0.17631376,-0.22895893,331.91,-285.53,12.129323505821272,6.612694966208416,331.91,-285.53,29.583420030698083,16.128363022582327,20.0,27.14653053539816,8.2,11.130077519513245,0.5,-7.14653053539816,-7.870676494178728,-15.017207029576888
32,58.0,-0.29044569,-0.17886633,-0.23010075,335.39,-284.96,12.298045737754483,6.671559563026289,335.39,-284.96,29.994933554383184,16.271933774221118,20.0,27.43115566348465,8.2,11.246773822028706,0.5,-7.431155663484649,-7.701954262245517,-15.133109925730166
32,59.0,-0.29521602,-0.18294157,-0.23491591,243.38,-198.36,8.872200791445383,3.283124671229468,267.42,-219.04,21.63929773033529,8.007541073128671,13.0,19.90576542347385,5.33,8.967507246748312,0.5,-6.905765423473849,-4.127799208554617,-11.033564632028465
32,59.0,-0.29306948,-0.18386416,-0.23430052,267.42,-219.04,8.890597524072177,3.304935481495604,267.42,-219.04,21.68416736121204,8.06073763936778,13.0,21.87196889450808,5.33,8.967507246748312,0.5,-8.871968894508079,-4.109402475927823,-12.981371370435902
32,59.0,-0.29397225,-0.18352318,-0.23478745,264.97,-227.77,8.992171715387379,3.327039951674045,264.97,-227.77,21.931906813829816,8.114650442132996,13.0,21.671586261228807,5.33,8.885350367103811,0.5,-8.671586261228807,-4.007828284612621,-12.679414545841428
32,60.0,-0.2191077,-0.18101493,-0.24104981,394.34,-220.16,12.63924921790868,4.6187936527059765,394.34,-220.16,30.82712884247927,11.265237718949876,38.0,32.252607186673835,15.579999999999998,13.223568946536272,0.5,5.747392813326165,-25.36075078209132,-19.613357968765154
32,60.0,-0.21765733,-0.18230644,-0.24226987,0.0,0.0,12.702980122507403,4.660985028548521,394.34,-220.16,30.98256851879556,11.368142484629844,38.0,0.0,15.579999999999998,13.223568946536272,0.5,38.0,-25.297019877492595,12.702980122507403
32,60.0,-0.21888956,-0.18101212,-0.2419811,324.03,-244.09,12.88105249773142,4.7038890853972815,324.03,-244.09,31.416887041966937,11.472785479283967,38.0,26.50203455570807,15.579999999999998,10.865834167840308,0.5,11.497965444291928,-25.118947502268583,-13.620982057976653
32,61.0,-0.23739591,-0.1841318,-0.24489152,321.54999999999995,-268.53,10.899965358062596,5.011137995778693,321.54999999999995,-268.53,26.58501550831467,12.222165571704236,20.0,26.299198257531497,8.2,10.782671285587911,0.5,-6.299198257531497,-9.100034641937404,-15.3992328994689
32,61.0,-0.23951614,-0.18443932,-0.24557234,325.92,-275.77,10.918926715738523,5.043591764397304,325.92,-275.77,26.631262259686263,12.301320313365029,20.0,26.6566154442378,8.2,10.929212332137498,0.5,-6.656615444237801,-9.081073284261477,-15.737688728499277
32,61.0,-0.23991504,-0.18217862,-0.24426673,330.6,-277.0,11.018622323777487,5.088872351588966,330.6,-277.0,26.874419847693293,12.41175966552549,23.0,27.039387168216187,9.43,11.086148738968635,0.5,-4.039387168216187,-11.981377676222513,-16.020764844438702
32,62.0,-0.21318556,-0.16796324,-0.2475367,429.48,-324.7,13.734153838092922,5.030961516985971,429.48,-324.7,33.49760121110864,12.27051513992878,32.0,35.12666666970807,13.12,14.401933334580308,0.5,-3.1266666697080723,-18.265846161907078,-21.39251283161515
32,62.0,-0.21330272,-0.16840506,-0.24684754,430.47,-323.81,13.963870872136011,5.085672209992345,430.47,-323.81,34.05788105713974,12.40395452017133,32.0,35.20763761131888,13.12,14.43513142064074,0.5,-3.20763761131888,-18.036129127863987,-21.243766739182867
32,62.0,-0.21242553,-0.16516645,-0.24672905,434.43,-333.52,14.215614002775446,5.131311819320381,434.43,-333.52,34.67188255276931,12.515269527322408,38.0,35.53152137776212,15.579999999999998,14.567923764882469,0.5,2.468478622237882,-23.784385997224554,-21.315907374986672
32,63.0,-0.24484693,-0.33559808,-0.28509748,-365.54,-201.41,-16.96662250400753,4.845845479832218,-365.54,-201.41,-41.381592287274366,11.81901712531078,-35.0,-29.897088885268428,-14.35,-12.257806442960057,-0.5,-5.102911114731572,18.03337749599247,12.9304663812609
32,63.0,-0.2449256,-0.33665985,-0.28654343,-373.55,-208.53,-17.10121012745562,4.894158422406584,-373.55,-208.53,-41.709851500864254,11.93685239224966,-35.0,-30.552217412846808,-14.35,-12.52640913926719,-0.5,-4.447782587153192,17.89878987254438,13.451007285391189
32,63.0,-0.2427277,-0.33617887,-0.28599799,-404.88,-243.68,-17.22301413323441,4.934353482329881,-404.88,-243.68,-42.00693147095873,12.03488814340258,-35.0,-33.11466145392428,-14.35,-13.577011196108954,-0.5,-1.8853385460757224,17.77698586676559,15.891647320689867
32,64.0,-0.30984557,-0.3079643,-0.25930446,-292.51,-190.64,-14.312405768274225,4.509343614127385,-292.51,-190.64,-34.90795766882083,10.998289074856691,-15.0,-23.924050636947715,-6.15,-9.808860761148562,-0.5,8.924050636947715,0.6875942317257753,9.61164486867349
32,64.0,-0.30800459,-0.30743605,-0.25925893,-296.04,-193.31,-14.399358117419794,4.55264841922125,-296.04,-193.31,-35.12003444838688,11.10390949448063,-15.0,-24.2127652065297,-6.15,-9.927233734677175,-0.5,9.2127652065297,0.6006418825802058,9.813407089109905
32,64.0,-0.30697623,-0.30787987,-0.2607874,-303.4,-187.59,-14.521143123884796,4.596741495819285,-303.4,-187.59,-35.417068079155015,11.211452508303235,-15.0,-24.81473099466663,-6.15,-10.174039707813318,-0.5,9.814730994666629,0.4788568761152039,10.293587870781833
32,65.0,-0.27106386,-0.27978754,-0.25700662,-159.33999999999995,-183.94,-9.349441927307923,3.860843886867981,,,-22.80328886070403,9.416598240071009,-15.0,-13.032232157845028,-6.15,,-0.5,-1.9677678421549718,5.6505580726920765,3.6827902305371047
32,65.0,-0.27139232,-0.28151739,-0.25843507,-163.16000000000005,-186.06,-9.38542668685425,3.8801930506769735,,,-22.89105568923752,9.46379085060114,-15.0,-13.344665488100883,-6.15,,-0.5,-1.6553345118991167,5.614573313145749,3.9592388012466326
32,65.0,-0.27321368,-0.28377163,-0.25813153,-167.42000000000002,-187.79,-9.526785155603374,3.907076680922104,,,-23.23582899451663,9.529360024769012,-15.0,-13.6930859035171,-6.15,,-0.5,-1.3069140964829007,5.473214844396626,4.166300747913725
32,66.0,-0.27437934,-0.1704907,-0.24347347,355.14,-204.14,12.475050564062194,4.634743538925124,355.14,-204.14,30.42664832574769,11.30413949143838,25.0,29.04648505420537,10.25,11.9090588722242,0.5,-4.04648505420537,-12.524949435937806,-16.571434490143176
32,66.0,-0.27316093,-0.16901255,-0.24516591,367.87,-208.72,12.609475945270102,4.684947554492173,367.87,-208.72,30.754511830513778,11.42658708540641,25.0,30.087656858958525,10.25,12.335939312172997,0.5,-5.087656858958525,-12.390524054729898,-17.478180913688423
32,66.0,-0.27297944,-0.16789727,-0.24611768,334.62,-183.86,12.72516362224586,4.726780498251398,334.62,-183.86,31.03667407465765,11.52861763523516,25.0,27.36817826445402,10.25,11.220953088426148,0.5,-2.36817826445402,-12.27483637775414,-14.64301464220816
32,66.0,-0.41954198,-0.1088561,-0.37810233,-45.50999999999999,-124.77,15.29631361093424,5.73953249164875,334.62,-183.86,37.307708897068615,13.9987197471313,0.0,-3.7222096491999945,0.0,11.220953088426148,0.5,3.7222096491999945,15.29631361093424,19.018523260134234
32,66.0,-0.42185295,-0.10617713,-0.38341081,62.00999999999999,-158.97,15.475159499097014,5.807667748681561,334.62,-183.86,37.743914018297616,14.164901639034328,0.0,5.071725342713506,0.0,11.220953088426148,0.5,-5.071725342713506,15.475159499097014,10.403434156383508
32,66.0,-0.4178105,-0.10910255,-0.38649613,-42.07000000000005,-134.07999999999998,15.72214443145272,5.877273894903902,334.62,-183.86,38.34631026831318,14.334671029670616,0.0,-3.44085607430991,0.0,11.220953088426148,0.5,3.44085607430991,15.72214443145272,19.163000505762632
32,67.0,-0.27212039,-0.3188076,-0.26408416,-400.34,-118.96,-15.495744179366408,4.851590799899572,-400.34,-118.96,-37.79412005347467,11.833029960955058,-34.0,-32.743340166133294,-13.94,-13.424769468114649,-0.5,-1.2566598338667063,18.504255820633592,17.247595986766886
32,67.0,-0.27507588,-0.31882343,-0.26409307,-318.48,-161.27,-15.664354281022344,4.896489701100201,-318.48,-161.27,-38.205360091413496,11.94253838098339,-34.0,-26.04810654970808,-13.94,-10.679723685380312,-0.5,-7.951893450291919,18.335645718977656,10.383752268685736
32,67.0,-0.27526826,-0.31874338,-0.26360181,-425.37,-135.67,-15.823491261340932,4.942088982185003,-425.37,-135.67,-38.593495186410536,12.053755027549224,-34.0,-34.790514578778335,-13.94,-14.264110977299117,-0.5,0.7905145787783354,18.176508738659066,18.967023317437402
32,68.0,-0.30689418,-0.3157205,-0.24667507,-283.86,-186.35,-12.164904784599235,4.136536003639026,-283.86,-186.35,-29.67020276963754,10.089011312875584,-15.0,-23.216577258227,-6.15,-9.51879667587307,-0.5,8.216577258227002,2.8350952154007647,11.051672473627766
32,68.0,-0.30907926,-0.31624585,-0.2480413,-291.97,-181.62,-12.228501068365976,4.170425032298287,-291.97,-181.62,-29.825314105744614,10.171666653775524,-15.0,-23.87988466879637,-6.15,-9.790752714206512,-0.5,8.879884668796372,2.7714989316340244,11.651383600430396
32,68.0,-0.31185085,-0.31887645,-0.25043139,-287.96,-187.02,-12.370259269019536,4.2013900184409385,-287.96,-187.02,-30.171062357138645,10.24719025497745,-15.0,-23.551911460857628,-6.15,-9.656283698951627,-0.5,8.551911460857628,2.6297407309804637,11.181652191838092
32,69.0,-0.26351887,-0.13137025,-0.22801307,397.18,-295.91,14.063162938257982,5.304667038690895,397.18,-295.91,34.30005440641122,12.938082907367091,41.0,32.48488746361797,16.81,13.318803860083367,0.5,8.515112536382027,-26.93683706174202,-18.42172452535999
32,69.0,-0.26204053,-0.13189726,-0.22772935,404.18,-307.06,14.19749228248248,5.36533532972851,404.18,-307.06,34.62768367697477,13.08605286920784,41.0,33.05740927298734,16.81,13.55353780192481,0.5,7.942590727012657,-26.80250771751752,-18.859916990504864
32,69.0,-0.26444367,-0.13281912,-0.22698194,408.11,-313.75,14.299872389974889,5.415964426256694,408.11,-313.75,34.87738875914875,13.209537235640076,41.0,33.37883937453329,16.81,13.685324143558647,0.5,7.6211606254667075,-26.700127610025113,-19.078966984558406
32,70.0,-0.30335712,-0.15125686,-0.23900081,351.94000000000005,-260.33,11.413245568334496,4.140331368734499,351.94000000000005,-260.33,27.836905941167835,10.09826820834344,20.0,28.78476079849366,8.2,11.8017519273824,0.5,-8.78476079849366,-8.586754431665504,-17.371515230159165
32,70.0,-0.3037523,-0.15260947,-0.23867849,314.67,-257.32,11.497992993980713,4.1780997343001385,314.67,-257.32,28.043604912318955,10.19038525195804,23.0,25.73649110775132,9.43,10.551961354178038,0.5,-2.73649110775132,-11.502007006019287,-14.238498113770607
32,70.0,-0.30336499,-0.15159087,-0.23672965,315.24,-258.22,11.618113397677076,4.213002091367864,315.24,-258.22,28.33657857693439,10.27551210084622,25.0,25.78311074079997,10.25,10.571075403727988,0.5,-0.7831107407999696,-13.381886602322924,-14.164997343122893
32,71.0,-0.28945145,-0.31708798,-0.26283586,-237.07,-141.25,-11.549007021252557,3.883186353892944,-371.39,-116.82,-28.168028124834983,9.47109151714489,-16.0,-19.38967790674232,-6.56,-12.453976951498976,-0.5,3.389677906742321,4.450992978747443,7.840670885489764
32,71.0,-0.2867628,-0.31942487,-0.26167858,-371.39,-116.82,-11.609018845255028,3.910151586165297,-371.39,-116.82,-28.31439696357701,9.536859718657158,-26.0,-30.3755535402414,-10.66,-12.453976951498976,-0.5,4.375553540241398,14.390981154744972,18.76653469498637
32,71.0,-0.28280565,-0.31570306,-0.26173678,-277.35,-168.17,-11.777577342501765,3.940512205202555,-277.35,-168.17,-28.7255111383618,9.610909268489031,-26.0,-22.68413197551349,-10.66,-9.30049410996053,-0.5,-3.315868024486509,14.222422657498235,10.906554633011726
32,72.0,-0.28249761,-0.32019377,-0.24997176,-436.28,-165.01999999999998,-14.19217319680878,4.659880455377455,-436.28,-165.01999999999998,-34.61471042701661,11.365448430665612,-34.0,-35.68283071309545,-13.94,-14.629960592369134,-0.5,1.6828307130954485,19.80782680319122,21.490657516286667
32,72.0,-0.28148702,-0.3189877,-0.25093946,-341.18,-224.04,-14.361766393773696,4.70620557957914,-341.18,-224.04,-35.02834823441405,11.478435408593525,-34.0,-27.90471298866303,-13.94,-11.440932325351842,-0.5,-6.095287011336971,19.638233606226304,13.542946594889333
32,72.0,-0.28030038,-0.31823301,-0.24886225,-346.08,-221.01,-14.490353832835073,4.744749043227617,-346.08,-221.01,-35.341972998284746,11.572442916432156,-34.0,-28.305478255221583,-13.94,-11.605246084640848,-0.5,-5.694521744778417,19.509646167164927,13.81512442238651
32,73.0,-0.27110258,-0.19842415,-0.237547,204.20000000000005,-228.1,6.543284306221631,2.209101647732552,,,15.95907042287456,5.387998918819695,13.0,16.701279067603586,5.33,,0.5,-3.7012790676035863,-6.456715693778369,-10.157994761381955
32,73.0,-0.27069068,-0.19727424,-0.23784861,212.48,-236.11,6.671248504496432,2.219077095822408,,,16.271175102466795,5.412329036710854,13.0,17.378490579257637,5.33,,0.5,-4.378490579257637,-6.328751495503568,-10.707242074761204
32,73.0,-0.2692681,-0.19701454,-0.23816426,212.52,-238.22,6.763966479259905,2.229144750251636,,,16.497314242914907,5.43688404586374,13.0,17.381762132454032,5.33,,0.5,-4.381762132454032,-6.236033520740095,-10.617795653194127
32,74.0,-0.25065273,-0.1909159,-0.24203201,245.26,-205.92,7.976667594506573,2.5904614610925374,,,19.45509226300153,6.318135503604698,18.0,20.05952842370448,7.38,,0.5,-2.0595284237044815,-10.023332405493427,-12.082860829197909
32,74.0,-0.24980332,-0.18829307,-0.24226961,246.52,-208.61,8.061160541758849,2.602151505768638,,,19.66117056134983,6.346647522569709,20.0,20.162582349390963,8.2,,0.5,-0.16258234939096283,-11.938839458241151,-12.101421807632114
32,74.0,-0.25107029,-0.18489714,-0.24227074,246.9,-210.79,8.104876705782647,2.615258507663959,,,19.76779428540388,6.378615500192397,20.0,20.19366210475673,8.2,,0.5,-0.1936621047567293,-11.895123294217353,-12.088785398974082
32,75.0,-0.25067562,-0.28624034,-0.26615193,-162.39999999999998,-143.12,-8.596098983484639,2.876505010564469,,,-20.96588542071904,7.015795720766739,-15.0,-13.282505977369352,-6.15,,-0.5,-1.7174940226306479,6.403901016515361,4.686406993884713
32,75.0,-0.25162506,-0.28652143,-0.26538849,-162.60000000000002,-146.44,-8.549325944012438,2.8933022015802146,,,-20.851805977446336,7.056764069654143,-15.0,-13.298863743351337,-6.15,,-0.5,-1.7011362566486632,6.450674055987562,4.749537799338899
32,75.0,-0.25260797,-0.28692952,-0.26581293,-175.8,-143.37,-8.600242016753606,2.910292204634481,,,-20.97599027886205,7.098202687103497,-15.0,-14.378476298162148,-6.15,,-0.5,-0.6215237018378517,6.399757983246394,5.778234281408542
32,76.0,-0.31418118,-0.26407805,-0.25029033,-129.22000000000003,-207.33,-6.341526795275501,2.038718349691788,,,-15.466983853676949,4.972434054898272,-15.0,-10.568752600958549,-6.15,,-0.5,-4.431247399041451,8.6584732047245,4.227225805683048
32,76.0,-0.31474671,-0.26546144,-0.24892613,-129.02999999999997,-208.22,-6.271020413588235,2.0472381031482394,,,-15.295018788741706,4.993213733578557,-15.0,-10.55321272327566,-6.15,,-0.5,-4.44678727672434,8.728979586411764,4.282192309687425
32,76.0,-0.31342295,-0.2644732,-0.24857643,-228.96,-161.66,-6.297232762754312,2.055827738882895,,,-15.358950708357767,5.014163855135381,-15.0,-18.726370496172947,-6.15,,-0.5,3.7263704961729474,8.702767237245688,12.429137733418635
32,77.0,-0.28926608,-0.27739275,-0.25811291,-172.56,-173.4,-7.169931794756107,2.2698903638450703,,,-17.487463647410145,5.536262597418127,-15.0,-14.113480489254036,-6.15,,-0.5,-0.8865195107459645,7.830068205243893,6.943548694497928
32,77.0,-0.28819656,-0.27685165,-0.25626075,-175.02999999999997,-179.21,-7.24384419814143,2.2804216506065806,,,-17.66773599926695,5.56194840582945,-15.0,-14.315498899131512,-6.15,,-0.5,-0.6845011008684878,7.75615580185857,7.0716547009900825
32,77.0,-0.28805003,-0.27724963,-0.25578061,-177.99,-181.97,-7.277540304953457,2.291049483663536,,,-17.74992080378148,5.587869690655364,-15.0,-14.557593835664848,-6.15,,-0.5,-0.4424061643351518,7.722459695046543,7.280053530711391
32,78.0,-0.26415387,-0.18684754,-0.24781677,167.89999999999998,-101.02,10.467529433526437,3.6558015409773263,,,25.53030428837097,8.9164999584437,-31.0,13.732344541873855,-12.71,,0.5,-44.73234454187386,41.46752943352644,-3.2648151083474186
32,78.0,-0.26439315,-0.18475324,-0.24765742,136.58000000000004,-73.91999999999999,10.648164368006402,3.682569641987245,,,25.970872893567613,8.98178735680689,-31.0,11.170718389095486,-12.71,,0.5,-42.170718389095484,41.648164368006405,-0.5225540210890838
32,78.0,-0.26469654,-0.18236585,-0.24564376,135.51999999999998,-81.75,10.733624034696122,3.709716279679437,,,26.179309020623844,9.04799800613815,-31.0,11.084022229390976,-12.71,,0.5,-42.084022229390975,41.73362403469612,-0.3503981946948542
32,79.0,-0.27406815,-0.28245765,-0.26564604,-192.46,-198.0,-9.485912255383472,3.2075738929753665,,,-23.136139990880288,7.823272724966919,-15.0,-15.74107820446124,-6.15,,-0.5,0.7410782044612407,5.514087744616528,6.255165949077769
32,79.0,-0.27466136,-0.28262046,-0.26777238,-199.46,-205.27,-9.506846728841609,3.2283580359195265,,,-23.18719917164469,7.873965249607725,-15.0,-16.31360001383061,-6.15,,-0.5,1.3136000138306088,5.493153271158391,6.806753284989
32,79.0,-0.27371112,-0.28357327,-0.26907435,-201.79,-206.71,-9.51325035674462,3.249405811592436,,,-23.20281762010013,7.925300774473952,-15.0,-16.504167987520702,-6.15,,-0.5,1.5041679875207024,5.486749643255379,6.990917630776082
32,80.0,-0.24652475,-0.28855357,-0.25348023,-225.77,-197.37,-11.93798634147016,5.924525438162339,-329.27,-141.99,-29.116748686845725,14.449917543677945,-15.0,-18.46546412876033,-6.15,-11.04154929001876,-0.5,3.465464128760331,3.0620136585298408,6.527477787290172
32,80.0,-0.24599375,-0.28793386,-0.25396347,-329.27,-141.99,-12.035100251412205,5.972058082400254,-329.27,-141.99,-29.353609513194364,14.56584966297422,-15.0,-26.930608024436,-6.15,-11.04154929001876,-0.5,11.930608024436001,2.9648997485877953,14.895507773023796
32,80.0,-0.24702458,-0.28894603,-0.2548407,-234.6,-193.64,-12.143725347216712,6.025170477828064,-329.27,-141.99,-29.618546121861563,14.69539079542265,-15.0,-19.18765949686485,-6.15,-11.04154929001876,-0.5,4.18765949686485,2.856274652783288,7.043934149648138
32,81.0,-0.25542617,-0.34374994,-0.27494371,-329.38,-204.26,-17.3147984829501,5.406196589704358,-329.38,-204.26,-42.23079349991529,13.185713482288929,-42.0,-26.93960479572609,-17.22,-11.045237966247695,-0.5,-15.06039520427391,24.6852015170499,9.624806312775991
32,81.0,-0.25655544,-0.34501401,-0.27314392,-342.81,-209.25,-17.506695921189202,5.461608696276761,-342.81,-209.25,-42.69883135178046,13.32086361021902,-42.0,-28.03802878141618,-17.22,-11.495591800380634,-0.5,-13.96197121858382,24.493304078810798,10.531332860226978
32,81.0,-0.25819054,-0.34649664,-0.27066976,-316.32,-192.16,-17.646379400830114,5.518038833830746,-316.32,-192.16,-43.039519358624645,13.458496715713189,-42.0,-25.87144267710267,-17.22,-10.607291497612094,-0.5,-16.12855732289733,24.353620599169886,8.225063276272557
32,82.0,-0.25144711,-0.19616538,-0.23749721,298.86,-231.31,9.189438933892278,3.068313891431897,298.86,-231.31,22.41304155976327,7.483617581202398,20.0,24.44340970687565,8.2,10.021797979819016,0.5,-4.443409706875649,-10.810561066107722,-15.25397077298337
32,82.0,-0.25112477,-0.19596957,-0.23778096,297.67999999999995,-241.22,9.306415282257028,3.087328666675607,297.67999999999995,-241.22,22.69834687342489,7.5299946180218065,20.0,24.34689888758195,8.2,9.9822285439086,0.5,-4.3468988875819505,-10.693584717742972,-15.040483605324923
32,82.0,-0.25037181,-0.19668686,-0.23863527,296.29999999999995,-242.2,9.36817666555206,3.106572699740185,296.29999999999995,-242.2,22.848982887281476,7.576930814666311,20.0,24.234030302306277,8.2,9.93595242394557,0.5,-4.234030302306277,-10.63182333444794,-14.865853636754217
32,83.0,-0.25940338,-0.17722872,-0.24042863,337.35,-263.09000000000003,11.363645250801609,3.695115044604931,337.35,-263.09000000000003,27.71593076670512,9.012385593791429,-31.0,27.59146177010808,-12.71,11.312499325744312,0.5,-58.59146177010808,42.36364525080161,-16.227816519306472
32,83.0,-0.25854406,-0.17576614,-0.24067208,337.52,-260.37,11.45464484972099,3.722248279818652,337.52,-260.37,27.937878788469497,9.078563554477691,-31.0,27.60536587119276,-12.71,11.318200007189027,0.5,-58.60536587119276,42.45464484972099,-16.150721021471767
32,83.0,-0.25813949,-0.1787373,-0.24341835,339.82000000000005,-264.47,11.547357051643544,3.749763030603621,339.82000000000005,-264.47,28.1640038489586,9.145672031642231,-31.0,27.79348017998555,-12.71,11.395326873794074,0.5,-58.79348017998555,42.547357051643544,-16.246123128342006
32,84.0,-0.22910038,-0.17478393,-0.243118,343.57000000000005,-232.43,13.67305461228892,4.462354355785564,343.57000000000005,-232.43,33.34858019937268,10.88368227376099,-31.0,28.100188292147717,-12.71,11.521077199780562,0.5,-59.10018829214772,44.67305461228892,-14.427133679858796
32,84.0,-0.22925963,-0.17510545,-0.24421442,351.14,-207.09,13.905470107175312,4.501144892602367,351.14,-207.09,33.91544159140059,10.978292393057174,-31.0,28.71932973456573,-12.71,11.774925191171947,0.5,-59.71932973456573,44.90547010717531,-14.813859627390418
32,84.0,-0.22996533,-0.17395595,-0.24425928,340.17999999999995,-162.42,14.044045793893233,4.540496355496081,340.17999999999995,-162.42,34.2534276913056,11.074270611054942,-31.0,27.82292415875312,-12.71,11.407398905088778,0.5,-58.822924158753125,45.04404579389323,-13.778878364859889
32,85.0,-0.27059174,-0.17072384,-0.2380178,252.73,-227.33,8.067649721469719,2.776510490263914,252.73,-227.33,19.676997670664644,6.771909085753687,20.0,20.670490983131508,8.2,8.474901303083918,0.5,-0.6704909831315078,-11.932350278530281,-12.602841261661789
32,85.0,-0.26963311,-0.17063199,-0.23721617,251.45000000000005,-230.67,8.075118266786086,2.795305931270026,251.45000000000005,-230.67,19.695213452691267,6.817751166367594,20.0,20.565801280846824,8.2,8.431978525147198,0.5,-0.5658012808468236,-11.924881733213914,-12.490683014060737
32,85.0,-0.27148819,-0.17006487,-0.23660016,251.29999999999995,-232.75,7.989556211740834,2.807974408103136,251.29999999999995,-232.75,19.486527600435892,6.848649581363549,20.0,20.55353295636033,8.2,8.426948512107735,0.5,-0.5535329563603284,-12.010443788259167,-12.563976744619495
32,85.0,-0.40612021,-0.13331105,-0.39818832,114.87,-165.93,13.11931271561249,4.749690543698348,251.29999999999995,-232.75,31.99800371337886,11.584495236080269,0.0,9.395082891751342,0.0,8.426948512107735,0.5,-9.395082891751342,13.11931271561249,3.7242298238611475
32,85.0,-0.40581483,-0.13238154,-0.39765999,13.059999999999944,-84.78999999999999,13.210779751098134,4.789469610145925,251.29999999999995,-232.75,32.22109181292835,11.681516379145911,0.0,1.0681621186234176,0.0,8.426948512107735,0.5,-1.0681621186234176,13.210779751098134,12.142617632474716
32,85.0,-0.4067024,-0.1326253,-0.39828002,13.409999999999968,-94.58,13.396892719788536,4.838948162303673,251.29999999999995,-232.75,32.67502134356425,11.802194567858658,0.0,1.096788209091888,0.0,8.426948512107735,0.5,-1.096788209091888,13.396892719788536,12.300104510696649
32,85.0,-0.40764162,-0.13382845,-0.39862266,385.37,-251.35,14.436998182468528,5.171959900191305,385.37,-251.35,35.21183856704074,12.614410196566592,0.0,31.518961382381946,0.0,12.922774166776597,0.5,-31.518961382381946,14.436998182468528,-17.081963199913417
32,85.0,-0.40754294,-0.13225685,-0.39851406,389.55,-257.68,14.560290758758786,5.228899496990959,389.55,-257.68,35.51254916061268,12.753285873160948,0.0,31.86083869140536,0.0,13.062943863476196,0.5,-31.86083869140536,14.560290758758786,-17.300547932646573
32,85.0,-0.40840921,-0.13038246,-0.39960334,8.269999999999982,-103.13,14.753575991678517,5.276352777564635,389.55,-257.68,35.9839718437039,12.869024424480145,0.0,0.6763936233549526,0.0,13.062943863476196,0.5,-0.6763936233549526,14.753575991678517,14.077182368323564
32,85.0,-0.40597147,-0.13276565,-0.39640281,4.9500000000000455,-123.92,15.839216583671412,5.607588571923321,389.55,-257.68,38.63184924757457,13.67690852692098,0.0,0.4048547080540572,0.0,13.062943863476196,0.5,-0.4048547080540572,15.839216583671412,15.434361875617356
32,85.0,-0.40741375,-0.13236083,-0.39755288,5.600000000000023,-127.91,16.03918464580687,5.66739528284647,389.55,-257.68,39.11957135112296,13.82277709486254,0.0,0.4580174474954968,0.0,13.062943863476196,0.5,-0.4580174474954968,16.03918464580687,15.581167198311373
32,85.0,-0.40703574,-0.13287517,-0.39708892,-56.55000000000001,-53.06999999999999,16.38708133404807,5.734338352135445,389.55,-257.68,39.96809137374324,13.986051240858352,0.0,-4.625158331405401,0.0,13.062943863476196,0.5,4.625158331405401,16.38708133404807,21.01223966545347
32,85.0,-0.40587401,-0.1318738,-0.39783517,-172.36,28.329999999999984,17.974555841723795,6.187112302157162,389.55,-257.68,43.839941697964335,15.09036690496132,0.0,-14.097122723272056,0.0,13.062943863476196,0.5,14.097122723272056,17.974555841723795,32.07167856499585
32,85.0,-0.40726075,-0.13169642,-0.39859462,-180.47000000000003,34.47000000000003,18.310944710007384,6.2648301796593255,389.55,-257.68,44.66039414770801,15.279920808189097,0.0,-14.760430133841425,0.0,13.062943863476196,0.5,14.760430133841425,18.310944710007384,33.07137484384881
32,85.0,-0.40849349,-0.13361707,-0.39884859,-224.48,65.32999999999998,18.587746132055823,6.329501821368869,389.55,-257.68,45.33551281608416,15.437654942318671,0.0,-18.359956538176554,0.0,13.062943863476196,0.5,18.359956538176554,18.587746132055823,36.947702670232374
32,86.0,-0.40694863,-0.13179784,-0.39843348,258.83000000000004,-219.65,7.328543797513442,2.7658155553670447,258.83000000000004,-219.65,17.874318322135284,6.745824139540221,0.0,21.16940284558196,0.0,8.679455166688602,0.5,-21.16940284558196,7.328543797513442,-13.840859048068518
32,86.0,-0.40592736,-0.13142955,-0.39861599,335.27,-228.83,7.406330488079615,2.781391743000623,335.27,-228.83,18.064040060426183,6.783814461178521,0.0,27.42134100389546,0.0,11.242749811597138,0.5,-27.42134100389546,7.406330488079615,-20.015010515815845
32,86.0,-0.40756789,-0.12989356,-0.39851272,596.3699999999999,-267.65,7.460710952149935,2.7955707675925927,596.3699999999999,-267.65,18.19667401229369,6.818397102158334,0.0,48.7764044933729,0.0,19.99832584228289,0.5,-48.7764044933729,7.460710952149935,-41.31569354122297
32,86.0,-0.24813339,-0.19231501,-0.24590401,264.85,-265.29,8.820145230148855,3.093974422130444,264.85,-265.29,21.512334216333056,7.546203615576153,32.0,21.661771601639614,13.12,8.881326356672243,0.5,10.338228398360386,-23.179854769851147,-12.84162637149076
32,86.0,-0.24796632,-0.19297694,-0.24546918,266.75,-275.72,8.866747519073465,3.111374127330184,266.75,-275.72,21.625997199020183,7.588641496558318,32.0,21.81717037846844,13.12,8.945039855172059,0.5,10.18282962153156,-23.133252480926537,-12.950422859394974
32,86.0,-0.24844199,-0.19149411,-0.24356018,266.13,-278.02,8.922188753452291,3.130926407890343,266.13,-278.02,21.76121836967014,7.636329508844547,32.0,21.7664613039243,13.12,8.924249134608962,0.5,10.233538696075701,-23.07781124654771,-12.844272550472008
32,86.0,-0.40557164,-0.12524006,-0.41155759,3.2799999999999727,-66.53999999999999,27.176106022973254,8.256003559574506,266.13,-278.02,66.28252259003177,20.136392681802217,0.0,0.2682673621045019,0.0,8.924249134608962,0.5,-0.2682673621045019,27.176106022973254,26.90783866086875
32,86.0,-0.41298428,-0.12648207,-0.41537899,0.9199999999999592,-81.22999999999999,27.72907629213427,8.355968247498156,266.13,-278.02,67.63121707651548,20.380206555648005,0.0,0.0752457235171136,0.0,8.924249134608962,0.5,-0.0752457235171136,27.72907629213427,27.653830568617156
32,86.0,-0.40695509,-0.12540016,-0.41288805,26.840000000000032,-124.77,28.402026685540864,8.46623557835987,266.13,-278.02,69.27254308603418,20.64914857561972,0.0,2.1952121947819823,0.0,8.924249134608962,0.5,-2.1952121947819823,28.402026685540864,26.20681449075888
32,87.0,-0.23868398,-0.16810952,-0.24709073,274.30999999999995,-264.5,10.218011102858885,3.843335490506246,274.30999999999995,-264.5,24.92172907987281,9.373895261344735,38.0,22.43549393258736,15.579999999999998,9.198552512360816,0.5,15.56450606741264,-27.781988897141115,-12.217482829728475
32,87.0,-0.23957279,-0.16764016,-0.24559842,279.49,-268.81,10.335086545545789,3.875955876051484,279.49,-268.81,25.20727608458618,9.45345638168957,38.0,22.85916007152069,15.579999999999998,9.372255629323485,0.5,15.14083992847931,-27.66491345445421,-12.524073525974902
32,87.0,-0.23841801,-0.1654157,-0.24379528,273.74,-274.25,10.389423577024344,3.9030534927055496,273.74,-274.25,25.33980410436238,9.519547468708836,41.0,22.388874299538717,16.81,9.179438462810872,0.5,18.611125700461283,-30.610576422975655,-11.999450722514373
32,88.0,-0.21018462,-0.15769295,-0.24396022,355.67,-277.38,13.753322261652317,5.098433663644935,355.67,-277.38,33.54435299617,12.435079705629995,-45.0,29.08983313405762,-18.45,11.926831584963624,0.5,-74.08983313405761,58.753322261652315,-15.336510872405304
32,88.0,-0.21024051,-0.1552662,-0.24573545,361.16,-265.81,13.952185158066175,5.143894725776003,361.16,-265.81,34.029379600523406,12.545959236167672,-45.0,29.53885381026302,-18.45,12.11093006220784,0.5,-74.53885381026302,58.95218515806617,-15.586668652196845
32,88.0,-0.21042816,-0.15300357,-0.24761617,377.29,-267.82,14.040663421429214,5.195323232776171,377.29,-267.82,34.245178084865856,12.67139336474108,-45.0,30.858107636709867,-18.45,12.651824131051043,0.5,-75.85810763670986,59.040663421429215,-16.817444215280652
32,89.0,-0.24703547,-0.19110031,-0.2394646,227.98,-270.08,7.74842714774795,3.673437718770057,,,18.89841381335725,8.959514596080169,38.0,18.64621744286124,15.579999999999998,,0.5,19.35378255713876,-30.25157285225205,-10.897790295113289
32,89.0,-0.24574646,-0.18911661,-0.2373893,235.79999999999995,-267.33,7.750704518145269,3.6924931160422414,,,18.90396831975631,9.00599071002703,38.0,19.28580609275673,15.579999999999998,,0.5,18.71419390724327,-30.24929548185473,-11.53510157461146
32,89.0,-0.24405089,-0.18918744,-0.23925011,224.80999999999997,-256.38,7.9082096373129405,3.7159951505119135,,,19.288123305406263,9.06331217209856,38.0,18.38694685204682,15.579999999999998,,0.5,19.61305314795318,-30.09179036268706,-10.47873721473388
32,90.0,-0.29522613,-0.16331437,-0.24567403,218.82000000000005,-203.45,8.330385390166771,3.052504083823498,264.41,-210.98,20.31780996661676,7.445057460445511,20.0,17.897031760886467,8.2,8.866571651756493,0.5,2.102968239113533,-11.669614609833229,-9.566646370719695
32,90.0,-0.29164261,-0.16282314,-0.24616008,264.41,-210.98,8.356126859513417,3.0686035991363623,264.41,-210.98,20.380593410353224,7.484324178293588,20.0,21.62578451647925,8.2,8.866571651756493,0.5,-1.62578451647925,-11.643873140486583,-13.269657656965833
32,90.0,-0.29027477,-0.16357082,-0.24458818,279.0,-225.24,8.436742839789257,3.0885172853614646,279.0,-225.24,20.577215786246,7.532893658996612,25.0,22.819083544864835,10.25,9.355824253394582,0.5,2.180916455135165,-16.563257160210743,-14.382340705075578
32,91.0,-0.26198354,-0.27943406,-0.26482758,-206.44,-223.13,-8.541212205794622,3.175252270756724,-299.46,-160.37,-20.832016569933085,7.74444028837565,-15.0,-16.88448604660178,-6.15,-10.041918031976852,-0.5,1.8844860466017792,6.458787794205378,8.343273840807157
32,91.0,-0.26102534,-0.28044596,-0.26529792,-201.95,-213.74,-8.563576994936938,3.193630484843254,-299.46,-160.37,-20.88656429065119,7.789264752532698,-15.0,-16.517254200306287,-6.15,-10.041918031976852,-0.5,1.5172542003062865,6.436423005063062,7.953677205369349
32,91.0,-0.26075521,-0.28152812,-0.26448369,-299.46,-160.37,-8.56974733868922,3.21638331282791,-299.46,-160.37,-20.901613759063007,7.844758899987271,-15.0,-24.49248300482159,-6.15,-10.041918031976852,-0.5,9.49248300482159,6.43025266131078,15.92273566613237
32,92.0,-0.27347073,-0.27362224,-0.24803303,-144.8,-231.12,-6.1089971559903855,2.128265054150157,,,-14.89984406346055,5.190838467072233,-15.0,-11.843022570954943,-6.15,,-0.5,-3.1569774290450567,8.891002844009614,5.734025414964558
32,92.0,-0.27513298,-0.27427614,-0.24886043,-143.98000000000002,-229.11,-6.081302947615084,2.138471597086285,,,-14.83229788923319,5.21573222529345,-15.0,-11.775955730428816,-6.15,,-0.5,-3.224044269571184,8.918697052384916,5.694652782813732
32,92.0,-0.27533272,-0.27399665,-0.2494967,0.0,0.0,-6.159473500203215,2.14595595818163,,,-15.02295586699564,5.233986582004996,-15.0,0.0,-6.15,,-0.5,-15.0,8.840526499796784,-6.159473500203215
32,93.0,-0.25604531,-0.27606532,-0.25034812,-164.76,-231.79,-7.037654682432006,2.3204693958735456,,,-17.164839770451664,5.659624856535577,-15.0,-13.47552761595674,-6.15,,-0.5,-1.5244723840432606,7.962345317567994,6.4378729335247336
32,93.0,-0.25687921,-0.27761996,-0.24987668,-163.39999999999998,-227.17,-7.0710734470057,2.331474896566149,,,-17.246348137246905,5.686467272724838,-15.0,-13.36429480727926,-6.15,,-0.5,-1.6357051927207404,7.9289265529943,6.293221360273559
32,93.0,-0.25637728,-0.27739733,-0.24999754,-157.25,-222.95,-7.1079708948241285,2.3436938890149346,,,-17.33634101247605,5.716269395307425,-15.0,-12.861293503333318,-6.15,,-0.5,-2.138706496666682,7.8920291051758715,5.7533226085091895
32,94.0,-0.27527574,-0.27247995,-0.2556439,-157.76999999999998,-211.29,-7.874975257811917,2.917685613942511,,,-19.207064653803265,7.116235212405785,-15.0,-12.90382369488647,-6.15,,-0.5,-2.0961763051135307,7.125024742188083,5.0288484370745525
32,94.0,-0.27192491,-0.27302748,-0.25489348,-157.61,-214.99,-7.977742870350483,2.93324767808918,,,-19.45771486078483,7.15419108685951,-15.0,-12.890737482100889,-6.15,,-0.5,-2.1092625178991113,7.022257129649517,4.912994611750405
32,94.0,-0.27119631,-0.27295983,-0.25591767,-151.04000000000002,-220.55,-7.942256679734513,2.9507256127109835,,,-19.37116404187248,7.196819769402088,-15.0,-12.353384869592778,-6.15,,-0.5,-2.6466151304072216,7.057743320265487,4.411128189858266
32,95.0,-0.30003318,-0.11823857,-0.24741212,344.39,-284.46,12.59132097383466,4.527988520741881,344.39,-284.46,30.71023185518273,11.043764002089448,45.0,28.16725513267384,18.45,11.548574604396272,0.5,16.83274486732616,-32.40867902616534,-15.57593415883918
32,95.0,-0.29994351,-0.1189519,-0.24749756,353.24,-289.59000000000003,12.727028349941625,4.564283720302685,353.24,-289.59000000000003,31.041222145507625,11.132287993818249,-45.0,28.891086277376544,-18.45,11.845345373724385,0.5,-73.89108627737654,57.72702834994163,-16.164057927434918
32,95.0,-0.30091697,-0.11888436,-0.24762122,354.16,-287.59000000000003,12.799218405462968,4.6052491500777535,354.16,-287.59000000000003,31.21729369092418,11.23220267703964,-45.0,28.96633200089365,-18.45,11.876196120366398,0.5,-73.96633200089366,57.799218405462966,-16.167113595430685
32,96.0,-0.22222008,-0.27483746,-0.26977125,-217.28,-266.28,-11.644461342768704,5.394428778479547,,,-28.400841215012868,13.157011790711614,-15.0,-17.7710769628252,-6.15,,-0.5,2.7710769628252017,3.355538657231296,6.126615620056498
32,96.0,-0.22322331,-0.27691159,-0.27174333,-231.91000000000005,-269.72,-11.752950817608976,5.439415333503201,,,-28.66544704414829,13.266733998414308,-15.0,-18.967647544407185,-6.15,,-0.5,3.9676475444071855,3.2470491823910237,7.214696726798209
32,96.0,-0.2237049,-0.27743706,-0.27181679,-242.57,-269.59000000000003,-11.841024050185876,5.480523545730039,,,-28.88025765840335,13.366996928035563,-15.0,-19.839516471246824,-6.15,,-0.5,4.839516471246824,3.158975949814124,7.9984924210609485
32,99.0,-0.15942924,-0.29669604,-0.30794641,219.9,-217.98,6.42864756650717,1.9460596885102643,,,15.679471414710989,4.746439580276535,45.0,17.985363697189165,18.45,,0.5,27.014636302810835,-38.571352433492834,-11.556716130681995
32,99.0,-0.16698325,-0.26153702,-0.26724079,222.80999999999997,-226.8,6.368542255490748,1.9546799569685835,,,15.532874561141936,4.767464415046375,-24.0,18.223369192227,-9.84,,0.5,-42.223369192227,30.36854225549075,-11.854826936736252
32,99.0,-0.18441239,-0.25579745,-0.25952068,213.32000000000005,-232.4,6.424419720705052,1.963369027940454,,,15.669159698799623,4.788657059146767,-31.0,17.447193196381964,-12.71,,0.5,-48.44719319638196,37.42441972070505,-11.02277347567691
32,99.0,-0.19929177,-0.31184798,-0.34150234,-82.92000000000002,-110.1,7.390478431134333,2.251982346450277,,,18.02537689353664,5.4925849429922255,-15.0,-6.781929776129722,-6.15,,0.5,-8.218070223870278,22.390478431134333,14.172408207264056
32,99.0,-0.21323788,-0.36830115,-0.42690554,-80.98000000000002,-157.41,7.482379266312624,2.264611287180463,,,18.24952303053649,5.523386929433149,-31.0,-6.623259446104497,-12.71,,0.5,-24.3767405538955,38.48237926631263,14.105638712417122
32,99.0,-0.23946215,-0.39204839,-0.49897906,196.19000000000003,-157.08,7.447991428061977,2.2750507017253008,,,18.165651093043163,5.548848661508009,-31.0,16.04615054002521,-12.71,,0.5,-47.04615054002521,38.447991428061975,-8.598159111963232
32,100.0,-0.21139637,-0.22183844,-0.26207402,299.23,-229.07,9.07446080683549,2.731228366561749,299.23,-229.07,22.13260990787176,6.661465986044106,-31.0,24.473671573942312,-12.71,10.034205345316348,0.5,-55.47367157394231,40.07446080683549,-15.399210767106823
32,100.0,-0.20444334,-0.2234748,-0.26610202,279.59000000000003,-256.66,9.197279570713963,2.7462123865088386,279.59000000000003,-256.66,22.43216487297136,6.698012010695058,-31.0,22.867338954511688,-12.71,9.375608971349791,0.5,-53.86733895451169,40.19727957071396,-13.670059383797724
32,100.0,-0.20670667,-0.24254018,-0.2904731,311.64,-250.47,9.181118874478912,2.764753782421632,311.64,-250.47,22.392748934854065,6.74323447532636,-31.0,25.48867095312429,-12.71,10.45035509078096,0.5,-56.48867095312429,40.18111887447891,-16.30755207864538
32,101.0,-0.20839244,-0.31778416,-0.27538332,-147.29000000000002,-256.12,-10.990282687656189,3.42003799138211,,,-26.80529947519344,8.341472660980967,-15.0,-12.046676757430616,-6.15,,-0.5,-2.9533232425693843,4.0097173123438115,1.0563940697744272
32,101.0,-0.20751345,-0.31897414,-0.2773717,-166.82999999999998,-260.18,-11.121766777540907,3.4460974350657483,,,-27.12598917042228,8.405031644125359,-15.0,-13.644830493870252,-6.15,,-0.5,-1.355169506129748,3.8782332224590927,2.523063716329345
32,101.0,-0.2056995,-0.3178449,-0.27694538,-186.28,-255.75,-11.163163908135756,3.469884712150963,,,-27.226956771943108,8.4630488129362,-15.0,-15.235623235617997,-6.15,,-0.5,0.23562323561799658,3.836836091864244,4.072459327482241
32,102.0,-0.19914481,-0.37652442,-0.42379227,-643.15,-272.45,7.320257635736917,2.2524913706670926,-643.15,-272.45,17.85410837356234,5.493826453057038,0.0,-52.47366854945039,0.0,-21.514204105274658,0.5,52.47366854945039,7.320257635736917,59.7939261851873
32,102.0,-0.17327411,-0.38478401,-0.37069368,-515.38,-246.7,7.354588865174433,2.2639745503811533,-515.38,-246.7,17.937842242160443,5.521833928379633,0.0,-42.152327158969314,0.0,-17.282454135177417,0.5,42.152327158969314,7.354588865174433,49.50691602414375
32,102.0,-0.17327411,-0.38478401,-0.37069368,-427.49,-227.34,7.417551566056645,2.275572009417688,-427.49,-227.34,18.09140826961216,5.55012013096974,0.0,-34.96390689818734,0.0,-14.335201828256809,0.5,34.96390689818734,7.417551566056645,42.381458464243984
32,103.0,-0.16824266,-0.28605103,-0.27843559,199.69000000000003,-277.1,9.211939769325754,3.5457038856972827,,,22.46792109738552,8.647971777215673,-31.0,16.332411444709894,-12.71,,0.5,-47.33241144470989,40.21193976932575,-7.12047167538414
32,103.0,-0.17256778,-0.27142298,-0.25679451,195.77,-290.08,9.27676514838887,3.5677953778278897,,,22.626030196920453,8.701852926522225,-31.0,16.01179923146304,-12.71,,0.5,-47.011799231463044,40.27676514838887,-6.73503408307417
32,103.0,-0.18999562,-0.26179165,-0.24310236,220.94000000000003,-274.5,9.321024838244544,3.5901763973152683,,,22.733979580478447,8.75644023305194,-31.0,18.07042408029548,-12.71,,0.5,-49.07042408029548,40.32102483824454,-8.749399242050938
32,104.0,-0.18038951,-0.39520416,-0.29685906,-499.74,-277.78,-20.59763372404297,6.617889272033727,-499.74,-277.78,-50.23762865294082,16.141031934490265,-45.0,-40.873149859178326,-18.45,-16.757991442263112,-0.5,-4.126850140821674,24.40236627595703,20.275516135135355
32,104.0,-0.17891015,-0.39388821,-0.29443532,-458.8,-290.48,-20.966068514633992,6.706723729631862,-458.8,-290.48,-51.13624110719231,16.35769917657211,-45.0,-37.52471516266662,-18.45,-15.385133216693312,-0.5,-7.475284837333383,24.033931485366008,16.558646648032624
32,104.0,-0.17974545,-0.3948119,-0.2948845,-343.99,-268.44,-21.25487730606357,6.797573605001071,-343.99,-268.44,-51.84064574948904,16.579282022597617,-45.0,-28.13453960070988,-18.45,-11.53516123629105,-0.5,-16.86546039929012,23.74512269393643,6.879662294646309
32,105.0,-0.21632536,-0.21331882,-0.25885841,336.12,-209.76,10.751994028234764,3.0199646393937782,336.12,-209.76,26.224113434864595,7.365693755481425,-31.0,27.490861509318883,-12.71,11.27125321882074,0.5,-58.49086150931888,41.75199402823476,-16.73886748108412
32,105.0,-0.21575847,-0.21181935,-0.25723132,323.20000000000005,-224.1,10.836082420437934,3.039980954766911,323.20000000000005,-224.1,26.429205023448123,7.414513548676496,-31.0,26.43414982688285,-12.71,10.838001429021968,0.5,-57.43414982688285,41.83608242043793,-15.598067406444917
32,105.0,-0.21580061,-0.21160226,-0.25787234,315.03,-228.89,10.921756217551,3.060234667905444,315.03,-228.89,26.638163414606893,7.463912355021378,-31.0,25.765935086518883,-12.71,10.564033385472742,0.5,-56.76593508651888,41.921756217551,-14.844178868967884
32,106.0,-0.18000638,-0.26951721,-0.31832904,452.88,-196.66,14.283944858664588,3.808670553909717,452.88,-196.66,34.83854151028293,9.2893474809858,-31.0,37.04052528959995,-12.71,15.186615368735978,0.5,-68.04052528959994,45.28394485866459,-22.756580430935358
32,106.0,-0.17105429,-0.23649825,-0.28351521,440.55,-203.7,14.497739091473228,3.8419751189266655,440.55,-203.7,35.359985644103205,9.37057731506214,-31.0,36.03206901681076,-12.71,14.77314829689241,0.5,-67.03206901681077,45.49773909147323,-21.53432992533753
32,106.0,-0.17224289,-0.21779694,-0.27536565,429.88,-219.28,14.583589733072705,3.884683701831621,429.88,-219.28,35.56937535896433,9.474743548767323,-31.0,35.159382201672024,-12.71,14.415346702685529,0.5,-66.15938220167203,45.58358973307271,-20.575792468599317
32,106.0,-0.18246518,-0.27271721,-0.31518093,-38.25999999999999,-35.50999999999999,23.280024123466887,6.294726260798118,429.88,-219.28,56.77997883713574,15.35283735008661,-45.0,-3.1292406323531483,-18.45,14.415346702685529,0.5,-41.870759367646855,68.28002412346689,26.409264755820036
32,106.0,-0.19625254,-0.32805964,-0.38088313,6.159999999999968,82.16000000000003,23.66197463050917,6.3966655182417504,429.88,-219.28,57.711556123811874,15.601467198991628,-45.0,0.5038191922450418,-18.45,14.415346702685529,0.5,-45.50381919224504,68.66197463050918,23.158155438264128
32,106.0,-0.20130643,-0.33840644,-0.40796462,12.490000000000007,79.0,24.055911399976477,6.516395264759266,429.88,-219.28,58.67236790454262,15.893488050747855,-45.0,1.0215424855747743,-18.45,14.415346702685529,0.5,-46.02154248557478,69.05591139997648,23.034368914401703
32,107.0,-0.21778126,-0.31468344,-0.37146005,377.73,-223.24,10.732152830264008,3.5714350671871067,377.73,-223.24,26.17572075301392,8.710730128869352,-45.0,30.89409472187024,-18.45,12.666578835966796,0.5,-75.89409472187023,55.732152830264006,-20.161941891606233
32,107.0,-0.19708373,-0.25913331,-0.29001436,379.44000000000005,-238.28,10.882599595993614,3.5968158437732067,379.44000000000005,-238.28,26.542660414628426,8.77263384296285,-31.0,31.03395362101618,-12.71,12.723920984616631,0.5,-62.03395362101618,41.88259959599361,-20.151354025022567
32,107.0,-0.20102184,-0.23644291,-0.26639014,378.37,-251.59,10.96872026630762,3.6225579736053,378.37,-251.59,26.752708729524286,8.835418897623327,-31.0,30.946439573012576,-12.71,12.688040224935156,0.5,-61.946439573012576,41.96872026630762,-19.977719306704955
32,107.0,-0.20522963,-0.2998035,-0.33954802,87.36000000000001,-165.77,16.237633112580873,4.967905657678603,378.37,-251.59,39.60358716158475,12.116721899078112,-45.0,7.145072180929722,-18.45,12.688040224935156,0.5,-52.14507218092972,61.23763311258087,9.092560931651152
32,107.0,-0.20371464,-0.31444895,-0.35879621,89.04999999999995,-163.52,16.422525135748955,5.01391580463151,378.37,-251.59,40.054538806091706,12.228940647496254,-45.0,7.283295303477464,-18.45,12.688040224935156,0.5,-52.283295303477466,61.422525135748955,9.139229832271491
32,107.0,-0.21145876,-0.35330468,-0.45196033,88.14999999999998,-172.69,16.56704942834265,5.065395741693151,378.37,-251.59,40.40703355572772,12.354500213989596,-45.0,7.2096853565585475,-18.45,12.688040224935156,0.5,-52.209685356558545,61.56704942834265,9.357364071784101
32,108.0,-0.22415659,-0.31036213,-0.41655347,-1.1000000000000227,-59.19999999999999,15.665614952244855,3.779765980320208,,,38.20843486852521,9.218849226000986,-42.0,-0.0899677129009026,-17.22,,0.5,-41.9100322870991,57.66561495224485,15.755582665145758
32,108.0,-0.24372831,-0.34966421,-0.50643635,7.309999999999945,-69.59,15.892439434589749,3.820907205123757,,,38.7616597809644,9.319192673296843,-45.0,0.5978763466414362,-18.45,,0.5,-45.597876346641435,60.89243943458975,15.294563087948312
32,108.0,-0.24372831,-0.34966421,-0.50643635,13.009999999999993,-79.43,16.211723075098803,3.8628163782247418,,,39.54039258016598,9.421409146490143,-45.0,1.064072677127926,-18.45,,0.5,-46.064072677127925,61.2117230750988,15.147650397970876
32,110.0,-0.19070864,-0.33348453,-0.36688462,362.79,-263.51,11.092039260800655,3.523044728091501,362.79,-263.51,27.0534837570928,8.592706091815172,-45.0,29.672169603016176,-18.45,12.165589537236633,0.5,-74.67216960301617,56.092039260800654,-18.58013034221552
32,110.0,-0.17487134,-0.2946375,-0.31201363,320.84000000000003,-201.41,11.217312028126342,3.55559317390189,320.84000000000003,-201.41,27.359024036600147,8.67209175114671,-45.0,26.241128188295463,-18.45,10.75886255720114,0.5,-71.24112818829546,56.217312028126344,-15.02381616016912
32,110.0,-0.17491919,-0.24037337,-0.27006847,327.77,-203.63,11.285898587315971,3.5803771349440545,327.77,-203.63,27.526306654463657,8.73253983212855,-31.0,26.80792477957113,-12.71,10.991249159624164,0.5,-57.80792477957113,42.28589858731597,-15.52202619225516
32,110.0,-0.22346854,-0.20015369,-0.28215832,349.89,-224.65,11.986757467551556,3.781611547556854,349.89,-224.65,29.23570146335825,9.223350564491168,38.0,28.61709369717834,15.579999999999998,11.733008415843118,0.5,9.38290630282166,-26.013242532448444,-16.630336229626785
32,110.0,-0.22393897,-0.20232099,-0.28256387,351.09000000000003,-230.88,12.13525058582132,3.815577284552449,351.09000000000003,-230.88,29.597876178818204,9.30619299702342,38.0,28.71524029307024,15.579999999999998,11.773248520158797,0.5,9.284759706929758,-25.864749414178682,-16.57998970724892
32,110.0,-0.22488575,-0.20446527,-0.28253594,356.96000000000004,-238.06,12.24097506231151,3.846957856741211,356.96000000000004,-238.06,29.855738176977773,9.382730212591811,38.0,29.195340724641408,15.579999999999998,11.970089697102976,0.5,8.804659275358592,-25.75902493768849,-16.9543656623299
32,110.0,-0.21010213,-0.19887584,-0.27984986,419.06,-180.9,14.651706507275009,4.394976034267621,419.06,-180.9,35.73551217124374,10.719346547578729,-31.0,34.2744270620468,-12.71,14.052515095439189,0.5,-65.2744270620468,45.65170650727501,-19.62272055477179
32,110.0,-0.21127336,-0.20176817,-0.28108266,388.41,-190.65,14.741962488832728,4.445363331365816,388.41,-190.65,35.95564651026302,10.842241165201226,-45.0,31.767599425308063,-18.45,13.024715764376303,0.5,-76.76759942530806,59.741962488832726,-17.025636936475337
32,110.0,-0.21758103,-0.21737927,-0.29434121,398.67,-194.66,14.939293146644973,4.514226704165975,398.67,-194.66,36.43693598466709,11.010198931460812,45.0,32.60675282018374,18.45,13.368768656275334,0.5,12.393247179816257,-30.06070685335503,-17.667459673538772
32,111.0,-0.21720955,-0.3162916,-0.30428904,-274.95,-192.6,-13.272522821847543,4.413838567769226,-274.95,-192.6,-32.37168316248616,10.76535226678914,-42.0,-22.487838783729703,-17.22,-9.220013901329178,-0.5,-19.512161216270297,28.727477178152455,9.21531596188216
32,111.0,-0.21329524,-0.31450462,-0.30468217,-290.32,-196.85,-13.424213830431858,4.448161226830948,-290.32,-196.85,-32.741657532423304,10.84906523224068,-42.0,-23.744933099445017,-17.22,-9.735422570772457,-0.5,-18.255066900554983,28.57578616956814,10.320719269013159
32,111.0,-0.20975368,-0.31117645,-0.30719721,-294.77,-199.41,-13.476220451438508,4.494757340231269,-294.77,-199.41,-32.86850168105852,10.962713152824064,-42.0,-24.10889339254411,-17.22,-9.884646290943085,-0.5,-17.89110660745589,28.523779548561492,10.632672941105604
32,111.0,-0.20965421,-0.32587928,-0.30556074,-313.77,-210.96,-15.425307002821407,5.1033122580442365,-313.77,-210.96,-37.62232377988141,12.446978597369895,-42.0,-25.6628811608324,-17.22,-10.521781275941285,-0.5,-16.3371188391676,26.574692997178595,10.237574158010991
32,111.0,-0.20539159,-0.3208012,-0.30566955,-317.09,-210.46,-15.625052373773777,5.153323776124198,-317.09,-210.46,-38.109502739634245,12.56895668996692,-42.0,-25.9344200761333,-17.22,-10.633112231214652,-0.5,-16.0655799238667,26.374947626226223,10.309367702359523
32,111.0,-0.20436424,-0.32238784,-0.30642197,-320.52,-211.95,-15.768160281468695,5.209365893968061,-320.52,-211.95,-38.45854292650215,12.7056434153881,-42.0,-26.21495576272429,-17.22,-10.748131862716958,-0.5,-15.78504423727571,26.231839718531305,10.446795481255595
32,112.0,-0.23057529,-0.20016752,-0.25365633,265.75,-317.39,9.778766175145178,3.166238362519582,265.75,-317.39,23.85041070117909,7.722455366185259,-45.0,21.73538154855853,-18.45,8.911506434908997,0.5,-66.73538154855854,54.77876617514518,-11.956615373413351
32,112.0,-0.23126817,-0.20229529,-0.25524139,271.30999999999995,-312.28,9.932548507708386,3.1861711392403245,271.30999999999995,-312.28,24.225485810300757,7.771071408607151,-45.0,22.190127442857627,-18.45,9.097952251571629,0.5,-67.19012744285763,54.93254850770839,-12.25757893514924
32,112.0,-0.23166603,-0.20360792,-0.25650504,273.17,-315.3,10.00252224166858,3.208596362102976,273.17,-315.3,24.39615174742967,7.82576652716916,-45.0,22.34225466649006,-18.45,9.160324413260923,0.5,-67.34225466649006,55.00252224166858,-12.33973242482148
32,113.0,-0.22476344,-0.20428894,-0.26785615,226.21000000000004,-269.15,10.227417356540514,3.385321682852632,,,24.944670932602317,8.25679958447757,38.0,18.5014512139207,15.579999999999998,,0.5,19.4985487860793,-27.772582643459486,-8.274033857380186
32,113.0,-0.22604887,-0.20283993,-0.26770777,230.44000000000003,-270.72,10.289280440570304,3.410589187405666,,,25.095554994550977,8.31842702808242,38.0,18.84741796443962,15.579999999999998,,0.5,19.15258203556038,-27.710719559429698,-8.558137523869318
32,113.0,-0.2252747,-0.20436504,-0.26908925,230.12,-273.21,10.428947003639964,3.4362119647232325,,,25.436201741877877,8.380920981959965,38.0,18.821245538868443,15.579999999999998,,0.5,19.178754461131557,-27.571052996360038,-8.392298535228479
32,114.0,-0.23134346,-0.18962611,-0.26640788,343.17,-238.11,10.75743600914456,3.451460519618362,343.17,-238.11,26.23738642630358,8.418112207349187,41.0,28.067472760183747,16.81,11.507663831675336,0.5,12.932527239816253,-30.242563990855437,-17.310036751039185
32,114.0,-0.23101349,-0.18896711,-0.26450437,344.77,-244.09,10.788647188530048,3.472344726674044,344.77,-244.09,26.313510492824783,8.469048788357993,41.0,28.198334888039604,16.81,11.561317304096235,0.5,12.801665111960396,-30.21135281146995,-17.409687699509554
32,114.0,-0.23187755,-0.18927765,-0.26478183,344.91,-244.47,10.977729789303886,3.5014100904697663,344.91,-244.47,26.77468295611218,8.539939210655758,41.0,28.20978532422699,16.81,11.566011982933064,0.5,12.790214675773012,-30.022270210696114,-17.232055534923102
32,115.0,-0.27177545,-0.21889266,-0.25852197,213.39,-161.49,8.6312024001712,3.343199574114762,,,21.051502654017558,8.154063761265906,32.0,17.45291841447565,13.12,,0.5,14.54708158552435,-23.368797599828802,-8.821716014304451
32,115.0,-0.27062252,-0.21604456,-0.25686499,220.98,-166.24,8.70020515881502,3.368142602040943,,,21.219800382349835,8.21489980637786,38.0,18.07369563349187,15.579999999999998,,0.5,19.92630436650813,-29.29979484118498,-9.37349047467685
32,115.0,-0.26944795,-0.2145434,-0.25729108,224.22000000000003,-171.46,8.620333250625524,3.388822632625637,,,21.02499279827565,8.26533840097393,38.0,18.33869144239998,15.579999999999998,,0.5,19.66130855760002,-29.379666749374476,-9.718358191774456
32,116.0,-0.21182874,-0.32802677,-0.27039969,-262.9,-187.98,-12.746192133528478,4.1774091676341785,-262.9,-187.98,-31.08796261367596,10.188700959859762,-15.0,-21.502283383315284,-6.15,-8.815936187159267,-0.5,6.502283383315284,2.253807866471522,8.756091249786806
32,116.0,-0.2127693,-0.32884797,-0.270569,-265.98,-195.93,-12.870028307639226,4.219520835421972,-265.98,-195.93,-31.38999904233207,10.29141131759419,-15.0,-21.75419297943781,-6.15,-8.919219121569501,-0.5,6.754192979437811,2.1299716923607743,8.884164671798585
32,116.0,-0.21315983,-0.32878038,-0.27058589,-264.09,-197.13,-12.92189235720901,4.262429584169884,-264.09,-197.13,-31.51649545923278,10.396065755790348,-15.0,-21.59961209090808,-6.15,-8.855840957272314,-0.5,6.5996120909080815,2.0781076427909895,8.677719733699071
32,117.0,-0.22988735,-0.32893619,-0.26487243,-221.13,-194.49,-11.70685184504889,6.055349924893859,,,-28.553011650074243,14.768998466816123,-42.0,-18.08596395797836,-17.22,,-0.5,-23.91403604202164,30.293148154951112,6.379112112929471
32,117.0,-0.22847074,-0.32823703,-0.26508924,-224.11,-199.22,-11.80554057569742,6.1043989428789605,,,-28.79371346412601,14.888629021681783,-42.0,-18.329694671109888,-17.22,,-0.5,-23.670305328890112,30.19445942430258,6.524154095412468
32,117.0,-0.22941394,-0.32818907,-0.26399386,-231.73,-204.01,-11.913759511933762,6.149180654630248,,,-29.057659449606447,14.997851616643176,-42.0,-18.9529255550234,-17.22,,-0.5,-23.0470744449766,30.086240488066238,7.039166043089637
32,118.0,-0.21999961,-0.20741664,-0.26975435,339.25,-290.77,11.465472823318189,3.4527853569920883,339.25,-290.77,27.96428821607306,8.421343485703705,41.0,27.7468605469369,16.81,11.376212824244128,0.5,13.253139453063099,-29.534527176681813,-16.281387723618714
32,118.0,-0.22142138,-0.20775951,-0.27044418,340.45000000000005,-294.75,11.49806672649848,3.4786845181154487,340.45000000000005,-294.75,28.043784745929795,8.48451153968358,38.0,27.845007142828795,15.579999999999998,11.416452928559805,0.5,10.154992857171205,-26.50193327350152,-16.346940416330312
32,118.0,-0.2191233,-0.20788737,-0.27039787,338.59000000000003,-301.02,11.712427525077862,3.504906265528839,338.59000000000003,-301.02,28.566610733664906,8.548466381624838,41.0,27.692879919196365,16.81,11.354080766870508,0.5,13.307120080803635,-29.287572474922136,-15.980452394118503
32,119.0,-0.23148444,-0.17211689,-0.27610314,422.65,-190.61,14.27747856562177,5.207500488984768,422.65,-190.61,34.8227702215515,12.701093692633847,-45.0,34.56804896142338,-18.45,14.172900074183584,0.5,-79.56804896142339,59.27747856562177,-20.29057039580161
32,119.0,-0.22837861,-0.17377591,-0.27913859,425.43,-197.97,14.399569378051654,5.2713821317838505,425.43,-197.97,35.12054971306799,12.856901019420812,-31.0,34.795421908572926,-12.71,14.2661229825149,0.5,-65.79542190857293,45.39956937805165,-20.395852530521275
32,119.0,-0.22874033,-0.17331518,-0.27731994,428.6,-202.93,14.526780875136938,5.330136534127039,428.6,-202.93,35.430818554458995,13.00020300673585,-31.0,35.05469249938734,-12.71,14.37242392474881,0.5,-66.05469249938734,45.526780875136936,-20.527911624250407
32,120.0,-0.20109174,-0.4033182,-0.32705948,-622.12,-199.68,-25.207615659608507,8.44346707081649,-622.12,-199.68,-61.48137459378515,20.593616185721423,-45.0,-50.88246686355309,-18.45,-20.861811414056767,-0.5,5.882466863553091,19.792384340391493,25.674851203944584
32,120.0,-0.20351185,-0.41102448,-0.32455352,-634.74,-201.67,-25.727400119596865,8.59166058483066,-634.74,-201.67,-62.74912889169676,20.955060166401974,-45.0,-51.91464189701615,-18.45,-21.285003177776623,-0.5,6.914641897016153,19.272599880403135,26.18724177741929
32,120.0,-0.20250386,-0.41082066,-0.32336488,-648.96,-199.95,-26.022520195463063,8.729961444223175,-648.96,-199.95,-63.46892675673442,21.292375962460323,-45.0,-52.71126510033867,-18.45,-21.61161869113885,-0.5,7.711265100338672,18.977479804536937,26.68874490487561
32,2.0,-0.27444834,-0.17648081,-0.24568349,661.6500000000001,355.52,10.86484514676863,1.5733661941002597,282.29,-193.35,26.49935731296869,3.8374401474105326,38.0,53.23021522611705,15.579999999999998,9.46614920606006,0.5,-15.230215226117053,-27.13515485323137,-42.36537007934842
32,2.0,-0.27387014,-0.17551643,-0.24569191,282.29,-193.35,10.876456708712624,1.580866517954405,282.29,-193.35,26.52767791255009,3.8557334372907945,41.0,23.08816879526844,16.81,9.46614920606006,0.5,17.91183120473156,-30.123543291287376,-12.211712086555817
32,2.0,-0.27496371,-0.17454977,-0.24373071,287.47,-205.49,10.949264429211553,1.5870559263569248,287.47,-205.49,26.70525594284698,3.8708294043845406,41.0,23.511834934201776,16.81,9.639852323022728,0.5,17.488165065798224,-30.050735570788447,-12.562570504990223
32,3.0,-0.23572865,-0.31548223,-0.28257447,-344.4,-169.27,-14.434952587247778,2.8040328503994374,-344.4,-169.27,-35.20684936029733,6.839036122124227,-45.0,-28.168073020972933,-18.45,-11.548909938598902,-0.5,-16.831926979027067,30.56504741275222,13.733120433725155
32,3.0,-0.23925474,-0.31747925,-0.28265741,-444.17,-128.83,-14.52244483787092,2.8208820683595377,-444.17,-128.83,-35.420242959567176,6.880131364728912,-45.0,-36.32814458108464,-18.45,-14.894539278244704,-0.5,-8.671855418915356,30.47755516212908,21.805699743213722
32,3.0,-0.23983927,-0.31685144,-0.28123596,-349.04,-177.18,-14.571457675745023,2.839639440904932,-349.04,-177.18,-35.539785271142115,6.925880596367129,-45.0,-28.54757319175492,-18.45,-11.704505008619517,-0.5,-16.45242680824508,30.428542324254977,13.976115516009898
32,4.0,-0.24697782,-0.15515102,-0.23276408,426.18,-260.16,14.537822166664853,2.1638366111142204,426.18,-260.16,35.45774826449558,5.277597494507585,38.0,34.85676353100536,15.579999999999998,14.291273047712195,0.5,3.143236468994637,-23.462177833335147,-20.31894136434051
32,4.0,-0.24400137,-0.15451069,-0.23154999,434.05,-267.01,14.743778000588977,2.1750607716665518,434.05,-267.01,35.96007454343651,5.304973222094718,38.0,35.500441622396345,15.579999999999998,14.5551810651825,0.5,2.4995583776036554,-23.256221999411025,-20.75666362180737
32,4.0,-0.24312663,-0.15462635,-0.23216099,408.25,-253.95,14.826255413432024,2.1889307296115703,408.25,-253.95,36.16123695336071,5.33880204952262,41.0,33.39028981072068,16.81,13.690018822395478,0.5,7.609710189279319,-26.173744586567977,-18.56403439728866
32,5.0,-0.26476076,-0.1301969,-0.23505971,394.65,-233.35,16.976023496606857,2.727897103731844,394.65,-233.35,41.404521308224126,6.653341036001969,-45.0,32.27796172394591,-18.45,13.23396430681782,0.5,-77.27796172394591,61.97602349660686,-15.30193822733905
32,5.0,-0.26221564,-0.12944204,-0.23607108,395.52,-240.3,17.047145620645313,2.7469816251472627,395.52,-240.3,41.57798816875392,6.699888183734174,-45.0,32.34911800596752,-18.45,13.263138382446682,0.5,-77.34911800596751,62.04714562064531,-15.301972385322205
32,5.0,-0.26174602,-0.12960266,-0.23516043,400.58,-238.55,17.15407353568757,2.7663103829279656,400.58,-238.55,41.83878535354198,6.747031023961309,-31.0,32.76296948531167,-12.71,13.432817488977784,0.5,-63.76296948531167,48.15407353568757,-15.608895949624102
32,6.0,-0.3090145,-0.12713097,-0.24578062,451.12,-221.74,14.09187937830825,2.069399383477758,451.12,-221.74,34.37009380369382,5.047265096302253,-45.0,36.89657694895852,-18.45,15.127596549072992,0.5,-81.89657694895851,59.09187937830825,-22.80469757065027
32,6.0,-0.30880147,-0.12593281,-0.24457476,452.55,-228.45,14.223753172171996,2.079768225115771,452.55,-228.45,34.6917339869275,5.072554701057367,-45.0,37.01353497572968,-18.45,15.175549340049166,0.5,-82.01353497572967,59.223753172171996,-22.78978180355768
32,6.0,-0.31045106,-0.12548652,-0.24435772,454.54,-230.44,14.301367049768372,2.0925752929311443,454.54,-230.44,34.88103423438506,5.1037911394590605,-45.0,37.1762947472504,-18.45,15.242280846372664,0.5,-82.17629474725041,59.30136704976837,-22.87492769748203
32,7.0,-0.27305242,-0.15534705,-0.24385515,381.38,-226.95,12.904280960506526,1.55125627296772,381.38,-226.95,31.47354126267542,3.783514049768268,38.0,31.1926239510414,15.579999999999998,12.788975819926971,0.5,6.807376048958599,-25.095719039493474,-18.288342990534876
32,7.0,-0.2725127,-0.15450077,-0.24445151,381.89,-228.04,12.981316972057757,1.5601357072538633,381.89,-228.04,31.661432094848863,3.8051709899921695,38.0,31.234336254295453,15.579999999999998,12.806077864261136,0.5,6.765663745704547,-25.018683027942245,-18.253019282237695
32,7.0,-0.27271074,-0.15494616,-0.24315083,381.81,-231.95,13.093622398966488,1.5691133076007588,381.81,-231.95,31.935345031079265,3.827067357238251,38.0,31.22779314790266,15.579999999999998,12.803395190640089,0.5,6.772206852097341,-24.906377601033512,-18.13417074893617
32,8.0,-0.28694692,-0.13188691,-0.23581746,455.61,-177.48,14.1243392112558,2.141325529914411,455.61,-177.48,34.4492633362529,5.222692967461249,38.0,37.26380879525401,15.579999999999998,15.278161606054145,0.5,0.7361912047459924,-23.8756607887442,-23.139469583998206
32,8.0,-0.28570664,-0.1322933,-0.23640917,454.51,-177.47,14.1263145590753,2.153541738804355,454.51,-177.47,34.45408120958466,5.252488300943821,41.0,37.17384108235311,16.81,15.241274843764772,0.5,3.826158917646893,-26.8736854409247,-23.047526523277806
32,8.0,-0.28790548,-0.13272025,-0.23711021,453.36,-179.5,14.27515319847737,2.167130932983355,453.36,-179.5,34.817098651086305,5.285632345546404,41.0,37.07978392795671,16.81,15.202711410462252,0.5,3.9202160720432886,-26.72484680152263,-22.804630729479342
32,9.0,-0.25036716,-0.14191628,-0.23634414,530.23,-260.54,17.02672497431184,2.672978822068369,530.23,-260.54,41.52818221234658,6.519395347024751,-45.0,43.36689128313148,-18.45,17.780425426083905,0.5,-88.36689128313148,62.02672497431184,-26.34016630881964
32,9.0,-0.25032786,-0.1401993,-0.23531182,536.69,-264.63,17.078665736234512,2.6913970408662093,536.69,-264.63,41.65486573067598,6.564317382672687,-45.0,43.8952471243495,-18.45,17.997051320983296,0.5,-88.89524712434951,62.07866573623451,-26.81658138811499
32,9.0,-0.24975309,-0.13772391,-0.23433079,540.6500000000001,-257.5,17.183728108459086,2.7100473634590854,540.6500000000001,-257.5,41.91111285653171,6.6098055194767085,-45.0,44.21913089079274,-18.45,18.12984366522502,0.5,-89.21913089079274,62.183728108459086,-27.035402782333655
32,10.0,-0.22237234,-0.13381614,-0.23939671,617.03,-249.01,20.748731370836595,3.367952843894386,617.03,-249.01,50.60615581347046,8.21443698625841,-31.0,50.46616171931164,-12.71,20.691126304917773,0.5,-81.46616171931164,51.748731370836595,-29.717430348475048
32,10.0,-0.22252354,-0.1312307,-0.23768361,624.31,-248.97,20.902848121494003,3.3958913270543576,624.31,-248.97,50.982046568323874,8.282578946685579,-31.0,51.06158440105578,-12.71,20.93524960443287,0.5,-82.06158440105578,51.902848121494,-30.15873627956178
32,10.0,-0.2234595,-0.13108988,-0.23790269,642.29,-256.76,21.058824167334198,3.4242173990121785,642.29,-256.76,51.3624721441281,8.351666236190706,-31.0,52.438499352589126,-12.71,21.49978473456154,0.5,-83.43849935258913,52.058824167334194,-31.37967518525493
32,12.0,-0.24094056,-0.16192782,-0.241706,467.46,-238.75,14.475231745315751,2.2599774385684634,467.46,-238.75,35.30509022682512,5.512084972668481,-45.0,38.23300642968644,-18.45,15.67553263617144,0.5,-83.23300642968644,59.47523174531575,-23.757774684370688
32,12.0,-0.24026018,-0.16276225,-0.24246855,467.68000000000006,-237.49,14.552145660249227,2.273465154856231,467.68000000000006,-237.49,35.49268326534787,5.544981512694347,-45.0,38.25099997226663,-18.45,15.682909988629316,0.5,-83.25099997226663,59.552145660249224,-23.6988543120174
32,12.0,-0.24153095,-0.16263713,-0.24445318,468.75,-236.9,14.560265969693658,2.287103592989096,468.75,-236.9,35.512488700082834,5.578245663300407,-45.0,38.33851402027023,-18.45,15.718790748310791,0.5,-83.33851402027022,59.56026596969366,-23.778248050576572
32,13.0,-0.31074023,-0.14538693,-0.24576655,380.22,-193.24,11.765888851973989,1.8844309777575283,380.22,-193.24,28.697002909964556,4.596127154750613,32.0,31.09774890834591,13.12,12.750077052421824,0.5,0.9022510916540902,-20.23411114802601,-19.331860056371923
32,13.0,-0.31087631,-0.14613481,-0.24720985,382.6,-190.37,11.82049804973399,1.894160281288868,382.6,-190.37,28.8301947433012,4.61985692606355,32.0,31.29240632353149,13.12,12.829886592647911,0.5,0.7075936764685089,-20.17950195026601,-19.471908273797503
32,13.0,-0.31317502,-0.14464898,-0.24803738,384.31,-196.13,11.869332891885838,1.9030034326270249,384.31,-196.13,28.94930292330956,4.641425372177315,32.0,31.432265222677437,13.12,12.887228741297749,0.5,0.5677347773225634,-20.13066710811416,-19.562932330791597
32,14.0,-0.29330191,-0.14469205,-0.24017958,366.29,-202.61,11.458985794803228,1.889035896761388,366.29,-202.61,27.948466353525077,4.607358552201026,32.0,29.95843050770086,13.12,12.282956508157351,0.5,2.041569492299139,-20.541014205196774,-18.499444712897635
32,14.0,-0.29587579,-0.14487348,-0.2470648,364.43,-207.15,11.5065175434485,1.8978073886090476,364.43,-207.15,28.06439628847089,4.628752220817468,23.0,29.80630328406843,9.43,12.220584346468057,0.5,-6.806303284068431,-11.4934824565515,-18.29978574061993
32,14.0,-0.29452419,-0.14547388,-0.24641645,364.9,-218.6,11.472975346310344,1.9076472486378453,364.9,-218.6,27.98258686965093,4.652751639427706,23.0,29.844744034126087,9.43,12.236345053991696,0.5,-6.844744034126087,-11.527024653689656,-18.371768687815745
32,15.0,-0.22543798,-0.15517525,-0.24589805,399.76,-284.18,15.322957397378016,2.5247187439318584,399.76,-284.18,37.37269309220498,6.157789016449804,-45.0,32.69590264478555,-18.45,13.405320084362074,0.5,-77.69590264478555,60.32295739737802,-17.372945247407532
32,15.0,-0.22332105,-0.15595718,-0.24609868,402.71,-285.1,15.447571154808369,2.543337137022071,402.71,-285.1,37.67662604657761,6.203199277196834,-45.0,32.93717969301978,-18.45,13.504243674138108,0.5,-77.93717969301977,60.44757115480837,-17.48960853821141
32,15.0,-0.22381672,-0.15520905,-0.24581,406.91,-283.22,15.539881341285902,2.558765803938392,406.91,-283.22,37.90177059139632,6.2408297958057375,-45.0,33.280692778641395,-18.45,13.64508403924297,0.5,-78.2806927786414,60.539881341285906,-17.740811437355493
32,16.0,-0.25912476,-0.12989682,-0.24674469,544.3199999999999,-242.88,17.763393414784197,3.001611548780809,544.3199999999999,-242.88,43.324916538658655,7.320930567476392,-31.0,44.5192958965621,-12.71,18.25291131759046,0.5,-75.5192958965621,48.7633934147842,-26.755902481777902
32,16.0,-0.25983563,-0.12881364,-0.24538553,550.2,-246.55,17.84714976131089,3.0271261869806967,550.2,-246.55,43.52919826783727,7.383160770045919,-31.0,45.00021421643238,-12.71,18.450087828737274,0.5,-76.00021421643238,48.84714976131089,-27.15306445512149
32,16.0,-0.26126376,-0.1287163,-0.24405803,553.19,-250.22,17.93823248355775,3.0483036817949563,553.19,-250.22,43.75134902739735,7.434812679897899,-31.0,45.24476281786301,-12.71,18.55035275532384,0.5,-76.244762817863,48.938232483557755,-27.30653033430526
32,17.0,-0.25634009,-0.16022342,-0.2512646,340.49,-218.99,12.121000873038208,1.4984274023619024,340.49,-218.99,29.56312112934019,3.654664434360681,25.0,27.848278696025197,10.25,11.417794265370327,0.5,-2.848278696025197,-12.878999126961792,-15.72727782298699
32,17.0,-0.25544989,-0.1590261,-0.25139397,348.78,-218.16,12.29514379408332,1.5078533843387474,348.78,-218.16,29.987855713769218,3.6776544044022046,25.0,28.52630809597834,10.25,11.695786319351118,0.5,-3.52630809597834,-12.70485620591668,-16.23116430189502
32,17.0,-0.25558791,-0.15898007,-0.24999948,389.31,-219.01,12.356840528317186,1.5156520098299984,389.31,-219.01,30.138334048565618,3.696675251975368,25.0,31.841209372226984,10.25,13.054895842613062,0.5,-6.841209372226984,-12.643159471682814,-19.4843688439098
32,18.0,-0.22320467,-0.38949737,-0.28299573,-493.78,-177.96,-21.017134764962787,3.186527778883862,-493.78,-177.96,-51.26079169174424,7.77194125269774,-45.0,-40.38568843291526,-18.45,-16.558132257495256,-0.5,-4.614311567084741,23.982865235037213,19.368553667952472
32,18.0,-0.22619089,-0.39004323,-0.28267092,-513.96,-177.99,-21.164666710812952,3.2115181360162666,-513.96,-177.99,-51.6206221076728,7.832892733743677,-45.0,-42.036187020497245,-18.45,-17.23483667840387,-0.5,-2.9638129795027552,23.835333289187048,20.871520309684293
32,18.0,-0.22757536,-0.38978848,-0.28159943,-549.74,-174.52,-21.348932483186285,3.236850337727038,-549.74,-174.52,-52.07004632649135,7.894677973716245,-45.0,-44.96259135467382,-18.45,-18.434662455416262,-0.5,-0.037408645326181045,23.651067516813715,23.613658871487534
32,19.0,-0.21702138,-0.14202523,-0.25645262,325.70000000000005,-103.14,17.015614202391337,3.488140915176147,325.70000000000005,-103.14,41.50108303963247,8.507575692114624,-31.0,26.638621901657626,-12.71,10.921834979679623,0.5,-57.63862190165763,48.01561420239133,-9.623007699266289
32,19.0,-0.21737316,-0.14247632,-0.25688374,332.75,-107.9,17.12633229293977,3.514239557549403,332.75,-107.9,41.7711244624801,8.571230280862995,-31.0,27.21523315252249,-12.71,11.15824559253422,0.5,-58.21523315252249,48.12633229293977,-10.088900859582719
32,19.0,-0.21866135,-0.13980828,-0.25627822,345.95000000000005,-122.94,17.238810108204067,3.5406939939552204,345.95000000000005,-122.94,42.04545785390972,8.635752651256784,-31.0,28.294845707333295,-12.71,11.600886740006652,0.5,-59.294845707333295,48.23881010820406,-11.056035599129228
32,20.0,-0.24985352,-0.3440015,-0.27743092,-556.0899999999999,-90.89,-16.34807625346202,2.456256478302304,-556.0899999999999,-90.89,-39.87295798219387,5.990809550579321,-42.0,-45.48195042460174,-17.22,-18.647599674086717,-0.5,3.4819504246017416,25.65192374653798,29.133874171139723
32,20.0,-0.24970371,-0.3442277,-0.2777735,-553.98,-95.05,-16.391745029936658,2.473496891585982,-553.98,-95.05,-39.97946612801551,6.03285891857821,-42.0,-45.30937599349184,-17.22,-18.576844157331653,-0.5,3.309375993491841,25.608254970063342,28.917630963555183
32,20.0,-0.25167492,-0.34688219,-0.27676356,-552.96,-91.69,-16.427100301535578,2.489356670079424,-552.96,-91.69,-40.06569763544528,6.071540918323716,-42.0,-45.22595138698373,-17.22,-18.542640068663328,-0.5,3.2259513869837306,25.572899698464422,28.798851085448153
32,21.0,-0.23591109,-0.31120747,-0.28756672,-453.33,-221.53,-17.547529071334157,2.718951542299197,-453.33,-221.53,-42.79842340498401,6.631522811667743,-42.0,-37.07733026305941,-17.22,-15.201705407854355,-0.5,-4.922669736940591,24.452470928665843,19.52980119172525
32,21.0,-0.23374265,-0.30917838,-0.28732118,-555.75,-175.24,-17.655774228752186,2.7378146409987183,-555.75,-175.24,-43.062433343926585,6.677529909395876,-42.0,-45.45414222243237,-17.22,-18.636198311197276,-0.5,3.454142222432367,24.344225771247814,27.79836799368018
32,21.0,-0.23405227,-0.3070468,-0.28819931,-436.86,-198.56,-17.67342453785781,2.754997347956224,-436.86,-198.56,-43.10548244783519,6.719438531665229,-42.0,-35.7302682344432,-17.22,-14.649409976121712,-0.5,-6.269731765556799,24.32657546214219,18.056843696585393
32,22.0,-0.24405363,-0.15078428,-0.24543239,561.49,10.22999999999999,17.016900487236303,2.771272214182905,561.49,10.22999999999999,41.50422028836935,6.759132930392106,-31.0,45.923610106115255,-12.71,18.828680143507253,0.5,-76.92361010611526,48.0169004872363,-28.906709618878953
32,22.0,-0.24385871,-0.15264736,-0.24605928,316.6,-96.0,17.055718646251034,2.79136079158645,316.6,-96.0,41.59889777820627,6.808128970679352,-31.0,25.89434354947745,-12.71,10.616680855285754,0.5,-56.894343549477455,48.05571864625104,-8.838624903226417
32,22.0,-0.24452867,-0.15277927,-0.24565397,316.98,-114.63,17.176611763372463,2.813759775210298,316.98,-114.63,41.89375609086544,6.862760091737915,-31.0,25.92542330484321,-12.71,10.629423554985715,0.5,-56.92542330484321,48.17661176337246,-8.748811541470747
32,23.0,-0.25006214,-0.3159861,-0.2946232,-179.85000000000002,-139.64,-14.822156822458457,2.214034307654197,,,-36.151240489976175,5.400029676368588,-42.0,-14.70972105929728,-17.22,,-0.5,-27.29027894070272,27.177843177541543,-0.11243576316117654
32,23.0,-0.24791726,-0.31627631,-0.29469481,-110.92000000000002,-140.03,-14.906266779720664,2.228241036562082,,,-36.3563846757387,5.434679888174919,-42.0,-9.072017013607196,-17.22,,-0.5,-32.927982986392806,27.093733220279336,-5.834249766113468
32,23.0,-0.24574357,-0.3164351,-0.29476437,-74.74000000000001,-111.79,-14.8446291317313,2.241303290110922,,,-36.20605045229264,5.466538724580541,-42.0,-6.11289714746666,-17.22,,-0.5,-35.88710285253334,27.155370868268697,-8.731731984264641
32,24.0,-0.29318345,-0.19643334,-0.24668139,144.16999999999996,-177.19,5.057850577688957,1.251261717261269,,,12.336097558983369,3.0518273284002357,20.0,11.791495608111692,8.2,,0.5,8.208504391888308,-14.942149422311044,-6.733645030422735
32,24.0,-0.29354969,-0.1984652,-0.24836431,140.08000000000004,-179.76,5.102854641376408,1.2553813477430382,,,12.445862470317058,3.061875107145271,20.0,11.45697929378017,8.2,,0.5,8.54302070621983,-14.897145358623593,-6.354124652403763
32,24.0,-0.29455996,-0.1988398,-0.24655755,130.33000000000004,-163.97,4.999270038495914,1.2604484059409642,,,12.193219623891537,3.074233662090012,20.0,10.659538202158547,8.2,,0.5,9.340461797841453,-15.000729961504085,-5.660268163662633
