Participant,trigger_no,fzd_hands0_fingerTip_coordinates_x,fzd_hands0_fingerTip_coordinates_y,fzd_hands0_fingerTip_coordinates_z,eyegaze_new_coordinates_x,eyegaze_new_coordinates_y,angle_center,Buidling_half_width,eyegaze_new_coordinates_x_without_tablet_&_road_gazes,eyegaze_new_coordinates_y_without_tablet_&_road_gazes,angle_center_scaled,Buidling_half_width_scaled,horizontal_angle_finger_pointing_unscaled,eyegaze_horiz_angle_x,horizontal_angle_finger_pointing,eyegaze_horiz_angle_x_scaled_without_tablet,side,difference,D_p,D_g
33,49.0,-0.31836027,-0.1142637,-0.22145942,395.69000000000005,-106.5,12.098020861332971,5.479252045693152,395.69000000000005,-106.5,29.50707288079112,13.363895739445596,32.0,31.12241860662864,13.44,12.448967442651458,0.5,0.8775813933713614,-19.90197913866703,-19.024397745295666
33,49.0,-0.31773064,-0.11588173,-0.22211562,402.3,-122.85,12.15267661820602,5.519763867933245,402.3,-122.85,29.640378271804483,13.462704073889183,32.0,31.64231849540473,13.44,12.656927398161892,0.5,0.35768150459526993,-19.84732338179398,-19.48964187719871
33,49.0,-0.31679517,-0.11458187,-0.21923661,360.76,-140.72,12.290578498083349,5.561078512357456,360.76,-140.72,29.97672095682529,13.563470491639835,32.0,28.375050510569757,13.44,11.350020204227905,0.5,3.624949489430243,-19.70942150191665,-16.08447201248641
33,50.0,-0.30873847,-0.07411707,-0.21513671,429.68000000000006,-82.03999999999999,15.31766001829362,5.514723311414005,429.68000000000006,-82.03999999999999,37.35977278461814,13.45041015653876,45.0,33.79585237659833,18.9,13.518340950639336,0.5,11.204147623401667,-29.68233998170638,-18.478192358304714
33,50.0,-0.30758947,-0.07117629,-0.21392103,436.3299999999999,-100.23,15.4912952152681,5.573725877715698,436.3299999999999,-100.23,37.783269030038895,13.59431741574859,45.0,34.31889840691014,18.9,13.727559362764056,0.5,10.681101593089863,-29.5087047847319,-18.827603191642037
33,50.0,-0.30651957,-0.07188062,-0.2139703,418.1700000000001,-122.9,15.70970901956542,5.6339382769631206,418.1700000000001,-122.9,38.31598029872006,13.74117545751305,45.0,32.89055014969774,18.9,13.156220059879097,0.5,12.109449850302262,-29.29029098043458,-17.18084113013232
33,51.0,-0.29786983,-0.34093589,-0.23796949,-409.1,-306.77,-16.04767010679929,4.6120329138775045,-409.1,-306.77,-39.14026739048347,11.248748276947234,-15.0,-32.17716255647546,-6.3,-12.870865022590184,-0.5,17.17716255647546,-1.0476701067992913,16.129492449676167
33,51.0,-0.30001044,-0.34514749,-0.23705821,-414.23,-311.1,-16.197788147178326,4.648318109427443,-414.23,-311.1,-39.50640529096794,11.337247868893533,-15.0,-32.580655208430294,-6.3,-13.032262083372116,-0.5,17.580655208430294,-1.1977881471783256,16.382867061251968
33,51.0,-0.2979182,-0.34471676,-0.23820682,-368.38,-303.1,-16.343741513661243,4.693368747871755,-368.38,-303.1,-39.86238555181977,11.447126376059211,-15.0,-28.974390473122536,-6.3,-11.589756189249016,-0.5,13.974390473122536,-1.343741513661243,12.630648959461293
33,51.0,-0.29099774,-0.1099453,-0.2233749,549.0,-187.45,-64.9857704835776,16.006173779637034,549.0,-187.45,-158.50029420944577,39.039057848534725,-31.0,43.18079257762168,-13.02,17.272317031048672,-0.5,-74.18079257762167,-33.985770483577596,-108.16656306119927
33,51.0,-0.30280891,-0.10433294,-0.2216021,566.96,-195.25,-66.67333290575569,16.306070696011258,566.96,-195.25,-162.61625895713811,39.77050642757146,45.0,44.593410127155536,18.9,17.837364050862217,-0.5,0.4065898728444637,-111.67333290575569,-111.26674303291122
33,51.0,-0.30463451,-0.10438279,-0.22235563,564.1199999999999,-198.8,-68.70259542379597,16.65066098742106,564.1199999999999,-198.8,-167.56563023863836,40.61096214831996,45.0,44.3700340781201,18.9,17.74801363124804,-0.5,0.6299659218799007,-113.70259542379597,-113.07262950191607
33,54.0,-0.33706591,-0.15103492,-0.21161586,235.9,-242.35,9.53825955132602,5.098725840203378,,,23.263815045684165,12.435792324256038,32.0,18.554369706850547,13.44,,0.5,13.445630293149453,-22.46174044867398,-9.016110155524528
33,54.0,-0.33865872,-0.15148929,-0.21210325,239.03,-234.06,9.60610242652999,5.134278116298808,,,23.429283818306647,12.522504325652791,25.0,18.800555282019868,10.5,,0.5,6.199444717980132,-15.39389757347001,-9.194452855489878
33,54.0,-0.33760563,-0.15074156,-0.21319684,237.67,-208.82,9.6681093568823,5.166696067227649,,,23.58051872143593,12.601571707968237,25.0,18.693586469805723,10.5,,0.5,6.306413530194277,-15.3318906431177,-9.025477112923422
33,55.0,-0.33755532,-0.28928593,-0.22407356,-180.44,-263.98,-8.113556016871943,3.0307744109616266,,,-19.78896312515067,7.392058788335407,-15.0,-14.192244467588443,-6.3,,-0.5,-0.8077555324115568,6.886443983128057,6.0786884507165
33,55.0,-0.32905897,-0.29015338,-0.22538102,-185.93,-266.5,-8.161928608602276,3.045843360880962,,,-19.90694387638095,7.428811957188667,-15.0,-14.62405239336466,-6.3,,-0.5,-0.3759476066353393,6.838071391397724,6.462123784762385
33,55.0,-0.32828909,-0.29212174,-0.22243641,-190.49,-264.69,-8.245792283634362,3.0610488975013497,,,-20.111487379784208,7.465898261005792,-15.0,-14.982712528435618,-6.3,,-0.5,-0.017287471564381818,6.754207716365638,6.736920244801256
33,56.0,-0.35816717,-0.11253929,-0.21308985,340.84000000000003,-189.16,10.944842147151451,4.06269948551809,340.84000000000003,-189.16,26.694469996902395,9.908924045178624,32.0,26.80827202578611,13.44,10.723308810314444,0.5,5.19172797421389,-21.05515785284855,-15.863429878634658
33,56.0,-0.35827908,-0.11224268,-0.21243037,344.71000000000004,-188.39,11.09172265338472,4.099261006701143,344.71000000000004,-188.39,27.05271155160533,9.998097595344088,32.0,27.112661219366064,13.44,10.845064487746429,0.5,4.887338780633936,-20.90827734661528,-16.020938565981346
33,56.0,-0.35755891,-0.11311562,-0.21130548,343.71000000000004,-185.09,11.226137718238558,4.133051571740273,343.71000000000004,-185.09,27.380549894783844,10.080512783474523,32.0,27.03400768097331,13.44,10.813603072389324,0.5,4.9659923190266895,-20.773862281761442,-15.807869962734753
33,57.0,-0.3751345,-0.14302008,-0.20454885,287.33000000000004,-212.77,8.622536830177086,3.2320915165168014,287.33000000000004,-212.77,21.03036732880192,7.88307120878448,18.0,22.599521186389868,7.56,9.039808474555947,0.5,-4.599521186389868,-9.377463169822914,-13.976984356212782
33,57.0,-0.37695786,-0.14233166,-0.2049531,299.16,-212.96,8.758345200365357,3.2555177388197647,299.16,-212.96,21.361603943691104,7.940207764981405,18.0,23.529992545576132,7.56,9.411997018230457,0.5,-5.529992545576132,-9.241654799634643,-14.771647345210775
33,57.0,-0.37665281,-0.14084812,-0.20300834,305.94000000000005,-223.06,8.859747998904558,3.274947915326345,305.94000000000005,-223.06,21.60892536932821,7.987597965480956,18.0,24.063263535879013,7.56,9.625305414351606,0.5,-6.063263535879013,-9.140252001095442,-15.203515536974455
33,58.0,-0.3502031,-0.11181394,-0.20050099,355.5,-189.29,12.274859319322712,6.547560176098736,355.5,-189.29,29.938381879828093,15.969499269504816,32.0,27.961332898623876,13.44,11.18453315944955,0.5,4.038667101376124,-19.72514068067729,-15.686473579301165
33,58.0,-0.35589206,-0.11161992,-0.19869287,364.65,-197.32,12.368962450973427,6.611474620760139,364.65,-197.32,30.167899417924197,16.12538660003398,32.0,28.68101277491757,13.44,11.472405109967028,0.5,3.318987225082431,-19.631037549026573,-16.312050323944142
33,58.0,-0.35511976,-0.10891745,-0.19739729,363.84,-204.4,12.427075764856223,6.670605068425098,363.84,-204.4,30.309637790484327,16.269605761888815,32.0,28.61730340881944,13.44,11.446921363527778,0.5,3.3826965911805615,-19.572924235143777,-16.190227643963215
33,59.0,-0.38643369,-0.14989425,-0.21086262,237.24,-237.95,8.000188117738388,3.095075362967517,,,19.51245881916393,7.548888810277774,9.0,18.659765448296845,3.78,,0.5,-9.659765448296845,-0.9998118822616124,-10.659577330558458
33,59.0,-0.38546291,-0.14904962,-0.21196097,234.79999999999995,-242.95,8.05118659175654,3.1146655219517627,,,19.6368440972942,7.59666920804035,9.0,18.46785081461852,3.78,,0.5,-9.467850814618519,-0.9488134082434598,-10.416664222861979
33,59.0,-0.38513824,-0.14963761,-0.21080984,235.23,-239.23,8.047213470445447,3.134508373007391,,,19.62715365441645,7.645065921765027,9.0,18.50167183612741,3.78,,0.5,-9.50167183612741,-0.9527865295545528,-10.454458365681964
33,60.0,-0.37797108,-0.11238719,-0.20699126,370.73,-259.63,11.29046612800313,4.246767389469069,370.73,-259.63,27.53744688619964,10.357865662915058,23.0,29.159226288345515,9.66,11.663690515338208,0.5,-6.159226288345515,-11.70953387199687,-17.868760160342383
33,60.0,-0.37648144,-0.11236127,-0.20640691,374.97,-264.78,11.429927501030477,4.282968425874444,374.97,-264.78,27.87759317501333,10.446159990707768,23.0,29.492717291130788,9.66,11.797086916452317,0.5,-6.492717291130788,-11.570072498969523,-18.06278979010031
33,60.0,-0.37260512,-0.10980438,-0.2045265,377.52,-255.94,11.530324945399183,4.319782335976649,377.52,-255.94,28.12246254182861,10.535949117447046,25.0,29.6932838140323,10.5,11.87731352561292,0.5,-4.6932838140322986,-13.469675054600817,-18.162958868633115
33,61.0,-0.3784537,-0.11692379,-0.21047008,265.74,-295.71,9.85268481016104,4.632170300653073,265.74,-295.71,24.030698251982777,11.297863363292844,20.0,20.90139129249032,8.4,8.360556516996128,0.5,-0.9013912924903202,-10.14731518983896,-11.04870648232928
33,61.0,-0.38076821,-0.11747152,-0.21022032,273.0,-288.31,9.86498426850208,4.670856095906767,273.0,-288.31,24.06069663087657,11.392218017916605,20.0,21.472415981221708,8.4,8.588966392488684,0.5,-1.4724159812217081,-10.13501573149792,-11.607431712719627
33,61.0,-0.37743565,-0.11671525,-0.20912679,283.33000000000004,-291.33,9.88342958311271,4.702933310523896,283.33000000000004,-291.33,24.1056847532119,11.470454344367782,23.0,22.28490703281885,9.66,8.913962813127542,0.5,0.7150929671811497,-13.11657041688729,-12.40147744970614
33,62.0,-0.33891422,-0.09909263,-0.22488362,393.43000000000006,-256.13,12.924100558111968,4.791318788517585,393.43000000000006,-256.13,31.52188126123509,11.686026525194391,37.0,30.94466160986101,15.54,12.377864643944406,0.5,6.055338390138989,-24.075899441888033,-18.02056105174904
33,62.0,-0.3405503,-0.0960543,-0.22363327,397.29,-257.83,13.095468788338026,4.832376757370078,397.29,-257.83,31.939848374756448,11.78616691122562,38.0,31.24826426805704,15.96,12.499305707222817,0.5,6.751735731942961,-24.904531211661975,-18.15279547971901
33,62.0,-0.34229255,-0.09495096,-0.22264619,403.75,-253.17,13.220051189301032,4.869444642750425,403.75,-253.17,32.243704850705214,11.876575483668288,38.0,31.75636612607423,15.96,12.702546450429692,0.5,6.24363387392577,-24.77994881069897,-18.5363149367732
33,63.0,-0.30646977,-0.34304374,-0.24324805,-385.49,-215.29,-15.67438207950788,4.428219319726491,-385.49,-215.29,-38.22981789191972,10.80042692081291,-15.0,-30.32015251502255,-6.3,-12.12806100600902,-0.5,15.32015251502255,-0.6743820795078808,14.645770435514669
33,63.0,-0.30824658,-0.34884533,-0.24547136,-391.78,-224.49,-15.820591669016654,4.465643017765089,-391.78,-224.49,-38.58642308073162,10.891703320329052,-15.0,-30.814883271512965,-6.3,-12.325953308605186,-0.5,15.814883271512965,-0.8205916690166539,14.994291602496311
33,63.0,-0.31014487,-0.35073638,-0.24438497,-394.5,-240.49,-15.940585457812348,4.503653612398633,-394.5,-240.49,-38.87908793160432,10.984411160640269,-15.0,-31.02882089594126,-6.3,-12.411528358376504,-0.5,16.02882089594126,-0.9405854578123485,15.08823543812891
33,64.0,-0.33050713,-0.33688608,-0.2348813,-352.79,-310.23,-13.68022385867196,4.421664646954841,-352.79,-310.23,-33.366065991300914,10.784440073922855,-15.0,-27.748181809579517,-6.3,-11.099272723831806,-0.5,12.748181809579517,1.31977614132804,14.067957950907557
33,64.0,-0.32982284,-0.33718419,-0.23528425,-355.91,-318.2,-13.761687110219691,4.456130691154524,-355.91,-318.2,-33.56475486182583,10.868502755725885,-15.0,-27.993580849364903,-6.3,-11.197432339745962,-0.5,12.993580849364903,1.2383128897803086,14.231893739145212
33,64.0,-0.32839334,-0.33673647,-0.2344007,-356.02,-321.05,-13.946950236850842,4.498895753719345,-356.02,-321.05,-34.016611627679204,10.972806743321485,-15.0,-28.002232738588106,-6.3,-11.20089309543524,-0.5,13.002232738588106,1.0530497631491578,14.055282501737263
33,66.0,-0.3589783,-0.12819363,-0.21113282,277.6,-205.74,10.022902681063789,3.7099563369570103,277.6,-205.74,24.44585963911458,9.048583505838147,20.0,21.83422225782838,8.4,8.733688903131352,0.5,-1.8342222578283796,-9.977097318936211,-11.81131957676459
33,66.0,-0.35992792,-0.12599835,-0.2107061,282.47,-202.47,10.072475133446074,3.739858422566543,282.47,-202.47,24.566766850474977,9.1215146926398,23.0,22.217264989801087,9.66,8.886905995920435,0.5,0.7827350101989126,-12.927524866553926,-12.144789856355013
33,66.0,-0.35994053,-0.12594309,-0.20897724,289.6,-208.8,10.143325801770736,3.7671519017831536,289.6,-208.8,24.739571630518824,9.188083488449111,23.0,22.778064718541422,9.66,9.11122588741657,0.5,0.22193528145857755,-12.856674198229264,-12.634738916770687
33,67.0,-0.2769008,-0.33200368,-0.22565754,-373.36,-406.65,-14.772501292175589,4.539931601615014,,,-36.03013065161626,11.07289317633902,-33.0,-29.366085094318453,-13.86,,-0.5,-3.6339149056815465,18.22749870782441,14.593583802142865
33,67.0,-0.27186748,-0.32833052,-0.22750704,-380.46,-405.83,-14.93347978472597,4.579704806180419,,,-36.42275719494664,11.16990002227404,-34.0,-29.924525216907004,-14.28,,-0.5,-4.0754747830929965,19.066520215274032,14.991045432181034
33,67.0,-0.27186748,-0.32833052,-0.22750704,-385.75,-407.53,-15.094760437520735,4.616051253551619,,,-36.81612070711307,11.2585490074124,-34.0,-30.340602435004666,-14.28,,-0.5,-3.6593975649953343,18.905239562479267,15.24584199748393
33,68.0,-0.36182892,-0.20398505,-0.29016575,-294.05,-332.38,-11.32820775390758,3.659564019956093,-294.05,-332.38,-27.629498711780585,8.92567664467291,-8.0,-23.12807296438917,-3.36,-9.251229185755667,-0.5,15.128072964389169,-3.3282077539075807,11.799865210481588
33,68.0,-0.35859683,-0.25952673,-0.26238525,-295.94,-338.26,-11.418836516693352,3.686342398834637,-295.94,-338.26,-27.85054226421509,8.990989110757681,-18.0,-23.276728151951477,-7.56,-9.31069126078059,-0.5,5.2767281519514775,6.581163483306648,11.857891635258126
33,68.0,-0.34119061,-0.2930496,-0.24221337,-300.31,-347.13,-11.452050733093492,3.7162484795651887,-300.31,-347.13,-27.93155173801503,9.063930041659496,-18.0,-23.620444114727807,-7.56,-9.448177645891125,-0.5,5.620444114727807,6.5479492669065085,12.168393381634315
33,69.0,-0.344762,-0.11705653,-0.20712236,395.5700000000001,-285.75,11.512562080994504,4.507093813196468,395.5700000000001,-285.75,28.079138915545595,10.992801810386185,32.0,31.112980182021506,13.44,12.445192072808602,0.5,0.8870198179784943,-20.487437919005494,-19.600418101027003
33,69.0,-0.33991012,-0.11935817,-0.20552534,399.1,-289.41,11.659570123486402,4.543744283219381,399.1,-289.41,28.437691531183336,11.082192306772068,32.0,31.390627172547926,13.44,12.556250869019172,0.5,0.6093728274520736,-20.340429876513596,-19.731057049061526
33,69.0,-0.33882552,-0.11892412,-0.20334964,405.72,-287.35,11.86162021441841,4.59346579744234,405.72,-287.35,28.930491702966503,11.203463079961868,38.0,31.91131359670796,15.96,12.764525438683185,0.5,6.088686403292041,-26.13837978558159,-20.049693382289547
33,70.0,-0.35530147,-0.13499492,-0.20949198,266.57000000000005,-219.61,10.086741622183158,3.866439455458488,266.57000000000005,-219.61,24.601562816504725,9.430245831863251,25.0,20.966673729356305,10.5,8.386669491742522,0.5,4.033326270643695,-14.913258377816842,-10.879932107173147
33,70.0,-0.35204813,-0.13761766,-0.20936778,269.58000000000004,-224.86,10.094116924523457,3.899769638198985,269.58000000000004,-224.86,24.619551178912708,9.511538147567324,25.0,21.203420879918493,10.5,8.481368351967397,0.5,3.796579120081507,-14.905883075476543,-11.109303955395037
33,70.0,-0.35447532,-0.13619485,-0.20521195,271.74,-228.41,10.167155021314908,3.927458973623,271.74,-228.41,24.797691096987062,9.579072436666497,25.0,21.37331252284684,10.5,8.549325009138737,0.5,3.6266874771531583,-14.832844978685092,-11.206157501531933
33,71.0,-0.3644596,-0.34951189,-0.22724688,-266.38,-353.09000000000003,-12.009258722093476,3.9288272373788815,-266.38,-353.09000000000003,-29.290582023185987,9.582409631967096,-15.0,-20.95172955706168,-6.3,-8.380691822824673,-0.5,5.951729557061679,2.9907412779065243,8.942470834968203
33,71.0,-0.36548647,-0.35299179,-0.22673517,-307.73,-359.33000000000004,-12.073404038438058,3.9595336444260822,-307.73,-359.33000000000004,-29.447032449750424,9.657302558755216,-15.0,-24.20405336960204,-6.3,-9.681621347840816,-0.5,9.20405336960204,2.926595961561942,12.130649331163982
33,71.0,-0.36624491,-0.35641062,-0.22576265,-320.38,-356.59000000000003,-12.235596161626368,3.9906934051047536,-320.38,-356.59000000000003,-29.84261903820671,9.733301215050492,-15.0,-25.19902063027037,-6.3,-10.07960825210815,-0.5,10.199020630270368,2.7644038383736316,12.963424468644
33,72.0,-0.28885701,-0.33478981,-0.23357387,-360.9,-445.56,-13.867878454220774,4.277386240327783,-327.98,-289.6,-33.82375554984447,10.43254504015946,-26.0,-28.386062005944737,-10.92,-10.31871500882212,-0.5,2.386062005944737,12.132121545779226,14.518183551723963
33,72.0,-0.28984749,-0.33718917,-0.23094243,-327.98,-289.6,-13.97277494528637,4.313077076394649,-327.98,-289.6,-34.07959809155346,10.51959498932655,-26.0,-25.796787522055297,-10.92,-10.31871500882212,-0.5,-0.2032124779447031,12.02722505471363,11.824012576768927
33,72.0,-0.28803632,-0.33576983,-0.23056187,-331.07,-313.53,-14.136709969718147,4.352936171823069,-331.07,-313.53,-34.47943561614256,10.616811323076464,-26.0,-26.039826955688905,-10.92,-10.415930782275565,-0.5,0.039826955688905485,11.863290030281853,11.903116985970758
33,73.0,-0.38915294,-0.14175878,-0.2459166,171.75,-210.4,5.842878857605845,2.0772668435176453,,,14.250781533700655,5.066453831339537,5.0,13.508745218955417,2.1,,0.5,-8.508745218955417,0.8428788576058448,-7.665866361349572
33,73.0,-0.38993153,-0.15448695,-0.22393006,174.74,-213.27,5.911887978949135,2.087052776280485,,,14.41909478065694,5.090321721348103,6.0,13.743919298749748,2.52,,0.5,-7.7439192987497485,-0.0881120210508648,-7.832031319800613
33,73.0,-0.39332753,-0.16121836,-0.21693321,172.5,-196.89,5.838886464744033,2.09513345769524,,,14.241044087510698,5.110030503318691,9.0,13.56773537274998,3.78,,0.5,-4.567735372749979,-3.161113535255967,-7.728848908005946
33,74.0,-0.34905544,-0.14393555,-0.22541569,235.83000000000004,-234.08,7.365584512780418,2.51335793804698,,,17.964660626671442,6.1300800108965845,18.0,18.54886395916306,7.56,,0.5,-0.5488639591630609,-10.63441548721958,-11.183279446382642
33,74.0,-0.35446283,-0.15104084,-0.21722612,238.26,-250.85,7.372392534848836,2.5257000638439315,,,17.98126539249631,6.16018245571535,18.0,18.73999205745745,7.56,,0.5,-0.7399920574574494,-10.627607465151165,-11.367599522608614
33,74.0,-0.35597619,-0.15456463,-0.21616334,238.63,-264.87,7.407025636874987,2.539412320481649,,,18.06573552833809,6.193626649654742,18.0,18.76909386666277,7.56,,0.5,-0.7690938666627716,-10.592974363125013,-11.362068229787784
33,75.0,-0.39155465,-0.18099982,-0.3060379,-169.13,-197.27,-8.564799701216632,2.796054450561796,,,-20.88954647126737,6.819576804920221,0.0,-13.3026729483664,0.0,,-0.5,13.3026729483664,-8.564799701216632,4.737873247149768
33,75.0,-0.38208553,-0.20451362,-0.27820644,-171.89,-209.86,-8.585083813643504,2.813591140423624,,,-20.939019421476505,6.862348791493219,-4.0,-13.519756714330398,-1.68,,-0.5,9.519756714330398,-4.585083813643504,4.934672900686895
33,75.0,-0.38260147,-0.22446619,-0.26630953,-211.48,-230.77,-8.620389576546199,2.829726685141712,,,-21.02513017719618,6.901703385060635,-5.0,-16.633650299299514,-2.1,,-0.5,11.633650299299514,-3.6203895765461986,8.013260722753316
33,78.0,-0.33982399,-0.1515753,-0.21001895,297.28,-259.3,8.6421596522772,3.015902877197893,297.28,-259.3,21.078227391904093,7.355787117485662,25.0,23.38212389339776,10.5,9.352849557359106,0.5,1.617876106602239,-16.3578403477228,-14.73996424112056
33,78.0,-0.33751032,-0.15216133,-0.21175896,299.83000000000004,-259.96,8.717934231724776,3.034422412670472,299.83000000000004,-259.96,21.26304159117673,7.400956264503282,32.0,23.58269041629929,13.44,9.433076166519715,0.5,8.41730958370071,-23.282065768275224,-14.864756184574514
33,78.0,-0.34093934,-0.15218127,-0.21181747,305.23,-273.04,8.755688530859404,3.053149589458257,305.23,-273.04,21.355124326766084,7.44663184868869,32.0,24.007419523620158,13.44,9.602967809448062,0.5,7.9925804763798425,-23.244311469140598,-15.251730992760754
33,79.0,-0.33196113,-0.31408417,-0.22841245,-237.6,-285.61,-9.260763835656556,2.966668628509435,,,-22.58700299516634,7.235704784934511,-15.0,-18.68808072211824,-6.3,,-0.5,3.68808072211824,5.739236164343444,9.427316886461684
33,79.0,-0.3330473,-0.31593204,-0.22691949,-242.06,-301.41,-9.220667125719938,2.982764349698192,,,-22.48920711963093,7.274962248913891,-15.0,-19.038875503349917,-6.3,,-0.5,4.038875503349917,5.779332874280062,9.818208377629979
33,79.0,-0.3359412,-0.31802154,-0.22590798,-240.12,-299.94,-9.332953065851816,3.0026471792835325,,,-22.76307252761258,7.323456470272537,-15.0,-18.886287638867973,-6.3,,-0.5,3.886287638867973,5.667046934148184,9.553334573016157
33,80.0,-0.28957644,-0.30727351,-0.22790596,-255.38,-309.8,-11.502630470933424,5.408675998218556,-255.38,-309.8,-28.054915718606622,13.191760759655056,-15.0,-20.086540634741397,-6.3,-8.034616253896557,-0.5,5.086540634741397,3.4973695290665763,8.583910163807973
33,80.0,-0.29099599,-0.30991474,-0.22969371,-258.37,-322.09000000000003,-11.613504657866825,5.452661336861192,-258.37,-322.09000000000003,-28.325337860537186,13.299041000604449,-15.0,-20.321714714535723,-6.3,-8.12868588581429,-0.5,5.321714714535723,3.386495342133175,8.708210056668898
33,80.0,-0.28839192,-0.30801255,-0.23021495,-259.07,-339.98,-11.693946673426623,5.493250307401711,-259.07,-339.98,-28.52153593648754,13.398037499752776,-15.0,-20.37677219141065,-6.3,-8.150708876564261,-0.5,5.376772191410652,3.3060533265733767,8.682825517984028
33,80.0,-0.3966251,-0.38765603,-0.54979616,52.41999999999996,-220.16,-30.273921852168083,13.353541800514268,-259.07,-339.98,-73.83809539743795,32.5692884514543,-29.0,4.123018482548136,-12.18,-8.150708876564261,-0.5,-33.12301848254813,-1.2739218521680833,-34.39694033471622
33,80.0,-0.39422867,-0.38310125,-0.545798,51.40999999999997,-212.61,-30.87854646074538,13.571905022055796,-259.07,-339.98,-75.31277481775798,33.101876348794086,-29.0,4.043578408771456,-12.18,-8.150708876564261,-0.5,-33.04357840877145,-1.8785464607453797,-34.922124869516836
33,80.0,-0.3966704,-0.38575646,-0.55025166,-46.860000000000014,296.99,-31.470927515914685,13.774857579943395,-259.07,-339.98,-76.75759221131592,33.59687763748194,-29.0,-3.6857048090844304,-12.18,-8.150708876564261,-0.5,-25.31429519091557,-2.470927515914685,-27.785222706830254
33,81.0,-0.25815988,-0.34096316,-0.2390644,-387.0,-244.91,-15.451367832741138,4.870060679094753,-387.0,-244.91,-37.68588614405564,11.878077996312104,-42.0,-30.43891935799561,-17.64,-12.175567743198243,-0.5,-11.561080642004391,26.548632167258862,14.98755152525447
33,81.0,-0.25676975,-0.3402952,-0.23996384,-400.27,-251.65,-15.58835609172329,4.911403016698453,-400.27,-251.65,-38.02000050771311,11.97891195772753,-42.0,-31.48265181246744,-17.64,-12.593060724986977,-0.5,-10.517348187532559,26.41164390827671,15.894295720744152
33,81.0,-0.25236624,-0.33559802,-0.23906434,-404.4,-252.53,-15.70819170582933,4.95807804971973,-404.4,-252.53,-38.31227957051774,12.09275236326642,-42.0,-31.80749092602952,-17.64,-12.722996370411808,-0.5,-10.19250907397048,26.29180829417067,16.099299220200187
33,81.0,-0.38998833,-0.39435419,-0.54367363,204.86,-230.48,-36.70992730322543,9.89502595511034,-404.4,-252.53,-89.53551269256683,24.13396830451412,-31.0,16.112963875139485,-13.02,-12.722996370411808,-0.5,-47.112963875139485,-5.709927303225427,-52.82289117836491
33,81.0,-0.39114016,-0.39451575,-0.54201669,204.82000000000005,-234.44,-37.52214638134,10.009185089942068,-404.4,-252.53,-91.51651502408826,24.41240243436871,-31.0,16.109817733603776,-13.02,-12.722996370411808,-0.5,-47.109817733603776,-6.522146381340001,-53.63196411494378
33,81.0,-0.39020428,-0.39419994,-0.5393132,207.35,-233.87,-38.31813561057461,10.109967177323854,-404.4,-252.53,-93.45793275419148,24.658209945492885,-31.0,16.308811185737444,-13.02,-12.722996370411808,-0.5,-47.30881118573744,-7.318135610574608,-54.626946796312055
33,81.0,-0.39112443,-0.39483604,-0.5427112,236.36,-159.54000000000002,-61.95326420989963,14.166884270314814,-404.4,-252.53,-151.1040114079452,34.55303073529784,-31.0,18.59055033451122,-13.02,-12.722996370411808,-0.5,-49.59055033451122,-30.95326420989963,-80.54381454441085
33,81.0,-0.3896769,-0.39411429,-0.54131913,136.39,-235.03,-63.506568405130494,14.306240243377111,-404.4,-252.53,-154.89252034011326,34.892919953596774,-31.0,10.727556101387648,-13.02,-12.722996370411808,-0.5,-41.72755610138765,-32.506568405130494,-74.23412450651814
33,81.0,-0.39074606,-0.39375767,-0.54144675,176.73000000000002,-223.74,-65.3700419220978,14.424033882436245,-404.4,-252.53,-159.43753224799653,35.18021863926201,-31.0,13.900439840151328,-13.02,-12.722996370411808,-0.5,-44.90043984015133,-34.3700419220978,-79.27048176224912
33,82.0,-0.33388734,-0.16820608,-0.20839594,303.02,-288.26,7.623899279635936,2.6711500103862,303.02,-288.26,18.59469034303205,6.51493487533194,32.0,23.83359520377217,13.44,9.533438081508868,0.5,8.16640479622783,-24.376100720364065,-16.209695924136234
33,82.0,-0.33428159,-0.16812217,-0.20724489,252.38,-274.23,7.618457570569236,2.6872241455142056,252.38,-274.23,18.581418014618365,6.554139690909149,32.0,19.85058001956313,13.44,7.940232007825253,0.5,12.149419980436871,-24.381542429430766,-12.232122448993893
33,82.0,-0.33545327,-0.16863783,-0.20648009,258.15,-274.55,7.662417889609903,2.701998308782541,258.15,-274.55,18.688637232758555,6.590173875120619,32.0,20.304410936089315,13.44,8.121764374435726,0.5,11.695589063910685,-24.337582110390098,-12.641993046479413
33,82.0,-0.38783583,-0.39085424,-0.53815663,83.10000000000002,-239.35,8.981178310335212,3.2776713088816942,258.15,-274.55,21.90509389890758,7.994240322362453,-29.0,6.536109040437818,-12.18,8.121764374435726,0.5,-35.53610904043782,37.98117831033521,2.4450692698973935
33,82.0,-0.38957217,-0.3937307,-0.54119784,83.86000000000001,-230.71,9.141989699953504,3.29949623194694,258.15,-274.55,22.297312878186595,8.047471309718587,-29.0,6.595885729616311,-12.18,8.121764374435726,0.5,-35.59588572961631,38.141989699953506,2.5461039703371924
33,82.0,-0.38965261,-0.39405242,-0.54142922,83.62,-232.51,9.171278163026033,3.3216192943826925,258.15,-274.55,22.368747439620492,8.101429458999387,-29.0,6.577008880402049,-12.18,8.121764374435726,0.5,-35.57700888040205,38.17127816302603,2.5942692826239835
33,82.0,-0.38768643,-0.39011917,-0.53949112,151.37,-242.48,10.172294059557968,3.5850032461797525,258.15,-274.55,24.81022521126188,8.743822917432418,-29.0,11.9057861065111,-12.18,8.121764374435726,0.5,-40.9057861065111,39.17229405955797,-1.7334920469531312
33,82.0,-0.39211008,-0.39373848,-0.54239517,156.11,-246.7,10.266978050392463,3.6083219098386863,258.15,-274.55,25.04115946490722,8.800697138096556,-31.0,12.278603878492753,-13.02,8.121764374435726,0.5,-43.27860387849275,41.26697805039247,-2.0116258281002892
33,82.0,-0.3898873,-0.39310232,-0.54125983,245.17999999999995,-211.64,10.369731710255316,3.637222033543048,258.15,-274.55,25.29177564131272,8.871184539811496,-29.0,19.284274543135304,-12.18,8.121764374435726,0.5,-48.284274543135304,39.369731710255316,-8.914542832879988
33,82.0,-0.38813651,-0.39121276,-0.53828883,241.78,-232.28,11.343907178709816,3.918450680237373,258.15,-274.55,27.66778960887324,9.557101209098953,-29.0,19.01685251259994,-12.18,8.121764374435726,0.5,-48.01685251259994,40.34390717870981,-7.672945333890123
33,82.0,-0.38795051,-0.39246714,-0.54435158,241.38,-234.98,11.481704420801588,3.949129337699261,258.15,-274.55,28.003877082335077,9.631926454648498,-31.0,18.985391097242843,-13.02,8.121764374435726,0.5,-49.98539109724284,42.48170442080159,-7.503686676441255
33,82.0,-0.38940451,-0.39425769,-0.54115134,240.63,-240.22,11.48431495406396,3.9802881552084384,258.15,-274.55,28.010244172962,9.707922810553384,-31.0,18.92640094344828,-13.02,8.121764374435726,0.5,-49.92640094344828,42.48431495406396,-7.442085989384319
33,82.0,-0.39170846,-0.39513686,-0.54267973,22.450000000000045,-227.18,17.951733628713985,5.809939883630472,258.15,-274.55,43.78427832043341,14.170443376174722,-29.0,1.76577193691732,-12.18,8.121764374435726,0.5,-30.76577193691732,46.95173362871398,16.185961691796663
33,82.0,-0.39112061,-0.39491335,-0.54124182,23.309999999999945,-229.05,18.24710118523595,5.872349182712629,258.15,-274.55,44.50467979079049,14.322659656636104,-29.0,1.83341397993508,-12.18,8.121764374435726,0.5,-30.83341397993508,47.24710118523595,16.41368720530087
33,82.0,-0.39000532,-0.39196372,-0.54221475,24.0,-222.08,18.39112431338716,5.9294956030241615,258.15,-274.55,44.85595220035128,14.462039775775928,-29.0,1.887684921426084,-12.18,8.121764374435726,0.5,-30.887684921426086,47.39112431338716,16.503439391961074
33,83.0,-0.30294439,-0.14846718,-0.20792519,307.38,-239.39,9.455612784883776,3.2955194626351387,307.38,-239.39,23.06223958233153,8.037771969367103,38.0,24.176524631164572,15.96,9.67060985246583,0.5,13.823475368835428,-28.544387215116224,-14.720911846280796
33,83.0,-0.30506191,-0.14897914,-0.20851557,307.17,-234.34,9.516883678690622,3.3175254084836063,307.17,-234.34,23.211679292326423,8.091444471291517,38.0,24.16000738810209,15.96,9.66400295524084,0.5,13.839992611897909,-28.483116321309378,-14.64312370941147
33,83.0,-0.30683136,-0.14898098,-0.20854555,309.9,-230.98,9.59861661980804,3.3420368821737405,309.9,-230.98,23.41102593571181,8.151227955621753,38.0,24.37473154791431,15.96,9.749892619165724,0.5,13.625268452085692,-28.40138338019196,-14.776114928106269
33,84.0,-0.29997897,-0.12741144,-0.21289399,412.05,-247.19,13.20511222572065,4.281295494804184,412.05,-247.19,32.20726871853267,10.442079711827406,41.0,32.40919049473408,17.22,12.963676197893632,0.5,8.590809505265923,-27.79488777427935,-19.204078269013426
33,84.0,-0.30005473,-0.12651579,-0.21147159,415.27,-252.15,13.367781835301232,4.31724638641531,415.27,-252.15,32.604019896299704,10.52976393646694,41.0,32.662454888358745,17.22,13.064981955343498,0.5,8.337545111641255,-27.63221816469877,-19.294673053057515
33,84.0,-0.29851669,-0.12832171,-0.21250412,419.99,-258.56,13.468562644429388,4.350108324243852,419.99,-258.56,32.84982428976328,10.609914202830756,41.0,33.03369958957254,17.22,13.213479835829018,0.5,7.966300410427458,-27.53143735557061,-19.565136945143152
33,85.0,-0.30799961,-0.18872614,-0.21893813,171.98000000000002,-241.59,6.667130881805699,2.6423334892808734,,,16.2611322207241,6.444651380356051,18.0,13.52683553278575,7.56,,0.5,4.47316446721425,-11.332869118194301,-6.859704650980051
33,85.0,-0.30718857,-0.19073556,-0.2179822,164.72000000000003,-247.36,6.685050840607103,2.655224643213861,,,16.304839000240722,6.476092904798606,18.0,12.95581084405436,7.56,,0.5,5.04418915594564,-11.314949159392896,-6.270760003447257
33,85.0,-0.30693847,-0.19127248,-0.21665642,169.92999999999995,-267.28,6.678473926152089,2.668249323753581,,,16.288797905884945,6.507860100634985,18.0,13.3655957790806,7.56,,0.5,4.6344042209194,-11.321526073847911,-6.687121852928511
33,85.0,-0.37778932,-0.38481611,-0.58154076,11.409999999999968,-217.06,12.125713524047177,4.429807250085835,,,29.57461528515106,10.804299882959352,-29.0,0.897436873061315,-12.18,,0.5,-29.897436873061316,41.12571352404718,11.228276650985862
33,85.0,-0.37657613,-0.38523683,-0.57984769,8.990000000000009,-212.42,12.269838656111684,4.472660322541778,,,29.9261364822564,10.908818526679395,-29.0,0.7070953101508548,-12.18,,0.5,-29.707095310150855,41.26983865611169,11.562743345960829
33,85.0,-0.3778556,-0.38328013,-0.58161062,8.289999999999964,-213.34,12.278745042517809,4.512275742325521,,,29.947859158700933,11.005440535531946,-29.0,0.6520378332759238,-12.18,,0.5,-29.652037833275923,41.27874504251781,11.626707209241886
33,85.0,-0.37708884,-0.38376245,-0.57972646,-50.120000000000005,-257.48,16.870233348189746,5.958548041692676,,,41.1464991362348,14.532898673688438,-29.0,-3.9421153442448063,-12.18,,0.5,-25.057884655755196,45.87023334818974,20.812348692434554
33,85.0,-0.37613526,-0.38070485,-0.57930571,20.75999999999999,-227.7,17.149903881937867,6.02531134058811,,,41.82861556804646,14.6957343596944,-29.0,1.6328474570335625,-12.18,,0.5,-30.632847457033563,46.14990388193787,15.517056424904304
33,85.0,-0.37587863,-0.3810904,-0.57928169,19.639999999999983,-234.48,17.361055518479354,6.086523499912698,,,42.343614409571146,14.845030816287068,-29.0,1.5447554940336778,-12.18,,0.5,-30.544755494033677,46.361055518479354,15.816300024445676
33,86.0,-0.28847542,-0.17740688,-0.23016776,282.07000000000005,-228.92,7.887406398977446,2.984549240397484,282.07000000000005,-228.92,19.237384207105997,7.279315597329463,32.0,22.185803574443984,13.44,8.874321429777593,0.5,9.814196425556016,-24.112593601022553,-14.298397175466537
33,86.0,-0.29027283,-0.17897366,-0.22743703,288.80999999999995,-199.3,7.968366381734234,3.0063555978740717,288.80999999999995,-199.3,19.4348456050498,7.33250130321486,32.0,22.715928423211132,13.44,9.086371369284455,0.5,9.284071576788868,-24.031633618265765,-14.747562041476897
33,86.0,-0.28843337,-0.17822757,-0.22485112,298.67999999999995,-180.81,8.04605171715202,3.022925275213172,298.67999999999995,-180.81,19.624320138133776,7.372914746244927,32.0,23.49223884714762,13.44,9.396895538859049,0.5,8.507761152852382,-23.953948282847982,-15.446187129995598
33,86.0,-0.37903407,-0.38494071,-0.58404678,205.77,-215.51,13.77840925404467,4.877964747650424,298.67999999999995,-180.81,33.60554017061495,11.897356019519384,-31.0,16.184538595076887,-13.02,9.396895538859049,0.5,-47.18453859507689,44.77840925404467,-2.4061293410322175
33,86.0,-0.37652218,-0.38450396,-0.57969755,410.82,-251.83,13.931541109605233,4.919765390650419,410.82,-251.83,33.97902876632716,11.999307787796372,-31.0,32.31244664251099,-13.02,12.924978657004395,0.5,-63.31244664251099,44.931541109605234,-18.380905532905757
33,86.0,-0.3763026,-0.38376194,-0.57846665,422.1600000000001,-267.43,13.999867301063343,4.966946855939204,422.1600000000001,-267.43,34.1456763472935,12.11438338163572,-31.0,33.20437776788483,-13.02,13.281751107153932,0.5,-64.20437776788484,44.99986730106335,-19.204510466821485
33,87.0,-0.31894037,-0.15171868,-0.21071069,242.83000000000004,-234.35,9.371756666872802,3.56994077501044,254.53,-201.04,22.857714510502763,8.707085550250465,25.0,19.099438727912336,10.5,8.00787405084302,0.5,5.900561272087664,-15.628243333127198,-9.727682061039534
33,87.0,-0.31786123,-0.14869948,-0.20897175,254.53,-201.04,9.436525284262302,3.5957225476587538,254.53,-201.04,23.01568516831576,8.7699672937397,32.0,20.019685127107547,13.44,8.00787405084302,0.5,11.980314872892453,-22.563474715737698,-10.583159842845244
33,87.0,-0.31561801,-0.14879961,-0.20780541,263.25,-194.34,9.502363022140376,3.619245608532037,263.25,-194.34,23.176263411000377,8.827340039209638,32.0,20.70554398189236,13.44,8.282217592756945,0.5,11.294456018107638,-22.497636977859624,-11.203180959751986
33,88.0,-0.28630859,-0.11529581,-0.20992027,375.04,-313.06,11.265547237878506,4.423869451291116,375.04,-313.06,27.476669713185675,10.78981759169903,25.0,29.498223038818274,10.5,11.79928921552731,0.5,-4.498223038818274,-13.734452762121494,-18.232675800939766
33,88.0,-0.28266469,-0.12848866,-0.22339717,379.11,-293.71,11.460749779900617,4.459040910171774,379.11,-293.71,27.952768713177605,10.875600779908956,15.0,29.818342940076786,6.3,11.927337176030717,0.5,-14.818342940076786,-3.539250220099383,-18.35759316017617
33,88.0,-0.25762996,-0.15633349,-0.24743681,387.6600000000001,-271.62,11.59304557878538,4.506710113010495,387.6600000000001,-271.62,28.27543816665754,10.991865965632597,0.0,30.49083069333484,0.0,12.196332277333935,0.5,-30.49083069333484,11.59304557878538,-18.897785114549457
33,88.0,-0.13115853,-0.33796746,-0.2997531,128.13,-266.78,14.82815590846766,5.241343933567324,387.6600000000001,-271.62,36.16587226075263,12.7836378539707,-45.0,10.077877874263503,-18.9,12.196332277333935,0.5,-55.07787787426351,59.828155908467664,4.7502780342041575
33,88.0,-0.15415619,-0.30709046,-0.32549912,138.26,-283.46,14.980262371310523,5.288931400278519,387.6600000000001,-271.62,36.53685992362637,12.899703685279308,-45.0,10.8746382181821,-18.9,12.196332277333935,0.5,-55.8746382181821,59.98026237131052,4.1056241531284225
33,88.0,-0.17791638,-0.27127835,-0.35272655,0.0,0.0,15.15931837629323,5.342774794119265,387.6600000000001,-271.62,36.97357751977919,13.031027722856884,-45.0,0.0,-18.9,12.196332277333935,0.5,-45.0,60.15931837629323,15.15931837629323
33,89.0,-0.29870093,-0.17950159,-0.21604009,-12.990000000000007,-217.46,7.387370945989968,3.596609870016542,,,18.01779773726953,8.772131472970347,20.0,-1.0217094637218689,8.4,,0.5,21.02170946372187,-12.612629054010032,8.409080409711837
33,89.0,-0.29811212,-0.1804169,-0.21602578,219.36,-219.6,7.420666018191077,3.614968818200292,,,18.09900441836804,8.816908947590512,20.0,17.253440181834414,8.4,,0.5,2.7465598181655864,-12.579333981808922,-9.832774163643336
33,89.0,-0.29933071,-0.18080789,-0.21401423,239.07000000000005,-231.43,7.432373371744823,3.635590951380805,,,18.127558653685625,8.867206330417785,20.0,18.803701423555584,8.4,,0.5,1.1962985764444163,-12.567626628255177,-11.37132805181076
33,89.0,-0.26339325,-0.23484872,-0.26957864,-92.0,-246.61,10.998727381441997,5.145635067551677,,,26.82589608333703,12.55020392975854,-14.0,-7.236125532133323,-5.88,,0.5,-6.763874467866677,24.998727381441995,18.23485291357532
33,89.0,-0.25794241,-0.24199019,-0.25694108,-94.86,-243.87,11.043512395839718,5.182216504410813,,,26.935126733453075,12.639426054257974,-15.0,-7.461074651936599,-6.3,,0.5,-7.538925348063401,26.04351239583972,18.50458704777632
33,89.0,-0.26029462,-0.26051411,-0.23578587,-90.51999999999998,-250.01,11.2079477858993,5.223448689835302,,,27.336184649808395,12.739991354508302,-15.0,-7.119718295312047,-6.3,,0.5,-7.880281704687953,26.2079477858993,18.327666081211348
33,90.0,-0.28189009,-0.18834025,-0.22243239,264.91,-216.06,7.607947121216521,2.936499631482562,264.91,-216.06,18.55578302864709,7.162122601185969,20.0,20.836108855624328,8.4,8.334443542249732,0.5,-0.8361088556243281,-12.39205287878348,-13.228161734407808
33,90.0,-0.27872884,-0.18900922,-0.22274409,264.13,-221.02,7.649739482449071,2.951544356550936,264.13,-221.02,18.657714597693285,7.198816685627733,20.0,20.774759095677982,8.4,8.309903638271194,0.5,-0.7747590956779824,-12.350260517550929,-13.125019613228911
33,90.0,-0.27908912,-0.18908416,-0.22052009,260.78,-228.83,7.740707897743286,2.971810751350588,260.78,-228.83,18.879586562595875,7.248246422544084,20.0,20.511269742062257,8.4,8.204507896824904,0.5,-0.5112697420622574,-12.259292102256714,-12.770561844318971
33,91.0,-0.26994947,-0.31407636,-0.23485009,-177.17000000000002,-251.74,-8.557020426543476,2.917355592678601,,,-20.87057282033954,7.115430290543108,-15.0,-13.93504739704414,-6.3,,-0.5,-1.0649526029558594,6.442979573456524,5.378026970500665
33,91.0,-0.27073354,-0.31506851,-0.23471989,-180.2,-271.41,-8.603283373262471,2.9329327992451217,,,-20.983408147387166,7.153423097358852,-15.0,-14.17336761837418,-6.3,,-0.5,-0.8266323816258208,6.396716626737529,5.570084245111708
33,91.0,-0.27193886,-0.31600207,-0.23496708,-193.54,-293.0,-8.649896473719032,2.948680809660845,,,-21.09709749940072,7.191832494762801,-15.0,-15.222605820533516,-6.3,,-0.5,0.2226058205335164,6.350103526280968,6.572709346814484
33,92.0,-0.2966556,-0.2959449,-0.22505394,-103.75,-323.11,-5.705006080148094,2.029244899577477,,,-13.914509829481204,4.9493283100694665,-15.0,-8.160304608248177,-6.3,,-0.5,-6.839695391751823,9.294993919851905,2.4552985281000828
33,92.0,-0.29570985,-0.29814368,-0.22523355,-96.84000000000005,-323.11,-5.7213242450699,2.038559053997246,,,-13.954309833725484,4.972045532699283,-15.0,-7.616808657954252,-6.3,,-0.5,-7.383191342045748,9.2786757549301,1.8954844128843522
33,92.0,-0.29828209,-0.29953858,-0.2240947,-93.20000000000005,-322.58,-5.698471169378466,2.045392485525537,,,-13.89857118211408,4.988712272196786,-15.0,-7.330509778204631,-6.3,,-0.5,-7.669490221795369,9.301528830621534,1.6320386088261642
33,93.0,-0.28071588,-0.30990776,-0.22586037,-132.88,-299.23,-6.722222845335835,2.269076760986304,,,-16.3955015197741,5.534278220045596,-15.0,-10.451482181629084,-6.3,,-0.5,-4.548517818370916,8.277777154664165,3.729259336293249
33,93.0,-0.2836841,-0.31153041,-0.22566231,-127.54000000000002,-291.93,-6.6869755594276,2.2796503247712354,,,-16.309533389443917,5.560067142117044,-15.0,-10.031472286611784,-6.3,,-0.5,-4.968527713388216,8.3130244405724,3.3444967271841843
33,93.0,-0.27958339,-0.30897319,-0.2269513,-125.74,-304.82,-6.739826891114414,2.291378866057776,,,-16.438437787428057,5.588673054314915,-15.0,-9.889895917504829,-6.3,,-0.5,-5.110104082495171,8.260173108885585,3.1500690263904145
33,94.0,-0.24118577,-0.30459949,-0.23999351,-264.72,-354.13,-7.876542322667435,2.6582102437268937,-264.72,-354.13,-19.210886724985876,6.483374784449893,-15.0,-20.821164683329712,-6.3,-8.328465873331885,-0.5,5.821164683329712,7.123457677332565,12.944622360662278
33,94.0,-0.24269167,-0.30824244,-0.23523869,-262.31,-350.8,-7.939082386196128,2.6755482632184724,-262.31,-350.8,-19.36342193993236,6.525662213989854,-15.0,-20.63160965580317,-6.3,-8.25264386232127,-0.5,5.631609655803171,7.060917613803872,12.692527269607043
33,94.0,-0.24315296,-0.31097901,-0.23238714,-183.52,-333.93,-7.970566576359522,2.690174401428441,-262.31,-350.8,-19.440211879740875,6.561335365083968,-15.0,-14.434497365838125,-6.3,-8.25264386232127,-0.5,-0.5655026341618754,7.029433423640478,6.463930789478603
33,94.0,-0.23683371,-0.25174585,-0.22406423,8.870000000000005,-276.45,-8.932552826725109,3.017434221726031,-262.31,-350.8,-21.78649634438254,7.359522066789791,18.0,0.697656885543724,7.56,-8.25264386232127,-0.5,17.302343114456278,-26.932552826725107,-9.630209712268833
33,94.0,-0.23629975,-0.25095153,-0.22470516,40.950000000000045,-256.24,-8.988066154791833,3.035938347687789,-262.31,-350.8,-21.92189335153728,7.404653630010518,18.0,3.22086239718326,7.56,-8.25264386232127,-0.5,14.77913760281674,-26.98806615479183,-12.208928551975092
33,94.0,-0.23691149,-0.25052115,-0.22547676,119.99,-231.66,-9.085182694834588,3.0546647949678567,-262.31,-350.8,-22.15876059270156,7.450327434926603,18.0,9.437638071746496,7.56,-8.25264386232127,-0.5,8.562361928253504,-27.085182694834586,-18.522820766581084
33,95.0,-0.241344,-0.17974389,-0.22066788,371.23,-274.0,11.170467334674662,4.3886776069475575,371.23,-274.0,27.2447698292715,10.703984683345094,38.0,29.19855305754189,15.96,11.679421223016757,0.5,8.80144694245811,-26.82953266532534,-18.028085722867228
33,95.0,-0.24161135,-0.18215618,-0.21888864,372.3,-280.41,11.277880209089004,4.427254714633868,372.3,-280.41,27.50674982996808,10.798074248992007,38.0,29.282712343622126,15.96,11.713084937448851,0.5,8.717287656377874,-26.722119790910995,-18.004832134533125
33,95.0,-0.24234039,-0.18190122,-0.21822649,376.22,-291.61,11.38178154285211,4.470477751544708,376.22,-291.61,27.760165183016294,10.90349523601754,38.0,29.59103421412173,15.96,11.836413685648694,0.5,8.40896578587827,-26.61821845714789,-18.20925267126962
33,96.0,-0.29015279,-0.3103354,-0.23126322,-216.72000000000003,-285.6,-10.676333430230756,4.782246064823314,,,-26.039577236332818,11.66389815210406,-15.0,-17.045794840477544,-6.3,,-0.5,2.0457948404775443,4.3236665697692445,6.369461410246789
33,96.0,-0.28900748,-0.31231239,-0.23086998,-223.86,-296.16,-10.795407860509728,4.821538256315272,,,-26.329999771783225,11.759731807152946,-15.0,-17.607381104601803,-6.3,,-0.5,2.607381104601803,4.204592139490272,6.811973244092075
33,96.0,-0.28652787,-0.31550196,-0.23222309,-230.14,-315.97,-10.843652882526367,4.8578063037263615,,,-26.447669380481816,11.848189574788597,-15.0,-18.10132532570829,-6.3,,-0.5,3.1013253257082916,4.156347117473633,7.257672443181924
33,97.0,-0.37710553,-0.36162037,-0.5820058,87.23000000000002,-153.54000000000002,11.189887165873005,3.3601846351280464,,,27.292134797564252,8.195490325077303,-29.0,6.86094815399989,-12.18,,0.5,-35.86094815399989,40.189887165873,4.328939011873115
33,97.0,-0.38128188,-0.3671281,-0.5890469,83.90999999999997,-149.04000000000002,11.159527916106226,3.3824414076745253,,,27.21808858738309,8.249774593318167,-29.0,6.599818406535944,-12.18,,0.5,-35.599818406535945,40.15952791610623,4.559709509570282
33,97.0,-0.3789328,-0.36542708,-0.58580685,84.21000000000004,-148.17000000000002,11.168144886224866,3.402706175467384,,,27.239105377502447,8.299200361964951,-29.0,6.623414468053776,-12.18,,0.5,-35.623414468053774,40.168144886224866,4.54473041817109
33,99.0,-0.25629809,-0.20999138,-0.21760707,174.90999999999997,-283.62,6.683064492541953,2.0737537909954864,,,16.299994297309823,5.057885496237993,20.0,13.757290400276515,8.4,,0.5,6.242709599723485,-13.316935507458048,-7.074225907734562
33,99.0,-0.25721937,-0.20852809,-0.21753941,177.98000000000002,-287.0,6.71745652891382,2.0835269884912204,,,16.383876474020806,5.081722324930087,20.0,13.998756763142271,8.4,,0.5,6.001243236857729,-13.28254347108618,-7.281300234228452
33,99.0,-0.25582615,-0.2086799,-0.21728688,184.44000000000003,-284.64,6.752377145022972,2.093387575797193,,,16.46904785671103,5.105772297369353,20.0,14.50685862115946,8.4,,0.5,5.493141378840541,-13.247622854977028,-7.754481476136487
33,99.0,-0.19038719,-0.26153851,-0.27650562,-135.92000000000002,-218.31,8.158406273384967,2.4922987311331317,,,19.898352900785937,6.078716605233707,-15.0,-10.690588938343058,-6.3,,0.5,-4.309411061656942,23.15840627338497,18.848995211728024
33,99.0,-0.19243927,-0.27415273,-0.25762069,-149.14999999999998,-233.96,8.344628225413551,2.5062692471007555,,,20.35254824178365,6.112790693678743,-15.0,-11.731175251279184,-6.3,,0.5,-3.2688247487208155,23.34462822541355,20.075803476692734
33,99.0,-0.19853541,-0.28365847,-0.24333414,-157.91000000000005,-234.62,8.40297119007728,2.5189748228586013,,,20.49484673259849,6.143779592952129,-15.0,-12.420180247599708,-6.3,,0.5,-2.579819752400292,23.40297119007728,20.823151437676987
33,100.0,-0.25372505,-0.2047779,-0.22005422,203.13,-100.66,7.59347801008728,2.3178808843550582,,,18.52049286660288,5.653311476941987,18.0,15.97689325372002,7.56,,0.5,2.0231067462799803,-10.40652198991272,-8.38341524363274
33,100.0,-0.25336468,-0.20494449,-0.21969762,216.72000000000003,-109.61,7.543555311526769,2.3312585803068395,,,18.39873140481379,5.685939677368381,18.0,17.045794840477544,7.56,,0.5,0.9542051595224557,-10.45644468847323,-9.502239528950774
33,100.0,-0.25022566,-0.20523275,-0.22006942,220.67999999999995,-118.31,7.608962689501268,2.3435407965632886,,,18.558259999693597,5.715896002817861,18.0,17.357262852512843,7.56,,0.5,0.642737147487157,-10.391037310498731,-9.748300163011574
33,102.0,-0.22427304,-0.23830651,-0.37932095,-193.63,-253.59,7.277412409703229,2.224002688500517,-448.48,-222.84,17.749608867266176,5.424342557252762,-21.0,-15.229684638988862,-8.82,-14.10981555935284,0.5,-5.7703153610111375,28.277412409703228,22.507097048692092
33,102.0,-0.17801505,-0.27991316,-0.3027212,-448.48,-222.84,7.230576543863028,2.2352180472557763,-448.48,-222.84,17.635376190481924,5.451696817256838,-31.0,-35.2745388983821,-13.02,-14.10981555935284,0.5,4.274538898382097,38.23057654386303,42.50511544224513
33,102.0,-0.15045764,-0.30125877,-0.27553371,-444.27,-235.88,7.270938394272664,2.24653561092576,-444.27,-235.88,17.73381874363103,5.479300355047928,-45.0,-34.943407501748595,-18.9,-13.97736300069944,0.5,-10.056592498251405,52.27093839427266,42.21434589602126
33,102.0,-0.22591434,-0.19704516,-0.22309712,269.67999999999995,-212.93,8.445082361337883,2.5268984848220963,269.67999999999995,-212.93,20.597555879303098,6.163105404481094,38.0,21.211286233757765,15.96,8.484514493503106,0.5,16.788713766242235,-29.55491763866212,-12.766203872419881
33,102.0,-0.22747768,-0.19773608,-0.2228127,211.27,-220.15,8.498765844735853,2.5412292603313595,269.67999999999995,-212.93,20.728489895310748,6.198058165948186,38.0,16.617133056237034,15.96,8.484514493503106,0.5,21.382866943762966,-29.501234155264147,-8.11836721150118
33,102.0,-0.22859162,-0.19702822,-0.22237782,271.20000000000005,-214.5,8.553352843890899,2.5557116248310416,271.20000000000005,-214.5,20.861627586249902,6.233380652962911,38.0,21.330839612114755,15.96,8.532335844845901,0.5,16.669160387885245,-29.4466471561091,-12.777486768223856
33,103.0,-0.22740585,-0.19643255,-0.22252415,192.59000000000003,-246.99,9.121215947966611,3.57835779150659,,,22.24664569709057,8.727614653484572,20.0,15.1478849590604,8.4,,0.5,4.8521150409396,-10.878784052033389,-6.026669011093789
33,103.0,-0.22699432,-0.1956476,-0.22219393,187.0,-233.5,9.251685687167392,3.600896152239983,,,22.564861391001276,8.782585715313317,20.0,14.708211679444906,8.4,,0.5,5.291788320555094,-10.748314312832608,-5.4565259922775144
33,103.0,-0.22776483,-0.1953416,-0.2215907,191.34000000000003,-217.79,9.383269955772011,3.623700351956641,,,22.88579542212794,8.838205158422248,20.0,15.049568036069456,8.4,,0.5,4.950431963930544,-10.616730044227989,-5.6662980802974445
33,104.0,-0.16910401,-0.35576701,-0.24288072,-456.56,-354.6,-18.1647289100638,5.774053736205275,-456.56,-354.6,-44.3037738116456,14.082917062604666,-45.0,-35.91005948859554,-18.9,-14.364023795438218,-0.5,-9.089940511404457,26.8352710899362,17.745330578531743
33,104.0,-0.17044859,-0.35681969,-0.24321057,-469.11,-297.39,-18.399517130879403,5.850803341455686,-469.11,-297.39,-44.87642228221486,14.27010934981042,-45.0,-36.8971613954246,-18.9,-14.75886455816984,-0.5,-8.102838604575403,26.600482869120597,18.497644264545194
33,104.0,-0.1716046,-0.36158347,-0.24493726,-484.91,-305.49,-18.63700238765621,5.922203096844148,-484.91,-305.49,-45.4556488234935,14.444253353202877,-45.0,-38.1398873020301,-18.9,-15.255954920812044,-0.5,-6.860112697969903,26.36299761234379,19.502884914373887
33,105.0,-0.24090773,-0.18748544,-0.21787031,212.44000000000003,-215.17,9.436120588614136,2.716625825406569,,,23.01469811562988,6.625850388166622,20.0,16.70915769615656,8.4,,0.5,3.2908423038434407,-10.563879411385864,-7.273037107542423
33,105.0,-0.2431533,-0.18726143,-0.21802597,216.66,-207.77,9.47377981579742,2.733051269037216,,,23.106548970729907,6.66591204518177,20.0,17.041075628173974,8.4,,0.5,2.9589243718260256,-10.52622018420258,-7.567295812376555
33,105.0,-0.24457195,-0.18580307,-0.2187894,223.39,-208.84,9.474222350857456,2.7496659246587374,,,23.107628313741337,6.7064351902426615,20.0,17.570413941557206,8.4,,0.5,2.429586058442794,-10.525777649142544,-8.09619159069975
33,106.0,-0.19860879,-0.19707306,-0.30643368,342.20000000000005,-149.95999999999998,12.075825299466784,3.333991216629247,342.20000000000005,-149.95999999999998,29.452937905399487,8.131604577358733,18.0,26.91524083800025,7.56,10.766096335200102,0.5,-8.915240838000251,-5.924174700533216,-14.839415538533467
33,106.0,-0.19584143,-0.19207408,-0.26807719,343.61,-142.3,12.135050537763378,3.355574168366739,343.61,-142.3,29.59738826160488,8.184245396646476,20.0,27.02614232713404,8.4,10.810456930853617,0.5,-7.026142327134039,-7.864949462236622,-14.89109178937066
33,106.0,-0.20050757,-0.18608509,-0.25141135,345.84000000000003,-136.75,12.243139621273835,3.379838754877875,345.84000000000003,-136.75,29.86101753628689,8.24342672314714,20.0,27.20153971774988,8.4,10.880615887099951,0.5,-7.201539717749881,-7.756860378726165,-14.958400096476046
33,107.0,-0.1984715,-0.19211772,-0.32125896,306.84000000000003,-228.82,10.647501581228331,3.3362106931097237,306.84000000000003,-228.82,25.9692563566159,8.137017880494618,-6.0,24.13405172043249,-2.52,9.653620688172998,0.5,-30.13405172043249,16.647501581228333,-13.486550139204157
33,107.0,-0.18951118,-0.19438055,-0.2725538,308.88,-225.08,10.703379407675444,3.358365398305213,308.88,-225.08,26.105542375320407,8.191053206466416,18.0,24.294504938753704,7.56,9.717801975501482,0.5,-6.294504938753704,-7.296620592324556,-13.59112553107826
33,107.0,-0.18812947,-0.1937032,-0.24282674,299.29999999999995,-209.4,10.8775250718351,3.383037788017578,299.29999999999995,-209.4,26.53028365020581,8.251229164974873,20.0,23.541004040951123,8.4,9.41640161638045,0.5,-3.5410040409511225,-9.1224749281649,-12.663478969116023
33,107.0,-0.23077439,-0.17680439,-0.22383186,325.66,-215.62,11.12833848946355,3.624843657937575,325.66,-215.62,27.1420175758016,8.840993681709746,32.0,25.614311312984103,13.44,10.245724525193642,0.5,6.385688687015897,-20.87166151053645,-14.485972823520553
33,107.0,-0.23116004,-0.1760141,-0.22458063,328.57000000000005,-214.14,11.208291262985004,3.648301661284729,328.57000000000005,-214.14,27.337022390420422,8.898207751873455,32.0,25.843193109707023,13.44,10.33727724388281,0.5,6.156806890292977,-20.791708737014996,-14.63490184672202
33,107.0,-0.23070656,-0.17777745,-0.22222579,328.59000000000003,-213.87,11.241435231277176,3.677376891057552,328.59000000000003,-213.87,27.417860529085036,8.96912223728937,32.0,25.84476618047488,13.44,10.337906472189951,0.5,6.155233819525119,-20.758564768722824,-14.603330949197705
33,108.0,-0.27545485,-0.16814649,-0.21337928,291.91,-266.37,9.912761828792624,2.6947503923138583,291.91,-266.37,24.17722610042521,6.572496206853501,20.0,22.959754392228675,8.4,9.183901756891473,0.5,-2.9597543922286746,-10.087238171207376,-13.046992563436051
33,108.0,-0.27686292,-0.17001177,-0.21354355,294.16,-275.8,9.952218945536169,2.7108176416572274,294.16,-275.8,24.27346200816272,6.6116842280019785,20.0,23.136724853612368,8.4,9.254689941444948,0.5,-3.1367248536123675,-10.047781054463831,-13.184505908076199
33,108.0,-0.27683163,-0.16974819,-0.21423957,299.77,-272.06,9.919482641096856,2.7270795722054486,299.77,-272.06,24.193618161635232,6.65134707660909,20.0,23.57797120399572,8.4,9.431188481598287,0.5,-3.5779712039957197,-10.080517358903144,-13.658488562898864
33,109.0,-0.21018901,-0.16464721,-0.24511197,-57.74000000000001,-250.75,13.134367239189608,4.017018098986756,408.68000000000006,-236.54,32.03472169638346,9.797507143428698,38.0,-4.541455306797588,15.96,12.857651228140202,0.5,42.54145530679759,-24.865632760810392,17.675822545987195
33,109.0,-0.2140719,-0.16445306,-0.23426935,408.68000000000006,-236.54,13.14950336804757,4.051316738191541,408.68000000000006,-236.54,32.071638714668026,9.881161524449167,38.0,32.144128070350504,15.96,12.857651228140202,0.5,5.855871929649496,-24.85049663195243,-18.994624702302936
33,109.0,-0.21775395,-0.16381349,-0.22891439,424.1099999999999,-245.61,13.365190057993823,4.0826324004781815,424.1099999999999,-245.61,32.59769855144694,9.957540424766284,38.0,33.35775216775068,15.96,13.343100867100274,0.5,4.642247832249318,-24.63480994200618,-19.99256210975686
33,109.0,-0.2161029,-0.15667404,-0.22332929,-43.03999999999997,-140.81,14.441738835383497,4.305922945468803,424.1099999999999,-245.61,35.22340101950034,10.502146063998408,38.0,-3.3852482924241083,15.96,13.343100867100274,0.5,41.38524829242411,-23.558261164616503,17.826987127807605
33,109.0,-0.21467982,-0.15704349,-0.22415157,-25.870000000000005,-133.64,14.664570704095478,4.351914573827839,424.1099999999999,-245.61,35.76688794728887,10.614319645566102,38.0,-2.0347670382205334,15.96,13.343100867100274,0.5,40.03476703822054,-23.33542929590452,16.69933774231601
33,109.0,-0.20345417,-0.17101508,-0.23067985,-24.07000000000005,-129.59,14.784074135399024,4.412433266275022,424.1099999999999,-245.61,36.05835681623822,10.761924736444776,38.0,-1.8931906691135807,15.96,13.343100867100274,0.5,39.89319066911358,-23.215925864600976,16.677264804512603
33,109.0,-0.19348809,-0.28456765,-0.23486094,-25.08000000000004,-160.63,16.01657175865408,4.831001187517737,424.1099999999999,-245.61,39.0644185193573,11.782811896355762,-15.0,-1.972630742890261,-6.3,13.343100867100274,0.5,-13.02736925710974,31.01657175865408,17.98920250154434
33,109.0,-0.20993976,-0.29527283,-0.23464601,-13.07000000000005,-145.45999999999998,16.297480015246652,4.911350449242407,424.1099999999999,-245.61,39.74955375718658,11.978783745702234,-15.0,-1.0280017467932925,-6.3,13.343100867100274,0.5,-13.971998253206708,31.297480015246652,17.325481762039946
33,109.0,-0.22077528,-0.30024326,-0.23447344,-7.889999999999986,-162.69,16.590185176254604,4.973220421794404,424.1099999999999,-245.61,40.46346164488498,12.129684608756552,-15.0,-0.6205764179188241,-6.3,13.343100867100274,0.5,-14.379423582081175,31.590185176254604,17.210761594173427
33,109.0,-0.26331457,-0.29675448,-0.23305163,-11.639999999999986,-192.61,17.685052871895323,5.34436886457874,424.1099999999999,-245.61,43.133843954552695,13.034915660707544,-15.0,-0.9155271868916498,-6.3,13.343100867100274,0.5,-14.08447281310835,32.68505287189532,18.600580058786974
33,109.0,-0.26573646,-0.29780281,-0.23290831,-9.139999999999986,-192.23,17.80355083250644,5.424658262334278,424.1099999999999,-245.61,43.4228604804832,13.230741501833302,-15.0,-0.718893340909766,-6.3,13.343100867100274,0.5,-14.281106659090234,32.80355083250644,18.522444173416204
33,109.0,-0.26794875,-0.29788449,-0.23236527,-14.299999999999956,-202.67,18.03800320493212,5.507186426960333,424.1099999999999,-245.61,43.99468981682944,13.432027695356252,-15.0,-1.1247455990163715,-6.3,13.343100867100274,0.5,-13.875254400983628,33.038003204932124,19.162748803948492
33,110.0,-0.22961704,-0.15865307,-0.2773051,303.5,-228.1,11.011852231242049,3.4714616283826034,303.5,-228.1,26.857907591999357,8.46689491162517,41.0,23.87134890220069,17.22,9.548539560880275,0.5,17.12865109779931,-29.98814776875795,-12.859496670958642
33,110.0,-0.2293116,-0.16460893,-0.25651583,312.83000000000004,-226.21,11.275811260427506,3.497677788543853,312.83000000000004,-226.21,27.50170366418269,8.530836126258455,38.0,24.605186415405083,15.96,9.842074566162031,0.5,13.394813584594917,-26.724188739572494,-13.329375154977576
33,110.0,-0.22904752,-0.1703556,-0.24076793,320.39,-205.94,11.335975898465842,3.5296461940507835,320.39,-205.94,27.648445216358187,8.60880706728986,32.0,25.199807165654292,13.44,10.079922866261718,0.5,6.800192834345708,-20.66402410153416,-13.86383126718845
33,111.0,-0.21647434,-0.30272129,-0.24157609,-213.81,-260.88,-9.7961923272456,3.2627012946488,,,-23.892913086152017,7.957728457648423,-15.0,-16.81691304375463,-6.3,,-0.5,1.8169130437546315,5.203807672754399,7.020720716509031
33,111.0,-0.22109079,-0.3068583,-0.23895925,-207.4,-275.49,-9.88312573606222,3.2841152144958428,,,-24.10494367025576,8.009957008155359,-15.0,-16.312743862657076,-6.3,,-0.5,1.3127438626570758,5.116874263937779,6.429618126594855
33,111.0,-0.22579622,-0.30936691,-0.23883112,-206.93,-291.45,-10.008421350100871,3.303610219166792,,,-24.410539672896025,8.057505324547808,-15.0,-16.275776699612486,-6.3,,-0.5,1.2757766996124857,4.991578649899129,6.2673553495116145
33,111.0,-0.20532325,-0.32490593,-0.24275535,-222.55,-361.02,-10.821865737649889,3.6360004805749297,,,-26.394530534128076,8.868205172122252,-42.0,-17.504344969307294,-17.64,,-0.5,-24.495655030692706,31.178134262350113,6.682479231657405
33,111.0,-0.17680305,-0.31044179,-0.25380111,-217.25,-353.3,-10.825316776267986,3.6677441693686608,,,-26.40294761731762,8.945628029090164,-45.0,-17.0874812158257,-18.9,,-0.5,-27.9125187841743,34.17468322373202,6.262164439557715
33,111.0,-0.1513903,-0.28460523,-0.27863741,-219.9,-337.02,-11.037912867629707,3.6945790765237616,,,-26.92146948414886,9.011078367641456,-45.0,-17.295913092566494,-18.9,,-0.5,-27.704086907433506,33.96208713237029,6.2580002249367865
33,112.0,-0.20746104,-0.19093086,-0.34857702,137.87,-212.43,7.472458224206986,2.430847835157922,256.15,-205.71,18.22532560884084,5.928837869950172,13.0,10.843963338208928,5.46,8.058841543721524,0.5,2.156036661791072,-5.527541775793014,-3.371505114001942
33,112.0,-0.19779879,-0.19485079,-0.30350554,146.39,-212.13,7.555083094399319,2.444138037245856,256.15,-205.71,18.42684766723994,5.961252672842644,20.0,11.514091485315184,8.4,8.058841543721524,0.5,8.485908514684816,-12.444916905600682,-3.959008390915865
33,112.0,-0.19683118,-0.19445716,-0.29283896,160.91999999999996,-206.52,7.640378368568619,2.456207406493826,256.15,-205.71,18.634882840938864,5.990689864438442,32.0,12.65692739816189,13.44,8.058841543721524,0.5,19.34307260183811,-24.35962163143138,-5.016549029593271
33,112.0,-0.21697441,-0.19610734,-0.24175601,256.15,-205.71,7.742671128994129,2.498709138347653,256.15,-205.71,18.88437488361668,6.094351588429927,32.0,20.147103859303808,13.44,8.058841543721524,0.5,11.852896140696192,-24.25732887100587,-12.40443273030968
33,112.0,-0.21911299,-0.20249225,-0.23725611,261.08000000000004,-215.08,7.807786647063465,2.5113225595975868,261.08000000000004,-215.08,19.043191632187792,6.1251157228585145,20.0,20.53486580358009,8.4,8.213946321432037,0.5,-0.5348658035800895,-12.192213352936534,-12.727079156516623
33,112.0,-0.21861781,-0.20743351,-0.23047623,260.51,-223.76,7.633040398468065,2.524079584588767,260.51,-223.76,18.61698553186361,6.156230106812003,20.0,20.49003328669621,8.4,8.196013314678487,0.5,-0.49003328669621027,-12.366959601531935,-12.856992888228145
33,113.0,-0.21038608,-0.18436462,-0.3355301,274.04999999999995,-307.38,8.965160531539755,2.946178991647648,274.04999999999995,-307.38,21.866026536425466,7.185730560628613,20.0,21.555002196534097,8.4,8.622000878613639,0.5,-1.5550021965340974,-11.034839468460245,-12.589841664994342
33,113.0,-0.2060734,-0.19219151,-0.28647712,271.9,-307.0,9.021262189245588,2.963552833786137,271.9,-307.0,22.00285847956999,7.228105361604389,20.0,21.38589708898968,8.4,8.55435883559587,0.5,-1.3858970889896796,-10.978737810754412,-12.364634899744091
33,113.0,-0.20471555,-0.19822979,-0.25738123,276.46000000000004,-299.62,8.973825896035521,2.983114477566758,276.46000000000004,-299.62,21.887161360430635,7.275816210785323,20.0,21.74455722406064,8.4,8.697822889624256,0.5,-1.7445572240606388,-11.026174103964479,-12.770731328025118
33,114.0,-0.2553798,-0.19278108,-0.21478768,270.44000000000005,-271.32,8.915993220251554,2.9573254485619684,270.44000000000005,-271.32,21.746107464193543,7.212916769042641,20.0,21.271062922936263,8.4,8.508425169174506,0.5,-1.271062922936263,-11.084006779748446,-12.355069702684709
33,114.0,-0.25165072,-0.19167286,-0.21640317,277.42,-289.94,9.067023920820583,2.9748573345409897,277.42,-289.94,22.1144713428814,7.255677038945474,20.0,21.82006462091768,8.4,8.728025848367071,0.5,-1.8200646209176803,-10.932976079179417,-12.753040700097097
33,114.0,-0.25165841,-0.19140312,-0.21691631,285.33000000000004,-299.83,9.226451291534325,2.9965288057898105,285.33000000000004,-299.83,22.50331470005221,7.308533757321348,20.0,22.44221410960436,8.4,8.976885643841745,0.5,-2.442214109604361,-10.773548708465675,-13.215762818070036
33,115.0,-0.1996374,-0.21390848,-0.23415071,189.15,-248.34,7.350507392435826,2.877334245976356,,,17.92788753015098,7.017818225936331,20.0,14.877316786989324,8.4,,0.5,5.122683213010676,-12.649492607564174,-7.5268093945534975
33,115.0,-0.20482573,-0.21478046,-0.22821756,177.61,-265.92,7.4660221027273,2.89591822423648,,,18.209627908551884,7.063144548912775,20.0,13.969654953936953,8.4,,0.5,6.030345046063047,-12.533977897272699,-6.503632851209653
33,115.0,-0.21213315,-0.21564665,-0.22511648,176.01,-273.51,7.441947747046098,2.9113077940105208,,,18.15091055504543,7.10067970959166,20.0,13.843809292508544,8.4,,0.5,6.156190707491456,-12.558052252953903,-6.401861545462446
33,115.0,-0.22537474,-0.21241546,-0.22193214,186.49,-275.2,7.969232696452246,3.0956053313422784,,,19.436958546647027,7.550181403143818,20.0,14.668098374864606,8.4,,0.5,5.331901625135394,-12.030767303547755,-6.69886567841236
33,115.0,-0.22327,-0.21087512,-0.22068039,186.86,-289.23,7.916963239717928,3.113148928909093,,,19.309473341672028,7.592970237609279,20.0,14.697200184069922,8.4,,0.5,5.3027998159300775,-12.083036760282072,-6.780236944351994
33,115.0,-0.22246324,-0.21072102,-0.2206949,186.95000000000005,-285.27,8.075880475291545,3.134844704260328,,,19.69707247923608,7.64588623369094,20.0,14.704279002525272,8.4,,0.5,5.295720997474728,-11.924119524708455,-6.628398527233728
33,116.0,-0.21485975,-0.32855296,-0.23609582,-306.3,-375.39,-11.359519036857703,3.7356285152784,-306.3,-375.39,-27.705866930895944,9.111197948764016,-42.0,-24.0915788097004,-17.64,-9.63663152388016,-0.5,-17.9084211902996,30.640480963142295,12.732059772842698
33,116.0,-0.21689981,-0.32780573,-0.23506944,-305.87,-377.06,-11.496062938982346,3.769619692917298,-305.87,-377.06,-28.038897508177943,9.194102431025293,-42.0,-24.05775778819152,-17.64,-9.623103115276606,-0.5,-17.94224221180848,30.503937061017652,12.561694849209173
33,116.0,-0.21664847,-0.32760999,-0.2336624,-306.11,-377.89,-11.624687944600971,3.797868175681819,-306.11,-377.89,-28.35261389688177,9.263000480487957,-42.0,-24.07663463740578,-17.64,-9.630653854962311,-0.5,-17.92336536259422,30.37531205539903,12.451946692804807
33,117.0,-0.25560257,-0.31590262,-0.22581546,-218.9,-381.24,-9.802572580189578,5.068056875431049,,,-23.90847452308238,12.360990719176328,-15.0,-17.21725955417374,-6.3,,-0.5,2.21725955417374,5.197427419810422,7.414686973984162
33,117.0,-0.25467956,-0.31496146,-0.22583912,-190.6,-267.31,-9.882490272165557,5.099588803466205,,,-24.10339377381179,12.437897091654074,-15.0,-14.991364417658822,-6.3,,-0.5,-0.008635582341177894,5.1175097278344435,5.108874145493266
33,117.0,-0.25439805,-0.31399226,-0.22584574,-191.43,-288.76,-9.904621029560708,5.138622064688227,,,-24.157370691098567,12.533099215774586,-15.0,-15.056646854524804,-6.3,,-0.5,0.05664685452480356,5.095378970439292,5.152025824964095
33,118.0,-0.24754059,-0.19320333,-0.21674091,254.80999999999997,-158.18,9.426438799503623,2.8869978012110686,254.80999999999997,-158.18,22.991084231989337,7.041387637153798,20.0,20.04170811785752,8.4,8.016683247143007,0.5,-0.04170811785752093,-10.573561200496377,-10.615269318353898
33,118.0,-0.24664611,-0.19427589,-0.21777537,260.22,-146.71,9.413487761864658,2.905492915490907,260.22,-146.71,22.9594966511879,7.086497220882323,20.0,20.467223760562323,8.4,8.18688950422493,0.5,-0.46722376056232306,-10.586512238135342,-11.053735998697665
33,118.0,-0.24672106,-0.19348399,-0.21704604,254.9,-135.92000000000002,9.46295804757236,2.9261060979699827,254.9,-135.92000000000002,23.080154678028983,7.136772772948788,20.0,20.048786936312865,8.4,8.019514774525147,0.5,-0.04878693631286524,-10.53704195242764,-10.585828888740505
33,118.0,-0.26327088,-0.29134449,-0.23176864,-112.45,-244.79,12.988099164221042,3.820206261318664,254.9,-135.92000000000002,31.67797386153512,9.31748307135622,-15.0,-8.84459039226513,-6.3,8.019514774525147,0.5,-6.155409607734869,27.98809916422104,21.832689556486173
33,118.0,-0.26859877,-0.29309344,-0.23076124,-136.98000000000002,-257.3,12.955398605931624,3.8513435231955713,254.9,-135.92000000000002,31.598217199867232,9.393426853073995,-15.0,-10.773961689039377,-6.3,8.019514774525147,0.5,-4.226038310960623,27.955398605931624,23.729360294971002
33,118.0,-0.26933274,-0.29274541,-0.23053689,-110.73000000000002,-233.09,13.015723844833566,3.8829891905923546,254.9,-135.92000000000002,31.74535045754907,9.470610635854754,-15.0,-8.709306306229596,-6.3,8.019514774525147,0.5,-6.290693693770404,28.015723844833566,21.725030151063162
33,118.0,-0.26864675,-0.29333985,-0.22453395,-102.81,-288.16,14.974476764842017,4.359379379930228,254.9,-135.92000000000002,36.52274882944968,10.632526307649828,-15.0,-8.086370282158988,-6.3,8.019514774525147,0.5,-6.913629717841012,29.974476764842017,23.060847047001005
33,118.0,-0.26879025,-0.29688546,-0.2264577,-102.73000000000002,-284.46,15.151240389505462,4.414215046122476,254.9,-135.92000000000002,36.95387531000382,10.76627049749272,-15.0,-8.08007799908757,-6.3,8.019514774525147,0.5,-6.919922000912431,30.15124038950546,23.23131838859303
33,118.0,-0.27008867,-0.29850116,-0.22615199,-108.26,-280.64,15.380091546488964,4.464680908197284,254.9,-135.92000000000002,37.51204328188658,10.889356735093177,-15.0,-8.515032066399494,-6.3,8.019514774525147,0.5,-6.484967933600506,30.380091546488963,23.895123612888458
33,119.0,-0.2222261,-0.18134783,-0.21880384,268.51,-228.66,11.549806119375813,4.147513547212694,268.51,-228.66,28.169977125157608,10.11578554165176,32.0,21.11926159383824,13.44,8.447704637535297,0.5,10.880738406161761,-20.450193880624187,-9.569455474462426
33,119.0,-0.22359832,-0.17702319,-0.21909954,261.33000000000004,-222.67,11.663916662612616,4.183101423524065,261.33000000000004,-222.67,28.44829274011217,10.202584371975195,32.0,20.55452918817828,13.44,8.221811675271312,0.5,11.445470811821721,-20.336083337387386,-8.890612525565663
33,119.0,-0.22443511,-0.17634626,-0.2176161,258.12,-222.56,11.733077876055363,4.220897699331728,258.12,-222.56,28.61697693969904,10.294769488670084,32.0,20.30205132993753,13.44,8.120820531975014,0.5,11.69794867006247,-20.26692212394464,-8.568973453882167
33,120.0,-0.19218569,-0.32492885,-0.30891985,-620.32,-431.77,-21.20589479449862,7.166239732401613,,,-51.721177403782136,17.478458707327533,-45.0,-48.79036293579286,-18.9,,-0.5,3.7903629357928565,23.79410520550138,27.584468141294238
33,120.0,-0.17074242,-0.35116577,-0.27688491,-634.36,-442.25,-21.57354096735748,7.269135552811397,,,-52.61786641938489,17.729421613306997,-45.0,-49.89465861482712,-18.9,,-0.5,4.894658614827122,23.42645903264252,28.32111764746964
33,120.0,-0.17289054,-0.36978406,-0.2606338,-640.62,-451.44,-21.931321294130424,7.374540048042434,,,-53.4904926363841,17.986503177175496,-45.0,-50.362647168264,-18.9,,-0.5,5.362647168263997,23.068678705869576,28.431325874133574
33,1.0,-0.41154617,-0.39686361,-0.49112305,35.96000000000004,-169.37,-7.465567406723551,0.8865568077317505,,,-18.20851890499874,2.1623120540577405,-31.0,2.8283812406034192,-13.02,,-0.5,-33.82838124060342,23.53443259327645,-10.293948647326971
33,1.0,-0.41193825,-0.39693466,-0.49296394,37.92999999999995,-175.91,-7.463049332636615,0.8892771935002202,,,-18.202377322300705,2.168947074947038,-31.0,2.9833287112371365,-13.02,,-0.5,-33.983328711237135,23.536950667363385,-10.446378043873752
33,1.0,-0.41212696,-0.39744619,-0.49398166,73.04999999999995,-188.87,-7.537142248681221,0.8915179493218375,,,-18.3830899445335,2.1744122783959616,-31.0,5.7456409795906405,-13.02,,-0.5,-36.74564097959064,23.46285775131878,-13.28278322827186
33,1.0,-0.40818232,-0.39225093,-0.48719826,58.00999999999999,-163.82,-9.073295109481649,1.096849606338509,,,-22.129766772025743,2.675216189859624,-8.0,4.56269176216363,-3.36,,-0.5,-12.562691762163631,-1.0732951094816485,-13.63598687164528
33,1.0,-0.4102464,-0.39351419,-0.48965439,40.27999999999997,-185.58,-9.097700499546876,1.1002127583139156,,,-22.18929151839483,2.683418917527641,-8.0,3.1681645264601093,-3.36,,-0.5,-11.16816452646011,-1.0977004995468764,-12.265865026006985
33,1.0,-0.41170633,-0.39391932,-0.4917444,43.66999999999996,-187.54,-9.211136864212222,1.1039742133894492,,,-22.465962811813608,2.692593106456867,-4.0,3.4348000216115424,-1.68,,-0.5,-7.434800021611542,-5.2111368642122216,-12.645936885823764
33,1.0,-0.41753438,-0.38576454,-0.55271792,70.92999999999995,-182.71,-15.080156680469033,2.0963145832829184,,,-36.780502143663966,5.112911268627039,-24.0,5.578895478198002,-10.08,,-0.5,-29.578895478198003,8.919843319530967,-20.659052158667034
33,1.0,-0.41999012,-0.38668478,-0.55646521,74.95000000000005,-186.85,-15.146839374616206,2.1102706660851425,,,-36.94314123468893,5.146950154581662,-29.0,5.895082702536879,-12.18,,-0.5,-34.89508270253688,13.853160625383794,-21.041922077153085
33,1.0,-0.41993925,-0.38753974,-0.55636495,73.49000000000001,-191.74,-15.293093615289308,2.123098848893221,,,-37.29985532769062,5.178238092450567,-29.0,5.780248536483456,-12.18,,-0.5,-34.780248536483455,13.706906384710692,-21.073342151772763
33,2.0,-0.27159235,-0.17819187,-0.21960495,328.58000000000004,-150.56,9.827417060262595,1.484804304261667,328.58000000000004,-150.56,23.969070209980472,3.621437698094205,20.0,25.84397964509095,8.4,10.33759185803638,0.5,-5.8439796450909505,-10.172582939737405,-16.016562584828357
33,2.0,-0.26849893,-0.17684257,-0.21966675,331.62,-152.11,9.794592254864504,1.490913898063155,331.62,-152.11,23.88901050961453,3.636338997376036,20.0,26.08308640180492,8.4,10.433234560721967,0.5,-6.08308640180492,-10.205407745135496,-16.288494146940415
33,2.0,-0.26897007,-0.17709176,-0.21913455,328.6,-162.94,9.862021922672016,1.4964505108716386,328.6,-162.94,24.05347146939705,3.649842796015927,20.0,25.84555271585881,8.4,10.338221086343523,0.5,-5.845552715858808,-10.137978077327984,-15.983530793186793
33,2.0,-0.4193767,-0.38673702,-0.55482924,188.86,-198.15,10.79626120809536,1.6609942915606304,328.6,-162.94,26.332081086544587,4.0511650771163765,-24.0,14.85450726085543,-10.08,10.338221086343523,0.5,-38.85450726085543,34.79626120809536,-4.058246052760069
33,2.0,-0.41573009,-0.38627616,-0.55006903,183.71000000000004,-208.36,10.817552069348157,1.6685728292878794,328.6,-162.94,26.38400949714016,4.069649130633138,-24.0,14.449441538132747,-10.08,10.338221086343523,0.5,-38.449441538132746,34.81755206934815,-3.631889468784591
33,2.0,-0.41946012,-0.38388851,-0.555305,184.83000000000004,-218.77,10.885045564456355,1.6762152074855765,328.6,-162.94,26.548626131709057,4.088288891057321,-24.0,14.537533501132636,-10.08,10.338221086343523,0.5,-38.537533501132636,34.885045564456355,-3.6524879366762804
33,3.0,-0.42165497,-0.38575542,-0.55894458,203.47000000000003,-186.18,-18.263979033917902,3.64230947543939,,,-44.545844863725776,8.88359281059667,-29.0,16.00363545677356,-12.18,,-0.5,-45.00363545677356,10.736020966082098,-34.26761449069146
33,3.0,-0.41667092,-0.38707355,-0.55177766,206.42999999999995,-183.26,-18.372522244452117,3.669451622266166,,,-44.81058175421871,8.94979250670718,-24.0,16.236449930416104,-10.08,,-0.5,-40.2364499304161,5.627477755547883,-34.60897217486822
33,3.0,-0.41913882,-0.38825914,-0.55412209,52.07000000000005,-189.76,-18.48211036976897,3.696963572526301,,,-45.07786719186653,9.016894153391648,-29.0,4.09548974411068,-12.18,,-0.5,-33.09548974411068,10.517889630231029,-22.57760011387965
33,3.0,-0.26739016,-0.21931385,-0.23032594,196.32000000000005,-216.39,-23.77411859419237,5.1824947563501365,,,-57.98507525123518,12.640104710737983,11.0,15.441262657265373,4.62,,-0.5,-4.441262657265373,-34.77411859419237,-39.21538125145774
33,3.0,-0.2692022,-0.21854681,-0.2279723,196.27,-213.72,-23.886968012781317,5.232147972532589,,,-58.26031498317362,12.761208905006988,11.0,15.43732998034573,4.62,,-0.5,-4.43732998034573,-34.88696801278132,-39.32429799312705
33,3.0,-0.26622951,-0.21656242,-0.22485805,199.30999999999997,-211.8,-24.071943080821303,5.282622925735911,,,-58.71146917412317,12.88431731586989,13.0,15.676436737059698,5.46,,-0.5,-2.6764367370596975,-37.0719430808213,-39.748379817881
33,3.0,-0.26689363,-0.21329167,-0.22138822,211.33000000000004,-211.99,-25.03769955820237,5.547242069620443,,,-61.06694922245557,13.529723407804266,18.0,16.621852268540604,7.56,,-0.5,1.3781477314593964,-43.03769955820237,-41.65955182674297
33,3.0,-0.26718026,-0.21417879,-0.21999146,213.6,-214.42,-25.239781577071422,5.602766878838519,,,-61.55982726647721,13.66514841748715,18.0,16.800395800692154,7.56,,-0.5,1.1996041993078457,-43.239781577071426,-42.04017737776358
33,3.0,-0.26418629,-0.21379785,-0.22197205,216.47000000000003,-213.54,-25.4445421446162,5.659152928568,,,-62.05923829071892,13.80267399277735,18.0,17.026131455879355,7.56,,-0.5,0.9738685441206449,-43.4445421446162,-42.47067360049556
33,4.0,-0.28670442,-0.1426654,-0.21033372,409.52,-240.86,12.812955644479963,1.9423959788932812,409.52,-240.86,31.25079881688664,4.737503792520714,45.0,32.21019704260041,18.9,12.884078817040166,0.5,12.789802957399587,-32.18704435552004,-19.39724139812045
33,4.0,-0.2859413,-0.14186619,-0.2092094,412.94000000000005,-244.95,12.872816741706297,1.9525938507716016,412.94000000000005,-244.95,31.39680003302166,4.762376402031936,-45.0,32.47919214390364,-18.9,12.991676857561457,0.5,-77.47919214390365,57.872816741706295,-19.606375402197344
33,4.0,-0.28535032,-0.14121425,-0.20903862,423.26,-247.0,12.93314675216147,1.9628932549928877,423.26,-247.0,31.543944928521825,4.787496648927652,-45.0,33.29089666011685,-18.9,13.31635866404674,0.5,-78.29089666011686,57.93314675216147,-20.35774990795538
33,4.0,-0.41951296,-0.38727024,-0.55523717,50.41999999999996,-170.32,18.246101716395277,2.9464345583996847,423.26,-247.0,44.50224208628807,7.186353887936832,-29.0,3.9657114057626286,-12.18,13.31635866404674,0.5,-32.965711405762626,47.24610171639527,14.280390310632647
33,4.0,-0.41938493,-0.3871851,-0.55439186,52.370000000000005,-178.57,18.367098126784647,2.968449998246977,423.26,-247.0,44.79735233122776,7.240049545724378,-29.0,4.119085805628502,-12.18,13.31635866404674,0.5,-33.1190858056285,47.36709812678465,14.248012321156146
33,4.0,-0.41690126,-0.38546482,-0.55098426,56.92999999999995,-181.1,18.42074002843892,2.9907741802716243,423.26,-247.0,44.92818492936252,7.294498225682492,-24.0,4.477745940699453,-10.08,13.31635866404674,0.5,-28.477745940699453,42.42074002843892,13.942994087739468
33,4.0,-0.42131832,-0.38495845,-0.55880445,-8.919999999999959,-123.17,27.636389214473333,4.641845079685014,423.26,-247.0,67.40515329410046,11.32146014935175,-29.0,-0.7015895624633581,-12.18,13.31635866404674,0.5,-28.298410437536642,56.63638921447333,28.33797877693669
33,4.0,-0.42148307,-0.38660377,-0.55903345,68.07000000000005,-203.23,27.972253803665502,4.6894548593060215,423.26,-247.0,68.22432702714016,11.437580401847388,-29.0,5.353946358394736,-12.18,13.31635866404674,0.5,-34.35394635839474,56.9722538036655,22.618307445270766
33,4.0,-0.41432863,-0.38600487,-0.54835862,134.14999999999998,-225.42,28.24444926960876,4.737847128025768,423.26,-247.0,68.88821176857576,11.555609145254843,-24.0,10.551372175387884,-10.08,13.31635866404674,0.5,-34.55137217538788,52.244449269608765,17.693077094220875
33,5.0,-0.37686813,-0.10641501,-0.45857364,460.3699999999999,-191.22,15.04332415884778,2.326694536971928,460.3699999999999,-191.22,36.69066762342974,5.674807975674533,0.0,36.20972946987192,0.0,14.483891787948773,0.5,-36.20972946987192,15.04332415884778,-21.166405311024135
33,5.0,-0.37037632,-0.12644289,-0.42116305,462.71,-190.13,15.12571841924654,2.341044685603663,462.71,-190.13,36.89162722454231,5.709807988187334,0.0,36.39377874971098,0.0,14.557511499884392,0.5,-36.39377874971098,15.12571841924654,-21.268060330464444
33,5.0,-0.30464739,-0.13830577,-0.33496523,512.0899999999999,-173.16,15.278227544281435,2.3555507901913018,512.0899999999999,-173.16,37.26359698050242,5.745188377276588,0.0,40.27769047554514,0.0,16.111076190218057,0.5,-40.27769047554514,15.278227544281435,-24.999462931263707
33,5.0,-0.41645199,-0.38753927,-0.5514226,5.779999999999973,-204.83,28.013557845945627,4.596590886301726,512.0899999999999,-173.16,68.32506758626138,11.211085171689906,-29.0,0.4546174519101131,-12.18,16.111076190218057,0.5,-29.454617451910114,57.01355784594563,27.558940394035513
33,5.0,-0.41633889,-0.38630557,-0.55039132,111.97000000000004,-181.11,28.281082668579984,4.643289777578474,512.0899999999999,-173.16,68.97756062866658,11.324983767513896,-29.0,8.806836693836614,-12.18,16.111076190218057,0.5,-37.806836693836615,57.281082668579984,19.47424597474337
33,5.0,-0.4166714,-0.38426027,-0.55219573,112.69000000000004,-187.37,28.553497519326527,4.690743839516273,512.0899999999999,-173.16,69.6419804496374,11.440724224580194,-29.0,8.863467241479398,-12.18,16.111076190218057,0.5,-37.8634672414794,57.55349751932653,19.69003027784713
33,6.0,-0.42196736,-0.38468552,-0.55932659,363.3399999999999,-212.02,9.953507357231397,1.5104183727593234,363.3399999999999,-212.02,24.27660444428737,3.6839104111599914,-29.0,28.577976639623053,-12.18,11.43119065584922,0.5,-57.57797663962305,38.953507357231395,-18.624469282391658
33,6.0,-0.41779605,-0.38389277,-0.55390626,-666.0,-217.75,9.990903456903473,1.5167221132907702,-666.0,-217.75,24.367813531387565,3.699285234316188,-29.0,-51.360760570468045,-12.18,-20.54430422818722,0.5,22.360760570468045,38.990903456903474,61.35166402737152
33,6.0,-0.41657305,-0.38400653,-0.55131215,292.78,-187.82,10.028221422628418,1.5230728770013684,292.78,-187.82,24.45883204979071,3.714774747006338,-24.0,23.02818297063037,-10.08,9.211273188252148,0.5,-47.02818297063037,34.02822142262842,-12.99996154800195
33,6.0,-0.27515095,-0.16736913,-0.22146338,367.98,-154.9,11.079119630970624,1.6771272635023378,367.98,-154.9,27.02197277993736,4.090513395682203,25.0,28.942929057765443,10.5,11.577171623106178,0.5,-3.9429290577654434,-13.920880369029376,-17.86380942679482
33,6.0,-0.27778217,-0.17152137,-0.22217885,370.7000000000001,-158.2,11.194155102357051,1.684849314180278,370.7000000000001,-158.2,27.302544294648847,4.109347477285699,20.0,29.156866682193733,8.4,11.662746672877494,0.5,-9.156866682193733,-8.805844897642949,-17.962711579836682
33,6.0,-0.2742058,-0.16822301,-0.22096184,382.8299999999999,-156.7,11.24031043235999,1.6926376539752257,382.8299999999999,-156.7,27.415117144526015,4.128343238045575,20.0,30.110934102897826,8.4,12.044373641159131,0.5,-10.110934102897826,-8.75968956764001,-18.870623670537835
33,6.0,-0.41918918,-0.38703141,-0.55409575,174.60000000000002,-187.57,13.991408012245074,2.1927186154830043,382.8299999999999,-156.7,34.125044141865736,5.348040703163045,-29.0,13.732907803374763,-12.18,12.044373641159131,0.5,-42.732907803374765,42.991408012245074,0.258500208870311
33,6.0,-0.42266586,-0.38722131,-0.55882359,182.17999999999995,-193.52,14.06413486553048,2.2055470975057325,382.8299999999999,-156.7,34.30242493702884,5.379329370816482,-29.0,14.329101624391832,-12.18,12.044373641159131,0.5,-43.32910162439183,43.06413486553048,-0.2649667588613518
33,6.0,-0.41782022,-0.38467294,-0.55328447,181.78,-201.59,14.137606249239038,2.218516622555552,382.8299999999999,-156.7,34.481621641894016,5.410962042412992,-29.0,14.29764020903473,-12.18,12.044373641159131,0.5,-43.29764020903473,43.13760624923904,-0.16003395979569213
33,6.0,-0.41776535,-0.38708979,-0.55233425,76.66999999999996,-194.59,16.328702330935478,2.5958738711394824,382.8299999999999,-156.7,39.82570498515163,6.331336371709195,-29.0,6.030366788572408,-12.18,12.044373641159131,0.5,-35.03036678857241,45.32870233093548,10.29833554236307
33,6.0,-0.41131231,-0.39249429,-0.54452127,76.50999999999999,-192.02,16.42670513717299,2.6134307434958925,382.8299999999999,-156.7,40.06473382956493,6.374157583386481,-29.0,6.01778222242957,-12.18,12.044373641159131,0.5,-35.017782222429574,45.42670513717299,10.408922914743421
33,6.0,-0.41523591,-0.38952693,-0.54906446,77.59000000000003,-188.78,16.595140437325664,2.6312060976307503,382.8299999999999,-156.7,40.4755475266373,6.4175116721214,-29.0,6.102728043893747,-12.18,12.044373641159131,0.5,-35.10272804389375,45.59514043732567,10.492412393431916
33,6.0,-0.42133585,-0.38512748,-0.5577383,70.12,-190.08,18.73104651727452,3.0159024109989936,382.8299999999999,-156.7,45.68502245563255,7.355785980426546,-29.0,5.515186112099877,-12.18,12.044373641159131,0.5,-34.515186112099876,47.73104651727452,13.215860405174645
33,6.0,-0.41645631,-0.38722071,-0.54999101,71.08000000000004,-189.8,18.85861508630821,3.038965763064093,382.8299999999999,-156.7,45.996162195505725,7.412037496113321,-29.0,5.590693508956923,-12.18,12.044373641159131,0.5,-34.590693508956925,47.858615086308205,13.267921577351286
33,6.0,-0.41806906,-0.38522694,-0.55345964,70.22000000000003,-190.42,18.987476695386665,3.062329780700809,382.8299999999999,-156.7,46.31045566004808,7.469022335129274,-29.0,5.523051465939154,-12.18,12.044373641159131,0.5,-34.523051465939155,47.98747669538666,13.46442522944751
33,7.0,-0.42183778,-0.38732058,-0.55853391,423.75,-292.53,11.110653884507558,1.3256048184099134,423.75,-292.53,27.09888482431393,3.2331501521017785,-29.0,33.3294368939293,-12.18,13.33177475757172,0.5,-62.3294368939293,40.110653884507556,-22.218783009421742
33,7.0,-0.42132983,-0.38471204,-0.55805176,423.25,-283.53,11.197772109155377,1.331569766536707,423.25,-283.53,27.31136617422996,3.247698660583028,-29.0,33.29011012473293,-12.18,13.316044049893172,0.5,-62.29011012473293,40.19777210915538,-22.09233801557755
33,7.0,-0.42048904,-0.38540852,-0.55707526,424.6099999999999,-273.33,11.259889785039448,1.3389281548665926,424.6099999999999,-273.33,27.46287118571121,3.265645769719619,-29.0,33.39707893694706,-12.18,13.358831574778826,0.5,-62.39707893694706,40.25988978503945,-22.137189151907613
33,7.0,-0.28375089,-0.15328278,-0.22158551,398.1400000000001,-72.66,12.103296020793492,1.454489529695877,398.1400000000001,-72.66,29.51993899471533,3.547499962928244,32.0,31.31511977569089,13.44,12.526047910276356,0.5,0.6848802243091114,-19.896703979206507,-19.211823754897395
33,7.0,-0.28501385,-0.15397128,-0.22063792,399.9000000000001,-71.68,12.219906249095004,1.4631913193302353,399.9000000000001,-71.68,29.80435134154272,3.568723627846444,32.0,31.453550003262137,13.44,12.581420001304856,0.5,0.5464499967378629,-19.780093750904996,-19.233643754167133
33,7.0,-0.28664595,-0.15528581,-0.21887593,404.3499999999999,-84.55,12.33174657031094,1.471181403218765,404.3499999999999,-84.55,30.077129884988384,3.588211442450568,32.0,31.80355824910988,13.44,12.721423299643952,0.5,0.19644175089011995,-19.66825342968906,-19.47181167879894
33,8.0,-0.28573903,-0.13600202,-0.21403599,453.02,-183.58,13.935027664820666,2.115575439343303,453.02,-183.58,33.987532474497606,5.159888496558315,41.0,35.63162596268519,17.22,14.252650385074077,0.5,5.368374037314808,-27.064972335179334,-21.696598297864526
33,8.0,-0.28567201,-0.13738593,-0.21434401,454.46,-175.88,14.016600010095203,2.127563228547473,454.46,-175.88,34.1864874246222,5.189126714427287,41.0,35.744887057970764,17.22,14.297954823188306,0.5,5.2551129420292355,-26.983399989904797,-21.72828704787556
33,8.0,-0.28387475,-0.13584867,-0.21359232,460.79,-171.25,14.094481109124558,2.1409089401230688,460.79,-171.25,34.3764394251548,5.221676904960166,41.0,36.242763955996885,17.22,14.497105582398754,0.5,4.757236044003115,-26.90551889087544,-22.148282846872327
33,9.0,-0.27290773,-0.11778434,-0.21219338,537.55,-178.0,16.39271460587088,2.540834004722996,537.55,-178.0,39.98183092371907,6.197094137519386,45.0,42.28020956302464,18.9,16.91208382520986,0.5,2.7197904369753587,-28.60728539412912,-25.887494957153763
33,9.0,-0.27308834,-0.11671355,-0.21097639,544.45,-180.35,16.502572591919318,2.556007477608261,544.45,-180.35,40.24977455169122,6.23410223788655,45.0,42.822918977934656,18.9,17.129167591173864,0.5,2.1770810220653445,-28.497427408080682,-26.320346386015338
33,9.0,-0.27240047,-0.11690588,-0.21098091,551.25,-187.01,16.600121200002945,2.573063608347667,551.25,-187.01,40.48769560680719,6.275702140759961,45.0,43.35776303900537,18.9,17.343105215602147,0.5,1.6422369609946301,-28.399878799997055,-26.757641839002424
33,10.0,-0.24794899,-0.10810816,-0.2150953,704.6400000000001,-274.26,18.897712285256297,3.0367081854719986,704.6400000000001,-274.26,46.09152026374011,7.406531264366205,45.0,52.88034693221604,18.9,21.152138772886417,0.5,-7.880346932216042,-26.102287714743703,-33.982634646959745
33,10.0,-0.24871068,-0.10885622,-0.21328074,708.0699999999999,-277.94,19.02694695066227,3.060018307022272,708.0699999999999,-277.94,46.40672361266528,7.463384650827322,45.0,53.015237750559606,18.9,21.206095100223845,0.5,-8.015237750559606,-25.97305304933773,-33.988290799897335
33,10.0,-0.24993578,-0.10872885,-0.21265867,714.25,-271.51,19.20244780888544,3.081281083374648,714.25,-271.51,46.83477020587159,7.515244562350766,45.0,53.25827718419322,18.9,21.30331087367729,0.5,-8.258277184193219,-25.79755219111456,-34.05582937530778
33,10.0,-0.24887398,-0.10766761,-0.21262139,730.8699999999999,-288.65,19.74425644396393,3.1790402525431034,730.8699999999999,-288.65,48.15624146682804,7.75367917595263,45.0,53.91188808823699,18.9,21.5647552352948,0.5,-8.911888088236992,-25.25574355603607,-34.16763164427306
33,10.0,-0.25013444,-0.10629058,-0.2112972,584.6099999999999,-253.94,19.89837683550661,3.2068971632154444,584.6099999999999,-253.94,48.53214110180063,7.821622181082468,45.0,45.981645079787626,18.9,18.39265803191505,0.5,-0.9816450797876257,-25.10162316449339,-26.083268244281015
33,10.0,-0.24612376,-0.11003602,-0.21335714,345.47,-230.41,20.02636795122953,3.230006390108599,345.47,-230.41,48.84431143304883,7.877985585474871,45.0,27.17243790854456,18.9,10.868975163417824,0.5,17.82756209145544,-24.97363204877047,-7.146069957315028
33,11.0,-0.23993434,-0.08169039,-0.21523927,873.5999999999999,-321.9,23.614427579316043,3.889049851969901,873.5999999999999,-321.9,57.59558886595183,9.48539258895459,-45.0,59.524997855635846,-18.9,23.80999914225434,0.5,-104.52499785563585,68.61442757931604,-35.9105702763198
33,11.0,-0.23796876,-0.08147054,-0.21467473,881.3599999999999,-309.36,23.821652377146563,3.921316317249932,881.3599999999999,-309.36,58.10101014786047,9.564090497772586,-45.0,59.83017358459974,-18.9,23.9320694338399,0.5,-104.83017358459975,68.82165237714656,-36.00852120745318
33,11.0,-0.23760499,-0.07878495,-0.21222551,897.05,-314.84000000000003,24.02540367157104,3.9613523657884,897.05,-314.84000000000003,58.59795955496177,9.661738420157906,-45.0,60.4472105932909,-18.9,24.17888423731636,0.5,-105.44721059329089,69.02540367157104,-36.421806921719856
33,12.0,-0.26274514,-0.13763592,-0.21623135,532.24,-245.8,15.0883529493546,2.296079899165136,532.24,-245.8,36.80049284347587,5.600138874063767,32.0,41.862559274159125,13.44,16.745023709663652,0.5,-9.862559274159125,-16.9116470506454,-26.774206324804524
33,12.0,-0.26439589,-0.13625579,-0.21665335,531.5699999999999,-245.22,15.239085013373767,2.3100774529110595,531.5699999999999,-245.22,37.16812834761862,5.6342789076500726,32.0,41.80986140343597,13.44,16.723944561374392,0.5,-9.809861403435967,-16.760914986626233,-26.5707763900622
33,12.0,-0.26470268,-0.13629478,-0.21576972,532.8499999999999,-231.01,15.321568657725264,2.32423377235682,532.8499999999999,-231.01,37.36930595619192,5.668806170778282,32.0,41.91053793257871,13.44,16.764215173031484,0.5,-9.910537932578713,-16.678431342274735,-26.588969274853447
33,13.0,-0.40563199,-0.35180798,-0.58971876,-25.21000000000004,-140.9,6.706549495755236,1.076939536777232,357.62,-90.94,16.35727422014702,2.626655530199669,-29.0,-1.982855702881319,-12.18,11.251231360006605,0.5,-27.01714429711868,35.70654949575523,8.689405198636555
33,13.0,-0.40628171,-0.35522026,-0.58568978,-13.720000000000027,-189.43,6.723496421536474,1.079900800970481,357.62,-90.94,16.39860777212746,2.6338780535670034,-29.0,-1.0791265467485802,-12.18,11.251231360006605,0.5,-27.92087345325142,35.723496421536474,7.802622968285054
33,13.0,-0.40697774,-0.35907704,-0.58585733,-10.42999999999995,-147.19,6.675119372815765,1.083541554799054,357.62,-90.94,16.280616150297654,2.642757852154893,-29.0,-0.8203564054364152,-12.18,11.251231360006605,0.5,-28.179643594563586,35.675119372815765,7.495475778252181
33,13.0,-0.32695809,-0.14238168,-0.21961224,357.62,-90.94,10.839505674280026,1.6982499141007894,357.62,-90.94,26.437554339568987,4.142031540491827,45.0,28.12807840001651,18.9,11.251231360006605,0.5,16.87192159998349,-34.160494325719974,-17.288572725736483
33,13.0,-0.32855973,-0.14350864,-0.21856226,352.35,-88.31,10.880136817666532,1.7070722965073557,352.35,-88.31,26.53665369828867,4.163549331181441,41.0,27.713574252686705,17.22,11.085429701074682,0.5,13.286425747313295,-30.119863182333468,-16.833437435020173
33,13.0,-0.32830128,-0.14426282,-0.21717504,357.23,-90.22,10.978680851793309,1.7135510312756574,357.23,-90.22,26.77700259752388,4.179350965281328,41.0,28.097403520043336,17.22,11.238961408017335,0.5,12.902596479956664,-30.021319148206693,-17.11872266825003
33,14.0,-0.29564014,-0.1463301,-0.21197687,396.6400000000001,-186.4,11.778092951368771,1.8967701296186164,396.6400000000001,-186.4,28.72676870838844,4.626222346139807,41.0,31.19713946810176,17.22,12.478855787240704,0.5,9.80286053189824,-29.22190704863123,-19.41904651673299
33,14.0,-0.29616055,-0.14636676,-0.2099859,397.0,-143.28,11.861754973447614,1.906643497643992,397.0,-143.28,28.93082038023873,4.650303490753698,41.0,31.225454741923144,17.22,12.490181896769258,0.5,9.774545258076856,-29.138245026552386,-19.36369976847553
33,14.0,-0.29856187,-0.14627692,-0.20861128,394.4000000000001,-138.95,11.962813242750135,1.91462029325187,394.4000000000001,-138.95,29.177301499067585,4.669758895241312,45.0,31.02095554210199,18.9,12.408382216840796,0.5,13.97904445789801,-33.03718675724986,-19.058142299351857
33,14.0,-0.4032881,-0.35328728,-0.59025097,45.120000000000005,-189.92,18.11627778229761,3.0667644816635384,394.4000000000001,-138.95,44.18560151102388,7.479838570777371,-29.0,3.548847652281039,-12.18,12.408382216840796,0.5,-32.54884765228104,47.116277782297615,14.567430130016573
33,14.0,-0.41086611,-0.35598382,-0.59331763,46.120000000000005,-188.27,18.18600037178568,3.093357838169517,394.4000000000001,-138.95,44.35565490678527,7.544699767295452,-29.0,3.627501190673792,-12.18,12.408382216840796,0.5,-32.62750119067379,47.18600037178568,14.55849918111189
33,14.0,-0.40575674,-0.353641,-0.58725697,47.40999999999997,-188.76,18.370667900258677,3.115436439657389,394.4000000000001,-138.95,44.806059008730905,7.598549476324372,-29.0,3.7289642552004416,-12.18,12.408382216840796,0.5,-32.72896425520044,47.37066790025868,14.641703645058236
33,14.0,-0.40578097,-0.35571527,-0.59512639,51.88999999999999,-181.58,19.179261463910667,3.256737102008241,394.4000000000001,-138.95,46.778218710478114,7.9431817917981,-31.0,4.081332107199978,-13.02,12.408382216840796,0.5,-35.08133210719998,50.17926146391066,15.097929356710688
33,14.0,-0.40186715,-0.35400376,-0.59197003,52.63999999999999,-182.43,19.26520995165044,3.2863649828336907,394.4000000000001,-138.95,46.98784707207542,8.01544419313137,-31.0,4.140322260994544,-13.02,12.408382216840796,0.5,-35.140322260994544,50.26520995165044,15.124887690655896
33,14.0,-0.41428617,-0.36499059,-0.60254335,51.00999999999999,-179.23000000000002,19.46292972765739,3.310971806534642,394.4000000000001,-138.95,47.47008560575637,8.075460236137992,-31.0,4.012116993414357,-13.02,12.408382216840796,0.5,-35.01211699341436,50.46292972765739,15.450812734243033
33,14.0,-0.40357223,-0.35627949,-0.59265137,55.38999999999999,-178.19,21.819161813298265,3.77757817695476,394.4000000000001,-138.95,53.21693566263447,9.21351317359266,-31.0,4.356619491574616,-13.02,12.408382216840796,0.5,-35.35661949157462,52.819161813298265,17.46254232172365
33,14.0,-0.40304697,-0.35493252,-0.59389424,55.64999999999998,-179.74,21.9817901262958,3.8089758278284105,394.4000000000001,-138.95,53.61358611803546,9.290092044073493,-31.0,4.377069411556732,-13.02,12.408382216840796,0.5,-35.37706941155673,52.9817901262958,17.604720714739067
33,14.0,-0.40138626,-0.35581383,-0.59104705,57.52999999999997,-175.43,22.134244672748448,3.84797149131159,394.4000000000001,-138.95,53.985422756833465,9.385202467308968,-31.0,4.524938063735108,-13.02,12.408382216840796,0.5,-35.52493806373511,53.13424467274845,17.609306609013338
33,14.0,-0.40045622,-0.35107118,-0.58171391,56.440000000000055,-169.61,23.960353654632417,4.189976898411601,394.4000000000001,-138.95,58.43930256364847,10.219353655225898,-31.0,4.439205706887012,-13.02,12.408382216840796,0.5,-35.43920570688701,54.960353654632414,19.521147947745405
33,14.0,-0.39956123,-0.35014382,-0.58185977,55.14999999999998,-168.05,24.198234197296596,4.235794881821255,394.4000000000001,-138.95,59.01949320720639,10.331103716762035,-31.0,4.337742642360355,-13.02,12.408382216840796,0.5,-35.337742642360354,55.1982341972966,19.860491554936242
33,14.0,-0.40096682,-0.35498518,-0.58853316,55.98000000000002,-168.85,24.39686745738552,4.273892705161584,394.4000000000001,-138.95,59.50395972856328,10.424024307889107,-31.0,4.403025079226343,-13.02,12.408382216840796,0.5,-35.403025079226346,55.396867457385525,19.99384237815918
33,15.0,-0.39847544,-0.3543292,-0.59076101,470.8299999999999,405.56,12.538692438397494,2.035089716628015,448.8299999999999,97.56,30.581870857251488,4.96358381885573,-31.0,37.03244548146013,-13.02,14.120827054727824,0.5,-68.03244548146013,43.53869243839749,-24.493753043062636
33,15.0,-0.39753023,-0.36239028,-0.59981161,448.8299999999999,97.56,12.640909173516286,2.045272765353184,448.8299999999999,97.56,30.831177474206225,4.988420274696416,-31.0,35.30206763681956,-13.02,14.120827054727824,0.5,-66.30206763681956,43.640909173516285,-22.661158463303273
33,15.0,-0.39790237,-0.3620303,-0.59127438,406.18000000000006,-291.07,12.65827223594275,2.058996887487141,406.18000000000006,-291.07,30.87352598346437,5.021893408581137,-31.0,31.947494224368626,-13.02,12.778997689747449,0.5,-62.947494224368626,43.658272235942746,-19.289221988425876
33,15.0,-0.4001506,-0.35571456,-0.59068847,433.79,-324.63,13.02935402775898,2.112079395884625,433.79,-324.63,31.77859447370415,5.151361646562602,-31.0,34.11911841939254,-13.02,13.647647367757015,0.5,-65.11911841939255,44.029354027758984,-21.08976439163356
33,15.0,-0.40166697,-0.35317391,-0.59271044,429.72,-302.4,13.12384651543619,2.1230114723433218,429.72,-302.4,32.00906165114887,5.178024981045363,-31.0,33.79899851813404,-13.02,13.519599407253615,0.5,-64.79899851813404,44.12384651543619,-20.67515200269785
33,15.0,-0.4015677,-0.35238951,-0.59176505,428.3,-295.7,13.27795550047144,2.1352866160590507,428.3,-295.7,32.384933465649844,5.207964056568024,-31.0,33.68731049361632,-13.02,13.47492419744653,0.5,-64.68731049361632,44.27795550047144,-20.40935499314488
33,15.0,-0.26852015,-0.1437919,-0.20850004,475.1500000000001,-222.55,14.217814108854958,2.3164750306786503,475.1500000000001,-222.55,34.67724861149724,5.649882599825229,38.0,37.372228767316834,15.96,14.948891506926737,0.5,0.6277712326831661,-23.78218589114504,-23.154414658461874
33,15.0,-0.26975366,-0.14222735,-0.20697099,476.1600000000001,-230.21,14.288541845791231,2.329481529978996,476.1600000000001,-230.21,34.84975356188482,5.681605451618772,38.0,37.45166884109352,15.96,14.980667536437409,0.5,0.5483311589064783,-23.71145815420877,-23.163126995302292
33,15.0,-0.26916566,-0.1430271,-0.20673805,481.3900000000001,-226.43,14.32807560763245,2.336766421224577,481.3900000000001,-226.43,34.94617640701554,5.699373301366743,38.0,37.863026846887614,15.96,15.145210738755049,0.5,0.13697315311238611,-23.67192439236755,-23.534951239255165
33,16.0,-0.27708676,-0.11588899,-0.21295661,455.0899999999999,-228.31,16.983717461036054,2.813624157664897,455.0899999999999,-228.31,41.423286887466936,6.862429320544681,38.0,35.794438787158185,15.96,14.317775514863277,0.5,2.2055612128418147,-21.016282538963946,-18.81072132612213
33,16.0,-0.27573287,-0.11449148,-0.21226276,458.7000000000001,-207.02,17.150985047338555,2.838481772613423,458.7000000000001,-207.02,41.831252530458734,6.923057043404139,38.0,36.078378060756044,15.96,14.431351224302418,0.5,1.9216219392439555,-20.849014952661445,-18.92739301341749
33,16.0,-0.27394906,-0.11350269,-0.21104755,461.9500000000001,-207.2,17.25187792296174,2.857381146203039,461.9500000000001,-207.2,42.077330254103686,6.969152615589213,41.0,36.33400206053249,17.22,14.533600824212996,0.5,4.665997939467509,-23.74812207703826,-19.08212413757075
33,17.0,-0.27512455,-0.16382612,-0.21675825,365.28,-235.62,11.652823960928762,1.4943123896823378,365.28,-235.62,28.42123764070525,3.644627918435221,20.0,28.730564504105,8.4,11.492225801642,0.5,-8.730564504105,-8.347176039071238,-17.07774054317624
33,17.0,-0.27766812,-0.16276464,-0.21655278,367.1700000000001,-245.79,11.741281433503362,1.5036194040331372,367.1700000000001,-245.79,28.6369854163147,3.66732772643682,20.0,28.87921969166731,8.4,11.551687876666923,0.5,-8.87921969166731,-8.258718566496638,-17.13793825816395
33,17.0,-0.2773549,-0.16311835,-0.21678184,370.6199999999999,-252.61,11.761601824281662,1.511315112916603,370.6199999999999,-252.61,28.68654684942297,3.686097560403596,20.0,29.1505743991223,8.4,11.66022975964892,0.5,-9.150574399122299,-8.238398175718338,-17.388972574840636
33,18.0,-0.21991135,-0.37328795,-0.23867185,-556.24,-324.57,-19.331208447331925,2.987897146078474,-556.24,-324.57,-47.14881740304256,7.287481139285401,-45.0,-43.75024419558521,-18.9,-17.500097678234084,-0.5,-1.2497558044147894,25.668791552668075,24.419035748253286
33,18.0,-0.22474577,-0.38005772,-0.2377212,-557.95,-329.37,-19.5045388507498,3.008008105336909,-557.95,-329.37,-47.57157025697875,7.336531768916725,-45.0,-43.884741746236834,-18.9,-17.553896698494736,-0.5,-1.115258253763166,25.4954611492502,24.380202895487034
33,18.0,-0.22150302,-0.37285879,-0.23864281,-571.38,-336.98,-19.649112347616427,3.032944997374619,-571.38,-336.98,-47.924185015836464,7.397352848596693,-45.0,-44.94105876685151,-18.9,-17.976423506740602,-0.5,-0.05894123314848798,25.350887652383573,25.291946419235085
33,19.0,-0.25868863,-0.15196474,-0.2697311,428.31,-235.29,14.08425985460184,2.8174384426391,428.31,-235.29,34.351509785373885,6.871732361596765,18.0,33.688097029000254,7.56,13.475238811600102,0.5,-15.688097029000254,-3.9157401453981606,-19.603837174398414
33,19.0,-0.24857536,-0.15180311,-0.23798551,432.26,-231.78,14.213439584472404,2.83510722364602,432.26,-231.78,34.66657914652819,6.914826518472642,20.0,33.99877850565164,8.4,13.599511402260656,0.5,-13.998778505651643,-5.786560415527596,-19.78533892117924
33,19.0,-0.24392113,-0.15189949,-0.22447841,439.7000000000001,-232.37,14.2471278762373,2.8547675877374887,439.7000000000001,-232.37,34.748744890142774,6.962778146491734,25.0,34.58396083129372,10.5,13.83358433251749,0.5,-9.583960831293723,-10.7528721237627,-20.336832955056423
33,19.0,-0.26004159,-0.14804912,-0.21281345,456.43000000000006,-255.47,14.891499338402584,3.0661531412044374,456.43000000000006,-255.47,36.3203668863639,7.478347511397622,25.0,35.899834528604494,10.5,14.3599338114418,0.5,-10.899834528604494,-10.108500661597416,-21.00833519020191
33,19.0,-0.262407,-0.14772923,-0.21329956,451.75,-267.64,15.028111558045506,3.0847142465676933,451.75,-267.64,36.65356409007299,7.523618047378605,25.0,35.5317359689264,10.5,14.21269438757056,0.5,-10.531735968926398,-9.971888441954494,-20.503624410880892
33,19.0,-0.2656537,-0.1481998,-0.21668962,459.8800000000001,-271.25,15.0562138068963,3.107672012668214,459.8800000000001,-271.25,36.72210547502007,7.579612038897775,25.0,36.17118923605949,10.5,14.468475694423796,0.5,-11.17118923605949,-9.9437861931037,-21.114975429163188
33,20.0,-0.2528466,-0.35721424,-0.23849122,-393.86,-307.63,-15.34584552514198,2.348147173654596,-393.86,-307.63,-37.42851723582129,5.727130956543558,-42.0,-30.9784826313699,-17.64,-12.39139305254796,-0.5,-11.0215173686301,26.654154474858018,15.63263710622792
33,20.0,-0.2498709,-0.35627604,-0.23952152,-395.86,-321.04,-15.487626292079518,2.362552686690691,-395.86,-321.04,-37.77432052638195,5.762266002838594,-42.0,-31.135789708155407,-17.64,-12.454315883262163,-0.5,-10.864210291844593,26.51237370792048,15.648163416075889
33,20.0,-0.25500563,-0.36512867,-0.23585682,-398.63,-327.71,-15.526128768138152,2.377120285632551,-398.63,-327.71,-37.86822806548896,5.797796376657793,-42.0,-31.35366000950333,-17.64,-12.541464003801332,-0.5,-10.64633999049667,26.47387123186185,15.827531241365177
33,21.0,-0.25808105,-0.3654826,-0.23600264,-554.49,-353.03,-16.835450770082065,2.563291472846691,-554.49,-353.03,-41.06166442823016,6.25186790227308,-42.0,-43.61260050339789,-17.64,-17.44504020135916,-0.5,1.6126005033978927,25.164549229917935,26.777149733315827
33,21.0,-0.25891039,-0.36651456,-0.23575662,-485.48,-314.92,-17.023335649762966,2.5905568357422144,-485.48,-314.92,-41.51991564977188,6.3183681223752615,-42.0,-38.18471981891398,-17.64,-15.273887927565594,-0.5,-3.815280181086017,24.976664350237034,21.161384169151017
33,21.0,-0.2625097,-0.37346908,-0.23544693,-565.62,-367.6,-17.085335812802086,2.606127785799249,-565.62,-367.6,-41.67113404742429,6.356345669564369,-42.0,-44.48801438570924,-17.64,-17.795205754283696,-0.5,2.488014385709242,24.914664187197914,27.402678572907156
33,22.0,-0.26472592,-0.14720008,-0.21911713,418.53,-260.96,13.760435168744689,2.325317601916736,418.53,-260.96,33.561701376568294,5.671449631074921,45.0,32.91886542351912,18.9,13.16754616940765,0.5,12.081134576480878,-31.23956483125531,-19.158430254774434
33,22.0,-0.26723596,-0.14428423,-0.21685605,421.78,-282.54,13.898181164433458,2.3383487016312463,421.78,-282.54,33.89766386005321,5.703232483278608,45.0,33.17448942329557,18.9,13.269795769318227,0.5,11.825510576704431,-31.10181883556654,-19.27630825886211
33,22.0,-0.26691502,-0.14416684,-0.21610983,433.2000000000001,-283.37,13.983287807436636,2.3544805502706048,433.2000000000001,-283.37,34.10523896233796,5.742578062110004,45.0,34.07271283174082,18.9,13.62908513269633,0.5,10.927287168259177,-31.016712192563364,-20.089425024304187
33,23.0,-0.28482327,-0.35157573,-0.23876981,-322.78,-275.49,-13.02740089198341,1.953589408119523,-322.78,-275.49,-31.773830775547538,4.764804566403518,-15.0,-25.387789122412972,-6.3,-10.155115648965191,-0.5,10.387789122412972,1.97259910801659,12.360388230429562
33,23.0,-0.28471926,-0.35453561,-0.23424943,-326.53,-271.66,-13.027341022429264,1.961753864171928,-326.53,-271.66,-31.77368475370498,4.7847176747153295,-15.0,-25.6827398913858,-6.3,-10.273095956554322,-0.5,10.6827398913858,1.9726589775707364,12.655398868956537
33,23.0,-0.28321373,-0.35527566,-0.23539972,-328.96,-283.17,-13.156870713263473,1.972044618025695,-328.96,-283.17,-32.08960766964961,4.80981682336467,-34.0,-25.873867989680196,-14.28,-10.349547195872075,-0.5,-8.126132010319804,20.843129286736527,12.716997276416723
33,24.0,-0.30779335,-0.21954383,-0.21877486,98.78999999999996,-218.1,4.24644002352371,1.1750904792257222,,,10.357067217374327,2.8660456788315365,13.0,7.770183057820116,5.46,,0.5,5.229816942179884,-8.75355997647629,-3.5237430342964062
33,24.0,-0.30595729,-0.21925211,-0.21893872,176.44000000000003,-181.48,4.278507842979305,1.179506839140202,,,10.435280629026526,2.876817180662953,11.0,13.877630314017434,4.62,,0.5,-2.877630314017434,-6.721492157020695,-9.599122471038129
33,24.0,-0.30594346,-0.22098453,-0.21919698,176.12,-186.16,4.30357088287746,1.1835494146892274,,,10.496409383338124,2.8866770224270253,11.0,13.85246118173175,4.62,,0.5,-2.8524611817317496,-6.69642911712254,-9.548890298854289
33,25.0,-0.39754513,-0.38918424,-0.55213666,255.77,-202.88,16.00603221021345,1.4674256707785045,255.77,-202.88,39.03871256071061,3.5790512110287693,-31.0,20.11721551471456,-13.02,8.046886205885825,0.5,-51.11721551471456,47.00603221021345,-4.1111833045011075
33,25.0,-0.39597505,-0.39047018,-0.55160046,257.13,-194.85,15.289784877854531,1.4718287187792765,257.13,-194.85,37.2917853170872,3.5897902451026558,-31.0,20.22418432692871,-13.02,8.089673730771485,0.5,-51.22418432692871,46.28978487785453,-4.93439944907418
33,25.0,-0.40402552,-0.38396227,-0.56643534,249.88,-190.51,14.953761624723503,1.4742834632297734,257.13,-194.85,36.47222460270063,3.595777366817419,-31.0,19.653946173581247,-13.02,8.089673730771485,0.5,-50.65394617358125,45.953761624723505,-4.700184548857743
33,25.0,-0.39886495,-0.36784527,-0.56379175,79.86000000000001,-152.25,10.875711120216376,1.592725887298501,257.13,-194.85,26.52585942220774,3.884658439121045,-29.0,6.281271576045296,-12.18,8.089673730771485,0.5,-35.2812715760453,39.87571112021638,4.59443954417108
33,25.0,-0.40673947,-0.3721247,-0.56800753,87.67999999999995,-152.17000000000002,10.83673362840787,1.5989761784879573,257.13,-194.85,26.4307933196868,3.899902899332128,-29.0,6.896342246276624,-12.18,8.089673730771485,0.5,-35.896342246276625,39.83673362840787,3.9403913821312466
33,25.0,-0.41799244,-0.37672028,-0.57310653,82.57000000000005,-159.88,10.797012070180385,1.604124717835326,257.13,-194.85,26.333912439169957,3.91246018680036,-29.0,6.494422665089662,-12.18,8.089673730771485,0.5,-35.49442266508966,39.797012070180386,4.302589405090723
33,25.0,-0.38823608,-0.38328403,-0.57529271,80.52999999999997,-176.97,11.000539253237225,1.862142409419734,257.13,-194.85,26.83031523864559,4.541765336574732,-24.0,6.333969446768438,-10.08,8.089673730771485,0.5,-30.33396944676844,35.00053925323722,4.666569806468787
33,25.0,-0.39007705,-0.3875967,-0.58175761,59.13999999999999,-181.94,11.131478534749151,1.869808751238061,257.13,-194.85,27.14967614625318,4.560463544269632,-29.0,4.651570260547442,-12.18,8.089673730771485,0.5,-33.651570260547444,40.13147853474915,6.479908274201709
33,25.0,-0.39149216,-0.3827652,-0.57862645,0.6200000000000045,-201.27,11.17552120230603,1.877536063764702,257.13,-194.85,27.257096212424408,4.579310459522107,-24.0,0.0487651938035075,-10.08,8.089673730771485,0.5,-24.048765193803508,35.17552120230603,11.126756008502522
33,25.0,-0.22224472,-0.15813185,-0.22454511,498.81,-277.18,15.10493137912621,2.640464933474928,498.81,-277.18,36.84092763368883,6.440093972745348,41.0,39.23317148568937,17.22,15.693268594275748,0.5,1.7668285143106317,-25.89506862087379,-24.128240106563158
33,25.0,-0.22665839,-0.1567947,-0.22377834,503.21,-286.96,15.165675894892056,2.655344523859238,503.21,-286.96,36.98908350764172,6.476385293692683,41.0,39.5792470546175,17.22,15.831698821847,0.5,1.4207529453825032,-25.834324105107946,-24.413571159725443
33,25.0,-0.22896592,-0.15364845,-0.2231528,498.3900000000001,-285.77,15.205612888945566,2.6703928195492965,498.3900000000001,-285.77,37.08648983613824,6.5130880868807335,41.0,39.20013699956442,17.22,15.680054799825768,0.5,1.799863000435579,-25.794387111054434,-23.994524110618855
33,26.0,-0.28036207,-0.14542513,-0.21399046,378.19000000000005,-244.03,12.953116322948626,2.1931646460387784,378.19000000000005,-244.03,31.5926507116717,5.34912857168858,32.0,29.745981684755453,13.44,11.89839267390218,0.5,2.254018315244547,-19.046883677051376,-16.792865361806825
33,26.0,-0.28099695,-0.14439657,-0.21565755,386.6500000000001,-236.56,13.01300862952424,2.2036611111540383,386.6500000000001,-236.56,31.738728047409623,5.3747294501047005,32.0,30.41139061955815,13.44,12.164556247823262,0.5,1.5886093804418486,-18.98699137047576,-17.39838199003391
33,26.0,-0.28356871,-0.14223973,-0.216939,399.32,-238.58,13.160735268955223,2.214257494884401,399.32,-238.58,32.09903332098179,5.400574030023053,25.0,31.407930950994327,10.5,12.56317238039773,0.5,-6.407930950994327,-11.839264731044777,-18.247195682039106
33,27.0,-0.29014874,-0.14233105,-0.21533632,378.75,-217.68,13.227807625713,2.286254470030495,378.75,-217.68,32.262622799114006,5.576174652404376,38.0,29.79002766625539,15.96,11.916011066502158,0.5,8.20997233374461,-24.772192374287002,-16.562220040542392
33,27.0,-0.28739649,-0.14146639,-0.21577446,411.07,-224.83,13.27369008210275,2.2964848332706715,411.07,-224.83,32.37453011024861,5.6011265083471695,41.0,32.33211002710918,17.22,12.932844010843674,0.5,8.66788997289082,-27.72630991789725,-19.05841994500643
33,27.0,-0.28879848,-0.14228261,-0.21302117,412.6099999999999,-242.42,13.37637444819828,2.307956210948157,412.6099999999999,-242.42,32.6249772791556,5.629105198502556,41.0,32.45323647623402,17.22,12.981294590493608,0.5,8.546763523765982,-27.62362555180172,-19.076862028035737
33,28.0,-0.22868323,-0.33668092,-0.25698119,-481.38,-308.88,-16.837596980943488,2.0358201221973173,-481.38,-308.88,-41.06689903652117,4.965365278039258,-42.0,-37.86224031150368,-17.64,-15.144896124601471,-0.5,-4.137759688496317,25.162403019056512,21.024643330560195
33,28.0,-0.2409333,-0.35695124,-0.24775456,-479.61,-315.71,-16.934747340675617,2.0485927273466977,-479.61,-315.71,-41.30384876390783,4.996517661998595,-42.0,-37.72302354854851,-17.64,-15.089209419419404,-0.5,-4.276976451451489,25.065252659324383,20.788276207872894
33,28.0,-0.248292,-0.36722064,-0.24261872,-483.58,-320.64,-17.072888090497404,2.059155619356389,-483.58,-320.64,-41.64077405272317,5.022280555610234,-42.0,-38.03527809596775,-17.64,-15.2141112383871,-0.5,-3.9647219040322526,24.927111909502596,20.962390005470343
33,28.0,-0.24078993,-0.37133855,-0.23817895,21.879999999999995,-238.17,-18.837584193569384,2.279978610693133,-483.58,-320.64,-45.94486784811573,5.56086783148055,-42.0,1.7209394200334465,-17.64,-15.2141112383871,-0.5,-43.720939420033446,23.162415806430616,-20.55852361360283
33,28.0,-0.23277812,-0.36299211,-0.23923717,28.049999999999955,-239.86,-18.948987806548157,2.2927657415583926,-483.58,-320.64,-46.21658126017095,5.59205564366092,-42.0,2.2062317519167323,-17.64,-15.2141112383871,-0.5,-44.20623175191673,23.051012193451843,-21.15521955846489
33,28.0,-0.21873359,-0.33978707,-0.25325799,35.77999999999997,-239.66,-18.997166630061145,2.307134721949552,-483.58,-320.64,-46.33408941071913,5.627101586834957,-45.0,2.814223603692718,-18.9,-15.2141112383871,-0.5,-47.81422360369272,26.002833369938855,-21.811390233753862
33,29.0,-0.29947814,-0.14738162,-0.21432085,358.51,-208.97,12.304124766292915,2.076371722350518,358.51,-208.97,30.009760304988426,5.064270630812915,38.0,28.198080049186057,15.96,11.279232019674424,0.5,9.801919950813943,-25.695875233707085,-15.893955282893142
33,29.0,-0.29998749,-0.1472782,-0.21357417,358.17999999999995,-220.22,12.379401655860912,2.0858433693454845,358.17999999999995,-220.22,30.19336063864477,5.087371977833636,38.0,28.17212438151645,15.96,11.26884975260658,0.5,9.82787561848355,-25.62059834413909,-15.792722725655539
33,29.0,-0.2983095,-0.14597605,-0.21262486,358.32000000000005,-225.68,12.412753969339445,2.095392145265367,358.32000000000005,-225.68,30.2747069312189,5.110661442302229,41.0,28.18313587689144,17.22,11.273254350756575,0.5,12.816864123108559,-28.587246030660555,-15.770381907551997
33,30.0,-0.27108136,-0.14999314,-0.21495818,456.3299999999999,-256.92,13.79197461716656,2.4406590706962232,456.3299999999999,-256.92,33.638626091269245,5.952767473428088,32.0,35.8919691747652,13.44,14.35678766990608,0.5,-3.891969174765201,-18.20802538283344,-22.09999455759864
33,30.0,-0.27262792,-0.15165658,-0.21501911,462.03,-264.16,13.884014494234682,2.4535500248349704,462.03,-264.16,33.86311135143839,5.984208510572492,32.0,36.3402943436039,13.44,14.53611773744156,0.5,-4.340294343603901,-18.115985505765316,-22.456279849369217
33,30.0,-0.27081254,-0.14908955,-0.21326448,464.46,-273.68,13.933481300848255,2.466562354955416,464.46,-273.68,33.9837608927689,6.01594558373626,32.0,36.5314224418983,13.44,14.61256897675932,0.5,-4.5314224418983,-18.066518699151743,-22.597941141050043
33,31.0,-0.25161809,-0.1513112,-0.20822662,437.53,-267.64,13.100693633646214,3.601400215065005,437.53,-267.64,31.95259177246312,8.783815124543548,41.0,34.41328265298144,17.22,13.765313061192575,0.5,6.586717347018563,-27.899306366353784,-21.31258901933522
33,31.0,-0.24779344,-0.1409325,-0.20630537,382.9,-260.97,13.21004558876729,3.6199894991300674,382.9,-260.97,32.219301191003424,8.829154388378234,41.0,30.11643985058532,17.22,12.046575940234128,0.5,10.88356014941468,-27.78995441123271,-16.90639426181803
33,31.0,-0.25434747,-0.13534084,-0.20633732,381.64,-265.63,13.232234128715604,3.637032417611203,381.64,-265.63,32.27341903993736,8.870722066553727,38.0,30.01733639221045,15.96,12.00693455688418,0.5,7.982663607789551,-24.767765871284396,-16.785102263494846
33,32.0,-0.29915634,-0.1587531,-0.2156529,349.0,-188.84,11.012946387158827,1.943808630301056,349.0,-188.84,26.860576238280384,4.740949249304274,20.0,27.450084899070976,8.4,10.980033959628392,0.5,-7.450084899070976,-8.987053612841173,-16.43713851191215
33,32.0,-0.29836756,-0.15763098,-0.21564329,346.07000000000005,-192.11,11.058451193887151,1.952155620050512,346.07000000000005,-192.11,26.97156246189077,4.7613075573032,20.0,27.21963003158021,8.4,10.887852012632084,0.5,-7.219630031580209,-8.941548806112849,-16.161178837693058
33,32.0,-0.29712176,-0.15774339,-0.2141377,348.78,-201.8,11.044928066250083,1.9614009598313984,348.78,-201.8,26.938579553583956,4.783856941028782,23.0,27.432781120624565,9.66,10.973112448249829,0.5,-4.432781120624565,-11.955071933749917,-16.38785305437448
33,33.0,-0.26825014,-0.14980187,-0.21890667,408.49,-221.59,12.76432626569373,2.199199741151036,408.49,-221.59,31.13219176202701,5.363848168667376,32.0,32.12918389805588,13.44,12.851673559222352,0.5,-0.12918389805587793,-19.235673734306268,-19.364857632362146
33,33.0,-0.26883847,-0.15094969,-0.21734746,412.19000000000005,-231.05,12.785107135848447,2.2108356132080638,412.19000000000005,-231.05,31.182876304334364,5.392228060614466,32.0,32.42020199010907,13.44,12.96808079604363,0.5,-0.4202019901090708,-19.21489286415155,-19.635094854260622
33,33.0,-0.26986426,-0.15210223,-0.21957207,408.76,-237.09,12.889036707383315,2.2215129095575987,408.76,-237.09,31.436360529307912,5.418269986410984,25.0,32.15042035342193,10.5,12.860168141368773,0.5,-7.150420353421929,-12.110963292616685,-19.261383646038613
33,34.0,-0.28007376,-0.13818754,-0.2155893,465.6199999999999,-217.53,14.636989641828476,2.558542999818309,465.6199999999999,-217.53,35.69961773641965,6.240286376556856,41.0,36.62266054643388,17.22,14.649064218573551,0.5,4.3773394535661225,-26.363010358171522,-21.9856709046054
33,34.0,-0.28051564,-0.13460742,-0.21359812,467.3299999999999,-244.77,14.703731863064068,2.572610963974861,467.3299999999999,-244.77,35.86240201401326,6.274598141134685,41.0,36.75715809708549,17.22,14.702863238834198,0.5,4.242841902914513,-26.296268136935932,-22.05342623402142
33,34.0,-0.27959442,-0.1359853,-0.21317045,469.21,-264.23,14.746987153691812,2.5853944111186475,469.21,-264.23,35.96790166785433,6.305776968718382,41.0,36.90502674926388,17.22,14.76201069970555,0.5,4.094973250736118,-26.253012846308188,-22.15803959557207
33,35.0,-0.27252361,-0.10189427,-0.21195753,559.06,-272.15,18.50119773948125,3.247981858284076,559.06,-272.15,45.12442128659477,7.921827752354861,45.0,43.97204717385277,18.9,17.58881886954111,0.5,1.027952826147228,-26.49880226051875,-25.470849434371523
33,35.0,-0.27159318,-0.10118747,-0.21211469,577.03,-261.73,18.6276095633602,3.2720330473482795,577.03,-261.73,45.432739725035525,7.980488602482456,45.0,45.38545125877055,18.9,18.154180503508226,0.5,-0.3854512587705514,-26.3723904366398,-26.757841695410352
33,35.0,-0.269339,-0.10080485,-0.21339922,586.4000000000001,-274.39,18.752200663146084,3.294172697540099,586.4000000000001,-274.39,45.7366174174133,8.034487209300302,45.0,46.12243491351066,18.9,18.448973965404264,0.5,-1.1224349135106593,-26.247799336853916,-27.370234250364575
33,36.0,-0.2833693,-0.12810732,-0.21603504,469.6300000000001,-247.35,15.490484106578844,3.6465446682845126,469.6300000000001,-247.35,37.7812907359458,8.893922445945925,45.0,36.93806123538884,18.9,14.775224494155536,0.5,8.061938764611163,-29.509515893421156,-21.447577128809993
33,36.0,-0.2801789,-0.12705564,-0.21594454,472.3,-247.61,15.446004796799349,3.6563855314070697,472.3,-247.61,37.67280569939361,8.917924311101844,45.0,37.14806618289747,18.9,14.85922647315899,0.5,7.851933817102527,-29.55399520320065,-21.702061386098123
33,36.0,-0.27893791,-0.12632675,-0.21649967,475.06,-264.08,15.684967359730456,3.6762158445192457,475.06,-264.08,38.25563539038258,8.966290444782441,45.0,37.36514994886147,18.9,14.94605997954459,0.5,7.634850051138528,-29.315032640269543,-21.680182589131014
33,37.0,-0.27232862,-0.13930322,-0.2176674,413.69000000000005,-274.45,14.058934377839272,2.550761003788798,413.69000000000005,-274.45,34.28974094754999,6.22130608824088,32.0,32.53818229769821,13.44,13.015272919079283,0.5,-0.5381822976982065,-17.94106562216073,-18.479247919858935
33,37.0,-0.26938954,-0.13975063,-0.21862163,402.4100000000001,-216.5,14.154832948735118,2.564882305766967,402.4100000000001,-216.5,34.523637561964954,6.255747943765632,32.0,31.65097038462795,13.44,12.66038815385118,0.5,0.34902961537205,-17.84516705126488,-17.496137435892834
33,37.0,-0.27197173,-0.14033622,-0.21733153,387.27,-116.53,14.255999671489691,2.5805996814197485,387.27,-116.53,34.77038319876336,6.294082622982765,32.0,30.460155813361645,13.44,12.18406232534466,0.5,1.539844186638355,-17.74400032851031,-16.204156141871955
33,37.0,-0.39566758,-0.38863072,-0.5497877,42.84000000000003,-188.99,23.672988581853293,4.337497826601446,387.27,-116.53,57.738419151140185,10.579157199080925,-31.0,3.3695175847455627,-13.02,12.18406232534466,0.5,-34.369517584745566,54.67298858185329,20.30347099710773
33,37.0,-0.39437646,-0.38817111,-0.5489437,42.34000000000003,-187.46,23.89923788650484,4.377672759430293,387.27,-116.53,58.29024120518531,10.677143860250483,-31.0,3.330190815549186,-13.02,12.18406232534466,0.5,-34.33019081554919,54.899237886504835,20.56904707095565
33,37.0,-0.39457798,-0.38958314,-0.54993892,40.46000000000004,-179.15,24.132401151195,4.410990133193678,387.27,-116.53,58.8589264077646,10.758404934859382,-31.0,3.18232216337081,-13.02,12.18406232534466,0.5,-34.18232216337081,55.132401151195,20.95007898782419
33,38.0,-0.39620143,-0.38782623,-0.54969943,116.12,-201.25,20.69138830302181,4.0747052778287465,,,50.4662960710702,9.938206172624312,-31.0,9.13324887816654,-13.02,,0.5,-40.13324887816654,51.69138830302181,11.55813942485527
33,38.0,-0.39593688,-0.38739204,-0.55073225,120.66999999999996,-208.5,20.853361828250524,4.106550264524506,,,50.86134949910303,10.015876095175273,-31.0,9.491122477853562,-13.02,,0.5,-40.491122477853565,51.85336182825053,11.362239350396962
33,38.0,-0.39757624,-0.38925055,-0.55330771,121.83000000000004,-199.84,20.992893208877835,4.129973560394449,,,51.20166653645304,10.07300551380206,-31.0,9.582360582389164,-13.02,,0.5,-40.582360582389164,51.99289320887783,11.41053262648867
33,38.0,-0.39609316,-0.38576531,-0.54858953,62.08000000000004,-195.07,33.102631807827386,6.078239622551097,,,80.73731897929099,14.82482643940213,-31.0,4.8828116634221415,-13.02,,0.5,-35.88281166342214,64.10263180782738,28.219820144405244
33,38.0,-0.39528313,-0.38553965,-0.54899335,151.95000000000005,-195.38,33.496392943570704,6.133952648417553,,,81.69770238936896,14.960710509490418,-31.0,11.9514051587789,-13.02,,0.5,-42.9514051587789,64.4963929435707,21.544987784791804
33,38.0,-0.39460337,-0.38621715,-0.54903513,157.10000000000002,-201.38,33.93310497015102,6.184887201425482,,,82.76284302219834,15.084939884276755,-31.0,12.356470881501576,-13.02,,0.5,-43.35647088150158,64.93310497015102,21.576634088649445
33,39.0,-0.3958894,-0.38747537,-0.5505926,-48.21000000000004,-260.03,26.83338662530597,4.826262243426989,,,65.44662997912125,11.771253611718423,-31.0,-3.7918870859146496,-13.02,,0.5,-27.20811291408535,57.83338662530597,30.62527371122062
33,39.0,-0.39462683,-0.38643402,-0.548392,-48.99000000000001,-244.73,27.11399129434249,4.860496223487338,,,66.13102476690133,11.85475028908562,-31.0,-3.853236845860995,-13.02,,0.5,-27.146763154139006,58.11399129434249,30.967228140203485
33,39.0,-0.39662731,-0.38447887,-0.5523296,-87.47000000000003,-236.19,27.40287211953386,4.908181121811721,,,66.83560509954309,11.97105375609879,-31.0,-6.879825003214152,-13.02,,0.5,-24.12017499678585,58.40287211953386,34.28269712274801
33,40.0,-0.25819704,-0.29183751,-0.23129836,-79.73000000000002,-263.41,26.337520804577505,4.8236776947133535,,,64.23721324236453,11.764949897405868,-15.0,-6.271046616054239,-6.3,,0.5,-8.728953383945761,41.33752080457751,32.60856742063174
33,40.0,-0.25749663,-0.29215187,-0.23069371,-85.14999999999998,-257.07,26.585135597583896,4.871372635848379,,,64.84114572250712,11.881277858834196,-15.0,-6.697348794142959,-6.3,,0.5,-8.30265120585704,41.5851355975839,33.282484391726854
33,40.0,-0.25562698,-0.29201171,-0.23306243,-86.27999999999997,-252.04,26.740942334138985,4.906527781387124,,,65.22115835296499,11.967021258803197,-15.0,-6.786227292526771,-6.3,,0.5,-8.213772707473229,41.740942334138985,33.52716962666575
33,40.0,-0.39453137,-0.38503847,-0.54683691,114.36,-227.62,56.08486164279833,7.990251107107376,,,136.79097754678514,19.488222450234893,-29.0,8.994818650595294,-12.18,,0.5,-37.99481865059529,85.08486164279833,47.09004299220304
33,40.0,-0.39373872,-0.38541529,-0.54693162,114.80999999999996,-232.24,56.99068111909184,8.00786670259697,,,139.000271249465,19.53118688763401,-29.0,9.030212742872026,-12.18,,0.5,-38.030212742872024,85.99068111909185,47.960468376219815
33,40.0,-0.39379391,-0.38400233,-0.54718894,112.01,-230.27,57.78812997759315,8.017870214896785,,,140.9452490153497,19.555585454133254,-29.0,8.80998283537232,-12.18,,0.5,-37.809982835372324,86.78812997759314,48.978147142220834
33,41.0,-0.27813488,-0.15024528,-0.21993576,409.53,-170.95,14.06166559473259,3.572726415040619,409.53,-170.95,34.29640238555279,8.713879726284071,20.0,32.210983577984344,8.4,12.884393431193738,0.5,-12.210983577984344,-5.93833440526741,-18.149317983251755
33,41.0,-0.27622765,-0.1512036,-0.21654508,396.7000000000001,-168.74,14.213142531411364,3.590091976412148,396.7000000000001,-168.74,34.66585463411232,8.756234330469228,20.0,31.201858680405323,8.4,12.48074347216213,0.5,-11.201858680405323,-5.786857468588636,-16.98871614899396
33,41.0,-0.27433443,-0.15101197,-0.21495116,397.73,-195.47,14.298249870763824,3.611527957111568,397.73,-195.47,34.87343143479297,8.808516687395116,20.0,31.282871824949854,8.4,12.513148729979944,0.5,-11.282871824949854,-5.701750129236176,-16.984621954186032
33,41.0,-0.29520825,-0.22060102,-0.22169569,168.99,-221.47,20.565642303432423,5.091787027665606,397.73,-195.47,50.15960157807168,12.418868560476415,-6.0,13.291661452991416,-2.52,12.513148729979944,0.5,-19.291661452991416,26.565642303432423,7.273980850441006
33,41.0,-0.29649526,-0.22138748,-0.22114506,172.71000000000004,-224.15,20.84346740036864,5.12847805018641,397.73,-195.47,50.83721698949911,12.508357964404652,-14.0,13.584252615812462,-5.88,12.513148729979944,0.5,-27.58425261581246,34.84346740036864,7.25921478455618
33,41.0,-0.29582655,-0.22141784,-0.22198464,178.59000000000003,-229.17,20.96684802046481,5.165624444983307,397.73,-195.47,51.13814232191366,12.598958021314289,-14.0,14.04673542156185,-5.88,12.513148729979944,0.5,-28.04673542156185,34.96684802046481,6.920112598902959
33,41.0,-0.38266689,-0.39155179,-0.55784339,176.65999999999997,-232.93,35.91785660682122,8.219223527160397,397.73,-195.47,87.60365226403695,20.04668618274421,-31.0,13.894934092463831,-13.02,12.513148729979944,0.5,-44.89493409246383,66.91785660682122,22.022922514357386
33,41.0,-0.38293537,-0.39304215,-0.55781716,186.95000000000005,-245.63,36.38949684947495,8.281470314618137,397.73,-195.47,88.7539828158694,20.19850609735363,-31.0,14.704279002525272,-13.02,12.513148729979944,0.5,-45.70427900252527,67.38949684947495,21.68521784694968
33,41.0,-0.38216895,-0.39254877,-0.55685675,188.25,-244.62,36.90685572985348,8.357708587198175,397.73,-195.47,90.01582112511265,20.384451244176358,-31.0,14.806528602435847,-13.02,12.513148729979944,0.5,-45.80652860243585,67.90685572985348,22.100327127417636
33,42.0,-0.23202848,-0.3214975,-0.23915841,-408.9,-302.47,-14.437460396259556,1.8924216765439503,-408.9,-302.47,-35.21296590647706,4.615616469090696,-42.0,-32.16143184879691,-17.64,-12.864572739518763,-0.5,-9.838568151203091,27.562539603740444,17.723971452537352
33,42.0,-0.24635841,-0.34261164,-0.23711573,-400.38,-308.93,-14.60684714862154,1.9027310502007309,-400.38,-308.93,-35.626100195487936,4.640761031439581,-42.0,-31.491303701690647,-17.64,-12.59652148067626,-0.5,-10.508696298309353,27.39315285137846,16.884456553069107
33,42.0,-0.25810775,-0.35097814,-0.23693506,-406.71,-304.28,-14.657589028755863,1.909411743325757,-406.71,-304.28,-35.74985964113556,4.657055241971523,-42.0,-31.989180599716786,-17.64,-12.795672239886713,-0.5,-10.010819400283214,27.342410971244135,17.331591570960924
33,42.0,-0.38274002,-0.39522779,-0.55912513,0.5099999999999909,-235.85,-20.254454123842955,2.601888019610138,-406.71,-304.28,-49.40061360805296,6.346004879829128,-31.0,0.0401133045803035,-13.02,-12.795672239886713,-0.5,-31.040113304580302,10.745545876157045,-20.294567428423257
33,42.0,-0.38087389,-0.39427963,-0.55641747,132.05999999999997,-209.5,-20.346013775360127,2.627876018618256,-406.71,-304.28,-49.62392759810335,6.409389609409928,-31.0,10.386986280147024,-13.02,-12.795672239886713,-0.5,-41.38698628014703,10.653986224639873,-30.73300005550715
33,42.0,-0.38218385,-0.39375138,-0.55726248,136.66999999999996,-220.24,-20.531371944651895,2.6518986026345406,-406.71,-304.28,-50.07601617300598,6.467980691825645,-31.0,10.749579092137616,-13.02,-12.795672239886713,-0.5,-41.749579092137616,10.468628055348105,-31.28095103678951
33,43.0,-0.25873926,-0.18030199,-0.21798167,370.46,-255.45,-23.299035610554625,3.158272375425252,370.46,-255.45,-56.826347854142725,7.703026323662186,20.0,29.137989832979468,8.4,11.655195933191788,-0.5,-9.137989832979468,-43.299035610554625,-52.4370254435341
33,43.0,-0.26059517,-0.18291503,-0.21737318,371.78,-257.84,-23.457926161063103,3.187662137258087,371.78,-257.84,-57.21388190683292,7.774707952772477,20.0,29.241812503657897,8.4,11.69672500146316,-0.5,-9.241812503657897,-43.4579261610631,-52.699738664720996
33,43.0,-0.25982583,-0.18133496,-0.21662641,374.48,-262.89,-23.73169036391229,3.224216027810185,374.48,-262.89,-57.88159279758207,7.86386289182904,20.0,29.45417705731834,8.4,11.781670822927335,-0.5,-9.45417705731834,-43.73169036391229,-53.185867421230625
33,44.0,-0.21857333,-0.14090836,-0.22966196,564.0999999999999,-177.17000000000002,-22.213877952595112,2.9620481363529354,564.0999999999999,-177.17000000000002,-54.17964832637948,7.224435404564808,45.0,44.36846100735225,18.9,17.747384402940902,-0.5,0.6315389926477479,-67.21387795259511,-66.58233895994736
33,44.0,-0.21844979,-0.14194404,-0.22914414,571.55,-169.04,-22.330678231818577,2.9913727689049434,571.55,-169.04,-54.46452420740551,7.295958183359158,45.0,44.95442986837826,18.9,17.981771947351305,-0.5,0.045570131621737175,-67.33067823181858,-67.28510810019684
33,44.0,-0.21509609,-0.14378622,-0.22896074,574.2,-176.8,-22.394036688219103,3.01819281825267,574.2,-176.8,-54.6190554825664,7.361372283718261,45.0,45.16286174511907,18.9,18.06514469804763,-0.5,-0.16286174511907348,-67.3940366882191,-67.55689843333818
33,46.0,-0.2659007,-0.31958422,-0.23211113,-212.19,-241.9,-9.76505049736552,2.0272552993455366,,,-23.816958163074503,4.9444756751037655,-15.0,-16.689494311558366,-6.3,,-0.5,1.6894943115583665,5.23494950263448,6.924443814192847
33,46.0,-0.26787513,-0.32226157,-0.23232441,-209.35,-239.9,-9.779374497556748,2.0342280557628416,,,-23.851894399540907,4.96148222800557,-15.0,-16.46611826252295,-6.3,,-0.5,1.4661182625229507,5.2206255024432515,6.686743764966202
33,46.0,-0.26995796,-0.3244786,-0.23126408,-206.45,-244.51,-9.784983972628911,2.0412512530341846,,,-23.86557590924192,4.9786118061503775,-15.0,-16.23802300118396,-6.3,,-0.5,1.2380230011839615,5.215016027371089,6.45303902855505
33,47.0,-0.25203523,-0.33862799,-0.24013191,-247.58,-271.12,-11.135049797592364,1.5260895122703086,-250.23,-273.14,-27.158386456327776,3.722132320427283,-15.0,-19.47304303527791,-6.3,-7.872589964807485,-0.5,4.473043035277911,3.864950202407636,8.337993237685547
33,47.0,-0.25533211,-0.34122244,-0.23913428,-250.23,-273.14,-11.2151032801721,1.5306403866401022,-250.23,-273.14,-27.35363690033975,3.733231903015209,-15.0,-19.68147491201871,-6.3,-7.872589964807485,-0.5,4.681474912018711,3.7848967198279,8.466371631846611
33,47.0,-0.25494856,-0.34076506,-0.23848405,-253.21,-279.6,-11.219876169798413,1.535726596911899,-253.21,-279.6,-27.365277978138327,3.7456371698681217,-15.0,-19.915862456429117,-6.3,-7.966344982571646,-0.5,4.915862456429117,3.780123830201587,8.695986286630704
33,48.0,-0.2881518,-0.28609896,-0.22901635,-71.47000000000003,-266.74,-4.822176328808208,1.258415329339678,,,-11.76128806596322,3.069274988259475,-15.0,-5.621368388930096,-6.3,,-0.5,-9.378631611069904,10.177823671191792,0.7991920601218876
33,48.0,-0.28543293,-0.28749281,-0.22851659,-67.96000000000004,-265.14,-4.828398839390574,1.262399013006019,,,-11.77646476927361,3.07899119272168,-15.0,-5.345294469171532,-6.3,,-0.5,-9.654705530828469,10.171601160609427,0.5168956297809579
33,48.0,-0.28442869,-0.28488007,-0.22757958,-71.62,-274.73,-4.835216244795927,1.2656795375504366,,,-11.793092421057263,3.086992392085516,-15.0,-5.633166419689007,-6.3,,-0.5,-9.366833580310992,10.164783755204073,0.7979501748930806
33,49.0,-0.40590286,-0.39471146,-0.52209198,192.67,-192.21,18.01630244109678,2.653620632063987,360.76,-140.72,43.94176165383504,6.472180721604065,-31.0,15.154177242131814,-13.02,11.350020204227905,0.5,-46.154177242131816,49.016302441096784,2.862125198964966
33,49.0,-0.40280661,-0.39576185,-0.52691764,180.07000000000005,-178.31,17.126407005739345,2.665046255213793,360.76,-140.72,41.771306686998265,6.5000478164664415,-31.0,14.16314265838313,-13.02,11.350020204227905,0.5,-45.16314265838313,48.126407005739345,2.9632643473562155
33,49.0,-0.40012386,-0.39485276,-0.5278697,156.90999999999997,-168.05,16.323897017273957,2.6754426803902875,360.76,-140.72,39.81398482513118,6.5254046974719095,-31.0,12.341526709206953,-13.02,11.350020204227905,0.5,-43.34152670920695,47.32389701727396,3.9823703080670043
33,49.0,-0.39069849,-0.38789889,-0.55178368,17.25,-238.17,7.944110694613137,3.0512291549126096,360.76,-140.72,19.375685984161443,7.441947908831854,-29.0,1.356773537274998,-12.18,11.350020204227905,0.5,-30.356773537274996,36.94411069461314,6.587337157338139
33,49.0,-0.38474122,-0.38992789,-0.55451274,141.51999999999998,-234.05,7.902116089425156,3.0650301903996544,360.76,-140.72,19.27326114210796,7.475608634384757,-29.0,11.131048753342476,-12.18,11.350020204227905,0.5,-40.131048753342476,36.90211608942516,-3.2289326639173206
33,49.0,-0.38301697,-0.39050093,-0.55818522,239.02,-201.24,7.849070546403997,3.0820592008288434,360.76,-140.72,19.14388306267935,7.517142390821549,-31.0,18.79976874663594,-13.02,11.350020204227905,0.5,-49.79976874663594,38.84907054640399,-10.950698200231944
33,49.0,-0.23918507,-0.18483756,-0.22302252,342.47,-306.12,10.042386750176464,4.698365041353185,342.47,-306.12,24.4933812836804,11.45931233586042,38.0,26.9364772933663,15.96,10.77459091734652,0.5,11.063522706633702,-27.957613249823538,-16.894090543189833
33,49.0,-0.23996605,-0.18622427,-0.22205406,342.38,-308.4,10.223038458786244,4.718621664497887,342.38,-308.4,24.93399080097965,11.508718239710346,38.0,26.929398474910947,15.96,10.77175938996438,0.5,11.070601525089053,-27.77696154121376,-16.706360016124705
33,49.0,-0.23961933,-0.18639296,-0.22191288,342.94000000000005,-316.07,10.21503159537706,4.734721666251165,342.94000000000005,-316.07,24.91446206112465,11.547986143986591,32.0,26.97344445641089,13.44,10.789377782564358,0.5,5.026555543589112,-21.78496840462294,-16.75841286103383
