Participant,trigger_no,fzd_hands0_fingerTip_coordinates_x,fzd_hands0_fingerTip_coordinates_y,fzd_hands0_fingerTip_coordinates_z,eyegaze_new_coordinates_x,eyegaze_new_coordinates_y,angle_center,Buidling_half_width,eyegaze_new_coordinates_x_without_tablet_&_road_gazes,eyegaze_new_coordinates_y_without_tablet_&_road_gazes,angle_center_scaled,Buidling_half_width_scaled,horizontal_angle_finger_pointing_unscaled,eyegaze_horiz_angle_x,horizontal_angle_finger_pointing,eyegaze_horiz_angle_x_scaled_without_tablet,side,difference,D_p,D_g
27,25.0,-0.34891444,-0.22995618,-0.59841102,305.16,386.43,9.389386172687622,1.7026828544624557,724.94,224.1,20.863216075711897,3.783361302615576,-21.0,23.456957570556373,-11.13,19.41017118323409,0.5,-44.45695757055637,30.389386172687622,-14.06757139786875
27,25.0,-0.35314041,-0.23001184,-0.59673375,-89.58999999999997,330.51,9.367150709927952,1.7045739802464817,724.94,224.1,20.81380887745991,3.787563384107683,-21.0,-6.886580248873197,-11.13,19.41017118323409,0.5,-14.113419751126802,30.36715070992795,16.25373095880115
27,25.0,-0.34772286,-0.23033988,-0.59571511,90.14,189.39,9.431777468298908,1.706808874632927,724.94,224.1,20.95740953456017,3.792529319434363,-21.0,6.928857502326489,-11.13,19.41017118323409,0.5,-27.928857502326487,30.431777468298908,2.502919965972419
27,25.0,-0.4019962,-0.360973,-0.56631845,724.94,224.1,10.72548392418658,1.7914183670525867,724.94,224.1,23.83202527954258,3.980531611590848,-24.0,52.4599221168489,-12.72,19.41017118323409,0.5,-76.4599221168489,34.72548392418658,-41.734438192662324
27,25.0,-0.40216646,-0.35831866,-0.56464571,756.6099999999999,232.8,10.739744603941457,1.7963098102366502,756.6099999999999,232.8,23.86371250995792,3.991400398345837,-24.0,53.67712267763589,-12.72,19.86053539072528,0.5,-77.6771226776359,34.73974460394146,-42.93737807369443
27,25.0,-0.40231723,-0.35876441,-0.56444246,712.4300000000001,240.98,10.732085212771596,1.8012995705326178,712.4300000000001,240.98,23.846693342778487,4.002487645723477,-24.0,51.97911444348467,-12.72,19.232272344089328,0.5,-75.97911444348466,34.732085212771594,-41.247029230713075
27,25.0,-0.36038125,0.00354594,-0.22880431,272.1,44.19999999999999,19.253106413777125,3.3054341110597507,272.1,44.19999999999999,42.78040245141277,7.344674594774766,41.0,20.91571029934589,21.73,7.738812810757979,0.5,20.08428970065411,-21.746893586222875,-1.662603885568764
27,25.0,-0.3594943,0.00186057,-0.22934535,334.77,306.42999999999995,19.46215764861771,3.330088958565444,272.1,44.19999999999999,43.24491429522855,7.399457665932417,41.0,25.73301116101441,21.73,7.738812810757979,0.5,15.26698883898559,-21.53784235138229,-6.270853512396702
27,25.0,-0.36133417,0.00089373,-0.22931819,365.6,311.34000000000003,19.529026905099897,3.352805942023254,272.1,44.19999999999999,43.39349778313197,7.449934803175672,41.0,28.1028433864052,21.73,7.738812810757979,0.5,12.897156613594799,-21.470973094900103,-8.573816481305304
27,26.0,-0.32533991,-0.03404784,-0.21463999,-441.05,105.85000000000002,14.794113823028484,2.462354238548084,-441.05,105.85000000000002,32.87252091476929,5.4713511180538426,32.0,-33.902513882861086,16.96,-12.543930136658602,0.5,65.90251388286109,-17.205886176971518,48.69662770588957
27,26.0,-0.32347438,-0.0342999,-0.21515459,-471.61,132.98000000000002,14.936187879812108,2.475444150095424,-471.61,132.98000000000002,33.1882094689425,5.500436901512032,32.0,-36.251591820192985,16.96,-13.413088973471403,0.5,68.25159182019298,-17.06381212018789,51.187779700005095
27,26.0,-0.32295811,-0.03261847,-0.2155415,-440.86,133.02999999999997,15.056801762258708,2.4886719348286928,-440.86,133.02999999999997,33.456213515738845,5.529829039189355,32.0,-33.887909013486315,16.96,-12.538526334989935,0.5,65.88790901348631,-16.943198237741292,48.94471077574502
27,27.0,-0.37362623,-0.03393298,-0.20999306,-76.61000000000001,29.019999999999985,14.222531207512136,2.2233227291982223,-251.81,-113.73000000000002,31.602464343091963,4.940223104278449,23.0,-5.888837067375555,12.19,-7.161743674667276,0.5,28.888837067375555,-8.777468792487864,20.11136827488769
27,27.0,-0.37273833,-0.03356889,-0.2095347,34.879999999999995,-34.19999999999999,14.309202674375172,2.2341328540014667,-251.81,-113.73000000000002,31.79504834246163,4.964243201591259,23.0,2.6811465462741064,12.19,-7.161743674667276,0.5,20.318853453725893,-8.690797325624828,11.628056128101065
27,27.0,-0.3715941,-0.03228369,-0.20804435,42.91999999999996,-38.110000000000014,14.376432233301175,2.24504202095576,-251.81,-113.73000000000002,31.944432422395217,4.988483370563696,23.0,3.299163124027653,12.19,-7.161743674667276,0.5,19.700836875972346,-8.623567766698825,11.077269109273523
27,28.0,-0.27339315,-0.36738274,-0.25699341,-477.28,24.480000000000015,-18.966241728537423,2.3628614291621237,-477.28,24.480000000000015,-42.14298912081015,5.250278095598237,-33.0,-36.68743186942963,-17.490000000000002,-13.574349791688965,-0.5,3.6874318694296306,14.033758271462577,17.721190140892208
27,28.0,-0.27400705,-0.36438006,-0.25826061,-477.91,25.139999999999983,-19.090005868371072,2.3781320847915115,-477.91,25.139999999999983,-42.417993039520525,5.284209492406738,-33.0,-36.73585854156703,-17.490000000000002,-13.592267660379802,-0.5,3.7358585415670333,13.909994131628928,17.64585267319596
27,28.0,-0.27430472,-0.36502311,-0.259363,-505.77,26.029999999999973,-19.207006107454767,2.39513427545716,-505.77,26.029999999999973,-42.677967570764494,5.321988360065809,-33.0,-38.87739359831006,-17.490000000000002,-14.38463563137472,-0.5,5.877393598310057,13.792993892545233,19.67038749085529
27,28.0,-0.35100886,-0.20935671,-0.59624773,-272.63,38.01999999999998,-30.03309040120329,4.069714572042024,-272.63,38.01999999999998,-66.73352687147371,9.04290577907738,0.0,-20.956450198128145,0.0,-7.753886573307414,-0.5,20.956450198128145,-30.03309040120329,-9.076640203075144
27,28.0,-0.34972355,-0.20904694,-0.59657192,-276.78,34.44999999999999,-30.293430962962397,4.118239562558905,-276.78,34.44999999999999,-67.31200359970244,9.150728308005888,0.0,-21.2754512923666,0.0,-7.871916978175642,-0.5,21.2754512923666,-30.293430962962397,-9.017979670595796
27,28.0,-0.34891841,-0.21538427,-0.60400009,-348.2,89.26999999999998,-30.652288114345296,4.172612283128798,-348.2,89.26999999999998,-68.10938419007525,9.271544493112184,0.0,-26.765344822610206,0.0,-9.903177584365777,-0.5,26.765344822610206,-30.652288114345296,-3.88694329173509
27,29.0,-0.27037936,-0.10321611,-0.24110405,182.65,-49.23000000000002,12.06647569846638,2.0867764859269986,-255.98,66.86000000000001,26.81170900199229,4.636817351729793,20.0,14.039891533169882,10.6,-7.28034290076379,0.5,5.960108466830118,-7.93352430153362,-1.973415834703502
27,29.0,-0.27062628,-0.10218341,-0.2397649,214.02,-51.63,12.119833189483504,2.0963505332772847,-255.98,66.86000000000001,26.930269347032343,4.658090884942126,23.0,16.451232334678448,12.19,-7.28034290076379,0.5,6.548767665321552,-10.880166810516496,-4.331399145194943
27,29.0,-0.27012247,-0.10114975,-0.23937485,-255.98,66.86000000000001,12.173734647582764,2.106014448724955,-255.98,66.86000000000001,27.0500383869289,4.679564105066849,23.0,-19.67660243449673,12.19,-7.28034290076379,0.5,42.67660243449673,-10.826265352417236,31.85033708207949
27,29.0,-0.26738927,-0.09263642,-0.24239972,-474.14,416.73,13.037545180418228,2.273008615992538,-255.98,66.86000000000001,28.969425390889302,5.05062514473542,25.0,-36.446067186078125,13.25,-7.28034290076379,0.5,61.446067186078125,-11.962454819581772,49.48361236649635
27,29.0,-0.26643804,-0.0912441,-0.2424551,-1172.94,235.17,13.182843452019364,2.2854196981811032,-1172.94,235.17,29.292278150387027,5.078202569358414,25.0,-69.67829443237069,13.25,-25.78096893997716,0.5,94.67829443237069,-11.817156547980636,82.86113788439006
27,29.0,-0.26665029,-0.09089269,-0.24251246,-382.97,447.33,13.173432253952193,2.2968103901395374,-1172.94,235.17,29.271366468281773,5.103512686890051,25.0,-29.438035918193656,13.25,-25.78096893997716,0.5,54.438035918193656,-11.826567746047807,42.61146817214585
27,29.0,-0.35886654,-0.16600256,-0.55161381,426.51,-146.02,14.622093212001246,2.590513019873973,426.51,-146.02,32.49029111706677,5.756119930159969,0.0,32.7848570370232,0.0,12.130397103698584,0.5,-32.7848570370232,14.622093212001246,-18.162763825021955
27,29.0,-0.35317159,-0.1658674,-0.55066866,396.47,-152.86,14.643641267351168,2.6063966021616727,396.47,-152.86,32.5381708960543,5.791413250003236,0.0,30.47575032113805,0.0,11.27602761882108,0.5,-30.47575032113805,14.643641267351168,-15.832109053786883
27,29.0,-0.35365883,-0.16896427,-0.55512172,358.46000000000004,-139.62,14.671964303064655,2.6195378978391157,358.46000000000004,-139.62,32.601104681409666,5.820613208998514,0.0,27.554007768847946,0.0,10.19498287447374,0.5,-27.554007768847946,14.671964303064655,-12.88204346578329
27,30.0,-0.29974312,-0.07785037,-0.22906166,-0.67999999999995,-24.74000000000001,14.736561039106029,2.61820358056318,467.18,-69.91000000000003,32.7446386288936,5.817648356011388,45.0,-0.052270058814973,23.85,13.287095071407244,0.5,45.052270058814976,-30.26343896089397,14.788831097921001
27,30.0,-0.30099264,-0.0790276,-0.2271086,12.360000000000014,-51.18000000000001,14.8282678543887,2.6329298039492324,467.18,-69.91000000000003,32.94841117245169,5.850370024375195,45.0,0.9500851866957568,23.85,13.287095071407244,0.5,44.04991481330424,-30.1717321456113,13.878182667692943
27,30.0,-0.3009645,-0.08220798,-0.22761817,-87.57000000000005,-0.1100000000000136,14.986144257599246,2.6478230253659607,467.18,-69.91000000000003,33.299212540385525,5.883462762363164,45.0,-6.731307427099302,23.85,13.287095071407244,0.5,51.7313074270993,-30.013855742400754,21.71745168469855
27,31.0,-0.28952029,-0.04233643,-0.21453416,366.2000000000001,34.50999999999999,17.444065199867342,4.879142103221511,366.2000000000001,34.50999999999999,38.76071287410524,10.841453753358197,41.0,28.148964026536067,21.73,10.415116689818344,0.5,12.851035973463933,-23.555934800132658,-10.704898826668725
27,31.0,-0.29012138,-0.04106813,-0.21665511,464.11,138.45,17.509506968168107,4.906030263726127,464.11,138.45,38.90612448326954,10.901199245999456,45.0,35.67508381855721,23.85,13.199781012866168,0.5,9.324916181442788,-27.490493031831893,-18.165576850389105
27,31.0,-0.28942347,-0.04152968,-0.2182257,466.39,258.93,17.590841439642926,4.939243988512078,466.39,258.93,39.08684967888658,10.975000142473837,45.0,35.85034225105449,23.85,13.26462663289016,0.5,9.149657748945508,-27.409158560357074,-18.259500811411566
27,31.0,-0.34917966,-0.13815853,-0.56695956,-299.09,-19.69999999999999,20.64388875162674,5.902749872820811,-299.09,-19.69999999999999,45.87072080611462,13.115910217407842,0.0,-22.990370427899155,0.0,-8.506437058322687,0.5,22.990370427899155,20.64388875162674,43.6342591795259
27,31.0,-0.35442734,-0.13679878,-0.55539286,-554.03,22.389999999999983,20.865420359911408,5.9405497543560655,-554.03,22.389999999999983,46.362964039723146,13.199901554179176,0.0,-42.58703041950238,0.0,-15.757201255215882,0.5,42.58703041950238,20.865420359911408,63.452450779413795
27,31.0,-0.35638088,-0.13750982,-0.54843897,-422.62,3.6399999999999855,21.12674946888207,5.983014611952747,-422.62,3.6399999999999855,46.94363731985596,13.294258467759002,0.0,-32.48584155350812,0.0,-12.019761374798003,0.5,32.48584155350812,21.12674946888207,53.61259102239019
27,32.0,-0.3085492,-0.11128981,-0.22017582,283.83000000000004,63.75999999999999,11.60102467521478,1.9416795866480987,283.83000000000004,63.75999999999999,25.77747682832724,4.314412041532075,20.0,21.817368813904235,10.6,8.072426461144566,0.5,-1.8173688139042348,-8.39897532478522,-10.216344138689454
27,32.0,-0.30674434,-0.11089617,-0.21963835,233.46000000000004,31.879999999999995,11.662055743284544,1.9491978253090547,283.83000000000004,63.75999999999999,25.91308786157825,4.331117567836721,20.0,17.945541074918378,10.6,8.072426461144566,0.5,2.0544589250816223,-8.337944256715456,-6.283485331633834
27,32.0,-0.30523542,-0.10905283,-0.21929631,232.13,-34.370000000000005,11.697169128760772,1.9584637294970435,283.83000000000004,63.75999999999999,25.99110980410644,4.35170640694243,23.0,17.843306989294966,12.19,8.072426461144566,0.5,5.156693010705034,-11.302830871239228,-6.1461378605341945
27,33.0,-0.31980669,-0.07027966,-0.23102435,-354.74,37.25,13.213457401109151,2.265565724634011,-354.74,37.25,29.36030234526453,5.034087040136772,32.0,-27.268059800036603,16.96,-10.089182126013544,0.5,59.2680598000366,-18.786542598890847,40.481517201145756
27,33.0,-0.31718433,-0.06915183,-0.23195687,-578.21,47.98000000000002,13.20044675424652,2.2778886225599093,-578.21,47.98000000000002,29.331392687935768,5.061468519328118,32.0,-44.44569221677612,16.96,-16.444906120207165,0.5,76.44569221677612,-18.79955324575348,57.646138971022644
27,33.0,-0.31885222,-0.06735658,-0.23139568,-452.78,-1.6999999999999886,13.25735943111283,2.288071128502033,-452.78,-1.6999999999999886,29.457852655932708,5.084094047531519,32.0,-34.804172397419435,16.96,-12.877543787045193,0.5,66.80417239741944,-18.74264056888717,48.06153182853227
27,34.0,-0.33572724,-0.16120006,-0.58314943,0.0,0.0,18.768624864025664,3.458188068318212,417.0,80.23000000000002,41.70388444786503,7.684093887803069,0.0,0.0,0.0,11.859922609651145,0.5,0.0,18.768624864025664,18.768624864025664
27,34.0,-0.33323371,-0.15787771,-0.58341724,0.0,0.0,18.989490664268484,3.4827368459621955,417.0,80.23000000000002,42.19464825600457,7.738641271727999,0.0,0.0,0.0,11.859922609651145,0.5,0.0,18.989490664268484,18.989490664268484
27,34.0,-0.33953023,-0.16475511,-0.58195513,417.0,80.23000000000002,19.278095633108947,3.507578075743295,417.0,80.23000000000002,42.83592849676808,7.793838484301602,0.0,32.05384489094904,0.0,11.859922609651145,0.5,-32.05384489094904,19.278095633108947,-12.77574925784009
27,36.0,-0.31068751,-0.06428485,-0.22584201,428.02,-19.08999999999997,16.379294346206855,3.8157614792079,428.02,-19.08999999999997,36.39479203727163,8.478622006799956,25.0,32.900927314685866,13.25,12.173343106433771,0.5,-7.900927314685866,-8.620705653793145,-16.52163296847901
27,36.0,-0.3102015,-0.06261203,-0.22676897,477.81,-10.539999999999992,16.40823934179577,3.8372210164558274,477.81,-10.539999999999992,36.459107817470205,8.52630509856485,25.0,36.72817176821189,13.25,13.589423554238396,0.5,-11.728171768211887,-8.59176065820423,-20.319932426416116
27,36.0,-0.30958545,-0.05784636,-0.22526594,502.8399999999999,-34.849999999999994,16.50396483260762,3.8588930909722734,502.8399999999999,-34.849999999999994,36.671809858054125,8.574460448140393,32.0,38.652171139004345,16.96,14.301303321431607,0.5,-6.652171139004345,-15.496035167392382,-22.148206306396727
27,37.0,-0.34740907,-0.05553763,-0.23236316,333.57000000000005,33.22999999999999,14.072139129312577,2.539917884366333,333.57000000000005,33.22999999999999,31.268293145332542,5.643697539061993,32.0,25.64076988075269,16.96,9.487084855878496,0.5,6.359230119247311,-17.927860870687425,-11.568630751440113
27,37.0,-0.34837961,-0.05742215,-0.21949165,371.23,10.550000000000011,14.175884111478624,2.552560124496547,371.23,10.550000000000011,31.498814495705503,5.671788596631329,35.0,28.53560872629979,18.55,10.558175228730924,0.5,6.464391273700208,-20.824115888521376,-14.359724614821168
27,37.0,-0.34867227,-0.06014913,-0.21419193,104.49,65.81,14.27854131053933,2.568174547551955,371.23,10.550000000000011,31.72691879201839,5.706483844660443,32.0,8.031909478789606,16.96,10.558175228730924,0.5,23.968090521210392,-17.72145868946067,6.246631831749724
27,39.0,-0.29788685,-0.32433331,-0.24846831,-78.43,23.95999999999998,15.750823773176675,2.738153675015899,-329.74,-33.50999999999999,34.998330423998574,6.084177465885329,-15.0,-6.028736342439169,-7.95,-9.378155590662756,0.5,-8.971263657560831,30.750823773176677,21.779560115615844
27,39.0,-0.29467413,-0.32131431,-0.24837503,-329.74,-33.50999999999999,15.789658200073523,2.7510441613513805,-329.74,-33.50999999999999,35.08462052056337,6.112820126522768,-15.0,-25.34636646125069,-7.95,-9.378155590662756,0.5,10.346366461250689,30.789658200073525,41.136024661324214
27,39.0,-0.29807925,-0.32162306,-0.24824196,-334.01,-35.06,15.863634217964524,2.768958069887157,-334.01,-35.06,35.24899523231717,6.152624831289263,-15.0,-25.67459168351532,-7.95,-9.499598922900669,0.5,10.67459168351532,30.863634217964524,41.53822590147985
27,40.0,-0.31459844,0.03036905,-0.18250833,242.46000000000004,327.48,19.87844275558701,3.608911245302441,363.28,69.87,44.16989980291433,8.019000787062023,45.0,18.637350676881308,23.85,10.33206879048937,0.5,26.362649323118692,-25.12155724441299,1.2410920787057016
27,40.0,-0.31653103,0.0337833,-0.1867443,363.28,69.87,19.989822652433485,3.632959285569149,363.28,69.87,44.4173859337072,8.072435532534648,45.0,27.924510244565862,23.85,10.33206879048937,0.5,17.075489755434138,-25.010177347566515,-7.934687592132377
27,40.0,-0.31700069,0.03991243,-0.19031163,400.12,-34.870000000000005,20.174107354914984,3.662748113059516,400.12,-34.870000000000005,44.82686654262109,8.138626307218242,45.0,30.756317548600794,23.85,11.379837492982292,0.5,14.243682451399206,-24.825892645085016,-10.58221019368581
27,47.0,-0.2135019,-0.13380532,-0.32927641,660.54,-8.969999999999999,-12.603041643055036,1.5838651490677575,660.54,-8.969999999999999,-28.00395853086829,3.519348361228557,7.0,49.98478109649265,3.71,18.49436900570228,-0.5,-42.98478109649265,-19.603041643055036,-62.58782273954768
27,47.0,-0.22160193,-0.15143448,-0.33628741,665.56,14.759999999999993,-12.655527834216873,1.5891895087946892,665.56,14.759999999999993,-28.12058284762989,3.5311790885417995,-1.0,50.17771910770674,-0.53,18.565756069851496,-0.5,-51.17771910770674,-11.655527834216873,-62.83324694192362
27,47.0,-0.21274973,-0.14081676,-0.32256168,687.33,-24.580000000000013,-12.637814964787724,1.5940103810159982,687.33,-24.580000000000013,-28.08122485175832,3.5418910666175485,18.0,51.01442438741414,9.54,18.87533702334323,-0.5,-33.01442438741414,-30.637814964787722,-63.65223935220186
27,47.0,-0.20690045,-0.24410531,-0.29738569,-587.25,133.7,-12.975405219638018,1.621237484588466,-587.25,133.7,-28.83135039803568,3.6023896907555706,-16.0,-45.14057652808111,-8.48,-16.702013315390012,-0.5,29.140576528081112,3.0245947803619817,32.16517130844309
27,47.0,-0.20654067,-0.2726059,-0.27508372,-560.21,139.18,-13.054948572142465,1.6273356744480738,-560.21,139.18,-29.008095727300557,3.61593986862362,-16.0,-43.06207301285027,-8.48,-15.9329670147546,-0.5,27.06207301285027,2.9450514278575355,30.007124440707805
27,47.0,-0.22038513,-0.29438767,-0.26151678,-479.17,104.20999999999998,-13.093207635509948,1.632911140409508,-479.17,104.20999999999998,-29.093107366103105,3.628328553989928,-16.0,-36.83271188584185,-8.48,-13.628103397761484,-0.5,20.832711885841853,2.9067923644900517,23.739504250331905
27,47.0,-0.24820131,-0.31200677,-0.26206109,-440.02,12.25,-13.460853026626056,1.6965595300552856,-440.02,12.25,-29.910015425163092,3.769755275782844,-24.0,-33.823340117303104,-12.72,-12.514635843402148,-0.5,9.823340117303104,10.539146973373944,20.36248709067705
27,47.0,-0.25258604,-0.30820885,-0.26888886,-363.41,293.42,-13.434921024533343,1.702601006503052,-363.41,293.42,-29.85239451651309,3.7831794364497817,-21.0,-27.934503049927557,-11.13,-10.335766128473194,-0.5,6.934503049927557,7.5650789754666565,14.499582025394213
27,47.0,-0.25783268,-0.30233675,-0.27548304,-99.55999999999996,181.83,-13.430457614272235,1.7086899177480186,-363.41,293.42,-29.842476818912907,3.796708997236099,-21.0,-7.652951552381017,-11.13,-10.335766128473194,-0.5,-13.347048447618983,7.569542385727765,-5.777506061891218
27,49.0,-0.44804418,-0.1761871,-0.23834592,398.51,53.670000000000016,11.25630736510604,4.919646066875839,398.51,53.670000000000016,25.01151496526562,10.931453560598117,4.0,30.63256049758298,2.12,11.334047384105702,0.5,-26.63256049758298,7.256307365106039,-19.37625313247694
27,49.0,-0.44225803,-0.15279168,-0.21923862,456.79,46.20999999999998,11.291788338930816,4.954882268767209,456.79,46.20999999999998,25.090353689104276,11.00974840120074,7.0,35.112412008960696,3.71,12.991592443315458,0.5,-28.112412008960696,4.291788338930816,-23.82062367002988
27,49.0,-0.42766151,-0.12887143,-0.19781706,480.64,57.23000000000002,11.453802689233427,4.994582149875347,480.64,57.23000000000002,25.450349575476675,11.09796153702302,11.0,36.94570745416246,5.83,13.66991175804011,0.5,-25.94570745416246,0.45380268923342726,-25.491904764929032
27,49.0,-0.40273172,-0.11340154,-0.18243279,487.77,-66.35000000000002,11.76692235899472,5.206981552303158,487.77,-66.35000000000002,26.146101481686262,11.569913009217617,9.0,37.4937743943842,4.7700000000000005,13.872696525922152,0.5,-28.493774394384197,2.7669223589947194,-25.726852035389477
27,49.0,-0.40928164,-0.11054964,-0.18450782,487.8,-8.180000000000007,11.867340332227744,5.250683118699678,487.8,-8.180000000000007,26.36923021821005,11.667017889750689,9.0,37.49608042639073,4.7700000000000005,13.873549757764572,0.5,-28.496080426390733,2.8673403322277444,-25.62874009416299
27,49.0,-0.41879904,-0.11446489,-0.18781483,436.13,1.7200000000000273,11.913180007006668,5.295090490853218,436.13,1.7200000000000273,26.471085975568812,11.765691070675851,9.0,33.52432463378802,4.7700000000000005,12.404000114501567,0.5,-24.52432463378802,2.913180007006668,-21.611144626781353
27,50.0,-0.39753547,-0.04009994,-0.18478388,187.55999999999997,61.81,15.1150259892295,5.2754721437550085,,,33.585587748067944,11.722099103423629,25.0,14.417312104907436,13.25,,0.5,10.582687895092564,-9.8849740107705,0.6977138843220629
27,50.0,-0.39722398,-0.04089631,-0.18420371,166.30999999999997,-5.480000000000018,15.279874148829728,5.3297707918017085,,,33.951880358699654,11.842750699383394,25.0,12.783872766939409,13.25,,0.5,12.216127233060591,-9.720125851170272,2.49600138189032
27,50.0,-0.39971104,-0.03991393,-0.18460578,157.09000000000003,-61.22000000000003,15.44826923691995,5.385105104859355,,,34.32605424443613,11.965703542997488,25.0,12.075152263595168,13.25,,0.5,12.924847736404832,-9.55173076308005,3.373116973324782
27,50.0,-0.35066333,-0.25080925,-0.58994079,132.73000000000002,-152.79000000000002,22.618658220375256,7.803176695430045,,,50.25865856567382,17.338658617245557,-21.0,10.202654274282173,-11.13,,0.5,-31.202654274282175,43.61865822037525,12.416003946093083
27,50.0,-0.35601711,-0.24563213,-0.59252399,134.49,-129.51999999999998,23.03059131969084,7.910896415806725,,,51.17397391235305,17.578011835922545,-21.0,10.3379414853327,-11.13,,0.5,-31.3379414853327,44.03059131969084,12.69264983435814
27,50.0,-0.35643446,-0.24585313,-0.59295595,124.83000000000004,-136.87,23.31667857568134,8.020897924258914,,,51.80965979516394,17.82243518770331,-21.0,9.595399179225828,-11.13,,0.5,-30.59539917922583,44.31667857568134,13.721279396455513
27,51.0,-0.25530291,-0.3912369,-0.26648557,-315.39,-188.28,-16.76136342913308,4.82499682443238,-315.39,-188.28,-37.2437495395337,10.721142943888747,-35.0,-24.243314484787568,-18.55,-8.970026359371401,-0.5,-10.756685515212432,18.23863657086692,7.481951055654488
27,51.0,-0.25289151,-0.38948873,-0.25511193,-339.52,-203.68,-16.985936064691884,4.868819628323037,-339.52,-203.68,-37.742749935745366,10.818517214133792,-39.0,-26.09813289538373,-20.67,-9.656309171291982,-0.5,-12.901867104616269,22.014063935308116,9.112196830691847
27,51.0,-0.25029933,-0.38139033,-0.25089201,-348.66,-210.92,-17.173668936545912,4.913323909581964,-348.66,-210.92,-38.159892377005015,10.917405727091124,-42.0,-26.800703980043867,-22.26,-9.91626047261623,-0.5,-15.199296019956133,24.826331063454088,9.627035043497955
27,52.0,-0.26459154,-0.33271983,-0.37992239,56.09000000000003,-119.67,-12.250579985598105,4.583973591604939,,,-27.220788727998983,10.185589320546171,-29.0,4.311511174900078,-15.37,,-0.5,-33.311511174900076,16.749420014401895,-16.562091160498184
27,52.0,-0.23936321,-0.34366691,-0.30999935,-71.85000000000002,-180.57,-12.361794134545448,4.61753610257384,,,-27.467906566959982,10.260165219919072,-29.0,-5.522946655670717,-15.37,,-0.5,-23.477053344329285,16.63820586545455,-6.838847478874731
27,52.0,-0.23181516,-0.35055602,-0.27344939,-201.78,-212.94,-12.448424766806191,4.651535551219215,,,-27.66039983184336,10.335711994809095,-29.0,-15.510371276008865,-15.37,,-0.5,-13.489628723991135,16.55157523319381,3.0619465092026736
27,53.0,-0.24666494,-0.35106528,-0.31550404,-155.76999999999998,10.20999999999998,-17.5926781704235,5.277311555923112,,,-39.090930894681016,11.726186277261156,-29.0,-11.97368685530727,-15.37,,-0.5,-17.02631314469273,11.4073218295765,-5.618991315116231
27,53.0,-0.23711683,-0.36793292,-0.27369687,-8.049999999999955,161.51999999999998,-17.806276542459706,5.329223467540022,,,-39.56554647734546,11.841534544873928,-34.0,-0.6187852550890607,-18.02,,-0.5,-33.38121474491094,16.193723457540294,-17.187491287370644
27,53.0,-0.24164003,-0.37961209,-0.25286457,43.68000000000001,104.07999999999998,-18.02483308104273,5.382027092187121,,,-40.051179106076944,11.958864198839784,-35.0,3.3575826015267487,-18.55,,-0.5,-38.35758260152675,16.97516691895727,-21.382415682569476
27,54.0,-0.33617473,-0.1538558,-0.21063142,56.75999999999999,-19.370000000000005,8.920812003539318,4.217764927283169,,,19.822044271864364,9.371873668423202,18.0,4.363012556379538,9.54,,0.5,13.636987443620463,-9.079187996460682,4.55779944715978
27,54.0,-0.34241652,-0.14932255,-0.2085056,99.65999999999995,-4.2900000000000205,8.973329530087208,4.242242386483631,,,19.93873821585377,9.426262582766627,18.0,7.660638325736165,9.54,,0.5,10.339361674263834,-9.026670469912792,1.3126912043510428
27,54.0,-0.34197843,-0.14846332,-0.2075685,214.96000000000004,-46.829999999999984,9.026463914187596,4.267000223487177,,,20.05680281732484,9.481274496588506,15.0,16.5234880042168,7.95,,0.5,-1.5234880042168015,-5.973536085812404,-7.497024090029205
27,55.0,-0.35849747,-0.23076048,-0.59520048,10.5,19.79000000000002,-16.70291643072421,6.06242304009869,,,-37.11388030906919,13.470703995099289,-21.0,0.8071112022900837,-11.13,,-0.5,-21.807111202290084,4.297083569275792,-17.510027633014293
27,55.0,-0.35790613,-0.22975841,-0.59405142,16.600000000000023,7.019999999999982,-16.911271359583957,6.112532660545723,,,-37.57684496099555,13.582047571732597,0.0,1.2760043769538485,0.0,,-0.5,-1.2760043769538485,-16.911271359583957,-18.187275736537806
27,55.0,-0.35583374,-0.22937827,-0.59190404,73.86000000000001,-66.25,-17.093327722784988,6.169100752125389,,,-37.98137420002824,13.707741871222614,-21.0,5.677450800109104,-11.13,,-0.5,-26.677450800109103,3.906672277215012,-22.77077852289409
27,58.0,-0.40372717,-0.07872567,-0.18890642,366.69000000000005,268.52,13.256503852370942,6.713548719310025,366.69000000000005,268.52,29.455951559968238,14.917505254306876,20.0,28.18662921597627,10.6,10.42905280991122,0.5,-8.186629215976271,-6.743496147629058,-14.93012536360533
27,58.0,-0.39755923,-0.08232223,-0.19156821,192.62,305.96,13.389358067221494,6.774339492066394,366.69000000000005,268.52,29.75115362536616,15.052582351371528,20.0,14.806262836677709,10.6,10.42905280991122,0.5,5.193737163322291,-6.610641932778506,-1.416904769456215
27,58.0,-0.39615726,-0.08921615,-0.19359739,195.24,336.65,13.452187502374269,6.836167813361038,366.69000000000005,268.52,29.890760630275626,15.189964881288224,20.0,15.007656298582472,10.6,10.42905280991122,0.5,4.9923437014175285,-6.547812497625731,-1.5554687962082028
27,59.0,-0.42973047,-0.12317897,-0.21584013,298.12,-37.53,8.722030394870123,3.0164664914451262,298.12,-37.53,19.380351537401413,6.70258854399107,11.0,22.91580872635426,5.83,8.478849228751077,0.5,-11.91580872635426,-2.2779696051298775,-14.193778331484138
27,59.0,-0.4335219,-0.11948338,-0.22034976,300.26,-45.28999999999999,8.791707041823862,3.0350072039232616,300.26,-45.28999999999999,19.535173046932623,6.743786007117487,11.0,23.08030567615433,5.83,8.539713100177105,0.5,-12.080305676154332,-2.2082929581761377,-14.28859863433047
27,59.0,-0.43962365,-0.11631204,-0.22422822,290.62,-53.370000000000005,8.846692271627258,3.053771463424216,290.62,-53.370000000000005,19.657350227555767,6.785480191728607,9.0,22.339300724718488,4.7700000000000005,8.26554126814584,0.5,-13.339300724718488,-0.15330772837274154,-13.49260845309123
27,60.0,-0.3314659,-0.08450927,-0.20370829,391.81,214.98,13.489479478419144,4.984561559886156,391.81,214.98,29.97362340104734,11.075695786067037,20.0,30.117546682788348,10.6,11.143492272631688,0.5,-10.117546682788348,-6.510520521580856,-16.628067204369202
27,60.0,-0.32997543,-0.08313358,-0.20671664,391.91,216.14,13.531220593652275,5.033576932973975,391.91,216.14,30.066372159095355,11.184607945068173,20.0,30.12523345614349,10.6,11.146336378773093,0.5,-10.12523345614349,-6.468779406347725,-16.594012862491216
27,60.0,-0.33113086,-0.07947395,-0.21195139,384.4,189.18,13.6164321680536,5.083493949437347,384.4,189.18,30.2557122774151,11.295523555649783,22.0,29.547956777172207,11.66,10.932744007553715,0.5,-7.547956777172207,-8.3835678319464,-15.931524609118608
27,62.0,-0.43143138,-0.05542689,-0.20019539,254.36,51.360000000000014,16.36432378171489,5.543147320496073,254.36,51.360000000000014,36.36152744297048,12.316873346142271,15.0,19.5520767061434,7.95,7.234268381273058,0.5,-4.552076706143399,1.3643237817148908,-3.1877529244285085
27,62.0,-0.44082594,-0.06465964,-0.20413536,-664.75,-269.25,16.426930409625946,5.608504214851171,-664.75,-269.25,36.50063937018885,12.4620963653993,13.0,-50.14658767561841,6.890000000000001,-18.554237439978813,0.5,63.14658767561841,3.426930409625946,66.57351808524436
27,62.0,-0.45544943,-0.08767584,-0.21754394,-363.95,72.19,16.59795917735308,5.663085506019585,-363.95,72.19,36.88066529207854,12.58337599437552,11.0,-27.97601162604533,5.83,-10.351124301636773,0.5,38.976011626045334,5.597959177353079,44.57397080339841
27,65.0,-0.26533926,-0.3215735,-0.22895466,-117.39,-121.91000000000004,-9.09320603647964,3.797078238313317,,,-20.20510381305776,8.43710784553219,-15.0,-9.023503241603134,-7.95,,-0.5,-5.976496758396866,5.906793963520361,-0.06970279487650544
27,65.0,-0.26855043,-0.32721564,-0.21518221,-105.94,-124.22000000000004,-9.147705022449932,3.8182885879837145,,,-20.32620055988375,8.484237242499812,-15.0,-8.143367692439188,-7.95,,-0.5,-6.856632307560812,5.852294977550068,-1.0043373300107437
27,65.0,-0.27107829,-0.3276529,-0.21390167,-181.7,-98.39,-9.215346270253798,3.844514812019097,,,-20.47649941250394,8.542511912306434,-15.0,-13.966867186296016,-7.95,,-0.5,-1.0331328137039844,5.784653729746202,4.751520916042217
27,66.0,-0.3585133,-0.12744431,-0.18424851,269.23,156.17000000000002,7.960517093748093,3.583225428891716,269.23,156.17000000000002,17.688268982308262,7.961926902997392,18.0,20.69509990405326,9.54,7.657186964499707,0.5,-2.6950999040532615,-10.039482906251907,-12.734582810305168
27,66.0,-0.35771713,-0.12801738,-0.18980768,332.67,-0.7799999999999727,8.072991107544402,3.611065210167966,332.67,-0.7799999999999727,17.93818624096366,8.023786896993219,18.0,25.571588920556398,9.54,9.461487900605864,0.5,-7.5715889205563975,-9.927008892455598,-17.498597813011997
27,66.0,-0.35986441,-0.12829453,-0.19939898,322.48,-9.949999999999989,7.977842334461332,3.642165008763447,322.48,-9.949999999999989,17.72676566717308,8.092890649472379,13.0,24.788306715667257,6.890000000000001,9.171673484796884,0.5,-11.788306715667257,-5.022157665538668,-16.810464381205925
27,68.0,-0.28423518,-0.30215654,-0.22851805,-474.18,22.5,-12.814695179897193,4.357372545676902,-474.18,22.5,-28.47425268973156,9.682081796494074,-15.0,-36.449141895420176,-7.95,-13.486182501305466,-0.5,21.449141895420176,2.1853048201028074,23.634446715522984
27,68.0,-0.28335339,-0.30369574,-0.22154593,-715.0,28.660000000000025,-12.952913104667855,4.394903159945939,-715.0,28.660000000000025,-28.78137291857198,9.765474821399875,-15.0,-52.07788948109826,-7.95,-19.268819108006355,-0.5,37.07788948109826,2.0470868953321446,39.1249763764304
27,68.0,-0.28530079,-0.30399427,-0.21808866,-567.42,8.740000000000009,-13.032273291331464,4.43303765048739,-567.42,8.740000000000009,-28.957711253338516,9.850209659382982,-15.0,-43.61628937175612,-7.95,-16.138027067549764,-0.5,28.616289371756118,1.9677267086685362,30.584016080424654
27,69.0,-0.3353495,-0.06112736,-0.19670893,180.74,-58.329999999999984,14.331483577056824,5.165651304364657,,,31.84455650822026,11.478077198298267,32.0,13.89307416208664,16.96,,0.5,18.10692583791336,-17.668516422943178,0.4384094149701845
27,69.0,-0.33696929,-0.06823995,-0.19928111,186.87,-74.54000000000002,14.435213146781118,5.21277987838711,,,32.075043612147645,11.58279688977616,32.0,14.364273368756946,16.96,,0.5,17.635726631243053,-17.564786853218884,0.07093977802417228
27,69.0,-0.33718792,-0.07226083,-0.20256537,-55.33000000000004,-84.52999999999997,14.54677414115966,5.271506787836795,,,32.322932141656764,11.71328808257336,25.0,-4.253091697400987,13.25,,0.5,29.253091697400986,-10.45322585884034,18.799865838560645
27,71.0,-0.31113082,-0.33939344,-0.26091021,372.62,-119.77,-11.695069400710072,3.77581882167004,372.62,-119.77,-25.986444208377783,8.389869421750829,-21.0,28.642454875936288,-11.13,10.597708304096429,-0.5,-49.64245487593629,9.304930599289928,-40.33752427664636
27,71.0,-0.3125999,-0.34391302,-0.24555522,281.71000000000004,89.78,-11.822958164502555,3.801378290996132,281.71000000000004,89.78,-26.270613041524683,8.446662562593405,-24.0,21.654409218775196,-12.72,8.012131410946822,-0.5,-45.6544092187752,12.177041835497445,-33.47736738327775
27,71.0,-0.30973482,-0.34054208,-0.24563248,330.80999999999995,-74.15,-11.881615115477643,3.830177315475839,330.80999999999995,-74.15,-26.400948786591325,8.510653994987313,-16.0,25.42861493615072,-8.48,9.408587526375769,-0.5,-41.42861493615072,4.1183848845223565,-37.310230051628366
27,72.0,-0.25909963,-0.36234453,-0.3016187,-21.519999999999985,-244.79,-14.400317682847891,4.435575244153004,,,-31.99750589128801,9.855848192507974,-29.0,-1.654193626026913,-15.37,,-0.5,-27.345806373973087,14.599682317152109,-12.746124056820978
27,72.0,-0.25009531,-0.37063667,-0.26509082,105.28999999999996,-256.44,-14.55737447686668,4.477522801653375,,,-32.34648608759776,9.9490556652738,-33.0,8.09340366563075,-17.490000000000002,,-0.5,-41.09340366563075,18.44262552313332,-22.65077814249743
27,72.0,-0.24672765,-0.36966634,-0.25846961,179.71000000000004,-273.79,-14.750778005349485,4.512352133239427,,,-32.776228727886554,10.026446440058008,-33.0,13.813900396528664,-17.490000000000002,,-0.5,-46.813900396528666,18.249221994650515,-28.564678401878147
27,73.0,-0.32886451,-0.14754269,-0.21674798,80.41999999999996,-38.09,6.03445887529863,2.170176841300345,,,13.408567620913557,4.822132941369367,11.0,6.181703132206524,5.83,,0.5,4.818296867793476,-4.96554112470137,-0.14724425690789378
27,73.0,-0.33390072,-0.14887321,-0.21308737,51.25999999999999,-45.900000000000006,6.022188921914175,2.179880331428748,,,13.381303784493296,4.843694096434676,11.0,3.940240021846637,5.83,,0.5,7.059759978153362,-4.977811078085825,2.081948900067538
27,73.0,-0.3358711,-0.15050773,-0.21055067,115.59000000000005,-212.07,6.13060467738106,2.189660454384089,,,13.622203593140714,4.8654255296414455,11.0,8.885141321210552,5.83,,0.5,2.1148586787894477,-4.86939532261894,-2.7545366438294927
27,74.0,-0.29507306,-0.15549146,-0.21430783,130.58000000000004,-135.87,8.297503175011906,2.5789097293098484,,,18.437052054876457,5.730337418526482,18.0,10.037388647146589,9.54,,0.5,7.962611352853411,-9.702496824988094,-1.7398854721346826
27,74.0,-0.29441351,-0.15352951,-0.20917216,137.91999999999996,-142.69,8.24515650391554,2.591781147263556,,,18.32073775170033,5.758937709219621,18.0,10.601597811414123,9.54,,0.5,7.398402188585877,-9.75484349608446,-2.3564413074985833
27,74.0,-0.29611865,-0.15160568,-0.20754389,138.52999999999997,-142.39,8.290054387436737,2.604768764351814,,,18.42050084888443,5.787796194389731,20.0,10.648487128880502,10.6,,0.5,9.351512871119498,-11.709945612563263,-2.3584327414437656
27,75.0,-0.29007107,-0.31624559,-0.27908576,-292.43,-225.09,-9.271816579429863,2.89765375257377,-292.43,-225.09,-20.60197643949316,6.438586638218916,-21.0,-22.47843132244659,-11.13,-8.317019589305238,-0.5,1.478431322446589,11.728183420570137,13.206614743016726
27,75.0,-0.28668374,-0.32050005,-0.25295651,-303.35,-211.55,-9.326796643464691,2.914728542881432,-303.35,-211.55,-20.724142141778543,6.476526822282542,-16.0,-23.31782697282828,-8.48,-8.627595979946463,-0.5,7.3178269728282785,6.673203356535309,13.991030329363587
27,75.0,-0.28958914,-0.32571492,-0.23956406,-296.98,-206.11,-9.285952861324231,2.931992522022611,-296.98,-206.11,-20.63338725786244,6.5148873839342425,-15.0,-22.828179510105628,-7.95,-8.446426418739081,-0.5,7.8281795101056275,5.7140471386757685,13.542226648781396
27,75.0,-0.30005884,-0.31740931,-0.23035368,161.33000000000004,-126.87,-9.416594483693926,3.0031053025577297,-296.98,-206.11,-20.923672942767904,6.672899982283275,-15.0,12.40107145385326,-7.95,-8.446426418739081,-0.5,-27.401071453853262,5.583405516306074,-21.817665937547186
27,75.0,-0.30032688,-0.31482232,-0.23228772,176.89999999999998,-108.89,-9.474743842747468,3.0214119297353843,-296.98,-206.11,-21.052880818584875,6.713577307872025,-15.0,13.597902065249125,-7.95,-8.446426418739081,-0.5,-28.597902065249123,5.525256157252532,-23.072645907996595
27,75.0,-0.3072381,-0.30994451,-0.24775365,11.82000000000005,-21.78,-9.47689447121948,3.039944619392907,-296.98,-206.11,-21.05765951504968,6.75475694429104,-15.0,0.9085766105779838,-7.95,-8.446426418739081,-0.5,-15.908576610577985,5.523105528780521,-10.385471081797462
27,76.0,-0.28268412,-0.29031894,-0.2382403,-330.84,-213.03,-7.435421937248945,1.962323627300115,-330.84,-213.03,-16.521507544567154,4.360283099860855,-15.0,-25.430920968157267,-7.95,-9.409440758218189,-0.5,10.430920968157267,7.564578062751055,17.99549903090832
27,76.0,-0.28020886,-0.28995171,-0.23319483,-336.56,-200.81,-7.408442663461945,1.9702354647682112,-336.56,-200.81,-16.461559598212443,4.377863202714966,-15.0,-25.87060440407148,-7.95,-9.572123629506448,-0.5,10.870604404071479,7.591557336538055,18.462161740609535
27,76.0,-0.28219646,-0.29183239,-0.22909604,-667.25,-46.38,-7.438445493898207,1.9782095054551512,-667.25,-46.38,-16.528225887441817,4.395581521121345,-15.0,-50.24267234255771,-7.95,-18.589788766746352,-0.5,35.24267234255771,7.561554506101793,42.8042268486595
27,77.0,-0.28820357,-0.31566253,-0.25315377,91.22000000000004,-147.82,-6.949313062413488,2.177779120068045,,,-15.44137362468277,4.839025204791196,-18.0,7.011874654562043,-9.54,,-0.5,-25.011874654562043,11.050686937586512,-13.96118771697553
27,77.0,-0.28835481,-0.32040283,-0.23873451,0.5400000000000205,-39.25999999999999,-7.077143755010788,2.1875024995542462,,,-15.72541342363397,4.860630554009535,-16.0,0.0415085761177773,-8.48,,-0.5,-16.041508576117778,8.922856244989212,-7.1186523311285645
27,77.0,-0.28938344,-0.32319638,-0.23340736,77.86000000000001,-40.03999999999999,-7.10881531049686,2.1973117133031064,,,-15.795787619924022,4.882426626959503,-16.0,5.984921734314851,-8.48,,-0.5,-21.984921734314852,8.89118468950314,-13.09373704481171
27,78.0,-0.28750601,-0.16543168,-0.21256556,256.70000000000005,-31.870000000000005,7.9234371598121855,2.7268996976532507,256.70000000000005,-31.870000000000005,17.605877369102675,6.059171128185524,25.0,19.73194720265376,13.25,7.300820464981891,0.5,5.26805279734624,-17.076562840187815,-11.808510042841576
27,78.0,-0.28988099,-0.16600189,-0.21223818,253.42999999999995,-37.80000000000001,7.816377104294125,2.7420867521691417,253.42999999999995,-37.80000000000001,17.367989925741547,6.092916763319834,32.0,19.480589713940564,16.96,7.207818194158008,0.5,12.519410286059436,-24.183622895705874,-11.66421260964644
27,78.0,-0.29414231,-0.1667728,-0.21274602,336.49,18.120000000000005,7.805850727361839,2.7574363524710126,336.49,18.120000000000005,17.344600316198004,6.12702357519059,32.0,25.865223662722887,16.96,9.570132755207467,0.5,6.134776337277113,-24.19414927263816,-18.059372935361047
27,82.0,-0.3021625,-0.15355299,-0.21058095,166.48000000000002,-163.46,9.253889461872904,3.036012176871214,-497.68,-13.339999999999977,20.5621423842816,6.746019057007837,32.0,12.796940281643158,16.96,-14.154547444535208,0.5,19.20305971835684,-22.7461105381271,-3.5430508197702544
27,82.0,-0.30333045,-0.15305828,-0.20957325,12.17999999999995,-126.05,9.314258587181778,3.054635067310406,-497.68,-13.339999999999977,20.69628258071791,6.787399119563722,32.0,0.9362489946564932,16.96,-14.154547444535208,0.5,31.063751005343505,-22.685741412818224,8.378009592525284
27,82.0,-0.3033722,-0.150913,-0.21011272,-497.68,-13.339999999999977,9.444708482874589,3.0734695848450704,-497.68,-13.339999999999977,20.98614224894733,6.829249417525746,25.0,-38.25553363387894,13.25,-14.154547444535208,0.5,63.25553363387894,-15.555291517125411,47.70024211675353
27,83.0,-0.28605372,-0.15896676,-0.23238452,256.9,-111.3,9.59011304662244,3.597869325045535,256.9,-111.3,21.30923118959506,7.994465640251179,32.0,19.747320749364043,16.96,7.306508677264696,0.5,12.252679250635957,-22.40988695337756,-10.157207702741603
27,83.0,-0.28611061,-0.159215,-0.22984093,291.96000000000004,-89.86000000000001,9.665440783287307,3.624073233040316,291.96000000000004,-89.86000000000001,21.4766094204644,8.05269072381558,32.0,22.442303487677417,16.96,8.303652290440644,0.5,9.557696512322583,-22.33455921671269,-12.77686270439011
27,83.0,-0.28579351,-0.15902613,-0.229524,297.46000000000004,-67.78,9.87841198857765,3.650630692717508,297.46000000000004,-67.78,21.949831438619537,8.111701399218303,32.0,22.86507602221032,16.96,8.460078128217818,0.5,9.13492397778968,-22.12158801142235,-12.986664033632671
27,84.0,-0.30674094,-0.08117241,-0.21598378,68.30999999999995,-201.49,14.086543996304618,4.525693418061876,,,31.30030075978886,10.056090774933487,41.0,5.250834878898626,21.73,,0.5,35.74916512110137,-26.91345600369538,8.835709117405992
27,84.0,-0.31160256,-0.07801607,-0.21111833,77.62,-205.22,14.22788834005984,4.565474566459477,,,31.614367891612964,10.144484486672956,41.0,5.966473478262505,21.73,,0.5,35.03352652173749,-26.77211165994016,8.261414861797334
27,84.0,-0.3131808,-0.07293938,-0.2101834,30.69000000000005,-156.05,14.469481001248283,4.605863853712071,,,32.15118678477369,10.23422948294822,41.0,2.3590707426935915,21.73,,0.5,38.64092925730641,-26.530518998751717,12.110410258554692
27,85.0,-0.37751305,-0.08810931,-0.17610504,29.99000000000001,39.96000000000001,7.883737985362441,2.638256085493603,,,17.517665803475346,5.862205021966787,20.0,2.3052633292075826,10.6,,0.5,17.694736670792416,-12.11626201463756,5.578474656154858
27,85.0,-0.37687925,-0.0880786,-0.17621177,69.61000000000001,60.19999999999999,7.810335800542534,2.6524055453410416,,,17.35456614880551,5.893645121747795,20.0,5.350762932515499,10.6,,0.5,14.649237067484501,-12.189664199457466,2.459572868027035
27,85.0,-0.3833926,-0.08726283,-0.17671138,131.71000000000004,61.870000000000005,7.803604234777783,2.668153847326012,,,17.339608609676233,5.928637848758399,20.0,10.12424918605971,10.6,,0.5,9.87575081394029,-12.196395765222217,-2.3206449512819276
27,86.0,-0.33319259,-0.09488137,-0.18673673,277.45000000000005,-34.879999999999995,11.517085504297704,4.104668323438133,277.45000000000005,-34.879999999999995,25.590963990549497,9.120573014679534,23.0,21.32695267384607,12.19,7.890972489323046,0.5,1.673047326153931,-11.482914495702296,-9.809867169548365
27,86.0,-0.33369184,-0.09305333,-0.18431124,296.22,-76.34,11.589155483071409,4.13481794409692,296.22,-76.34,25.751103483384664,9.187565471783357,25.0,22.769760032606538,13.25,8.42481121206442,0.5,2.2302399673934623,-13.410844516928591,-11.18060454953513
27,86.0,-0.33566728,-0.09152346,-0.18285325,338.01,-93.26,11.63356366645888,4.165387273711245,338.01,-93.26,25.84977846687163,9.255490522186388,25.0,25.982062617721063,13.25,9.613363168556791,0.5,-0.9820626177210627,-13.36643633354112,-14.348498951262183
27,88.0,-0.1644991,-0.39075139,-0.28791511,-575.11,35.64999999999998,10.92362406210019,4.916686101176204,-575.11,35.64999999999998,24.272292665986622,10.924876516813526,-45.0,-44.20740224276667,-23.85,-16.356738829823666,0.5,-0.7925977572333309,55.92362406210019,55.13102630486686
27,88.0,-0.16605729,-0.3967962,-0.27879006,-544.5,-2.180000000000007,11.030749312888858,4.96046461391457,-544.5,-2.180000000000007,24.510324973239044,11.022152372118176,-45.0,-41.8544809187572,-23.85,-15.486157939940163,0.5,-3.145519081242803,56.03074931288886,52.885230231646055
27,88.0,-0.17417766,-0.40122277,-0.27644926,-509.48,11.769999999999982,11.20049077167678,5.019975624118613,-509.48,11.769999999999982,24.88749049466581,11.154385836791556,-45.0,-39.16257288978589,-23.85,-14.49015196922078,0.5,-5.837427110214108,56.20049077167678,50.363063661462675
27,90.0,-0.42684925,-0.13420947,-0.22855492,-293.24,-62.170000000000016,6.560769130379014,2.3972901263438704,-293.24,-62.170000000000016,14.578029007702169,5.326778660736079,5.0,-22.540694186623256,2.6500000000000004,-8.340056849050605,0.5,27.540694186623256,1.5607691303790139,29.10146331700227
27,90.0,-0.42840418,-0.13339937,-0.22196983,-259.44000000000005,-33.639999999999986,6.641017606325953,2.410695146290493,-259.44000000000005,-33.639999999999986,14.756341121256266,5.356564615057477,6.0,-19.9425647925847,3.18,-7.378748973256339,0.5,25.9425647925847,0.6410176063259527,26.583582398910654
27,90.0,-0.42188323,-0.13129474,-0.21619149,-286.79999999999995,-3.6399999999999855,6.673934430474057,2.4219741448744907,-286.79999999999995,-3.6399999999999855,14.829482304513355,5.381626549911119,7.0,-22.045665982552,3.71,-8.156896413544239,0.5,29.045665982552,-0.3260655695259427,28.719600413026058
27,93.0,-0.36075568,-0.21285392,-0.59462297,-69.53999999999996,-83.75999999999999,-7.163152592740544,2.161875304135455,,,-15.916525061069487,4.8036869257889805,0.0,-5.345382191166895,0.0,,-0.5,5.345382191166895,-7.163152592740544,-1.8177704015736493
27,93.0,-0.35872161,-0.212152,-0.59349817,-53.860000000000014,-83.88999999999999,-7.125698208225776,2.169505269305078,,,-15.833301418677674,4.820640708395883,0.0,-4.140096129080373,0.0,,-0.5,4.140096129080373,-7.125698208225776,-2.985602079145403
27,93.0,-0.35909382,-0.21213895,-0.59376484,-51.75,-84.64999999999998,-7.160667888600444,2.180080914058365,,,-15.911004048470186,4.844139791037687,0.0,-3.977905211286841,0.0,,-0.5,3.977905211286841,-7.160667888600444,-3.182762677313603
27,93.0,-0.29455969,-0.31505013,-0.30591482,-162.75,-174.47,-7.501457784550351,2.250861533771572,,,-16.66823919727088,5.001414328040432,-21.0,-12.510223635496295,-11.13,,-0.5,-8.489776364503705,13.49854221544965,5.008765850945944
27,93.0,-0.30635685,-0.31367558,-0.27655888,-163.17000000000002,-172.46,-7.545838648502804,2.259114899128453,,,-16.766853476973232,5.019753305863422,-18.0,-12.542508083587904,-9.54,,-0.5,-5.457491916412096,10.454161351497195,4.9966694350851
27,93.0,-0.31282836,-0.31194487,-0.27825886,-148.10000000000002,-116.96,-7.654931409650063,2.2705650457580235,,,-17.009257592242438,5.045195531674327,-16.0,-11.384111338967752,-8.48,,-0.5,-4.615888661032248,8.345068590349937,3.7291799293176897
27,95.0,-0.28539214,-0.13248357,-0.22065118,278.16,-202.51,12.33991852563834,4.771117573229001,278.16,-202.51,27.419298963968394,10.60142324771484,38.0,21.381528764667586,20.14,7.911165642927006,0.5,16.618471235332414,-25.66008147436166,-9.041610239029245
27,95.0,-0.29181379,-0.1275951,-0.2321869,302.66,-106.46,12.65557769320013,4.811523114592127,302.66,-106.46,28.12069363429069,10.691204360623706,32.0,23.26478823667778,16.96,8.607971647570778,0.5,8.73521176332222,-19.34442230679987,-10.609210543477651
27,95.0,-0.29548365,-0.12093505,-0.24595061,287.91,-69.37,12.89527517109082,4.861683052811741,287.91,-69.37,28.6533014301638,10.802659743347688,20.0,22.13098916679409,10.6,8.188465991713814,0.5,-2.130989166794091,-7.1047248289091804,-9.235713995703271
27,96.0,-0.25532398,-0.33429542,-0.27466831,-85.64999999999998,-81.72999999999999,-11.93540410318474,5.277187780253611,,,-26.52046791727649,11.72591124772352,-15.0,-6.583721378680538,-7.95,,-0.5,-8.416278621319462,3.064595896815259,-5.351682724504203
27,96.0,-0.2516301,-0.33524686,-0.27060136,-99.99,-78.07,-11.89373512310656,5.320210376186241,,,-26.42787944354277,11.821507455885826,-15.0,-7.686004677808141,-7.95,,-0.5,-7.313995322191859,3.106264876893441,-4.207730445298418
27,96.0,-0.24835648,-0.33351204,-0.26887077,-102.30999999999996,-78.44,-11.83762890523287,5.363959274325822,,,-26.30321142742744,11.918717507551978,-42.0,-7.864337819647467,-22.26,,-0.5,-34.13566218035253,30.16237109476713,-3.9732910855854033
27,97.0,-0.33329636,-0.08912815,-0.19510463,891.88,568.19,11.723353865383876,4.035941845209542,,,26.04929228888297,8.9678627800556,30.0,58.8760718363873,15.9,,0.5,-28.876071836387297,-18.276646134616122,-47.15271797100342
27,97.0,-0.33183292,-0.0881108,-0.19395213,840.12,570.56,11.82803844832668,4.068063081047639,,,26.281901432181883,9.039236166087855,27.0,56.88673489207613,14.31,,0.5,-29.886734892076127,-15.17196155167332,-45.05869644374945
27,97.0,-0.33209732,-0.08813708,-0.19374889,835.87,573.76,11.847486008690725,4.100718778577714,,,26.325113911310787,9.11179712599968,27.0,56.723390958279325,14.31,,0.5,-29.723390958279325,-15.152513991309275,-44.8759049495886
27,98.0,-0.28750882,-0.16444549,-0.20574549,116.42999999999996,126.23,9.818536865361946,3.7648622033079406,-566.0,-174.75,21.81678891483424,8.365523815750244,13.0,8.949710217393752,6.890000000000001,-16.09764076034184,0.5,4.050289782606248,-3.1814631346380544,0.8688266479681932
27,98.0,-0.31051549,-0.15038179,-0.18973771,133.47000000000003,100.73000000000002,9.813254746493834,3.791458120277321,-566.0,-174.75,21.8050520467093,8.424619943256207,13.0,10.259536397110235,6.890000000000001,-16.09764076034184,0.5,2.740463602889765,-3.1867452535061656,-0.4462816506164007
27,98.0,-0.3235094,-0.14129217,-0.18173005,-566.0,-174.75,9.96572296919204,3.824455218820583,-566.0,-174.75,22.143836437544717,8.497939496219335,15.0,-43.507137190113085,7.95,-16.09764076034184,0.5,58.507137190113085,-5.03427703080796,53.47286015930513
27,99.0,-0.29348627,-0.22327057,-0.26848963,272.29999999999995,8.329999999999984,6.175165122792184,1.9102383919501813,272.29999999999995,8.329999999999984,13.721216902844231,4.244549706913302,-8.0,20.93108384605617,-4.24,7.744501023040782,0.5,-28.93108384605617,14.175165122792183,-14.755918723263985
27,99.0,-0.31085673,-0.20944792,-0.23281117,278.64,6.050000000000011,6.270071329893269,1.918549463112459,278.64,6.050000000000011,13.932098495022844,4.263016907035884,-5.0,21.418425276772275,-2.6500000000000004,7.924817352405742,0.5,-26.418425276772275,11.27007132989327,-15.148353946879006
27,99.0,-0.32431784,-0.19634233,-0.21775514,279.72,3.2200000000000277,6.2996624300764505,1.926931753802989,279.72,3.2200000000000277,13.997849919629871,4.2816423569502415,-1.0,21.501442429007835,-0.53,7.955533698732899,0.5,-22.501442429007835,7.2996624300764505,-15.201779998931384
27,101.0,-0.20834021,-0.30320886,-0.24959382,0.0,0.0,-8.933499322693237,2.744953625032383,,,-19.85023549502437,6.099286954821954,-42.0,0.0,-22.26,,-0.5,-42.0,33.06650067730676,-8.933499322693237
27,101.0,-0.23137067,-0.30571228,-0.24776395,0.0,0.0,-9.03112802722133,2.7619534339401164,,,-20.067166476485795,6.13706053021494,-15.0,0.0,-7.95,,-0.5,-15.0,5.96887197277867,-9.03112802722133
27,101.0,-0.26241115,-0.30854028,-0.24526709,-184.32,181.35,-9.084992755734868,2.779159514310826,,,-20.18685390324288,6.175292440798655,-15.0,-14.168260648200782,-7.95,,-0.5,-0.831739351799218,5.915007244265132,5.083267892465914
27,102.0,-0.2702207,-0.22289875,-0.28922594,569.4100000000001,-72.63999999999999,8.036710760866454,2.407528074777486,569.4100000000001,-72.63999999999999,17.85757131064526,5.349527382155574,-6.0,43.76925616152349,-3.18,16.19462477976369,0.5,-49.76925616152349,14.036710760866454,-35.73254540065703
27,102.0,-0.28707159,-0.20499648,-0.24690782,558.55,-287.28,7.999125453266063,2.419280484323511,558.55,-287.28,17.774056757157194,5.3756412361668415,1.0,42.93447257515487,0.53,15.885754852807302,0.5,-41.93447257515487,6.999125453266063,-34.93534712188881
27,102.0,-0.29664797,-0.1957528,-0.22611405,402.92,-36.97,8.12923512960724,2.4324478956375275,402.92,-36.97,18.063160457987287,5.404899224106586,5.0,30.97154720254481,2.6500000000000004,11.459472464941578,0.5,-25.97154720254481,3.12923512960724,-22.842312072937567
27,104.0,-0.22043937,-0.36755785,-0.3114517,-60.95999999999998,96.9,-19.451693682935623,6.258760443037082,-444.84,-7.449999999999989,-43.22166336348295,13.906965704428398,-33.0,-4.68585703729557,-17.490000000000002,-12.651721759417782,-0.5,-28.31414296270443,13.548306317064377,-14.765836645640054
27,104.0,-0.21877331,-0.37303591,-0.28322276,0.0,0.0,-19.72884519637234,6.3475225740528165,-444.84,-7.449999999999989,-43.83749402633934,14.104195159545355,-34.0,0.0,-18.02,-12.651721759417782,-0.5,-34.0,14.27115480362766,-19.72884519637234
27,104.0,-0.22250535,-0.37570438,-0.27271888,-444.84,-7.449999999999989,-20.00577567092189,6.430095675967511,-444.84,-7.449999999999989,-44.45283354078845,14.28767259199981,-37.0,-34.19384259302103,-19.61,-12.651721759417782,-0.5,-2.8061574069789685,16.99422432907811,14.188066922099143
27,105.0,-0.26117933,-0.203023,-0.2359532,394.25,-119.5,9.990644680228224,2.863714200128729,394.25,-119.5,22.199212479467118,6.363172952686035,11.0,30.30510395265385,5.83,11.212888462481926,0.5,-19.30510395265385,-1.0093553197717764,-20.31445927242563
27,105.0,-0.2614767,-0.19763549,-0.21976076,429.1700000000001,-150.61,9.99298908474396,2.880064489547514,429.1700000000001,-150.61,22.20442174630108,6.3995032957745766,18.0,32.989325208270024,9.54,12.20605032705991,0.5,-14.989325208270024,-8.00701091525604,-22.996336123526063
27,105.0,-0.26482603,-0.19801392,-0.21708201,454.5,-150.5,10.120985239419074,2.9002622671781992,454.5,-150.5,22.488829201989184,6.444382757669959,18.0,34.93638489912791,9.54,12.926462412677326,0.5,-16.93638489912791,-7.879014760580926,-24.815399659708834
27,106.0,-0.2615436,-0.16539916,-0.24297871,633.22,-308.28,13.179416936757066,3.5713835149797197,633.22,-308.28,29.2846644334742,7.935614170284937,23.0,48.67418623944065,12.19,18.00944890859304,0.5,-25.67418623944065,-9.820583063242934,-35.494769302683586
27,106.0,-0.25859395,-0.15933365,-0.22294825,631.1099999999999,-302.83,13.333527278613436,3.59843930404504,631.1099999999999,-302.83,29.62709761307905,7.995732133588079,32.0,48.51199532164711,16.96,17.94943826900943,0.5,-16.511995321647113,-18.66647272138656,-35.178468043033675
27,106.0,-0.25602689,-0.1605299,-0.21945792,622.5799999999999,-292.44,13.501025676129878,3.625833694424908,622.5799999999999,-292.44,29.99927905236059,8.056602469012144,32.0,47.85631355445336,16.96,17.706836015147744,0.5,-15.856313554453358,-18.498974323870122,-34.35528787832348
27,107.0,-0.27285963,-0.14720166,-0.22369272,354.51,-220.81,11.909069447363953,3.643758806071092,354.51,-220.81,26.4619523120427,8.096432067089964,23.0,27.25038022131977,12.19,10.082640681888313,0.5,-4.2503802213197694,-11.090930552636047,-15.341310773955817
27,107.0,-0.27410194,-0.14420433,-0.21274348,353.64,-215.05,11.872984959294556,3.669872097255444,353.64,-215.05,26.381772579552507,8.154455800101594,25.0,27.18350529313002,13.25,10.057896958458109,0.5,-2.1835052931300183,-13.127015040705444,-15.310520333835463
27,107.0,-0.27678239,-0.14236201,-0.2103866,340.4,-254.72,11.859337157566472,3.696410535941169,340.4,-254.72,26.3514471641127,8.213424210861277,32.0,26.165776500908997,16.96,9.681337305336328,0.5,5.834223499091003,-20.140662842433528,-14.306439343342525
27,108.0,-0.28093868,-0.17677805,-0.23873679,189.42999999999995,-188.08,9.258200312116893,2.649019150592008,287.17,-136.26,20.57172109352373,5.886120552615441,18.0,14.561054766648622,9.54,8.167419606267432,0.5,3.4389452333513777,-8.741799687883107,-5.3028544545317295
27,108.0,-0.28498697,-0.17052977,-0.22547072,287.17,-136.26,9.466794664550164,2.6646416332781606,287.17,-136.26,21.03521774463046,5.920833709144073,18.0,22.07410704396603,9.54,8.167419606267432,0.5,-4.0741070439660305,-8.533205335449836,-12.607312379415866
27,108.0,-0.2849319,-0.1693259,-0.22243164,266.67999999999995,1.7199999999999989,9.625986779383837,2.6788226741265704,266.67999999999995,1.7199999999999989,21.38894262379088,5.952343981909239,18.0,20.499087183497096,9.54,7.584662257893926,0.5,-2.499087183497096,-8.374013220616163,-10.87310040411326
27,109.0,-0.29661769,-0.08147246,-0.21194461,293.13,-167.75,15.787751081705483,4.748942461666455,293.13,-167.75,35.080382903549584,10.552150149822864,41.0,22.532238735932594,21.73,8.33692833229506,0.5,18.467761264067406,-25.212248918294517,-6.744487654227111
27,109.0,-0.29616049,-0.07490136,-0.20854472,315.85,-69.86000000000001,15.989360966057506,4.813616391590679,315.85,-69.86000000000001,35.52836006657978,10.69585562211449,45.0,24.27867364222124,23.85,8.983109247621858,0.5,20.72132635777876,-29.010639033942496,-8.289312676163734
27,109.0,-0.29653552,-0.06993019,-0.20805191,351.38,-89.28999999999999,16.12976429078488,4.8799216657899205,351.38,-89.28999999999999,35.840336254124004,10.843185941385205,45.0,27.00978421530377,23.85,9.993620159662395,0.5,17.99021578469623,-28.87023570921512,-10.88001992451889
27,110.0,-0.32338771,-0.14184278,-0.21900019,-49.93000000000001,81.36000000000001,11.168464351578082,3.5443410694211064,,,24.8163277892065,7.875525856253697,15.0,-3.8380059362232273,7.95,,0.5,18.838005936223226,-3.8315356484219176,15.00647028780131
27,110.0,-0.33097896,-0.13472983,-0.20695722,-53.56,64.72999999999999,11.250023313420868,3.5717343844501066,,,24.997551802421164,7.936393802248137,18.0,-4.117035809014942,9.54,,0.5,22.117035809014943,-6.7499766865791315,15.36705912243581
27,110.0,-0.33360672,-0.12828292,-0.20230687,-103.86,40.620000000000005,11.37658774429994,3.5995098001323487,,,25.27877796783447,7.998110775894078,20.0,-7.983482806652201,10.6,,0.5,27.9834828066522,-8.62341225570006,19.36007055095214
27,112.0,-0.32340252,-0.15525584,-0.22472216,157.98000000000002,-189.08,9.257395403418796,2.952881985359993,-633.25,-279.25,20.569932586396565,6.561303771469904,13.0,12.143564546455949,6.890000000000001,-18.01030214043546,0.5,0.8564354535440515,-3.742604596581204,-2.8861691430371526
27,112.0,-0.33543056,-0.13981259,-0.20482601,-633.25,-279.25,9.23880673802317,2.972287577169352,-633.25,-279.25,20.528628571887484,6.6044229964703005,15.0,-48.67649227144719,7.95,-18.01030214043546,0.5,63.67649227144719,-5.76119326197683,57.91529900947036
27,112.0,-0.34131271,-0.13157092,-0.19458598,-162.75,-56.78999999999999,9.24259787113324,2.99193735022235,-633.25,-279.25,20.53705246965806,6.648084792194062,18.0,-12.510223635496295,9.54,-18.01030214043546,0.5,30.510223635496295,-8.75740212886676,21.752821506629537
27,113.0,-0.31432179,-0.16473053,-0.20927382,256.79999999999995,-227.06,9.738688284366354,3.237750414728985,256.79999999999995,-227.06,21.63936536786204,7.194281421527806,13.0,19.739633976008903,6.890000000000001,7.303664571123294,0.5,-6.7396339760089035,-3.2613117156336457,-10.00094569164255
27,113.0,-0.31928629,-0.16163416,-0.19754203,254.48,-226.16,9.89880347647636,3.2586001127990203,254.48,-226.16,21.995141324730472,7.240609450639423,15.0,19.56130083416957,7.95,7.237681308642742,0.5,-4.561300834169572,-5.10119652352364,-9.662497357693212
27,113.0,-0.32560194,-0.15681705,-0.18909626,279.15,-147.49,10.027676345043425,3.2796948333609337,279.15,-147.49,22.28149683868649,7.287481919727995,15.0,21.457627820883506,7.95,7.939322293726897,0.5,-6.457627820883506,-4.9723236549565755,-11.429951475840081
27,114.0,-0.34604672,-0.16304785,-0.25114018,459.21,-128.93,9.479515962940203,3.091220936671306,459.21,-128.93,21.063484469653137,6.8686929212836425,7.0,35.298431924155174,3.71,13.060419811937416,0.5,-28.298431924155174,2.4795159629402033,-25.81891596121497
27,114.0,-0.36763203,-0.14555524,-0.23028123,335.08000000000004,-118.51,9.627472857958573,3.1145442809981643,335.08000000000004,-118.51,21.392244690383947,6.92051739237792,9.0,25.75684015841536,4.7700000000000005,9.53003085861368,0.5,-16.75684015841536,0.6274728579585727,-16.12936730045679
27,114.0,-0.38119307,-0.13646677,-0.22031885,49.64999999999998,-82.93,9.641411812855536,3.1338944646580784,335.08000000000004,-118.51,21.423217048165,6.96351350047025,11.0,3.816482970828823,5.83,9.53003085861368,0.5,7.183517029171178,-1.3585881871444645,5.824928842026713
27,115.0,-0.3164463,-0.20462942,-0.25632641,-208.75,53.079999999999984,6.925909914532503,2.7175946078604287,,,15.38937183009122,6.038495218665872,7.0,-16.046139378862378,3.71,,0.5,23.046139378862378,-0.07409008546749707,22.972049293394882
27,115.0,-0.33464256,-0.18738553,-0.23687239,-58.559999999999945,-2.1299999999999955,6.9968793915049945,2.7311741952539084,,,15.547066007924098,6.068669061854186,13.0,-4.50137447677212,6.890000000000001,,0.5,17.50137447677212,-6.0031206084950055,11.498253868277114
27,115.0,-0.34058261,-0.17938164,-0.23276871,-3.539999999999964,-25.06,6.977583368102612,2.7464205028673474,,,15.504190243924002,6.102546357371245,13.0,-0.2721117767720826,6.890000000000001,,0.5,13.272111776772082,-6.022416631897388,7.2496951448746945
27,116.0,-0.30381796,-0.34105283,-0.26412368,-129.42000000000002,-159.89,-11.788526631608876,3.853715420607193,-672.75,-362.75,-26.19410617543492,8.562955664589182,-26.0,-9.94822207622692,-13.78,-18.668001685634938,-0.5,-16.05177792377308,14.211473368391124,-1.840304555381957
27,116.0,-0.31167775,-0.34293371,-0.24675727,-122.95000000000005,-170.45,-11.894884103351115,3.8898021246130057,-672.75,-362.75,-26.430432477646185,8.643140320890097,-26.0,-9.450887840149129,-13.78,-18.668001685634938,-0.5,-16.54911215985087,14.105115896648885,-2.4439962632019867
27,116.0,-0.313548,-0.3429729,-0.24154,-672.75,-362.75,-12.043222473849056,3.9198240911083992,-672.75,-362.75,-26.7600403368926,8.709849130442862,-26.0,-50.45405860982416,-13.78,-18.668001685634938,-0.5,24.45405860982416,13.956777526150944,38.4108361359751
27,118.0,-0.35204047,-0.19039848,-0.21152735,428.55,-143.4,10.3353239471222,3.1429112414190223,428.55,-143.4,22.96508981050553,6.983548778433068,11.0,32.94166721346812,5.83,12.188416868983206,0.5,-21.941667213468122,-0.6646760528778,-22.606343266345924
27,118.0,-0.35258678,-0.18822366,-0.20772456,400.03,-163.16,10.3819604924245,3.164662242877047,400.03,-163.16,23.068716214167235,7.031879503672798,11.0,30.749399452581155,5.83,11.377277797455028,0.5,-19.749399452581155,-0.6180395075754994,-20.367438960156655
27,118.0,-0.35359579,-0.18619971,-0.20578253,384.16,-145.32,10.420456941448444,3.188894312088991,384.16,-145.32,23.154255323898443,7.085723161461738,13.0,29.52950852111986,6.890000000000001,10.925918152814347,0.5,-16.52950852111986,-2.5795430585515557,-19.109051579671416
27,119.0,-0.33173993,-0.14611912,-0.22796084,-610.75,-286.5,12.554889777405617,4.535625853419588,-610.75,-286.5,27.89696508539528,10.078160646298324,23.0,-46.94696826653987,12.19,-17.370378258619752,0.5,69.94696826653987,-10.445110222594383,59.50185804394549
27,119.0,-0.3411037,-0.13738731,-0.21621712,164.99,-100.65,12.666420646360418,4.5797836352937775,-610.75,-286.5,28.14478667621285,10.176279237622774,23.0,12.682407358651515,12.19,-17.370378258619752,0.5,10.317592641348485,-10.333579353639582,-0.01598671229109705
27,119.0,-0.34646377,-0.13460384,-0.21370643,137.01,-111.59,12.774007987452892,4.629805195165435,-610.75,-286.5,28.38384574812033,10.287427143657595,25.0,10.53164817388232,13.25,-17.370378258619752,0.5,14.46835182611768,-12.225992012547108,2.2423598135705713
27,120.0,-0.20912172,-0.41917732,-0.36541578,272.29,25.53,-27.391350716474484,9.131437702773365,272.29,25.53,-60.8635812920063,20.29005457556241,-45.0,20.930315168720654,-23.85,7.744216612426642,-0.5,-65.93031516872065,17.608649283525516,-48.32166588519514
27,120.0,-0.20503655,-0.4217661,-0.34303936,249.44000000000003,18.97999999999999,-27.71601057244652,9.282118733084534,272.29,25.53,-61.58497549197617,20.624867824913835,-45.0,19.173887457070336,-23.85,7.744216612426642,-0.5,-64.17388745707034,17.28398942755348,-46.88989802951686
27,120.0,-0.20148243,-0.4218182,-0.30053765,-216.85,-7.930000000000007,-28.007226936703503,9.436036753494877,272.29,25.53,-62.232058253355184,20.966873666265613,-45.0,-16.668768020629017,-23.85,7.744216612426642,-0.5,-28.331231979370983,16.992773063296497,-11.338458916074487
27,2.0,-0.42757469,-0.09845955,-0.22221142,87.09000000000003,58.900000000000006,9.607798047945495,1.4637241097472815,431.69000000000005,62.06999999999999,21.34852726253489,3.252394971858461,11.0,6.694410914994611,5.83,12.277721801823269,0.5,4.305589085005389,-1.3922019520545046,2.9133871329508843
27,2.0,-0.420459,-0.09854475,-0.19898804,99.63,-36.13999999999999,9.711991755457808,1.4696700714279205,431.69000000000005,62.06999999999999,21.580045680627247,3.265606898712837,11.0,7.658332293729622,5.83,12.277721801823269,0.5,3.3416677062703783,-1.2880082445421923,2.053659461728186
27,2.0,-0.41153988,-0.09702417,-0.19180062,431.69000000000005,62.06999999999999,9.747558453694133,1.4756592098485657,431.69000000000005,62.06999999999999,21.659074884108364,3.2789147642835115,11.0,33.18303189681964,5.83,12.277721801823269,0.5,-22.183031896819642,-1.2524415463058673,-23.43547344312551
27,4.0,-0.43074191,-0.09260222,-0.20628904,312.49,-70.50999999999999,12.845290328867412,1.986978961389406,312.49,-70.50999999999999,28.542235110743388,4.41506725220726,15.0,24.020398057488407,7.95,8.887547281270711,0.5,-9.020398057488407,-2.154709671132588,-11.175107728620995
27,4.0,-0.43078303,-0.08342716,-0.19821104,249.44000000000003,-63.88999999999999,12.837509739161684,1.9976312393533544,312.49,-70.50999999999999,28.524946640417262,4.438736613843153,15.0,19.173887457070336,7.95,8.887547281270711,0.5,-4.173887457070336,-2.1624902608383163,-6.336377717908652
27,4.0,-0.42838392,-0.08216146,-0.19644508,314.30999999999995,-96.08,12.830106587575548,2.00838322823408,314.30999999999995,-96.08,28.50849683759287,4.462627533136125,15.0,24.160297332552016,7.95,8.939310013044246,0.5,-9.160297332552016,-2.169893412424452,-11.330190744976468
27,5.0,-0.37829548,-0.02478091,-0.18132868,-115.32,94.95,15.80660995563136,2.3857146991432785,-276.45,120.36,35.12228732141288,5.301058061496365,23.0,-8.864387033151662,12.19,-7.862531427909015,0.5,31.86438703315166,-7.193390044368639,24.670996988783024
27,5.0,-0.38035163,-0.02244831,-0.18180522,-276.45,120.36,15.89485623223038,2.400759750961811,-276.45,120.36,35.318370548015906,5.334488166637144,23.0,-21.250084940294634,12.19,-7.862531427909015,0.5,44.250084940294634,-7.10514376776962,37.144941172525016
27,5.0,-0.38504007,-0.02032787,-0.1818976,-154.52,128.94,15.984067545216533,2.4159802453757777,-276.45,120.36,35.51659808547114,5.36830810522498,26.0,-11.877602188367977,13.78,-7.862531427909015,0.5,37.87760218836797,-10.015932454783467,27.86166973358451
27,6.0,-0.44277817,-0.09550354,-0.24004418,148.01,11.009999999999993,11.056332366006222,1.667098017317941,,,24.567170517265826,3.704291794480465,22.0,11.377193242948122,11.66,,0.5,10.622806757051878,-10.943667633993778,-0.32086087694190013
27,6.0,-0.44073862,-0.08831892,-0.21856886,172.30999999999997,11.850000000000025,11.170723259019796,1.6747421253780086,,,24.821347081541983,3.721277002589934,22.0,13.245079168248026,11.66,,0.5,8.754920831751974,-10.829276740980204,-2.0743559092282293
27,6.0,-0.44029146,-0.08574672,-0.2090926,176.54999999999995,13.079999999999984,11.216788421898222,1.6824600916071928,,,24.92370387345785,3.738426323551183,20.0,13.570998358506118,10.6,,0.5,6.4290016414938815,-8.783211578101778,-2.354209936607896
27,7.0,-0.43627051,-0.07153528,-0.20793276,106.89,-27.33999999999997,12.38332764574767,1.4597698571321018,-766.25,-293.25,27.51575402885132,3.243608622547532,15.0,8.216392039313051,7.95,-19.997621306740918,0.5,6.783607960686949,-2.61667235425233,4.166935606434619
27,7.0,-0.43495613,-0.0704269,-0.20519061,129.88,-26.410000000000025,12.368872248902449,1.4677273367891814,-766.25,-293.25,27.48363413706124,3.26129014234556,15.0,9.983581233660576,7.95,-19.997621306740918,0.5,5.016418766339424,-2.6311277510975515,2.3852910152418723
27,7.0,-0.42984515,-0.07333728,-0.20594059,-766.25,-293.25,12.423790431576831,1.4757706726932724,-766.25,-293.25,27.60566233896372,3.2791624347244515,15.0,-54.04762515335382,7.95,-19.997621306740918,0.5,69.04762515335382,-2.5762095684231685,66.47141558493065
27,8.0,-0.41809878,-0.08440029,-0.20284803,411.06,12.310000000000002,13.620826355815652,2.0884586507292813,411.06,12.310000000000002,30.265476162622377,4.640555121920464,18.0,31.597250553653502,9.54,11.690982704851796,0.5,-13.597250553653502,-4.379173644184348,-17.97642419783785
27,8.0,-0.41702661,-0.07776587,-0.19457678,361.7000000000001,-53.50999999999999,13.68867046671319,2.100191294330453,361.7000000000001,-53.50999999999999,30.41622577703671,4.666625056002266,18.0,27.8030592255546,9.54,10.287131913455202,0.5,-9.803059225554598,-4.311329533286809,-14.114388758841407
27,8.0,-0.41720781,-0.07643888,-0.19315287,345.13,-41.06,13.757351785299551,2.112050409056784,345.13,-41.06,30.568835666935605,4.692976008924175,18.0,26.529360880607296,9.54,9.8158635258247,0.5,-8.529360880607296,-4.2426482147004485,-12.772009095307745
27,9.0,-0.41027078,-0.03524942,-0.21234749,449.02,109.14,15.593247661730876,2.461408385893717,449.02,109.14,34.648196304366,5.46924943345584,29.0,34.515149719266034,15.37,12.770605396128431,0.5,-5.515149719266034,-13.406752338269124,-18.921902057535156
27,9.0,-0.40845025,-0.03065267,-0.2062,488.36,112.74,15.683177807832475,2.4773187611445757,488.36,112.74,34.848021089003765,5.504602287263246,29.0,37.53912635717955,15.37,13.889476752156432,0.5,-8.539126357179548,-13.316822192167525,-21.855948549347072
27,9.0,-0.40751573,-0.03127542,-0.20372529,326.46000000000004,103.97000000000004,15.842370235885827,2.493412200867782,326.46000000000004,103.97000000000004,35.201746664138305,5.54036191032821,29.0,25.094240295201978,15.37,9.284868909224732,0.5,3.9057597047980224,-13.157629764114173,-9.25187005931615
27,10.0,-0.36845139,0.03356106,-0.19731764,-104.54000000000002,8.129999999999995,19.932398485103032,3.2210078197365224,,,44.28978943389894,7.157079375454554,45.0,-8.035752865467177,23.85,,0.5,53.035752865467174,-25.067601514896968,27.96815135057021
27,10.0,-0.36943391,0.03926301,-0.19560492,-11.089999999999977,-34.70999999999998,20.145576149156927,3.2468981054221318,,,44.76347020342669,7.214607590247976,45.0,-0.8524631650854293,23.85,,0.5,45.85246316508543,-24.854423850843073,20.998039314242355
27,10.0,-0.36922356,0.04225346,-0.19305824,77.49000000000001,-75.25,20.36065751645728,3.273157143016583,,,45.24138100156808,7.272955171782847,45.0,5.956480672900819,23.85,,0.5,39.04351932709918,-24.63934248354272,14.404176843556462
27,11.0,-0.35912216,0.06086889,-0.19711469,536.19,147.02999999999997,25.04610205730365,4.147917299745528,536.19,147.02999999999997,55.6524387713287,9.216672240034566,45.0,41.215710052944765,23.85,15.249812719589563,0.5,3.7842899470552354,-19.95389794269635,-16.169607995641115
27,11.0,-0.35638636,0.07077787,-0.19130172,603.3199999999999,-6.509999999999991,25.26793432348351,4.1878328887466285,603.3199999999999,-6.509999999999991,56.14535006678035,9.305364678795009,45.0,46.375841006252685,23.85,17.159061172313493,0.5,-1.375841006252685,-19.73206567651649,-21.107906682769176
27,11.0,-0.35657099,0.07047997,-0.19132645,622.81,0.3899999999999863,25.56250799391787,4.228345748300091,622.81,0.3899999999999863,56.79989276248551,9.3953842527228,45.0,47.87399313317019,23.85,17.71337745927297,0.5,-2.8739931331701882,-19.43749200608213,-22.31148513925232
27,12.0,-0.3901166,-0.20081359,-0.59969294,165.86,-214.89,13.785029816480916,2.0862668145796874,275.89,4.420000000000016,30.63033625222059,4.635684861996067,0.0,12.749282286841266,0.0,7.846604433517156,0.5,-12.749282286841266,13.785029816480916,1.03574752963965
27,12.0,-0.39131346,-0.20472129,-0.59859335,119.11,-255.56,13.922787677744054,2.0979847717024143,275.89,4.420000000000016,30.936434219947287,4.661722162722764,0.0,9.155715743311609,0.0,7.846604433517156,0.5,-9.155715743311609,13.922787677744054,4.767071934432446
27,12.0,-0.38961399,-0.20408206,-0.59672725,200.15,-245.43,14.06172914759253,2.109833141073011,275.89,4.420000000000016,31.2451621659506,4.688049239464229,0.0,15.385076870320022,0.0,7.846604433517156,0.5,-15.385076870320022,14.06172914759253,-1.3233477227274921
27,12.0,-0.37468922,-0.02365606,-0.19465016,275.89,4.420000000000016,15.256863785116025,2.262543561014581,275.89,4.420000000000016,33.900751330527804,5.0273717925744,32.0,21.207039009505827,16.96,7.846604433517156,0.5,10.792960990494173,-16.743136214883975,-5.9501752243898025
27,12.0,-0.37530893,-0.02844463,-0.19170207,280.49,4.0,15.26913223591214,2.276190040623902,280.49,4.0,33.92801182819677,5.057694270266312,32.0,21.56063058384244,16.96,7.977433316021703,0.5,10.439369416157561,-16.73086776408786,-6.291498347930299
27,12.0,-0.3751353,-0.03069316,-0.19320697,339.96000000000004,-12.009999999999993,15.350966843117815,2.289978960735226,339.96000000000004,-12.009999999999993,34.10984832540779,5.0883332507536725,32.0,26.13195469814637,16.96,9.668823238314156,0.5,5.8680453018536305,-16.649033156882183,-10.780987855028554
27,12.0,-0.35713595,-0.23450942,-0.59928912,-17.370000000000005,-49.60000000000002,20.679189848573746,3.2435370549435163,339.96000000000004,-12.009999999999993,45.94915984353086,7.207139336084495,-21.0,-1.3351925317884532,-11.13,9.668823238314156,0.5,-19.664807468211546,41.67918984857374,22.0143823803622
27,12.0,-0.35559595,-0.23336713,-0.59875774,-19.769999999999985,-51.79000000000002,20.828310851730805,3.2696829798231306,339.96000000000004,-12.009999999999993,46.28050671254585,7.265235581166998,-21.0,-1.5196750923118991,-11.13,9.668823238314156,0.5,-19.4803249076881,41.828310851730805,22.347985944042705
27,12.0,-0.35445648,-0.23258913,-0.59590727,-65.97000000000003,72.73000000000002,20.979503073292733,3.2961810694191627,339.96000000000004,-12.009999999999993,46.61645582885645,7.32411433624938,-21.0,-5.07096438238827,-11.13,9.668823238314156,0.5,-15.92903561761173,41.97950307329273,26.050467455681
27,12.0,-0.3588658,-0.23547047,-0.59795725,-156.39,101.77999999999996,24.78556885788845,3.915290452185559,339.96000000000004,-12.009999999999993,55.073534002228136,8.699775384756311,-21.0,-12.02134485010916,-11.13,9.668823238314156,0.5,-8.97865514989084,45.78556885788845,36.80691370799761
27,12.0,-0.35507229,-0.2354434,-0.6020602,0.0,0.0,25.13165282189891,3.951292136523989,339.96000000000004,-12.009999999999993,55.84253257025938,8.779771127356305,-21.0,0.0,-11.13,9.668823238314156,0.5,-21.0,46.13165282189891,25.13165282189891
27,12.0,-0.35245827,-0.23511715,-0.59914017,-151.66000000000005,102.51999999999998,25.414112646681644,3.987809012716639,339.96000000000004,-12.009999999999993,56.47015830092661,8.860911626256375,-21.0,-11.657760470410867,-11.13,9.668823238314156,0.5,-9.342239529589133,46.414112646681644,37.07187311709251
27,13.0,-0.40386081,-0.06964879,-0.20623627,-75.12,64.07999999999998,11.505660979587276,1.727215090882793,,,25.565578696642927,3.8378719319415655,18.0,-5.774304144383914,9.54,,0.5,23.774304144383912,-6.494339020412724,17.279965123971188
27,13.0,-0.40786314,-0.06738724,-0.20476627,-90.27999999999996,75.54000000000002,11.473668435829763,1.7363643144506096,,,25.49449126441374,3.858201506709253,22.0,-6.939618985023689,11.66,,0.5,28.93961898502369,-10.526331564170237,18.41328742085345
27,13.0,-0.40853968,-0.06566965,-0.20543012,0.0,0.0,11.540166762459728,1.7456019340688431,,,25.642250546185515,3.87872749750097,22.0,0.0,11.66,,0.5,22.0,-10.459833237540272,11.540166762459728
27,14.0,-0.38093385,-0.09815118,-0.20069453,282.6,-175.92,12.598281739005389,1.9745075990055847,282.6,-175.92,27.993382024069973,4.387355884990409,15.0,21.722821501635973,7.95,8.03744395560531,0.5,-6.722821501635973,-2.4017182609946115,-9.124539762630585
27,14.0,-0.38420787,-0.09524527,-0.19850743,300.36,-171.6,12.751533629578557,1.9862876174599664,300.36,-171.6,28.333907724923552,4.413531085996045,18.0,23.08799244950948,9.54,8.542557206318508,0.5,-5.087992449509478,-5.248466370421443,-10.336458819930922
27,14.0,-0.38507327,-0.09300786,-0.19837092,108.33000000000004,38.03,12.80705027440077,1.9960296190924984,300.36,-171.6,28.457265709718516,4.435177813623529,18.0,8.327081575627124,9.54,8.542557206318508,0.5,9.672918424372876,-5.192949725599229,4.4799686987736465
27,14.0,-0.25872228,-0.34225336,-0.68675345,271.53,-166.32,16.064978032960727,2.688265364188553,271.53,-166.32,35.696381189238735,5.973325639226964,-21.0,20.87189569122156,-11.13,7.722601405751977,0.5,-41.87189569122156,37.064978032960724,-4.806917658260833
27,14.0,-0.25589743,-0.34108341,-0.68864501,254.53,-176.24,16.182467037090145,2.703442478178178,254.53,-176.24,35.957441756414305,6.00704918651191,-21.0,19.565144220847134,-11.13,7.239103361713441,0.5,-40.56514422084713,37.18246703709015,-3.3826771837569893
27,14.0,-0.25884458,-0.34383813,-0.68895614,104.74,-59.5,16.2676310336542,2.726502341823955,254.53,-176.24,36.146676156779634,6.058288203532829,-24.0,8.051126412177464,-12.72,7.239103361713441,0.5,-32.05112641217747,40.2676310336542,8.216504621476737
27,15.0,-0.25660869,-0.34381598,-0.68837529,350.49,174.52999999999997,12.568913868361294,2.0435932253028755,350.49,174.52999999999997,27.928126615498797,4.54086414662299,-24.0,26.941371932443,-12.72,9.968307615003908,0.5,-50.941371932443005,36.56891386836129,-14.372458064081707
27,15.0,-0.25546339,-0.34217837,-0.68775493,380.1500000000001,193.3,12.620515086911956,2.056164853505374,380.1500000000001,193.3,28.042784523118367,4.568798304488942,-21.0,29.22126890957861,-11.13,10.811869496544086,0.5,-50.22126890957861,33.62051508691196,-16.600753822666654
27,15.0,-0.25864521,-0.34550568,-0.69015884,432.09,70.52999999999997,12.677443794901208,2.0665632589629697,432.09,70.52999999999997,28.169280112270485,4.59190356141572,-24.0,33.21377899024022,-12.72,12.289098226388882,0.5,-57.21377899024022,36.67744379490121,-20.536335195339014
27,15.0,-0.41454816,-0.07951105,-0.19617215,229.28,59.30000000000001,14.613369183578218,2.340867864390773,432.09,70.52999999999997,32.4709063259108,5.201408394676298,15.0,17.624233948673368,7.95,12.289098226388882,0.5,-2.6242339486733677,-0.386630816421782,-3.0108647650951497
27,15.0,-0.41834942,-0.07536725,-0.1955677,341.14,143.5,14.7030857340238,2.3571342629153884,341.14,143.5,32.670256501000885,5.237552332197993,15.0,26.22265862373706,7.95,9.702383690782712,0.5,-11.222658623737061,-0.2969142659762003,-11.519572889713261
27,15.0,-0.41969994,-0.07456575,-0.19556464,325.5,-72.93,14.777510798057047,2.3706077512104446,325.5,-72.93,32.83562899328276,5.26749042318961,15.0,25.020447270992594,7.95,9.25756549026726,0.5,-10.020447270992594,-0.22248920194295252,-10.242936472935547
27,15.0,-0.25843292,-0.34472007,-0.69132352,92.09000000000005,-128.24,16.438281772113953,2.656518226667888,325.5,-72.93,36.5258620976372,5.902783499656048,-24.0,7.078749582751793,-12.72,9.25756549026726,0.5,-31.078749582751794,40.43828177211395,9.35953218936216
27,15.0,-0.25842163,-0.34282136,-0.69035268,91.30999999999996,-129.99,16.53016693838518,2.6733163591132856,325.5,-72.93,36.73003093709187,5.940108949949721,-24.0,7.018792750581666,-12.72,9.25756549026726,0.5,-31.018792750581667,40.53016693838518,9.511374187803513
27,15.0,-0.2573624,-0.34311751,-0.68590295,167.42999999999995,-145.54000000000002,16.614487810165144,2.694125921039249,325.5,-72.93,36.91739191418695,5.986347796549213,-21.0,12.869964628517016,-11.13,9.25756549026726,0.5,-33.86996462851702,37.614487810165144,3.7445231816481286
27,15.0,-0.25921941,-0.34330729,-0.69014418,-132.88,-82.29000000000002,18.53053084783781,3.125441504988645,325.5,-72.93,41.174839543895615,6.944731024084767,-24.0,-10.214184434314886,-12.72,9.25756549026726,0.5,-13.785815565685114,42.53053084783781,28.744715282152697
27,15.0,-0.25898033,-0.34428507,-0.69048989,-140.78999999999996,-78.81,18.688690422725152,3.155539707163376,325.5,-72.93,41.52627011929529,7.0116092293170205,-24.0,-10.822208206706748,-12.72,9.25756549026726,0.5,-13.177791793293252,42.68869042272515,29.5108986294319
27,15.0,-0.25809604,-0.34266999,-0.69010282,-139.12,-83.57999999999998,18.82268443330573,3.1810273300839462,325.5,-72.93,41.82400481080534,7.068242727446531,-24.0,-10.693839091675851,-12.72,9.25756549026726,0.5,-13.306160908324149,42.82268443330573,29.516523524981583
27,15.0,-0.25933152,-0.34444764,-0.68883902,-110.47000000000004,-66.51999999999998,20.86018676240754,3.6054353868590105,325.5,-72.93,46.35133498606955,8.011277429600721,-24.0,-8.491578525427197,-12.72,9.25756549026726,0.5,-15.508421474572803,44.86018676240754,29.351765287834738
27,15.0,-0.26082283,-0.34435412,-0.68797272,-109.61,-67.73000000000002,21.03604030585701,3.644206464724771,325.5,-72.93,46.742081559614284,8.097426764618444,-24.0,-8.42547227457296,-12.72,9.25756549026726,0.5,-15.57452772542704,45.036040305857014,29.46151258042997
27,15.0,-0.26079756,-0.34448475,-0.68704051,-103.87,-66.69999999999999,21.17908010408937,3.673782680372085,325.5,-72.93,47.05991599128658,8.163145115786772,-24.0,-7.984251483987715,-12.72,9.25756549026726,0.5,-16.015748516012284,45.179080104089365,29.163331588077085
27,15.0,-0.26093876,-0.34408873,-0.68762487,-236.59000000000003,-23.649999999999977,28.583586892877825,5.117941436902427,325.5,-72.93,63.51273007597453,11.372065872797194,-24.0,-18.186137080934376,-12.72,9.25756549026726,0.5,-5.813862919065624,52.583586892877825,46.769723973812205
27,15.0,-0.2582154,-0.34240761,-0.68872023,-360.37,8.5,28.99735976038927,5.181107404090254,-360.37,8.5,64.43213338758495,11.51242065188854,-24.0,-27.700825139931187,-12.72,-10.24930530177454,0.5,3.7008251399311867,52.99735976038927,56.698184900320456
27,15.0,-0.2579301,-0.34215334,-0.68898803,-360.07,4.829999999999984,29.30133182346993,5.233645512641894,-360.07,4.829999999999984,65.10755931175018,11.62916032909029,-21.0,-27.67776481986576,-11.13,-10.24077298335033,0.5,6.677764819865761,50.30133182346993,56.979096643335694
27,15.0,-0.26009917,-0.34422687,-0.6904003,-291.08,-46.93000000000001,32.574041447887154,5.803687515713024,-291.08,-46.93000000000001,72.37952009720526,12.89579365991434,-24.0,-22.374659882152148,-12.72,-8.278624156396294,0.5,-1.625340117847852,56.574041447887154,54.9487013300393
27,15.0,-0.2605387,-0.34473878,-0.69005978,-296.61,-44.94,32.917363088931005,5.8653295046582326,-296.61,-44.94,73.1423807836047,13.032762159350591,-24.0,-22.799738448691595,-12.72,-8.43590322601589,0.5,-1.2002615513084045,56.917363088931005,55.7171015376226
27,15.0,-0.26117021,-0.34557119,-0.69034135,-297.37,-45.44,33.43486066521198,5.948783274135906,-297.37,-45.44,74.29226039810102,13.218196435129986,-24.0,-22.858157926190685,-12.72,-8.457518432690554,0.5,-1.1418420738093147,57.43486066521198,56.293018591402664
27,16.0,-0.36164325,-0.03181239,-0.21763967,237.59000000000003,-17.25,19.16500464144635,3.0999115504211225,-648.15,-131.82,42.5846403132938,6.888003465035734,32.0,18.26300481448581,16.96,-18.318176630242352,0.5,13.73699518551419,-12.834995358553648,0.9019998269605409
27,16.0,-0.36746338,-0.03302772,-0.2176151,53.29999999999996,-70.74000000000001,19.22877224810585,3.129584881306384,-648.15,-131.82,42.726331935291206,6.953937606262784,32.0,4.097050198291565,16.96,-18.318176630242352,0.5,27.902949801708434,-12.771227751894148,15.131722049814286
27,16.0,-0.36910608,-0.03595213,-0.21659656,79.71000000000004,-76.52999999999997,19.3801273319763,3.1521866207366784,-648.15,-131.82,43.06264293165134,7.004158671276901,32.0,6.12712704138501,16.96,-18.318176630242352,0.5,25.87287295861499,-12.6198726680237,13.253000290591292
27,16.0,-0.26049137,-0.34694704,-0.69085443,-648.15,-131.82,27.068718765674078,4.888830981038412,-648.15,-131.82,60.14669309732779,10.862982439867348,-24.0,-49.508585487141495,-12.72,-18.318176630242352,0.5,25.508585487141495,51.06871876567408,76.57730425281557
27,16.0,-0.26031914,-0.34896168,-0.6932748,-693.87,-134.87,27.478810915822404,4.947780125062453,-693.87,-134.87,61.05791785495738,10.993967437888768,-24.0,-51.26578187612733,-12.72,-18.968339294167112,0.5,27.265781876127328,51.47881091582241,78.74459279194973
27,16.0,-0.25867239,-0.34608766,-0.6900937,-729.52,-142.94,27.821007845895192,4.996813788570188,-729.52,-142.94,61.81827943357912,11.102920238202962,-24.0,-52.63594922668169,-12.72,-19.475301213872225,0.5,28.63594922668169,51.821007845895195,80.45695707257688
27,16.0,-0.25806653,-0.34550759,-0.68849742,676.23,21.720000000000027,46.5621765325604,7.861816930829828,676.23,21.720000000000027,103.4611562553492,17.468957220303878,-24.0,50.58780846620366,-12.72,18.71748913249536,0.5,-74.58780846620365,70.5621765325604,-4.025631933643261
27,16.0,-0.25740984,-0.3447628,-0.68573892,625.6500000000001,59.829999999999984,47.45458413002844,7.964651250187032,625.6500000000001,59.829999999999984,105.4440859369232,17.697455077915585,-21.0,48.09229749645628,-11.13,17.794150073688822,0.5,-69.09229749645628,68.45458413002844,-0.637713366427846
27,16.0,-0.25903943,-0.34533963,-0.68760085,650.27,71.92000000000002,48.15430522179005,8.04129517792764,650.27,71.92000000000002,106.99886620281748,17.867757885355218,-24.0,49.590065284706014,-12.72,18.348324155341224,0.5,-73.59006528470601,72.15430522179005,-1.4357600629159677
27,17.0,-0.36821607,-0.11073771,-0.23013188,-292.57,51.18000000000001,11.880592019844713,1.4491467060212058,-292.57,51.18000000000001,26.39867546809495,3.2200039807791185,18.0,-22.48919280514379,9.54,-8.321001337903203,0.5,40.48919280514379,-6.119407980155287,34.3697848249885
27,17.0,-0.36495844,-0.11243754,-0.22867383,-211.2,51.72000000000003,11.906713923252882,1.4555657479660633,-292.57,51.18000000000001,26.456718337467905,3.234267091980593,18.0,-16.234465326063397,9.54,-8.321001337903203,0.5,34.2344653260634,-6.093286076747118,28.14117924931628
27,17.0,-0.36313757,-0.11350546,-0.2299819,-165.69,66.29000000000002,11.909454318676964,1.4652986920652022,-292.57,51.18000000000001,26.46280749610021,3.255893693768879,20.0,-12.73621477213752,10.6,-8.321001337903203,0.5,32.73621477213752,-8.090545681323036,24.645669090814486
27,17.0,-0.26157829,-0.35741821,-0.67806059,6.009999999999991,-189.13,12.318388566086956,1.6553032330243038,-292.57,51.18000000000001,27.37145939384521,3.678083783780004,-24.0,0.4619750786441329,-12.72,-8.321001337903203,0.5,-24.461975078644134,36.31838856608695,11.856413487442822
27,17.0,-0.26693961,-0.35643867,-0.67687821,21.799999999999955,-181.97,12.2885941636753,1.664469899072091,-292.57,51.18000000000001,27.305256231686517,3.698452115738185,-24.0,1.6757165914213132,-12.72,-8.321001337903203,0.5,-25.675716591421313,36.2885941636753,10.612877572253987
27,17.0,-0.31209484,-0.39017904,-0.67213339,-753.0,-424.5,12.356901960631014,1.6757951250121297,-292.57,51.18000000000001,27.45703615652211,3.723616767776953,-29.0,-53.53837641857555,-15.37,-8.321001337903203,0.5,24.538376418575552,41.35690196063101,65.89527837920656
27,18.0,-0.26904359,-0.39192799,-0.33965653,-42.76999999999998,-166.7,-18.92381035358293,2.9301458114341408,,,-42.04870660566126,6.510783993006658,-31.0,-3.28763296399494,-16.43,,-0.5,-27.71236703600506,12.07618964641707,-15.636177389587989
27,18.0,-0.27346867,-0.3973628,-0.298197,162.26999999999998,-217.45,-19.07563795228394,2.949675957873381,,,-42.38606752997492,6.554179978394654,-35.0,12.473327123391606,-18.55,,-0.5,-47.473327123391606,15.924362047716059,-31.548965075675547
27,18.0,-0.28531596,-0.40122366,-0.27698377,160.26999999999998,-197.98,-19.175569162407747,2.973879718817169,,,-42.60811467887002,6.607960735211751,-34.0,12.319591656288733,-18.02,,-0.5,-46.319591656288736,14.824430837592253,-31.49516081869648
27,24.0,-0.35710749,-0.21754833,-0.24320497,-433.04,-27.069999999999997,3.0208722429375823,1.2903401063134678,-433.04,-27.069999999999997,6.712378123807308,2.8671357162285256,-3.0,-33.28680333711408,-1.59,-12.316117234732207,0.5,30.28680333711408,6.020872242937582,36.307675580051665
27,24.0,-0.37594509,-0.21195218,-0.22930296,-565.94,62.02999999999997,3.089276333344785,1.2955653123512345,-565.94,62.02999999999997,6.864372012692113,2.8787461240444427,-2.0,-43.5025251261,-1.06,-16.095934296657003,0.5,41.5025251261,5.089276333344785,46.59180145944478
27,24.0,-0.38474557,-0.21275812,-0.21907088,-368.16,68.57999999999998,3.180113964860755,1.299879810264789,-368.16,68.57999999999998,7.0662132299205975,2.888332938408362,-1.0,-28.29962478429688,-0.53,-10.470861170189846,0.5,27.29962478429688,4.180113964860755,31.479738749157637
27,24.0,-0.36125809,-0.16651836,-0.54622096,-102.53999999999996,-103.01999999999998,3.422974130762199,1.3710031783715253,-368.16,68.57999999999998,7.605848518553605,3.046369062341529,0.0,-7.8820173983643,0.0,-10.470861170189846,0.5,7.8820173983643,3.422974130762199,11.304991529126498
27,24.0,-0.36010304,-0.16516823,-0.54340488,-91.33000000000004,-114.13,3.4877995464114644,1.376376140548445,-368.16,68.57999999999998,7.749890592126274,3.0583077842986444,0.0,-7.020330105252704,0.0,-10.470861170189846,0.5,7.020330105252704,3.4877995464114644,10.508129651664168
27,24.0,-0.3630802,-0.16635293,-0.5453127,-90.95000000000005,-124.31,3.500777586480861,1.3817878367163967,-368.16,68.57999999999998,7.778727797160472,3.070332573183834,0.0,-6.991120366503157,0.0,-10.470861170189846,0.5,6.991120366503157,3.500777586480861,10.491897952984019
27,25.0,-0.34123456,-0.00801632,-0.21445625,330.24,32.400000000000006,16.683089755545556,2.8243414680044667,330.24,32.400000000000006,37.06982543682223,6.2756867419059255,38.0,25.384800328026408,20.14,9.392376121369772,0.5,12.615199671973592,-21.316910244454444,-8.701710572480852
27,25.0,-0.34758228,-0.00484126,-0.21438654,340.37,102.36,16.69332023309834,2.8412270459719977,340.37,102.36,37.09255755794451,6.31320649614978,37.0,26.163470468902457,19.61,9.68048407349391,0.5,10.836529531097543,-20.30667976690166,-9.470150235804116
27,25.0,-0.35124034,-0.00576135,-0.21528694,325.79,112.88,16.79155096838577,2.8582983090167646,325.79,112.88,37.310826251753184,6.351138842635249,35.0,25.04273891372251,18.55,9.265813398077327,0.5,9.95726108627749,-18.20844903161423,-8.251187945336738
27,26.0,-0.38121134,-0.09204932,-0.20945269,217.70000000000005,-41.94,13.447968765294329,2.305559170778019,-440.86,133.02999999999997,29.881386596484,5.122952477468759,13.0,16.73410559414774,6.890000000000001,-12.538526334989935,0.5,-3.7341055941477386,0.4479687652943287,-3.28613682885341
27,26.0,-0.39189556,-0.0888253,-0.19920136,189.38,-3.1899999999999977,13.506409212025442,2.3159618207213386,-440.86,133.02999999999997,30.01124126912053,5.146067165642814,13.0,14.557211379971053,6.890000000000001,-12.538526334989935,0.5,-1.5572113799710525,0.5064092120254422,-1.0508021679456103
27,26.0,-0.39525864,-0.08778153,-0.19634825,-44.309999999999945,-94.12,13.51291616836297,2.3288017427957337,-440.86,133.02999999999997,30.02569972610252,5.17459747249212,13.0,-3.406009273664149,6.890000000000001,-12.538526334989935,0.5,16.40600927366415,0.5129161683629704,16.91892544202712
27,27.0,-0.42157951,-0.08987045,-0.20096223,-2.4400000000000546,-85.05000000000001,13.213521766898904,2.153924435072134,-251.81,-113.73000000000002,29.36044536604936,4.786020094730281,11.0,-0.1875572698655093,5.83,-7.161743674667276,0.5,11.18755726986551,2.2135217668989036,13.401079036764413
27,27.0,-0.42401242,-0.08014212,-0.20129737,-251.81,-113.73000000000002,13.214344808524066,2.1651232395945,-251.81,-113.73000000000002,29.362274164540477,4.81090383837898,11.0,-19.356063985587237,5.83,-7.161743674667276,0.5,30.356063985587237,2.214344808524066,32.5704087941113
27,27.0,-0.42372832,-0.07695076,-0.20182975,-256.5,-137.01999999999998,13.20896531939098,2.1754041538453883,-256.5,-137.01999999999998,29.35032093968676,4.833748029844454,11.0,-19.716573655943478,5.83,-7.295132252699085,0.5,30.716573655943478,2.2089653193909804,32.92553897533446
27,28.0,-0.27437708,-0.28278208,-0.40483385,-341.2,-143.82,-17.576095997356827,2.125325831992554,-341.2,-143.82,-39.05408530612687,4.722473998687455,-21.0,-26.22727068775015,-11.13,-9.704090154467554,-0.5,5.227270687750149,3.423904002643173,8.651174690393322
27,28.0,-0.24946347,-0.34888217,-0.35647902,-307.04,-147.5,-17.735056183589577,2.136668831540545,-307.04,-147.5,-39.40729483993604,4.747678143683089,-30.0,-23.60146890963308,-15.9,-8.732543496564238,-0.5,-6.3985310903669195,12.264943816410423,5.866412726043503
27,28.0,-0.24135411,-0.3909108,-0.3164503,-299.94,-134.44,-17.85043508743963,2.1506790524764945,-299.94,-134.44,-39.66366676429086,4.778808854602772,-35.0,-23.05570800141788,-18.55,-8.530611960524615,-0.5,-11.94429199858212,17.14956491256037,5.2052729139782485
27,29.0,-0.38504449,-0.10953978,-0.21346772,303.04,22.329999999999984,13.073558905882823,2.092451466884544,303.04,22.329999999999984,29.049447888871637,4.649427159417458,13.0,23.293997975427327,6.890000000000001,8.61877925090811,0.5,-10.293997975427327,0.07355890588282321,-10.220439069544504
27,29.0,-0.40480593,-0.10341842,-0.20911022,306.39,20.54000000000002,13.131226447598404,2.1020864428832704,306.39,20.54000000000002,29.17758516656365,4.670836076086626,11.0,23.55150488282464,5.83,8.714056806645118,0.5,-12.551504882824641,2.1312264475984044,-10.420278435226237
27,29.0,-0.40685666,-0.10242572,-0.2066173,238.72000000000003,35.95999999999998,13.123493885515488,2.1118074968371348,306.39,20.54000000000002,29.16040341361541,4.692436257972112,13.0,18.349865353398936,6.890000000000001,8.714056806645118,0.5,-5.349865353398936,0.12349388551548834,-5.226371467883448
27,29.0,-0.35695726,-0.21682556,-0.59368813,0.0,0.0,18.81907228910944,3.3252814614462345,306.39,20.54000000000002,41.815978626401176,7.388775407333533,0.0,0.0,0.0,8.714056806645118,0.5,0.0,18.81907228910944,18.81907228910944
27,29.0,-0.35923451,-0.21821271,-0.5967741,-622.25,-335.0,18.947496281005304,3.348110958102076,-622.25,-335.0,42.10133673639378,7.439502548902812,0.0,-47.83094720238139,0.0,-17.697450464881115,0.5,47.83094720238139,18.947496281005304,66.7784434833867
27,29.0,-0.3603977,-0.21908902,-0.59747922,-621.5,-332.5,19.121591945028097,3.371193990378334,-621.5,-332.5,42.48817730185243,7.490793046620659,0.0,-47.77329640221781,0.0,-17.67611966882059,0.5,47.77329640221781,19.121591945028097,66.89488834724591
27,29.0,-0.35282651,-0.21395154,-0.59021378,-547.0,-401.0,20.40766494830513,3.566486779133106,-621.5,-332.5,45.345831515134,7.924733623233759,0.0,-42.046650252635786,0.0,-17.67611966882059,0.5,42.046650252635786,20.40766494830513,62.45431520094091
27,29.0,-0.35541567,-0.21741155,-0.59327883,-620.75,-306.0,20.534431297209167,3.592267420775641,-620.75,-306.0,45.62750634239877,7.982018208963478,0.0,-47.71564560205423,0.0,-17.654788872760065,0.5,47.71564560205423,20.534431297209167,68.2500768992634
27,29.0,-0.34940195,-0.21686088,-0.59668243,-549.25,-404.25,20.7723339745621,3.618382857416721,-620.75,-306.0,46.156126091476985,8.040046709179954,0.0,-42.21960265312652,0.0,-17.654788872760065,0.5,42.21960265312652,20.7723339745621,62.99193662768862
27,30.0,-0.35614264,-0.09378262,-0.22085041,467.18,-69.91000000000003,14.6692363537318,2.396957991432461,467.18,-69.91000000000003,32.59504317799206,5.326040656962928,20.0,35.91106776056012,10.6,13.287095071407244,0.5,-15.911067760560123,-5.330763646268201,-21.241831406828325
27,30.0,-0.36433363,-0.09188799,-0.21266295,379.58,-71.58999999999997,14.74314721246576,2.4094350921487564,379.58,-71.58999999999997,32.75927310609892,5.353764774754536,20.0,29.177454301454286,10.6,10.795658091538083,0.5,-9.177454301454286,-5.256852787534241,-14.434307088988527
27,30.0,-0.36528468,-0.08956963,-0.21335174,340.21000000000004,-89.88,14.904074029870108,2.4220412464370664,340.21000000000004,-89.88,33.11685249437138,5.381775649583162,22.0,26.15117163153423,11.66,9.675933503667665,0.5,-4.151171631534229,-7.095925970129892,-11.247097601664121
27,30.0,-0.37281701,-0.234026,-0.59159553,-1087.09,26.56,15.342357037036306,2.5977604561368475,-1087.09,26.56,34.090717336294674,5.772223733536075,0.0,-66.37874696967526,0.0,-24.56013637877985,0.5,66.37874696967526,15.342357037036306,81.72110400671157
27,30.0,-0.36775163,-0.23246592,-0.59173,-1087.09,-445.5,15.444244681090016,2.610805849836278,-1087.09,26.56,34.317111681382016,5.801210598336208,0.0,-71.08343660169095,0.0,-24.56013637877985,0.5,71.08343660169095,15.444244681090016,86.52768128278096
27,30.0,-0.37121561,-0.23540233,-0.59985197,-1165.75,-430.75,15.522354074768412,2.62545288851325,-1087.09,26.56,34.49067075413541,5.833756318276443,-21.0,-69.40195493025327,-11.13,-24.56013637877985,0.5,48.40195493025327,36.522354074768415,84.92430900502168
27,30.0,-0.37755233,-0.24012101,-0.60552168,-31.970000000000027,-145.13,17.084519331978562,2.9014708328144483,-1087.09,26.56,37.96180195565636,6.447068190513704,-21.0,-2.4574614416394285,-11.13,-24.56013637877985,0.5,-18.542538558360572,38.08451933197856,19.54198077361799
27,30.0,-0.3734594,-0.23941346,-0.60370576,-1.0,-146.07999999999998,17.186872012835583,2.919259397612177,-1087.09,26.56,38.18922961252066,6.486594381494257,-21.0,-0.0768677335514365,-11.13,-24.56013637877985,0.5,-20.92313226644856,38.18687201283558,17.263739746387017
27,30.0,-0.37613994,-0.24128447,-0.60086685,-2.7799999999999727,-154.94,17.224557034957147,2.93724228647212,-1087.09,26.56,38.27296573167478,6.52655236054105,-21.0,-0.2136922992729915,-11.13,-24.56013637877985,0.5,-20.786307700727008,38.224557034957144,17.43824933423014
27,30.0,-0.36714083,-0.23507775,-0.59527051,-645.0,-471.5,18.89908758944954,3.2549520225554147,-1087.09,26.56,41.99377262375688,7.232503394118133,-21.0,-49.38751880679798,-11.13,-24.56013637877985,0.5,28.387518806797978,39.899087589449536,68.28660639624752
27,30.0,-0.36571795,-0.23802063,-0.59584779,-645.75,-472.75,19.02546360921688,3.276844368854907,-1087.09,26.56,42.27458013967991,7.281148187595605,-21.0,-49.41634420687977,-11.13,-24.56013637877985,0.5,28.41634420687977,40.025463609216885,68.44180781609666
27,30.0,-0.36990181,-0.23842555,-0.59711897,-647.0,-474.5,19.17487951587673,3.29901143207542,-1087.09,26.56,42.60658228427809,7.330403402071582,-21.0,-49.464386540349416,-11.13,-24.56013637877985,0.5,28.464386540349416,40.174879515876725,68.63926605622615
27,31.0,-0.41089675,-0.11635461,-0.23466758,511.0899999999999,128.35,12.862612275211488,3.5267836828385883,511.0899999999999,128.35,28.58072447551993,7.836513343267342,9.0,39.2863299408037,4.7700000000000005,14.535942078097367,0.5,-30.286329940803697,3.8626122752114878,-26.423717665592207
27,31.0,-0.41976297,-0.10666345,-0.22362494,580.0799999999999,258.15,12.863474605577265,3.543038420415436,580.0799999999999,258.15,28.58264057359268,7.872631370163098,11.0,44.5894348785173,5.83,16.498090905051402,0.5,-33.5894348785173,1.8634746055772649,-31.725960272940036
27,31.0,-0.41650137,-0.10421571,-0.22328337,628.44,376.8,12.988314039436238,3.5594318846259263,580.0799999999999,258.15,28.86003379562732,7.909057647638807,13.0,48.30675847306479,6.890000000000001,16.498090905051402,0.5,-35.30675847306479,-0.01168596056376181,-35.31844443362855
27,31.0,-0.37144679,-0.24502033,-0.59558231,-129.69,-71.18,14.435099651254768,3.920203164673497,580.0799999999999,258.15,32.074791425088094,8.710691431904511,-21.0,-9.968976364285805,-11.13,16.498090905051402,0.5,-11.031023635714195,35.43509965125477,24.404076015540575
27,31.0,-0.37141111,-0.24358228,-0.59487402,-136.63,-107.06,14.573865209391728,3.940034936340558,580.0799999999999,258.15,32.38312849526842,8.754757628548719,-21.0,-10.502438435132774,-11.13,16.498090905051402,0.5,-10.497561564867226,35.57386520939173,25.0763036445245
27,31.0,-0.36999026,-0.24456649,-0.59506375,-110.69,-98.10000000000002,14.669181547519369,3.9600880451407736,580.0799999999999,258.15,32.594921398588035,8.799315636302799,-21.0,-8.508489426808511,-11.13,16.498090905051402,0.5,-12.491510573191489,35.66918154751937,23.17767097432788
27,31.0,-0.36236769,-0.24894093,-0.59658653,136.94000000000003,-50.77999999999997,15.810476038241154,4.481296036597318,580.0799999999999,258.15,35.13087775697184,9.95743979331924,-21.0,10.526267432533723,-11.13,16.498090905051402,0.5,-31.52626743253372,36.810476038241156,5.2842086057074305
27,31.0,-0.36469629,-0.25146618,-0.59624553,131.69000000000003,-41.70999999999998,15.879752538004288,4.506857038441534,580.0799999999999,258.15,35.284810139445526,10.014236339417089,-21.0,10.122711831388685,-11.13,16.498090905051402,0.5,-31.122711831388685,36.87975253800429,5.757040706615603
27,31.0,-0.36060065,-0.24921907,-0.59590167,208.17,-40.860000000000014,16.03751554002376,4.532680014100566,580.0799999999999,258.15,35.6353595299328,10.071614991331458,-21.0,16.00155609340254,-11.13,16.498090905051402,0.5,-37.00155609340254,37.03751554002376,0.03595944662122008
27,31.0,-0.35992277,-0.25113383,-0.59469646,-532.25,-313.5,17.74516392832441,4.955255937570449,-532.25,-313.5,39.42975424873684,11.010578693281538,-21.0,-40.9128511827521,-11.13,-15.137754937618276,0.5,19.9128511827521,38.74516392832441,58.65801511107651
27,31.0,-0.36085153,-0.25138968,-0.59443945,-531.25,-317.25,17.90180961542473,4.98594563824125,-531.25,-317.25,39.77782096547375,11.07877120817206,-21.0,-40.83598344920066,-11.13,-15.109313876204244,0.5,19.83598344920066,38.90180961542473,58.73779306462539
27,31.0,-0.36055386,-0.25247452,-0.59440863,-530.0,-318.0,18.037872809603492,5.016995785210665,-530.0,-318.0,40.08015338293897,11.147764634738095,-21.0,-40.73989878226137,-11.13,-15.073762549436706,0.5,19.73989878226137,39.03787280960349,58.77777159186486
27,32.0,-0.35258549,-0.12994936,-0.21618953,414.5,114.33,11.631897870886196,1.897225965479488,414.5,114.33,25.84607706910913,4.215636095295423,18.0,31.86167555707045,9.54,11.788819956116066,0.5,-13.861675557070448,-6.3681021291138045,-20.229777686184253
27,32.0,-0.3650834,-0.13039233,-0.20813309,32.98000000000002,103.0,11.6967986303819,1.9052203253192836,414.5,114.33,25.990286556708583,4.233399562859448,18.0,2.5350978525263788,9.54,11.788819956116066,0.5,15.464902147473621,-6.303201369618099,9.161700777855522
27,32.0,-0.37372786,-0.1317803,-0.20616381,75.82000000000005,116.53,11.747101306261548,1.9132794930386556,414.5,114.33,26.10205910251316,4.251307033531891,15.0,5.8281115578699225,7.95,11.788819956116066,0.5,9.171888442130077,-3.2528986937384516,5.918989748391626
27,33.0,-0.35684884,-0.05832191,-0.20555711,415.59,-107.16,14.327336019499688,2.22816992162886,415.59,-107.16,31.835340635328308,4.950993565859326,29.0,31.945461386641515,15.37,11.81982071305736,0.5,-2.945461386641515,-14.672663980500312,-17.61812536714183
27,33.0,-0.36478901,-0.05700694,-0.19792378,175.85000000000002,-44.19999999999999,14.414161122699904,2.239051836471342,415.59,-107.16,32.028266014639186,4.975173180639322,29.0,13.517190945020117,15.37,11.81982071305736,0.5,15.482809054979883,-14.585838877300096,0.8969701776797869
27,33.0,-0.36227143,-0.05883548,-0.19934401,93.33000000000004,-26.779999999999973,14.396025515173566,2.2500294722523853,415.59,-107.16,31.98796869471566,4.999565487344801,32.0,7.174065572355577,16.96,11.81982071305736,0.5,24.825934427644423,-17.603974484826434,7.221959942817989
27,34.0,-0.37092295,-0.0782591,-0.21762364,433.11,-39.0,14.229865023193376,2.5585299585285,433.11,-39.0,31.61876008153568,5.685053567850327,23.0,33.29218407846268,12.19,12.318108109031192,0.5,-10.292184078462682,-8.770134976806624,-19.062319055269306
27,34.0,-0.3832953,-0.07053797,-0.20796286,443.11,-25.569999999999997,14.436986843595,2.572628041565437,443.11,-25.569999999999997,32.07898476646809,5.716379508358402,23.0,34.06086141397705,12.19,12.602518723171508,0.5,-11.060861413977051,-8.563013156405,-19.62387457038205
27,34.0,-0.38821536,-0.06703483,-0.20545286,452.16,-4.240000000000009,14.580132129351949,2.5868741987790536,452.16,-4.240000000000009,32.397053591420025,5.748034469687056,23.0,34.75651440261754,12.19,12.859910328968487,0.5,-11.75651440261754,-8.419867870648051,-20.17638227326559
27,34.0,-0.35520354,-0.23301916,-0.594796,257.71000000000004,192.1,17.124092662483395,2.960031824978471,257.71000000000004,192.1,38.049733896038106,6.577190715102164,-21.0,19.809583613540717,-11.13,7.329545937010064,0.5,-40.80958361354072,38.12409266248339,-2.6854909510573215
27,34.0,-0.35772762,-0.23389101,-0.59641981,248.76,187.38,17.2582298711007,2.978492024168676,257.71000000000004,192.1,38.34778677358575,6.618209277702798,-21.0,19.121617398255356,-11.13,7.329545937010064,0.5,-40.12161739825535,38.258229871100696,-1.8633875271546572
27,34.0,-0.3580282,-0.23582773,-0.5974068,-564.0,-201.75,17.335245700397547,2.9971626182634994,-564.0,-201.75,38.51891594628335,6.659695337781495,-21.0,-43.35340172301021,-11.13,-16.040758637513775,0.5,22.353401723010208,38.33524570039755,60.68864742340776
27,35.0,-0.41051096,-0.01973324,-0.20760478,291.16,35.78999999999999,17.627559121747893,3.0936929642316304,291.16,35.78999999999999,39.16843636852382,6.874185766522682,27.0,22.380809300836265,14.31,8.280899441309417,0.5,4.619190699163735,-9.372440878252107,-4.753250179088372
27,35.0,-0.41901836,-0.01210138,-0.20145994,311.17,41.110000000000014,17.74003431419061,3.113760334514004,311.17,41.110000000000014,39.41835624613153,6.9187754632901175,29.0,23.918932649200507,15.37,8.850005080204188,0.5,5.0810673507994935,-11.25996568580939,-6.178898335009897
27,35.0,-0.42515987,-0.00958443,-0.20257451,291.96000000000004,71.61000000000001,17.91963172135551,3.134058607679004,291.96000000000004,71.61000000000001,39.81742168485194,6.9638782262627466,29.0,22.442303487677417,15.37,8.303652290440644,0.5,6.5576965123225825,-11.080368278644489,-4.522671766321906
27,35.0,-0.36217245,-0.21489055,-0.595918,32.52999999999997,125.16000000000004,33.69959781868464,5.787031547980348,291.96000000000004,71.61000000000001,74.88050635311727,12.858784099612336,0.0,2.5005073724282285,0.0,8.303652290440644,0.5,-2.5005073724282285,33.69959781868464,31.19909044625641
27,35.0,-0.36291149,-0.21391211,-0.59586769,20.24000000000001,119.58999999999996,34.106808752668435,5.84003425889224,291.96000000000004,71.61000000000001,75.78532904842926,12.976556123258558,0.0,1.5558029270810765,0.0,8.303652290440644,0.5,-1.5558029270810765,34.106808752668435,32.55100582558736
27,35.0,-0.36180618,-0.21398842,-0.59494936,16.889999999999986,120.41000000000004,34.434381522420246,5.893447282526124,291.96000000000004,71.61000000000001,76.51319574281779,13.095239861773042,0.0,1.298296019683762,0.0,8.303652290440644,0.5,-1.298296019683762,34.434381522420246,33.136085502736485
27,35.0,-0.36456722,-0.21526971,-0.59941643,-492.25,-385.75,53.02422478615023,7.503775079213732,-492.25,-385.75,117.8198274748258,16.67338822601291,0.0,-37.83814184069464,0.0,-14.000112481057016,0.5,37.83814184069464,53.02422478615023,90.86236662684487
27,35.0,-0.36020413,-0.21584384,-0.59543806,523.64,540.75,53.81927668982375,7.531219761964138,-492.25,-385.75,119.58643280478836,16.73437031108432,0.0,40.25101999687424,0.0,-14.000112481057016,0.5,-40.25101999687424,53.81927668982375,13.568256692949511
27,35.0,-0.36070776,-0.21579632,-0.59630978,328.29,64.50999999999999,54.63077920946156,7.555301502399065,328.29,64.50999999999999,121.38959140342358,16.78787993833071,0.0,25.2349082476011,0.0,9.336916051612407,0.5,-25.2349082476011,54.63077920946156,29.395870961860457
27,36.0,-0.43728146,-0.02418572,-0.22794311,399.2000000000001,32.22,16.245165162633846,3.7262579287653432,399.2000000000001,32.22,36.0967569913724,8.279745117716594,22.0,30.685599233733477,11.66,11.353671716481385,0.5,-8.685599233733477,-5.754834837366154,-14.44043407109963
27,36.0,-0.45130038,-0.01854057,-0.22093058,412.17,17.330000000000013,16.33710322084012,3.746799550751283,412.17,17.330000000000013,36.30104335670675,8.325388601769351,22.0,31.6825737378956,11.66,11.722552283021372,0.5,-9.682573737895598,-5.66289677915988,-15.345470517055478
27,36.0,-0.45385617,-0.01724769,-0.21573862,104.75,47.35,16.49601448265652,3.767541014673353,412.17,17.330000000000013,36.65414418046279,8.37147613460419,22.0,8.051895089512978,11.66,11.722552283021372,0.5,13.948104910487022,-5.50398551734348,8.444119393143541
27,36.0,-0.39073414,-0.35962835,-0.55056351,-765.75,-230.5,44.32832559921541,8.221881328168479,-765.75,-230.5,98.49753948145664,18.26902031119036,-21.0,-54.02840821996596,-11.13,-19.990511041387407,0.5,33.02840821996596,65.32832559921542,98.35673381918137
27,36.0,-0.39220956,-0.36080503,-0.54953426,-766.75,-234.0,45.33473361857475,8.264432685277555,-766.75,-234.0,100.7337781004731,18.36356942668673,-21.0,-54.06684208674168,-11.13,-20.00473157209442,0.5,33.06684208674168,66.33473361857475,99.40157570531643
27,36.0,-0.39002198,-0.35855007,-0.5497368,-104.36,36.860000000000014,46.42328874186033,8.30444022665296,-766.75,-234.0,103.15254758441364,18.45246618362288,-21.0,-8.021916673427919,-11.13,-20.00473157209442,0.5,-12.978083326572081,67.42328874186033,54.44520541528825
27,37.0,-0.35823825,-0.04873218,-0.2034743,284.97,-44.110000000000014,14.297458913390892,2.514928135848078,284.97,-44.110000000000014,31.76895370555456,5.588170317854427,22.0,21.904998030152875,11.66,8.104849271156564,0.5,0.09500196984712517,-7.7025410866091075,-7.607539116761982
27,37.0,-0.36304307,-0.03841026,-0.20297123,373.83,38.75,14.406056924097651,2.527329472416024,373.83,38.75,32.010258485344984,5.6157260877084045,25.0,28.735464833533523,13.25,10.632121988407404,0.5,-3.7354648335335234,-10.593943075902349,-14.329407909435872
27,37.0,-0.36708939,-0.03422955,-0.2039047,278.65,63.69,14.581937867690872,2.54264758545198,278.65,63.69,32.40106594200912,5.6497629348743,26.0,21.419193954107783,13.78,7.925101763019881,0.5,4.580806045892217,-11.418062132309128,-6.837256086416911
27,38.0,-0.37517756,-0.0407194,-0.22090609,377.1,-62.29000000000002,17.390301271045008,3.203396561374902,377.1,-62.29000000000002,38.64124942426201,7.117947159375033,27.0,28.98682232224672,14.31,10.725124259231286,0.5,-1.98682232224672,-9.609698728954992,-11.596521051201712
27,38.0,-0.37985355,-0.04035042,-0.2126379,345.89,-43.22000000000003,17.530020781740273,3.224074201261644,345.89,-43.22000000000003,38.951706177026885,7.1638928752033735,27.0,26.587780358106382,14.31,9.837478732499362,0.5,0.4122196418936177,-9.469979218259727,-9.05775957636611
27,38.0,-0.38029939,-0.04130898,-0.21120428,625.22,93.69,17.542823324776318,3.24117524739252,625.22,93.69,38.98015342765298,7.201891399706181,27.0,48.05924437102916,14.31,17.781920417280787,0.5,-21.05924437102916,-9.457176675223682,-30.51642104625284
27,39.0,-0.35907733,-0.08657566,-0.22530165,-22.180000000000007,-51.0,14.156391183142816,2.52699149932851,-334.01,-35.06,31.455501208943332,5.614975111507951,22.0,-1.704926330170863,11.66,-9.499598922900669,0.5,23.704926330170863,-7.843608816857184,15.86131751331368
27,39.0,-0.36817151,-0.07451018,-0.21205711,-61.00999999999999,54.110000000000014,14.224122750666533,2.539474656647169,-334.01,-35.06,31.60600075198104,5.642712687070011,22.0,-4.689700423973143,11.66,-9.499598922900669,0.5,26.689700423973143,-7.775877249333467,18.913823174639674
27,39.0,-0.36771849,-0.07001062,-0.20842209,29.94000000000005,34.81999999999999,14.354944818614197,2.553484732206451,-334.01,-35.06,31.896687386960743,5.673843074962734,25.0,2.301419942530014,13.25,-9.499598922900669,0.5,22.698580057469986,-10.645055181385803,12.053524876084182
27,40.0,-0.39376071,-0.01956387,-0.19420533,448.35,192.38,16.93908345960455,3.0504098910155912,448.35,192.38,37.63864344724131,6.778010777836645,26.0,34.46364833778657,13.78,12.751549884981031,0.5,-8.463648337786573,-9.06091654039545,-17.524564878182023
27,40.0,-0.39383572,-0.01458167,-0.1954208,677.99,111.82999999999998,17.035967019076537,3.072146522038641,677.99,111.82999999999998,37.85391871638807,6.826309571969858,26.0,50.65545207172893,13.78,18.7425172665397,0.5,-24.65545207172893,-8.964032980923463,-33.619485052652394
27,40.0,-0.39712483,-0.01182865,-0.19739339,684.6500000000001,118.95,17.08525409107062,3.092165182556286,684.6500000000001,118.95,37.96343459035892,6.870791035640067,26.0,50.91142162445521,13.78,18.83722600104843,0.5,-24.91142162445521,-8.91474590892938,-33.82616753338459
27,41.0,-0.39648452,-0.09020854,-0.21049289,93.24,-98.26,14.911860118017891,3.598966004026128,,,33.13415318223576,7.996902460946055,15.0,7.167147476335944,7.95,,0.5,7.832852523664056,-0.08813988198210865,7.744712641681947
27,41.0,-0.39842466,-0.08938659,-0.20838733,152.53999999999996,-100.66000000000004,14.919219746402934,3.620518554424118,,,33.15050627650732,8.04479222793039,15.0,11.725404075936128,7.95,,0.5,3.2745959240638722,-0.08078025359706587,3.1938156704668064
27,41.0,-0.39812294,-0.08617724,-0.20711759,225.41,47.85000000000002,15.030743158765738,3.642307303627757,,,33.39831129877747,8.093206828660875,15.0,17.32675581982931,7.95,,0.5,-2.326755819829309,0.030743158765737633,-2.296012661063571
27,43.0,-0.34054285,-0.19025926,-0.30566218,-137.78999999999996,31.25,-19.85768362051236,2.388263221951848,951.05,-181.64,-44.123773004778464,5.306720879177004,0.0,-10.591605006052438,0.0,22.625575381397425,-0.5,10.591605006052438,-19.85768362051236,-9.266078614459923
27,43.0,-0.36953619,-0.1669945,-0.24640666,-98.94000000000004,43.68000000000001,-19.988253035231605,2.403835801053392,951.05,-181.64,-44.413898244284624,5.341323149940639,4.0,-7.605293557579136,2.12,22.625575381397425,-0.5,11.605293557579136,-23.988253035231605,-12.382959477652468
27,43.0,-0.37836447,-0.16151628,-0.23530082,-125.85000000000002,51.18000000000001,-20.038567597685088,2.419575433657384,951.05,-181.64,-44.52569720205626,5.376296613586707,6.0,-9.67380426744829,3.18,22.625575381397425,-0.5,15.67380426744829,-26.038567597685088,-10.364763330236798
27,43.0,-0.34873188,-0.23591304,-0.60021579,951.05,-181.64,-26.45295411569361,3.6179582476444327,951.05,-181.64,-58.77846404507121,8.03910322626593,-21.0,61.15020373350656,-11.13,22.625575381397425,-0.5,-82.15020373350656,-5.452954115693611,-87.60315784920017
27,43.0,-0.35306332,-0.23467205,-0.60027695,954.08,-184.69,-26.672460866659858,3.658992341745288,954.08,-184.69,-59.2662080457182,8.13028098335803,-21.0,61.26665834983698,-11.13,22.66866358943968,-0.5,-82.26665834983697,-5.672460866659858,-87.93911921649683
27,43.0,-0.35773876,-0.23615183,-0.60048538,984.03,-180.07,-26.91336234987377,3.704930436225849,984.03,-180.07,-59.80149114141951,8.232355429293836,-21.0,62.41775265976975,-11.13,23.09456848411481,-0.5,-83.41775265976975,-5.913362349873768,-89.33111500964351
