Participant,trigger_no,fzd_hands0_fingerTip_coordinates_x,fzd_hands0_fingerTip_coordinates_y,fzd_hands0_fingerTip_coordinates_z,eyegaze_new_coordinates_x,eyegaze_new_coordinates_y,angle_center,Buidling_half_width,eyegaze_new_coordinates_x_without_tablet_&_road_gazes,eyegaze_new_coordinates_y_without_tablet_&_road_gazes,angle_center_scaled,Buidling_half_width_scaled,horizontal_angle_finger_pointing_unscaled,eyegaze_horiz_angle_x,horizontal_angle_finger_pointing,eyegaze_horiz_angle_x_scaled_without_tablet,side,difference,D_p,D_g
25,99.0,-0.28075942,-0.083051,-0.23593237,549.96,462.01,13.052595903183356,3.643463874968984,,,30.360338070804488,8.474696973177858,41.0,44.34003376484421,19.68,,0.5,-3.3400337648442076,-27.947404096816644,-31.28743786166085
25,99.0,-0.28388277,-0.08055244,-0.23855846,571.5,610.58,13.253312299718726,3.6716957001312576,,,30.82720440914576,8.540364198505305,38.0,46.076677024889925,18.24,,0.5,-8.076677024889925,-24.746687700281274,-32.8233647251712
25,99.0,-0.27912223,-0.07428085,-0.23714592,549.07,560.92,13.366225577957438,3.700324373729005,,,31.089840694329,8.606954493293665,38.0,44.268278309809816,18.24,,0.5,-6.268278309809816,-24.633774422042563,-30.90205273185238
25,100.0,-0.27503359,-0.1141511,-0.21856301,384.42,-121.87,11.03754306909865,3.199709034113585,384.42,-121.87,25.67332517872346,7.442523213348199,41.0,30.993519128448263,19.68,11.777537268810342,0.5,10.006480871551737,-29.96245693090135,-19.955976059349613
25,100.0,-0.27637964,-0.11278044,-0.21831636,128.45000000000005,-115.61,11.156842116157875,3.2198432856858683,384.42,-121.87,25.950814762183224,7.4893554825053315,41.0,10.356166515917955,19.68,11.777537268810342,0.5,30.643833484082045,-29.843157883842125,0.80067560023992
25,100.0,-0.27902749,-0.11259886,-0.22118522,214.79999999999995,-99.86,11.19597806542798,3.242500745361948,384.42,-121.87,26.041844980185484,7.542056733711892,41.0,17.31805813638907,19.68,11.777537268810342,0.5,23.68194186361093,-29.80402193457202,-6.12208007096109
25,102.0,-0.24864161,-0.11748167,-0.23370831,173.17999999999995,-228.24,11.663966704013063,3.3423782133361666,254.36,-219.36,27.130386553534382,7.774371724219922,20.0,13.962482812196734,9.6,7.792868164233387,0.5,6.037517187803266,-8.336033295986937,-2.298516108183671
25,102.0,-0.25436804,-0.11250011,-0.23183508,254.36,-219.36,11.67919735611385,3.3666930363580105,254.36,-219.36,27.16581305032081,7.830928002568733,32.0,20.507547800614176,15.36,7.792868164233387,0.5,11.492452199385824,-20.32080264388615,-8.828350444500327
25,102.0,-0.23901632,-0.11320446,-0.21880303,421.31,-158.89999999999998,11.91488454589132,3.39127293181373,421.31,-158.89999999999998,27.714021453743207,7.888100839398737,38.0,33.9677424275702,18.24,12.907742122476677,0.5,4.032257572429799,-26.08511545410868,-22.052857881678882
25,104.0,-0.23009758,-0.33182225,-0.25398999,328.22,-226.98,-16.432215015305403,5.317103681225317,328.22,-226.98,-38.22133212560037,12.367583162530089,-45.0,26.46244432740048,-21.6,10.055728844412185,-0.5,-71.46244432740048,28.567784984694597,-42.89465934270588
25,104.0,-0.23047422,-0.33640569,-0.25036585,297.93000000000006,-223.39,-16.702350797278225,5.377200019974246,297.93000000000006,-223.39,-38.84966795446916,12.507367246460095,-45.0,24.02034013302792,-21.6,9.12772925055061,-0.5,-69.02034013302791,28.297649202721775,-40.72269093030614
25,104.0,-0.22001363,-0.31946832,-0.22968495,267.41,-223.51,-16.88983028499913,5.438581076432016,267.41,-223.51,-39.28574524290798,12.650139583780872,-45.0,21.55969239409591,-21.6,8.192683109756446,-0.5,-66.55969239409592,28.11016971500087,-38.44952267909504
25,105.0,-0.25792828,-0.10403704,-0.24423645,-273.45,-183.63,13.396808264948454,3.573716676427374,-273.45,-183.63,31.160976024270106,8.312464989370072,18.0,-22.046661999048386,8.64,-8.377731559638386,0.5,40.04666199904838,-4.603191735051546,35.44347026399684
25,105.0,-0.24899027,-0.09898209,-0.23685141,-219.08,-184.69,13.385542846446068,3.598001979804597,-273.45,-183.63,31.134772660833555,8.368952605025493,20.0,-17.66312931340837,9.6,-8.377731559638386,0.5,37.66312931340837,-6.614457153553932,31.048672159854437
25,105.0,-0.2205786,-0.10148627,-0.21916795,-257.1,-150.88,13.550564171562645,3.6280587172375895,-257.1,-150.88,31.518612263054717,8.438864576294634,45.0,-20.728457853191955,21.6,-7.876813984212943,0.5,65.72845785319195,-31.449435828437355,34.279022024754596
25,107.0,-0.23293889,-0.126863,-0.24019331,37.910000000000025,-134.11,11.457439030481444,3.7041762671729455,-281.34000000000003,-87.69999999999999,26.65000318489984,8.615913997444272,-45.0,3.056459888037757,-21.6,-8.61945875658681,0.5,-48.05645988803776,56.457439030481446,8.400979142443687
25,107.0,-0.23559602,-0.12759031,-0.23896043,-281.34000000000003,-87.69999999999999,11.616842634531723,3.731293940922965,-281.34000000000003,-87.69999999999999,27.020775967920788,8.678989706586815,-45.0,-22.68278620154424,-21.6,-8.61945875658681,0.5,-22.31721379845576,56.61684263453172,34.29962883607596
25,107.0,-0.2302195,-0.12760609,-0.23285921,-300.68,-88.68,11.646500698241535,3.758792084023877,-300.68,-88.68,27.08976062410981,8.742950387439537,-45.0,-24.242056426673493,-21.6,-9.211981442135928,0.5,-20.757943573326507,56.64650069824154,35.888557124915025
25,108.0,-0.24142988,-0.13543624,-0.23406827,353.16,-126.2,11.505471792171164,3.033353111673623,353.16,-126.2,26.761727388590128,7.055579337752848,41.0,28.473209550498904,19.68,10.819819629189585,0.5,12.526790449501096,-29.494528207828836,-16.96773775832774
25,108.0,-0.24862254,-0.13408032,-0.23426756,351.64,-130.18,11.509591437828115,3.053323594505361,351.64,-130.18,26.7713096843882,7.102030680819469,45.0,28.350660908192985,21.6,10.773251145113337,0.5,16.649339091807015,-33.490408562171886,-16.84106947036487
25,108.0,-0.25335306,-0.13600476,-0.23470126,354.03,-138.22,11.470226473736764,3.07359654178566,354.03,-138.22,26.679746777911717,7.149185556193444,41.0,28.543352523397687,19.68,10.84647395889112,0.5,12.456647476602313,-29.529773526263234,-17.07312604966092
25,111.0,-0.25194779,-0.34920973,-0.25456464,-119.69000000000004,-373.3,-15.199854090925994,5.037589559176144,-900.82,-189.43,-35.35486061549386,11.717433314643712,-42.0,-9.64989934052332,-20.16,-23.60317487972576,-0.5,-32.35010065947668,26.800145909074004,-5.549954750402675
25,111.0,-0.25741419,-0.35361487,-0.25503761,-110.26,-228.58,-15.3348112347316,5.086426552526854,-900.82,-189.43,-35.668770931985705,11.831028161177464,-42.0,-8.889614013585936,-20.16,-23.60317487972576,-0.5,-33.110385986414066,26.6651887652684,-6.445197221145664
25,111.0,-0.25708306,-0.35458151,-0.25157872,-117.62,-221.3,-15.5061327541344,5.131134588119892,-900.82,-189.43,-36.06726478611662,11.935019051966869,-42.0,-9.483007439488285,-20.16,-23.60317487972576,-0.5,-32.51699256051172,26.4938672458656,-6.023125314646116
25,112.0,-0.23079112,-0.15573059,-0.25113282,254.14,-128.25,9.760247162956674,3.121409749525269,254.14,-128.25,22.702334901037226,7.260399077395776,41.0,20.489810497122527,19.68,7.78612798890656,0.5,20.510189502877473,-31.239752837043326,-10.729563334165853
25,112.0,-0.22837535,-0.15631831,-0.25027168,-510.25,-329.5,9.837746099889763,3.142987163941908,-510.25,-329.5,22.882597428343598,7.310588143328877,-45.0,-41.13845048460207,-21.6,-15.632611184148786,0.5,-3.8615495153979325,54.83774609988976,50.97619658449183
25,112.0,-0.21773985,-0.1606441,-0.24067934,394.06,835.77,10.008187970975248,3.1647874955566824,-510.25,-329.5,23.279045220488428,7.361295714664843,-45.0,31.770735517809484,-21.6,-15.632611184148786,0.5,-76.77073551780948,55.00818797097525,-21.762547546834234
25,113.0,-0.27219138,-0.16547066,-0.24431385,55.02999999999997,-219.01,8.943281134079019,3.0276758048260626,260.87,-168.39,20.8020719178678,7.042373922025423,20.0,4.436744596114945,9.6,7.99231607958627,0.5,15.563255403885055,-11.056718865920981,4.506536537964074
25,113.0,-0.28234527,-0.16198039,-0.24732363,30.779999999999973,-226.58,9.04878176539916,3.046059081148065,260.87,-168.39,21.047466386318444,7.085133422750398,20.0,2.4816100066948565,9.6,7.99231607958627,0.5,17.518389993305142,-10.95121823460084,6.567171758704303
25,113.0,-0.27966011,-0.16021217,-0.24584678,83.74000000000001,-233.2,9.132964082282497,3.070909150109548,260.87,-168.39,21.243274455389088,7.142934683154808,25.0,6.751462701774773,12.0,7.99231607958627,0.5,18.248537298225227,-15.867035917717503,2.381501380507724
25,116.0,-0.26263243,-0.31329417,-0.24020687,-249.99,-283.05,-14.15529451670078,4.644379668745394,-299.0,-209.28,-32.925215045846016,10.802827109501786,-42.0,-20.15522045398466,-20.16,-9.160511012367442,-0.5,-21.84477954601534,27.844705483299222,5.999925937283882
25,116.0,-0.26434731,-0.31829315,-0.24220711,-233.79999999999995,-270.2,-14.409886194304088,4.705333029294775,-299.0,-209.28,-33.51739528795131,10.944604626139649,-37.0,-18.84991616521306,-17.759999999999998,-9.160511012367442,-0.5,-18.15008383478694,22.590113805695914,4.440029970908972
25,116.0,-0.25534546,-0.31886241,-0.23094542,-179.15999999999997,-244.3,-14.360606223835497,4.753236259178652,-299.0,-209.28,-33.40277007664136,11.056027538849548,-42.0,-14.444614970742393,-20.16,-9.160511012367442,-0.5,-27.555385029257607,27.639393776164503,0.08400874690689619
25,117.0,-0.29731184,-0.32421342,-0.2560977,-118.52999999999996,-288.98,-10.884078643587088,5.604299983865145,1122.74,-380.7,-25.31636692498357,13.035601762470328,-16.0,-9.55637537665827,-7.68,27.002674217291947,-0.5,-6.44362462334173,5.115921356412912,-1.3277032669288182
25,117.0,-0.30075857,-0.32671225,-0.25959584,1122.74,-380.7,-10.916323245400948,5.638172440307556,1122.74,-380.7,-25.391367868802604,13.114389096155374,-21.0,71.05966899287354,-10.08,27.002674217291947,-0.5,-92.05966899287354,10.083676754599052,-81.97599223827449
25,117.0,-0.30165708,-0.32879648,-0.25516254,642.76,114.30999999999996,-10.982876592792952,5.685404051831126,642.76,114.30999999999996,-25.54617095483641,13.2242498245592,-21.0,51.71068960669099,-10.08,19.650062050542576,-0.5,-72.71068960669099,10.017123407207048,-62.69356619948394
25,118.0,-0.28129226,-0.14127026,-0.25750992,245.17999999999995,-209.72,10.333895182795716,3.246151879308912,586.53,-194.57,24.036640195182837,7.550549271272528,20.0,19.767418500371846,9.6,17.96961379292266,0.5,0.23258149962815367,-9.666104817204284,-9.43352331757613
25,118.0,-0.28491184,-0.13945591,-0.25843945,-230.0,-165.85000000000002,10.48478052880428,3.269362815400734,586.53,-194.57,24.38759950999876,7.604537908622108,20.0,-18.543544559448264,9.6,17.96961379292266,0.5,38.543544559448264,-9.51521947119572,29.028325088252544
25,118.0,-0.27457839,-0.13829087,-0.25171125,-185.22000000000003,-175.85000000000002,10.573675888091508,3.2928848626343377,586.53,-194.57,24.594370115700848,7.659250190487469,32.0,-14.93319705783047,15.36,17.96961379292266,0.5,46.93319705783047,-21.426324111908492,25.506872945921977
25,120.0,-0.19428612,-0.34252855,-0.26281828,409.43,-56.68000000000001,-20.401328145737835,6.871648815169286,409.43,-56.68000000000001,-47.4534892669862,15.98345514408376,-45.0,33.00992803902131,-21.6,12.543772654828098,-0.5,-78.0099280390213,24.598671854262165,-53.41125618475915
25,120.0,-0.2014444,-0.35665938,-0.26373833,388.92,103.77999999999996,-20.689787753576216,6.967385015072582,388.92,103.77999999999996,-48.12444631481828,16.206137545058827,-45.0,31.35632760895921,-21.6,11.9154044914045,-0.5,-76.3563276089592,24.310212246423784,-52.046115362535424
25,120.0,-0.19728833,-0.35667682,-0.25306714,384.29,23.81,-20.886535010589167,7.055570417572765,384.29,23.81,-48.582080434630406,16.41125679127425,-45.0,30.983037994566835,-21.6,11.773554437935395,-0.5,-75.98303799456684,24.113464989410833,-51.869573005156
25,1.0,-0.22242379,-0.29916447,-0.21755119,-65.90999999999997,-216.25,-11.974570479432687,1.6421740727118648,-716.5,-382.5,-27.85285093516044,3.819696893127798,-45.0,-5.313934877883628,-21.6,-20.77965416099738,-0.5,-39.686065122116375,33.025429520567315,-6.6606356015490595
25,1.0,-0.24858652,-0.3093988,-0.22987913,-70.72000000000003,-214.87,-12.051917224577858,1.650917740135264,-716.5,-382.5,-28.032759464368095,3.840034663554624,-42.0,-5.701736831496442,-20.16,-20.77965416099738,-0.5,-36.29826316850356,29.948082775422144,-6.350180393081416
25,1.0,-0.26543418,-0.32729861,-0.23075664,-716.5,-382.5,-12.143373323698723,1.6581401343764606,-716.5,-382.5,-28.24548635092324,3.856833952559647,-35.0,-54.68330042367732,-16.8,-20.77965416099738,-0.5,19.683300423677323,22.856626676301275,42.5399270999786
25,1.0,-0.40794331,-0.12478632,-0.41834497,-182.52,-164.88,-14.353955467676656,1.8874801301710704,-716.5,-382.5,-33.3873004178159,4.39027878277791,0.0,-14.7155119695239,0.0,-20.77965416099738,-0.5,14.7155119695239,-14.353955467676656,0.36155650184724486
25,1.0,-0.41047037,-0.12617701,-0.42029756,-168.11,-121.01,-14.36181570085796,1.8978706037211448,-716.5,-382.5,-33.40558332019562,4.414447024255383,0.0,-13.55371859082108,0.0,-20.77965416099738,-0.5,13.55371859082108,-14.36181570085796,-0.8080971100368792
25,1.0,-0.40914381,-0.12743348,-0.41956595,-216.44,-91.84,-14.556402380077884,1.9083739672963984,-716.5,-382.5,-33.85819193606116,4.438877847931424,0.0,-17.450281671508616,0.0,-20.77965416099738,-0.5,17.450281671508616,-14.556402380077884,2.893879291430732
25,3.0,-0.25510177,-0.32121328,-0.24423844,26.42999999999995,-170.37,-17.001646383970183,3.295416740215785,,,-39.545829489114645,7.665139337741916,-45.0,2.130895142200942,-21.6,,-0.5,-47.13089514220094,27.998353616029817,-19.132541526171124
25,3.0,-0.25703821,-0.33622903,-0.24512197,50.08000000000004,-168.25,-17.234651380665582,3.31794182140024,,,-40.08779911142815,7.717532676576955,-45.0,4.037655267552912,-21.6,,-0.5,-49.037655267552914,27.765348619334418,-21.272306648218496
25,3.0,-0.25026569,-0.33700955,-0.22458866,46.610000000000014,-181.75,-17.39812529073191,3.3407558709993737,,,-40.46803942624243,7.770598155944544,-45.0,3.7578896170255818,-21.6,,-0.5,-48.75788961702558,27.60187470926809,-21.156014907757495
25,4.0,-0.27422944,-0.11641248,-0.23592032,149.69000000000003,-180.56,14.134563266725138,2.148058999614165,,,32.876994158402674,4.996385233102547,20.0,12.068622543929616,9.6,,0.5,7.9313774560703845,-5.865436733274862,2.0659407227955224
25,4.0,-0.28190607,-0.10964137,-0.23526631,-573.25,-424.5,14.141855579189532,2.1614163241995934,,,32.89395607719486,5.027454370088254,38.0,-46.21776921175529,18.24,,0.5,84.2177692117553,-23.85814442081047,60.35962479094482
25,4.0,-0.27987111,-0.11017588,-0.23001112,138.12,-210.3,14.188255887287816,2.1724563671742345,,,33.00188319383146,5.053133510047269,41.0,11.135801628482584,19.68,,0.5,29.864198371517418,-26.811744112712184,3.0524542588052324
25,5.0,-0.1771228,-0.28795007,-0.28445908,184.30999999999997,321.75,14.34230485722409,2.278089875502915,,,33.36020109790324,5.298837050419783,-45.0,14.859829120660471,-21.6,,0.5,-59.85982912066047,59.34230485722409,-0.5175242634363819
25,5.0,-0.19286522,-0.31100768,-0.29495287,120.48000000000002,272.77,14.345982974217296,2.291531309282247,,,33.36875639802943,5.330101825390507,-45.0,9.713592384879684,-21.6,,0.5,-54.71359238487968,59.34598297421729,4.6323905893376125
25,5.0,-0.1916143,-0.30306262,-0.27617058,81.6400000000001,277.58000000000004,14.361196440808056,2.303756872325468,,,33.40414292131953,5.358538485029039,-45.0,6.58215207753634,-21.6,,0.5,-51.58215207753634,59.36119644080806,7.7790443632717166
25,6.0,-0.26454189,-0.1332093,-0.22963899,274.35,-180.94,12.183890162947591,1.8514770930705708,274.35,-180.94,28.3397285190161,4.306535718482149,32.0,22.119223695150573,15.36,8.405305004157219,0.5,9.880776304849427,-19.81610983705241,-9.935333532202982
25,6.0,-0.25271538,-0.13443322,-0.22110705,-509.5,-354.25,12.314193917691284,1.8613513897973348,-509.5,-354.25,28.642815052549928,4.329503332668601,38.0,-41.07798240451692,18.24,-15.609633313716428,0.5,79.07798240451692,-25.685806082308716,53.39217632220821
25,6.0,-0.23035491,-0.13827088,-0.21292785,5.07000000000005,-132.12,12.439727874791458,1.870424961900568,-509.5,-354.25,28.934807036764933,4.350608461380721,-31.0,0.4087642213756679,-14.88,-15.609633313716428,0.5,-31.40876422137567,43.43972787479146,12.03096365341579
25,7.0,-0.27614167,-0.11963525,-0.23584522,-483.0,-457.0,13.31035867759326,1.737566533591469,261.13,-264.01,30.95989428408192,4.041579757133757,32.0,-38.94144357484135,15.36,8.000281741336154,0.5,70.94144357484134,-18.68964132240674,52.251802252434615
25,7.0,-0.27923349,-0.12305087,-0.23862575,261.13,-264.01,13.42784320857874,1.746788958920637,261.13,-264.01,31.23316330315415,4.0630311184494,32.0,21.0533730035162,15.36,8.000281741336154,0.5,10.9466269964838,-18.57215679142126,-7.62552979493746
25,7.0,-0.28119361,-0.12337567,-0.23874688,324.33000000000004,-318.17,13.4375256697673,1.7581727499302184,324.33000000000004,-318.17,31.255684707878743,4.089509816337687,32.0,26.14881655202546,15.36,9.936550289769674,0.5,5.851183447974542,-18.5624743302327,-12.711290882258158
25,8.0,-0.2753666,-0.10560201,-0.23233739,223.47000000000003,266.15,14.929578244711417,2.335399772798474,,,34.72619899719876,5.43213987152925,38.0,18.017069142173494,18.24,,0.5,19.982930857826506,-23.070421755288585,-3.087490897462077
25,8.0,-0.28014114,-0.10303844,-0.23421165,-570.75,-430.75,14.96673647580274,2.3486247660704977,,,34.81262904271718,5.462901205879978,-31.0,-46.01620894480477,-14.88,,0.5,15.016208944804767,45.96673647580274,60.98294542060751
25,8.0,-0.28269202,-0.10314802,-0.23238356,52.97000000000003,-195.92,15.05004282300531,2.3633331886636126,,,35.00639960631035,5.497112996831564,-45.0,4.270658936147718,-21.6,,0.5,-49.27065893614772,60.05004282300531,10.779383886857591
25,10.0,-0.25549483,-0.07542965,-0.23535551,753.1500000000001,-296.51,18.659351804701977,3.054462164966006,753.1500000000001,-296.51,43.4016522977368,7.10467899571093,-45.0,56.16073718042468,-21.6,21.34108012856138,0.5,-101.16073718042469,63.65935180470198,-37.501385375722705
25,10.0,-0.25400528,-0.07685152,-0.23548943,-637.75,-417.75,18.775708848065875,3.075732835886085,753.1500000000001,-296.51,43.67229878060122,7.154154576271033,-31.0,-51.41802409907883,-14.88,21.34108012856138,0.5,20.418024099078828,49.775708848065875,70.1937329471447
25,10.0,-0.24815027,-0.07776587,-0.22368686,-67.92999999999995,-237.59,18.97576466576211,3.093314335151164,753.1500000000001,-296.51,44.13762861256267,7.195049143561608,-31.0,-5.4767955735796505,-14.88,21.34108012856138,0.5,-25.52320442642035,49.975764665762114,24.45256023934176
25,12.0,-0.26747686,-0.10278635,-0.23804283,709.23,-53.339999999999975,14.547629839443545,2.265460219005666,709.23,-53.339999999999975,33.83778700654568,5.26946046940718,-31.0,54.39023179553126,-14.88,20.66828808230188,0.5,-85.39023179553126,45.547629839443545,-39.84260195608771
25,12.0,-0.28510517,-0.10128053,-0.24382728,978.77,105.14,14.624790008177552,2.2790176074202,978.77,105.14,34.01726155902099,5.300994954859384,-45.0,65.25594266630014,-21.6,24.797258213194056,0.5,-110.25594266630014,59.624790008177555,-50.63115265812259
25,12.0,-0.28434256,-0.10600939,-0.24025658,1082.17,82.19000000000005,14.633212765342329,2.29272458175483,1082.17,82.19000000000005,34.03685289218625,5.332877377161735,45.0,69.42420898683699,21.6,26.38119941499805,0.5,-24.424208986836987,-30.36678723465767,-54.79099622149466
25,13.0,-0.30507758,-0.11440662,-0.23484315,383.6400000000001,-264.03,12.482677145355034,1.986932521650029,383.6400000000001,-264.03,29.03470704009581,4.621605045357967,45.0,30.93063232515971,21.6,11.75364028356069,0.5,14.06936767484029,-32.517322854644966,-18.447955179804676
25,13.0,-0.31328616,-0.10950096,-0.23981352,-685.75,-433.75,12.513241205092848,1.9987806730949045,383.6400000000001,-264.03,29.10579904304597,4.64916384561875,45.0,-53.4437047819316,21.6,11.75364028356069,0.5,98.4437047819316,-32.48675879490715,65.95694598702445
25,13.0,-0.31455904,-0.10812694,-0.23773548,-60.77999999999997,-230.74,12.54067645405824,2.0107565984482267,383.6400000000001,-264.03,29.16961343213947,4.677019847990573,-31.0,-4.900333210101152,-14.88,11.75364028356069,0.5,-26.099666789898848,43.54067645405824,17.44100966415939
25,14.0,-0.28439102,-0.12118819,-0.23104915,-678.5,-471.0,13.729877703644997,2.118558032662679,,,31.93569553867826,4.927765983973391,-45.0,-53.15144239485334,-21.6,,0.5,8.15144239485334,58.729877703644995,66.88132009849834
25,14.0,-0.28479397,-0.12169121,-0.23127812,-15.17999999999995,-147.82,13.75607808658537,2.130746096792544,,,31.99663762939757,4.956115421139458,-45.0,-1.2238739409235813,-21.6,,0.5,-43.77612605907642,58.75607808658537,14.979952027508952
25,14.0,-0.28343126,-0.12638482,-0.22971617,-8.649999999999977,-171.74,13.775721825067391,2.1418252658087376,,,32.042328965106755,4.9818855682711245,-45.0,-0.6973985236488133,-21.6,,0.5,-44.302601476351185,58.77572182506739,14.473120348716204
25,15.0,-0.27044165,-0.10426522,-0.23845232,500.81,-225.39,13.83301988274598,2.411258848373416,500.81,-225.39,32.17560424726715,5.608588081316565,38.0,40.37735891659688,18.24,15.343396388306816,0.5,-2.377358916596883,-24.16698011725402,-26.544339033850903
25,15.0,-0.27479342,-0.10454838,-0.24125227,-637.0,-455.0,13.904057568361262,2.4251460578064554,500.81,-225.39,32.340837904008296,5.6408897304578165,38.0,-51.35755601899367,18.24,15.343396388306816,0.5,89.35755601899368,-24.09594243163874,65.26161358735493
25,15.0,-0.27584127,-0.10329939,-0.23933075,-632.75,-451.0,14.041060338692224,2.4423041280050155,500.81,-225.39,32.659506347798114,5.680799401739666,41.0,-51.014903565177775,19.68,15.343396388306816,0.5,92.01490356517778,-26.958939661307774,65.05596390387
25,16.0,-0.26380289,-0.06494442,-0.24831352,-611.5,-429.0,19.46816570303772,3.1147595725118062,304.84000000000003,-240.01,45.28295342526574,7.244930765662463,-31.0,-49.30164129609832,-14.88,9.339432030134086,0.5,18.301641296098317,50.46816570303772,68.76980699913604
25,16.0,-0.26272732,-0.06381069,-0.24149251,304.84000000000003,-240.01,19.511916966611736,3.1370711138612144,304.84000000000003,-240.01,45.3847188643389,7.2968274108411855,-31.0,24.57745271087917,-14.88,9.339432030134086,0.5,-55.57745271087917,50.511916966611736,-5.065535744267436
25,16.0,-0.25050911,-0.07007711,-0.23004816,317.57000000000005,-238.02,19.663765898911564,3.1647330796076787,317.57000000000005,-238.02,45.7379194808683,7.361169143167459,-31.0,25.60379759019124,-14.88,9.72944308427267,0.5,-56.603797590191235,50.663765898911564,-5.940031691279675
25,17.0,-0.32069278,-0.09814602,-0.24418494,406.26,-207.49,13.472272764609748,1.6236108859121492,406.26,-207.49,31.336506450482275,3.7765189206316574,41.0,32.75434962052805,19.68,12.44665285580066,0.5,8.245650379471947,-27.527727235390252,-19.282076855918305
25,17.0,-0.32306138,-0.09888078,-0.24419923,415.4200000000001,-110.74,13.531929609958285,1.6325702842635774,415.4200000000001,-110.74,31.47526827276297,3.79735848119708,38.0,33.49286643863477,18.24,12.727289246681211,0.5,4.5071335613652295,-24.468070390041717,-19.960936828676488
25,17.0,-0.32088837,-0.10088543,-0.24013755,374.98,-117.31,13.511948382165908,1.642630004774893,374.98,-117.31,31.428791936917904,3.8207573911063992,37.0,30.23242756044309,17.759999999999998,11.488322472968376,0.5,6.767572439556911,-23.488051617834092,-16.72047917827718
25,18.0,-0.2324854,-0.29537043,-0.24113373,87.15999999999997,-203.99,-19.41600083857721,3.1436582565380853,-561.9300000000001,-179.87,-45.1616179505306,7.312149104707586,-42.0,7.027197146963087,-20.16,-17.21593964274126,-0.5,-49.02719714696309,22.58399916142279,-26.443197985540298
25,18.0,-0.23572178,-0.30052862,-0.24274741,-561.9300000000001,-179.87,-19.600838712031862,3.1704247334549738,-561.9300000000001,-179.87,-45.59155084418612,7.374407930016272,-42.0,-45.30510432300332,-20.16,-17.21593964274126,-0.5,3.30510432300332,22.399161287968138,25.704265610971458
25,18.0,-0.23225871,-0.30091473,-0.23798378,55.559999999999945,-177.35000000000002,-19.67217589923798,3.190141206029152,-561.9300000000001,-179.87,-45.75748114162754,7.420268445223805,-42.0,4.479475372708454,-20.16,-17.21593964274126,-0.5,-46.47947537270846,22.32782410076202,-24.151651271946434
25,19.0,-0.27435046,-0.10328374,-0.25064126,488.5700000000001,-342.43,15.464844092563316,3.136396548469913,488.5700000000001,-342.43,35.97122735930228,7.295258371741015,41.0,39.39051984960712,19.68,14.968397542850708,0.5,1.6094801503928835,-25.535155907436682,-23.9256757570438
25,19.0,-0.27317739,-0.1013564,-0.24732672,0.0,0.0,15.557484912993448,3.157858045593426,488.5700000000001,-342.43,36.18670990762276,7.345177814050308,45.0,0.0,21.6,14.968397542850708,0.5,45.0,-29.44251508700655,15.557484912993448
25,19.0,-0.25334066,-0.10409145,-0.23237333,20.329999999999984,-163.44,15.728054161597642,3.1774204456228423,488.5700000000001,-342.43,36.58345397987612,7.390679956518733,-45.0,1.6390880908416647,-21.6,14.968397542850708,0.5,-46.63908809084167,60.72805416159764,14.088966070755978
25,20.0,-0.25306892,-0.3010776,-0.23102231,-173.76,-261.76,-15.840843022742924,2.519234460937077,,,-36.84580087090004,5.859739356139642,-45.0,-14.00924479412926,-21.6,,-0.5,-30.99075520587074,29.159156977257076,-1.8315982286136627
25,20.0,-0.27193031,-0.31782398,-0.23726699,-720.75,-431.0,-15.990366232821536,2.5355202067391813,,,-37.19359185754289,5.897620000875337,-42.0,-54.85462665058527,-20.16,,-0.5,12.854626650585267,26.009633767178464,38.86426041776373
25,20.0,-0.27765045,-0.32427651,-0.23701592,-186.70000000000005,-166.29,-16.200675822870068,2.5520182314883275,,,-37.682771963995776,5.935994406441852,-42.0,-15.052520735865182,-20.16,,-0.5,-26.94747926413482,25.799324177129932,-1.148155087004886
25,21.0,-0.26225036,-0.34301075,-0.25015143,34.879999999999995,1926.94,-19.438175834222463,3.1317601440080853,,,-45.21319699040146,7.284474094962807,-45.0,2.8121688444937187,-21.6,,-0.5,-47.81216884449372,25.561824165777537,-22.250344678716182
25,21.0,-0.26617992,-0.3466523,-0.24869932,44.82000000000005,-198.53,-19.572921374031303,3.1559128183549685,,,-45.52661511599681,7.340653215493656,-45.0,3.613572465889009,-21.6,,-0.5,-48.61357246588901,25.427078625968697,-23.186493839920313
25,21.0,-0.26604891,-0.34001616,-0.2445453,50.23000000000002,-177.37,-19.69681604400477,3.1779329888014463,,,-45.814794118355096,7.391872131952166,-45.0,4.049748883569942,-21.6,,-0.5,-49.04974888356994,25.30318395599523,-23.74656492757471
25,22.0,-0.28050044,-0.13305569,-0.24949397,476.9200000000001,-210.67,13.884333834380422,2.336721637065853,476.9200000000001,-210.67,32.294960498768866,5.435214527815173,18.0,38.45124900561768,8.64,14.61147462213472,0.5,-20.451249005617683,-4.115666165619578,-24.566915171237262
25,22.0,-0.28712609,-0.13208541,-0.25175586,-625.5,-437.0,13.98058038120864,2.352730122010703,476.9200000000001,-210.67,32.5188299666913,5.4724502637968975,18.0,-50.430378791021255,8.64,14.61147462213472,0.5,68.43037879102125,-4.0194196187913604,64.4109591722299
25,22.0,-0.28711104,-0.13446426,-0.24784963,75.21000000000004,-230.87,13.977011200090049,2.367455798110748,476.9200000000001,-210.67,32.51052805140945,5.506702186405601,18.0,6.063739070939585,8.64,14.61147462213472,0.5,11.936260929060415,-4.022988799909951,7.913272129150464
25,22.0,-0.2605263,-0.34021023,-0.2455315,160.40999999999997,134.96000000000004,28.52350485940748,5.000045807484755,476.9200000000001,-210.67,66.3456723029818,11.63010654820954,-42.0,12.93291296861346,-20.16,14.61147462213472,0.5,-54.93291296861346,70.52350485940748,15.590591890794022
25,22.0,-0.26771373,-0.34759101,-0.24936837,136.17999999999995,154.83000000000004,28.917714867155112,5.060386349536939,476.9200000000001,-210.67,67.26260478100279,11.77045864902292,-39.0,10.979390861328971,-18.72,14.61147462213472,0.5,-49.97939086132897,67.91771486715511,17.93832400582614
25,22.0,-0.26134667,-0.3438001,-0.24098362,183.6,-155.68,29.188401507344427,5.110567380718285,476.9200000000001,-210.67,67.89222190608314,11.887179727550734,-42.0,14.80258600484653,-20.16,14.61147462213472,0.5,-56.80258600484653,71.18840150734442,14.385815502497897
25,23.0,-0.31077737,-0.31125391,-0.23760487,-317.71,-286.05,-14.579536198627476,2.200384887269444,-317.71,-286.05,-33.91200119800751,5.118095247788727,-26.0,-25.61508496514047,-12.48,-9.733732286753378,-0.5,-0.3849150348595316,11.420463801372524,11.035548766512992
25,23.0,-0.31032485,-0.31296641,-0.24284406,-28.149999999999977,-249.56,-14.59623884098308,2.213099850438131,-317.71,-286.05,-33.95085154412664,5.147670252119095,-26.0,-2.269568605862905,-12.48,-9.733732286753378,-0.5,-23.730431394137096,11.40376115901692,-12.326670235120176
25,23.0,-0.30574316,-0.3093501,-0.24302873,-24.389999999999983,-265.86,-14.6365800921353,2.2259502585794038,-317.71,-286.05,-34.04468529430671,5.17756030145569,-26.0,-1.9664219643693168,-12.48,-9.733732286753378,-0.5,-24.033578035630683,11.3634199078647,-12.670158127765983
25,23.0,-0.2725043,-0.27221873,-0.28925094,-180.67999999999995,-220.95,-19.89589536131002,3.0771555922687206,-317.71,-286.05,-46.27785261040711,7.157463907617043,-34.0,-14.56716361304831,-16.32,-9.733732286753378,-0.5,-19.432836386951692,14.104104638689979,-5.328731748261712
25,23.0,-0.27208537,-0.27574912,-0.29056242,-186.08000000000004,-225.54,-20.10149934618733,3.100638188739424,-317.71,-286.05,-46.75608747923174,7.212084427007902,-34.0,-15.00253378966145,-16.32,-9.733732286753378,-0.5,-18.99746621033855,13.898500653812668,-5.098965556525881
25,23.0,-0.27252474,-0.27722549,-0.2914564,-186.08000000000004,1323.76,-20.439839699910568,3.126842271537525,-317.71,-286.05,-47.54306714199198,7.273035123596284,-34.0,0.0,-16.32,-9.733732286753378,-0.5,-34.0,13.560160300089432,-20.439839699910568
25,24.0,-0.28858387,-0.19930096,-0.24078676,165.01999999999998,-128.91000000000005,4.957438784194348,1.267928715346999,,,11.531002612036051,2.94920219189712,18.0,13.304590100870229,8.64,,0.5,4.695409899129771,-13.042561215805652,-8.34715131667588
25,24.0,-0.29683319,-0.20177697,-0.24494585,165.46000000000004,-128.76999999999998,5.05412452526786,1.2721349798568036,,,11.755893645773044,2.958985963146925,13.0,13.340064707853523,6.24,,0.5,-0.3400647078535233,-7.94587547473214,-8.285940182585662
25,24.0,-0.30102298,-0.2006181,-0.24653234,127.32000000000004,-155.49,5.019496757015384,1.276838090734377,,,11.675349456817782,2.9699253990481607,11.0,10.265061275256322,5.279999999999999,,0.5,0.734938724743678,-5.980503242984616,-5.245564518240938
25,26.0,-0.2900683,-0.10626698,-0.22837153,310.71000000000004,-223.74,14.512983804587872,2.595053395659778,310.71000000000004,-223.74,33.75720032947139,6.036094198304644,38.0,25.050716217679003,18.24,9.51927216271802,0.5,12.949283782320997,-23.487016195412128,-10.537732413091131
25,26.0,-0.30132303,-0.1029392,-0.23375241,327.13,-237.02,14.472341910013409,2.6079367580096227,327.13,-237.02,33.66266728269119,6.066060899130381,41.0,26.374564051010047,19.68,10.022334339383818,0.5,14.625435948989953,-26.52765808998659,-11.902222140996638
25,26.0,-0.30409792,-0.10569522,-0.23359999,767.19,274.42999999999995,14.572423809464787,2.6223998302419416,767.19,274.42999999999995,33.8954577808151,6.099702005142756,32.0,56.72671841002175,15.36,21.556152995808265,0.5,-24.726718410021753,-17.427576190535213,-42.154294600556966
25,28.0,-0.29575455,-0.36657047,-0.24594471,-453.97,-290.61,-17.88297767908183,2.203283519882528,-453.97,-290.61,-41.59580608154434,5.12483746724676,-35.0,-36.600925755011865,-16.8,-13.90835178690451,-0.5,1.6009257550118647,17.11702232091817,18.717948075930035
25,28.0,-0.29562247,-0.37066799,-0.24810506,-441.85,-289.82,-18.07887315559826,2.216608412157635,-441.85,-289.82,-42.051458959921554,5.155831166678659,-35.0,-35.62376158083572,-16.8,-13.537029400717572,-0.5,0.6237615808357191,16.92112684440174,17.54488842523746
25,28.0,-0.2943019,-0.36875716,-0.24933577,-437.43,-295.99,-18.321721768322465,2.2300774336940687,-437.43,-295.99,-42.61632483311806,5.187160110772407,-35.0,-35.26740302886719,-16.8,-13.401613150969531,-0.5,0.2674030288671929,16.678278231677535,16.945681260544728
25,28.0,-0.31879222,-0.09381629,-0.22567505,418.24,-311.2,-32.943879294670204,4.771859604738886,418.24,-311.2,-76.6274632394029,11.099345440622647,32.0,33.720226419754965,15.36,12.813686039506887,-0.5,-1.7202264197549653,-64.94387929467021,-66.66410571442518
25,28.0,-0.3195442,-0.09557395,-0.22532356,421.18,-311.25,-33.1762309086088,4.831779645516152,421.18,-311.25,-77.16791309342408,11.238719455470566,32.0,33.95726129368878,15.36,12.903759291601736,-0.5,-1.9572612936887808,-65.1762309086088,-67.13349220229759
25,28.0,-0.31899911,-0.0978497,-0.22521986,418.68,-314.05,-33.442554006202315,4.892810255326403,418.68,-314.05,-77.78738061842658,11.38067665388921,27.0,33.75570102673826,12.96,12.82716639016054,-0.5,-6.755701026738258,-60.442554006202315,-67.19825503294058
25,29.0,-0.38696173,-0.08902245,-0.21122794,496.85,-322.59000000000003,13.52372055726327,2.4436494874953736,496.85,-322.59000000000003,31.456174016194364,5.683928707914237,25.0,40.058087453747255,12.0,15.222073232423956,0.5,-15.058087453747255,-11.47627944273673,-26.534366896483988
25,29.0,-0.39072773,-0.08793584,-0.2115048,501.46,-319.87,13.503867244771545,2.456480700132436,501.46,-319.87,31.40999521133861,5.713774108508046,25.0,40.429764586004026,12.0,15.36331054268153,0.5,-15.429764586004026,-11.496132755228455,-26.92589734123248
25,29.0,-0.38765562,-0.08691967,-0.21171939,510.56,-321.44,13.572596693967345,2.469434984590979,510.56,-321.44,31.56985991016804,5.743905774158618,25.0,41.163443957703926,12.0,15.642108703927493,0.5,-16.163443957703926,-11.427403306032655,-27.59084726373658
25,29.0,-0.26637912,-0.02626052,-0.22445883,-515.25,-433.25,21.60407226716793,3.8060908653885264,510.56,-321.44,50.251072093432605,8.85296735289371,38.0,-41.54157101850312,18.24,15.642108703927493,0.5,79.54157101850312,-16.39592773283207,63.14564328567105
25,29.0,-0.26377922,-0.02537395,-0.21737072,104.77999999999996,-237.06,21.79177366829012,3.8346584875987766,510.56,-321.44,50.68766555244281,8.919415642154753,38.0,8.447793908430384,18.24,15.642108703927493,0.5,29.552206091569616,-16.20822633170988,13.343979759859735
25,29.0,-0.26210743,-0.02962019,-0.215986,118.52999999999996,-248.58,22.02615335680162,3.863580411902017,510.56,-321.44,51.232832707920565,8.986688038084093,38.0,9.55637537665827,18.24,15.642108703927493,0.5,28.44362462334173,-15.973846643198382,12.469777980143348
25,30.0,-0.32425332,-0.04790984,-0.23641139,597.6199999999999,-196.49,17.400369760676757,2.9787663686400148,597.6199999999999,-196.49,40.47326006333414,6.928610573456673,40.0,48.182578693988994,19.2,18.30937990371582,0.5,-8.182578693988994,-22.599630239323243,-30.782208933312237
25,30.0,-0.32718047,-0.04740992,-0.23645185,589.45,-197.49,17.485122555849504,2.9973014274061,589.45,-197.49,40.67039506490595,6.971723120146589,38.0,47.5238797415947,18.24,18.059074301805985,0.5,-9.523879741594698,-20.514877444150496,-30.038757185745194
25,30.0,-0.33019042,-0.04873511,-0.23454182,590.6099999999999,-199.68,17.459254701294977,3.016056720399216,590.6099999999999,-199.68,40.61022643521212,7.015347931648574,35.0,47.61740370545973,16.8,18.094613408074697,0.5,-12.61740370545973,-17.540745298705023,-30.158149004164752
25,31.0,-0.32272041,-0.12144753,-0.22308671,379.92,-250.67,12.061207994857863,3.5539703109194423,379.92,-250.67,28.054369796039392,8.266534943198621,18.0,30.63071064793732,8.64,11.639670046216182,0.5,-12.63071064793732,-5.938792005142137,-18.569502653079457
25,31.0,-0.32358786,-0.12137104,-0.22155473,385.5700000000001,-257.79,12.050201862889288,3.570363296339294,385.5700000000001,-257.79,28.028769533080485,8.3046650272852,18.0,31.08623685124551,8.64,11.812770003473291,0.5,-13.08623685124551,-5.949798137110712,-19.03603498835622
25,31.0,-0.32237586,-0.12299303,-0.22050238,387.2000000000001,-252.24,12.17148764657245,3.586897271686925,387.2000000000001,-252.24,28.31088026592752,8.343123053943788,18.0,31.217654145297256,8.64,11.862708575212958,0.5,-13.217654145297256,-5.82851235342755,-19.04616649872481
25,31.0,-0.29908481,-0.05430002,-0.22866572,619.5899999999999,-243.12,18.77609723665561,5.301544622810275,619.5899999999999,-243.12,43.67320217246095,12.331392792656702,45.0,49.95389031995021,21.6,18.98247832158108,0.5,-4.953890319950212,-26.22390276334439,-31.177793083294603
25,31.0,-0.29865998,-0.05256977,-0.23292598,497.55,-294.14,18.8356526171814,5.33603421963883,497.55,-294.14,43.81172798756394,12.41161559487992,41.0,40.1145243284934,19.68,15.24351924482749,0.5,0.8854756715065975,-22.1643473828186,-21.278871711312004
25,31.0,-0.29890189,-0.05125228,-0.22967511,499.1300000000001,-297.85,18.95539398956316,5.367420793723437,499.1300000000001,-297.85,44.09024641972391,12.484620766200717,41.0,40.24191041720615,19.68,15.291925958538338,0.5,0.7580895827938505,-22.04460601043684,-21.28651642764299
25,32.0,-0.35295391,-0.07936809,-0.21759199,467.61,-285.67,14.104992721922535,2.4224958190470343,467.61,-285.67,32.80821307119182,5.634725275103403,27.0,37.70063857149392,12.96,14.32624265716769,0.5,-10.700638571493919,-12.895007278077465,-23.595645849571383
25,32.0,-0.35255989,-0.07886779,-0.21574183,469.74,-287.01,14.2352563525581,2.4338487612336657,469.74,-287.01,33.11120627605014,5.661132218629508,27.0,37.87236791893577,12.96,14.391499809195594,0.5,-10.872367918935772,-12.7647436474419,-23.637111566377673
25,32.0,-0.35214037,-0.07654803,-0.21279716,473.12,-286.35,14.380737873184046,2.447869572578272,473.12,-286.35,33.44959629302609,5.693744625817061,27.0,38.14487739985288,12.96,14.495053411944095,0.5,-11.14487739985288,-12.619262126815954,-23.764139526668835
25,33.0,-0.34548134,-0.06982808,-0.22636335,476.13,-298.69,14.512323433561878,2.4565210652605893,476.13,-298.69,33.75566430646493,5.713867997796131,32.0,38.38755596126131,15.36,14.587271265279298,0.5,-6.387555961261313,-17.48767656643812,-23.875232527699435
25,33.0,-0.35164583,-0.06774803,-0.22459777,490.05,-297.79,14.645225037740696,2.468170707730656,490.05,-297.79,34.06479343778486,5.740965066181508,32.0,39.50984352764182,15.36,15.013740540503893,0.5,-7.50984352764182,-17.354774962259306,-24.864618489901126
25,33.0,-0.3508144,-0.06759731,-0.22411083,502.17,-295.63,14.706321933816753,2.4825421231411777,502.17,-295.63,34.206904818057765,5.7743929784263806,32.0,40.48700770181797,15.36,15.38506292669083,0.5,-8.487007701817973,-17.293678066183247,-25.78068576800122
25,33.0,-0.28572735,-0.04400624,-0.23576677,210.76,-203.15,19.252868533557987,3.325958273377421,502.17,-295.63,44.78217220905588,7.736178943875881,45.0,16.992336744997022,21.6,15.38506292669083,0.5,28.007663255002978,-25.747131466442013,2.2605317885609644
25,33.0,-0.28478041,-0.04431198,-0.23842941,226.6,-215.74,19.361366919057595,3.348501809473465,502.17,-295.63,45.034539453727966,7.788615208835282,45.0,18.269422596395557,21.6,15.38506292669083,0.5,26.730577403604443,-25.638633080942405,1.0919443226620373
25,33.0,-0.28611189,-0.04377768,-0.2388812,224.91,-212.95,19.562259029271235,3.3690321566250248,502.17,-295.63,45.5018145020849,7.836368796309806,41.0,18.133167855936996,19.68,15.38506292669083,0.5,22.866832144063004,-21.437740970728765,1.429091173334239
25,34.0,-0.35010567,-0.07187313,-0.23939088,470.33,-238.02,15.152538281998394,2.7403591263474603,470.33,-238.02,35.24480404392827,6.374075327884194,35.0,37.9199361419361,16.8,14.409575733935718,0.5,-2.9199361419360983,-19.847461718001604,-22.767397859937702
25,34.0,-0.35001075,-0.06898812,-0.23873608,475.01,-240.44,15.238178080585056,2.7562710071777303,475.01,-240.44,35.44400221544084,6.4110863626954,37.0,38.29725696166748,17.759999999999998,14.552957645433642,0.5,-1.297256961667479,-21.761821919414942,-23.05907888108242
25,34.0,-0.35209066,-0.06615929,-0.23610255,484.61,-232.41,15.427831409418053,2.772356895092967,484.61,-232.41,35.88513585830639,6.448502137986242,37.0,39.07124838675749,17.759999999999998,14.847074386967844,0.5,-2.071248386757489,-21.572168590581946,-23.643416977339434
25,35.0,-0.3106164,-0.01050421,-0.23078068,707.04,-309.9,20.995938704273783,3.616067847759293,707.04,-309.9,48.83655342614082,8.410973813888116,45.0,54.30194839860693,21.6,20.634740391470636,0.5,-9.301948398606932,-24.004061295726217,-33.30600969433315
25,35.0,-0.31180125,-0.01023234,-0.23000707,616.5799999999999,-241.33,21.23892054075641,3.639618141688578,616.5799999999999,-241.33,49.40172917779941,8.465751797567634,45.0,49.71121175854178,21.6,18.89026046824588,0.5,-4.711211758541779,-23.76107945924359,-28.47229121778537
25,35.0,-0.31210902,-0.01135519,-0.23109983,570.04,-231.03,21.510554159928315,3.666097227269168,570.04,-231.03,50.03354897599326,8.527342150628083,43.0,45.95896582899081,20.64,17.46440701501651,0.5,-2.958965828990813,-21.489445840071685,-24.448411669062498
25,36.0,-0.26162001,-0.1151699,-0.21070963,475.22,-284.1,16.03621208605159,3.781196712871617,475.22,-284.1,37.300229312156006,8.795063554139382,-31.0,38.31418802409132,-14.88,14.559391449154704,0.5,-69.31418802409132,47.03621208605159,-22.27797593803973
25,36.0,-0.2707696,-0.10685134,-0.21348788,479.99,-168.68,16.12775207111614,3.802161985893113,479.99,-168.68,37.51315131741615,8.84382877918738,-45.0,38.69876501343292,-21.6,14.70553070510451,0.5,-83.69876501343292,61.12775207111614,-22.571012942316777
25,36.0,-0.27730492,-0.10228318,-0.21420713,484.63,-294.75,16.2201460689065,3.823347568034503,484.63,-294.75,37.72805975627652,8.893106443248254,-45.0,39.072860868893095,-21.6,14.847687130179375,0.5,-84.07286086889309,61.2201460689065,-22.852714799986593
25,36.0,-0.28101808,-0.09999606,-0.21535249,-83.81,468.24,16.503664145358194,3.888192610726104,484.63,-294.75,38.38752280210316,9.043936012548915,45.0,-6.757106389249388,21.6,14.847687130179375,0.5,51.75710638924939,-28.496335854641806,23.26077053460758
25,36.0,-0.27869838,-0.10076995,-0.21469133,-30.58000000000004,-201.7,16.60013508732565,3.9102675257060575,484.63,-294.75,38.61191421311946,9.095282264792289,45.0,-2.4654851853388204,21.6,14.847687130179375,0.5,47.46548518533882,-28.39986491267435,19.06562027266447
25,36.0,-0.27653724,-0.11038067,-0.21461482,47.370000000000005,-199.66,16.697880962615592,3.932562544694009,484.63,-294.75,38.83927111904387,9.147140478958264,45.0,3.8191639381785407,21.6,14.847687130179375,0.5,41.18083606182146,-28.302119037384408,12.878717024437051
25,37.0,-0.32644561,-0.09733175,-0.23130406,484.8299999999999,-216.22,15.07575578288807,2.790121874015952,484.8299999999999,-216.22,35.06620795099765,6.489823478961105,32.0,39.08898569024913,15.36,14.85381456229467,0.5,-7.088985690249132,-16.92424421711193,-24.013229907361062
25,37.0,-0.32420012,-0.09727784,-0.2318646,486.4200000000001,-219.25,15.097880629628564,2.8034292112808705,486.4200000000001,-219.25,35.11767034451604,6.520776345439305,32.0,39.21717802002968,15.36,14.902527647611278,0.5,-7.217178020029678,-16.902119370371437,-24.119297390401115
25,37.0,-0.32029009,-0.09943044,-0.23232503,487.96,-218.93,15.167964992798291,2.821914031283275,487.96,-218.93,35.28068657324883,6.563772036764899,34.0,39.3413391444712,16.32,14.949708874899056,0.5,-5.341339144471199,-18.83203500720171,-24.17337415167291
25,38.0,-0.30418348,-0.04048491,-0.22751713,627.8299999999999,-222.33,18.78005605841941,3.654612315029105,627.8299999999999,-222.33,43.68241039188355,8.5006282447577,41.0,50.61823295981914,19.68,19.234928524731277,0.5,-9.618232959819139,-22.21994394158059,-31.838176901399727
25,38.0,-0.30627209,-0.04031276,-0.22739777,633.8499999999999,-219.53,18.927128762672787,3.6783957536022847,633.8499999999999,-219.53,44.02450150197691,8.555948522878914,41.0,51.103590082636,19.68,19.41936423140168,0.5,-10.103590082636003,-22.072871237327213,-32.17646131996322
25,38.0,-0.30829543,-0.0401188,-0.22764339,635.44,-225.35,18.992671497171727,3.700030301942333,635.44,-225.35,44.17695390242144,8.606270482317868,41.0,51.23178241241655,19.68,19.46807731671829,0.5,-10.23178241241655,-22.007328502828273,-32.23911091524482
25,39.0,-0.35637707,-0.06932665,-0.24657653,504.3800000000001,-228.49,15.473996043328617,2.8688581079733018,504.3800000000001,-228.49,35.992514796782366,6.672963959145898,35.0,40.66518697780225,16.8,15.452771051564856,0.5,-5.66518697780225,-19.52600395667138,-25.19119093447363
25,39.0,-0.35431767,-0.06945398,-0.24603648,523.9200000000001,-144.0,15.52371981622048,2.8828431123125453,523.9200000000001,-144.0,36.10817229252884,6.705493079238979,38.0,42.24058202428755,18.24,16.05142116922927,0.5,-4.240582024287548,-22.476280183779522,-26.71686220806707
25,39.0,-0.35439888,-0.06956401,-0.24507423,525.1300000000001,-146.36,15.6274870459924,2.900493037898097,525.1300000000001,-146.36,36.34953486897832,6.746546806150976,38.0,42.338137193491605,18.24,16.08849213352681,0.5,-4.338137193491605,-22.3725129540076,-26.710650147499205
25,40.0,-0.33700839,-0.02204679,-0.24630095,587.06,-212.06,17.430083780244438,3.215765073386768,587.06,-212.06,40.54237487284856,7.479869560697622,45.0,47.33118812638998,21.6,17.985851488028192,0.5,-2.331188126389982,-27.569916219755562,-29.901104346145544
25,40.0,-0.3396779,-0.02224987,-0.24360566,591.51,-215.45,17.628102550101204,3.2373998881116317,591.51,-215.45,41.0029665315354,7.530192139747651,45.0,47.68996540156192,21.6,18.12218685259353,0.5,-2.6899654015619205,-27.371897449898796,-30.061862851460717
25,40.0,-0.33576676,-0.02383044,-0.24745135,598.45,-217.96,17.730598759687744,3.261512876260486,598.45,-217.96,41.24137271503369,7.586278950181892,45.0,48.24949670261659,21.6,18.334808746994305,0.5,-3.2494967026165895,-27.269401240312256,-30.518897942928845
25,41.0,-0.36302045,-0.05675449,-0.23513557,503.61,-328.95,16.261331942423475,3.962534987087855,503.61,-328.95,37.82385809807701,9.216856379966352,45.0,40.60310641558148,21.6,15.429180437920962,0.5,4.396893584418521,-28.738668057576525,-24.341774473158004
25,41.0,-0.36080655,-0.05763167,-0.23976849,-111.49,-202.63,16.34079510683245,3.988140253658728,503.61,-328.95,38.008689418492274,9.276414230010202,45.0,-8.988781664925597,21.6,15.429180437920962,0.5,53.9887816649256,-28.65920489316755,25.329576771758045
25,41.0,-0.36045435,-0.06002785,-0.24150023,-148.38,-220.83,16.44677249701341,4.0069533831013535,503.61,-328.95,38.25519282805319,9.32017356909375,41.0,-11.963004964047537,19.68,15.429180437920962,0.5,52.963004964047535,-24.55322750298659,28.409777461060948
25,41.0,-0.20910521,-0.38828525,-0.25697511,-1059.58,-226.79,19.49361222309035,4.64663567157223,-1059.58,-226.79,45.34214203090815,10.808074572077004,-45.0,-68.51355970075451,-21.6,-26.035152686286715,0.5,23.513559700754513,64.49361222309035,88.00717192384487
25,41.0,-0.20376602,-0.3838937,-0.25896397,-1071.48,-221.48,19.506957381567595,4.671384919884895,-1071.48,-221.48,45.37318286952623,10.865641323652266,-45.0,-68.99327313609676,-21.6,-26.217443791716768,0.5,23.99327313609676,64.50695738156759,88.50023051766436
25,41.0,-0.20158374,-0.38104731,-0.26289764,-1080.07,-235.3,19.637284857002825,4.705783187698483,-1080.07,-235.3,45.67632457738856,10.945651694586669,-45.0,-69.33955367471776,-21.6,-26.34903039639275,0.5,24.339553674717763,64.63728485700283,88.97683853172059
25,42.0,-0.27459797,-0.36105379,-0.24531071,-375.1,-266.51,-15.408577442290875,1.9552365036461052,-375.1,-266.51,-35.84035113076858,4.547880107480843,-34.0,-30.242102453256717,-16.32,-11.491998932237552,-0.5,-3.7578975467432834,18.591422557709123,14.833525010965841
25,42.0,-0.27785084,-0.36446869,-0.24888065,-370.56,-262.28,-15.325514631101829,1.962911049988893,-370.56,-262.28,-35.64714703194285,4.565731102274164,-33.0,-29.87606900847456,-15.84,-11.352906223220332,-0.5,-3.123930991525441,17.67448536889817,14.55055437737273
25,42.0,-0.2764833,-0.3618041,-0.24754193,-379.59,-264.33000000000004,-15.269174168348956,1.9714488739101064,-379.59,-264.33000000000004,-35.51609911557967,4.585590080714907,-33.0,-30.604104692699853,-15.84,-11.629559783225943,-0.5,-2.3958953073001474,17.730825831651046,15.334930524350897
25,43.0,-0.30312648,-0.37460595,-0.24870211,-452.04,-259.27,-18.3793158566876,2.284339219750928,-452.04,-259.27,-42.75028868265535,5.313373025140656,-29.0,-36.445321228926055,-13.92,-13.8492220669919,-0.5,7.445321228926055,10.620684143312399,18.066005372238454
25,43.0,-0.30430695,-0.37573263,-0.25102115,-451.93,-262.85,-18.47641075249079,2.29864741263116,-451.93,-262.85,-42.976131410293576,5.346653881780078,-29.0,-36.43645257718023,-13.92,-13.845851979328488,-0.5,7.4364525771802334,10.52358924750921,17.960041824689444
25,43.0,-0.30343172,-0.37626934,-0.2499381,-450.83,-267.51,-18.53753533106073,2.31311556513748,-450.83,-267.51,-43.11830718004727,5.380306804509779,-29.0,-36.347766059722,-13.92,-13.81215110269436,-0.5,7.347766059721998,10.462464668939269,17.810230728661267
25,43.0,-0.32358247,-0.12888022,-0.22117209,329.99,-218.49,-26.05906880135495,3.51371836298077,329.99,-218.49,-60.613394031951614,8.17290891229327,41.0,26.605148996401446,19.68,10.10995661863255,-0.5,14.394851003598554,-67.05906880135495,-52.66421779775639
25,43.0,-0.32559326,-0.12776823,-0.21964446,331.08000000000004,-216.5,-26.239231168279304,3.55250481420514,331.08000000000004,-216.5,-61.03245169741766,8.263126197841153,41.0,26.693029272791875,19.68,10.143351123660914,-0.5,14.306970727208125,-67.2392311682793,-52.93226044107118
25,43.0,-0.32749084,-0.12877113,-0.22202335,330.71000000000004,-220.7,-26.3863768481134,3.5919864092314846,330.71000000000004,-220.7,-61.37471254871177,8.354960387872431,37.0,26.6631983532832,17.759999999999998,10.132015374247615,-0.5,10.3368016467168,-63.3863768481134,-53.0495752013966
25,44.0,-0.28340098,-0.39967543,-0.25633806,-576.1800000000001,-275.17,-21.8507908203961,2.9177207378285197,-576.1800000000001,-275.17,-50.82493944824133,6.786618436189137,-37.0,-46.45399784462131,-17.759999999999998,-17.652519180956098,-0.5,9.453997844621313,15.1492091796039,24.603207024225213
25,44.0,-0.28487161,-0.40280926,-0.25659207,-584.28,-281.82,-21.962565534133407,2.9462683906429987,-584.28,-281.82,-51.08492743239431,6.853020276635615,-37.0,-47.107053109541,-17.759999999999998,-17.900680181625578,-0.5,10.107053109540999,15.037434465866593,25.14448757540759
25,44.0,-0.28315818,-0.40186715,-0.25778013,-519.64,-209.96,-22.161886334135016,2.972385468771117,-519.64,-209.96,-51.548547613198046,6.9137686003616174,-37.0,-41.89551084726824,-17.759999999999998,-15.920294121961932,-0.5,4.895510847268241,14.838113665864984,19.733624513133226
25,45.0,-0.37355995,-0.37587279,-0.25197637,-317.83,-241.96,-13.955820995981318,1.8587285302008585,-317.83,-241.96,-32.46123963665254,4.323402561247196,-21.0,-25.624759857954093,-10.08,-9.737408746022556,-0.5,4.624759857954093,7.044179004018682,11.668938861972775
25,45.0,-0.3682397,-0.37043041,-0.25500312,-315.97,-242.29,-14.04452026576836,1.8694878010710785,-315.97,-242.29,-32.66755413817721,4.348428625291328,-21.0,-25.474799019342907,-10.08,-9.680423627350304,-0.5,4.474799019342907,6.9554797342316395,11.430278753574546
25,45.0,-0.36916581,-0.36921772,-0.25544873,-311.99,-243.51,-14.034159528777076,1.8759984424831495,-311.99,-243.51,-32.64345506393548,4.363572377215805,-21.0,-25.15391507435767,-10.08,-9.558487728255916,-0.5,4.15391507435767,6.965840471222924,11.119755545580594
25,46.0,-0.37942764,-0.31875846,-0.26463631,-186.32,-258.73,-10.952515924091552,2.3437490901106823,,,-25.47555203943695,5.451560383597448,-13.0,-15.021883575288696,-6.24,,-0.5,2.0218835752886957,2.0474840759084483,4.069367651197144
25,46.0,-0.38800871,-0.32436341,-0.26566979,-184.67,-260.1,-10.976923848922002,2.3521199473239376,,,-25.53232487259258,5.471030997475479,-18.0,-14.888853799101351,-8.64,,-0.5,-3.1111462008986486,7.023076151077998,3.911929950179349
25,46.0,-0.38897237,-0.32483912,-0.26866221,-185.48,-256.78,-10.953313906520195,2.356327320481358,,,-25.47740814656597,5.480817347439638,-18.0,-14.954159325593322,-8.64,,-0.5,-3.045840674406678,7.046686093479805,4.000845419073126
25,47.0,-0.38463494,-0.35553217,-0.26499474,-267.37,-235.93,-11.300899569663516,1.5625070611668122,-267.37,-235.93,-26.285892399037337,3.634391424274005,-18.0,-21.556467429824703,-8.64,-8.191457623333388,-0.5,3.5564674298247034,6.699100430336484,10.255567860161188
25,47.0,-0.39055488,-0.36110061,-0.26685449,-270.3,-235.03,-11.320901267040766,1.5683229557985543,-270.3,-235.03,-26.33241634713682,3.6479191951874377,-21.0,-21.79269606269072,-10.08,-8.281224503822473,-0.5,0.7926960626907196,9.679098732959234,10.471794795649954
25,47.0,-0.38805008,-0.35966024,-0.27065799,-283.88,-211.36,-11.372720999936403,1.5731143755344288,-283.88,-211.36,-26.45294904585208,3.6590640374930814,-21.0,-22.88757143276597,-10.08,-8.69727714445107,-0.5,1.88757143276597,9.627279000063597,11.514850432829567
25,48.0,-0.41999781,-0.29602367,-0.23008275,-95.55999999999996,-250.1,-4.805262108323508,1.291425849966905,,,-11.17703966396048,3.003856527023021,-11.0,-7.704439643916847,-5.279999999999999,,-0.5,-3.2955603560831532,6.194737891676492,2.8991775355933385
25,48.0,-0.4208191,-0.2969313,-0.22977385,-102.28999999999996,-249.36,-4.820320412100601,1.295234758321694,,,-11.212065278546,3.0127160478562605,-11.0,-8.247039882547663,-5.279999999999999,,-0.5,-2.7529601174523375,6.179679587899399,3.426719470447061
25,48.0,-0.42515934,-0.29961663,-0.23195286,-106.92999999999996,-247.82,-4.861578669727665,1.2990622139095422,,,-11.308031985786547,3.021618709553596,-11.0,-8.621135738007835,-5.279999999999999,,-0.5,-2.378864261992165,6.138421330272335,3.75955706828017
25,49.0,-0.35675943,-0.0733005,-0.23198308,470.7000000000001,-229.45,12.52473534082168,5.556180445713968,470.7000000000001,-229.45,29.13253440275123,12.92367571673069,27.0,37.94976706144478,12.96,14.420911483349016,0.5,-10.949767061444781,-14.47526465917832,-25.425031720623103
25,49.0,-0.35614601,-0.07305598,-0.23218641,476.4,-227.12,12.581660294609785,5.605284211913785,476.4,-227.12,29.26494184526236,13.037891076911464,27.0,38.40932447009197,12.96,14.59554329863495,0.5,-11.409324470091967,-14.418339705390215,-25.827664175482184
25,49.0,-0.35917488,-0.07018048,-0.23153692,372.73,-192.71,12.700740047777044,5.655170031307872,372.73,-192.71,29.541921351129407,13.153925492822111,29.0,30.051023320187618,13.92,11.419388861671294,0.5,-1.0510233201876176,-16.299259952222954,-17.35028327241057
25,50.0,-0.35101548,-0.06187548,-0.26302615,430.12,-227.42,14.942291972578763,5.323222638251899,430.12,-227.42,34.75577112821821,12.381815856573915,45.0,34.67804080830386,21.6,13.177655507155468,0.5,10.321959191696138,-30.057708027421235,-19.735748835725097
25,50.0,-0.35501838,-0.05963373,-0.26631752,430.78,-218.33,15.192749907062888,5.406114661232945,430.78,-218.33,35.33833628382828,12.574622702027831,37.0,34.73125271877879,17.759999999999998,13.19787603313594,0.5,2.2687472812212093,-21.80725009293711,-19.5385028117159
25,50.0,-0.35495248,-0.05975034,-0.26839504,430.78,1391.71,15.381322553010952,5.468420640280951,430.78,-218.33,35.77695625830347,12.719546409293493,35.0,0.0,16.8,13.19787603313594,0.5,35.0,-19.618677446989047,15.381322553010952
25,51.0,-0.40982643,-0.14774029,-0.38292557,583.3,-272.4,-15.494090788327858,4.383891065542356,583.3,-272.4,-36.0392551736506,10.19693061845152,0.0,47.02804148489639,0.0,17.87065576426063,-0.5,-47.02804148489639,-15.494090788327858,-62.52213227322425
25,51.0,-0.40992171,-0.14667445,-0.38274211,603.3900000000001,-303.93,-15.653277190966731,4.4241000026759165,603.3900000000001,-303.93,-36.40952274618862,10.290456606224184,0.0,48.64777979011082,0.0,18.48615632024211,-0.5,-48.64777979011082,-15.653277190966731,-64.30105698107755
25,51.0,-0.41016826,-0.14584647,-0.38554719,572.49,-295.15,-15.742998297245451,4.457518313953639,572.49,-295.15,-36.618214039392925,10.368187598256164,0.0,46.15649489060233,0.0,17.539468058428888,-0.5,-46.15649489060233,-15.742998297245451,-61.89949318784778
25,51.0,-0.28539863,-0.36304221,-0.2318989,-451.49,-357.91,-19.656360246147564,5.665831922845495,-451.49,-357.91,-45.720693932539234,13.17872505253862,-33.0,-36.40097797019694,-15.84,-13.832371628674837,-0.5,3.4009779701969407,13.343639753852436,16.744617724049377
25,51.0,-0.2835497,-0.36486998,-0.23314683,-461.65,-369.25,-19.946927433741344,5.728859248553336,-461.65,-369.25,-46.39655321088237,13.32532661213506,-33.0,-37.22011889508388,-15.84,-14.143645180131871,-0.5,4.220118895083878,13.053072566258656,17.273191461342535
25,51.0,-0.27806818,-0.36324668,-0.23288205,-749.25,-457.25,-20.13967714192096,5.7812972291256095,-461.65,-369.25,-46.84488903210814,13.447297354946166,-33.0,-56.00352017220326,-15.84,-14.143645180131871,-0.5,23.00352017220326,12.86032285807904,35.8638430302823
25,52.0,-0.34381115,-0.31867608,-0.2397517,-216.64,-229.08,-12.60003251532667,4.647217275308085,,,-29.30767563064984,10.809427382366607,-16.0,-17.466406492864657,-7.68,,-0.5,1.4664064928646567,3.399967484673329,4.866373977537986
25,52.0,-0.34366852,-0.31943741,-0.24142966,-220.36,-230.75,-12.735673153721429,4.681326474850897,,,-29.623175755556044,10.888765380503187,-16.0,-17.766328170087043,-7.68,,-0.5,1.7663281700870428,3.2643268462785713,5.030655016365614
25,52.0,-0.34181178,-0.31814319,-0.24401988,-219.55,-230.05,-12.865539152393168,4.715904328065118,,,-29.92524406846651,10.969193467079466,-18.0,-17.70102264359507,-8.64,,-0.5,-0.2989773564049294,5.134460847606832,4.835483491201902
25,53.0,-0.30911621,-0.37361205,-0.231259,95.30999999999996,2166.76,-16.54428217038288,4.666714842580924,,,-38.482000328310576,10.854778723843229,-34.0,0.0,-16.32,,-0.5,-34.0,17.45571782961712,-16.54428217038288
25,53.0,-0.30861533,-0.37349889,-0.23439962,95.30999999999996,-155.85000000000002,-16.674842692608973,4.70342124133092,,,-38.78568410300847,10.94015780733572,-34.0,7.684283617221794,-16.32,,-0.5,-41.684283617221794,17.325157307391027,-24.359126309830767
25,53.0,-0.3028931,-0.37040538,-0.23870417,92.0,-168.36,-16.907440459305327,4.744852837834863,,,-39.3267065083442,11.036527700803893,-34.0,7.417417823779306,-16.32,,-0.5,-41.4174178237793,17.092559540694673,-24.324858283084634
25,54.0,-0.38668388,-0.1538948,-0.22516812,239.05999999999997,-242.28,8.854872720598529,4.4440476951644206,,,20.59643394811218,10.336854938952442,11.0,19.27399896687696,5.279999999999999,,0.5,-8.27399896687696,-2.1451272794014713,-10.41912624627843
25,54.0,-0.38967112,-0.1542404,-0.22702156,241.09000000000003,-241.21,8.85264113413527,4.471004439481275,,,20.59124327799864,10.399556326233444,11.0,19.437665903640795,5.279999999999999,,0.5,-8.437665903640795,-2.14735886586473,-10.585024769505525
25,54.0,-0.38681963,-0.15375201,-0.22887844,229.14,-185.68,8.946834838956896,4.501015372585607,,,20.81033783541374,10.469361756634122,11.0,18.47420782761728,5.279999999999999,,0.5,-7.474207827617281,-2.053165161043104,-9.527372988660385
25,55.0,-0.35167056,-0.28861675,-0.24443467,-106.20000000000005,-218.96,-7.687629471285802,3.225514815134753,,,-17.881426150210775,7.502547460003435,-14.0,-8.562280140058288,-6.72,,-0.5,-5.437719859941712,6.312370528714198,0.8746506687724862
25,55.0,-0.3589842,-0.2967912,-0.24277721,-105.64,-216.33,-7.769119640894885,3.2425749100572148,,,-18.070972284721503,7.542229240793082,-14.0,-8.517130640261366,-6.72,,-0.5,-5.482869359738634,6.230880359105115,0.748010999366481
25,55.0,-0.35821995,-0.29799935,-0.2416558,-164.14,-250.31,-7.83092655753816,3.259823993190555,,,-18.214735172833763,7.582350608161231,-15.0,-13.23364088690364,-7.199999999999999,,-0.5,-1.7663591130963603,7.16907344246184,5.402714329365479
25,55.0,-0.33092019,-0.30259672,-0.24917206,-203.61,-389.98,-13.666100995106342,5.040816592803062,,,-31.787350914617356,11.724939394859923,-16.0,-16.415874381518528,-7.68,,-0.5,0.4158743815185275,2.3338990048936576,2.749773386412185
25,55.0,-0.334858,-0.30357918,-0.25024423,-199.96,-390.12,-13.789322011958602,5.080592041202848,,,-32.073962999815706,11.817457087837823,-16.0,-16.12159639177076,-7.68,,-0.5,0.12159639177075832,2.2106779880413985,2.332274379812157
25,55.0,-0.33277565,-0.30057591,-0.24864854,-701.5,-493.25,-13.914445903850204,5.120946339719113,,,-32.365001172355576,11.911321186186656,-16.0,-54.07861962282575,-7.68,,-0.5,38.07861962282575,2.085554096149796,40.16417371897555
25,56.0,-0.35955709,-0.08362927,-0.24137278,430.66,-229.84,11.56572076400148,4.104752341126606,430.66,-229.84,26.901866497067445,9.547653945460484,32.0,34.72157782596516,15.36,13.19419957386676,0.5,-2.721577825965163,-20.43427923599852,-23.155857061963683
25,56.0,-0.35856923,-0.08503529,-0.24210563,446.78,-222.07,11.652769541421955,4.138356465948695,446.78,-222.07,27.104341953347472,9.625817139796665,32.0,36.02123842726215,15.36,13.688070602359616,0.5,-4.021238427262148,-20.347230458578046,-24.368468885840194
25,56.0,-0.36057293,-0.08532867,-0.24309213,435.72,-225.44,11.818175843252371,4.172473452873879,435.72,-225.44,27.489077011405016,9.705173251384643,30.0,35.12953580627303,14.4,13.349223606383752,0.5,-5.129535806273033,-18.18182415674763,-23.311359963020664
25,57.0,-0.37867892,-0.14401414,-0.21577427,278.88,-239.32,9.39274590650397,3.51660276840252,278.88,-239.32,21.84752697852824,8.179618039304263,15.0,22.48445089886492,7.199999999999999,8.54409134156867,0.5,-7.484450898864921,-5.60725409349603,-13.09170499236095
25,57.0,-0.37750396,-0.14528778,-0.21653853,280.15,-237.48,9.388785726432456,3.5390620668601978,280.15,-237.48,21.83831559968189,8.231858367516821,13.0,22.58684351447578,6.24,8.583000535500798,0.5,-9.586843514475781,-3.611214273567544,-13.198057788043325
25,57.0,-0.37570032,-0.14436921,-0.21741733,286.0,-239.18,9.457003105019266,3.564369309433165,286.0,-239.18,21.996989222274813,8.290723013741541,13.0,23.05849453914001,6.24,8.762227924873205,0.5,-10.05849453914001,-3.5429968949807336,-13.601491434120744
25,58.0,-0.37960324,-0.09160354,-0.23071113,-567.75,-467.75,12.060562068565009,6.2664910465810975,,,28.052867371482208,14.575858174347632,20.0,-45.77433662446413,9.6,,0.5,65.77433662446413,-7.939437931434991,57.83489869302913
25,58.0,-0.38167414,-0.08829302,-0.23168659,-568.25,-466.0,12.26313510561531,6.319446084102079,,,28.52405225566121,14.699031591621438,22.0,-45.81464867785424,10.56,,0.5,67.81464867785424,-9.73686489438469,58.07778378346955
25,58.0,-0.3836045,-0.08635695,-0.23273428,134.71000000000004,-231.22,12.427725395604837,6.373231491014264,,,28.90688927017685,14.824136448099182,22.0,10.86087342436207,10.56,,0.5,11.13912657563793,-9.572274604395163,1.566851971242766
25,59.0,-0.38962108,-0.13389261,-0.23369798,264.29999999999995,-233.53,9.043707732091304,3.2379745306817536,264.29999999999995,-233.53,21.03566418484437,7.531528758365759,20.0,21.30895142200946,9.6,8.097401540363595,0.5,-1.3089514220094607,-10.956292267908696,-12.265243689918156
25,59.0,-0.39056575,-0.13627924,-0.23288606,263.26,-234.91,9.150564469181765,3.25919696399366,263.26,-234.91,21.284212955316782,7.580892138249252,18.0,21.22510235095804,8.64,8.065538893364055,0.5,-3.225102350958039,-8.849435530818235,-12.074537881776275
25,59.0,-0.39354503,-0.13514654,-0.23126177,251.71000000000004,-201.44,9.141342143205591,3.2785365131101902,251.71000000000004,-201.44,21.26276182509621,7.625875929494302,18.0,20.29389391764662,8.64,7.711679688705716,0.5,-2.2938939176466207,-8.858657856794409,-11.15255177444103
25,60.0,-0.32059884,-0.06651729,-0.24932662,441.0,-255.79,13.73912846615788,5.016860142927105,441.0,-255.79,31.957212812283228,11.669216692448448,41.0,35.55523109007254,19.68,13.510987814227564,0.5,5.444768909927461,-27.26087153384212,-21.81610262391466
25,60.0,-0.32389328,-0.06411605,-0.24864982,547.05,403.55,13.921982735360972,5.066215438071821,441.0,-255.79,32.38253184244962,11.784017108955055,41.0,44.10541761411378,19.68,13.510987814227564,0.5,-3.105417614113783,-27.07801726463903,-30.183434878752813
25,60.0,-0.32283175,-0.06427401,-0.25170448,516.81,392.5,13.952907664999982,5.091216173731087,441.0,-255.79,32.45446322878996,11.842168820098506,38.0,41.66734462508024,18.24,13.510987814227564,0.5,-3.66734462508024,-24.047092335000016,-27.714436960080256
25,61.0,-0.37133834,-0.11538337,-0.24272706,352.83000000000004,-239.5,9.55985215488878,4.763980996940752,352.83000000000004,-239.5,22.236216112271304,11.081019798884192,18.0,28.44660359526144,8.64,10.809709366199348,0.5,-10.44660359526144,-8.44014784511122,-18.88675144037266
25,61.0,-0.37311012,-0.11684372,-0.2452939,-528.5,-457.25,9.642220452136952,4.804570995917061,352.83000000000004,-239.5,22.42780477167055,11.175432136503083,15.0,-42.6098404333409,7.199999999999999,10.809709366199348,0.5,57.6098404333409,-5.357779547863048,52.25206088547785
25,61.0,-0.37447506,-0.11724307,-0.24567863,175.04999999999995,201.42999999999995,9.696445096488407,4.845870168612523,352.83000000000004,-239.5,22.55393129443204,11.271494012192727,15.0,14.113249891875729,7.199999999999999,10.809709366199348,0.5,0.8867501081242715,-5.303554903511593,-4.416804795387321
25,62.0,-0.30358467,-0.09477349,-0.23129265,493.03,-245.14,13.773074926516214,5.18747244226268,493.03,-245.14,32.03617227907672,12.066060900702992,45.0,39.75010336584685,21.6,15.105039279021804,0.5,5.249896634153153,-31.226925073483784,-25.97702843933063
25,62.0,-0.30432925,-0.09699415,-0.23203462,495.9200000000001,-248.26,13.799244713480086,5.234957613668548,495.9200000000001,-248.26,32.09704320355468,12.17651140939304,45.0,39.98310703444167,21.6,15.193580673087837,0.5,5.016892965558327,-31.200755286519914,-26.183862320961587
25,62.0,-0.30513877,-0.09787436,-0.23194957,499.79,-253.67,13.865674043324695,5.283298184546955,499.79,-253.67,32.25155782477324,12.288951577256215,45.0,40.29512232768107,21.6,15.312146484518808,0.5,4.704877672318929,-31.134325956675305,-26.429448284356376
25,63.0,-0.3093718,-0.3648625,-0.24892826,-360.14,-264.99,-15.228990853727105,4.137275709437184,-360.14,-264.99,-35.42263272576925,9.623303300150887,-33.0,-29.03596581582477,-15.84,-11.033667010013414,-0.5,-3.9640341841752296,17.771009146272895,13.806974962097666
25,63.0,-0.31079924,-0.36754069,-0.24921148,-375.7,-270.4,-15.425393423560838,4.16663464796534,-375.7,-270.4,-35.87946510320251,9.69159219116738,-33.0,-30.29047691732484,-15.84,-11.51038122858344,-0.5,-2.7095230826751617,17.574606576439162,14.865083493764
25,63.0,-0.31106964,-0.36528975,-0.25020263,-379.96,-271.47,-15.60895914249114,4.223087311618761,-379.96,-271.47,-36.3064389654344,9.822901086825237,-33.0,-30.633935612208536,-15.84,-11.640895532639243,-0.5,-2.3660643877914644,17.391040857508862,15.024976469717396
25,64.0,-0.37420949,-0.36871299,-0.27793771,-335.27,-226.2,-14.629480183775131,4.792069824726118,-335.27,-226.2,-34.02817090746096,11.14635441231295,-21.0,-27.030844280200952,-10.08,-10.27172082647636,-0.5,6.030844280200952,6.370519816224869,12.401364096425821
25,64.0,-0.37679547,-0.37125933,-0.27881774,-337.91,-225.77,-14.887517909628912,4.83629867090479,-337.91,-225.77,-34.62836665779685,11.249230708524545,-24.0,-27.24369192210071,-11.52,-10.35260293039827,-0.5,3.243691922100709,9.112482090371088,12.356174012471797
25,64.0,-0.37351793,-0.36881793,-0.27870986,-346.8,-225.82,-15.113405672361708,4.885758824414794,-346.8,-225.82,-35.15378159391334,11.36427502558881,-21.0,-27.96044023137677,-10.08,-10.624967287923171,-0.5,6.960440231376769,5.886594327638292,12.84703455901506
25,65.0,-0.37636447,-0.31501353,-0.24993068,-194.37,-231.78,-9.22571679740276,3.8007817591289417,,,-21.459017270758817,8.840618371733918,-16.0,-15.670907634869383,-7.68,,-0.5,-0.32909236513061657,6.774283202597241,6.445190837466624
25,65.0,-0.37606978,-0.31345198,-0.25329012,-194.29,-233.67,-9.25308353849919,3.826639408266491,,,-21.52267231054912,8.900763263627859,-16.0,-15.664457706326967,-7.68,,-0.5,-0.3355422936730328,6.74691646150081,6.411374167827777
25,65.0,-0.37012789,-0.30783746,-0.25493655,-192.58000000000004,-238.24,-9.24028330748591,3.848042455148757,,,-21.492898973212228,8.950546750676008,-13.0,-15.526590483732816,-6.24,,-0.5,2.526590483732816,3.7597166925140897,6.286307176246906
25,66.0,-0.36787581,-0.1050057,-0.24195385,298.38,-260.91,11.48660218543501,4.049439760820025,298.38,-260.91,26.717836683321835,9.41899688366738,45.0,24.05662098107901,21.6,9.141515972810026,0.5,20.94337901892099,-33.51339781456499,-12.570018795644
25,66.0,-0.37088132,-0.1038035,-0.2411015,300.17,-244.67,11.635163431600656,4.088267279319753,300.17,-244.67,27.063390141903128,9.509309691697744,45.0,24.200938132215587,21.6,9.196356490241923,0.5,20.799061867784413,-33.36483656839934,-12.56577470061493
25,66.0,-0.37144637,-0.10454156,-0.24120595,305.38,-243.16,11.76987351301562,4.116950081716082,305.38,-243.16,27.37672579127433,9.576025890071604,45.0,24.620989728540483,21.6,9.355976096845383,0.5,20.379010271459517,-33.23012648698438,-12.851116215524863
25,67.0,-0.26585224,-0.39413181,-0.23392509,-446.74,-381.68,-16.46485632133758,5.142984242585858,-446.74,-381.68,-38.29725580343121,11.962581348254709,-42.0,-36.01801346299094,-20.16,-13.686845115936558,-0.5,-5.981986537009057,25.53514367866242,19.55315714165336
25,67.0,-0.26801407,-0.39972284,-0.23676093,-454.31,-385.7,-16.623681998695936,5.192824321550291,-454.31,-385.7,-38.666684328966745,12.078509371925977,-42.0,-36.628337951317135,-20.16,-13.918768421500513,-0.5,-5.371662048682865,25.376318001304064,20.0046559526212
25,67.0,-0.26708376,-0.39956966,-0.23658808,-440.75,-391.05,-16.868193131896305,5.243484909303856,-440.75,-391.05,-39.23541722479081,12.19634589904077,-42.0,-35.535075063377484,-20.16,-13.503328524083445,-0.5,-6.464924936622516,25.131806868103695,18.66688193148118
25,68.0,-0.35137436,-0.35116413,-0.25934014,-300.13,-223.02,-13.724625993630225,4.376519081690253,-300.13,-223.02,-31.9234800611839,10.179783384011529,-21.0,-24.19771316794438,-10.08,-9.195131003818863,-0.5,3.1977131679443787,7.275374006369775,10.473087174314154
25,68.0,-0.3519806,-0.35896417,-0.26206899,-303.17,-226.32,-13.83775171138346,4.41382585721539,-303.17,-226.32,-32.186610480677935,10.266558943882998,-21.0,-24.44281045255622,-10.08,-9.288267971971363,-0.5,3.4428104525562198,7.16224828861654,10.60505874117276
25,68.0,-0.35323587,-0.36342114,-0.26129052,-305.36,-224.23,-13.993835263080593,4.451688762001373,-305.36,-224.23,-32.54966082192546,10.354628060415196,-24.0,-24.61937724640488,-11.52,-9.355363353633855,-0.5,0.6193772464048806,10.006164736919407,10.625541983324288
25,69.0,-0.34481514,-0.0686958,-0.23531184,547.3800000000001,-287.03,12.910798990853351,5.053547256390031,547.3800000000001,-287.03,30.03051845272489,11.754550918363211,32.0,44.13202356935127,15.36,16.770168956353483,0.5,-12.132023569351269,-19.08920100914665,-31.221224578497917
25,69.0,-0.34642348,-0.06752148,-0.24007773,427.12,-283.25,13.043036381900905,5.1039573024270855,427.12,-283.25,30.338102624301506,11.8718046854454,29.0,34.43616848796323,13.92,13.085744025426028,0.5,-5.436168487963229,-15.956963618099095,-21.393132106062325
25,69.0,-0.35151789,-0.06396925,-0.24185054,439.08,-285.1,13.20365618116289,5.155316527866889,439.08,-285.1,30.71170427738488,11.991266243818384,26.0,35.40043280505454,12.48,13.452164465920726,0.5,-9.400432805054542,-12.79634381883711,-22.19677662389165
25,70.0,-0.40977821,-0.09797361,-0.25569502,369.58,-165.35000000000002,11.184413611388775,4.322172578770179,369.58,-165.35000000000002,26.01494606009029,10.053373418219437,15.0,29.797057383829955,7.199999999999999,11.322881805855385,0.5,-14.797057383829955,-3.8155863886112247,-18.61264377244118
25,70.0,-0.40738228,-0.09867487,-0.25992888,373.89,-166.72000000000003,11.196015580763111,4.3633028845197614,373.89,-166.72000000000003,26.041932240855,10.149042509392968,15.0,30.144547284052656,7.199999999999999,11.454927967940009,0.5,-15.144547284052656,-3.8039844192368886,-18.948531703289547
25,70.0,-0.40897807,-0.09887411,-0.26032251,376.03,-168.49,11.219674017554343,4.393729793370377,376.03,-168.49,26.09696176483141,10.2198154993795,15.0,30.317082872562302,7.199999999999999,11.520491491573676,0.5,-15.317082872562302,-3.7803259824456568,-19.09740885500796
25,71.0,-0.3068465,-0.36109459,-0.24411513,-321.43,-269.04,-15.69570619394947,5.135101191643765,-321.43,-269.04,-36.50821260712647,11.944245371763396,-26.0,-25.915006642362847,-12.48,-9.84770252409788,-0.5,-0.08499335763715266,10.30429380605053,10.219300448413378
25,71.0,-0.30954674,-0.36420274,-0.24684066,-326.42,-271.28,-15.86822027300855,5.190478756746032,-326.42,-271.28,-36.90948035501789,12.07305358819127,-26.0,-26.317320935196097,-12.48,-10.000581955374518,-0.5,0.31732093519609705,10.13177972699145,10.449100662187547
25,71.0,-0.30722189,-0.36289245,-0.24939561,-331.97,-271.45,-15.978664640164167,5.236575259333471,-331.97,-271.45,-37.16637395302185,12.180274053209656,-26.0,-26.764784727826264,-12.48,-10.17061819657398,-0.5,0.7647847278262638,10.021335359835833,10.786120087662097
25,72.0,-0.34098023,-0.33286232,-0.23793931,-222.22000000000003,-290.9,-12.419894016122516,3.8760636069886503,,,-28.888673481500973,9.015723949855602,-15.0,-17.916289008698232,-7.199999999999999,,-0.5,2.9162890086982323,2.580105983877484,5.496394992575716
25,72.0,-0.35813317,-0.33858082,-0.251555,32.049999999999955,-175.98000000000002,-12.52560090786243,3.905631503903956,,,-29.13454771168801,9.0844988780806,-18.0,2.584002622305721,-8.64,,-0.5,-20.58400262230572,5.4743990921375705,-15.109603530168151
25,72.0,-0.36061484,-0.34005672,-0.25312871,44.48000000000002,-179.18,-12.7224127871615,3.9325728549962538,,,-29.59233214293765,9.147164460721289,-18.0,3.586160269583736,-8.64,,-0.5,-21.586160269583736,5.277587212838499,-16.308573056745235
25,73.0,-0.37310666,-0.16253632,-0.23915513,221.04,-199.82,5.773985271192696,2.105758961310144,,,13.43028974079421,4.897995344007394,7.0,17.82115256269758,3.36,,0.5,-10.82115256269758,-1.2260147288073044,-12.047167291504884
25,73.0,-0.40504697,-0.15481365,-0.2416452,190.98,-195.96,5.759396271166161,2.11486097081743,,,13.39635572673249,4.919166618121344,6.0,15.397591912884478,2.88,,0.5,-9.397591912884478,-0.24060372883383874,-9.638195641718315
25,73.0,-0.41095784,-0.15257554,-0.23774146,-673.75,-510.5,5.900438404596392,2.124036789339696,,,13.724419729091208,4.940509572004132,6.0,-52.95996014125034,2.88,,0.5,58.95996014125034,-0.09956159540360776,58.860398545846735
25,74.0,-0.41988924,-0.11497205,-0.25017217,-563.5,-480.5,7.544610600733126,2.605108912074643,,,17.54876425730525,6.059483329485619,9.0,-45.431684170648246,4.32,,0.5,54.431684170648246,-1.455389399266874,52.976294771381376
25,74.0,-0.42574301,-0.11019962,-0.2476602,-563.5,524.87,7.632567465039841,2.6183036592451625,,,17.753351923682672,6.090174311404248,9.0,0.0,4.32,,0.5,9.0,-1.3674325349601588,7.632567465039841
25,74.0,-0.43166909,-0.10716033,-0.24626917,36.0,-166.95,7.7332848483173615,2.630281500000253,,,17.987620557186183,6.118034769000588,9.0,2.902467844087554,4.32,,0.5,6.097532155912446,-1.2667151516826385,4.830817004229807
25,75.0,-0.3656162,-0.32739264,-0.24669242,-226.51,-201.55,-9.264200220581143,2.923374285840054,,,-21.54852971307174,6.799768588863966,-16.0,-18.262166426785328,-7.68,,-0.5,2.2621664267853276,6.735799779418857,8.997966206204184
25,75.0,-0.37206873,-0.33204457,-0.24439383,-226.79999999999995,-202.17,-9.390475997019257,2.9406703978932223,,,-21.842247169066788,6.839999345499636,-16.0,-18.285547417751587,-7.68,,-0.5,2.2855474177515873,6.609524002980743,8.89507142073233
25,75.0,-0.3736603,-0.33297271,-0.244665,-754.5,-452.0,-9.493261491775446,2.958166606480345,,,-22.08132622986969,6.880695526673283,-16.0,-56.21515845250131,-7.68,,-0.5,40.21515845250131,6.506738508224554,46.72189696072587
25,76.0,-0.39715016,-0.28641221,-0.23405755,-100.26,-205.03,-6.391946962712391,1.9674794990795443,,,-14.86766863526902,4.57635731485902,-14.0,-8.083372945783838,-6.72,,-0.5,-5.916627054216162,7.608053037287609,1.691425983071447
25,76.0,-0.40285712,-0.28903249,-0.23497352,-103.09000000000005,-210.07,-6.417690918424796,1.975411928890375,,,-14.927549076256076,4.594808146599012,-12.0,-8.311539167971834,-5.76,,-0.5,-3.6884608320281664,5.582309081575204,1.8938482495470375
25,76.0,-0.40298313,-0.28814638,-0.2319416,-105.44000000000004,-208.85,-6.524430024032881,1.983408470395402,,,-15.175824235900482,4.613408102139704,-12.0,-8.50100581890533,-5.76,,-0.5,-3.4989941810946696,5.475569975967119,1.9765757948724492
25,77.0,-0.38980898,-0.28830922,-0.24311109,-110.59000000000005,-199.04,-6.499929156841983,2.181421150029238,,,-15.118835218814452,5.0739855949680095,-11.0,-8.916219968823407,-5.279999999999999,,-0.5,-2.083780031176593,4.500070843158017,2.4162908119814244
25,77.0,-0.39461413,-0.29107541,-0.2427728,-110.55999999999996,-201.45,-6.41448851056929,2.19018259224552,,,-14.92010027558417,5.094364709563078,-11.0,-8.913801245619995,-5.279999999999999,,-0.5,-2.086198754380005,4.58551148943071,2.4993127350507045
25,77.0,-0.39853433,-0.29360038,-0.24463671,-115.82000000000004,-197.83,-6.390119706574996,2.200983814083635,,,-14.863418437493442,5.1194883515585365,-11.0,-9.337884047283907,-5.279999999999999,,-0.5,-1.6621159527160927,4.609880293425004,2.947764340708911
25,78.0,-0.37158707,-0.13608262,-0.23742826,274.4,-214.91,8.386137173039002,2.8812305606003785,274.4,-214.91,19.50615506448872,6.70174228395648,20.0,22.123254900489574,9.6,8.406836862186038,0.5,-2.1232549004895738,-11.613862826960998,-13.737117727450572
25,78.0,-0.37804767,-0.13517393,-0.23592307,271.42,-214.01,8.457907258718084,2.8980744834261905,271.42,-214.01,19.673092283778264,6.740921248449318,18.0,21.882995062284557,8.64,8.31553812366813,0.5,-3.8829950622845573,-9.542092741281916,-13.425087803566473
25,78.0,-0.37984848,-0.13349339,-0.23760349,274.19000000000005,-215.22,8.543192098446664,2.9168116107924624,274.19000000000005,-215.22,19.87146482098694,6.784503806703269,18.0,22.10632383806574,8.64,8.400403058464981,0.5,-4.106323838065741,-9.456807901553336,-13.563131739619077
25,79.0,-0.37910956,-0.30557409,-0.23013557,11.480000000000018,-1393.1,-8.790086049759731,2.968335672079505,,,-20.44574015174113,6.904348773256929,-15.0,0.9255647458368104,-7.199999999999999,,-0.5,-15.92556474583681,6.209913950240269,-9.715650795596542
25,79.0,-0.38202313,-0.3066251,-0.23289253,85.25999999999999,-15.950000000000044,-8.787481966758152,2.986183500869936,,,-20.439683054679463,6.94586282302347,-15.0,6.8740113440806905,-7.199999999999999,,-0.5,-21.874011344080692,6.212518033241848,-15.661493310838843
25,79.0,-0.38389626,-0.30847526,-0.23391761,107.67999999999996,-170.51999999999998,-8.73871091054091,3.002434321087117,,,-20.32624157791816,6.983662230848634,-15.0,8.681603818092992,-7.199999999999999,,-0.5,-23.68160381809299,6.2612890894590905,-17.4203147286339
25,81.0,-0.24929735,-0.33535492,-0.23092337,-343.99,-231.47,-13.319938205515326,4.471510063580067,-343.99,-231.47,-30.98217626602865,10.400732407887237,-15.0,-27.733886491324387,-7.199999999999999,-10.538876866703268,-0.5,12.733886491324387,1.6800617944846739,14.413948285809061
25,81.0,-0.26956278,-0.34786406,-0.2400275,-718.0,-448.25,-13.41354843956655,4.506836143808831,-343.99,-231.47,-31.1999136704318,10.48290087049934,-42.0,-54.74376850376248,-20.16,-10.538876866703268,-0.5,12.743768503762482,28.58645156043345,41.33022006419593
25,81.0,-0.28040034,-0.36281717,-0.24227101,-939.51,-824.48,-13.59201813224842,4.55075358954401,-343.99,-231.47,-31.61503417560983,10.585052849279368,-42.0,-63.67329145020462,-20.16,-10.538876866703268,-0.5,21.673291450204623,28.40798186775158,50.0812733179562
25,82.0,-0.31349164,-0.15677592,-0.21980062,319.36,-255.8,8.412877633962822,2.84412651242126,319.36,-255.8,19.568353376597525,6.615438267891852,32.0,25.748114741327814,15.36,9.784283601704573,0.5,6.251885258672186,-23.58712236603718,-17.335237107364993
25,82.0,-0.31585169,-0.15561716,-0.22057985,325.66,-264.25,8.492792056554437,2.8704506755579207,325.66,-264.25,19.75423432354562,6.676668271347724,32.0,26.25604661404313,15.36,9.977297713336393,0.5,5.743953385956871,-23.507207943445565,-17.763254557488693
25,82.0,-0.31614503,-0.15569526,-0.22136039,328.77,-265.41,8.51777400006433,2.8871509826670287,328.77,-265.41,19.812342324149636,6.71551318568351,32.0,26.506787586129587,15.36,10.072579282729244,0.5,5.493212413870413,-23.48222599993567,-17.989013586065255
25,83.0,-0.30975986,-0.12929124,-0.20077589,-658.0,-496.5,10.02384198501934,3.343195803814018,,,23.315456457154987,7.776273439671407,-31.0,-52.32504530035619,-14.88,,0.5,21.325045300356187,41.02384198501934,62.348887285375525
25,83.0,-0.32652882,-0.13118371,-0.21010177,-42.24000000000001,-213.86,10.096242998997612,3.3656324947164804,,,23.483861215668448,7.828461182710535,45.0,-3.4055622703960644,21.6,,0.5,48.40556227039606,-34.90375700100239,13.501805269393676
25,83.0,-0.34020779,-0.13940993,-0.21315172,-33.870000000000005,-220.05,10.1328914516039,3.376968404832002,,,23.56910551643067,7.854828509639237,23.0,-2.730738496645708,11.04,,0.5,25.730738496645706,-12.8671085483961,12.863629948249608
25,84.0,-0.36513031,-0.0831028,-0.22018766,461.78,-282.65,12.277726375470666,4.143832012495053,461.78,-282.65,28.55799154934477,9.638553261063493,25.0,37.2306000289653,12.0,14.147628011006814,0.5,-12.230600028965299,-12.722273624529334,-24.952873653494635
25,84.0,-0.36953327,-0.08301772,-0.22028451,465.61,-284.25,12.527715321155585,4.177661716540868,465.61,-284.25,29.13946583700789,9.717241152674058,25.0,37.5393903579335,12.0,14.26496833601473,0.5,-12.539390357933499,-12.472284678844415,-25.011675036777916
25,84.0,-0.37182447,-0.08226869,-0.22111017,476.3,-283.5,12.6426795806858,4.212036775239239,476.3,-283.5,29.40687270467517,9.797197539206469,23.0,38.40126205941394,11.04,14.592479582577296,0.5,-15.401262059413938,-10.3573204193142,-25.758582478728137
25,85.0,-0.43228531,-0.39462999,-0.52460527,-341.89,-117.8,-34.97086662146893,1.659043333625931,-341.89,-117.8,-81.34223576153673,3.858934794013912,-24.0,-27.56457586708594,-11.52,-10.474538829492657,-0.5,3.5645758670859387,-10.970866621468929,-7.40629075438299
25,85.0,-0.43136501,-0.39170256,-0.52579206,-328.53,-116.33000000000004,-34.19982186872943,1.664331694548082,-328.53,-116.33000000000004,-79.54878566666466,3.871235521518841,-24.0,-26.48743780050233,-11.52,-10.065226364190888,-0.5,2.487437800502331,-10.19982186872943,-7.712384068227099
25,85.0,-0.43470973,-0.39320338,-0.52854657,-335.92999999999995,-118.60000000000002,-33.46687913764799,1.671446583293715,-335.92999999999995,-118.60000000000002,-77.84396087416924,3.887784752741183,-24.0,-27.08405619067589,-11.52,-10.291941352456838,-0.5,3.0840561906758914,-9.466879137647993,-6.382822946972102
25,85.0,-0.40833053,-0.14345442,-0.24094701,-455.25,-505.5,6.753173119520604,2.51819331039093,-335.92999999999995,-118.60000000000002,15.707880676004924,5.857317639969303,11.0,-36.70412461169053,5.279999999999999,-10.291941352456838,0.5,47.70412461169053,-4.246826880479396,43.457297731211135
25,85.0,-0.41302967,-0.14465687,-0.24212219,-516.0,-512.5,6.8424118772938725,2.529853028862439,-335.92999999999995,-118.60000000000002,15.915450026585548,5.884438145134033,9.0,-41.60203909858828,4.32,-10.291941352456838,0.5,50.60203909858828,-2.1575881227061275,48.44445097588215
25,85.0,-0.4120892,-0.14312704,-0.24366936,9.960000000000036,-154.92000000000002,7.005512431219437,2.5442201950330525,-335.92999999999995,-118.60000000000002,16.29482191501641,5.917856173646881,9.0,0.8030161035308929,4.32,-10.291941352456838,0.5,8.196983896469106,-1.9944875687805634,6.202496327688544
25,85.0,-0.41427425,-0.1456707,-0.39015457,1123.68,135.51,7.787508453462768,2.953495698061816,1123.68,135.51,18.1137446627544,6.869830993691784,0.0,71.09756232306025,0.0,27.01707368276289,0.5,-71.09756232306025,7.787508453462768,-63.310053869597475
25,85.0,-0.41663551,-0.14656048,-0.39175206,995.74,243.16,7.751014214826053,2.9694673859549523,995.74,243.16,18.0288590636854,6.90698113973122,0.0,65.94003821233022,0.0,25.057214520685484,0.5,-65.94003821233022,7.751014214826053,-58.18902399750417
25,85.0,-0.41318938,-0.14498472,-0.39279205,959.96,217.63,7.699875626678626,2.991068480858156,959.96,217.63,17.909910707654486,6.95722528647607,0.0,64.49767294203227,0.0,24.50911571797226,0.5,-64.49767294203227,7.699875626678626,-56.79779731535364
25,85.0,-0.41548359,-0.14448023,-0.3935039,-31.559999999999945,90.30999999999996,10.780503600034384,3.9895762782484185,959.96,217.63,25.07545137367997,9.279754423205825,0.0,-2.544496809983418,0.0,24.50911571797226,0.5,2.544496809983418,10.780503600034384,13.325000410017802
25,85.0,-0.41745222,-0.14504853,-0.39305502,4.009999999999991,81.40999999999997,10.93832431903449,4.031022579294728,959.96,217.63,25.44254236607422,9.376158519439535,0.0,0.3233026681886407,0.0,24.50911571797226,0.5,-0.3233026681886407,10.93832431903449,10.615021650845849
25,85.0,-0.4168002,-0.14455646,-0.39362428,-16.75,105.97000000000004,11.04951932083126,4.056915408232544,959.96,217.63,25.70118194025351,9.436385239548896,0.0,-1.3504537885685148,0.0,24.50911571797226,0.5,1.3504537885685148,11.04951932083126,12.399973109399776
25,85.0,-0.41754025,-0.14536367,-0.39227912,-37.75999999999999,60.200000000000045,13.181292156574193,4.824807668043965,959.96,217.63,30.65968555619157,11.222502635870262,0.0,-3.044366272020723,0.0,24.50911571797226,0.5,3.044366272020723,13.181292156574193,16.225658428594915
25,85.0,-0.41619608,-0.14595012,-0.39163426,-39.620000000000005,60.120000000000005,13.28440535882873,4.8750682654780535,959.96,217.63,30.899526864635625,11.339408785501954,0.0,-3.194327110631914,0.0,24.50911571797226,0.5,3.194327110631914,13.28440535882873,16.478732469460645
25,85.0,-0.41530925,-0.14647058,-0.38941404,-33.950000000000045,61.50999999999999,13.356322412826756,4.916949995884693,959.96,217.63,31.066805932235035,11.436825690427794,0.0,-2.7371884251881275,0.0,24.50911571797226,0.5,2.7371884251881275,13.356322412826756,16.093510838014883
25,87.0,-0.35027212,-0.12806825,-0.22529835,-594.0,-507.0,10.307946040152814,3.644713262664378,,,23.976282489395444,8.477603048957342,20.0,-47.89071942744464,9.6,,0.5,67.89071942744464,-9.692053959847186,58.19866546759745
25,87.0,-0.3527137,-0.12637927,-0.22339848,-621.5,-512.5,10.258838947418752,3.6686479272096455,,,23.862059391696015,8.533275078689634,20.0,-50.107882363900416,9.6,,0.5,70.10788236390042,-9.741161052581248,60.36672131131917
25,87.0,-0.35336989,-0.12648743,-0.22385734,-193.66000000000005,-91.19,10.348009832974835,3.698331916724205,,,24.069470871499476,8.6023200383005,20.0,-15.61366451905544,9.6,,0.5,35.61366451905544,-9.651990167025165,25.961674352030276
25,88.0,-0.3078509,-0.11048389,-0.21365455,-574.75,-541.25,13.105009801122192,4.922564176973794,-259.98,-59.26999999999998,30.482252797410226,11.449884275641043,25.0,-46.338705371925606,12.0,-7.965049006673204,0.5,71.33870537192561,-11.894990198877808,59.4437151730478
25,88.0,-0.3151668,-0.10329307,-0.20859617,-259.98,-59.26999999999998,13.232521093259624,4.974835601909992,-259.98,-59.26999999999998,30.778844062921888,11.57146761004264,25.0,-20.96065528071896,12.0,-7.965049006673204,0.5,45.96065528071896,-11.767478906740376,34.19317637397859
25,88.0,-0.28796211,-0.10497151,-0.18816009,-274.65,-57.26999999999998,13.322855377475255,5.018446781855434,-274.65,-57.26999999999998,30.988961608007443,11.67290721459574,45.0,-22.14341092718463,21.6,-8.414496152330159,0.5,67.14341092718463,-31.677144622524743,35.46626630465988
25,89.0,-0.38335836,-0.13892868,-0.21378021,226.65,-150.42000000000002,8.26571271781179,3.428615722422244,,,19.22604778163022,7.97496017035414,20.0,18.27345380173456,9.6,,0.5,1.7265461982654386,-11.73428728218821,-10.007741083922772
25,89.0,-0.389759,-0.14060706,-0.21607472,226.97000000000003,-148.97000000000003,8.263607495534652,3.4487094778369287,,,19.2211510346136,8.021698245448697,18.0,18.29925351590423,8.64,,0.5,-0.29925351590422977,-9.736392504465348,-10.035646020369578
25,89.0,-0.38434017,-0.14222166,-0.2215969,226.04,-151.7,8.306964892854289,3.465335009211219,,,19.32200034077908,8.060369231425295,18.0,18.22427309659863,8.64,,0.5,-0.2242730965986297,-9.693035107145711,-9.91730820374434
25,89.0,-0.36630851,-0.26825947,-0.22831334,-95.01,-110.45,9.93222258838104,4.790289718561809,,,23.102349740574297,11.142213885374767,-10.0,-7.660096385187736,-4.8,,0.5,-2.339903614812264,19.932222588381038,17.592318973568776
25,89.0,-0.36839715,-0.26892599,-0.22807862,-95.89,-111.87,10.023848480246238,4.829404378950153,,,23.31547156505275,11.23319458543806,-10.0,-7.731045599154321,-4.8,,0.5,-2.2689544008456792,20.023848480246237,17.754894079400557
25,89.0,-0.36874044,-0.27127361,-0.23088941,-97.55999999999996,-110.44,10.081888058334089,4.843770602912154,,,23.45047162368509,11.26661042237367,-11.0,-7.865687857477266,-5.279999999999999,,0.5,-3.1343121425227336,21.081888058334087,17.947575915811356
25,90.0,-0.40316015,-0.15425494,-0.24859703,232.05999999999997,-67.12,6.388434716098019,2.614597297635887,,,14.859499149643993,6.081553314301074,7.0,18.70963021941549,3.36,,0.5,-11.70963021941549,-0.6115652839019807,-12.321195503317472
25,90.0,-0.40147382,-0.152987,-0.2497261,231.54999999999995,-70.32,6.426163081667713,2.629293601228602,,,14.947255327959102,6.115736916457728,7.0,18.66851192495759,3.36,,0.5,-11.668511924957588,-0.5738369183322867,-12.242348843289875
25,90.0,-0.4061991,-0.15398811,-0.24903366,204.96000000000004,-65.04999999999995,6.387044347216702,2.6414303506904595,,,14.856265151626047,6.143966995706008,7.0,16.52471692567181,3.36,,0.5,-9.524716925671811,-0.612955652783298,-10.13767257845511
25,91.0,-0.40283522,-0.29766694,-0.24565963,26.590000000000032,-80.45999999999998,-10.004094243425426,3.23426264560877,,,-23.26952321020754,7.522894913686,-12.0,2.1437949992857823,-5.76,,-0.5,-14.143794999285783,1.9959057565745741,-12.147889242711209
25,91.0,-0.40357497,-0.29643923,-0.24419004,23.139999999999983,-90.99,-10.10256758731154,3.257472354069898,,,-23.49857220808664,7.576880695566583,-12.0,1.8656418308940543,-5.76,,-0.5,-13.865641830894054,1.8974324126884596,-11.968209418205594
25,91.0,-0.4035362,-0.29656595,-0.24431553,146.33000000000004,-100.55,-10.168963703702202,3.274550890098928,,,-23.65300957481132,7.616605370370106,-12.0,11.79772554514811,-5.76,,-0.5,-23.79772554514811,1.831036296297798,-21.96668924885031
25,92.0,-0.29064095,-0.28440773,-0.20735142,-720.75,-566.0,-6.648086111524936,2.295117057247556,,,-15.463448295407002,5.338442275157814,-15.0,-54.85462665058527,-7.199999999999999,,-0.5,39.85462665058527,8.351913888475064,48.20654053906033
25,92.0,-0.30864099,-0.29401445,-0.2156665,1114.37,2270.42,-6.710400176483579,2.306964507716844,,,-15.608390810500804,5.365999444949379,-15.0,70.72225710599837,-7.199999999999999,,-0.5,-85.72225710599837,8.289599823516422,-77.43265728248194
25,92.0,-0.29374215,-0.29072255,-0.2008812,125.47000000000004,-79.70999999999998,-6.760681970048906,2.317846136198364,,,-15.725346262333757,5.391310112797394,-15.0,10.11590667771293,-7.199999999999999,,-0.5,-25.11590667771293,8.239318029951093,-16.876588647761835
25,94.0,-0.39726174,-0.30384207,-0.24628882,-163.71000000000004,-123.08999999999996,-8.25250290483182,2.74210678394457,,,-19.195321756638812,6.37814037945507,-14.0,-13.198972520988155,-6.72,,-0.5,-0.8010274790118448,5.74749709516818,4.946469616156335
25,94.0,-0.40041426,-0.30552843,-0.24756496,-165.94000000000003,-122.68,-8.261253849909057,2.7604640155533677,,,-19.215676454888467,6.420839300177132,-13.0,-13.378764279108026,-6.24,,-0.5,0.3787642791080259,4.738746150090943,5.117510429198969
25,94.0,-0.40430653,-0.31017992,-0.24707845,-166.03999999999996,-120.8,-8.382471561335192,2.774387376253206,,,-19.49762885166566,6.453225037164957,-13.0,-13.38682668978604,-6.24,,-0.5,0.38682668978604084,4.617528438664808,5.0043551284508485
25,95.0,-0.35234222,-0.07818452,-0.22672752,-384.07,-130.60000000000002,13.243811898631092,4.872444159433901,-384.07,-130.60000000000002,30.80510647621592,11.333305114843254,32.0,-30.965300691075196,15.36,-11.766814262608571,0.5,62.9653006910752,-18.756188101368906,44.20911258970629
25,95.0,-0.35999757,-0.07348492,-0.2280713,-379.37,-134.01999999999998,13.33975884602329,4.914245601922203,-379.37,-134.01999999999998,31.028279075850172,11.430535270071044,32.0,-30.58636738920821,15.36,-11.62281960789912,0.5,62.586367389208206,-18.66024115397671,43.9261262352315
25,95.0,-0.3641839,-0.06925096,-0.23270039,-94.91999999999996,-131.06,13.517188483141217,4.961485671426686,-379.37,-134.01999999999998,31.44098041178647,11.540415671738472,29.0,-7.6528402155775135,13.92,-11.62281960789912,0.5,36.65284021557751,-15.482811516858783,21.17002869871873
25,96.0,-0.35334802,-0.33656234,-0.23473082,-252.57000000000005,-209.25,-11.87646296818698,5.341978426858358,-252.57000000000005,-209.25,-27.62465286400292,12.42544182087254,-16.0,-20.3632306494776,-7.68,-7.738027646801489,-0.5,4.3632306494776,4.1235370318130204,8.48676768129062
25,96.0,-0.36044341,-0.34051889,-0.23401913,-256.67999999999995,-210.27,-12.052021770516513,5.386037989233724,-256.67999999999995,-210.27,-28.033002638221404,12.527924362957643,-16.0,-20.69459572834426,-7.68,-7.863946376770819,-0.5,4.694595728344261,3.9479782294834873,8.642573957827748
25,96.0,-0.35750884,-0.34001982,-0.23346284,-259.05999999999995,-213.27,-12.19280209344026,5.430818437441845,-259.05999999999995,-213.27,-28.360457669342047,12.632083685489732,-16.0,-20.88648110248116,-7.68,-7.936862818942839,-0.5,4.886481102481159,3.8071979065597397,8.693679009040899
25,98.0,-0.28680754,-0.16213059,-0.22993867,301.76,-286.73,10.514019481171331,4.043054458757304,301.76,-286.73,24.45560931320452,9.404144671069488,32.0,24.32913046199612,15.36,9.245069575558526,0.5,7.670869538003881,-21.48598051882867,-13.815110980824787
25,98.0,-0.28670222,-0.1571749,-0.22982581,303.5,-291.59000000000003,10.59796149384015,4.077018988642908,303.5,-291.59000000000003,24.65085843467219,9.483146167583406,32.0,24.469416407793688,15.36,9.298378234961602,0.5,7.5305835922063125,-21.402038506159847,-13.871454913953537
25,98.0,-0.28299561,-0.15412797,-0.22707734,305.42,-293.84000000000003,10.687933861187192,4.115015423658917,305.42,-293.84000000000003,24.860134161121408,9.57152587543064,38.0,24.624214692811687,18.24,9.35720158326844,0.5,13.375785307188313,-27.31206613881281,-13.936280831624495
25,99.0,-0.3130779,-0.19320363,-0.22905317,207.54,-179.69,7.313941220777225,2.204072179180101,,,17.012227279527824,5.126671888772916,32.0,16.73272712116475,15.36,,0.5,15.26727287883525,-24.686058779222776,-9.418785900387526
25,99.0,-0.31125674,-0.19114085,-0.22799116,210.22000000000003,-177.75,7.377773316638579,2.2194940542149824,,,17.160700734501336,5.162543170104049,32.0,16.948799727335714,15.36,,0.5,15.051200272664286,-24.622226683361422,-9.571026410697137
25,99.0,-0.31365469,-0.18992586,-0.22627424,212.57000000000005,-176.10000000000002,7.422667195350096,2.231759232502272,,,17.265123896384324,5.191071974800284,32.0,17.138266378269208,15.36,,0.5,14.861733621730792,-24.577332804649906,-9.715599182919112
25,99.0,-0.35620868,-0.29725933,-0.23940141,-154.87,-210.02,11.01233309062884,3.1434739799774327,,,25.61468676880268,7.311720477427508,-14.0,-12.4862554170511,-6.72,,0.5,-1.5137445829489007,25.01233309062884,23.49858850767994
25,99.0,-0.35573244,-0.29665017,-0.23635015,-744.5,-536.5,11.15768486051605,3.1650776963081944,,,25.95277498556033,7.361970721612861,-14.0,-55.81203791860026,-6.72,,0.5,41.81203791860026,25.15768486051605,66.96972277911631
25,99.0,-0.3526265,-0.29551488,-0.23780933,-176.47000000000003,-199.74,11.249913836012665,3.186955579239916,,,26.16729958256546,7.412858677312043,-14.0,-14.227736123503632,-6.72,,0.5,0.22773612350363237,25.249913836012666,25.4776499595163
25,100.0,-0.32677987,-0.13605496,-0.22464728,266.28,-170.57,9.95754348567249,2.943527689014092,266.28,-170.57,23.161246147674213,6.846645404646777,20.0,21.46858715343427,9.6,8.158063118305023,0.5,-1.468587153434271,-10.04245651432751,-11.511043667761781
25,100.0,-0.32238844,-0.1319492,-0.22332114,312.38,-175.76,10.136521688779142,2.9627195177051644,312.38,-175.76,23.577549448100285,6.891285598182213,25.0,25.18535847600195,12.0,9.570436220880742,0.5,-0.18535847600195154,-14.863478311220858,-15.04883678722281
25,100.0,-0.3228856,-0.12922071,-0.22164041,316.25,-178.32999999999998,10.08873411754193,2.9821709629948585,316.25,-178.32999999999998,23.46639555740253,6.936529659926041,27.0,25.497373769241364,12.96,9.689002032311718,0.5,1.5026262307586364,-16.911265882458068,-15.408639651699433
25,101.0,-0.32413262,-0.34028438,-0.25377908,-253.97000000000003,-223.29,-10.906878224421444,3.36986907697353,-253.97000000000003,-223.29,-25.36939875000428,7.83831547304043,-15.0,-20.4761043989699,-7.199999999999999,-7.780919671608562,-0.5,5.476104398969898,4.093121775578556,9.569226174548454
25,101.0,-0.32435951,-0.33960313,-0.25220859,-303.91,-184.45,-10.99391883553758,3.3977525926469734,-303.91,-184.45,-25.57185521146041,7.903172530496862,-15.0,-24.502472291573568,-7.199999999999999,-9.310939470797956,-0.5,9.502472291573568,4.006081164462421,13.508553456035989
25,101.0,-0.32309201,-0.33816704,-0.25462794,-818.25,-524.25,-10.999910633345753,3.42090416886163,-303.91,-184.45,-25.585792133162222,7.957023096772151,-15.0,-58.785051856120496,-7.199999999999999,-9.310939470797956,-0.5,43.785051856120496,4.000089366654247,47.78514122277474
25,103.0,-0.32080171,-0.13657007,-0.21573323,267.83000000000004,-180.43,10.970036172962782,4.224455064816638,267.83000000000004,-180.43,25.516304138311437,9.8260824807635,32.0,21.59355451894361,15.36,8.20555071719857,0.5,10.406445481056391,-21.029963827037218,-10.623518345980827
25,103.0,-0.32085204,-0.13735829,-0.21493565,270.91,-182.69,11.124898556720067,4.265170588512484,270.91,-182.69,25.87651404293088,9.92078678888004,32.0,21.841876767826644,15.36,8.299913171774126,0.5,10.158123232173356,-20.87510144327993,-10.716978211106577
25,103.0,-0.32300562,-0.13625313,-0.21252675,274.01,-186.41000000000005,11.199566739801476,4.302830616221485,274.01,-186.41000000000005,26.050192236778237,10.00838401333117,32.0,22.091811498845296,15.36,8.394888369561212,0.5,9.908188501154704,-20.800433260198524,-10.89224475904382
25,105.0,-0.33362398,-0.13296726,-0.24372661,338.19000000000005,-206.28,9.59076523348986,2.80790387915509,338.19000000000005,-206.28,22.30811993309742,6.53118442291474,45.0,27.26626667199917,21.6,10.361181335359683,0.5,17.73373332800083,-35.40923476651014,-17.675501438509308
25,105.0,-0.33366409,-0.13350138,-0.24969862,143.12,-224.3,9.648502638446724,2.8254530581939727,338.19000000000005,-206.28,22.44241713702709,6.5720038133591805,45.0,11.538922162383631,21.6,10.361181335359683,0.5,33.46107783761637,-35.35149736155328,-1.8904195239369077
25,105.0,-0.33506447,-0.13124934,-0.25119099,140.66999999999996,-217.14,9.690472090042958,2.8414473929884565,338.19000000000005,-206.28,22.54003808143992,6.60920663609115,38.0,11.341393100772114,18.24,10.361181335359683,0.5,26.658606899227884,-28.30952790995704,-1.6509210107291565
25,107.0,-0.36721408,-0.12008583,-0.2326403,311.54999999999995,-176.0,11.049664301548626,3.5770476741885204,311.54999999999995,-176.0,25.701519165402104,8.320212890162498,11.0,25.118440467374374,5.279999999999999,9.545007377602262,0.5,-14.118440467374374,0.049664301548626,-14.068776165825748
25,107.0,-0.37895051,-0.11255465,-0.23191364,121.55999999999996,-185.54,11.136872052259765,3.6024289659496858,311.54999999999995,-176.0,25.90436439355621,8.37924977479897,11.0,9.800666420202305,5.279999999999999,9.545007377602262,0.5,1.1993335797976954,0.13687205225976484,1.3362056320574602
25,107.0,-0.37654287,-0.10933103,-0.23204246,120.30999999999996,-189.94,11.225445322206657,3.628151868974358,311.54999999999995,-176.0,26.110385819452684,8.439081247234357,13.0,9.69988628672704,6.24,9.545007377602262,0.5,3.3001137132729603,-1.7745546777933434,1.525559035479617
25,108.0,-0.31950265,-0.13246436,-0.25822368,507.0799999999999,-241.89,10.07000810039603,3.0139977942988074,507.0799999999999,-241.89,23.42283884152117,7.010558869539027,38.0,40.8828720661088,18.24,15.535491385121343,0.5,-2.8828720661088028,-27.92999189960397,-30.812863965712772
25,108.0,-0.31814498,-0.13309619,-0.25875095,504.44000000000005,-240.79,10.24349544234735,3.036265203180987,504.44000000000005,-240.79,23.826370398899936,7.062352862598976,38.0,40.67002442420906,18.24,15.454609281199444,0.5,-2.6700244242090605,-27.75650455765265,-30.42652898186171
25,108.0,-0.31767371,-0.13394009,-0.26066166,506.55,-245.69,10.382717676736018,3.054672576880994,506.55,-245.69,24.15020131608798,7.105168413825192,38.0,40.84014128951529,18.24,15.519253690015807,0.5,-2.8401412895152873,-27.617282323263982,-30.45742361277927
25,109.0,-0.39150789,-0.28830242,-0.23434858,-113.60000000000002,-192.08,23.73298042157562,7.260453307608826,,,55.20291246058489,16.887814393498125,-12.0,-9.15889853023184,-5.76,,0.5,-2.8411014697681605,35.73298042157562,32.891878951807456
25,109.0,-0.39005062,-0.29183137,-0.23319654,-119.14,-194.11,24.05485733427285,7.395489532052409,,,55.95159815951865,17.201908651553907,-14.0,-9.605556081794198,-6.72,,0.5,-4.394443918205802,38.05485733427285,33.660413416067044
25,109.0,-0.38735747,-0.29122856,-0.23307793,-107.29999999999995,-182.63,24.70300916256439,7.562638686561943,,,57.45919931212477,17.590697584943083,-14.0,-8.650966657516513,-6.72,,0.5,-5.349033342483487,38.703009162564385,33.353975820080905
25,110.0,-0.38957778,-0.06932401,-0.2377526,82.67999999999995,-174.18,12.207953739308332,3.834770910055645,361.77,-198.68,28.395700397631185,8.919677136789431,25.0,6.666001148587745,12.0,11.083605581753076,0.5,18.333998851412254,-12.792046260691668,5.541952590720586
25,110.0,-0.38909453,-0.06693253,-0.2384619,361.77,-198.68,12.265883510491284,3.866471372524506,361.77,-198.68,28.530445045402725,8.993412412492,25.0,29.167383109876518,12.0,11.083605581753076,0.5,-4.167383109876518,-12.734116489508716,-16.901499599385232
25,110.0,-0.38169953,-0.06595296,-0.24031959,367.73,-204.19,12.40478855576559,3.9018459860193655,367.73,-204.19,28.853538180710764,9.075693763481045,25.0,29.64790278628657,12.0,11.266203058788896,0.5,-4.6479027862865685,-12.59521144423441,-17.24311423052098
25,111.0,-0.40391499,-0.33375859,-0.25328594,-900.82,-189.43,-11.364032031488694,3.76875951108092,-900.82,-189.43,-26.432738505242703,8.766134622774219,-18.0,-62.113618104541466,-8.64,-23.60317487972576,-0.5,44.113618104541466,6.635967968511306,50.74958607305277
25,111.0,-0.4082427,-0.33878547,-0.25250331,-895.03,-196.42,-11.289364391790562,3.794184854794688,-895.03,-196.42,-26.259061575304848,8.825273972252445,-18.0,-61.88021131541276,-8.64,-23.51448029985685,-0.5,43.88021131541276,6.710635608209438,50.590846923622195
25,111.0,-0.41088644,-0.34272161,-0.25219837,-1045.93,-222.58,-11.363087527882474,3.8286342347980336,-1045.93,-222.58,-26.430541589854634,8.905403230140225,-18.0,-67.9633001719796,-8.64,-25.826054065352245,-0.5,49.9633001719796,6.636912472117526,56.60021264409713
25,112.0,-0.40937403,-0.12849416,-0.23456843,705.74,-145.39999999999998,8.960263026985887,2.87882128569195,705.74,-145.39999999999998,20.841571800769174,6.696138310519476,13.0,54.2495427291998,6.24,20.61482623709592,0.5,-41.2495427291998,-4.039736973014113,-45.28927970221392
25,112.0,-0.4059222,-0.1298499,-0.23046952,-555.25,-614.25,9.01919422660501,2.895415025425231,705.74,-145.39999999999998,20.97864577108325,6.734735349139088,15.0,-44.76653528971151,7.199999999999999,20.61482623709592,0.5,59.76653528971151,-5.980805773394991,53.78572951631652
25,112.0,-0.40770218,-0.13102019,-0.23262116,-1011.65,413.98,8.964751260510834,2.914097915229528,705.74,-145.39999999999998,20.8520114319482,6.778191750823881,13.0,-66.5814029817668,6.24,20.61482623709592,0.5,79.5814029817668,-4.035248739489166,75.54615424227764
25,113.0,-0.3510479,-0.14555177,-0.23566139,260.87,-168.39,9.743463451688047,3.2005958867810014,260.87,-168.39,22.6632959886264,7.444586032652609,20.0,21.03241073575334,9.6,7.99231607958627,0.5,-1.0324107357533414,-10.256536548311953,-11.288947284065294
25,113.0,-0.34951526,-0.14404395,-0.2366938,263.08000000000004,-170.16000000000005,9.705900158389143,3.221004700832683,263.08000000000004,-170.16000000000005,22.57592376841315,7.49205693413682,20.0,21.210590011737608,9.6,8.06002420446029,0.5,-1.210590011737608,-10.294099841610857,-11.504689853348465
25,113.0,-0.35168642,-0.14302203,-0.23968467,265.57000000000005,-169.25,9.840343954274498,3.2439709277294755,265.57000000000005,-169.25,22.888640037642485,7.545476377898761,20.0,21.411344037620328,9.6,8.136310734295725,0.5,-1.411344037620328,-10.159656045725502,-11.57100008334583
25,114.0,-0.35680747,-0.16804664,-0.221689,117.13,-402.69,9.38111731581556,3.0692995300559907,,,21.820478876586996,7.139190706910235,25.0,9.443501627165976,12.0,,0.5,15.556498372834024,-15.61888268418444,-0.062384311350415445
25,114.0,-0.35624352,-0.16700159,-0.21849689,64.65999999999997,-606.88,9.549178079382624,3.092317339132324,,,22.211388212643985,7.192730130821786,25.0,5.2131547444083655,12.0,,0.5,19.786845255591636,-15.450821920617376,4.336023334974259
25,114.0,-0.3428902,-0.17776714,-0.20559531,59.07000000000005,-618.81,9.551039902444506,3.1114060273662973,,,22.21571881308592,7.237130419654008,20.0,4.762465987507,9.6,,0.5,15.237534012493,-10.448960097555494,4.788573914937506
25,115.0,-0.47425079,-0.14032322,-0.24612269,215.14,-181.38,7.569174358000198,2.9581879974345378,,,17.60589955670846,6.880745282032735,6.0,17.345470332694344,2.88,,0.5,-11.345470332694344,1.5691743580001978,-9.776295974694147
25,115.0,-0.47438022,-0.13793796,-0.23656237,-30.159999999999968,-150.94,7.687688209809473,2.977813385866201,,,17.881562776016835,6.926393935524783,7.0,-2.4316230604911264,3.36,,0.5,9.431623060491127,0.6876882098094734,10.1193112703006
25,115.0,-0.47275057,-0.13829891,-0.23351651,-10.690000000000056,-86.95000000000005,7.743140666050873,3.004987079429395,,,18.010545189234332,6.989599946752773,9.0,-0.8618717014804476,4.32,,0.5,9.861871701480448,-1.2568593339491274,8.60501236753132
25,115.0,-0.37352267,-0.29407257,-0.23083785,-99.11,-163.76,17.959167098347397,7.145066924746828,,,41.77302267075605,16.61942566696112,-14.0,-7.990655222986598,-6.72,,0.5,-6.009344777013402,31.959167098347397,25.949822321333997
25,115.0,-0.3740629,-0.28852594,-0.23034693,-95.41999999999996,-164.95999999999998,18.24159826625607,7.249208858584629,,,42.42995756731162,16.861659805067845,-11.0,-7.693152268967618,-5.279999999999999,,0.5,-3.3068477310323816,29.24159826625607,25.93475053522369
25,115.0,-0.37840128,-0.29017028,-0.23103157,-95.85000000000002,-166.42000000000002,18.51981248027393,7.380255058513112,,,43.07708382911717,17.166473266101498,-11.0,-7.727820634883115,-5.279999999999999,,0.5,-3.2721793651168847,29.51981248027393,26.247633115157047
25,116.0,-0.33740616,-0.36682004,-0.24250263,-299.0,-209.28,-11.30669471318396,3.726009092671751,-299.0,-209.28,-26.299371902865893,8.666697149554492,-16.0,-24.10660792728274,-7.68,-9.160511012367442,-0.5,8.106607927282742,4.69330528681604,12.799913214098781
25,116.0,-0.33780718,-0.36681268,-0.24362595,-308.64,-216.79,-11.451457338779578,3.759840946599891,-308.64,-216.79,-26.6360897700013,8.745390041791346,-16.0,-24.883824316643963,-7.68,-9.455853240324704,-0.5,8.883824316643963,4.548542661220422,13.432366977864385
25,116.0,-0.33768484,-0.36702317,-0.24500899,-312.96000000000004,-228.84,-11.59762991770196,3.7879532065715056,-312.96000000000004,-228.84,-26.97608718857476,8.810779158485323,-16.0,-25.232120457934474,-7.68,-9.5882057740151,-0.5,9.232120457934474,4.40237008229804,13.634490540232514
25,117.0,-0.35063145,-0.34799495,-0.22682658,-215.09000000000003,-249.36,-9.50288997101083,4.958466884814896,642.76,114.30999999999996,-22.10372207257119,11.533393974079448,-15.0,-17.341439127355336,-7.199999999999999,19.650062050542576,-0.5,2.3414391273553363,5.4971100289891695,7.838549156344506
25,117.0,-0.35266477,-0.34747791,-0.22848645,-222.16,-262.97,-9.663347112986228,4.988701131142928,642.76,114.30999999999996,-22.47694538480597,11.603718831038451,-15.0,-17.91145156229142,-7.199999999999999,19.650062050542576,-0.5,2.9114515622914183,5.336652887013772,8.24810444930519
25,117.0,-0.3530986,-0.34586862,-0.23187438,-911.5,-440.0,-9.657159384012155,5.022704991651282,642.76,114.30999999999996,-22.462552727212277,11.682811810580883,-15.0,-62.54415083474778,-7.199999999999999,19.650062050542576,-0.5,47.54415083474778,5.3428406159878445,52.88699145073563
25,118.0,-0.43060812,-0.10060951,-0.28337118,223.17,-221.89,12.140708299005963,3.604621264001434,586.53,-194.57,28.23928750348788,8.384349060067334,11.0,17.992881910139428,5.279999999999999,17.96961379292266,0.5,-6.9928819101394275,1.1407082990059632,-5.852173611133464
25,118.0,-0.43091872,-0.10022629,-0.28205532,586.53,-194.57,12.247459188116403,3.632551031788074,586.53,-194.57,28.48759007155876,8.44931369993906,11.0,47.28845734979648,5.279999999999999,17.96961379292266,0.5,-36.28845734979648,1.2474591881164034,-35.04099816168008
25,118.0,-0.42885268,-0.10147372,-0.28272295,605.9300000000001,-178.64999999999998,12.419586541604067,3.6608847145902734,605.9300000000001,-178.64999999999998,28.887958295771064,8.515217846136979,11.0,48.85256502133256,5.279999999999999,18.56397470810637,0.5,-37.85256502133256,1.4195865416040672,-36.43297847972849
25,118.0,-0.39588776,-0.29934716,-0.24598387,-108.23000000000002,-224.1,17.965149629553338,5.228337699032397,605.9300000000001,-178.64999999999998,41.78693803834106,12.161113487949356,-15.0,-8.725947076822111,-7.199999999999999,18.56397470810637,0.5,-6.274052923177889,32.96514962955334,26.691096706375447
25,118.0,-0.39070901,-0.297993,-0.2473374,-111.32000000000004,-208.11,18.215144679503585,5.30479914626277,605.9300000000001,-178.64999999999998,42.36842652452534,12.338962814207203,-15.0,-8.975075566772963,-7.199999999999999,18.56397470810637,0.5,-6.024924433227037,33.21514467950358,27.190220246276546
25,118.0,-0.39434648,-0.29840487,-0.2454752,-114.07000000000004,-199.33,18.42615750228857,5.38327244905356,605.9300000000001,-178.64999999999998,42.85924235032322,12.52149171649858,-15.0,-9.19679186041854,-7.199999999999999,18.56397470810637,0.5,-5.803208139581461,33.426157502288575,27.62294936270711
25,120.0,-0.43450063,-0.39103207,-0.48516357,647.14,-138.32,-73.95691132629567,42.23996330649916,647.14,-138.32,-172.02377574496373,98.25015465091704,-24.0,51.88725640053965,-11.52,19.717157432205067,-0.5,-75.88725640053966,-49.95691132629567,-125.84416772683531
25,120.0,-0.43371132,-0.39031541,-0.48367038,647.96,-144.19,-76.17455640453895,43.13862702121189,647.96,-144.19,-177.1820181969576,100.34044645133886,-24.0,51.92031228431953,-11.52,19.72971866804142,-0.5,-75.92031228431952,-52.17455640453895,-128.09486868885847
25,120.0,-0.42946756,-0.38525686,-0.47882551,346.13,-59.97000000000003,-78.50007088467258,44.0733888069174,346.13,-59.97000000000003,-182.59116487774844,102.51470236488989,-24.0,27.906422079834037,-11.52,10.604440390336933,-0.5,-51.90642207983404,-54.50007088467258,-106.40649296450661
