Participant,trigger_no,fzd_hands0_fingerTip_coordinates_x,fzd_hands0_fingerTip_coordinates_y,fzd_hands0_fingerTip_coordinates_z,eyegaze_new_coordinates_x,eyegaze_new_coordinates_y,angle_center,Buidling_half_width,eyegaze_new_coordinates_x_without_tablet_&_road_gazes,eyegaze_new_coordinates_y_without_tablet_&_road_gazes,angle_center_scaled,Buidling_half_width_scaled,horizontal_angle_finger_pointing_unscaled,eyegaze_horiz_angle_x,horizontal_angle_finger_pointing,eyegaze_horiz_angle_x_scaled_without_tablet,side,difference,D_p,D_g
15,98.0,-0.31579587,0.2471817,-0.56774253,185.49,229.58,9.064279237720148,3.4733873880889816,,,23.539933180359224,9.020387046867086,45.0,14.293535332360932,14.85,,0.5,30.706464667639068,-35.93572076227985,-5.229256094640784
15,98.0,-0.37384349,0.22216456,-0.57519031,15.950000000000044,92.0,9.126195572435822,3.494623163599664,,,23.70072990161583,9.075536355868326,45.0,1.229079133921815,14.85,,0.5,43.770920866078185,-35.87380442756418,7.897116438514008
15,98.0,-0.41137034,0.20447263,-0.58417881,49.14999999999998,146.82,9.168000806599997,3.516102327346604,,,23.809298094740196,9.13131774411913,44.0,3.787413130549029,14.52,,0.5,40.21258686945097,-34.8319991934,5.380587676050968
15,98.0,-0.23976353,-0.13060656,-0.20385066,114.92999999999996,234.61,18.052417230157676,7.071986745789766,,,46.882127546719474,18.36594957881602,20.0,8.85630500699898,6.6000000000000005,,0.5,11.14369499300102,-1.9475827698423238,9.196112223158696
15,98.0,-0.24095418,-0.12791525,-0.2052505,145.11,48.97999999999999,18.226579740153,7.194742466498758,,,47.33442758517733,18.68474618549727,20.0,11.181923079836622,6.6000000000000005,,0.5,8.818076920163378,-1.7734202598470006,7.044656660316377
15,98.0,-0.24159911,-0.1268779,-0.20704719,211.44000000000003,-50.34,18.37453136127384,7.251782237494517,,,47.718657945228166,18.832878470773263,20.0,16.29319699538733,6.6000000000000005,,0.5,3.70680300461267,-1.6254686387261614,2.0813343658865087
15,99.0,-0.19373842,-0.2369135,-0.20617326,21.129999999999995,-252.3,7.112924259559597,2.153461321357185,,,18.47226430207628,5.59253905156461,-15.0,1.6282408839979858,-4.95,,0.5,-16.628240883997986,22.1129242595596,5.484683375561612
15,99.0,-0.19275001,-0.22860311,-0.20570777,31.600000000000023,-265.38,7.180698943328344,2.163968633339824,,,18.648275155823708,5.619826540783522,-15.0,2.4350407919704877,-4.95,,0.5,-17.435040791970486,22.180698943328345,4.745658151357857
15,99.0,-0.19189371,-0.22289801,-0.20356968,45.809999999999945,-263.1,7.168435549973316,2.174579606960421,,,18.6164271232807,5.6473832392762136,-15.0,3.5300385658280957,-4.95,,0.5,-18.530038565828097,22.168435549973317,3.6383969841452206
15,100.0,-0.22411831,-0.16184731,-0.20601553,408.24,-100.25,13.29180485910284,3.750839637828194,408.24,-100.25,34.518817219090074,9.740930539439818,18.0,31.45826116816554,5.94,13.841634913992838,0.5,-13.458261168165539,-4.7081951408971605,-18.1664563090627
15,100.0,-0.22679789,-0.16043799,-0.20390016,468.22,-95.82,13.490016353694296,3.78368121365892,468.22,-95.82,35.03357247054409,9.826220111872216,18.0,36.08021517773484,5.94,15.875294678203328,0.5,-18.080215177734843,-4.509983646305704,-22.59019882404055
15,100.0,-0.22817259,-0.15763704,-0.20264037,485.13,-73.47,13.562091074312688,3.81396587623075,485.13,-73.47,35.22075051999005,9.904869380571256,18.0,37.38327023445069,5.94,16.4486389031583,0.5,-19.38327023445069,-4.437908925687312,-23.821179160138
15,103.0,-0.23973484,-0.20298107,-0.20009242,-27.889999999999983,109.69,10.511360496908214,4.009997881403595,,,27.298003210470632,10.413964498005136,11.0,-2.149154673672684,3.63,,0.5,13.149154673672683,-0.48863950309178605,12.660515170580897
15,103.0,-0.23954877,-0.20195527,-0.20270601,-1.490000000000009,136.07,10.595004528530753,4.040058550256122,,,27.515226760594366,10.49203205501515,11.0,-0.1148167968365837,3.63,,0.5,11.114816796836584,-0.4049954714692472,10.709821325367336
15,103.0,-0.24194299,-0.20043562,-0.20878237,24.559999999999945,158.13,10.660452648965878,4.077387516275975,,,27.685195529364385,10.588975379768703,9.0,1.8925506914808543,2.97,,0.5,7.107449308519145,1.6604526489658777,8.767901957485023
15,105.0,-0.20029332,-0.18774079,-0.20516153,392.29,-172.66,11.792587890075191,3.2732374275448937,392.29,-172.66,30.62535075052527,8.500597599334089,11.0,30.229182034243724,3.63,13.30084009506724,0.5,-19.229182034243724,0.7925878900751915,-18.43659414416853
15,105.0,-0.20008262,-0.18607421,-0.2001313,399.34,-184.28,11.939021432497311,3.2964403260110204,399.34,-184.28,31.005638660195523,8.56085552665062,9.0,30.772442717262464,2.97,13.539874795595484,0.5,-21.772442717262464,2.939021432497311,-18.83342128476515
15,105.0,-0.19921046,-0.18506883,-0.19805238,409.03,-195.12,12.100420904586716,3.322278159851209,409.03,-195.12,31.424793089211697,8.62795638113359,11.0,31.5191371879648,3.63,13.86842036270451,0.5,-20.5191371879648,1.1004209045867164,-19.418716283378085
15,106.0,-0.18371686,-0.17508723,-0.21430781,322.65,-59.75999999999999,13.235139030278086,3.577627798473493,322.65,-59.75999999999999,34.37165606163219,9.291099392635662,-15.0,24.8628453015594,-4.95,10.939651932686136,0.5,-39.8628453015594,28.235139030278084,-11.627706271281314
15,106.0,-0.19278975,-0.17064208,-0.20949702,335.76,-67.59,13.362344762316596,3.604768954814757,335.76,-67.59,34.7020093477362,9.361584975653924,11.0,25.87307899721551,3.63,11.384154758774825,0.5,-14.873078997215512,2.362344762316596,-12.510734234898916
15,106.0,-0.19495396,-0.16876842,-0.20712855,379.31,-116.68,13.558139876646392,3.632233486816065,379.31,-116.68,35.210489259650686,9.43291036526132,11.0,29.228965911465973,3.63,12.860745001045029,0.5,-18.228965911465973,2.5581398766463916,-15.670826034819582
15,107.0,-0.20268235,-0.16770017,-0.20552221,411.56,-128.89,12.84257379134648,4.252554844858069,411.56,-128.89,33.35216413612681,11.043884932096404,20.0,31.71409456782826,6.6000000000000005,13.954201609844434,0.5,-11.714094567828258,-7.15742620865352,-18.87152077648178
15,107.0,-0.20769274,-0.16320243,-0.2058267,436.26,-125.29,12.899027949234604,4.287863907725101,436.26,-125.29,33.49877558416227,11.135582568362086,20.0,33.61743341471659,6.6000000000000005,14.791670702475296,0.5,-13.617433414716587,-7.100972050765396,-20.718405465481982
15,107.0,-0.21458475,-0.15820509,-0.20571209,413.71,-140.38,12.982290087265328,4.323801153120581,413.71,-140.38,33.71500735662806,11.228911594654148,20.0,31.87976981158575,6.6000000000000005,14.02709871709773,0.5,-11.87976981158575,-7.017709912734672,-18.89747972432042
15,108.0,-0.19869785,-0.19824219,-0.21363914,296.37,-137.32,9.726070158512217,2.845949678222448,296.37,-137.32,25.258604201656222,7.390931314343694,-15.0,22.83775441507256,-4.95,10.048611942631926,0.5,-37.83775441507256,24.726070158512215,-13.111684256560343
15,108.0,-0.20203546,-0.19494627,-0.20817401,306.65,-131.82999999999998,9.711247489890876,2.864053501434193,306.65,-131.82999999999998,25.220109731246605,7.437946943224599,-15.0,23.629913254992065,-4.95,10.397161832196508,0.5,-38.62991325499206,24.711247489890876,-13.918665765101188
15,108.0,-0.20223384,-0.18975179,-0.20554243,329.11,-121.08,9.783446706717662,2.8823694524499865,329.11,-121.08,25.407611097345768,7.485513468012616,-14.0,25.36064161536097,-4.62,11.158682310758826,0.5,-39.36064161536097,23.783446706717662,-15.577194908643307
15,109.0,-0.19048145,-0.17363511,-0.18989642,-49.91999999999996,-46.77000000000001,13.724796674488838,4.145053505666239,,,35.64329696364751,10.76470395421522,18.0,-3.84674798529008,5.94,,0.5,21.84674798529008,-4.275203325511162,17.57154465977892
15,109.0,-0.19293903,-0.16857468,-0.1901986,-49.360000000000014,-48.35,13.70577503151091,4.181278511550215,,,35.59389775683383,10.85878029449591,18.0,-3.803595363660228,5.94,,0.5,21.80359536366023,-4.29422496848909,17.50937039517114
15,109.0,-0.19249506,-0.16649273,-0.18874361,56.97000000000003,125.82,13.888605795246752,4.214304805595991,,,36.06870925025581,10.944549580132788,18.0,4.390008668308817,5.94,,0.5,13.609991331691184,-4.111394204753248,9.498597126937934
15,110.0,-0.21415532,-0.16779602,-0.22481886,324.02,-137.06,10.995649385360023,3.489492645415637,324.02,-137.06,28.555701453779985,9.06221240014441,18.0,24.96841510804673,5.94,10.986102647540562,0.5,-6.968415108046731,-7.004350614639977,-13.972765722686708
15,110.0,-0.20729889,-0.17053892,-0.21203578,339.04999999999995,-141.39,11.12236417550974,3.516109737398308,339.04999999999995,-141.39,28.8847797637988,9.131336988023406,18.0,26.12660064929092,5.94,11.495704285688005,0.5,-8.126600649290921,-6.877635824490261,-15.004236473781182
15,110.0,-0.20111403,-0.17107257,-0.20802164,282.24,-145.15,11.186377052830975,3.5403574025158755,282.24,-145.15,29.051021206202044,9.194308174333727,20.0,21.748921301447783,6.6000000000000005,9.569525372637024,0.5,-1.7489213014477833,-8.813622947169025,-10.562544248616808
15,111.0,-0.15324152,-0.29906011,-0.2238179,-321.14,-168.69,-11.69672511184736,3.884116822508539,-321.14,-168.69,-30.376395115467595,10.087051388054675,-42.0,-24.74648733966461,-13.86,-10.888454429452429,-0.5,-17.25351266033539,30.30327488815264,13.04976222781725
15,111.0,-0.14659861,-0.29480866,-0.22265393,-310.54,-161.34,-11.867202219624316,3.9110652379706874,-310.54,-161.34,-30.819124164364347,10.157036423009872,-42.0,-23.92966985881375,-13.86,-10.52905473787805,-0.5,-18.07033014118625,30.132797780375682,12.062467639189434
15,111.0,-0.14654492,-0.29346505,-0.22122248,-299.95,-157.44,-11.742258494798998,3.941433805729031,-299.95,-157.44,-30.494645310993,10.235903593478294,-45.0,-23.113622960492,-14.85,-10.169994102616482,-0.5,-21.886377039508,33.257741505201004,11.371364465693
15,112.0,-0.16543742,-0.19536152,-0.2115258,338.79999999999995,-120.53,9.586610660812353,3.074723630666913,338.79999999999995,-120.53,24.89642788612968,7.985057268841974,18.0,26.107336086063302,5.94,11.487227877867854,0.5,-8.107336086063302,-8.413389339187647,-16.52072542525095
15,112.0,-0.16245823,-0.19860658,-0.20400648,334.1,-104.65,9.662003063852094,3.0956616603566203,334.1,-104.65,25.092221956823888,8.039433331946142,13.0,25.74516229738416,4.29,11.32787141084903,0.5,-12.745162297384159,-3.3379969361479063,-16.083159233532065
15,112.0,-0.16369028,-0.19966362,-0.20390198,317.52,-189.33,9.859383619862678,3.1125972362115517,317.52,-189.33,25.604819260783373,8.083415022441399,13.0,24.467536464128752,4.29,10.765716044216653,0.5,-11.467536464128752,-3.140616380137322,-14.608152844266074
15,113.0,-0.17574473,-0.18708101,-0.22505358,313.99,-188.83,9.445306611571874,3.1298210044229693,313.99,-188.83,24.52946127025216,8.128145148486452,9.0,24.19552083135484,2.97,10.64602916579613,0.5,-15.195520831354841,0.44530661157187446,-14.750214219782967
15,113.0,-0.16312282,-0.18983679,-0.21709827,316.86,-192.9,9.520534361513478,3.151559427800331,316.86,-192.9,24.724827736850504,8.18459983399746,9.0,24.41667801720785,2.97,10.743338327571456,0.5,-15.41667801720785,0.5205343615134783,-14.896143655694372
15,113.0,-0.16019779,-0.18948169,-0.21202455,321.62,-196.87,9.63606961999032,3.169165731721622,321.62,-196.87,25.024872803114864,8.230323405281052,13.0,24.78347530106163,4.29,10.904729132467118,0.5,-11.783475301061632,-3.3639303800096805,-15.147405681071312
15,114.0,-0.16866907,-0.18637611,-0.22848539,352.15,-115.67,10.689543222132556,3.3934041580115712,352.15,-115.67,27.760743747878248,8.812670598356052,11.0,27.136063762417923,3.63,11.939868055463888,0.5,-16.136063762417923,-0.31045677786744363,-16.446520540285366
15,114.0,-0.17029426,-0.18520488,-0.22440712,355.29,-130.98,10.668649193615453,3.4237979734103297,355.29,-130.98,27.706481955819328,8.891603336946627,9.0,27.378026676556765,2.97,12.046331737684977,0.5,-18.378026676556765,1.6686491936154528,-16.709377482941314
15,114.0,-0.16954391,-0.18397586,-0.22131936,360.87,-133.85,10.766153676016538,3.4468993297137764,360.87,-133.85,27.95970109661495,8.951597559266677,11.0,27.808011727797123,3.63,12.235525160230734,0.5,-16.808011727797123,-0.23384632398346206,-17.041858051780586
15,115.0,-0.16140583,-0.20001334,-0.20510715,292.54,-66.88,8.454007364173002,3.310497041182182,292.54,-66.88,21.955057124757285,8.597360815950125,13.0,22.5426213064255,4.29,9.91875337482722,0.5,-9.542621306425499,-4.545992635826998,-14.088613942252497
15,115.0,-0.16432169,-0.19904864,-0.20640621,329.46000000000004,-110.19,8.55800404541403,3.330502334861191,329.46000000000004,-110.19,22.225136505940235,8.649314563634514,13.0,25.387612003879628,4.29,11.170549281707036,0.5,-12.387612003879628,-4.44199595458597,-16.829607958465598
15,115.0,-0.1658195,-0.19882603,-0.20708004,334.48,-116.12,8.588044999649242,3.357541475583314,334.48,-116.12,22.30315286408908,8.719535212089866,13.0,25.774444433490128,4.29,11.340755550735656,0.5,-12.774444433490128,-4.411955000350758,-17.186399433840887
15,116.0,-0.10870113,-0.25821307,-0.23945601,-290.57,-223.13,-12.42437809335433,4.049510318622322,-290.57,-223.13,-32.266109908441194,10.51657829746217,-45.0,-22.3908165481919,-14.85,-9.851959281204437,-0.5,-22.6091834518081,32.57562190664567,9.96643845483757
15,116.0,-0.1068459,-0.2674644,-0.23449494,-290.48,-222.06,-12.470822037391851,4.085546191931119,-290.48,-222.06,-32.38672483110664,10.610163460445117,-45.0,-22.38388130542996,-14.85,-9.848907774389184,-0.5,-22.61611869457004,32.529177962608145,9.913059268038108
15,116.0,-0.10998858,-0.26387757,-0.2333267,-297.47,-223.63,-12.624978565505618,4.125897291841064,-297.47,-223.63,-32.78706933461809,10.714955266911243,-45.0,-22.922518493274065,-14.85,-10.085908137040589,-0.5,-22.077481506725935,32.375021434494386,10.297539927768447
15,117.0,-0.14328238,-0.26990473,-0.22831252,-185.74,-135.95,-10.562830725680673,5.439827362187307,,,-27.43167139459271,14.127231659600438,-45.0,-14.312799895588547,-14.85,,-0.5,-30.687200104411453,34.43716927431933,3.7499691699078745
15,117.0,-0.14267674,-0.27986577,-0.22468252,-190.67,-139.57,-10.613075407424333,5.479915634450306,,,-27.56215683308099,14.231340902667446,-45.0,-14.692697082437103,-14.85,,-0.5,-30.307302917562897,34.38692459257567,4.0796216750127705
15,117.0,-0.14501855,-0.2770972,-0.22570497,-195.66000000000005,-128.49,-10.668396578646446,5.512403421426509,,,-27.70582591474482,14.315711685444642,-45.0,-15.077217764460292,-14.85,,-0.5,-29.922782235539707,34.331603421353556,4.408821185813846
15,118.0,-0.16665284,-0.18181968,-0.22311859,321.67999999999995,-118.62,10.75476613864166,3.2575251242081644,321.67999999999995,-118.62,27.930127662052392,8.459792747568605,18.0,24.78809879623626,5.94,10.906763470343954,0.5,-6.788098796236259,-7.24523386135834,-14.033332657594599
15,118.0,-0.16776866,-0.1795506,-0.21207069,322.02,-121.51,10.845604643995514,3.280740987857505,322.02,-121.51,28.16603526045635,8.52008434546594,18.0,24.81429860222581,5.94,10.91829138497936,0.5,-6.814298602225811,-7.1543953560044855,-13.968693958230297
15,118.0,-0.1683186,-0.17859548,-0.20877685,308.12,-122.08,11.019676330776942,3.3042649120218424,308.12,-122.08,28.61809943102772,8.581175976520726,18.0,23.743188886770444,5.94,10.447003110178995,0.5,-5.743188886770444,-6.980323669223058,-12.723512555993501
15,119.0,-0.15338272,-0.15834573,-0.20575902,27.730000000000015,-55.94999999999999,13.1138752867015,4.7137881413485605,,,34.05673411956379,12.24170780308221,18.0,2.136825353207013,5.94,,0.5,15.863174646792988,-4.8861247132985,10.977049933494488
15,119.0,-0.15997055,-0.15272148,-0.19984095,22.779999999999973,-56.360000000000014,13.169331578251883,4.771966402916416,,,34.20075410872015,12.392796748373932,18.0,1.7553870013002404,5.94,,0.5,16.24461299869976,-4.830668421748117,11.413944576951643
15,119.0,-0.1626966,-0.15041204,-0.19963999,17.889999999999986,-56.30000000000001,13.349852408077757,4.820589910741235,,,34.66956670377793,12.519071998194985,20.0,1.3785721445680998,6.6000000000000005,,0.5,18.6214278554319,-6.650147591922243,11.971280263509657
15,120.0,-0.14344874,-0.26843342,-0.22933783,-621.25,-270.0,-24.684570064470023,8.300745230285237,-621.25,-270.0,-64.10582845742864,21.557035363050765,-45.0,-47.87243962062229,-14.85,-21.063873433073805,-0.5,2.8724396206222877,20.315429935529977,23.187869556152265
15,120.0,-0.14128953,-0.28162441,-0.21942171,149.80999999999997,91.11,-25.143843562131245,8.445153256962664,-621.25,-270.0,-65.29856173085484,21.932063008332037,-45.0,11.54409686851577,-14.85,-21.063873433073805,-0.5,-56.544096868515766,19.856156437868755,-36.68794043064702
15,120.0,-0.15203854,-0.27210951,-0.22456981,207.03,76.27999999999997,-25.44497245455039,8.56622263452159,-621.25,-270.0,-66.08059346446736,22.24648018185257,-45.0,15.9533701000522,-14.85,-21.063873433073805,-0.5,-60.9533701000522,19.55502754544961,-41.39834255460259
15,1.0,-0.36855903,-0.42482388,-0.50522542,68.39999999999998,-63.74000000000001,-8.119163422216388,0.9316847032994248,-695.5,-315.0,-21.08546740749596,2.4195851744686063,-24.0,5.270784499075353,-7.92,-22.640485287621782,-0.5,-29.270784499075354,15.880836577783612,-13.389947921291743
15,1.0,-0.3662965,-0.42320526,-0.50413066,63.84000000000003,-66.65,-8.1392848800985,0.9344260067720712,-695.5,-315.0,-21.137722833615808,2.4267043395870687,-24.0,4.919398865803667,-7.92,-22.640485287621782,-0.5,-28.919398865803668,15.8607151199015,-13.058683745902169
15,1.0,-0.36711428,-0.42627564,-0.5064103,-695.5,-315.0,-8.160330557041448,0.9371813229363396,-695.5,-315.0,-21.19237845663664,2.433859895665675,-24.0,-51.4556483809586,-7.92,-22.640485287621782,-0.5,27.4556483809586,15.839669442958552,43.29531782391715
15,1.0,-0.36630431,-0.42328393,-0.50440919,48.120000000000005,-23.54000000000002,-8.647959757461583,1.1121849757083444,-695.5,-315.0,-22.45875149012773,2.8883443819145693,-24.0,3.708043130051258,-7.92,-22.640485287621782,-0.5,-27.70804313005126,15.352040242538417,-12.356002887512842
15,1.0,-0.36749226,-0.4253391,-0.50658268,29.309999999999945,-166.34,-8.673769681534816,1.1160044037547965,-695.5,-315.0,-22.52577986294592,2.898263436551208,-24.0,2.2585773928055315,-7.92,-22.640485287621782,-0.5,-26.25857739280553,15.326230318465184,-10.932347074340347
15,1.0,-0.36762452,-0.42554429,-0.50543433,52.26999999999998,-50.56999999999999,-8.630868674230515,1.1198492522564152,-695.5,-315.0,-22.414365946976645,2.90824850810991,-24.0,4.027834879629659,-7.92,-22.640485287621782,-0.5,-28.02783487962966,15.369131325769485,-12.658703553860175
15,1.0,-0.36783206,-0.42591426,-0.50776798,20.99000000000001,-23.53,-11.120639726949465,1.4718497159156394,-695.5,-315.0,-28.880301370887757,3.822393712232916,-24.0,1.6174527285905227,-7.92,-22.640485287621782,-0.5,-25.61745272859052,12.879360273050535,-12.738092455539988
15,1.0,-0.36874488,-0.42642206,-0.51010907,-134.63,-43.91,-11.163016105859503,1.478399328603742,-695.5,-315.0,-28.990352826917132,3.839403056383919,-24.0,-10.374352589335016,-7.92,-22.640485287621782,-0.5,-13.625647410664984,12.836983894140497,-0.7886635165244869
15,1.0,-0.36722812,-0.42470253,-0.50734025,-139.44,-48.53999999999999,-11.205556231620562,1.4849979915175897,-695.5,-315.0,-29.1008295335186,3.856539783971181,-24.0,-10.74500278583432,-7.92,-22.640485287621782,-0.5,-13.25499721416568,12.794443768379438,-0.4605534457862426
15,1.0,-0.13553876,-0.2704666,-0.22868928,-406.02,-94.32,-13.760312674735868,1.9622737760486109,-406.02,-94.32,-35.73553201628905,5.096024996398242,-45.0,-31.28719184670432,-14.85,-13.7663644125499,-0.5,-13.71280815329568,31.239687325264132,17.526879171968453
15,1.0,-0.13522083,-0.2883178,-0.21970694,-666.5,-238.5,-13.826211297760612,1.9734946641011064,-666.5,-238.5,-35.90667074028431,5.125165642670572,-45.0,-50.33830371375695,-14.85,-22.148853634053054,-0.5,5.33830371375695,31.17378870223939,36.512092415996335
15,1.0,-0.14042525,-0.29410198,-0.216708,1.5,-96.65,-13.893609633476746,1.9848424596162089,-666.5,-238.5,-36.08170421813911,5.154635867623295,-45.0,0.1155873793656876,-14.85,-22.148853634053054,-0.5,-45.115587379365685,31.106390366523254,-14.009197012842433
15,1.0,-0.37856787,-0.42515716,-0.523202,70.14999999999998,-28.289999999999992,-15.033256643930068,2.13121161753109,-666.5,-238.5,-39.041367504286384,5.534756570728241,-24.0,5.405636441668656,-7.92,-22.148853634053054,-0.5,-29.405636441668655,8.966743356069932,-20.438893085598725
15,1.0,-0.37487435,-0.42901793,-0.52242887,70.49000000000001,-27.80000000000001,-15.318011909608115,2.1443445937978822,-666.5,-238.5,-39.78087692925228,5.568862910093099,-24.0,5.431836247658214,-7.92,-22.148853634053054,-0.5,-29.431836247658214,8.681988090391885,-20.749848157266328
15,1.0,-0.37487435,-0.42901793,-0.52242887,38.65999999999997,-29.19,-15.604964763501812,2.157640769694382,-666.5,-238.5,-40.526093490814205,5.60339307889631,-24.0,2.9790720575183194,-7.92,-22.148853634053054,-0.5,-26.97907205751832,8.395035236498188,-18.58403682102013
15,2.0,-0.16779388,-0.17232741,-0.22011438,358.63,-71.22999999999999,10.066115307046516,1.5360750094739517,358.63,-71.22999999999999,26.1417014523998,3.989186799603852,13.0,27.635401241277695,4.29,12.159576546162189,0.5,-14.635401241277695,-2.933884692953484,-17.56928593423118
15,2.0,-0.16840854,-0.17661662,-0.21835682,320.55999999999995,-74.33000000000001,10.104800990600095,1.5426180015205615,320.55999999999995,-74.33000000000001,26.242168172588453,4.006178949948898,13.0,24.701793552976543,4.29,10.868789163309678,0.5,-11.701793552976543,-2.8951990093999047,-14.596992562376448
15,2.0,-0.16691804,-0.17820077,-0.2145417,316.46000000000004,-80.28,10.212669430122766,1.549218830915895,316.46000000000004,-80.28,26.522302510028823,4.023321303888578,13.0,24.38585471604367,4.29,10.729776075059217,0.5,-11.38585471604367,-2.787330569877234,-14.173185285920905
15,3.0,-0.15457737,-0.26981419,-0.2380688,-385.92,-146.96,-16.39853338220751,3.2710035925010885,-385.92,-146.96,-42.5869911935929,8.494796329725325,-45.0,-29.738320963204107,-14.85,-13.084861223809806,-0.5,-15.261679036795893,28.60146661779249,13.339787580996596
15,3.0,-0.15090731,-0.28566465,-0.22574891,-402.65,-160.36,-16.48869783349591,3.293393517347935,-402.65,-160.36,-42.82114827358888,8.552942964552585,-45.0,-31.02750553439608,-14.85,-13.652102435134276,-0.5,-13.97249446560392,28.51130216650409,14.538807700900172
15,3.0,-0.1498182,-0.29305667,-0.22235014,-400.03,-159.11,-16.57964453646602,3.3160552630767386,-400.03,-159.11,-43.05733686120225,8.611795518210293,-45.0,-30.825612911770676,-14.85,-13.563269681179095,-0.5,-14.174387088229324,28.42035546353398,14.245968375304656
15,4.0,-0.1659241,-0.16851008,-0.20986599,464.8699999999999,-139.01,13.985711856345604,2.19496686053344,464.8699999999999,-139.01,36.32089369092953,5.700328936805343,18.0,35.82207003048479,5.94,15.761710813413307,0.5,-17.822070030484788,-4.014288143654396,-21.836358174139185
15,4.0,-0.16981684,-0.16584328,-0.20615052,476.19000000000005,-152.45999999999998,14.05819115722702,2.207834079817662,476.19000000000005,-152.45999999999998,36.50912243531857,5.73374510528647,20.0,36.69436945343119,6.6000000000000005,16.145522559509725,0.5,-16.694369453431193,-5.94180884277298,-22.63617829620417
15,4.0,-0.16549128,-0.16991013,-0.20651472,12.860000000000014,-83.1,14.131833081841608,2.2208430718440626,476.19000000000005,-152.45999999999998,36.70037051354265,5.76752945757903,20.0,0.9909691324284962,6.6000000000000005,16.145522559509725,0.5,19.009030867571504,-5.868166918158392,13.140863949413111
15,6.0,-0.19325337,-0.17599674,-0.21339628,447.78,-106.11,12.48901025566104,1.9671196309422545,447.78,-106.11,32.43395963395172,5.108609681557034,20.0,34.50514448824506,6.6000000000000005,15.182263574827823,0.5,-14.505144488245058,-7.510989744338961,-22.01613423258402
15,6.0,-0.19513066,-0.17473191,-0.20452888,445.05,-117.0,12.548830665764914,1.9775934495132672,445.05,-117.0,32.58931323899148,5.135810188385953,20.0,34.29477545779951,6.6000000000000005,15.089701201431785,0.5,-14.29477545779951,-7.451169334235086,-21.745944792034596
15,6.0,-0.19116521,-0.17286746,-0.20268174,16.600000000000023,-54.43000000000001,12.53907120313933,1.988164715266274,445.05,-117.0,32.56396791455284,5.163263765546512,20.0,1.2791669983136114,6.6000000000000005,15.089701201431785,0.5,18.720833001686387,-7.460928796860671,11.259904204825718
15,7.0,-0.18002912,-0.17574608,-0.22554763,483.6600000000001,-75.12,13.801079516375138,1.7202406569340685,483.6600000000001,-75.12,35.84140350402623,4.467464986057777,18.0,37.26999460267232,5.94,16.39879762517582,0.5,-19.26999460267232,-4.198920483624862,-23.46891508629718
15,7.0,-0.17478828,-0.18094352,-0.20929171,475.69000000000005,-77.61,13.87067238806206,1.731044319157136,475.69000000000005,-77.61,36.022136191797166,4.495522096851083,13.0,36.65584032697597,4.29,16.128569743869427,0.5,-23.65584032697597,0.8706723880620597,-22.785167938913908
15,7.0,-0.1717989,-0.17912784,-0.20233826,424.44000000000005,-84.71000000000001,13.941039565568737,1.7419731412456558,424.44000000000005,-84.71000000000001,36.20487975178201,4.5239042478149685,13.0,32.70660486531497,4.29,14.390906140738588,0.5,-19.706604865314972,0.9410395655687367,-18.765565299746235
15,9.0,-0.18462211,-0.15755051,-0.23721434,611.31,-137.37,17.107523687452144,2.789709998950725,611.31,-137.37,44.42823901631321,7.244876867275035,20.0,47.10648058669232,6.6000000000000005,20.726851458144623,0.5,-27.10648058669232,-2.8924763125478563,-29.998956899240177
15,9.0,-0.17866796,-0.15890306,-0.2156872,619.8800000000001,-146.12,17.28656387761772,2.8097848606171585,619.8800000000001,-146.12,44.89320639017322,7.2970112830227585,20.0,47.76686981413496,6.6000000000000005,21.017422718219382,0.5,-27.766869814134957,-2.71343612238228,-30.480305936517237
15,9.0,-0.17510599,-0.15628374,-0.20657538,265.12,-264.11,17.327971504843347,2.8301091696507736,265.12,-264.11,45.000741998078176,7.349793513583059,20.0,20.429684011620733,6.6000000000000005,8.989060965113122,0.5,-0.4296840116207328,-2.6720284951566526,-3.1017125067773854
15,11.0,-0.152917,-0.11952671,-0.21221958,53.17999999999995,-11.740000000000007,27.884953891452767,4.656124254693424,,,72.41722525610284,12.091954689438822,45.0,4.097957889778174,14.85,,0.5,40.90204211022183,-17.115046108547233,23.786996001674595
15,11.0,-0.15006281,-0.11923283,-0.21246198,59.16999999999996,-21.22999999999999,28.08665810432433,4.704284054924045,,,72.94105109693028,12.217025690637747,45.0,4.559536824711821,14.85,,0.5,40.44046317528818,-16.91334189567567,23.52712127961251
15,11.0,-0.14887321,-0.12668253,-0.21370126,132.03999999999996,-33.71000000000001,28.362097859727555,4.7532092081728194,,,73.65636814171246,12.344084313624816,-45.0,10.174771714296924,-14.85,,0.5,-55.174771714296924,73.36209785972756,18.18732614543063
15,12.0,-0.21249607,-0.14542462,-0.21265431,527.79,-149.07,15.64332880058879,2.324386802167197,527.79,-149.07,40.62572489512909,6.036432525228211,32.0,40.67057530361084,10.56,17.89505313358877,0.5,-8.670575303610839,-16.35667119941121,-25.02724650302205
15,12.0,-0.21385543,-0.14260882,-0.20340341,348.11,-148.12,15.728626372752784,2.3387602019926987,348.11,-148.12,40.84724269003898,6.073760244575038,32.0,26.82474842065968,10.56,11.802889305090256,0.5,5.175251579340319,-16.271373627247215,-11.096122047906897
15,12.0,-0.21437909,-0.14650831,-0.20087664,-677.25,-217.25,15.81417462155008,2.3532982143591994,-677.25,-217.25,41.06941149216556,6.111515462690843,32.0,-50.75249182315067,10.56,-22.331096402186294,0.5,82.75249182315068,-16.18582537844992,66.56666644470076
15,14.0,-0.18838023,-0.17268598,-0.24132045,359.0899999999999,-46.400000000000006,11.75335119293612,1.8361187687122724,359.0899999999999,-46.400000000000006,30.5234530480551,4.76840044234577,-15.0,27.6708480376165,-4.95,12.17517313655126,0.5,-42.6708480376165,26.753351192936123,-15.91749684468038
15,14.0,-0.17516986,-0.17992531,-0.21225046,389.74,-85.55000000000001,11.815016015588224,1.8454572140760452,389.74,-85.55000000000001,30.68359659248262,4.792652384955492,13.0,30.032683489322057,4.29,13.214380735301706,0.5,-17.032683489322057,-1.184983984411776,-18.217667473733833
15,14.0,-0.17506565,-0.18257354,-0.20276307,401.5,-101.92,11.907330229820746,1.8529950220579623,401.5,-101.92,30.92333660684448,4.81222807228453,13.0,30.93888854354905,4.29,13.613110959161585,0.5,-17.93888854354905,-1.0926697701792545,-19.031558313728304
15,16.0,-0.1978057,-0.16640635,-0.24972847,519.1300000000001,-18.0,17.376082330289456,2.96249239478359,519.1300000000001,-18.0,45.12568581176172,7.693592749252982,-15.0,40.00325083340629,-4.95,17.601430366698764,0.5,-55.00325083340629,32.37608233028946,-22.627168503116835
15,16.0,-0.19018757,-0.16388357,-0.21860231,-2.289999999999964,-10.900000000000006,17.48276507728143,2.983030054507302,519.1300000000001,-18.0,45.40274090569988,7.746929051555462,13.0,-0.1764633991649469,4.29,17.601430366698764,0.5,13.176463399164946,4.482765077281432,17.65922847644638
15,16.0,-0.18835172,-0.15951115,-0.20711873,1.57000000000005,-29.90000000000001,17.615072721207277,3.0084772323404216,519.1300000000001,-18.0,45.746343856975294,7.813015372388076,13.0,0.1209814570694235,4.29,17.601430366698764,0.5,12.879018542930577,4.615072721207277,17.494091264137854
15,17.0,-0.20884912,-0.17513253,-0.19185941,353.3800000000001,-54.44,11.274430660796858,1.4125776184996104,353.3800000000001,-54.44,29.27969642608944,3.668464075243488,20.0,27.2308454134978,6.6000000000000005,11.981571981939032,0.5,-7.2308454134978,-8.725569339203142,-15.956414752700942
15,17.0,-0.20883527,-0.17211056,-0.1928705,349.8800000000001,-59.21000000000001,11.243252388659691,1.4209974653306814,349.8800000000001,-59.21000000000001,29.198726453349224,3.6903304174637785,32.0,26.961141528311195,10.56,11.862902272456926,0.5,5.038858471688805,-20.75674761134031,-15.717889139651504
15,17.0,-0.2133151,-0.16929936,-0.19632687,352.9100000000001,-63.84,11.29846801789955,1.429512826694978,352.9100000000001,-63.84,29.34212144248513,3.71244481092686,32.0,27.194628034629883,10.56,11.965636335237148,0.5,4.805371965370117,-20.701531982100448,-15.896160016730333
15,19.0,-0.18786514,-0.15712853,-0.23361872,33.47000000000003,-40.91999999999999,15.067128566341742,3.032163815240601,488.1500000000001,-32.06999999999999,39.12933288678951,7.874529428179839,20.0,2.5791397249130448,6.6000000000000005,16.551033909625723,0.5,17.420860275086955,-4.932871433658258,12.487988841428697
15,19.0,-0.18778874,-0.14816961,-0.20974205,42.72000000000003,-38.58000000000001,15.097609913353388,3.0524926761193347,488.1500000000001,-32.06999999999999,39.20849294497875,7.927323479881913,20.0,3.291928564334785,6.6000000000000005,16.551033909625723,0.5,16.708071435665214,-4.902390086646612,11.805681349018602
15,19.0,-0.1899928,-0.14690143,-0.2030506,488.1500000000001,-32.06999999999999,15.185982126370536,3.0730871613275648,488.1500000000001,-32.06999999999999,39.437995582184286,7.980807357967684,20.0,37.61598615824028,6.6000000000000005,16.551033909625723,0.5,-17.615986158240283,-4.814017873629464,-22.430004031869746
15,20.0,-0.1567371,-0.26983112,-0.25791579,13.850000000000025,-67.81,-15.116449903636164,2.227611917337171,,,-39.25742039974312,5.785108149324636,-45.0,1.0672568028098506,-14.85,,-0.5,-46.06725680280985,29.883550096363834,-16.183706706446014
15,20.0,-0.14061818,-0.29349276,-0.23043165,14.370000000000005,-76.25999999999999,-15.253102592700236,2.240737338063999,,,-39.61230743324251,5.819194866952206,-45.0,1.1073270943232876,-14.85,,-0.5,-46.10732709432329,29.746897407299763,-16.360429687023522
15,20.0,-0.13555387,-0.30656317,-0.22060211,17.110000000000014,-88.35,-15.333261353516365,2.254012618904672,,,-39.820479735082,5.853670771295434,-45.0,1.3184667072979444,-14.85,,-0.5,-46.318466707297944,29.666738646483637,-16.65172806081431
15,21.0,-0.15201633,-0.28584766,-0.24590449,11.490000000000007,-78.97999999999999,-16.780920743632926,2.5257523908141764,,,-43.58005117121471,6.559378958944414,-45.0,0.8853993259411678,-14.85,,-0.5,-45.885399325941165,28.219079256367074,-17.666320069574095
15,21.0,-0.13944274,-0.3005538,-0.23094939,8.549999999999955,-85.33000000000001,-16.809695883008615,2.542295463927202,,,-43.65478020817337,6.602341319818944,-45.0,0.6588480623844158,-14.85,,-0.5,-45.658848062384415,28.190304116991385,-17.46854394539303
15,21.0,-0.13959318,-0.30940843,-0.22718753,8.039999999999964,-79.09,-16.994068766540284,2.559039021011043,,,-44.13359658670512,6.645824337565678,-45.0,0.6195483534000827,-14.85,,-0.5,-45.619548353400084,28.005931233459716,-17.61361711994037
15,22.0,-0.18260841,-0.15396796,-0.21754749,598.8699999999999,-138.51999999999998,18.58199680033284,3.07633709820417,598.8699999999999,-138.51999999999998,48.25744569046439,7.989247444036231,38.0,46.14787592048621,12.54,20.30506540501393,0.5,-8.147875920486207,-19.41800319966716,-27.56587912015337
15,22.0,-0.18734784,-0.14332195,-0.2036875,611.23,-148.26,18.749450218978414,3.103264303704602,611.23,-148.26,48.69232221868694,8.059177396720852,32.0,47.10031592645949,10.56,20.724139007642176,0.5,-15.100315926459487,-13.250549781021586,-28.350865707481073
15,22.0,-0.18791889,-0.13649476,-0.19823907,-653.25,-226.75,18.928930855471656,3.128099283254524,-653.25,-226.75,49.15843343165989,8.123673838612,32.0,-49.82779278822517,10.56,-21.924228826819075,0.5,81.82779278822517,-13.071069144528344,68.75672364369683
15,23.0,-0.2121077,-0.19501339,-0.32199481,-503.95,-170.04000000000002,-17.006233915248526,2.600275532614469,-503.95,-170.04000000000002,-44.16518947790042,6.752915558199778,-15.0,-38.83350655422552,-4.95,-17.086742883859227,-0.5,23.833506554225522,-2.006233915248526,21.827272638976996
15,23.0,-0.15616319,-0.23167402,-0.26193398,-527.81,-195.46,-17.061842256110985,2.6176882117669606,-527.81,-195.46,-44.30960433912023,6.7981362859587975,-45.0,-40.672116468669046,-14.85,-17.895731246214382,-0.5,-4.327883531330954,27.938157743889015,23.61027421255806
15,23.0,-0.14470559,-0.2435583,-0.25342831,-605.25,-251.5,-17.153073695798735,2.6335331650771687,-605.25,-251.5,-44.54653238798932,6.839285629705408,-45.0,-46.63950757405495,-14.85,-20.52138333258418,-0.5,1.639507574054953,27.846926304201265,29.486433878256218
15,26.0,-0.18078446,-0.1678419,-0.23616688,529.6700000000001,-106.21,15.46249632973392,2.655856608592371,529.6700000000001,-106.21,40.15610296831899,6.8972596125143895,18.0,40.81544481908251,5.94,17.958795720396303,0.5,-22.815444819082508,-2.53750367026608,-25.352948489348588
15,26.0,-0.17323478,-0.1657716,-0.21862225,337.04999999999995,-59.94,15.569242262656864,2.670960347111161,337.04999999999995,-59.94,40.43332215611987,6.936484021447686,20.0,25.972484143470005,6.6000000000000005,11.427893023126805,0.5,-5.972484143470005,-4.430757737343136,-10.403241880813141
15,26.0,-0.17322965,-0.16285187,-0.21545252,344.23,-62.06,15.590090094220608,2.686224096351574,344.23,-62.06,40.48746397469092,6.976123978225036,20.0,26.5257623993671,6.6000000000000005,11.671335455721524,0.5,-6.5257623993671,-4.409909905779392,-10.935672305146491
15,27.0,-0.16600892,-0.16294609,-0.24456683,514.6800000000001,-65.06,17.165372719118754,2.918915147388831,514.6800000000001,-65.06,44.57847295155141,7.580422637768795,20.0,39.66034160795474,6.6000000000000005,17.450550307500087,0.5,-19.66034160795474,-2.8346272808812465,-22.494968888835988
15,27.0,-0.16436206,-0.15224385,-0.21995375,521.3399999999999,-64.16999999999999,17.1955106963221,2.938714085887252,521.3399999999999,-64.16999999999999,44.65674127834849,7.631840481049192,20.0,40.17354957233838,6.6000000000000005,17.676361811828887,0.5,-20.17354957233838,-2.804489303677901,-22.97803887601628
15,27.0,-0.16864085,-0.1423244,-0.2127649,525.28,-74.46000000000001,17.300079061239913,2.956933287329329,525.28,-74.46000000000001,44.92830532204005,7.679155747194269,32.0,40.47715908880559,10.56,17.80994999907446,0.5,-8.477159088805593,-14.699920938760087,-23.17708002756568
15,28.0,-0.1288099,-0.27568138,-0.2318112,-569.31,-189.95,-20.37550352816664,2.4260026076205783,-569.31,-189.95,-52.91518266264875,6.300328771990639,-45.0,-43.87003396445306,-14.85,-19.302814944359348,-0.5,-1.1299660355469427,24.62449647183336,23.494530436286418
15,28.0,-0.12366463,-0.29257396,-0.22680399,-521.64,-178.76999999999998,-20.51114816738446,2.441881059520032,-521.64,-178.76999999999998,-53.26745179069744,6.341565111573523,-45.0,-40.19666704821152,-14.85,-17.68653350121307,-0.5,-4.803332951788477,24.48885183261554,19.685518880827065
15,28.0,-0.12380692,-0.29569304,-0.22618839,-603.75,-266.25,-20.670378912484427,2.4581305755703333,-603.75,-266.25,-53.68097403572206,6.383765104756158,-45.0,-46.52392019468926,-14.85,-20.470524885663277,-0.5,1.5239201946892607,24.329621087515573,25.853541282204834
15,29.0,-0.17637348,-0.15972477,-0.21840699,507.79,-122.07,14.427836559038475,2.5502517148494164,507.79,-122.07,37.46909154382292,6.623003703463935,13.0,39.12941024540167,4.29,17.216940507976737,0.5,-26.129410245401672,1.4278365590384752,-24.701573686363197
15,29.0,-0.17407493,-0.16037348,-0.2081129,509.5899999999999,-133.87,14.483282980105052,2.564284373855232,509.5899999999999,-133.87,37.61308589933282,6.659446518902037,18.0,39.26811510064049,5.94,17.27797064428182,0.5,-21.268115100640493,-3.516717019894948,-24.78483212053544
15,29.0,-0.17463069,-0.16080938,-0.20403083,510.6099999999999,-131.18,14.58260342418214,2.5784733347831725,510.6099999999999,-131.18,37.87102109260101,6.6962952504319,18.0,39.34671451860916,5.94,17.31255438818803,0.5,-21.34671451860916,-3.4173965758178593,-24.764111094427022
15,30.0,-0.19435726,-0.1543362,-0.23393705,458.3599999999999,-41.59,14.586922845019908,2.576477924795972,458.3599999999999,-41.59,37.8822386285167,6.691113170695138,18.0,35.32042080403771,5.94,15.540985153776592,0.5,-17.32042080403771,-3.4130771549800922,-20.733497959017804
15,30.0,-0.18720478,-0.1547927,-0.21849495,468.24,-56.85,14.665553587317984,2.590802217328237,468.24,-56.85,38.08644266626481,6.728313358401431,20.0,36.08175634279304,6.6000000000000005,15.87597279082894,0.5,-16.081756342793042,-5.334446412682016,-21.41620275547506
15,30.0,-0.18391377,-0.15534891,-0.21852033,-653.5,-267.0,14.72315953666677,2.6052628591534868,-653.5,-267.0,38.236045316723605,6.765867645221606,20.0,-49.83742506983897,6.6000000000000005,-21.92846703072915,0.5,69.83742506983897,-5.2768404633332295,64.56058460650574
15,31.0,-0.17427988,-0.14672996,-0.21593435,61.76999999999998,-50.900000000000006,14.054894706842736,3.932868208842448,,,36.500561553670586,10.213658738363836,25.0,4.759888282279015,8.25,,0.5,20.240111717720985,-10.945105293157264,9.29500642456372
15,31.0,-0.17768316,-0.13950253,-0.20610349,58.75,-55.78999999999999,14.180767756491866,3.952900928160713,,,36.82745386360938,10.26568371043337,32.0,4.527172358489431,10.56,,0.5,27.47282764151057,-17.819232243508132,9.653595398002434
15,31.0,-0.17816487,-0.13707137,-0.20531252,52.83000000000004,-56.78,14.264127952199752,3.973120745232629,,,37.043940291862754,10.31819457536914,32.0,4.070987501259521,10.56,,0.5,27.92901249874048,-17.73587204780025,10.19314045094023
15,32.0,-0.17756183,-0.19089803,-0.23756453,-693.0,-251.25,11.865043280475094,1.999904734874136,-693.0,-251.25,30.813517399393817,5.19375259646813,18.0,-51.35932556482053,5.94,-22.598103248521035,0.5,69.35932556482052,-6.134956719524906,63.22436884529562
15,32.0,-0.1639507,-0.19167387,-0.21226962,65.88,-46.78999999999999,11.854186291855294,2.0096486384738697,-693.0,-251.25,30.7853217999482,5.21905751411664,18.0,5.076597701740999,5.94,-22.598103248521035,0.5,12.923402298259,-6.145813708144706,6.777588590114295
15,32.0,-0.16719398,-0.18403623,-0.20597813,70.94000000000005,-47.63,11.900165065663304,2.017687797402923,-693.0,-251.25,30.9047286755276,5.239935209855391,18.0,5.466512461467923,5.94,-22.598103248521035,0.5,12.533487538532077,-6.099834934336696,6.43365260419538
15,33.0,-0.17624855,-0.14645441,-0.20253932,397.8499999999999,-81.62,13.197240391112182,2.247811802051678,397.8499999999999,-81.62,34.273233295718335,5.83756724992821,20.0,30.65762592042587,6.6000000000000005,13.489355404987382,0.5,-10.657625920425868,-6.802759608887818,-17.460385529313687
15,33.0,-0.17928073,-0.1467759,-0.19735397,396.31,-78.93,13.325760467677489,2.2588775170602675,396.31,-78.93,34.60699993455844,5.866304911805514,20.0,30.53895621094377,6.6000000000000005,13.437140732815257,0.5,-10.53895621094377,-6.674239532322511,-17.213195743266283
15,33.0,-0.17896807,-0.15073946,-0.19860615,-682.0,-249.75,13.45497279279892,2.2700383165447398,-682.0,-249.75,34.9425643428988,5.895289508066687,20.0,-50.935505173813006,6.6000000000000005,-22.41162227647772,0.5,70.935505173813,-6.54502720720108,64.39047796661193
15,34.0,-0.19447449,-0.15320505,-0.22851442,514.45,-52.27000000000001,15.697726956170644,2.826344064113748,514.45,-52.27000000000001,40.76699690517516,7.340015534503404,20.0,39.64261820978533,6.6000000000000005,17.442752012305547,0.5,-19.642618209785333,-4.302273043829356,-23.94489125361469
15,34.0,-0.19384168,-0.14864694,-0.21491499,-711.75,-240.75,15.756998699013463,2.8433537093656778,-711.75,-240.75,40.92092562133797,7.384189583222668,32.0,-52.08174668585608,10.56,-22.915968541776675,0.5,84.08174668585607,-16.243001300986535,67.83874538486954
15,34.0,-0.19360614,-0.14632712,-0.21459182,-710.0,-235.25,15.855639664507924,2.8605493693909763,-710.0,-235.25,41.17709620872707,7.428846712308367,32.0,-52.01432071455943,10.56,-22.886301114406148,0.5,84.01432071455943,-16.144360335492074,67.86996037906735
15,35.0,-0.17060587,-0.14537588,-0.22719254,723.6600000000001,-111.06,22.817714644750428,4.0374977352832815,723.6600000000001,-111.06,59.25760493241686,10.48538161853068,32.0,52.54062858193786,10.56,23.11787657605266,0.5,-20.54062858193786,-9.182285355249572,-29.722913937187432
15,35.0,-0.17238213,-0.1301471,-0.21029603,-694.5,-218.0,23.053224517584493,4.069466712317436,-694.5,-218.0,59.86922407216693,10.56840505188838,41.0,-51.41711925450337,13.53,-22.623532471981484,0.5,92.41711925450338,-17.946775482415507,74.47034377208786
15,35.0,-0.17147924,-0.1246982,-0.20851068,42.13,-19.25999999999999,23.176352271630517,4.101865321151935,-694.5,-218.0,60.188986849424445,10.652544239031576,41.0,3.2464641951176123,13.53,-22.623532471981484,0.5,37.75353580488239,-17.823647728369483,19.929888076512903
15,36.0,-0.25469086,-0.21696827,-0.26497632,559.1400000000001,-117.26,15.81577609638102,3.859167281413674,559.1400000000001,-117.26,41.07357052230151,10.022257429831312,18.0,43.08635153235372,5.94,18.95799467423564,0.5,-25.086351532353717,-2.18422390361898,-27.270575435972695
15,36.0,-0.20832701,-0.16701993,-0.22126795,212.35,-104.93,15.84288973776324,3.8811750878186935,559.1400000000001,-117.26,41.14398464897113,10.079411703065148,20.0,16.363320005535844,6.6000000000000005,18.95799467423564,0.5,3.6366799944641564,-4.15711026223676,-0.5204302677726034
15,36.0,-0.19047269,-0.15449049,-0.20727053,-705.25,-242.0,15.936396671161477,3.9034134830190537,-705.25,-242.0,41.38682215500635,10.137164815400482,20.0,-51.83130736389708,6.6000000000000005,-22.80577524011472,0.5,71.83130736389708,-4.063603328838523,67.76770403505856
15,37.0,-0.36773586,-0.42582184,-0.50488585,67.53999999999996,-63.83000000000001,11.948767102820456,2.150571083702326,485.98,27.860000000000014,31.03094816602472,5.58503310437494,-24.0,5.204514401572358,-7.92,16.477458689746815,0.5,-29.204514401572357,35.948767102820455,6.744252701248098
15,37.0,-0.3715325,-0.42659247,-0.51138926,66.71000000000004,-62.75999999999999,12.085930100531533,2.1608251953858293,485.98,27.860000000000014,31.387160471080385,5.611663032416997,-29.0,5.140556051656683,-9.57,16.477458689746815,0.5,-34.14055605165668,41.085930100531534,6.94537404887485
15,37.0,-0.36724237,-0.4219349,-0.50524467,127.34000000000005,-55.75999999999999,12.248544618851334,2.1722111759362,485.98,27.860000000000014,31.809470375156916,5.641232423906311,-24.0,9.812597925617776,-7.92,16.477458689746815,0.5,-33.81259792561778,36.248544618851334,2.435946693233557
15,37.0,-0.36417931,-0.42240024,-0.5055306,485.98,27.860000000000014,12.470732043438357,2.240825294194419,485.98,27.860000000000014,32.38649111680941,5.819423289022907,-24.0,37.44876974942458,-7.92,16.477458689746815,0.5,-61.44876974942458,36.47073204343836,-24.97803770598622
15,37.0,-0.36666366,-0.42368189,-0.50510126,597.51,85.44,12.552798384975627,2.251917480992928,597.51,85.44,32.59961740578171,5.848229698138635,-24.0,46.043076696528,-7.92,20.25895374647232,0.5,-70.043076696528,36.55279838497563,-33.49027831155237
15,37.0,-0.36613098,-0.42281416,-0.50450385,571.55,50.079999999999984,12.632286072313851,2.261997368568289,571.55,50.079999999999984,32.80604692979907,5.874407166171846,-24.0,44.04264445097249,-7.92,19.37876355842789,0.5,-68.04264445097249,36.63228607231385,-31.410358378658636
15,37.0,-0.3684313,-0.42620635,-0.50521678,630.6700000000001,65.19999999999999,13.281768156626525,2.3936490764073577,630.6700000000001,65.19999999999999,34.49275190275908,6.216306651429909,-24.0,48.59832836303881,-7.92,21.383264479737075,0.5,-72.5983283630388,37.281768156626526,-35.316560206412284
15,37.0,-0.37011707,-0.427883,-0.5089547,617.81,55.13,13.397381218875005,2.4062252058358204,617.81,55.13,34.79299902541839,6.248966859555626,-24.0,47.6073592306103,-7.92,20.94723806146853,0.5,-71.6073592306103,37.397381218875005,-34.209978011735295
15,37.0,-0.36831033,-0.42609358,-0.50556713,556.0899999999999,33.31999999999999,13.492129891383437,2.420205116225408,556.0899999999999,33.31999999999999,35.03906132792278,6.285272686837386,-24.0,42.85132386097681,-7.92,18.8545824988298,0.5,-66.8513238609768,37.492129891383435,-29.359193969593377
15,37.0,-0.36972466,-0.42616799,-0.50639474,32.860000000000014,42.45999999999998,14.229896318922616,2.525306066228177,556.0899999999999,33.31999999999999,36.95504074024203,6.5582198539945775,-24.0,2.5321341906376644,-7.92,18.8545824988298,0.5,-26.532134190637663,38.22989631892261,11.697762128284952
15,37.0,-0.36788136,-0.42564052,-0.50463873,419.48,-4.689999999999998,14.279832533914815,2.5392267398478223,419.48,-4.689999999999998,37.084725090576775,6.594371843384794,-24.0,32.3243959308791,-7.92,14.222734209586804,0.5,-56.3243959308791,38.27983253391481,-18.044563396964286
15,37.0,-0.36807728,-0.42479002,-0.50296229,425.4500000000001,-15.509999999999993,14.29919833670634,2.55330020598092,425.4500000000001,-15.509999999999993,37.13501808042636,6.630920634932449,-24.0,32.78443370075453,-7.92,14.425150828331995,0.5,-56.78443370075453,38.29919833670634,-18.485235364048194
15,37.0,-0.36852962,-0.42609644,-0.5046137,76.10000000000002,-5.47999999999999,14.848334842249471,2.726143699561388,425.4500000000001,-15.509999999999993,38.56112558532188,7.079795187760924,-24.0,5.864133046485886,-7.92,14.425150828331995,0.5,-29.864133046485886,38.84833484224947,8.984201795763585
15,37.0,-0.37026307,-0.42918894,-0.50752318,63.58000000000004,10.310000000000002,14.93281974983415,2.742204555703008,425.4500000000001,-15.509999999999993,38.780532890319286,7.121505231160713,-26.0,4.899363720046948,-8.58,14.425150828331995,0.5,-30.89936372004695,40.93281974983415,10.033456029787203
15,37.0,-0.36908102,-0.428083,-0.50626218,80.16999999999996,27.75999999999999,14.93610972459147,2.7584554357404745,425.4500000000001,-15.509999999999993,38.78907695476405,7.163708766618013,-24.0,6.177760135831448,-7.92,14.425150828331995,0.5,-30.17776013583145,38.93610972459147,8.758349588760023
15,37.0,-0.19166619,-0.17075039,-0.23381494,531.5999999999999,-90.5,15.744544461538506,2.895105537339818,531.5999999999999,-90.5,40.8885819666155,7.518589080471507,13.0,40.96416724719968,4.29,18.02423358876786,0.5,-27.964167247199683,2.7445444615385064,-25.219622785661176
15,37.0,-0.19111365,-0.16883938,-0.22394055,-679.75,-214.25,15.833697540194612,2.913071740731981,-679.75,-214.25,41.12011251188541,7.565247310680952,18.0,-50.84881463928874,5.94,-22.373478441287045,0.5,68.84881463928875,-2.1663024598053884,66.68251217948335
15,37.0,-0.19156203,-0.1645496,-0.21933557,60.559999999999945,-56.18000000000001,15.903623708822291,2.931238868966875,-679.75,-214.25,41.30171077181149,7.612427342706972,18.0,4.666647796257357,5.94,-22.373478441287045,0.5,13.333352203742642,-2.096376291177709,11.236975912564933
15,37.0,-0.37045467,-0.42970231,-0.50989473,66.80999999999995,-25.19,17.638405171765417,3.309474478049161,-679.75,-214.25,45.80693823107479,8.594705219493672,-29.0,5.148261876947722,-9.57,-22.373478441287045,0.5,-34.14826187694772,46.63840517176541,12.490143294817695
15,37.0,-0.3695057,-0.42863366,-0.51012695,67.82000000000005,-30.569999999999997,17.762068328007835,3.334761819841757,-679.75,-214.25,46.12809144783635,8.660376446129042,-24.0,5.226090712387293,-7.92,-22.373478441287045,0.5,-29.226090712387293,41.762068328007835,12.535977615620542
15,37.0,-0.36924154,-0.42929611,-0.51085514,69.0,-32.379999999999995,17.884209232833957,3.358057234792665,-679.75,-214.25,46.44529137766978,8.720874638756552,-29.0,5.31701945082163,-9.57,-22.373478441287045,0.5,-34.31701945082163,46.88420923283395,12.567189782012328
15,37.0,-0.36935157,-0.42870229,-0.50988656,87.45000000000005,-33.620000000000005,25.508516889755555,4.716020318964967,-679.75,-214.25,66.24561836269517,12.247504768352025,-26.0,6.738744217019591,-8.58,-22.373478441287045,0.5,-32.738744217019594,51.508516889755555,18.769772672735964
15,37.0,-0.36930031,-0.42754391,-0.50873941,86.82000000000005,-35.58000000000001,25.654967963605475,4.758074236569847,-679.75,-214.25,66.62595180148342,12.356718792371892,-24.0,6.690197517686003,-7.92,-22.373478441287045,0.5,-30.690197517686002,49.65496796360547,18.964770445919473
15,37.0,-0.3714985,-0.42955282,-0.51113695,87.62,-36.77000000000001,25.972907456103883,4.800712169255174,-679.75,-214.25,67.45164066350178,12.467449503555688,-29.0,6.751844120014366,-9.57,-22.373478441287045,0.5,-35.75184412001437,54.97290745610388,19.221063336089518
15,38.0,-0.36946812,-0.42750141,-0.50804847,357.07000000000005,85.94,14.8150846515662,3.0287700132944755,357.07000000000005,85.94,38.47477484011743,7.865715724525753,-24.0,27.515190366737382,-7.92,12.10668376136445,0.5,-51.515190366737386,38.8150846515662,-12.700105715171182
15,38.0,-0.36946145,-0.42779577,-0.50900912,535.73,72.87,14.936468565073913,3.0441322970629274,535.73,72.87,38.79000886349695,7.905611575472422,-24.0,41.28241783171989,-7.92,18.16426384595675,0.5,-65.2824178317199,38.93646856507391,-26.345949266645977
15,38.0,-0.36814335,-0.4259946,-0.50700337,518.56,55.14999999999998,15.035375525700983,3.063104625799501,518.56,55.14999999999998,39.046870240245454,7.954882713201306,-24.0,39.959327629247305,-7.92,17.582104156868816,0.5,-63.959327629247305,39.035375525700985,-24.92395210354632
15,38.0,-0.36888593,-0.42663428,-0.50747269,149.0,16.430000000000007,15.914934297939284,3.205955038286524,518.56,55.14999999999998,41.33108437174832,8.3258652344301,-24.0,11.481679683658305,-7.92,17.582104156868816,0.5,-35.48167968365831,39.91493429793928,4.43325461428098
15,38.0,-0.37037367,-0.42774713,-0.50780171,456.21,13.639999999999986,16.030936423592394,3.226795804839885,456.21,13.639999999999986,41.63234189206945,8.379988705169183,-24.0,35.15474556028023,-7.92,15.468088046523302,0.5,-59.15474556028023,40.030936423592394,-19.12380913668784
15,38.0,-0.37089264,-0.42857802,-0.5087496,468.1400000000001,11.879999999999995,16.218296173264978,3.2459782663366674,468.1400000000001,11.879999999999995,42.11891516196915,8.429805557676328,-29.0,36.074050517502,-9.57,15.872582227700882,0.5,-65.074050517502,45.218296173264974,-19.855754344237024
15,38.0,-0.18119614,-0.1777011,-0.24286436,577.3399999999999,-21.69,16.86067237403375,3.3532782700859,577.3399999999999,-21.69,43.78716615536565,8.708463667413081,-15.0,44.48881173532405,-4.95,19.57507716354258,0.5,-59.48881173532405,31.86067237403375,-27.628139361290298
15,38.0,-0.18141162,-0.16797714,-0.21799327,215.12,-52.53999999999999,16.98594486006123,3.375926684333556,577.3399999999999,-21.69,44.112498801579015,8.767281599214243,18.0,16.576771366097812,5.94,19.57507716354258,0.5,1.4232286339021876,-1.014055139938769,0.4091734939634186
15,38.0,-0.18541637,-0.16410215,-0.21197119,-695.75,-254.75,17.049840139451483,3.396754445128701,-695.75,-254.75,44.2784348421555,8.821371293999238,18.0,-51.46528066257241,5.94,-22.64472349153186,0.5,69.46528066257241,-0.9501598605485171,68.51512080202389
15,39.0,-0.18535554,-0.1941888,-0.26486924,516.2,-102.08,14.502230548579364,2.575113862103236,516.2,-102.08,37.66229273466061,6.687570699882103,18.0,39.77747015237864,5.94,17.502086867046604,0.5,-21.77747015237864,-3.497769451420636,-25.275239603799278
15,39.0,-0.17692678,-0.18896192,-0.22325563,-663.75,-274.0,14.583949188805512,2.5895178191596084,-663.75,-274.0,37.87451604332792,6.724977776357504,18.0,-50.23234861600508,5.94,-22.102233391042237,0.5,68.23234861600508,-3.416050811194488,64.8162978048106
15,39.0,-0.17611235,-0.18296586,-0.20815431,10.009999999999993,-17.439999999999998,14.646302457291794,2.602611275770576,-663.75,-274.0,38.03644748158679,6.758981483176186,18.0,0.7713531116336879,5.94,-22.102233391042237,0.5,17.228646888366313,-3.353697542708206,13.874949345658106
15,40.0,-0.15687406,-0.18074551,-0.22935829,594.23,-49.94,18.066214528797747,3.390183055503087,594.23,-49.94,46.91795913128775,8.804305395141515,18.0,45.790325626981705,5.94,20.14774327587195,0.5,-27.790325626981705,0.06621452879774736,-27.724111098183958
15,40.0,-0.15440933,-0.17205544,-0.21020654,328.69000000000005,-61.80000000000001,18.21974199192589,3.4118053039639094,328.69000000000005,-61.80000000000001,47.316669953031536,8.860458374394273,20.0,25.32827714913858,6.6000000000000005,11.144441945620974,0.5,-5.328277149138579,-1.7802580080741102,-7.108535157212689
15,40.0,-0.1549952,-0.16914146,-0.20245409,-682.75,-246.0,18.325502293698563,3.436126563230438,-682.75,-246.0,47.59132945673517,8.923620684709448,20.0,-50.964402018654425,6.6000000000000005,-22.424336888207947,0.5,70.96440201865443,-1.6744977063014375,69.28990431235299
15,42.0,-0.12192034,-0.30420494,-0.22504489,-434.04,-156.42000000000002,-16.858452008801923,2.095823196162663,-434.04,-156.42000000000002,-43.78139986685859,5.442852840434433,-45.0,-33.44636409325536,-14.85,-14.71640020103236,-0.5,-11.553635906744638,28.141547991198077,16.58791208445344
15,42.0,-0.12411266,-0.29994661,-0.22692385,-387.04,-145.06,-16.89374033919132,2.1094048071166838,-387.04,-145.06,-43.87304366087986,5.478124284082028,-45.0,-29.82462620646382,-14.85,-13.12283553084408,-0.5,-15.175373793536181,28.10625966080868,12.930885867272497
15,42.0,-0.13151987,-0.29814878,-0.2320402,-391.54,-143.07,-16.992708055195813,2.1218854748479856,-391.54,-143.07,-44.13006281934353,5.5105365781802185,-45.0,-30.17138834456088,-14.85,-13.275410871606788,-0.5,-14.828611655439119,28.007291944804187,13.178680289365069
15,43.0,-0.13466991,-0.27998674,-0.2369781,-382.32,-82.22,-19.67825036590255,2.4673347006936237,-382.32,-82.22,-51.10441620024892,6.407668217701342,-45.0,-29.460911252726454,-14.85,-12.96280095119964,-0.5,-15.539088747273546,25.32174963409745,9.782660886823905
15,43.0,-0.13135508,-0.29436719,-0.23584633,-459.67,-104.96,-19.849314466558894,2.4838280667985497,-459.67,-104.96,-51.54866966965346,6.450501489475833,-45.0,-35.421367115350414,-14.85,-15.585401530754185,-0.5,-9.578632884649586,25.150685533441106,15.57205264879152
15,43.0,-0.13076241,-0.29753262,-0.23594838,-518.01,-112.0,-19.9671407775239,2.500524672769318,-518.01,-112.0,-51.854664599229565,6.493862575181922,-45.0,-39.91694559014656,-14.85,-17.563456059664485,-0.5,-5.083054409853439,25.0328592224761,19.949804812622663
15,44.0,-0.1584482,-0.23734738,-0.2256397,-616.2,-146.39,-20.940593837384185,2.565831246257781,-616.2,-146.39,-54.382722195686725,6.663463746531459,-42.0,-47.48329544342448,-13.86,-20.892649995106773,-0.5,5.483295443424481,21.059406162615815,26.542701606040296
15,44.0,-0.15394486,-0.24617848,-0.22520509,-658.0,-254.25,-21.060367252959068,2.5890018364006853,-658.0,-254.25,-54.6937737559347,6.72363776913258,-42.0,-50.0108061388875,-13.86,-22.004754701110503,-0.5,8.010806138887503,20.939632747040932,28.950438885928435
15,44.0,-0.15488704,-0.2531648,-0.22760458,45.59000000000003,-25.77000000000001,-21.296542918974342,2.614890223687558,-658.0,-254.25,-55.30712196057637,6.790869910916591,-45.0,3.513085750187801,-14.85,-22.004754701110503,-0.5,-48.5130857501878,23.703457081025658,-24.809628669162144
15,45.0,-0.14674534,-0.25448278,-0.24078445,-385.24,-144.45999999999998,-14.611047093969413,1.896976936646176,-385.24,-144.45999999999998,-37.94488930303856,4.92644910447012,-45.0,-29.685921351224994,-14.85,-13.061805394538998,-0.5,-15.314078648775006,30.38895290603059,15.074874257255582
15,45.0,-0.1394726,-0.26154312,-0.23609659,-386.52,-148.54000000000002,-14.6795945200119,1.9036315150333225,-386.52,-148.54000000000002,-38.12290696847091,4.943731044541536,-45.0,-29.784555914950374,-14.85,-13.105204602578166,-0.5,-15.215444085049626,30.3204054799881,15.104961394938474
15,45.0,-0.13808073,-0.2655662,-0.23564912,-384.6,-142.47,-14.740969894361482,1.9110716598653923,-384.6,-142.47,-38.282298815656766,4.963053100670425,-45.0,-29.636604069362303,-14.85,-13.040105790519414,-0.5,-15.363395930637697,30.259030105638516,14.89563417500082
15,46.0,-0.16910966,-0.26010847,-0.23600355,-236.54,-81.59,-11.618278031405753,2.3760001000780324,,,-30.17266804756073,6.170472259902649,-42.0,-18.227359143439838,-13.86,,-0.5,-23.772640856560162,30.38172196859425,6.609081112034085
15,46.0,-0.16690083,-0.26550564,-0.23130426,-239.35,-78.88999999999999,-11.666624677738184,2.38459433966164,,,-30.298224288086065,6.192791500101279,-45.0,-18.443892834118223,-14.85,,-0.5,-26.556107165881777,33.333375322261816,6.777268156380039
15,46.0,-0.16399324,-0.2664296,-0.22865173,-248.06,-89.05000000000001,-11.629000189693642,2.3932463397402826,,,-30.200513492634386,6.215260744305516,-45.0,-19.115070216968316,-14.85,,-0.5,-25.884929783031684,33.37099981030636,7.486070027274675
15,47.0,-0.16006719,-0.25468108,-0.23495051,-340.44,-65.21000000000001,-12.18072758798462,1.5824787515497718,-340.44,-65.21000000000001,-31.633349545996055,4.109697317774758,-45.0,-26.23371162083646,-14.85,-11.542833113168042,-0.5,-18.76628837916354,32.81927241201538,14.052984032851839
15,47.0,-0.15474229,-0.26084507,-0.23519647,-346.22,-68.44,-12.22123133185906,1.5873094720907606,-346.22,-68.44,-31.73853776883798,4.122242699019704,-45.0,-26.679108322658912,-14.85,-11.738807661969922,-0.5,-18.320891677341088,32.77876866814094,14.457876990799852
15,47.0,-0.15420631,-0.26439565,-0.2368281,-351.74,-73.93,-12.268851284199238,1.5932507301297774,-351.74,-73.93,-31.86220678506542,4.1376721461470325,-45.0,-27.104469878724643,-14.85,-11.925966746638844,-0.5,-17.895530121275357,32.731148715800764,14.835618594525405
15,48.0,-0.1406921,-0.27116191,-0.23421127,-145.5,-115.79,-5.91631813647775,1.3640729468706176,,,-15.364678200432715,3.5424974430229943,-42.0,-11.211975798471698,-13.86,,-0.5,-30.7880242015283,36.08368186352225,5.295657661993948
15,48.0,-0.14391893,-0.27772099,-0.2300303,-144.3,-116.68,-5.972633657753925,1.3683002315630182,,,-15.510929609186944,3.553475701369159,-42.0,-11.11950589497915,-13.86,,-0.5,-30.88049410502085,36.027366342246076,5.146872237225225
15,48.0,-0.14925721,-0.27300933,-0.22952603,-141.58999999999995,-117.77,-5.992530363947094,1.3725533407547594,,,-15.562601355170605,3.5645210259401097,-42.0,-10.910678029591804,-13.86,,-0.5,-31.089321970408196,36.0074696360529,4.918147665644709
15,49.0,-0.38106298,-0.4179619,-0.48567215,32.629999999999995,-48.46000000000001,8.383808285230547,3.906525297188293,-297.87,-76.84,21.77275011674373,10.145246196797997,-24.0,2.514410792468257,-7.92,-10.099470389552827,0.5,-26.514410792468258,32.38380828523054,5.86939749276229
15,49.0,-0.38746029,-0.42374006,-0.49245054,-62.17999999999995,27.519999999999985,8.367776876442138,3.931591232738192,-297.87,-76.84,21.73111654812023,10.210342431421086,-29.0,-4.7914821659723,-9.57,-10.099470389552827,0.5,-24.2085178340277,37.367776876442136,13.159259042414437
15,49.0,-0.38651875,-0.41871256,-0.48613319,0.8600000000000136,49.620000000000005,8.300810292716774,3.956971203367214,-297.87,-76.84,21.55720433018546,10.276254215144654,-24.0,0.0662700975029952,-7.92,-10.099470389552827,0.5,-24.066270097502994,32.300810292716776,8.234540195213778
15,49.0,-0.37810287,-0.42340815,-0.49186996,90.37,-45.41,10.00774995215852,4.866176145044708,-297.87,-76.84,25.990126625755675,12.637459448681104,-24.0,6.963754315518126,-7.92,-10.099470389552827,0.5,-30.963754315518127,34.00774995215852,3.0439956366403935
15,49.0,-0.37856004,-0.4252902,-0.49460831,130.04999999999995,-9.039999999999992,10.007005386971963,4.904663714578805,-297.87,-76.84,25.988192989966198,12.737411666761156,-24.0,10.021425791005113,-7.92,-10.099470389552827,0.5,-34.021425791005115,34.00700538697196,-0.014420404033149481
15,49.0,-0.37442899,-0.42288515,-0.49696949,-17.470000000000027,28.129999999999995,10.006517509898314,4.943762816227522,-297.87,-76.84,25.98692597320592,12.838952033742876,-24.0,-1.3462076783457104,-7.92,-10.099470389552827,0.5,-22.65379232165429,34.006517509898316,11.352725188244024
15,49.0,-0.37768081,-0.4226684,-0.49875867,-4.240000000000009,-53.59,10.89654052083638,5.464766399447585,-297.87,-76.84,28.29831573261208,14.19199833936538,-24.0,-0.3267269923403443,-7.92,-10.099470389552827,0.5,-23.673273007659656,34.89654052083638,11.223267513176724
15,49.0,-0.37970528,-0.42155486,-0.49917519,-1.080000000000041,-46.27000000000001,11.084400267945613,5.512952536504187,-297.87,-76.84,28.78618749585475,14.317137737301373,-24.0,-0.0832229131432982,-7.92,-10.099470389552827,0.5,-23.9167770868567,35.08440026794561,11.167623181088912
15,49.0,-0.37368861,-0.42492631,-0.50602043,-297.87,-76.84,11.184421605253256,5.561958683081757,-297.87,-76.84,29.045942908842704,14.44440669996332,-24.0,-22.953341794438245,-7.92,-10.099470389552827,0.5,-1.046658205561755,35.184421605253256,34.1377633996915
15,49.0,-0.37799203,-0.43811911,-0.51962727,96.76999999999998,-37.72,13.111268110380838,6.19047858576018,-297.87,-76.84,34.04996328265904,16.076672887219186,-29.0,7.45692713414506,-9.57,-10.099470389552827,0.5,-36.45692713414506,42.111268110380834,5.654340976235778
15,49.0,-0.37798831,-0.43741903,-0.5202691,95.55999999999996,-36.91999999999999,13.203311483504011,6.251416419788203,-297.87,-76.84,34.28899992265992,16.234928442189965,-29.0,7.3636866481234,-9.57,-10.099470389552827,0.5,-36.3636866481234,42.20331148350401,5.8396248353806115
15,49.0,-0.37761843,-0.43779638,-0.52027041,95.34000000000005,-30.24000000000001,13.379982855177795,6.313513428550721,-297.87,-76.84,34.74781547489674,16.396194373946223,-29.0,7.346733832483106,-9.57,-10.099470389552827,0.5,-36.3467338324831,42.37998285517779,6.033249022694689
15,50.0,-0.20386045,-0.16464938,-0.24534759,-671.5,-269.75,15.094546506390284,5.674201641507051,-671.5,-269.75,39.20053727709556,14.735901662993813,13.0,-50.5309493460331,4.29,-22.233617712254564,0.5,63.5309493460331,2.0945465063902837,65.62549585242338
15,50.0,-0.21020612,-0.15785092,-0.2291916,-112.39999999999998,-80.19999999999999,15.230659457527311,5.736940439678434,-671.5,-269.75,39.55402261119843,14.898834321844893,18.0,-8.661347627135523,5.94,-22.233617712254564,0.5,26.661347627135523,-2.7693405424726887,23.892007084662836
15,50.0,-0.20359527,-0.15900542,-0.22874647,-116.55999999999996,-75.41,15.411634024506988,5.80096546263167,-671.5,-269.75,40.02401356164464,15.065107306454449,20.0,-8.981909959243028,6.6000000000000005,-22.233617712254564,0.5,28.981909959243026,-4.588365975493012,24.393543983750014
15,51.0,-0.1949836,-0.26721579,-0.26382786,-651.5,-254.25,-13.84961880165785,4.160605675328162,-651.5,-254.25,-35.96746002790544,10.805092938827237,-42.0,-49.76036681692852,-13.86,-21.89456139944855,-0.5,7.760366816928517,28.15038119834215,35.91074801527067
15,51.0,-0.19305287,-0.27755561,-0.24630101,74.94000000000005,-22.180000000000007,-14.035754028331036,4.191018977643203,-651.5,-254.25,-36.4508532115757,10.8840762849394,-45.0,5.774745473109757,-14.85,-21.89456139944855,-0.5,-50.77474547310976,30.964245971668966,-19.810499501440795
15,51.0,-0.19402801,-0.2720857,-0.24373515,79.08000000000004,-21.66,-14.273520853652798,4.246044827874762,-651.5,-254.25,-37.06833365693632,11.026978417990758,-45.0,6.093766640159054,-14.85,-21.89456139944855,-0.5,-51.09376664015905,30.726479146347202,-20.36728749381185
15,51.0,-0.36967659,-0.42706326,-0.51000637,164.03999999999996,-23.960000000000008,-53.41615719560511,12.947615857085562,-651.5,-254.25,-138.72176023698646,33.6249583808512,-24.0,12.640635807431591,-7.92,-21.89456139944855,-0.5,-36.64063580743159,-29.41615719560511,-66.0567930030367
15,51.0,-0.37059242,-0.42864949,-0.50920933,229.92999999999995,-29.19999999999999,-54.86714214160274,13.321137151535424,-651.5,-254.25,-142.4899681417423,34.5949931825375,-29.0,17.7180040917017,-9.57,-21.89456139944855,-0.5,-46.7180040917017,-25.86714214160274,-72.58514623330444
15,51.0,-0.37206233,-0.42952996,-0.51061124,231.51,-35.18000000000001,-56.32846939691975,13.695184144268342,-651.5,-254.25,-146.2850350238006,35.566393222664885,-29.0,17.839756131300224,-9.57,-21.89456139944855,-0.5,-46.83975613130022,-27.32846939691975,-74.16822552821998
15,52.0,-0.20052275,-0.23913445,-0.28188694,-248.99,-82.83000000000001,-11.84932508573428,4.419976852812576,-674.75,-262.0,-30.772697247651923,11.47867988675426,45.0,-19.18673439217504,14.85,-22.288714363085543,-0.5,64.18673439217504,-56.84932508573428,7.33740930644076
15,52.0,-0.18677425,-0.26265344,-0.25344968,99.94000000000004,-102.3,-11.99884154822157,4.451299198906385,-674.75,-262.0,-31.160991500731416,11.560024019559885,-45.0,7.701201795871218,-14.85,-22.288714363085543,-0.5,-52.70120179587122,33.00115845177843,-19.700043344092787
15,52.0,-0.18603376,-0.27304488,-0.24623592,-674.75,-262.0,-12.092904843911686,4.483017289448541,-674.75,-262.0,-31.40527387963865,11.642395900697862,-45.0,-50.65616900701259,-14.85,-22.288714363085543,-0.5,5.656169007012593,32.90709515608832,38.56326416310091
15,53.0,-0.19652574,-0.25390771,-0.287141,22.74000000000001,-46.78,-19.755675335808878,5.294744486762196,,,-51.305488847095646,13.75045143212142,-15.0,1.7523046711838248,-4.95,,-0.5,-16.752304671183825,-4.755675335808878,-21.507980006992703
15,53.0,-0.17619477,-0.28019696,-0.25516763,23.75,-49.43000000000001,-19.98336672244213,5.344936662528024,,,-51.89680337818221,13.880800512585282,-45.0,1.830133506623387,-14.85,,-0.5,-46.83013350662339,25.01663327755787,-21.813500229065518
15,53.0,-0.17204539,-0.28965408,-0.2448438,28.5,-51.02000000000001,-20.23114123310404,5.395855946664503,,,-52.54027378237118,14.013037893487711,-45.0,2.1961602079480644,-14.85,,-0.5,-47.19616020794806,24.76885876689596,-22.427301441052105
15,54.0,-0.17572722,-0.2055271,-0.2231407,-37.620000000000005,-36.46000000000001,7.267803334186931,3.951546933274479,,,18.87448525888346,10.26216738571382,-15.0,-2.8989314744914454,-4.95,,0.5,-12.101068525508555,22.26780333418693,10.166734808678378
15,54.0,-0.1781248,-0.20281762,-0.215268,-32.49000000000001,-38.0,7.307770787277219,3.973061416224821,,,18.978280734558936,10.31804049793586,-15.0,-2.5036226370607944,-4.95,,0.5,-12.496377362939207,22.30777078727722,9.811393424338014
15,54.0,-0.18096107,-0.19881257,-0.21439803,-30.899999999999977,-38.34,7.3481795466429585,3.994808582574352,,,19.083222282631763,10.374517888945592,13.0,-2.381100014933163,4.29,,0.5,15.381100014933164,-5.6518204533570415,9.72927956157612
15,55.0,-0.16902943,-0.27226293,-0.22790243,-147.33999999999995,-104.5,-7.603631116230178,2.878933774546756,,,-19.74663000884977,7.476591012497925,-42.0,-11.35376298382694,-13.86,,-0.5,-30.64623701617306,34.396368883769824,3.750131867596761
15,55.0,-0.16723733,-0.27693012,-0.22783601,-163.89,-117.32,-7.641819130102634,2.892592658649243,,,-19.845804280876543,7.512063134512085,-42.0,-12.629077069495024,-13.86,,-0.5,-29.370922930504975,34.35818086989737,4.987257939392389
15,55.0,-0.16660468,-0.28172338,-0.22555776,-172.39999999999998,-120.87,-7.720912294885448,2.9063789012866783,,,-20.05120922981751,7.547866006641504,-45.0,-13.284842801763029,-14.85,,-0.5,-31.715157198236973,37.27908770511455,5.563930506877581
15,56.0,-0.19449256,-0.16616583,-0.23575976,452.8900000000001,-119.2,13.107097189959324,4.878838700602229,452.8900000000001,-119.2,34.039131402324365,12.670344105463988,20.0,34.89891216061751,6.6000000000000005,15.355521350671706,0.5,-14.898912160617513,-6.892902810040676,-21.791814970658187
15,56.0,-0.19396779,-0.16555461,-0.22579958,456.8900000000001,-122.01,13.239658891300966,4.926035233300462,456.8900000000001,-122.01,34.38339414070861,12.7929135008813,25.0,35.207145172259345,8.25,15.491143875794112,0.5,-10.207145172259345,-11.760341108699034,-21.96748628095838
15,56.0,-0.19386433,-0.16459,-0.22374687,314.54,-129.86,13.415294345453283,4.974122387716547,314.54,-129.86,34.83951941514218,12.917795840899872,25.0,24.237902870455585,8.25,10.664677263000458,0.5,0.762097129544415,-11.584705654546717,-10.822608525002302
15,57.0,-0.19635354,-0.19406244,-0.22218016,316.32000000000005,-51.25999999999999,9.995763888070538,3.5838342414050524,316.32000000000005,-51.25999999999999,25.958998817319188,9.30721752492892,18.0,24.375066560636203,5.94,10.725029286679929,0.5,-6.375066560636203,-8.004236111929462,-14.379302672565665
15,57.0,-0.19677052,-0.19419894,-0.21857983,319.95000000000005,-82.44,10.069539751967111,3.6098937297669154,319.95000000000005,-82.44,26.15059473585859,9.37489401620468,18.0,24.65478801870117,5.94,10.848106728228514,0.5,-6.6547880187011685,-7.9304602480328885,-14.585248266734057
15,57.0,-0.19650611,-0.19788405,-0.21611641,323.42,-82.9,10.144585696446171,3.6363334497461537,323.42,-82.9,26.34548905367071,9.443557968990762,18.0,24.922180156300456,5.94,10.9657592687722,0.5,-6.922180156300456,-7.855414303553829,-14.777594459854285
15,58.0,-0.21821873,-0.13458562,-0.22843035,48.15999999999997,20.94,22.42317631064614,11.662404929138251,,,58.23298887874803,30.28726560097204,23.0,3.711125460167674,7.590000000000001,,0.5,19.288874539832324,-0.5768236893538585,18.712050850478466
15,58.0,-0.2163294,-0.13128631,-0.2187721,42.89999999999998,11.550000000000011,22.73755932217918,11.834848684781168,,,59.04944155969933,30.73510203437669,25.0,3.305799049858664,8.25,,0.5,21.694200950141337,-2.2624406778208197,19.431760272320517
15,58.0,-0.21613023,-0.13193496,-0.21556789,35.389999999999986,-69.03999999999999,23.120136844729423,12.0119444265757,,,60.04299538576231,31.195019675817093,25.0,2.727091570501122,8.25,,0.5,22.272908429498877,-1.8798631552705771,20.3930452742283
15,59.0,-0.18306869,-0.17361809,-0.20581007,435.72,-132.87,12.35561091640529,4.510189358902728,435.72,-132.87,32.08752154990454,11.712961765070384,20.0,33.57582195814494,6.6000000000000005,14.773361661583774,0.5,-13.575821958144942,-7.64438908359471,-21.220211041739653
15,59.0,-0.18496683,-0.17157036,-0.20477073,450.5899999999999,-139.42000000000002,12.470187313646615,4.550829818931957,450.5899999999999,-139.42000000000002,32.385076453540265,11.818505039766292,20.0,34.72167817892345,6.6000000000000005,15.277538398726318,0.5,-14.721678178923447,-7.5298126863533845,-22.251490865276832
15,59.0,-0.18389744,-0.17119977,-0.20390147,451.54,-136.57999999999998,12.643585752002798,4.592125047517124,451.54,-136.57999999999998,32.835392197951265,11.92574874840197,20.0,34.79488351918839,6.6000000000000005,15.30974874844289,0.5,-14.794883519188389,-7.356414247997202,-22.15129776718559
15,60.0,-0.19356981,-0.155359,-0.21391094,497.8900000000001,-84.12,14.618357176892705,5.231760626389916,497.8900000000001,-84.12,37.96387358839036,13.586882346734614,23.0,38.36653354158814,7.590000000000001,16.881274758298783,0.5,-15.36653354158814,-8.381642823107295,-23.748176364695436
15,60.0,-0.19355384,-0.1568999,-0.20802149,514.44,-28.879999999999995,14.638359218692878,5.285388098192438,514.44,-28.879999999999995,38.01581889094541,13.726152891005762,20.0,39.64184762725623,6.6000000000000005,17.442412955992744,0.5,-19.641847627256233,-5.361640781307122,-25.003488408563356
15,60.0,-0.19217221,-0.15700184,-0.20849861,515.0899999999999,-31.879999999999995,14.83896511064056,5.34006205187697,515.0899999999999,-31.879999999999995,38.53679239233353,13.868141148724492,23.0,39.69193549164802,7.590000000000001,17.464451616325128,0.5,-16.691935491648017,-8.16103488935944,-24.85297038100746
15,61.0,-0.22656105,-0.18465523,-0.22462602,62.559999999999945,-5.349999999999994,10.855424276337692,4.741754147954048,276.36,-57.30000000000001,28.19153684564899,12.31433552223666,18.0,4.820764302078274,5.94,9.370160260707086,0.5,13.179235697921726,-7.144575723662308,6.034659974259418
15,61.0,-0.22641036,-0.18172497,-0.21302631,276.36,-57.30000000000001,10.811953640472115,4.78216215390341,276.36,-57.30000000000001,28.078643604306084,12.419275113687153,18.0,21.29581877433429,5.94,9.370160260707086,0.5,-3.2958187743342897,-7.188046359527885,-10.483865133862174
15,61.0,-0.22540574,-0.18122821,-0.21128178,282.76,-59.31999999999999,10.705126305664928,4.811972782587596,282.76,-59.31999999999999,27.80121301581182,12.496693316379988,18.0,21.788991592961217,5.94,9.587156300902937,0.5,-3.7889915929612172,-7.294873694335072,-11.08386528729629
15,62.0,-0.2438456,-0.15456568,-0.25488561,388.3900000000001,-4.860000000000014,16.456272946586974,6.060879712924176,388.3900000000001,-4.860000000000014,42.73694084228637,15.740104614464084,20.0,29.928654847892947,6.6000000000000005,13.168608133072896,0.5,-9.928654847892947,-3.5437270534130256,-13.472381901305972
15,62.0,-0.24669835,-0.14241746,-0.22985546,561.8499999999999,-38.5,16.774901128465775,6.138836969639792,561.8499999999999,-38.5,43.56441823062562,15.942559610154538,18.0,43.29517939774105,5.94,19.049878935006063,0.5,-25.29517939774105,-1.2250988715342253,-26.520278269275277
15,62.0,-0.2486736,-0.13320629,-0.21538332,575.7,-40.56999999999999,16.910294309185545,6.203954723339386,575.7,-40.56999999999999,43.91603432095486,16.111670416512386,20.0,44.36243620055092,6.6000000000000005,19.519471928242403,0.5,-24.362436200550917,-3.089705690814455,-27.452141891365372
15,63.0,-0.17356001,-0.28953925,-0.27128834,-300.5,-75.08000000000001,-18.99218711729248,5.220555741123107,-300.5,-75.08000000000001,-49.32270994360857,13.55778325969671,-45.0,-23.15600499959275,-14.85,-10.18864219982081,-0.5,-21.84399500040725,26.00781288270752,4.163817882300268
15,63.0,-0.17115398,-0.29511687,-0.26775339,-395.99,-107.59,-19.210648829655927,5.2700937680942,-395.99,-107.59,-49.89005501061644,13.686433515740635,-45.0,-30.514297570012424,-14.85,-13.426290930805466,-0.5,-14.485702429987576,25.789351170344073,11.303648740356497
15,63.0,-0.16337298,-0.29866895,-0.26267064,-406.53,-102.14,-19.38292204185472,5.315352155964064,-406.53,-102.14,-50.33744854269671,13.803969549038676,-45.0,-31.32649155568865,-14.85,-13.783656284503008,-0.5,-13.673508444311349,25.61707795814528,11.943569513833932
15,64.0,-0.13516146,-0.25743797,-0.24664725,-277.76,-122.07,-13.845274854854445,4.289107933251592,-277.76,-122.07,-35.95617879805699,11.138813302654384,-45.0,-21.403700328408924,-14.85,-9.417628144499927,-0.5,-23.596299671591076,31.154725145145555,7.558425473554479
15,64.0,-0.13513218,-0.26421997,-0.24823359,-285.26,-120.07,-14.071790427021698,4.328650464015336,-285.26,-120.07,-36.54443973897535,11.241505255047828,-45.0,-21.98163722523736,-14.85,-9.67192037910444,-0.5,-23.01836277476264,30.928209572978304,7.909846798215662
15,64.0,-0.13443246,-0.27100959,-0.25125173,-283.01,-120.07,-14.180141905917624,4.357810657728772,-283.01,-120.07,-36.82582852966807,11.31723427812162,-45.0,-21.80825615618883,-14.85,-9.595632708723086,-0.5,-23.19174384381117,30.819858094082377,7.628114250271205
15,65.0,-0.14343171,-0.260894,-0.24296877,-260.21,-110.61,-11.549801028627355,4.427999816946671,-260.21,-110.61,-29.99483327134524,11.499515524610503,-45.0,-20.05132798983038,-14.85,-8.822584315525367,-0.5,-24.94867201016962,33.45019897137264,8.501526961203025
15,65.0,-0.1458032,-0.26823488,-0.23880139,-248.37,-126.15,-11.623175047572778,4.453133315581174,-260.21,-110.61,-30.185385598546503,11.564787220564307,-45.0,-19.138958275370552,-14.85,-8.822584315525367,-0.5,-25.861041724629448,33.37682495242722,7.515783227797774
15,65.0,-0.14753334,-0.27131167,-0.2356876,-235.69,-129.4,-11.781774410117588,4.48813352688178,-260.21,-110.61,-30.59726814307537,11.655682769311984,-45.0,-18.16185962846594,-14.85,-8.822584315525367,-0.5,-26.83814037153406,33.21822558988241,6.380085218348352
15,66.0,-0.1723965,-0.17623407,-0.23913847,466.76,-76.38,13.233022209806416,5.22399165919194,466.76,-76.38,34.366158678867265,13.566706338921469,11.0,35.967710128485564,3.63,15.825792456533648,0.5,-24.967710128485564,2.233022209806416,-22.73468791867915
15,66.0,-0.17106549,-0.17715967,-0.23109338,472.21,-81.78,13.375595787875168,5.281780120128538,472.21,-81.78,34.73642226111181,13.716782971973812,13.0,36.38767760684757,4.29,16.01057814701293,0.5,-23.387677606847568,0.37559578787516834,-23.012081818972398
15,66.0,-0.17209223,-0.17673151,-0.22791021,-276.23,1140.34,13.521500075115773,5.340808570072239,472.21,-81.78,35.11533569507566,13.870079856477604,18.0,-21.285801201455925,5.94,16.01057814701293,0.5,39.285801201455925,-4.478499924884227,34.8073012765717
15,67.0,-0.15561414,-0.26654184,-0.27503178,20.779999999999973,-60.22,-16.66987582996653,5.049585487071738,-650.75,-238.25,-43.29166753042308,13.113773509925304,-45.0,1.6012704954793235,-14.85,-21.88184678771832,-0.5,-46.601270495479326,28.33012417003347,-18.27114632544585
15,67.0,-0.15016708,-0.27119932,-0.26911163,24.779999999999973,-61.72,-16.861673942001513,5.0977571680818565,-650.75,-238.25,-43.78976722737793,13.238875365508582,-45.0,1.9095035071211568,-14.85,-21.88184678771832,-0.5,-46.90950350712116,28.138326057998487,-18.77117744912267
15,67.0,-0.1438805,-0.28191027,-0.26039255,-650.75,-238.25,-16.987613002924675,5.146716839782745,-650.75,-238.25,-44.11683096859538,13.36602363291579,-45.0,-49.73146997208709,-14.85,-21.88184678771832,-0.5,4.7314699720870905,28.012386997075325,32.743856969162415
15,68.0,-0.16728602,-0.27336422,-0.2562435,-327.64,-132.26999999999998,-14.955011108370128,4.608987159959835,-327.64,-132.26999999999998,-38.83816384843722,11.969539654415687,-42.0,-25.24736598358259,-13.86,-11.10884103277634,-0.5,-16.75263401641741,27.04498889162987,10.292354875212462
15,68.0,-0.16715287,-0.2790904,-0.25536183,-327.64,-130.76999999999998,-15.117330910619067,4.649954691439,-327.64,-130.76999999999998,-39.25970837487772,12.07593233366708,-42.0,-25.24736598358259,-13.86,-11.10884103277634,-0.5,-16.75263401641741,26.882669089380933,10.130035072963523
15,68.0,-0.1676973,-0.28616774,-0.2571736,-331.39,-134.26999999999998,-15.29871875280476,4.695834996934602,-331.39,-134.26999999999998,-39.73077260103396,12.195083487039163,-45.0,-25.53633443199681,-14.85,-11.235987150078596,-0.5,-19.46366556800319,29.70128124719524,10.23761567919205
15,69.0,-0.19355679,-0.20054823,-0.27537301,417.1500000000001,-129.26,12.67500968934506,4.821631341521388,417.1500000000001,-129.26,32.91700016322912,12.521776593931044,20.0,32.144850201597734,6.6000000000000005,14.143734088703004,0.5,-12.144850201597734,-7.32499031065494,-19.469840512252674
15,69.0,-0.18663882,-0.1926012,-0.24947405,-685.0,-224.5,12.789801999519351,4.872685026328602,-685.0,-224.5,33.21511579275176,12.65436301337538,20.0,-51.05109255317869,6.6000000000000005,-22.462480723398624,0.5,71.05109255317869,-7.2101980004806485,63.840894552698046
15,69.0,-0.18419959,-0.19092275,-0.2420826,-685.75,-226.0,12.952778655719667,4.9152121107694935,-685.75,-226.0,33.63836616890398,12.764805851668372,32.0,-51.07998939802012,10.56,-22.47519533512885,0.5,83.07998939802012,-19.04722134428033,64.03276805373979
15,70.0,-0.1838005,-0.18401831,-0.23935413,261.13,-17.180000000000007,14.13564140302648,5.241523837706154,261.13,-17.180000000000007,36.71026072365977,13.61223740652288,-15.0,20.122221582508004,-4.95,8.853777496303522,0.5,-35.122221582508004,29.13564140302648,-5.986580179481525
15,70.0,-0.1852245,-0.18187432,-0.23108719,250.08000000000004,-21.340000000000003,14.19195908270444,5.295667145656624,250.08000000000004,-21.340000000000003,36.85651773778343,13.752847577270254,13.0,19.27072788784744,4.29,8.479120270652873,0.5,-6.270727887847439,1.1919590827044395,-5.0787688051429996
15,70.0,-0.18252099,-0.179931,-0.22848105,750.3900000000001,69.44999999999999,14.291048007387282,5.350918506392016,750.3900000000001,69.44999999999999,37.11385167518477,13.896335361100062,18.0,53.57051213208613,5.94,23.5710253381179,0.5,-35.57051213208613,-3.708951992612718,-39.27946412469885
15,71.0,-0.15379834,-0.27039161,-0.25950477,-308.98,-83.05,-12.992436465432698,4.210745191717119,-308.98,-83.05,-33.74135750072872,10.93530526288936,-45.0,-23.80945898427344,-14.85,-10.476161953080316,-0.5,-21.19054101572656,32.0075635345673,10.817022518840743
15,71.0,-0.13931802,-0.28320104,-0.24775946,-309.73,-81.3,-13.126905358495229,4.249297601249154,-309.73,-81.3,-34.0905732160121,11.035425870444053,-45.0,-23.867252673956283,-14.85,-10.501591176540764,-0.5,-21.132747326043717,31.87309464150477,10.740347315461054
15,71.0,-0.13842042,-0.29535264,-0.24657816,-311.73,-82.3,-13.321284114790569,4.281306195806369,-311.73,-82.3,-34.595374846111106,11.118552190509138,-45.0,-24.0213691797772,-14.85,-10.569402439101967,-0.5,-20.9786308202228,31.67871588520943,10.70008506498663
15,72.0,-0.14535937,-0.27781624,-0.25704595,15.110000000000014,-130.45,-13.572105669056418,4.191854959671992,-664.5,-224.25,-35.246758422539514,10.886247330268164,-45.0,1.1643502014770275,-14.85,-22.114948002772454,-0.5,-46.16435020147703,31.42789433094358,-14.736455870533446
15,72.0,-0.1408556,-0.2880522,-0.25207576,-664.5,-224.25,-13.767685769280954,4.229735999963275,-664.5,-224.25,-35.754679942822634,10.984624391904624,-45.0,-50.261245460846496,-14.85,-22.114948002772454,-0.5,5.261245460846496,31.232314230719048,36.493559691565544
15,72.0,-0.1459931,-0.2867808,-0.25401866,-666.0,-223.75,-13.880316095674855,4.264709001619128,-666.0,-223.75,-36.0471809004676,11.075449277204871,-45.0,-50.31903915052934,-14.85,-22.14037722623291,-0.5,5.319039150529342,31.119683904325143,36.438723054854485
15,73.0,-0.19803753,-0.23113313,-0.22937503,213.02,-72.9,6.095398455971156,2.2916709760936778,,,15.829749790157091,5.95146952491528,13.0,16.41494903498585,4.29,,0.5,-3.414949034985849,-6.904601544028844,-10.319550579014692
15,73.0,-0.19697149,-0.230464,-0.22268932,209.69000000000003,-67.69,6.192808376261335,2.303607992275179,,,16.082723353150687,5.982469955938639,13.0,16.158345052794026,4.29,,0.5,-3.1583450527940258,-6.807191623738665,-9.96553667653269
15,73.0,-0.19775987,-0.23022357,-0.2209532,74.03999999999996,-51.31999999999999,6.268513154761589,2.313454548481148,,,16.279328662915844,6.008041462405542,13.0,5.705393045490338,4.29,,0.5,7.294606954509662,-6.731486845238411,0.5631201092712512
15,74.0,-0.17833464,-0.22226146,-0.22411665,252.17999999999995,-93.4,7.280573871252877,2.5796040393205164,252.17999999999995,-93.4,18.907650343643724,6.69923169011538,-15.0,19.4325502189594,-4.95,8.550322096342136,0.5,-34.4325502189594,22.280573871252876,-12.151976347706523
15,74.0,-0.17860599,-0.22460994,-0.22201194,257.66,-96.33,7.307660716896958,2.591332546286772,257.66,-96.33,18.9779948817814,6.729690622706747,-15.0,19.85482944490871,-4.95,8.736124955759832,0.5,-34.85482944490871,22.307660716896958,-12.547168728011751
15,74.0,-0.18030792,-0.2274922,-0.22052914,258.39,-98.7,7.31564372091399,2.604489812113437,258.39,-98.7,18.998726743213638,6.763860042058595,-15.0,19.911081969533345,-4.95,8.760876066594673,0.5,-34.91108196953334,22.31564372091399,-12.595438248619356
15,74.0,-0.38544399,-0.43107164,-0.47234997,24.639999999999983,-327.63,13.087924249543557,4.300294530389019,258.39,-98.7,33.98933927606462,11.167864895420282,-24.0,1.8987153517136937,-7.92,8.760876066594673,0.5,-25.898715351713694,37.087924249543555,11.189208897829863
15,74.0,-0.38632059,-0.42663988,-0.46673861,13.490000000000007,-315.88,13.218528391900062,4.334965568713167,258.39,-98.7,34.32851823376446,11.257905581948092,-31.0,1.0395158317620845,-10.23,8.760876066594673,0.5,-32.03951583176208,44.218528391900065,12.179012560137977
15,74.0,-0.38860121,-0.43387589,-0.47817487,18.279999999999973,-311.43,13.2825171988969,4.370213689677417,258.39,-98.7,34.49469716553525,11.349444952092252,-29.0,1.4086248632031777,-9.57,8.760876066594673,0.5,-30.408624863203176,42.2825171988969,11.873892335693721
15,75.0,-0.1419346,-0.28088284,-0.26063311,-219.04,-120.55,-10.458663464046335,3.2207532146818885,,,-27.16114901612833,8.364296098528863,-42.0,-16.87883971750681,-13.86,,-0.5,-25.12116028249319,31.541336535953665,6.420176253460475
15,75.0,-0.14281939,-0.2893416,-0.25534666,-217.34,-123.06,-10.4796226534034,3.241752547599124,,,-27.215580030888628,8.418831366114924,-42.0,-16.74784068755903,-13.86,,-0.5,-25.25215931244097,31.5203773465966,6.26821803415563
15,75.0,-0.14517504,-0.29059222,-0.25601202,-219.35,-119.85,-10.61988019611978,3.263008018290088,,,-27.57982886932307,8.474031823499358,-42.0,-16.902727775909053,-13.86,,-0.5,-25.097272224090947,31.38011980388022,6.282847579789273
15,76.0,-0.13939752,-0.28674588,-0.24341747,-197.08,-71.59,-9.8196369353024,3.0415760335588438,-258.95,-131.18,-25.50159712098033,7.8989729591523155,-42.0,-15.18664048359314,-13.86,-8.77986322011181,-0.5,-26.813359516406862,32.1803630646976,5.3670035482907394
15,76.0,-0.14063439,-0.29132244,-0.23449537,-215.14,-114.72,-9.84061195024058,3.0622484088339847,-258.95,-131.18,-25.55606923477478,7.9526591177418595,-42.0,-16.57831253115602,-13.86,-8.77986322011181,-0.5,-25.42168746884398,32.15938804975942,6.737700580915439
15,76.0,-0.14277801,-0.29493374,-0.23182902,-258.95,-131.18,-9.993760472571113,3.0793683270739307,-258.95,-131.18,-25.95379594726717,7.997119545410996,-45.0,-19.954234591163207,-14.85,-8.77986322011181,-0.5,-25.045765408836793,35.00623952742889,9.960474118592094
15,77.0,-0.15904804,-0.28297108,-0.23599073,-196.97000000000003,-116.52,-9.700413781406256,3.0098553011164983,,,-25.191974590312046,7.816594216999544,-34.0,-15.178164075772994,-11.22,,-0.5,-18.821835924227006,24.299586218593745,5.4777502943667375
15,77.0,-0.16593517,-0.30019554,-0.23123582,-196.41000000000005,-99.46,-9.713562504024589,3.0282567655788557,,,-25.226121822951853,7.864382820208288,-42.0,-15.135011454143136,-13.86,,-0.5,-26.864988545856864,32.28643749597541,5.421448950118547
15,77.0,-0.16814873,-0.30740696,-0.23233786,-193.33,-82.77000000000001,-9.791460347326488,3.0450069838292784,,,-25.428422522006887,7.907883137004637,-42.0,-14.89767203517892,-13.86,,-0.5,-27.10232796482108,32.20853965267351,5.106211687852431
15,78.0,-0.1824843,-0.20164208,-0.23982115,471.23,-112.3,12.445777086801916,4.411681562380579,471.23,-112.3,32.32168309442458,11.457137017502363,18.0,36.31216051899532,5.94,15.97735062835794,0.5,-18.31216051899532,-5.554222913198084,-23.866383432193402
15,78.0,-0.18275645,-0.2042975,-0.23421325,475.9100000000001,-123.52,12.567865738870667,4.450317739537301,475.9100000000001,-123.52,32.63874732384713,11.55747516957837,18.0,36.67279314261626,5.94,16.136028982751156,0.5,-18.672793142616257,-5.432134261129333,-24.10492740374559
15,78.0,-0.1842211,-0.20383836,-0.23437008,258.88,-125.96,12.692329755895956,4.489589577729053,258.88,-125.96,32.9619803760618,11.659464133362349,20.0,19.948840513459476,6.6000000000000005,8.777489825922169,0.5,0.0511594865405236,-7.3076702441040435,-7.25651075756352
15,79.0,-0.12567799,-0.3006103,-0.23843554,-175.75,-134.06,-10.083493614195437,3.289592167525936,,,-26.186832916065548,8.543070859064857,-45.0,-13.542987949013066,-14.85,,-0.5,-31.457012050986933,34.91650638580457,3.459494334817629
15,79.0,-0.12488264,-0.30351976,-0.23763071,-177.25,-133.85,-10.151897803311856,3.3115013835981264,,,-26.36447859520089,8.599969093204333,-45.0,-13.658575328378753,-14.85,,-0.5,-31.341424671621247,34.848102196688146,3.5066775250668965
15,79.0,-0.12517726,-0.30648953,-0.23820244,-179.0,-130.64,-10.227054046288526,3.322566701369141,,,-26.559659358211302,8.628705723455658,-45.0,-13.793427270972057,-14.85,,-0.5,-31.206572729027943,34.77294595371147,3.566373224683531
15,80.0,-0.13831699,-0.28420681,-0.25041601,-171.44,-205.52,-11.139145100215355,5.360127462583627,,,-28.92835982525928,13.920251020329676,-45.0,-13.21086687896899,-14.85,,-0.5,-31.78913312103101,33.86085489978464,2.071721778753634
15,80.0,-0.13608523,-0.29713523,-0.24656847,-174.57999999999998,-220.41,-11.180531315741275,5.399413186754318,,,-29.03583982698009,14.022276046000965,-45.0,-13.452829793107826,-14.85,,-0.5,-31.547170206892176,33.81946868425872,2.272298477366551
15,80.0,-0.13627191,-0.30571821,-0.24900542,-176.54000000000002,-216.83,-11.263967800696536,5.439277369656724,,,-29.252524378408904,14.125803328998511,-45.0,-13.603863968812329,-14.85,,-0.5,-31.396136031187673,33.736032199303466,2.339896168115793
15,81.0,-0.14265183,-0.29205322,-0.25897771,-410.67,-177.28,-16.74457708962339,5.3200584644746245,-410.67,-177.28,-43.485666701751946,13.816191832240598,-45.0,-31.64551272273795,-14.85,-13.9240255980047,-0.5,-13.354487277262049,28.25542291037661,14.90093563311456
15,81.0,-0.13439773,-0.30294171,-0.24973924,-647.75,-214.0,-16.98470756458126,5.374259752734227,-647.75,-214.0,-44.10928554521753,13.956952577850789,-45.0,-49.615882592721405,-14.85,-21.83098834079742,-0.5,4.615882592721405,28.01529243541874,32.63117502814015
15,81.0,-0.14092833,-0.29993334,-0.24902515,-647.0,-213.25,-17.076374455419636,5.429473516944504,-647.0,-213.25,-44.34734446072479,14.100342723504877,-45.0,-49.58698574787999,-14.85,-21.818273729067197,-0.5,4.586985747879993,27.923625544580364,32.510611292460354
15,82.0,-0.17647345,-0.20836833,-0.22931623,180.34000000000003,-43.78,9.148457170889715,3.1867136200477537,,,23.758543272800598,8.275895271264016,13.0,13.89668532987207,4.29,,0.5,-0.8966853298720707,-3.8515428291102847,-4.748228158982355
15,82.0,-0.17628831,-0.20703788,-0.22378157,181.59000000000003,-45.53,9.211663305968909,3.2073383600857377,,,23.92268960560125,8.329457721142662,18.0,13.993008146010144,5.94,,0.5,4.006991853989856,-8.788336694031091,-4.7813448400412355
15,82.0,-0.17667454,-0.20755829,-0.22356804,199.16,-45.94999999999999,9.29089154613808,3.2282370862891154,,,24.12844534532059,8.383731713092832,18.0,15.346921649646896,5.94,,0.5,2.6530783503531037,-8.70910845386192,-6.0560301035088155
15,83.0,-0.18538703,-0.19384475,-0.21963194,323.8900000000001,-78.72,10.252113961014484,3.800031202028777,323.8900000000001,-78.72,26.624739956754613,9.868681031668732,20.0,24.958397535168384,6.6000000000000005,10.981694915474089,0.5,-4.958397535168384,-9.747886038985516,-14.7062835741539
15,83.0,-0.18942249,-0.19106276,-0.21676226,332.9200000000001,-93.79,10.37760705000215,3.829222896303836,332.9200000000001,-93.79,26.950645508855583,9.94449186170106,20.0,25.65423355894982,6.6000000000000005,11.28786276593792,0.5,-5.654233558949819,-9.62239294999785,-15.27662650894767
15,83.0,-0.19051795,-0.1893757,-0.21595314,341.24,-98.37,10.578077595423702,3.858831354524442,341.24,-98.37,27.471267515315358,10.021385027699978,25.0,26.29535822316483,8.25,11.569957618192523,0.5,-1.295358223164829,-14.421922404576298,-15.717280627741127
15,84.0,-0.1784317,-0.17831555,-0.21165052,361.57,-88.0,15.332510490073362,4.950022869733017,361.57,-88.0,39.81852974272052,12.855209392696644,32.0,27.86195250483444,10.56,12.259259102127157,0.5,4.138047495165559,-16.66748950992664,-12.529442014761079
15,84.0,-0.18428883,-0.17343242,-0.20552342,-732.0,-220.0,15.406470976896102,4.99717977854344,-732.0,-220.0,40.01060512699918,12.977675884877312,38.0,-52.86196149657447,12.54,-23.259263058492767,0.5,90.86196149657448,-22.593529023103898,68.26843247347057
15,84.0,-0.18709636,-0.17128716,-0.20609219,-733.0,-219.5,15.580351658166656,5.04513870083302,-733.0,-219.5,40.46217325625881,13.10222520606335,38.0,-52.9004906230297,12.54,-23.276215874133065,0.5,90.9004906230297,-22.419648341833344,68.48084228119635
15,85.0,-0.20502329,-0.18459687,-0.22556554,261.04,-76.61000000000001,9.059486263317815,3.439679489690392,261.04,-76.61000000000001,23.52748582583637,8.932847634725949,20.0,20.11528633974606,6.6000000000000005,8.850725989488266,0.5,-0.11528633974605995,-10.940513736682185,-11.055800076428245
15,85.0,-0.21276776,-0.18533748,-0.22265989,226.46000000000004,-72.08000000000001,9.169544508832178,3.466150321568753,261.04,-76.61000000000001,23.813307089437167,9.001592385114053,20.0,17.45061195410241,6.6000000000000005,8.850725989488266,0.5,2.54938804589759,-10.830455491167822,-8.281067445270232
15,85.0,-0.21516715,-0.18410316,-0.22292036,-50.67999999999995,25.74000000000001,9.195838064492584,3.4880871287630058,261.04,-76.61000000000001,23.88159145348724,9.058562273397524,18.0,-3.905312257502028,5.94,8.850725989488266,0.5,21.90531225750203,-8.804161935507416,13.101150321994613
15,86.0,-0.16479355,-0.22137974,-0.24293281,238.38,-114.58,8.70089819701102,3.0220294399615217,-718.75,-256.0,22.596232617637614,7.848210455580072,13.0,18.369146328795075,4.29,-23.034638251258777,0.5,-5.369146328795075,-4.2991018029889805,-9.668248131784056
15,86.0,-0.16260432,-0.21736877,-0.23220447,239.77,-113.22,8.716881978010413,3.0424663075520626,-718.75,-256.0,22.637742496893043,7.901285000712706,18.0,18.47625730034061,5.94,-23.034638251258777,0.5,-0.47625730034060965,-9.283118021989587,-9.759375322330197
15,86.0,-0.16689256,-0.21276078,-0.23131715,-718.75,-256.0,8.759002697988691,3.0594021642816944,-718.75,-256.0,22.74713000667663,7.94526742063956,18.0,-52.35145057104268,5.94,-23.034638251258777,0.5,70.35145057104268,-9.240997302011309,61.110453269031375
15,87.0,-0.17839558,-0.19863349,-0.24988352,336.67999999999995,-104.97,9.403797117734594,3.5535560376127795,336.67999999999995,-104.97,24.42166111475674,9.228585029680389,18.0,25.943972589893136,5.94,11.41534793955298,0.5,-7.943972589893136,-8.596202882265406,-16.54017547215854
15,87.0,-0.17205976,-0.20008501,-0.23646158,340.71000000000004,-107.94,9.487657116597168,3.5817461671737725,340.71000000000004,-107.94,24.63944553180285,9.301794796150286,20.0,26.254517349122285,6.6000000000000005,11.551987633613804,0.5,-6.254517349122285,-10.512342883402832,-16.76686023252512
15,87.0,-0.17782988,-0.2011382,-0.23596577,269.54,-102.17,9.49472408413025,3.6051239309952696,269.54,-102.17,24.657798446486257,9.362506848794716,20.0,20.770281489484955,6.6000000000000005,9.13892385537338,0.5,-0.7702814894849546,-10.50527591586975,-11.275557405354705
15,88.0,-0.18029536,-0.19620575,-0.23326118,371.1099999999999,-132.29000000000002,12.817126322587557,4.945586681960832,371.1099999999999,-132.29000000000002,33.28607705975988,12.843688613052285,11.0,28.59708823760021,3.63,12.582718824544097,0.5,-17.59708823760021,1.8171263225875567,-15.779961915012654
15,88.0,-0.18482722,-0.19197443,-0.22609136,-1.75,-21.94999999999999,12.91524891659624,4.99885153399688,371.1099999999999,-132.29000000000002,33.54090143640044,12.982017433789895,13.0,-0.1348519425933022,4.29,12.582718824544097,0.5,13.134851942593302,-0.08475108340375925,13.050100859189543
15,88.0,-0.18800007,-0.18514718,-0.2259946,-26.700000000000045,-6.099999999999994,13.003091608249216,5.043250974391799,371.1099999999999,-132.29000000000002,33.76902890662321,13.0973227804955,18.0,-2.0574553527092427,5.94,12.582718824544097,0.5,20.057455352709244,-4.996908391750784,15.060546960958458
15,89.0,-0.16158454,-0.20906739,-0.21119654,322.67999999999995,-115.26,8.122158439003934,4.129320093921734,322.67999999999995,-115.26,21.09324546609322,10.723844283914747,-15.0,24.86515704914672,-4.95,10.940669101624556,0.5,-39.86515704914672,23.122158439003933,-16.742998610142784
15,89.0,-0.17329697,-0.20555376,-0.20564219,327.59000000000003,-115.84,8.166808401304936,4.1589495017958455,327.59000000000003,-115.84,21.20920141818892,10.800791856163812,-15.0,25.243513070937077,-4.95,11.107145751212313,0.5,-40.24351307093708,23.166808401304934,-17.076704669632143
15,89.0,-0.17972389,-0.19968134,-0.20499368,233.97000000000003,-102.28,8.278257559314532,4.1889731641315615,327.59000000000003,-115.84,21.49863488153984,10.878763307249663,9.0,18.02931943345996,2.97,11.107145751212313,0.5,-9.02931943345996,-0.7217424406854676,-9.751061874145428
15,91.0,-0.14899629,-0.29391265,-0.22940782,-211.53,-174.68,-8.933857516764148,2.9026447930546,,,-23.20122797103649,7.538168527562797,-42.0,-16.300132238149263,-13.86,,-0.5,-25.699867761850737,33.06614248323585,7.366274721385116
15,91.0,-0.14953493,-0.29924044,-0.22826652,-227.35,-192.46,-8.959815340380732,2.921541819696034,,,-23.268640438968763,7.5872441057506,-45.0,-17.51919379919272,-14.85,,-0.5,-27.48080620080728,36.04018465961927,8.559378458811988
15,91.0,-0.15395297,-0.3001287,-0.22748287,-231.23,-199.8,-9.03056487270931,2.9371740350994218,,,-23.45237697442608,7.6278409691531985,-45.0,-17.818179820485298,-14.85,,-0.5,-27.181820179514702,35.969435127290694,8.787614947775989
15,92.0,-0.16985145,-0.28314653,-0.2227097,-105.91999999999996,-79.42,-6.977559741151772,2.2713982970264475,,,-18.120722647771156,5.8988213773776845,-42.0,-8.16201014827575,-13.86,,-0.5,-33.83798985172425,35.02244025884823,1.1844504071239772
15,92.0,-0.17096052,-0.28533182,-0.21972843,-181.96,-77.14,-7.043970825809591,2.2809262399101766,,,-18.293192234627508,5.923565445046728,-42.0,-14.02151969958701,-13.86,,-0.5,-27.97848030041299,34.956029174190405,6.977548873777419
15,92.0,-0.17012243,-0.28533658,-0.21973673,-185.54,-79.52000000000001,-7.113894957825664,2.2916132714309683,,,-18.47478520547325,5.951319665906224,-42.0,-14.297388245006454,-13.86,,-0.5,-27.702611754993548,34.886105042174336,7.18349328718079
15,93.0,-0.13512544,-0.29520449,-0.23379005,-180.61,-107.42,-7.449089748916718,2.464189992925202,,,-19.34528607793672,6.399501411626749,-45.0,-13.917491058157896,-14.85,,-0.5,-31.082508941842104,37.55091025108328,6.4684013092411785
15,93.0,-0.13798359,-0.29859328,-0.22847217,-185.6,-109.6,-7.483147154084433,2.475386129143508,,,-19.43373315915727,6.42857777738569,-45.0,-14.302011740181085,-14.85,,-0.5,-30.697988259818914,37.516852845915565,6.818864586096652
15,93.0,-0.13660823,-0.30159432,-0.22926863,-169.7,-9.449999999999989,-7.52128239777365,2.4879469227977573,,,-19.532770387018168,6.461198158505777,-45.0,-13.076785518904789,-14.85,,-0.5,-31.92321448109521,37.478717602226354,5.555503121131139
15,94.0,-0.14186452,-0.29598874,-0.22544724,-274.07,-182.76,-7.524184007066704,2.512415948452236,-274.07,-182.76,-19.54030586635223,6.524744218130457,-42.0,-21.11935537516933,-13.86,-9.292516365074508,-0.5,-20.88064462483067,34.4758159929333,13.595171368102626
15,94.0,-0.14497297,-0.29920453,-0.22290775,-243.35,-176.43,-7.553758003311963,2.527952331070172,-274.07,-182.76,-19.61710953460117,6.565092203789236,-42.0,-18.75212584576006,-13.86,-9.292516365074508,-0.5,-23.24787415423994,34.44624199668804,11.198367842448096
15,94.0,-0.14430313,-0.29992938,-0.22384723,-244.87,-193.28,-7.63541722550446,2.5397235304126755,-274.07,-182.76,-19.829178534635084,6.595662008481718,-45.0,-18.86925439018395,-14.85,-9.292516365074508,-0.5,-26.13074560981605,37.36458277449554,11.23383716467949
15,95.0,-0.21166198,-0.20016976,-0.26728925,370.96,-111.71,12.363685401973092,4.600628664925015,370.96,-111.71,32.10849098892412,11.947832642810264,-15.0,28.585529499663654,-4.95,12.577632979852009,0.5,-43.58552949966365,27.363685401973093,-16.221844097690564
15,95.0,-0.1996709,-0.19442916,-0.22875823,-688.0,-257.25,12.43612548511676,4.63416666787599,-688.0,-257.25,32.296617884848224,12.034930836473944,13.0,-51.16667993254438,4.29,-22.51333917031953,0.5,64.16667993254438,-0.5638745148832403,63.602805417661145
15,95.0,-0.19650285,-0.1886346,-0.21550708,-687.25,-256.5,12.63208921599627,4.68106634115177,-687.25,-256.5,32.80553569394231,12.156729287971148,13.0,-51.13778308770296,4.29,-22.5006245585893,0.5,64.13778308770296,-0.3679107840037297,63.76987230369923
15,96.0,-0.17015855,-0.27723873,-0.24934725,-204.21,-93.6,-11.417783385491536,5.102848121617264,,,-29.651983452121524,13.252096571840037,-42.0,-15.73606582684471,-13.86,,-0.5,-26.26393417315529,30.582216614508464,4.318282441353174
15,96.0,-0.17457694,-0.2765581,-0.24177568,-211.37,-86.27,-11.461496448015362,5.139277659620238,,,-29.76550627549589,13.346704082033758,-35.0,-16.287802917683592,-11.55,,-0.5,-18.712197082316408,23.53850355198464,4.82630646966823
15,96.0,-0.17671174,-0.27502632,-0.24028805,-211.81,-70.54,-11.561800079075905,5.184521880763919,,,-30.02599480536012,13.4642033243439,-15.0,-16.321708548964196,-4.95,,-0.5,1.321708548964196,3.438199920924095,4.759908469888291
