Participant,trigger_no,fzd_hands0_fingerTip_coordinates_x,fzd_hands0_fingerTip_coordinates_y,fzd_hands0_fingerTip_coordinates_z,eyegaze_new_coordinates_x,eyegaze_new_coordinates_y,angle_center,Buidling_half_width,eyegaze_new_coordinates_x_without_tablet_&_road_gazes,eyegaze_new_coordinates_y_without_tablet_&_road_gazes,angle_center_scaled,Buidling_half_width_scaled,horizontal_angle_finger_pointing_unscaled,eyegaze_horiz_angle_x,horizontal_angle_finger_pointing,eyegaze_horiz_angle_x_scaled_without_tablet,side,difference,D_p,D_g
17,25.0,-0.45418873,0.18800448,-0.56964105,283.01,538.69,17.08325935606562,3.0610526670542217,,,39.27441325959487,7.037360081557655,44.0,20.054082908858508,17.6,,0.5,23.945917091141492,-26.91674064393438,-2.9708235527928863
17,25.0,-0.45113567,0.18329914,-0.56173664,516.3,713.72,17.213672871899693,3.080678444242292,,,39.57423393249739,7.082479743313026,44.0,36.5850076175529,17.6,,0.5,7.414992382447103,-26.786327128100307,-19.371334745653204
17,25.0,-0.46110305,0.17200114,-0.55507237,483.62,749.99,17.300596816276506,3.100528988310982,,,39.77407208061969,7.128116144126949,30.0,34.26930347472582,12.0,,0.5,-4.269303474725817,-12.699403183723494,-16.96870665844931
17,26.0,-0.35896543,0.00113113,-0.21558,424.21,352.95000000000005,15.872543029176128,2.90543664504653,678.27,157.7,36.49097642407592,6.679598846961973,38.0,30.059512069421118,15.2,21.95195763726128,0.5,7.9404879305788825,-22.12745697082387,-14.186969040244989
17,26.0,-0.35913941,-0.00139367,-0.21659186,367.15,447.15,15.970179920674038,2.9251144012334755,678.27,157.7,36.71544363762961,6.724838008435762,38.0,26.01624161685948,15.2,21.95195763726128,0.5,11.983758383140518,-22.02982007932596,-10.046061696185443
17,26.0,-0.3563785,-0.00394669,-0.21573375,346.26,362.04,16.130149502513955,2.9414088416774025,678.27,157.7,37.08321370627958,6.762298927016346,37.0,24.535976636943385,14.8,21.95195763726128,0.5,12.464023363056615,-20.869850497486045,-8.40582713442943
17,26.0,-0.29704562,0.0776209,-0.21664327,678.27,157.7,25.404532655913112,4.499247260266673,678.27,157.7,58.40502057594424,10.34376945135308,45.0,46.70629284523676,18.0,21.95195763726128,0.5,-1.70629284523676,-19.595467344086888,-21.301760189323648
17,26.0,-0.29777867,0.07712641,-0.21857685,680.48,150.81,25.61155004407935,4.537151598059536,680.48,150.81,58.88095355133843,10.430911523938873,45.0,46.784593123015945,18.0,21.98875876781749,0.5,-1.784593123015945,-19.38844995592065,-21.173043078936594
17,26.0,-0.29688722,0.07573545,-0.21607076,607.1199999999999,262.89,25.75654127415612,4.575604053385234,607.1199999999999,262.89,59.21428838928491,10.519313718732654,45.0,43.02051099122355,18.0,20.21964016587507,0.5,1.9794890087764472,-19.24345872584388,-17.263969717067432
17,27.0,-0.33326054,0.01322631,-0.24361004,308.71000000000004,544.57,17.308614441755136,2.96118415092319,327.13,272.87,39.792504601595056,6.807762362972415,45.0,21.87518439204873,18.0,10.89479985416839,0.5,23.12481560795127,-27.691385558244864,-4.566569950293594
17,27.0,-0.33395168,0.00953086,-0.24535696,327.13,272.87,17.435573038887977,2.9796782185922384,327.13,272.87,40.08438241640346,6.850280224543553,45.0,23.180425221634877,18.0,10.89479985416839,0.5,21.819574778365123,-27.564426961112023,-5.7448521827469
17,27.0,-0.33560666,0.00682067,-0.24618858,298.35,635.57,17.483065048671904,2.998372684807384,327.13,272.87,40.193566546896704,6.8932588023721735,45.0,21.141075000381395,18.0,10.89479985416839,0.5,23.858924999618605,-27.516934951328096,-3.6580099517094915
17,28.0,-0.2963925,-0.33408114,-0.23788792,-366.96,385.24,-19.91530638954516,2.38203157376636,-366.96,385.24,-45.785289389564326,5.476290588088862,-15.0,-26.00277822068026,-6.0,-12.22130576371972,-0.5,11.00277822068026,-4.915306389545162,6.0874718311350975
17,28.0,-0.30033606,-0.33680046,-0.23803698,-478.53,353.63,-20.05395823007134,2.3958616312899395,-478.53,353.63,-46.104049970934014,5.508085890335572,-34.0,-33.908626177082304,-13.6,-15.937054303228685,-0.5,-0.09137382291769569,13.946041769928659,13.854667947010963
17,28.0,-0.30267456,-0.3365396,-0.23605989,-539.69,357.78,-20.155514752619315,2.412963672795144,-539.69,357.78,-46.3375284162718,5.547403483756032,-15.0,-38.24242254719569,-6.0,-17.973938597181974,-0.5,23.242422547195687,-5.155514752619315,18.086907794576373
17,29.0,-0.31339416,-0.01268082,-0.21717593,468.89,123.74,18.151125742558044,3.0281611355568137,468.89,123.74,41.72943808214095,6.961742450645115,45.0,33.22553597093625,18.0,15.616001906340037,0.5,11.77446402906375,-26.848874257441956,-15.074410228378206
17,29.0,-0.31260714,-0.00956017,-0.21622872,452.79,193.41000000000005,18.3305155153221,3.0473913432187336,452.79,193.41000000000005,42.14185516972551,7.005952698059868,45.0,32.08469029469646,18.0,15.079804438507336,0.5,12.915309705303542,-26.6694844846779,-13.754174779374356
17,29.0,-0.31412917,-0.00864822,-0.21470374,408.35,306.23,18.43678568320608,3.0687991528094525,452.79,193.41000000000005,42.38617028569077,7.055169252308932,45.0,28.935672788355088,18.0,15.079804438507336,0.5,16.064327211644912,-26.56321431679392,-10.49888710514901
17,30.0,-0.33416528,0.01594185,-0.18775913,521.54,177.61,20.36411587714145,3.5358232352217964,521.54,177.61,46.817102401548205,8.128857617774909,45.0,36.95631391218002,18.0,17.36946753872461,0.5,8.043686087819978,-24.63588412285855,-16.59219803503857
17,30.0,-0.3352879,0.01599293,-0.18867511,512.1099999999999,182.93,20.49657639157892,3.5586937006056694,512.1099999999999,182.93,47.12162912423994,8.181436817692433,45.0,36.288104301811,18.0,17.05540902185117,0.5,8.711895698188997,-24.50342360842108,-15.791527910232084
17,30.0,-0.33690315,0.01912225,-0.19234452,524.1400000000001,152.61,20.645604506348818,3.58440289482048,524.1400000000001,152.61,47.46424476009593,8.240542255192281,45.0,37.14054985989576,18.0,17.456058434151007,0.5,7.8594501401042365,-24.354395493651182,-16.494945353546946
17,31.0,-0.3650592,-0.05924126,-0.2130013,325.22,318.57000000000005,15.2505377070259,4.4039672375588905,265.26,378.12,35.06098618845254,10.12472067914789,38.0,23.045082660043697,15.2,8.834269584925584,0.5,14.954917339956303,-22.7494622929741,-7.794544953017796
17,31.0,-0.3600693,-0.06320401,-0.21399376,265.26,378.12,15.27706393494754,4.428795475135136,265.26,378.12,35.12196998644439,10.18180079733568,41.0,18.796318265799115,16.400000000000002,8.834269584925584,0.5,22.203681734200885,-25.72293606505246,-3.5192543308515756
17,31.0,-0.36339852,-0.05947397,-0.21507819,260.36,292.1,15.387658340087894,4.456412522604524,260.36,292.1,35.376226523862066,10.2452923894678,41.0,18.44910436433484,16.400000000000002,8.671079051237374,0.5,22.55089563566516,-25.612341659912104,-3.061446024246946
17,32.0,-0.35414857,-0.05614588,-0.21055853,200.02,291.51,14.131878036620176,2.468102363660704,251.78,206.91,32.48918760618978,5.674167334055959,26.0,14.173413177731808,10.4,8.385329096330256,0.5,11.826586822268192,-11.868121963379824,-0.04153514111163226
17,32.0,-0.35451087,-0.05744058,-0.21076871,219.04999999999995,205.42999999999995,14.16852926286598,2.481316029170519,251.78,206.91,32.57344877532889,5.704545551063022,26.0,15.521878595051255,10.4,8.385329096330256,0.5,10.478121404948745,-11.83147073713402,-1.3533493321852763
17,32.0,-0.35438943,-0.05620043,-0.21025769,251.78,206.91,14.271229984050466,2.493322583732649,251.78,206.91,32.80955773333202,5.732148620001359,26.0,17.841125736872886,10.4,8.385329096330256,0.5,8.158874263127114,-11.728770015949534,-3.56989575282242
17,33.0,-0.36580262,-0.06526615,-0.2126282,358.74,93.05,13.30500755483208,2.3745023294375365,358.74,93.05,30.58821236855895,5.458980855376897,41.0,25.42030918597895,16.400000000000002,11.947545317410109,0.5,15.579690814021049,-27.69499244516792,-12.11530163114687
17,33.0,-0.36791268,-0.06201269,-0.21192831,400.89,112.63,13.371304416983936,2.3867638188229794,400.89,112.63,30.74062885464607,5.4871700194740285,41.0,28.407057338370688,16.400000000000002,13.351316949034224,0.5,12.592942661629312,-27.628695583016064,-15.035752921386752
17,33.0,-0.36739627,-0.06380718,-0.2138682,453.27,109.95999999999998,13.438105617595545,2.399148039311547,453.27,109.95999999999998,30.89420481485216,5.515641342377247,41.0,32.118703085043975,16.400000000000002,15.095790449970668,0.5,8.881296914956025,-27.561894382404454,-18.68059746744843
17,34.0,-0.30072418,-0.04837133,-0.24578661,491.2000000000001,-1491.69,16.47146150980781,2.9419379736724114,491.2000000000001,47.56999999999999,37.86789001104816,6.763515401472874,45.0,66.89536401578698,18.0,16.35901839747964,0.5,-21.89536401578698,-28.52853849019219,-50.42390250597917
17,34.0,-0.30213842,-0.04700676,-0.2462415,491.2000000000001,47.56999999999999,16.659417514253956,2.9602525733815668,491.2000000000001,47.56999999999999,38.30000086526984,6.805620666204222,45.0,34.80642212229711,18.0,16.35901839747964,0.5,10.193577877702893,-28.340582485746044,-18.14700460804315
17,34.0,-0.30189848,-0.04721536,-0.24638818,485.06,66.12,16.82728059493183,2.978767419988877,485.06,66.12,38.68591808774827,6.848186298554426,45.0,34.37134184576838,18.0,16.154530667511136,0.5,10.628658154231623,-28.17271940506817,-17.54406125083655
17,35.0,-0.3029542,-0.01115491,-0.28162697,188.94000000000003,175.52999999999997,20.65284300179112,3.595422976833984,533.89,204.45,47.48088606111778,8.265877423741326,-45.0,13.38828460054319,-18.0,17.780774292000004,0.5,-58.38828460054319,65.65284300179113,7.264558401247928
17,35.0,-0.30121082,-0.01334263,-0.28159913,533.89,204.45,20.789318528926845,3.6190041567426814,533.89,204.45,47.79464329800282,8.320090556351424,-31.0,37.8314346638298,-12.4,17.780774292000004,0.5,-68.83143466382981,51.78931852892684,-17.042116134902958
17,35.0,-0.30150715,-0.01507233,-0.28314418,310.32,419.05,20.95752232112872,3.648194311952517,533.89,204.45,48.18134381627492,8.387198723178837,-31.0,21.98926895967271,-12.4,17.780774292000004,0.5,-52.989268959672714,51.95752232112872,-1.0317466385439893
17,36.0,-0.3172757,-0.05193447,-0.2508108,393.08,65.13,15.942938830917903,3.807437641501706,393.08,65.13,36.652816372280256,8.753299137812423,45.0,27.85364089542456,18.0,13.09121122084954,0.5,17.14635910457544,-29.057061169082097,-11.910702064506658
17,36.0,-0.31781322,-0.05226043,-0.2500065,410.8200000000001,52.79000000000002,16.078988830055152,3.828884328536941,410.8200000000001,52.79000000000002,36.96559532029679,8.802605071306427,45.0,29.11069693868504,18.0,13.682027561181968,0.5,15.889303061314958,-28.921011169944848,-13.03170810862989
17,36.0,-0.31987628,-0.05152449,-0.25177941,392.5700000000001,92.93,16.15628264305637,3.852731665340196,392.5700000000001,92.93,37.1432937963866,8.857430098617108,45.0,27.817502305680318,18.0,13.074226083669746,0.5,17.182497694319682,-28.84371735694363,-11.661219662623946
17,37.0,-0.33518019,-0.04333114,-0.26969147,150.46000000000004,245.23,14.817553081740828,2.729670655205882,,,34.065554534922164,6.275512836318324,45.0,10.661592574350207,18.0,,0.5,34.33840742564979,-30.182446918259174,4.1559605073906205
17,37.0,-0.33566421,-0.04199474,-0.27113423,162.08000000000004,225.12,14.9076850568161,2.7425299164453136,,,34.27276794562022,6.305076277907775,45.0,11.484985540679794,18.0,,0.5,33.515014459320206,-30.0923149431839,3.422699516136305
17,37.0,-0.33580288,-0.0409658,-0.27447665,199.86,247.64,15.001832324853128,2.760407955104694,,,34.48921251483734,6.346177888785693,45.0,14.162075580949304,18.0,,0.5,30.837924419050694,-29.998167675146874,0.8397567439038234
17,38.0,-0.32147807,-0.04113164,-0.28660402,0.0,0.0,16.962194557927255,3.472261518769116,252.5,224.39,38.99608528867476,7.9827292316501985,45.0,0.0,18.0,8.40930811352526,0.5,45.0,-28.037805442072745,16.962194557927255
17,38.0,-0.32325041,-0.04010878,-0.28568006,252.5,224.39,17.044070881932072,3.4964154106890435,252.5,224.39,39.18431895756184,8.03825902917411,45.0,17.89214492239417,18.0,8.40930811352526,0.5,27.10785507760583,-27.955929118067928,-0.8480740404620981
17,38.0,-0.3228209,-0.04208991,-0.28689036,342.78,231.3,17.004922667322816,3.5141936224262214,342.78,231.3,39.09431721217516,8.079131137957882,45.0,24.28938390692385,18.0,11.41601043625421,0.5,20.71061609307615,-27.995077332677184,-7.284461239601033
17,39.0,-0.33325171,-0.07890618,-0.30703607,265.88,176.18,13.320784957537354,2.435465506751873,265.88,176.18,30.62448461737837,5.599135200022555,32.0,18.840251453331337,12.8,8.854918183065728,0.5,13.159748546668663,-18.679215042462644,-5.519466495793983
17,39.0,-0.32996076,-0.07579842,-0.29182345,320.84000000000003,155.99,13.38210522496698,2.4471231291517324,320.84000000000003,155.99,30.765459912199084,5.625936073919831,35.0,22.73471594812256,14.0,10.685316495617602,0.5,12.26528405187744,-21.617894775033022,-9.35261072315558
17,39.0,-0.3279731,-0.07607557,-0.28564557,340.89,140.92000000000002,13.549035295958232,2.46151314261952,340.89,140.92000000000002,31.14923214540797,5.659018714882276,38.0,24.15545854493049,15.2,11.35306551611733,0.5,13.84454145506951,-24.450964704041766,-10.606423248972257
17,40.0,-0.30501911,-0.02230102,-0.28335798,0.0,0.0,17.53965410273724,3.239962257654195,353.36,229.04,40.323664782192914,7.448673230346994,-45.0,0.0,-18.0,11.768368772258558,0.5,-45.0,62.539654102737245,17.53965410273724
17,40.0,-0.30319169,-0.02306945,-0.2862809,353.36,229.04,17.724387621740366,3.268778919406208,353.36,229.04,40.7483671423811,7.514922735714869,-45.0,25.039082494167147,-18.0,11.768368772258558,0.5,-70.03908249416715,62.72438762174036,-7.314694872426781
17,40.0,-0.30248213,-0.01999855,-0.28255287,424.14,244.11,17.95370869408583,3.288990607428418,424.14,244.11,41.27557628770332,7.561389406477932,-45.0,30.054551870828764,-18.0,14.12563937928952,0.5,-75.05455187082876,62.95370869408583,-12.100843176742934
17,41.0,-0.31451795,-0.06297303,-0.3068729,311.1,120.2,14.84522774902172,3.7595616379782673,311.1,120.2,34.12917859500094,8.643232205712037,45.0,22.04453974398744,18.0,10.360933679674094,0.5,22.95546025601256,-30.15477225097828,-7.1993119949657185
17,41.0,-0.31929755,-0.06174589,-0.30484083,303.39,129.11,14.878127406846165,3.7787426172396152,303.39,129.11,34.20481490833933,8.687329277033875,45.0,21.498209299030364,18.0,10.10415837054427,0.5,23.501790700969636,-30.121872593153835,-6.620081892184199
17,41.0,-0.31968713,-0.06098684,-0.30433628,303.39,-3004.3,14.946377076769238,3.804599172813949,303.39,129.11,34.361720899492475,8.746773498299271,45.0,78.7902745401343,18.0,10.10415837054427,0.5,-33.790274540134305,-30.053622923230762,-63.84389746336507
17,42.0,-0.24690555,-0.15697217,-0.29898527,-273.49,216.42,-16.714054152759463,2.1748057016277453,-273.49,216.42,-38.425610497194,4.999878308042188,-15.0,-19.379495900299336,-6.0,-9.108363073140689,-0.5,4.379495900299336,-1.7140541527594628,2.665441747539873
17,42.0,-0.24786924,-0.15766267,-0.29977396,-266.56,228.7,-16.816240265177147,2.189409567159223,-266.56,228.7,-38.66053636964226,5.033452594899053,-15.0,-18.88843623965699,-6.0,-8.877565032638785,-0.5,3.88843623965699,-1.8162402651771465,2.0721959744798433
17,42.0,-0.24786516,-0.1576622,-0.2987904,-272.9,216.76,-16.90684703850726,2.200149154133058,-272.9,216.76,-38.86884134152819,5.0581429053519,-15.0,-19.337688512163837,-6.0,-9.088713600717002,-0.5,4.337688512163837,-1.9068470385072587,2.430841473656578
17,44.0,-0.24257997,-0.22623527,-0.26965028,-314.19000000000005,7346.37,-21.205055845649756,2.7598208734940712,-454.48,312.96000000000004,-48.75042338914878,6.344828188162872,-15.0,-22.263497081849607,-6.0,-15.136088520534496,-0.5,7.263497081849607,-6.205055845649756,1.058441236199851
17,44.0,-0.23980433,-0.22645049,-0.27277362,-454.48,312.96000000000004,-21.24687133452352,2.783427853381987,-454.48,312.96000000000004,-48.846557198069576,6.399100634925187,-15.0,-32.204443660711696,-6.0,-15.136088520534496,-0.5,17.204443660711696,-6.246871334523519,10.957572326188178
17,44.0,-0.24126063,-0.22701071,-0.27494803,-457.46,289.74,-21.39728402638525,2.810066088074276,-457.46,289.74,-49.19235597665969,6.46034193648276,-15.0,-32.41560640078589,-6.0,-15.235335008369368,-0.5,17.41560640078589,-6.39728402638525,11.01832237440064
17,46.0,-0.27493033,-0.21318872,-0.27031702,-171.51999999999998,236.19,-11.551772907587733,2.296582524118828,,,-26.557525914544197,5.279843222949188,-12.0,-12.153903750847714,-4.800000000000001,,-0.5,0.15390375084771435,0.4482270924122673,0.6021308432599817
17,46.0,-0.27432963,-0.21240628,-0.26983732,-181.74,219.61,-11.522784933601269,2.305412064551441,,,-26.490882562349316,5.300142336403761,-12.0,-12.878092745330363,-4.800000000000001,,-0.5,0.8780927453303633,0.4772150663987311,1.3553078117290944
17,46.0,-0.27578562,-0.21302865,-0.26982725,-198.92,241.12,-11.559946043038565,2.3118678608981007,,,-26.576315952945656,5.314984212204733,-12.0,-14.095467199852074,-4.800000000000001,,-0.5,2.0954671998520737,0.44005395696143523,2.535521156813509
17,47.0,-0.27081692,-0.22028521,-0.27990022,-24.49000000000001,264.61,-12.874506682315292,1.6334102481825663,,,-29.59849086264285,3.75521016057172,-14.0,-1.7353609075225085,-5.6000000000000005,,-0.5,-12.264639092477491,1.1254933176847075,-11.139145774792784
17,47.0,-0.2698566,-0.22060227,-0.27761057,-52.63,156.73000000000002,-12.957349254157728,1.639051052425014,,,-29.78894593530861,3.768178369525108,-14.0,-3.729360741645961,-5.6000000000000005,,-0.5,-10.27063925835404,1.0426507458422716,-9.227988512511768
17,47.0,-0.27087516,-0.22247744,-0.27857214,-83.63999999999999,152.68,-13.013774827121887,1.6447303156291957,,,-29.918668327553217,3.7812349956315217,-14.0,-5.926728718055636,-5.6000000000000005,,-0.5,-8.073271281944365,0.9862251728781128,-7.087046109066251
17,48.0,-0.23785774,0.0046707,-0.25616065,768.99,-80.88,-4.233686074421404,1.2957348062534977,768.99,-80.88,-9.733244285094807,2.9788943195767907,-31.0,49.92050153307755,-12.4,23.462635720546448,-0.5,-80.92050153307756,26.766313925578597,-54.154187607498955
17,48.0,-0.23782182,0.00528772,-0.2578181,782.46,-91.25,-4.281061314388363,1.299232854959541,782.46,-91.25,-9.842159961778846,2.986936333551985,-31.0,50.397743497641216,-12.4,23.68693944389137,-0.5,-81.39774349764122,26.718938685611636,-54.678804812029576
17,48.0,-0.23382685,0.00666001,-0.25578517,776.74,-42.829999999999984,-4.240084233440785,1.3031443945428056,776.74,-42.829999999999984,-9.747953652680366,2.99592896305391,-31.0,50.1950839551539,-12.4,23.59168945892233,-0.5,-81.1950839551539,26.759915766559214,-54.43516818859468
17,48.0,-0.24723351,-0.00490273,-0.26637954,53.360000000000014,276.82000000000005,-4.853852971419087,1.3602512693243367,776.74,-42.829999999999984,-11.15900798129248,3.12721766817665,-45.0,3.781088526966151,-18.0,23.59168945892233,-0.5,-48.78108852696615,40.14614702858091,-8.634941498385238
17,48.0,-0.2477538,-0.00412171,-0.26479399,116.22000000000004,266.98,-4.846117251658456,1.3645124220537244,776.74,-42.829999999999984,-11.141223561562793,3.1370140583015123,-45.0,8.235346862893667,-18.0,23.59168945892233,-0.5,-53.235346862893664,40.153882748341545,-13.081464114552123
17,48.0,-0.24789655,-0.00409543,-0.26369917,115.05,262.0,-4.862160714651904,1.36880423948533,776.74,-42.829999999999984,-11.178107482984728,3.1468809465767733,45.0,8.152440686421583,18.0,23.59168945892233,-0.5,36.847559313578415,-49.86216071465191,-13.014601401073488
17,49.0,-0.30095261,-0.12542818,-0.26196,243.29,101.88,10.946709974204287,5.196999278256397,251.05999999999997,79.99000000000001,25.16648623069566,11.947901340711455,32.0,17.239524507601097,12.8,8.361350079135253,0.5,14.760475492398903,-21.05329002579571,-6.292814533396809
17,49.0,-0.30086994,-0.12437987,-0.26241842,251.05999999999997,79.99000000000001,11.140820763768794,5.240651912060457,251.05999999999997,79.99000000000001,25.612746935904458,12.04825874582699,32.0,17.790106551351602,12.8,8.361350079135253,0.5,14.209893448648398,-20.859179236231206,-6.649285787582809
17,49.0,-0.30148688,-0.12372223,-0.26392859,255.80999999999997,79.89999999999998,11.19360957681016,5.2894954623589605,255.80999999999997,79.89999999999998,25.73410841708656,12.16055006796325,32.0,18.126691455832283,12.8,8.519544984241172,0.5,13.873308544167717,-20.80639042318984,-6.933081879022124
17,50.0,-0.3078568,-0.08199732,-0.2410551,-82.91000000000003,351.12,14.50824973830514,5.222901188325269,,,33.354466148363514,12.007449831959796,-45.0,-5.875000932735451,-18.0,,0.5,-39.12499906726455,59.50824973830514,20.383250671040592
17,50.0,-0.30774152,-0.07965463,-0.23872606,-102.14,302.38,14.721047260925404,5.276403696574198,,,33.8436876528675,12.13045209842408,-31.0,-7.237638346033031,-12.4,,0.5,-23.76236165396697,45.7210472609254,21.958685606958436
17,50.0,-0.30838916,-0.07800037,-0.23743314,81.80999999999995,263.46000000000004,14.841055461008404,5.336495225337637,,,34.11958650485832,12.268602523051229,-31.0,5.797054954855708,-12.4,,0.5,-36.79705495485571,45.8410554610084,9.044000506152695
17,51.0,-0.42174208,-0.37448925,-0.54090911,-61.620000000000005,241.44000000000003,-29.69334012174068,7.3494399921571905,,,-68.26498893988182,16.89636254196938,-24.0,-4.366391960863084,-9.6,,-0.5,-19.633608039136917,-5.693340121740679,-25.326948160877595
17,51.0,-0.42165133,-0.37616071,-0.54304487,-58.22000000000003,234.84000000000003,-30.347323464449435,7.498257941192353,,,-69.76849664476924,17.238495006801216,-24.0,-4.125468029234808,-9.6,,-0.5,-19.87453197076519,-6.347323464449435,-26.22185543521463
17,51.0,-0.42061618,-0.37543419,-0.54032046,-141.58999999999995,210.46000000000004,-30.963674416375696,7.635848315238748,,,-71.18548748324773,17.55481527673388,-24.0,-10.033064552719962,-9.6,,-0.5,-13.966935447280038,-6.963674416375696,-20.930609863655732
17,52.0,-0.2358214,-0.17390008,-0.28042918,-99.82000000000004,197.32000000000005,-12.822766191906782,4.680108542767503,-333.59000000000003,-20.860000000000014,-29.47953947519369,10.75956953982249,-15.0,-7.0732431926866814,-6.0,-11.109944925112442,-0.5,-7.9267568073133186,2.1772338080932183,-5.7495229992201
17,52.0,-0.23298521,-0.17282116,-0.28262094,-128.0,225.42,-12.911340025655663,4.71485662156001,-333.59000000000003,-20.860000000000014,-29.68317071898237,10.839455372966462,-15.0,-9.070077426005758,-6.0,-11.109944925112442,-0.5,-5.929922573994242,2.0886599743443366,-3.8412625996499052
17,52.0,-0.23320204,-0.1754186,-0.2826739,-154.92999999999995,246.48,-13.020173606066706,4.750086285950333,-333.59000000000003,-20.860000000000014,-29.93337912034736,10.920448371399813,-15.0,-10.978336684461496,-6.0,-11.109944925112442,-0.5,-4.021663315538504,1.979826393933294,-2.04183692160521
17,52.0,-0.22985838,-0.17446084,-0.28124404,-333.59000000000003,-20.860000000000014,-15.549682031248617,5.425099578343484,-333.59000000000003,-20.860000000000014,-35.74871898984056,12.47230393061167,-15.0,-23.638180691728603,-6.0,-11.109944925112442,-0.5,8.638180691728603,-0.5496820312486168,8.088498660479987
17,52.0,-0.22960161,-0.17373623,-0.28271791,-262.57000000000005,-25.06,-15.772124706811512,5.470368862987812,-262.57000000000005,-25.06,-36.26011470095967,12.57637801600898,-15.0,-18.605704919893217,-6.0,-8.744681312349812,-0.5,3.605704919893217,-0.7721247068115122,2.8335802130817047
17,52.0,-0.23068739,-0.17433928,-0.28072336,-289.16,33.809999999999945,-15.885518203687328,5.520961189208363,-289.16,33.809999999999945,-36.52080635027716,12.692689773990027,-15.0,-20.48987178518613,-6.0,-9.63023973903748,-0.5,5.4898717851861285,-0.8855182036873277,4.604353581498801
17,53.0,-0.24778916,-0.23096286,-0.28823656,-272.67,176.65999999999997,-16.966331403903002,4.784026318453316,-272.67,176.65999999999997,-39.005595897573,10.998476506124172,-16.0,-19.321390716788983,-6.4,-9.081053636890823,-0.5,3.321390716788983,-0.966331403903002,2.355059312885981
17,53.0,-0.24912302,-0.23135448,-0.28884989,-274.82,161.14999999999998,-17.154951801556976,4.826997318260929,-274.82,161.14999999999998,-39.43923419177949,11.097266834681877,-16.0,-19.47373967355393,-6.4,-9.152657646570344,-0.5,3.473739673553929,-1.154951801556976,2.3187878719969532
17,53.0,-0.24861513,-0.23124675,-0.28871554,-297.4,150.54999999999995,-17.34358758730212,4.870620620666244,-297.4,150.54999999999995,-39.87290786320757,11.197556806911694,-16.0,-21.073758019485247,-6.4,-9.904666269158064,-0.5,5.073758019485247,-1.343587587302121,3.730170432183126
17,54.0,-0.30960193,-0.1453357,-0.25171128,69.03999999999996,22.44999999999999,7.184327508991592,3.899590242725576,,,16.51676894317167,8.9651579680261,20.0,4.892173011651853,8.0,,0.5,15.107826988348148,-12.815672491008408,2.2921544973397383
17,54.0,-0.312774,-0.14353165,-0.25473651,89.37,12.110000000000014,7.223465632453974,3.920549473627621,,,16.606747489011685,9.0133432398699,20.0,6.332756402829177,8.0,,0.5,13.667243597170824,-12.776534367546027,0.8907092296247967
17,54.0,-0.31218678,-0.14150457,-0.25493047,74.33000000000004,52.79000000000002,7.279391061522393,3.93960835684271,,,16.73532005043998,9.05715961238139,20.0,5.267022305273502,8.0,,0.5,14.732977694726497,-12.720608938477607,2.0123687562488906
17,54.0,-0.31006953,-0.13685861,-0.26562488,47.63,87.28999999999996,8.488095218819527,4.527961015666559,,,19.514130908066093,10.409782375017418,20.0,3.3750608421926107,8.0,,0.5,16.62493915780739,-11.511904781180473,5.113034376626917
17,54.0,-0.30839217,-0.13831855,-0.26373297,194.11,-2.0600000000000023,8.59808611415514,4.556126891289405,,,19.76699997644267,10.47453572307434,20.0,13.754630696577951,8.0,,0.5,6.2453693034220485,-11.40191388584486,-5.156544582422811
17,54.0,-0.30987227,-0.13955958,-0.26582894,194.87,-1.589999999999975,8.596935427485828,4.5846348265991095,,,19.76435454778992,10.540075466351352,20.0,13.80848428129486,8.0,,0.5,6.191515718705141,-11.403064572514172,-5.211548853809031
17,55.0,-0.26929626,-0.20913732,-0.27069879,-149.94000000000003,56.25,-8.239513315805985,3.0285734858635585,,,-18.94264111303796,6.96269044400032,-15.0,-10.624745384807062,-6.0,,-0.5,-4.375254615192938,6.760486684194015,2.385232069001077
17,55.0,-0.27007064,-0.21080369,-0.27400231,-150.58000000000004,41.829999999999984,-8.323859438957435,3.043624051913916,,,-19.13655285016314,6.997291695350093,-15.0,-10.67009577193709,-6.0,,-0.5,-4.32990422806291,6.6761405610425655,2.3462363329796556
17,55.0,-0.26669753,-0.21020021,-0.27346432,-138.64,43.70999999999998,-8.464508004478395,3.05881234224609,,,-19.459903902295828,7.032209574823761,-15.0,-9.824027612042483,-6.0,,-0.5,-5.175972387957517,6.535491995521605,1.3595196075640885
17,55.0,-0.27025801,-0.19791757,-0.27498284,-177.86,66.53999999999996,-9.22983691020811,3.4760887814622907,,,-21.219395056568445,7.991528108581806,9.0,-12.603156023354565,3.6,,-0.5,21.603156023354565,-18.22983691020811,3.3733191131464544
17,55.0,-0.26933882,-0.19811358,-0.27865797,-176.26999999999998,71.45000000000005,-9.229844767873251,3.495844991624077,,,-21.219413121340608,8.036947635743754,9.0,-12.490488655328395,3.6,,-0.5,21.490488655328395,-18.229844767873253,3.260643887455144
17,55.0,-0.26998165,-0.19509514,-0.27772036,-176.32999999999998,65.08000000000004,-9.198170894971982,3.513836109750611,,,-21.146594887540587,8.078309216316654,9.0,-12.494740254121837,3.6,,-0.5,21.494740254121837,-18.19817089497198,3.2965693591498546
17,56.0,-0.30180761,-0.08755122,-0.26136366,178.76999999999998,-43.579999999999984,12.015805040834142,4.280282753599321,,,27.62433578887769,9.84037005052484,45.0,12.667638605055073,18.0,,0.5,32.332361394944925,-32.98419495916586,-0.6518335642209312
17,56.0,-0.30078164,-0.08668496,-0.26013774,59.89999999999998,120.11,12.08126434925284,4.3169543880077885,,,27.77482673893228,9.924678138029906,45.0,4.24451279545113,18.0,,0.5,40.75548720454887,-32.91873565074716,7.836751553801711
17,56.0,-0.29985848,-0.08699073,-0.26050404,109.70000000000005,121.44000000000004,12.229856916048918,4.354224869803511,,,28.116441049996464,10.010362975678271,45.0,7.773339794006499,18.0,,0.5,37.226660205993504,-32.77014308395108,4.45651712204242
17,57.0,-0.31160167,-0.0454331,-0.26219228,306.12,133.49,6.691174594223873,2.554236956595141,306.12,133.49,15.383010392120685,5.872190763212228,-45.0,21.69165704413189,-18.0,10.19507881074199,0.5,-66.69165704413189,51.691174594223874,-15.000482449908016
17,57.0,-0.31137818,-0.04521908,-0.26250592,306.72,-46.56,6.767178110178241,2.5676679570408827,306.72,-46.56,15.557742475299776,5.903068633236989,-45.0,21.734173032066305,-18.0,10.21506132507116,0.5,-66.73417303206631,51.76717811017824,-14.966994921888064
17,57.0,-0.30984995,-0.04583595,-0.26531458,326.51,-82.37,6.858793647923718,2.5812280816177604,326.51,-82.37,15.768366596576628,5.934243359639232,-45.0,23.13649203410265,-18.0,10.874151256028243,0.5,-68.13649203410264,51.85879364792372,-16.27769838617893
17,57.0,-0.34157327,-0.11526495,-0.24850862,626.0899999999999,78.14999999999998,9.53967111079758,3.794527611121648,626.0899999999999,78.14999999999998,21.93170388372364,8.723618977968668,32.0,44.36472480974957,12.8,20.851420660582296,0.5,-12.364724809749568,-22.460328889202422,-34.82505369895199
17,57.0,-0.34383163,-0.11640649,-0.25206092,652.3599999999999,61.13,9.6143417363829,3.82376833191698,652.3599999999999,61.13,22.10337165194429,8.790843395077136,32.0,45.78830180575313,12.8,21.52050184870397,0.5,-13.788301805753129,-22.385658263617103,-36.17396006937023
17,57.0,-0.34338808,-0.11595293,-0.25181782,128.03999999999996,297.66,9.690556125699564,3.8534220667522665,652.3599999999999,61.13,22.2785885329833,8.859017331463459,25.0,9.072911825201382,10.0,21.52050184870397,0.5,15.927088174798618,-15.309443874300436,0.6176443004981813
17,58.0,-0.32520133,-0.09142099,-0.23020725,241.65,83.88999999999999,13.68434631128876,7.382632889408821,,,31.46031216965286,16.97267301275088,45.0,17.123314140580398,18.0,,0.5,27.876685859419602,-31.31565368871124,-3.438967829291638
17,58.0,-0.32146809,-0.09047686,-0.23071443,246.67,66.99000000000001,13.8423925508399,7.455934200116333,,,31.82366047438093,17.141192726067448,45.0,17.479031239631563,18.0,,0.5,27.520968760368437,-31.1576074491601,-3.6366386887916633
17,58.0,-0.32491389,-0.09168328,-0.23103483,166.05999999999997,162.83999999999995,13.97279964359612,7.530706983949232,,,32.12346638062748,17.313095356099286,45.0,11.767008260644651,18.0,,0.5,33.23299173935535,-31.02720035640388,2.2057913829514693
17,59.0,-0.32742184,-0.13199677,-0.23449515,148.75,178.91999999999996,9.685499075442245,3.6498837939313895,,,22.26696237444172,8.391082842248263,38.0,10.54042200873716,15.2,,0.5,27.45957799126284,-28.314500924557755,-0.8549229332949153
17,59.0,-0.32797682,-0.12978706,-0.23804691,175.40999999999997,78.30000000000001,9.758331322766068,3.6769090568709775,,,22.43440371103919,8.453213921746379,38.0,12.42954907262242,15.2,,0.5,25.57045092737758,-28.241668677233932,-2.6712177498563516
17,59.0,-0.33041099,-0.12797244,-0.2396168,205.55999999999997,103.72000000000004,9.873203339471322,3.7043363028041902,,,22.69849447744457,8.516269160146832,38.0,14.565977466326116,15.2,,0.5,23.434022533673883,-28.126796660528676,-4.692774126854793
17,60.0,-0.31234425,-0.07682084,-0.24802271,251.62,74.69999999999999,13.174655009084972,4.8821692250295685,251.62,74.69999999999999,30.288531865886352,11.224107048342978,45.0,17.82978814009038,18.0,8.380000425842479,0.5,27.17021185990962,-31.825344990915028,-4.655133131005407
17,60.0,-0.31071487,-0.0774985,-0.24652119,192.80999999999997,184.8,13.307599052879002,4.92944503337032,251.62,74.69999999999999,30.594170222568824,11.332794131718366,45.0,13.662512722720075,18.0,8.380000425842479,0.5,31.337487277279926,-31.692400947120998,-0.3549136698410731
17,60.0,-0.31076205,-0.07690379,-0.24493702,218.79999999999995,180.88,13.402652154402588,4.977588762819216,251.62,74.69999999999999,30.812697302971547,11.443476565721376,45.0,15.50416360007859,18.0,8.380000425842479,0.5,29.49583639992141,-31.59734784559741,-2.1015114456760013
17,60.0,-0.29619735,-0.07087857,-0.24111697,426.19000000000005,151.24,16.608013506239992,6.021382673999056,426.19000000000005,151.24,38.18182305084574,13.843158767523828,45.0,30.199814829604644,18.0,14.193912969914182,0.5,14.800185170395356,-28.391986493760008,-13.591801323364653
17,60.0,-0.29824817,-0.07179169,-0.24466643,414.78,1.6999999999999886,16.871578430932598,6.091029972662374,414.78,1.6999999999999886,38.78775881271404,14.003277907150796,45.0,29.39130245905209,18.0,13.813912155754483,0.5,15.608697540947912,-28.128421569067402,-12.51972402811949
17,60.0,-0.30676693,-0.08319715,-0.25540844,347.14,49.110000000000014,17.043950806126823,6.162072073917358,347.14,49.110000000000014,39.184042903285565,14.166603697936006,45.0,24.598333419247176,18.0,11.561216707046173,0.5,20.401666580752824,-27.956049193873177,-7.554382613120353
17,61.0,-0.45144749,-0.37265471,-0.47324318,-389.68,157.98000000000002,-39.81733370762842,2.287180784133689,-389.68,157.98000000000002,-91.54005019383774,5.258228622723351,-24.0,-27.61271696379628,-9.6,-12.97797697298425,-0.5,3.612716963796281,-15.817333707628421,-12.20461674383214
17,61.0,-0.45166281,-0.37250161,-0.47389302,-306.9,178.95999999999998,-39.41399932006445,2.2930766678908974,-306.9,178.95999999999998,-90.61278443682816,5.271783259481175,-24.0,-21.74692782844661,-9.6,-10.221056079369909,-0.5,-2.2530721715533915,-15.413999320064448,-17.66707149161784
17,61.0,-0.45461854,-0.3733004,-0.47722295,-313.1,118.32999999999998,-39.154989177194686,2.2970305996223104,-313.1,118.32999999999998,-90.01732011837058,5.280873348531692,-24.0,-22.186259703768776,-9.6,-10.427542060771325,-0.5,-1.8137402962312237,-15.154989177194686,-16.96872947342591
17,61.0,-0.43994594,-0.37119636,-0.48305315,-404.74,158.40999999999997,-32.181653389218425,2.3814912008356384,-404.74,158.40999999999997,-73.98562114181316,5.475048270721132,-24.0,-28.679868260949767,-9.6,-13.479538082646387,-0.5,4.6798682609497675,-8.181653389218425,-3.501785128268658
17,61.0,-0.44803566,-0.37244523,-0.4820179,-396.3,148.73000000000002,-31.356291902726213,2.389215850176507,-396.3,148.73000000000002,-72.08811508436756,5.492807239555795,-24.0,-28.081810030672514,-9.6,-13.19845071441608,-0.5,4.081810030672514,-7.356291902726213,-3.2744818720536983
17,61.0,-0.44987234,-0.37273073,-0.48046511,-441.59,155.20000000000005,-30.639859168542436,2.39783512268672,-441.59,155.20000000000005,-70.44103622847905,5.512622947056769,-24.0,-31.29105851992096,-9.6,-14.706797504362848,-0.5,7.291058519920959,-6.639859168542436,0.6511993513785228
17,61.0,-0.43782693,-0.37185451,-0.48057941,-365.17,240.33000000000004,-18.59631237625744,2.568291523842653,-365.17,240.33000000000004,-42.75292215301585,5.90450221331426,-24.0,-25.87593885667596,-9.6,-12.1616912626377,-0.5,1.8759388566759583,5.4036876237425595,7.279626480418518
17,61.0,-0.4388409,-0.3732338,-0.48112774,-346.31,237.44000000000003,-18.08125249465145,2.578365150084654,-346.31,237.44000000000003,-41.56879948520368,5.92766148004462,-24.0,-24.53951963593792,-9.6,-11.533574228890824,-0.5,0.5395196359379213,5.9187475053485485,6.45826714128647
17,61.0,-0.44159406,-0.37448955,-0.48389474,-337.17,236.38,-17.484204120637536,2.587530052251904,-337.17,236.38,-40.19618527334569,5.948731590127128,-24.0,-23.8918594197372,-9.6,-11.229173927276484,-0.5,-0.10814058026279838,6.515795879362464,6.407655299099666
17,61.0,-0.4368901,-0.37180695,-0.47958854,-294.07000000000005,34.04000000000002,-9.915965057513429,2.701125606171897,-294.07000000000005,34.04000000000002,-22.79680366722337,6.209887768589192,-24.0,-20.837794286449324,-9.6,-9.793763314631182,-0.5,-3.1622057135506765,14.084034942486571,10.921829228935895
17,61.0,-0.43600979,-0.37023187,-0.4790003,-292.83000000000004,32.839999999999975,-9.12025950147864,2.714023038108669,-292.83000000000004,32.839999999999975,-20.967476593899395,6.239538964611831,-24.0,-20.74992791138489,-9.6,-9.7524661183509,-0.5,-3.2500720886151093,14.87974049852136,11.62966840990625
17,61.0,-0.43405795,-0.3718577,-0.47631925,-287.09000000000003,31.110000000000014,-8.170211465793832,2.7259021892870483,-287.09000000000003,31.110000000000014,-18.783316159860014,6.266849133170924,-24.0,-20.343191626812448,-9.6,-9.56130006460185,-0.5,-3.656808373187552,15.829788534206168,12.172980161018616
17,61.0,-0.33536407,-0.11053555,-0.26212388,148.78999999999996,-16.060000000000002,10.212512336148102,4.81564272228145,-287.09000000000003,31.110000000000014,23.478565860804483,11.071162618525053,45.0,10.543256407932784,18.0,-9.56130006460185,0.5,34.45674359206721,-34.7874876638519,-0.33074407178468235
17,61.0,-0.33616769,-0.10927536,-0.26276103,157.49,-25.100000000000023,10.294562861953771,4.861195913350176,-287.09000000000003,31.110000000000014,23.667200019631725,11.175889404792052,45.0,11.159738232981615,18.0,-9.56130006460185,0.5,33.84026176701838,-34.70543713804623,-0.8651753710278438
17,61.0,-0.33891326,-0.10739079,-0.26200476,166.67999999999995,-27.870000000000005,10.376902007704071,4.892035857377056,-287.09000000000003,31.110000000000014,23.856497715711654,11.246790436109851,45.0,11.810941448176868,18.0,-9.56130006460185,0.5,33.18905855182313,-34.623097992295925,-1.4340394404727963
17,62.0,-0.30570856,-0.09442984,-0.25660589,328.07000000000005,-112.7,13.209968436391154,5.065836264608156,328.07000000000005,-112.7,30.36971743526326,11.646357572334152,-45.0,23.247033602732103,-18.0,10.926105793284089,0.5,-68.2470336027321,58.20996843639115,-10.037065166340948
17,62.0,-0.30611524,-0.09422932,-0.25749001,265.45000000000005,-41.06999999999999,13.350628723880428,5.111640340306359,265.45000000000005,-41.06999999999999,30.6930954362011,11.75166114236432,-45.0,18.80978166197835,-18.0,8.840597381129824,0.5,-63.80978166197835,58.350628723880426,-5.459152938097921
17,62.0,-0.30718276,-0.09029821,-0.2572822,244.48,-51.63999999999999,13.610914738187295,5.168727663809599,265.45000000000005,-41.06999999999999,31.291492983092592,11.882904899098266,-45.0,17.323847883671,-18.0,8.840597381129824,0.5,-62.323847883671,58.6109147381873,-3.7129331454837047
17,65.0,-0.29051802,-0.23327875,-0.29958576,-86.75,43.76999999999998,-11.840032527123329,4.681769329935895,,,-27.22023477985653,10.763387689522624,-15.0,-6.147103255515621,-6.0,,-0.5,-8.85289674448438,3.159967472876671,-5.692929271607708
17,65.0,-0.28962508,-0.23018214,-0.29808044,-85.46000000000004,44.63999999999999,-11.930441834255683,4.71337391933497,,,-27.428085776953814,10.836046640551096,-15.0,-6.055693881456659,-6.0,,-0.5,-8.944306118543341,3.0695581657443167,-5.874747952799024
17,65.0,-0.28770998,-0.23153494,-0.29927123,-84.84000000000003,43.74000000000001,-12.09238812689636,4.752566144242625,,,-27.80040030373473,10.926149565613796,-15.0,-6.011760693924444,-6.0,,-0.5,-8.988239306075556,2.90761187310364,-6.080627432971916
17,66.0,-0.32708541,-0.12729377,-0.26284978,152.45000000000005,42.44,10.51082780250992,3.89322409159243,,,24.164393117970302,8.950522186570995,41.0,10.802603934332645,16.400000000000002,,0.5,30.197396065667355,-30.489172197490078,-0.2917761318227239
17,66.0,-0.3267096,-0.12638991,-0.28305271,139.53999999999996,22.899999999999977,10.658569494633442,3.929481353714314,,,24.50405126816228,9.033877632189208,38.0,9.887801593944086,15.2,,0.5,28.112198406055914,-27.34143050536656,0.7707679006893553
17,66.0,-0.32961035,-0.1210032,-0.2803725,128.22000000000003,7.160000000000025,10.675388066054376,3.9562726463471822,,,24.54271716385901,9.095470813952172,38.0,9.085666621581709,15.2,,0.5,28.91433337841829,-27.324611933945626,1.5897214444726675
17,69.0,-0.29629979,-0.13493568,-0.24753939,-7.590000000000032,398.5,11.833619781111649,4.473457460920992,288.69000000000005,-77.31,27.205491876775675,10.284478702657362,38.0,-0.5378272473701874,15.2,9.614586769479631,0.5,38.53782724737019,-26.16638021888835,12.371447028481835
17,69.0,-0.29897937,-0.12844133,-0.24826363,27.480000000000015,286.39,11.942817701547328,4.51362751739844,288.69000000000005,-77.31,27.456537895857306,10.376829662499013,41.0,1.9472322473956123,16.400000000000002,9.614586769479631,0.5,39.05276775260439,-29.057182298452673,9.995585454151716
17,69.0,-0.29957092,-0.1272395,-0.24882121,288.69000000000005,-77.31,12.056975661652736,4.558653234180247,288.69000000000005,-77.31,27.71898704613964,10.48034378538039,41.0,20.45656759463752,16.400000000000002,9.614586769479631,0.5,20.54343240536248,-28.943024338347264,-8.399591932984784
17,70.0,-0.32301155,-0.13098775,-0.27000305,187.17,20.350000000000023,10.726189312340331,4.046030566202184,,,24.65950922907042,9.30182427169882,32.0,13.262862436136697,12.8,,0.5,18.737137563863303,-21.27381068765967,-2.5366731237963656
17,70.0,-0.32069686,-0.13277908,-0.26926214,126.01999999999998,83.49000000000001,10.776698679241282,4.0758162042232975,,,24.775630263575707,9.37030145350936,32.0,8.92977466582223,12.8,,0.5,23.07022533417777,-21.22330132075872,1.846924013419052
17,70.0,-0.32205728,-0.13375179,-0.26784855,10.399999999999975,151.44,10.859364685339298,4.112761264076722,,,24.965679411595044,9.455238146112384,32.0,0.7369437908629662,12.8,,0.5,31.263056209137034,-21.140635314660702,10.122420894476331
17,72.0,-0.26444605,-0.18128468,-0.29437017,-304.42,153.86,-13.744589192180324,4.402811160338697,-304.42,153.86,-31.59881055282256,10.122062857618666,-15.0,-21.571195078317757,-6.0,-10.138461686809343,-0.5,6.571195078317757,1.2554108078196755,7.826605886137433
17,72.0,-0.26112604,-0.18002403,-0.29594889,-327.92999999999995,45.95999999999998,-13.9143080385994,4.4407900350447225,-327.92999999999995,45.95999999999998,-31.988994180740026,10.209376290567816,-15.0,-23.23711320554741,-6.0,-10.92144320660728,-0.5,8.23711320554741,1.0856919614006006,9.32280516694801
17,72.0,-0.26224539,-0.18133567,-0.29733619,-291.57000000000005,111.59000000000005,-14.066760254741848,4.483250715005552,-291.57000000000005,111.59000000000005,-32.339481825651504,10.306993393797764,-15.0,-20.660644336722648,-6.0,-9.710502838259645,-0.5,5.6606443367226476,0.9332397452581525,6.5938840819808
17,73.0,-0.31601912,-0.17397061,-0.26527837,104.84000000000005,-18.139999999999983,5.492987307817701,2.12940686345802,,,12.628377820672895,4.895506379089986,18.0,7.428960291737842,7.2,,0.5,10.571039708262159,-12.507012692182299,-1.9359729839201405
17,73.0,-0.3155126,-0.1719142,-0.26746297,105.01,-19.79000000000002,5.534472954491881,2.1388021762936864,,,12.723753322376837,4.917106203299184,18.0,7.441006488319254,7.2,,0.5,10.558993511680747,-12.465527045508118,-1.906533533827373
17,73.0,-0.31637579,-0.1725229,-0.2689504,108.37,-17.680000000000007,5.599565665544685,2.148273933696156,,,12.87340146508723,4.938881773567463,18.0,7.679096020751907,7.2,,0.5,10.320903979248094,-12.400434334455316,-2.079530355207222
17,74.0,-0.33003646,-0.11816424,-0.27621523,108.87,188.38,8.334800609202166,2.769169521434696,330.65,-245.05,19.161706600555775,6.366320729778366,32.0,7.714526010697242,12.8,11.012030604899511,0.5,24.28547398930276,-23.665199390797834,0.6202745985049232
17,74.0,-0.3288556,-0.11061417,-0.28082424,111.37,188.63,8.424440522804534,2.7840753704107004,330.65,-245.05,19.367788761927624,6.4005892765742,29.0,7.891675960423917,11.6,11.012030604899511,0.5,21.108324039576082,-20.575559477195466,0.5327645623806179
17,74.0,-0.3311668,-0.11051267,-0.2744363,142.72000000000003,116.64999999999998,8.47407366083164,2.7991383775068344,330.65,-245.05,19.481895346251942,6.435219129888211,29.0,10.113136329996422,11.6,11.012030604899511,0.5,18.886863670003578,-20.525926339168358,-1.6390626691647814
17,74.0,-0.38973051,-0.38932464,-0.51450467,-82.38,158.72000000000003,12.65364624966405,4.32964057906236,330.65,-245.05,29.09073272797765,9.953843691264366,-29.0,-5.837445143393393,-11.6,11.012030604899511,0.5,-23.162554856606608,41.65364624966405,18.49109139305744
17,74.0,-0.38749674,-0.38797095,-0.5116325,-84.01999999999998,171.19,12.775508004198704,4.365061730154269,330.65,-245.05,29.37089290165282,10.035276917624666,-29.0,-5.953655510414091,-11.6,11.012030604899511,0.5,-23.04634448958591,41.775508004198706,18.729163514612793
17,74.0,-0.38851669,-0.38929737,-0.51213497,-81.01999999999998,165.19,12.955787295123375,4.401020415116205,330.65,-245.05,29.78535499148864,10.117945934352154,-31.0,-5.741075570742081,-12.4,11.012030604899511,0.5,-25.25892442925792,43.95578729512337,18.696862865865455
17,74.0,-0.39006552,-0.39324927,-0.51459867,330.65,-245.05,15.468056339812811,5.057913324085468,330.65,-245.05,35.561061525229654,11.628142732072492,-31.0,23.429852350850027,-12.4,11.012030604899511,0.5,-54.42985235085003,46.46805633981281,-7.961796011037215
17,74.0,-0.38896015,-0.3907285,-0.51300627,323.17,-210.08,15.64568071740346,5.104679168499916,323.17,-210.08,35.96941996931055,11.735657408381307,-31.0,22.899819701267816,-12.4,10.762915259595871,0.5,-53.899819701267816,46.64568071740346,-7.254138983864356
17,74.0,-0.38964871,-0.38942182,-0.51398838,307.44000000000005,-167.88,15.787634257549012,5.152187591449379,307.44000000000005,-167.88,36.295771158105175,11.844879272742125,-31.0,21.785192217587586,-12.4,10.239040342266165,0.5,-52.785192217587586,46.787634257549016,-5.9975579600385736
17,74.0,-0.38812333,-0.3889344,-0.51170003,863.74,-301.26,19.26967193769276,5.898633230689446,863.74,-301.26,44.30097578475564,13.560957797355035,-31.0,53.27749308039804,-12.4,25.040421747787075,0.5,-84.27749308039805,50.26967193769276,-34.00782114270528
17,74.0,-0.38735762,-0.38777754,-0.51196116,964.26,-114.85,19.546177034044543,5.958162609683112,964.26,-114.85,44.936661001268405,13.697815839661471,-31.0,56.83891566970311,-12.4,26.714290364760465,0.5,-87.83891566970311,50.54617703404455,-37.292738635658566
17,74.0,-0.38804865,-0.38957176,-0.51261342,366.96,622.92,19.81254656177154,6.018503356989036,964.26,-114.85,45.54904454551277,13.836539217717794,-31.0,26.00277822068026,-12.4,26.714290364760465,0.5,-57.002778220680256,50.81254656177154,-6.1902316589087185
17,75.0,-0.30812761,-0.18773086,-0.36458513,-98.87,125.45999999999998,-8.061874736134744,2.663493858484278,,,-18.534250018373776,6.123372380655355,-8.0,-7.005926211790542,-3.2,,-0.5,-0.9940737882094579,-0.06187473613474381,-1.0559485243442017
17,75.0,-0.29625201,-0.19401246,-0.3334235,-125.53999999999996,131.64,-8.161811382063666,2.678014210940454,,,-18.764004367364368,6.156754670952104,-8.0,-8.895761875474706,-3.2,,-0.5,0.8957618754747063,-0.1618113820636662,0.7339504934110401
17,75.0,-0.28701875,-0.19932047,-0.31314969,-136.47000000000003,122.06,-8.110187942262886,2.692696522160364,,,-18.64532207926237,6.190509304446676,-8.0,-9.670261455679734,-3.2,,-0.5,1.670261455679734,-0.1101879422628862,1.5600735134168477
17,77.0,-0.30774555,-0.16403536,-0.27495196,-250.12,79.00999999999999,-6.780294043153482,2.114104740779199,-250.12,79.00999999999999,-15.587896005209856,4.860326799051379,-3.0,-17.723498170254377,-1.2000000000000002,-8.330044140019556,-0.5,14.723498170254377,-3.780294043153482,10.943204127100895
17,77.0,-0.30709723,-0.16446857,-0.27597094,-231.35,87.95999999999998,-6.753634973597811,2.123309428941688,-250.12,79.00999999999999,-15.526606804301368,4.88148837713694,-3.0,-16.393456347706504,-1.2000000000000002,-8.330044140019556,-0.5,13.393456347706504,-3.753634973597811,9.639821374108692
17,77.0,-0.31111538,-0.16308971,-0.27959615,-203.34000000000003,192.66,-6.74278727490953,2.132585539615973,-250.12,79.00999999999999,-15.501667945017008,4.902814155577122,-3.0,-14.408668310968835,-1.2000000000000002,-8.330044140019556,-0.5,11.408668310968835,-3.7427872749095297,7.6658810360593055
17,78.0,-0.32641482,-0.11425622,-0.2718263,24.850000000000023,36.25,8.231575198349125,2.748693858985525,,,18.92439138100464,6.319247181807722,38.0,1.7608705002831504,15.2,,0.5,36.23912949971685,-29.768424801650873,6.470704698065974
17,78.0,-0.32900086,-0.11291799,-0.27174249,40.370000000000005,47.01999999999998,8.23953578799944,2.764121497157492,,,18.942692776610716,6.354715321965073,38.0,2.8606173881863475,15.2,,0.5,35.13938261181365,-29.76046421200056,5.3789183998130925
17,78.0,-0.32960573,-0.11324678,-0.27267867,35.46000000000004,45.25,8.288725296722387,2.7797188427522928,,,19.055779457164768,6.390573619487521,32.0,2.51269488692316,12.8,,0.5,29.48730511307684,-23.711274703277613,5.776030409799226
17,79.0,-0.27293423,-0.16826712,-0.27584371,-206.75,120.07000000000004,-9.630128284349016,3.2042684480339503,-257.6,139.02999999999997,-22.139664925718385,7.366613162030052,-6.0,-14.65030084239602,-2.4000000000000004,-8.579159485323197,-0.5,8.65030084239602,-3.6301282843490164,5.020172558047003
17,79.0,-0.27427056,-0.1689526,-0.27648377,-210.2,127.44000000000004,-9.790361723645177,3.225116273657311,-257.6,139.02999999999997,-22.508041602660256,7.414542313138158,-6.0,-14.89476777301883,-2.4000000000000004,-8.579159485323197,-0.5,8.89476777301883,-3.7903617236451765,5.104406049373653
17,79.0,-0.27415559,-0.16824777,-0.27745205,-242.8,131.51999999999998,-9.799501809209591,3.246238117614773,-257.6,139.02999999999997,-22.52905465937285,7.463101432396364,-6.0,-17.20480311745467,-2.4000000000000004,-8.579159485323197,-0.5,11.20480311745467,-3.799501809209591,7.405301308245079
17,79.0,-0.28208253,-0.16740362,-0.28896222,-257.6,139.02999999999997,-11.14429043366251,3.704670708682509,-257.6,139.02999999999997,-25.62072370699011,8.517037959261087,-6.0,-18.25353081983659,-2.4000000000000004,-8.579159485323197,-0.5,12.253530819836591,-5.14429043366251,7.109240386174081
17,79.0,-0.28391832,-0.16864654,-0.29242989,-268.44,133.30999999999997,-11.26997921281095,3.732290315536977,-268.44,133.30999999999997,-25.90968221025237,8.58053543541951,-6.0,-19.02165300185145,-2.4000000000000004,-8.940176910870182,-0.5,13.021653001851451,-5.26997921281095,7.751673789040501
17,79.0,-0.28430465,-0.16808976,-0.2931655,-134.76999999999998,126.73000000000002,-11.300758577854426,3.760307457720952,-268.44,133.30999999999997,-25.980443970487325,8.644946845300467,-6.0,-9.549799489865592,-2.4000000000000004,-8.940176910870182,-0.5,3.549799489865592,-5.300758577854426,-1.750959087988834
17,80.0,-0.29832619,-0.18937047,-0.2896058,-166.86,81.95999999999998,-11.35691845928826,5.170757702220326,,,-26.109555537903717,11.887571957404532,-15.0,-11.823696244557196,-6.0,,-0.5,-3.176303755442804,3.6430815407117407,0.46677778526893654
17,80.0,-0.28304306,-0.18887639,-0.26906207,-158.45999999999998,141.76,-11.437641601146558,5.207458345039469,,,-26.295138041035933,11.97194673524574,-15.0,-11.228472413475563,-6.0,,-0.5,-3.771527586524437,3.5623583988534424,-0.20916918767099446
17,80.0,-0.27271205,-0.18555152,-0.25561485,-167.51,88.88,-11.51950988575394,5.244663906101015,,,-26.48335322734831,12.057482320126232,-15.0,-11.869755231486128,-6.0,,-0.5,-3.1302447685138723,3.4804901142460594,0.350245345732187
17,81.0,-0.26057896,-0.21328481,-0.32151154,0.0,0.0,-14.079406640137869,4.302641767554554,-274.6,91.79999999999995,-32.36855586567696,9.89177342360792,-42.0,0.0,-16.8,-9.14533072464965,-0.5,-42.0,27.92059335986213,-14.079406640137869
17,81.0,-0.25962159,-0.21334216,-0.32072547,-236.42999999999995,211.78,-14.18739145810453,4.339135039348489,-274.6,91.79999999999995,-32.61681296218232,9.975671455462177,-42.0,-16.753425045551104,-16.8,-9.14533072464965,-0.5,-25.246574954448896,27.81260854189547,2.566033587446574
17,81.0,-0.26197547,-0.21323727,-0.31782511,-206.74,140.83000000000004,-14.314009048578855,4.376190355221422,-274.6,91.79999999999995,-32.90790680268279,10.06086162665405,-42.0,-14.649592242597114,-16.8,-9.14533072464965,-0.5,-27.350407757402884,27.685990951421147,0.335583194018259
17,81.0,-0.26503748,-0.21204466,-0.31762034,-274.6,91.79999999999995,-14.924067166350795,4.570804395379511,-274.6,91.79999999999995,-34.31043041544048,10.508279304977496,-15.0,-19.45815047797798,-6.0,-9.14533072464965,-0.5,4.458150477977981,0.07593283364920467,4.534083311627185
17,81.0,-0.26879096,-0.21092351,-0.31726855,-341.71,48.82000000000005,-15.064585305587928,4.611669764591823,-341.71,48.82000000000005,-34.63348161754664,10.6022287887966,-15.0,-24.21356372844084,-6.0,-11.380374952367193,-0.5,9.213563728440839,-0.06458530558792752,9.148978422852911
17,81.0,-0.26666108,-0.20748132,-0.3152096,-342.78,44.64999999999998,-15.151486677075903,4.653236343852531,-342.78,44.64999999999998,-34.8332678705975,10.69779035451697,-15.0,-24.28938390692385,-6.0,-11.41601043625421,-0.5,9.289383906923849,-0.15148667707590313,9.137897229847946
17,81.0,-0.2714251,-0.2031094,-0.32593802,-379.53,82.67999999999995,-17.258076104313975,5.370073623642266,-379.53,82.67999999999995,-39.67631696381783,12.34579926075357,-6.0,-26.89348816790597,-2.4000000000000004,-12.639939438915809,-0.5,20.89348816790597,-11.258076104313975,9.635412063591996
17,81.0,-0.2722002,-0.20345759,-0.33313587,-384.98,87.78999999999996,-17.353014986187745,5.425058255137582,-384.98,87.78999999999996,-39.89458145324562,12.472208928561304,-6.0,-27.279675058310136,-2.4000000000000004,-12.821447277405763,-0.5,21.279675058310136,-11.353014986187745,9.926660072122392
17,81.0,-0.27588984,-0.20498528,-0.3352749,-391.1,88.76999999999998,-17.45128145394182,5.481101574488677,-391.1,88.76999999999998,-40.12049606261225,12.601052519749468,-6.0,-27.71333813524103,-2.4000000000000004,-13.025268923563283,-0.5,21.71333813524103,-11.45128145394182,10.26205668129921
17,82.0,-0.33404097,-0.12686929,-0.30552828,246.07000000000005,-111.16,8.704561282777401,3.009097812550131,,,20.011786389105247,6.917915871052751,20.0,17.436515251697163,8.0,,0.5,2.5634847483028373,-11.295438717222599,-8.731953968919761
17,82.0,-0.32848617,-0.12042541,-0.29318467,237.21000000000004,-86.4,8.72055169618598,3.0275640568722006,,,20.04854834953157,6.9603697667491895,32.0,16.80869582986583,12.8,,0.5,15.19130417013417,-23.27944830381402,-8.08814413367985
17,82.0,-0.3288976,-0.11848187,-0.29029274,236.76,-82.38999999999999,8.777494071913903,3.0462496873840244,,,20.179458871330063,7.003328031295872,32.0,16.776808838915024,12.8,,0.5,15.223191161084976,-23.222505928086097,-7.99931476700112
17,83.0,-0.32012492,-0.09227753,-0.29469609,313.78,-179.26,10.576352900977492,3.551881510009238,313.78,-179.26,24.315035319347253,8.165775591511235,41.0,22.234444490094425,16.400000000000002,10.450188910344378,0.5,18.765555509905575,-30.42364709902251,-11.658091589116934
17,83.0,-0.32205117,-0.09237239,-0.2943545,310.61,-168.29,10.658733086464986,3.577252934318949,310.61,-168.29,24.504427365783,8.224104495999264,41.0,22.009818353841005,16.400000000000002,10.344614626305273,0.5,18.990181646158995,-30.341266913535016,-11.35108526737602
17,83.0,-0.32264253,-0.09052138,-0.2943365,241.67999999999995,-148.54000000000002,10.839025851272552,3.602956477105286,310.61,-168.29,24.9189204320756,8.283196940865052,41.0,17.12543993997712,16.400000000000002,10.344614626305273,0.5,23.87456006002288,-30.160974148727448,-6.286414088704568
17,84.0,-0.30343527,-0.08264483,-0.30649409,324.66,60.20999999999998,13.458057138825485,4.522018906483626,324.66,60.20999999999998,30.940073362159787,10.396121466005855,41.0,23.005401071304917,16.400000000000002,10.81253850351331,0.5,17.994598928695083,-27.541942861174515,-9.547343932479432
17,84.0,-0.30457094,-0.08212493,-0.30662623,314.85,32.45999999999998,13.650449517511278,4.562190234220791,314.85,32.45999999999998,31.382383440758428,10.488475348473598,41.0,22.31026466857745,16.400000000000002,10.4858243942314,0.5,18.68973533142255,-27.349550482488723,-8.659815151066171
17,84.0,-0.3026841,-0.08198491,-0.31426173,203.87,133.17000000000002,13.78911470215627,4.603052266604799,314.85,32.45999999999998,31.701174700257265,10.582417160924432,38.0,14.44622410031089,15.2,10.4858243942314,0.5,23.55377589968911,-24.21088529784373,-0.6571093981546188
17,85.0,-0.3109906,-0.11413053,-0.27314186,128.13,-85.85000000000002,7.859067879824063,2.823690250570778,,,18.06799705571552,6.491663886062219,38.0,9.079289223391545,15.2,,0.5,28.920710776608455,-30.140932120175936,-1.2202213435674816
17,85.0,-0.31186879,-0.11526714,-0.27297413,122.83000000000004,9.439999999999998,7.966229986374063,2.836691192662846,,,18.31436273867397,6.5215530519318845,32.0,8.703731329970998,12.8,,0.5,23.296268670029,-24.033770013625936,-0.7375013435969349
17,85.0,-0.3124842,-0.11589016,-0.27398688,173.58000000000004,28.19,8.01445654284562,2.856423968651749,,,18.42523559200208,6.566918703930371,32.0,12.2998753094225,12.8,,0.5,19.7001246905775,-23.985543457154378,-4.28541876657688
17,86.0,-0.33040157,-0.12071844,-0.27603999,65.05999999999995,52.829999999999984,7.963794503782053,3.0362565230515366,,,18.30876356419494,6.980353746495483,20.0,4.610150291686985,8.0,,0.5,15.389849708313015,-12.036205496217947,3.353644212095068
17,86.0,-0.33008394,-0.12139779,-0.27629021,65.30999999999995,51.829999999999984,8.01024664499867,3.0589224379391995,,,18.415557036851943,7.03246268482222,23.0,4.627865286659652,9.2,,0.5,18.372134713340348,-14.98975335500133,3.3823813583390177
17,86.0,-0.32895717,-0.12087061,-0.27741709,62.809999999999945,52.329999999999984,8.110668470936487,3.076130540111952,,,18.646426814682982,7.0720241117173765,23.0,4.450715336932978,9.2,,0.5,18.54928466306702,-14.889331529063513,3.6599531340035085
17,87.0,-0.30894488,-0.11061533,-0.28655142,327.03,-171.43,10.71967840363144,3.960124280082574,327.03,-171.43,24.644540649948684,9.104325719909838,38.0,23.1733392236458,15.2,10.891469435113526,0.5,14.826660776354199,-27.28032159636856,-12.453660820014361
17,87.0,-0.30757168,-0.11051916,-0.28768,317.98,-121.49,10.80245916723188,3.988471817728792,317.98,-121.49,24.83485362546609,9.169496708958494,38.0,22.53205640563524,15.2,10.590066510648564,0.5,15.467943594364758,-27.19754083276812,-11.729597238403361
17,87.0,-0.30796087,-0.11065964,-0.28852132,295.21000000000004,-41.69999999999999,10.79437106690729,4.007601887774804,295.21000000000004,-41.69999999999999,24.816259082819855,9.213476739994274,38.0,20.918574663524687,15.2,9.831730091856604,0.5,17.081425336475313,-27.20562893309271,-10.124203596617397
17,88.0,-0.31529629,-0.09677299,-0.26224074,309.55999999999995,-111.17,11.917818641784914,4.642499839726013,309.55999999999995,-111.17,27.39906505746352,10.673107131530102,38.0,21.935415374955795,15.2,10.309645226229224,0.5,16.064584625044205,-26.082181358215088,-10.017596733170882
17,88.0,-0.31693891,-0.09604177,-0.265102,347.53,-170.31,12.031313176590672,4.685429148258749,347.53,-170.31,27.659988992981955,10.771801611846866,38.0,24.625968811404537,15.2,11.574205341360132,0.5,13.374031188595463,-25.968686823409328,-12.594655634813865
17,88.0,-0.31603268,-0.09548812,-0.266103,365.42,-199.0,12.190987593936338,4.733548129784832,365.42,-199.0,28.02708047845964,10.882427150375328,38.0,25.893653851648622,15.2,12.170017310274853,0.5,12.106346148351378,-25.809012406063662,-13.702666257712284
17,89.0,-0.32271534,-0.11810124,-0.26504138,94.70000000000005,172.73000000000002,6.7292622567912135,3.36727812061421,,,15.470573928363,7.741372399292069,23.0,6.710440095646451,9.2,,0.5,16.28955990435355,-16.270737743208787,0.01882216114476254
17,89.0,-0.3212581,-0.11803465,-0.26575613,38.52999999999997,262.36,6.730883129973565,3.3871062509224696,,,15.474300315809224,7.786957270870758,25.0,2.7302350251875125,10.0,,0.5,22.26976497481249,-18.269116870026437,4.000648104786052
17,89.0,-0.31816608,-0.11814,-0.26614735,99.26999999999998,85.12,6.848742728453145,3.403477733375975,,,15.74525953271378,7.824595309031366,25.0,7.034270203746809,10.0,,0.5,17.965729796253193,-18.151257271546854,-0.18552747529366442
17,90.0,-0.33011374,-0.14293906,-0.25390151,120.94000000000004,163.39,7.323007597935639,2.911143335318336,,,16.835594467654033,6.692718527896854,20.0,8.569805967977631,8.0,,0.5,11.430194032022369,-12.67699240206436,-1.2467983700419918
17,90.0,-0.32928044,-0.14215468,-0.25375617,132.76999999999998,145.75,7.426580847495928,2.9260110631564773,,,17.07370936839314,6.726899434196741,20.0,9.408079530084253,8.0,,0.5,10.591920469915747,-12.573419152504073,-1.9814986825883247
17,90.0,-0.32899654,-0.14215319,-0.25308692,148.89,112.77999999999996,7.446982892275324,2.9443911342949054,,,17.12061366934097,6.769155217743987,20.0,10.550342405921851,8.0,,0.5,9.449657594078149,-12.553017107724676,-3.1033595136465273
17,92.0,-0.32111889,-0.18051219,-0.25324309,-168.07999999999998,59.14999999999998,-6.173531806717941,1.9830303877791435,,,-14.192949623644546,4.558986861504251,-3.0,-11.91014542002381,-1.2000000000000002,,-0.5,8.91014542002381,-3.173531806717941,5.7366136133058685
17,92.0,-0.32252362,-0.18203971,-0.25401801,-173.18,56.13999999999999,-6.297273819978875,1.9886959241176136,,,-14.477432512131433,4.5720119295463935,-6.0,-12.271531317466229,-2.4000000000000004,,-0.5,6.271531317466229,-0.2972738199788747,5.974257497487354
17,92.0,-0.32367024,-0.18135633,-0.25262091,-176.18,57.13999999999999,-6.314597337265178,1.99603102276077,,,-14.517259278372643,4.588875321327011,-6.0,-12.484111257138238,-2.4000000000000004,,-0.5,6.484111257138238,-0.3145973372651776,6.169513919873061
17,92.0,-0.3233296,-0.17468517,-0.28416499,-135.52999999999997,83.90999999999997,-6.6280130209583294,2.144336328553896,,,-15.2378019351832,4.929829219345407,-3.0,-9.603653074582502,-1.2000000000000002,,-0.5,6.6036530745825015,-3.6280130209583294,2.975640053624172
17,92.0,-0.32965809,-0.17918605,-0.27922237,-137.22000000000003,85.88,-6.674963679411947,2.155697811816063,,,-15.345741498968064,4.955949269365129,-3.0,-9.723406440597737,-1.2000000000000002,,-0.5,6.723406440597737,-3.674963679411947,3.0484427611857896
17,92.0,-0.32980579,-0.17018744,-0.28916639,-138.05999999999997,76.71000000000004,-6.672964847868687,2.170073089502311,,,-15.34114618525011,4.988998032765812,0.0,-9.782928823705896,0.0,,-0.5,9.782928823705896,-6.672964847868687,3.1099639758372097
17,93.0,-0.31309018,-0.1965564,-0.24849324,-146.39,20.470000000000027,-6.79034896627003,2.3404657244766445,,,-15.6110122734548,5.380730700571806,-6.0,-10.373192456195175,-2.4000000000000004,,-0.5,4.373192456195175,-0.79034896627003,3.5828434899251453
17,93.0,-0.31337428,-0.19730921,-0.24850747,-184.36,30.899999999999977,-6.857600135063305,2.351724833983667,,,-15.765622710510538,5.406615393328451,-11.0,-13.06374589264392,-4.4,,-0.5,2.0637458926439205,4.142399864936695,6.206145757580615
17,93.0,-0.31297582,-0.19791637,-0.24862842,-188.66,33.94999999999999,-6.950865362013874,2.361943963910267,,,-15.980039467269895,5.430109173029702,-14.0,-13.368443806173795,-5.6000000000000005,,-0.5,-0.6315561938262046,7.049134637986126,6.417578444159921
17,94.0,-0.29554084,-0.19689502,-0.28025377,-151.63,374.35,-7.907870418648338,2.686781217795433,,,-18.18019409247253,6.176910019711699,-7.0,-10.744498750822288,-2.8000000000000003,,-0.5,3.744498750822288,-0.9078704186483382,2.83662833217395
17,94.0,-0.29641354,-0.19599777,-0.28226435,-157.42000000000002,127.59000000000005,-7.947087810148494,2.700070651858149,,,-18.270354875531385,6.207462428621886,-7.0,-11.15477803438927,-2.8000000000000003,,-0.5,4.15477803438927,-0.9470878101484939,3.2076902242407765
17,94.0,-0.29879883,-0.19907741,-0.27565548,-152.06,17.55000000000001,-7.956986145668085,2.714977212694208,,,-18.29311114889093,6.241732611983984,-10.0,-10.774968542175277,-4.0,,-0.5,0.7749685421752766,2.0430138543319147,2.8179823965071913
17,95.0,-0.31121516,-0.12116351,-0.25164238,243.28,-94.26,11.5397602810066,4.346929941233229,254.91,-92.04000000000002,26.52990888603417,9.993591934895193,38.0,17.238815907802188,15.2,8.48957121274742,0.5,20.761184092197812,-26.4602397189934,-5.699055626795587
17,95.0,-0.31177437,-0.11942752,-0.25523373,249.87,-96.2,11.62172262647526,4.38471917480297,254.91,-92.04000000000002,26.71834031826662,10.080469382872028,38.0,17.70578317528171,15.2,8.48957121274742,0.5,20.29421682471829,-26.37827737352474,-6.08406054880645
17,95.0,-0.31606197,-0.11519228,-0.2566351,254.91,-92.04000000000002,11.792160177209308,4.419242942946424,254.91,-92.04000000000002,27.1101762474042,10.159839525833826,38.0,18.06291747393068,15.2,8.48957121274742,0.5,19.93708252606932,-26.207839822790692,-6.270757296721371
17,96.0,-0.2860665,-0.20868176,-0.2847296,-170.39999999999998,-15.840000000000032,-11.177681439246363,5.083806592107149,,,-25.697489628827395,11.687671355254338,-15.0,-12.074540573370165,-6.0,,-0.5,-2.9254594266298355,3.8223185607536365,0.896859134123801
17,96.0,-0.28753096,-0.20600203,-0.2859368,-170.34000000000003,-14.16999999999996,-11.321479803246518,5.124076441055122,,,-26.028082067663743,11.780251737985724,-15.0,-12.070288974576728,-6.0,,-0.5,-2.9297110254232717,3.6785201967534817,0.7488091713302101
17,96.0,-0.2874499,-0.20604511,-0.28700933,-171.98000000000002,-13.110000000000014,-11.425089650115272,5.173247083645585,,,-26.266281105615008,11.893295045301198,-15.0,-12.186499341597424,-6.0,,-0.5,-2.8135006584025763,3.5749103498847283,0.761409691482152
17,97.0,-0.2472181,-0.04918865,-0.25511187,335.67,101.54000000000002,15.97854381273126,5.285379661298295,335.67,101.54000000000002,36.73467222546917,12.15108784132478,45.0,23.785569449901192,18.0,11.17921764145356,0.5,21.214430550098808,-29.02145618726874,-7.807025637169932
17,97.0,-0.24777485,-0.04710716,-0.2554923,345.30999999999995,130.61,16.179296168797496,5.337680584697936,345.30999999999995,130.61,37.19620189206544,12.271327664220555,45.0,24.468659656047247,18.0,11.500270038342206,0.5,20.531340343952753,-28.820703831202504,-8.289363487249751
17,97.0,-0.25104702,-0.04536666,-0.25656483,308.57000000000005,76.02999999999997,16.448774938761115,5.395013513910542,308.57000000000005,76.02999999999997,37.815733584211806,12.403136068480338,45.0,21.86526399486404,18.0,10.276674077586096,0.5,23.13473600513596,-28.551225061238885,-5.416489056102925
17,98.0,-0.27292857,-0.10433903,-0.28261,290.48,121.44,10.417515522372046,4.000772285240272,290.48,121.44,23.949868185933333,9.197775483767384,32.0,20.583406958641817,12.8,9.674201270561651,0.5,11.416593041358183,-21.582484477627954,-10.16589143626977
17,98.0,-0.27422422,-0.10429426,-0.28427389,268.28,126.49,10.52110336595245,4.03402892138735,268.28,126.49,24.188016638324683,9.274232490269515,25.0,19.01031540506894,10.0,8.9348482403824,0.5,5.9896845949310595,-14.47889663404755,-8.48921203911649
17,98.0,-0.2747215,-0.10283013,-0.28441492,221.92,137.01,10.604756140840957,4.067844599412348,268.28,126.49,24.38033436779336,9.35197473404899,25.0,15.725246737337478,10.0,8.9348482403824,0.5,9.274753262662522,-14.395243859159043,-5.120490596496522
17,99.0,-0.24492532,-0.16377798,-0.25976256,157.51,175.18,6.309909987952583,1.9227234485868303,,,14.506483062302989,4.420341208301124,25.0,11.161155432579427,10.0,,0.5,13.838844567420573,-18.690090012047417,-4.851245444626844
17,99.0,-0.2464274,-0.16420901,-0.25916654,127.37,177.13,6.339927636138103,1.9311379234958248,,,14.575493635481497,4.439686086116901,25.0,9.025435638674637,10.0,,0.5,15.974564361325363,-18.660072363861897,-2.685508002536533
17,99.0,-0.24705306,-0.16456163,-0.26271239,137.34000000000003,189.88,6.3702629956472405,1.939618688403966,,,14.645234626993004,4.459183364640719,25.0,9.731909638184616,10.0,,0.5,15.268090361815384,-18.62973700435276,-3.3616466425373757
17,100.0,-0.26702449,-0.1129166,-0.26764715,322.28,142.33999999999995,9.36342291060761,2.802901237988744,322.28,142.33999999999995,21.526509271486898,6.443869946136121,45.0,22.83675431916512,18.0,10.733274530007604,0.5,22.16324568083488,-35.63657708939239,-13.47333140855751
17,100.0,-0.26836529,-0.11206308,-0.26838273,321.67999999999995,144.07999999999998,9.431157268057472,2.820393027342374,321.67999999999995,144.07999999999998,21.682230559264127,6.484083569860117,45.0,22.79423833123072,18.0,10.713292015678435,0.5,22.20576166876928,-35.568842731942524,-13.363081063173247
17,100.0,-0.26736653,-0.11052461,-0.26871702,319.59000000000003,144.51,9.5653855661197,2.8380926298958413,319.59000000000003,144.51,21.99082141650919,6.524774956130539,45.0,22.64614097325922,18.0,10.643686257431831,0.5,22.35385902674078,-35.4346144338803,-13.080755407139522
17,101.0,-0.19745719,-0.17021991,-0.28628379,202.57000000000005,182.53,-9.33848858873214,2.823376164440815,268.97,216.61,-21.46918526549519,6.4909418020494325,-15.0,14.35410612645302,-6.0,8.957828131860948,-0.5,-29.35410612645302,5.66151141126786,-23.69259471518516
17,101.0,-0.19797471,-0.17030944,-0.28654408,268.97,216.61,-9.39548645101834,2.841343116339672,268.97,216.61,-21.600223350891167,6.532247824464905,-15.0,19.05920879119351,-6.0,8.957828131860948,-0.5,-34.05920879119351,5.604513548981661,-28.454695242211848
17,101.0,-0.19978401,-0.17081617,-0.28859422,339.51,525.08,-9.606134713289876,2.8595500866477512,268.97,216.61,-22.084503705853425,6.57410564920318,-14.0,24.057671772681363,-5.6000000000000005,8.957828131860948,-0.5,-38.05767177268136,4.393865286710124,-33.663806485971236
17,102.0,-0.24617533,-0.12627095,-0.27293202,126.65999999999995,296.87,9.619339409245615,2.859469145012652,,,22.114861301855672,6.573919564384086,38.0,8.975125052952258,15.2,,0.5,29.024874947047742,-28.380660590754385,0.6442143562933573
17,102.0,-0.24619281,-0.12832375,-0.27429259,193.25,75.92000000000002,9.77700920855833,2.8776370637943574,,,22.4773441704756,6.615687609663228,38.0,13.693691113871974,15.2,,0.5,24.306308886128026,-28.22299079144167,-3.916681905313645
17,102.0,-0.24753784,-0.12799495,-0.27377185,205.33000000000004,69.63999999999999,9.849251948886824,2.896016212890544,,,22.643430230490807,6.65794127343536,38.0,14.54967967095127,15.2,,0.5,23.45032032904873,-28.150748051113176,-4.700427722064447
17,103.0,-0.27034909,-0.14551201,-0.24473977,261.67999999999995,134.98000000000002,11.075722557852602,4.288359380354895,261.67999999999995,134.98000000000002,25.46308616050313,9.858938215435902,32.0,18.54263953779052,12.8,8.715040582761544,0.5,13.45736046220948,-20.9242774421474,-7.466916979937919
17,103.0,-0.27064735,-0.14830814,-0.24809599,262.53,130.60000000000002,11.213591782725452,4.3264472091514135,262.53,130.60000000000002,25.78004750848581,9.9465021338391,32.0,18.602870520697586,12.8,8.743349144727866,0.5,13.397129479302414,-20.78640821727455,-7.389278737972134
17,103.0,-0.27037328,-0.1484585,-0.25161764,264.75,64.87,11.26398068410913,4.365164055371518,264.75,64.87,25.89589159276689,10.03551216329912,32.0,18.76017967605488,12.8,8.817284447745793,0.5,13.239820323945121,-20.73601931589087,-7.496198991945748
17,104.0,-0.16047977,-0.18425217,-0.29398802,-327.20000000000005,146.61,-19.229994554031716,6.229169382877452,-327.20000000000005,146.61,-44.2097574797189,14.32086041123526,-42.0,-23.18538542022722,-16.8,-10.897131147506792,-0.5,-18.81461457977278,22.770005445968284,3.955390866195504
17,104.0,-0.16362156,-0.18680274,-0.29817262,-329.14,143.13,-19.499168909305027,6.30917026074718,-329.14,143.13,-44.828589322492256,14.504782429457768,-42.0,-23.32285378121512,-16.8,-10.961741277171104,-0.5,-18.67714621878488,22.500831090694973,3.8236848719100927
17,104.0,-0.16392547,-0.18674077,-0.30029833,-330.99,144.26,-19.665998208751446,6.390948908287354,-330.99,144.26,-45.21212988191957,14.692791540152625,-42.0,-23.45394474401286,-16.8,-11.023354029686043,-0.5,-18.54605525598714,22.334001791248554,3.787946535261412
17,105.0,-0.22353852,-0.14621553,-0.28402314,244.4,73.79999999999995,10.642709777470309,2.9854841365161224,,,24.46758977840424,6.863628029850565,32.0,17.318179085279738,12.8,,0.5,14.681820914720262,-21.35729022252969,-6.675469307809429
17,105.0,-0.22268608,-0.14662375,-0.28435856,242.51,73.62,10.72513987362416,3.00506057677716,,,24.65709656946194,6.90863426601069,32.0,17.184253723286375,12.8,,0.5,14.815746276713625,-21.27486012637584,-6.459113849662215
17,105.0,-0.22221226,-0.14333546,-0.28222516,246.78,78.82,10.743079467843632,3.0248852424881734,,,24.69833969657251,6.95421117248031,32.0,17.486825837419534,12.8,,0.5,14.513174162580466,-21.256920532156368,-6.743746369575902
17,106.0,-0.2028762,-0.11090568,-0.2649678,378.63,201.2,13.551091060036097,3.640798235422333,378.63,201.2,31.153958347022986,8.370195143235943,38.0,26.829714186004374,15.2,12.609965667422054,0.5,11.170285813995626,-24.448908939963903,-13.278623125968277
17,106.0,-0.20402732,-0.11007183,-0.26471761,409.96,7.360000000000014,13.750044442675303,3.668741924792764,409.96,7.360000000000014,31.611352173710525,8.434437685098564,38.0,29.049757355979068,15.2,13.653385957310162,0.5,8.950242644020932,-24.249955557324697,-15.299712913303765
17,106.0,-0.20342141,-0.11055315,-0.26555958,403.72,119.73000000000002,13.88644452737912,3.6970339105642847,403.72,119.73000000000002,31.924935968444597,8.499480960387292,38.0,28.60759108146129,15.2,13.445567808286803,0.5,9.39240891853871,-24.11355547262088,-14.72114655408217
17,107.0,-0.2594254,-0.10245058,-0.2581175,310.54,154.05,11.820466171992107,3.824096420314924,310.54,154.05,27.17525172940985,8.79159767030401,32.0,22.00485815524865,12.8,10.342283332966868,0.5,9.995141844751348,-20.17953382800789,-10.184391983256544
17,107.0,-0.26087761,-0.10366409,-0.25885382,310.66,156.69,11.986599677469384,3.85288738960368,310.66,156.69,27.55719265850212,8.857788108698859,32.0,22.01336135283553,12.8,10.3462798358327,0.5,9.986638647164469,-20.013400322530615,-10.026761675366147
17,107.0,-0.25983825,-0.10205944,-0.26202354,325.94000000000005,136.8,12.088882155829998,3.8820847847512105,325.94000000000005,136.8,27.792340076253165,8.924912920143031,32.0,23.096101845564977,12.8,10.855167867415538,0.5,8.903898154435023,-19.91111784417,-11.00721968973498
17,108.0,-0.21221973,-0.13987032,-0.26170886,226.11,61.860000000000014,9.419461623928692,2.8907824030159195,253.59000000000003,85.31,21.655342273412064,6.6459087445336,38.0,16.022150053079393,15.2,8.445609681223251,0.5,21.977849946920607,-28.58053837607131,-6.602688429150701
17,108.0,-0.21432424,-0.139109,-0.26248792,253.59000000000003,85.31,9.49014836173056,2.909558315632183,253.59000000000003,85.31,21.81785108361856,6.6890745676383885,37.0,17.969382300475004,14.8,8.445609681223251,0.5,19.030617699524996,-27.50985163826944,-8.479233938744445
17,108.0,-0.21545045,-0.13782628,-0.26356339,270.84000000000003,88.56,9.49044453191531,2.928583063023693,270.84000000000003,88.56,21.8185319788733,6.732812461891471,37.0,19.19171695358906,14.8,9.02010696818686,0.5,17.80828304641094,-27.50955546808469,-9.701272421673751
17,109.0,-0.20422938,-0.08568102,-0.30451617,445.09,106.95,14.209439236873326,4.315820039489198,445.09,106.95,32.66750080557178,9.922070270785664,45.0,31.539068449538306,18.0,14.823362171283003,0.5,13.460931550461694,-30.790560763126674,-17.32962921266498
17,109.0,-0.20608737,-0.08638122,-0.30546689,442.2000000000001,99.88,14.481876809597004,4.386426498436363,442.2000000000001,99.88,33.29383478526351,10.084394519905198,45.0,31.334283107654272,18.0,14.727113060597508,0.5,13.665716892345728,-30.518123190402996,-16.852406298057268
17,109.0,-0.20701541,-0.08423306,-0.30579275,441.66,146.3,14.735457476824674,4.436583918992806,441.66,146.3,33.876816739219926,10.19970642976446,45.0,31.296018718513302,18.0,14.70912879770125,0.5,13.703981281486698,-30.264542523175326,-16.560561241688628
17,110.0,-0.20254838,-0.12085639,-0.2998322,401.06,48.06,11.582854655455469,3.6180864127591863,401.06,48.06,26.62898285289212,8.317980662933369,32.0,28.4191035349521,12.8,13.356978661427489,0.5,3.5808964650479,-20.41714534454453,-16.83624887949663
17,110.0,-0.20404308,-0.12107705,-0.30040595,405.06,47.56,11.582438926511164,3.6493835311094127,405.06,47.56,26.62802709204917,8.38993273802054,32.0,28.702543454514775,12.8,13.490195423621945,0.5,3.2974565454852254,-20.417561073488834,-17.12010452800361
17,110.0,-0.2029102,-0.12525262,-0.30194056,406.56,47.31,11.733725685768496,3.6841176585044657,406.56,47.31,26.97583535158177,8.469786496901767,32.0,28.808833424350784,12.8,13.540151709444867,0.5,3.1911665756492162,-20.266274314231502,-17.07510773858229
17,111.0,-0.16601597,-0.16315906,-0.29935485,-172.21000000000004,180.12,-10.717246186597782,3.623618374134617,,,-24.6389489829883,8.330698642135486,-6.0,-12.20279713697228,-2.4000000000000004,,-0.5,6.202797136972279,-4.717246186597782,1.4855509503744972
17,111.0,-0.16717772,-0.16304125,-0.3010371,-178.37,172.13,-11.058992353697954,3.6551183418889424,,,-25.4246234211516,8.403117068002677,-6.0,-12.639294613098803,-2.4000000000000004,,-0.5,6.639294613098803,-5.058992353697954,1.580302259400849
17,111.0,-0.16838542,-0.16204156,-0.30133498,-178.15999999999997,71.89999999999998,-11.080693149399805,3.6817788227804624,,,-25.474513550470142,8.464409513572283,-6.0,-12.624414017321763,-2.4000000000000004,,-0.5,6.624414017321763,-5.080693149399805,1.5437208679219587
17,112.0,-0.19952609,-0.16958809,-0.39522818,254.24,169.25,9.741317750837942,3.154260994442094,254.24,169.25,22.395289509176425,7.251646026222374,11.0,18.015441287403934,4.4,8.46725740507985,0.5,-7.0154412874039345,-1.2586822491620584,-8.274123536565993
17,112.0,-0.19863866,-0.16957431,-0.3949548,263.1,96.45,9.86943450560476,3.1762794258774547,263.1,96.45,22.689829928385343,7.302266400092267,9.0,18.64326070923528,3.6,8.76233253334058,0.5,-9.643260709235278,0.8694345056047599,-8.773826203630518
17,112.0,-0.19918796,-0.16989221,-0.39475688,258.6,100.47000000000004,10.037480448176805,3.198553795447351,258.6,100.47000000000004,23.07616755035847,7.35347517573346,9.0,18.32439079972726,3.6,8.612463675871812,0.5,-9.324390799727261,1.0374804481768045,-8.286910351550457
17,113.0,-0.20648682,-0.1378395,-0.30702418,254.58000000000004,161.8,9.578052688915838,3.163408647258224,254.58000000000004,161.8,22.01994313181751,7.272676480046656,25.0,18.03953368056677,10.0,8.47858082986638,0.5,6.96046631943323,-15.421947311084162,-8.461480991650932
17,113.0,-0.20779885,-0.13729389,-0.30849776,-579.5,-319.75,9.63697031653014,3.1855931674995577,-579.5,-319.75,22.155394757702798,7.323678692081483,25.0,-41.063358346643255,10.0,-19.29977842292233,0.5,66.06335834664326,-15.36302968346986,50.700328663173394
17,113.0,-0.20731369,-0.13724631,-0.30856022,277.38,62.81,9.680320366417623,3.205803625056262,277.38,62.81,22.25505652239412,7.370142534004346,25.0,19.65514122207404,10.0,9.237916374374798,0.5,5.34485877792596,-15.319679633582377,-9.974820855656416
17,114.0,-0.22494572,-0.13280632,-0.28991699,345.66,147.76,10.025431096593993,3.2426017581243234,345.66,147.76,23.04846609106959,7.454741441927818,32.0,24.493460649008984,12.8,11.51192650503422,0.5,7.506539350991016,-21.97456890340601,-14.468029552414992
17,114.0,-0.22692099,-0.13352841,-0.29196614,335.69000000000005,154.64999999999998,10.111436124707511,3.2634829037648445,335.69000000000005,154.64999999999998,23.246191650702567,7.5027471957553775,32.0,23.78698664949901,12.8,11.179883725264537,0.5,8.21301335050099,-21.88856387529249,-13.675550524791499
17,114.0,-0.22724718,-0.13201551,-0.29373887,265.49,168.41000000000005,10.204732902788002,3.289334313274877,265.49,168.41000000000005,23.46068094350961,7.562179586218941,32.0,18.812616061173976,12.8,8.841929548751768,0.5,13.187383938826024,-21.795267097211998,-8.607883158385974
17,115.0,-0.26270437,-0.15077707,-0.27445346,318.04,242.05,8.053256072962085,3.1211062880682503,318.04,242.05,18.514435711739832,7.175423356268907,20.0,22.53630800442868,8.0,10.59206476208148,0.5,-2.5363080044286797,-11.946743927037915,-14.483051931466594
17,115.0,-0.2626543,-0.14881197,-0.27486241,315.02,197.6,8.112522887644456,3.14291211822594,315.02,197.6,18.650690118694605,7.225554959801435,20.0,22.322310865158855,8.0,10.491486106624665,0.5,-2.3223108651588547,-11.887477112355544,-14.209787977514399
17,115.0,-0.26480764,-0.14881319,-0.2756609,291.41,219.25,8.163789058562099,3.1650293290358817,291.41,219.25,18.768551045634265,7.276402427453491,20.0,20.649306739940137,8.0,9.705174167771863,0.5,-0.6493067399401369,-11.836210941437901,-12.485517681378038
17,116.0,-0.14422433,-0.19314337,-0.29592931,-258.23,158.14999999999998,-12.770812554153371,4.123045379790531,-258.23,158.14999999999998,-29.3600980619986,9.47888132813843,-15.0,-18.29817260716771,-6.0,-8.600141125368824,-0.5,3.298172607167711,2.2291874458466285,5.527360053014339
17,116.0,-0.14496343,-0.1934561,-0.29448268,-239.65,89.19,-12.79903840678496,4.164121476629706,-258.23,158.14999999999998,-29.42498929719862,9.573315274771694,-15.0,-16.981594180799057,-6.0,-8.600141125368824,-0.5,1.981594180799057,2.2009615932150393,4.182555774014096
17,116.0,-0.14525288,-0.19301778,-0.29589343,-248.45000000000005,137.86,-12.862739070354332,4.198312028494451,-258.23,158.14999999999998,-29.57143712274461,9.65191935350874,-15.0,-17.60516200383696,-6.0,-8.600141125368824,-0.5,2.605162003836959,2.1372609296456684,4.742422933482628
17,117.0,-0.18931735,-0.19506188,-0.30406204,-216.09000000000003,88.88,-10.340838995000514,5.342797490068207,,,-23.77358884950618,12.283091429666806,11.0,-15.312133054574876,4.4,,-0.5,26.312133054574876,-21.340838995000514,4.971294059574362
17,117.0,-0.18788959,-0.19526809,-0.30399939,-215.97000000000003,79.91999999999996,-10.40063295501665,5.377633146627188,,,-23.91105516358328,12.363178604095904,11.0,-15.303629856987998,4.4,,-0.5,26.303629856987996,-21.40063295501665,4.902996901971347
17,117.0,-0.18529381,-0.19472925,-0.30349484,-216.62,60.35000000000002,-10.524199865204542,5.420808620278159,,,-24.19513549010524,12.462439018019484,13.0,-15.349688843916931,5.2,,-0.5,28.34968884391693,-23.524199865204544,4.825488978712389
17,118.0,-0.24071039,-0.15763141,-0.28398106,138.62,141.51999999999998,9.564927855546951,2.952675326785124,336.73,-145.72,21.98976913990245,6.788200576278999,32.0,9.822610412444677,12.8,11.214520083435092,0.5,22.177389587555325,-22.43507214445305,-0.25768255689772523
17,118.0,-0.24094227,-0.15793969,-0.28438672,336.73,-145.72,9.582448936572913,2.971985331462974,336.73,-145.72,22.03005010518112,6.832594277033378,25.0,23.860681028585304,10.0,11.214520083435092,0.5,1.1393189714146956,-15.417551063427087,-14.278232092012392
17,118.0,-0.24085271,-0.15747271,-0.28613171,137.0,143.11,9.73771783375092,2.9915277085289285,336.73,-145.72,22.387013299793367,6.877522201908006,25.0,9.707817245021788,10.0,11.214520083435092,0.5,15.292182754978212,-15.26228216624908,0.029900588729132593
17,119.0,-0.20908591,-0.11019329,-0.29639456,90.17000000000002,150.45999999999998,12.305589787253476,4.428916171734653,369.73,170.51,28.29055092089574,10.182078278817968,38.0,6.389444386741713,15.2,12.313558371539385,0.5,31.61055561325829,-25.694410212746526,5.9161454005117635
17,119.0,-0.20828146,-0.10917305,-0.29554814,369.73,170.51,12.357773964786434,4.471084683921295,369.73,170.51,28.41052234504401,10.279023688335055,38.0,26.199060364977417,15.2,12.313558371539385,0.5,11.800939635022583,-25.642226035213568,-13.841286400190983
17,119.0,-0.20881245,-0.1094264,-0.29529759,359.88,170.01999999999998,12.541901084283548,4.518818769785083,359.88,170.01999999999998,28.83383059276788,10.388764351735908,38.0,25.501089563054315,15.2,11.985512094635528,0.5,12.498910436945685,-25.45809891571645,-12.959188478770766
17,120.0,-0.1685217,-0.24790628,-0.26651984,-407.25,33.30000000000001,-21.59489148213384,7.330140341467699,-407.25,33.30000000000001,-49.646655517425685,16.851992645034237,-45.0,-28.85772681047535,-18.0,-13.563131600923413,-0.5,-16.14227318952465,23.40510851786616,7.2628353283415095
17,120.0,-0.16590202,-0.24721763,-0.26620919,-417.78,46.25,-22.025404260903024,7.4370793407946625,-417.78,46.25,-50.63640439581605,17.097845404486932,-45.0,-29.603882398724103,-18.0,-13.913824727400328,-0.5,-15.396117601275897,22.974595739096976,7.5784781378210795
17,120.0,-0.16487144,-0.24786276,-0.26731697,-364.24,6092.09,-22.2443117683279,7.535689288995469,-417.78,46.25,-51.139672755385845,17.32454967540058,-45.0,-25.810039075377635,-18.0,-13.913824727400328,-0.5,-19.189960924622365,22.7556882316721,3.565727307049734
17,1.0,-0.29597321,-0.22390269,-0.26508924,-234.09,163.82,-12.558847363187796,1.5484389355683843,-256.99,280.62,-28.87279008796874,3.5598611128717152,-15.0,-16.587612692606935,-6.0,-8.558843929088543,-0.5,1.5876126926069354,2.4411526368122036,4.028765329419139
17,1.0,-0.29661092,-0.22604959,-0.26572874,-241.67,78.38,-12.609848806838215,1.555722464369012,-256.99,280.62,-28.990042406921056,3.576605945584358,-15.0,-17.124731340178215,-6.0,-8.558843929088543,-0.5,2.124731340178215,2.3901511931617847,4.51488253334
17,1.0,-0.29534945,-0.22569609,-0.26647878,-256.99,280.62,-12.732977301753236,1.5638149121907643,-256.99,280.62,-29.273114816730693,3.595210483126568,-15.0,-18.21030623210328,-6.0,-8.558843929088543,-0.5,3.2103062321032816,2.2670226982467643,5.477328930350046
17,2.0,-0.31176668,-0.10287296,-0.24284169,277.27,148.93,10.384628427892268,1.5349153159104103,277.27,148.93,23.87426075572432,3.528770311278034,38.0,19.647346624286065,15.2,9.23425291341445,0.5,18.352653375713935,-27.615371572107733,-9.262718196393797
17,2.0,-0.31505975,-0.10108203,-0.24288508,272.02,152.68,10.493391828290155,1.5414716575707246,272.02,152.68,24.12430781323907,3.543843340755096,38.0,19.27533172986005,15.2,9.05940591303422,0.5,18.72466827013995,-27.506608171709843,-8.781939901569894
17,2.0,-0.3166784,-0.10042015,-0.24235767,269.27,150.93,10.533724985406536,1.548083782517068,269.27,150.93,24.217033741449622,3.559044616006741,38.0,19.080466785160706,15.2,8.96781938902553,0.5,18.919533214839294,-27.466275014593464,-8.54674179975417
17,3.0,-0.27963337,-0.19860566,-0.25840816,-254.18,212.76,-13.696107473797602,2.5982050442080986,-254.18,212.76,-31.487351082260684,5.973273396634417,-15.0,-18.011189688610497,-6.0,-8.465259153646933,-0.5,3.0111896886104965,1.3038925262023984,4.315082214812895
17,3.0,-0.27439111,-0.20158929,-0.25642976,-114.26,289.04,-13.689831396257173,2.612886103109693,-254.18,212.76,-31.47292237999524,6.007025151049184,-15.0,-8.09646130230795,-6.0,-8.465259153646933,-0.5,-6.903538697692049,1.3101686037428273,-5.593370093949222
17,3.0,-0.2724176,-0.2011067,-0.26484475,-107.75,287.87,-13.683966245484774,2.627716413151207,-254.18,212.76,-31.459438398369493,6.041120033834625,-15.0,-7.635162833219691,-6.0,-8.465259153646933,-0.5,-7.364837166780309,1.3160337545152263,-6.048803412265083
17,3.0,-0.27408591,-0.21847333,-0.26757497,-279.7,223.34000000000003,-14.700952843030166,2.8702749126545566,-279.7,223.34000000000003,-33.79749058612635,6.598762024192826,-15.0,-19.819536375420395,-6.0,-9.315182096447584,-0.5,4.819536375420395,0.2990471569698343,5.118583532390229
17,3.0,-0.27538013,-0.21554142,-0.2675193,-281.11,229.14,-14.773735534954064,2.8878993343925767,-281.11,229.14,-33.96481799485939,6.639280569768534,-15.0,-19.91944894706624,-6.0,-9.362141005121131,-0.5,4.91944894706624,0.22626446504593645,5.145713412112176
17,3.0,-0.27671304,-0.21506459,-0.26772609,-275.83,227.52,-14.84760584086534,2.905733952738624,-275.83,227.52,-34.13464582814942,6.680282357346096,-15.0,-19.5453082532435,-6.0,-9.186294879024445,-0.5,4.545308253243501,0.15239415913466026,4.697702412378161
17,4.0,-0.33547908,-0.08860246,-0.26730517,444.19000000000005,-54.610000000000014,12.711080511909506,1.982644034177059,444.19000000000005,-54.610000000000014,29.222774096879952,4.55809863457306,32.0,31.475294467636704,12.8,14.79338839978925,0.5,0.5247055323632956,-19.288919488090492,-18.7642139557272
17,4.0,-0.33560023,-0.08906456,-0.2670705,409.55,-32.29000000000002,12.77196964878076,1.993270060873636,409.55,-32.29000000000002,29.362758222546965,4.582527869948487,32.0,29.020704764223886,12.8,13.639731239185226,0.5,2.9792952357761138,-19.22803035121924,-16.248735115443125
17,4.0,-0.33651558,-0.08887945,-0.27043819,353.85,35.79000000000002,12.83327128555493,2.0040020090866024,353.85,35.79000000000002,29.503690685490785,4.607200618890099,32.0,25.073803884313577,12.8,11.78468782562738,0.5,6.926196115686423,-19.16672871444507,-12.240532598758646
17,5.0,-0.31961617,-0.046266,-0.27674565,413.65,109.10000000000002,16.75172958095955,2.6421266558826355,413.65,109.10000000000002,38.512226306626005,6.07424918187418,45.0,29.31123068177564,18.0,13.776278420434547,0.5,15.68876931822436,-28.24827041904045,-12.559501100816089
17,5.0,-0.31872094,-0.04747179,-0.27727082,428.79,100.45999999999998,16.853891486338018,2.6602878575582167,428.79,100.45999999999998,38.7470965270911,6.11600178452634,45.0,30.38405077732038,18.0,14.280503865340576,0.5,14.615949222679621,-28.146108513661982,-13.530159290982361
17,5.0,-0.32064188,-0.04772044,-0.27699482,-553.75,-311.25,16.957103274260284,2.678677965892521,-553.75,-311.25,38.98438042752439,6.158280643586906,45.0,-39.2387138644585,18.0,-18.44219551629549,0.5,84.2387138644585,-28.042896725739716,56.19581713871878
17,6.0,-0.31892183,-0.11113451,-0.25587785,287.6,55.64999999999998,10.421509089645538,1.6045488438248166,287.6,55.64999999999998,23.95904939709509,3.688857791953252,38.0,20.37933021655669,15.2,9.578285201781645,0.5,17.62066978344331,-27.57849091035446,-9.957821126911151
17,6.0,-0.31821045,-0.11059508,-0.25703773,147.48000000000002,330.84000000000003,10.462975795897366,1.611654791419447,287.6,55.64999999999998,24.054381354768044,3.7051943654733073,38.0,10.45042983427601,15.2,9.578285201781645,0.5,27.549570165723992,-27.537024204102636,0.012545961621356128
17,6.0,-0.31739748,-0.11021361,-0.25824058,152.97000000000003,316.5,10.50477008845002,1.618821428435024,287.6,55.64999999999998,24.150466433346597,3.7216704639721208,41.0,10.839451123875788,16.400000000000002,9.578285201781645,0.5,30.16054887612421,-30.49522991154998,-0.33468103542576877
17,7.0,-0.31718147,-0.09682006,-0.27590349,399.66,20.889999999999983,12.71952810399688,1.5448146635341686,399.66,20.889999999999983,29.242195111088822,3.551528911465056,41.0,28.31989956310516,16.400000000000002,13.310352794659424,0.5,12.68010043689484,-28.28047189600312,-15.60037145910828
17,7.0,-0.3176541,-0.098054,-0.27791706,442.9,-38.14999999999998,12.84771161624542,1.553690225151513,442.9,-38.14999999999998,29.53688900574822,3.571933827623328,41.0,31.38388509357773,16.400000000000002,14.750425993981535,0.5,9.616114906422268,-28.15228838375458,-18.536173477332312
17,7.0,-0.31528291,-0.09928203,-0.27691987,397.17,34.01999999999998,12.907415775073162,1.5626568549142237,397.17,34.01999999999998,29.6741488668932,3.592548109447799,45.0,28.1434582131774,18.0,13.227425360193376,0.5,16.8565417868226,-32.09258422492684,-15.236042438104239
17,8.0,-0.3446961,-0.05299505,-0.27712533,421.85,-70.75,14.51229277873182,2.167687753782048,421.85,-70.75,33.36376109830445,4.983514145944927,41.0,29.89228251687913,16.400000000000002,14.04937278293319,0.5,11.107717483120869,-26.48770722126818,-15.37998973814731
17,8.0,-0.34431317,-0.05546813,-0.28237206,414.68,-72.33999999999997,14.609901854147497,2.180332384348816,414.68,-72.33999999999997,33.58816436268509,5.012584151617929,41.0,29.384216461063023,16.400000000000002,13.81058173669962,0.5,11.615783538936977,-26.390098145852505,-14.774314606915526
17,8.0,-0.34340179,-0.05432515,-0.28426197,433.69000000000005,-89.16,14.68603671587158,2.193107258561895,433.69000000000005,-89.16,33.763198409788764,5.041953587433795,41.0,30.73126467878467,16.400000000000002,14.443694399028791,0.5,10.268735321215331,-26.31396328412842,-16.04522796291309
17,9.0,-0.31072357,-0.05589425,-0.25572714,478.7000000000001,64.02999999999997,15.994276335404097,2.5008865597694694,478.7000000000001,64.02999999999997,36.770841295094016,5.74953820091001,-45.0,33.92067237366373,-18.0,15.94271601562195,0.5,-78.92067237366373,60.994276335404095,-17.926396038259632
17,9.0,-0.30920038,-0.05598847,-0.25170183,473.39,58.5,16.087439668018703,2.5173421459385,473.39,58.5,36.985023796775,5.787369593512612,-45.0,33.544405880444266,-18.0,15.765870763808804,0.5,-78.54440588044426,61.0874396680187,-17.456966212425563
17,9.0,-0.30790931,-0.05771362,-0.24998058,473.52,56.839999999999975,16.18180707114209,2.534007703900386,473.52,56.839999999999975,37.20197445655566,5.825683711266986,-45.0,33.55361767783005,-18.0,15.77020030858012,0.5,-78.55361767783005,61.18180707114209,-17.37181060668796
17,10.0,-0.28782159,-0.0703882,-0.25307232,548.5999999999999,43.49000000000001,19.27717166159321,3.1850333522190493,548.5999999999999,43.49000000000001,44.3182176500028,7.322391676751593,-45.0,38.873784968021546,-18.0,18.270678934970125,0.5,-83.87378496802154,64.27717166159321,-19.596613306428335
17,10.0,-0.28612122,-0.07077107,-0.25291193,577.1500000000001,13.449999999999989,19.346348755322914,3.210485668566399,577.1500000000001,13.449999999999989,44.477255788487376,7.380906552034151,-45.0,40.896837393900185,-18.0,19.221513575133084,0.5,-85.89683739390019,64.34634875532291,-21.55048863857727
17,10.0,-0.28714228,-0.0707677,-0.25145209,584.4100000000001,14.110000000000014,19.4847194803855,3.2362839626694893,584.4100000000001,14.110000000000014,44.79537008540626,7.440216830177153,-45.0,41.41128084790645,-18.0,19.46330199851603,0.5,-86.41128084790645,64.48471948038551,-21.926561367520947
17,11.0,-0.28278041,-0.03778864,-0.26470163,670.9300000000001,-171.82,23.622195783020512,3.979559924624452,670.9300000000001,-171.82,54.30742810516416,9.149008266711617,-31.0,46.446236719038005,-12.4,21.829731257947863,0.5,-77.44623671903801,54.622195783020516,-22.824040936017493
17,11.0,-0.28216645,-0.03740099,-0.26379183,694.27,-182.29,23.89474027917266,4.017027896176932,694.27,-182.29,54.93400790181794,9.235147133310765,-31.0,47.27317268436212,-12.4,22.2183911616502,0.5,-78.27317268436212,54.89474027917266,-23.378432405189464
17,11.0,-0.28048754,-0.03747989,-0.26207578,696.4000000000001,-47.31,24.031632444440557,4.055064976308728,696.4000000000001,-47.31,55.24872298976883,9.322594380533763,-31.0,47.34863856294568,-12.4,22.25386012458447,0.5,-78.34863856294568,55.03163244444056,-23.317006118505123
17,12.0,-0.33164552,-0.06873735,-0.25882766,476.03,-146.66,14.200566893913397,2.1854698917736046,476.03,-146.66,32.6471032891069,5.024395281187518,45.0,33.73147622735563,18.0,15.853793826857144,0.5,11.268523772644372,-30.799433106086603,-19.53090933344223
17,12.0,-0.33160585,-0.06750565,-0.2610471,42.13,290.96000000000004,14.2051495413451,2.198247255797756,476.03,-146.66,32.65763879555238,5.05377044107904,45.0,2.9853309527939262,18.0,15.853793826857144,0.5,42.01466904720608,-30.7948504586549,11.219818588551174
17,12.0,-0.33246881,-0.06582004,-0.26237437,48.65999999999997,234.30999999999997,14.209929803388809,2.2111547673400604,476.03,-146.66,32.66862861799087,5.083444810114798,45.0,3.448046621479999,18.0,15.853793826857144,0.5,41.551953378520004,-30.79007019661119,10.761883181908809
17,13.0,-0.33296853,-0.12898386,-0.26497203,317.01,121.08999999999996,10.559252190803027,1.700505643282704,317.01,121.08999999999996,24.27572078665616,3.909462473906936,25.0,22.46332222514129,10.0,10.557761445816404,0.5,2.5366777748587097,-14.440747809196973,-11.904070034338263
17,13.0,-0.33336854,-0.12921037,-0.26370698,330.91,103.16000000000004,10.606904462872494,1.7069378324379318,330.91,103.16000000000004,24.385273360143863,3.924250076774806,25.0,23.4482759456216,10.0,11.02068969444215,0.5,1.5517240543784006,-14.393095537127506,-12.841371482749105
17,13.0,-0.33382151,-0.12900208,-0.26162684,321.17,124.58999999999996,10.57042914890184,1.715851258882486,321.17,124.58999999999996,24.301416613325333,3.944742044170836,25.0,22.758099741486475,10.0,10.696306878498644,0.5,2.2419002585135246,-14.42957085109816,-12.187670592584636
17,14.0,-0.32890111,-0.09484254,-0.25329712,284.84000000000003,73.11000000000001,11.903878067491544,1.9085537902294163,284.84000000000003,73.11000000000001,27.367015677163064,4.387765163737429,45.0,20.18375667205844,18.0,9.486365635867466,0.5,24.81624332794156,-33.09612193250845,-8.279878604566896
17,14.0,-0.32894516,-0.09004816,-0.2532475,284.44000000000005,73.83000000000004,12.040958960171704,1.9175901954524743,284.44000000000005,73.83000000000004,27.682164649434743,4.408539859345236,45.0,20.15541268010217,18.0,9.47304395964802,0.5,24.84458731989783,-32.95904103982829,-8.114453719930466
17,14.0,-0.32880768,-0.08999763,-0.25528112,-4.710000000000036,147.47000000000003,12.016741659828009,1.9287473974501756,284.44000000000005,73.83000000000004,27.62648907594459,4.434190266737952,45.0,-0.3337505052850582,18.0,9.47304395964802,0.5,45.33375050528506,-32.98325834017199,12.350492165113067
17,15.0,-0.3020713,-0.11607303,-0.26118094,359.04,74.29000000000002,14.351800250746557,2.3514005753847838,359.04,74.29000000000002,32.994788776466336,5.405869922809616,-45.0,25.441567179946148,-18.0,11.95753657457469,0.5,-70.44156717994615,59.35180025074656,-11.089766929199591
17,15.0,-0.30529597,-0.11296841,-0.26495841,359.54,75.54000000000002,14.460668235525544,2.3678456594756394,359.54,75.54000000000002,33.245076273473224,5.443677171134496,-45.0,25.476997169891483,-18.0,11.974188669848996,0.5,-70.47699716989149,59.460668235525546,-11.016328934365939
17,15.0,-0.30791193,-0.11097668,-0.26594976,360.33,79.63999999999999,14.58305602050946,2.3814652500671887,360.33,79.63999999999999,33.52644579115125,5.4749886099044645,-45.0,25.53297655400512,-18.0,12.000498980382403,0.5,-70.53297655400512,59.58305602050946,-10.94992053349566
17,16.0,-0.30584484,-0.06097847,-0.27174348,529.3900000000001,-273.13,18.140036307538832,2.977890670143068,529.3900000000001,-273.13,41.70394347103177,6.846170650658912,-45.0,37.51256475432179,-18.0,17.63090543453124,0.5,-82.51256475432179,63.140036307538836,-19.372528446782955
17,16.0,-0.30466774,-0.06117696,-0.26968715,534.26,-284.08000000000004,18.276564966154176,3.003278139724004,534.26,-284.08000000000004,42.01782285718845,6.904536443225485,-45.0,37.85765285638934,-18.0,17.79309684250299,0.5,-82.85765285638934,63.276564966154176,-19.581087890235167
17,16.0,-0.30257404,-0.0652848,-0.26965395,-18.91999999999996,69.91999999999996,18.38982761342144,3.024334897654814,534.26,-284.08000000000004,42.27821368325589,6.952945929708417,-45.0,-1.3406708195314732,-18.0,17.79309684250299,0.5,-43.659329180468525,63.38982761342144,19.730498432952913
17,17.0,-0.34155148,-0.10416939,-0.2743127,174.99,140.32000000000005,11.725816352800924,1.472735385536743,,,26.95765179508932,3.385818651348972,32.0,12.39978788106834,12.8,,0.5,19.60021211893166,-20.274183647199074,-0.6739715282674155
17,17.0,-0.34178808,-0.10608053,-0.27285126,180.5,139.66999999999996,11.785394211653376,1.4818772180824098,,,27.09462129259111,3.40683572437146,32.0,12.790226370265932,12.8,,0.5,19.209773629734066,-20.214605788346624,-1.0048321586125564
17,17.0,-0.34100035,-0.10578999,-0.27158388,179.82000000000005,141.67999999999995,11.884975197442754,1.4911295170963506,,,27.32355797892089,3.4281067598045105,32.0,12.74204158394028,12.8,,0.5,19.257958416059722,-20.115024802557244,-0.8570663864975252
17,19.0,-0.29374656,-0.07317729,-0.25940084,353.82000000000005,24.74000000000001,15.713322104678667,3.105161628505418,353.82000000000005,24.74000000000001,36.12492751865626,7.138766583933956,-31.0,25.07167808491685,-12.4,11.78368869991092,0.5,-56.071678084916854,46.71332210467867,-9.358355980238183
17,19.0,-0.29503244,-0.07395093,-0.26585418,340.80999999999995,29.920000000000016,15.751729881340308,3.122174960728522,340.80999999999995,29.920000000000016,36.21322699720136,7.177880234714873,-31.0,24.149789746539238,-12.4,11.35040118087344,0.5,-55.14978974653924,46.75172988134031,-8.39805986519893
17,19.0,-0.29632288,-0.07460298,-0.27001306,310.20000000000005,44.44,15.845221223854285,3.1436887681545134,310.20000000000005,44.44,36.428163593641,7.227340477987225,-31.0,21.98076576208583,-12.4,10.33095990818034,0.5,-52.98076576208583,46.84522122385428,-6.135544538231546
17,20.0,-0.24631822,-0.18598646,-0.27289033,-340.49,107.44000000000004,-15.118655057964954,2.291123404751903,-340.49,107.44000000000004,-34.757787978261426,5.267292707524625,-15.0,-24.127114552974223,-6.0,-11.339743839897883,-0.5,9.127114552974223,-0.11865505796495412,9.00845949500927
17,20.0,-0.24537584,-0.1853959,-0.27455255,-339.44,112.07000000000004,-15.114312850610904,2.304927949119807,-339.44,112.07000000000004,-34.74780524355447,5.299029355026438,-15.0,-24.05271157408902,-6.0,-11.30477443982184,-0.5,9.05271157408902,-0.11431285061090435,8.938398723478116
17,20.0,-0.24397172,-0.18504789,-0.27588373,-331.84,103.51999999999998,-15.10955724829392,2.3188834680716024,-331.84,103.51999999999998,-34.73687211382772,5.331113093096612,-15.0,-23.514175726919927,-6.0,-11.051662591652365,-0.5,8.514175726919927,-0.10955724829391933,8.404618478626007
17,22.0,-0.30665269,-0.10463367,-0.27744827,437.23,78.51999999999998,13.689643824698155,2.276647181701871,437.23,78.51999999999998,31.472491152981057,5.234011870732601,38.0,30.982109007597643,15.2,14.56159123357089,0.5,7.017890992402357,-24.310356175301845,-17.292465182899488
17,22.0,-0.30821967,-0.10118629,-0.27497706,435.73,78.26999999999998,13.78736190410468,2.290645236540944,435.73,78.26999999999998,31.69714501753666,5.26619339880763,38.0,30.87581903776164,15.2,14.511634947747968,0.5,7.124180962238359,-24.212638095895322,-17.08845713365696
17,22.0,-0.30814445,-0.10084581,-0.27610603,436.06,77.81,13.855239559950457,2.30337526994032,436.06,77.81,31.853195748326097,5.295459745592794,38.0,30.89920283112555,15.2,14.522625330629008,0.5,7.1007971688744504,-24.144760440049545,-17.043963271175095
17,23.0,-0.23453215,-0.1792171,-0.27636096,-217.26,249.32000000000005,-14.074690289750304,2.070325252355932,-271.38,253.28,-32.35771297613595,4.7596777551662885,-15.0,-15.395039231046958,-6.0,-9.03809123108311,-0.5,0.39503923104695815,0.9253097102496959,1.320348941296654
17,23.0,-0.23415022,-0.1795982,-0.27759486,-271.38,253.28,-14.143715594839158,2.081776223959864,-271.38,253.28,-32.51640215253522,4.786003538883726,-15.0,-19.22998134273002,-6.0,-9.03809123108311,-0.5,4.229981342730021,0.8562844051608423,5.086265747890863
17,23.0,-0.23698647,-0.18162833,-0.27985018,-270.91,247.0,-14.213408966282216,2.093346160818044,-270.91,247.0,-32.67662721348282,4.812602823720681,-15.0,-19.196677152181405,-6.0,-9.02243826152526,-0.5,4.196677152181405,0.7865910337177837,4.983268185899188
17,24.0,-0.31496897,-0.16209501,-0.26024276,121.59000000000005,127.26,3.8298709571921408,1.1863120859519611,,,8.804873330584732,2.727331485603558,18.0,8.615864954906565,7.2,,0.5,9.384135045093435,-14.17012904280786,-4.785993997714424
17,24.0,-0.31551632,-0.16286044,-0.26066548,120.01999999999998,129.74,3.8436266771770056,1.1908056927555908,,,8.836497730829935,2.737662287645103,18.0,8.50461478647821,7.2,,0.5,9.49538521352179,-14.156373322822994,-4.660988109301205
17,24.0,-0.31974626,-0.16404463,-0.26746464,109.20000000000005,140.57000000000005,3.879338273825157,1.1949223343252298,,,8.918598691524034,2.747126446613703,18.0,7.737909804061165,7.2,,0.5,10.262090195938836,-14.120661726174843,-3.8585715302360084
