Participant,trigger_no,fzd_hands0_fingerTip_coordinates_x,fzd_hands0_fingerTip_coordinates_y,fzd_hands0_fingerTip_coordinates_z,eyegaze_new_coordinates_x,eyegaze_new_coordinates_y,angle_center,Buidling_half_width,eyegaze_new_coordinates_x_without_tablet_&_road_gazes,eyegaze_new_coordinates_y_without_tablet_&_road_gazes,angle_center_scaled,Buidling_half_width_scaled,horizontal_angle_finger_pointing_unscaled,eyegaze_horiz_angle_x,horizontal_angle_finger_pointing,eyegaze_horiz_angle_x_scaled_without_tablet,side,difference,D_p,D_g
31,1.0,-0.31352261,0.22809966,-0.52810383,563.6600000000001,517.79,-14.06634613496953,1.966115654407496,,,-24.46137592871201,3.419075123014636,45.0,41.10129420376165,31.05,,-0.5,3.898705796238353,-59.06634613496953,-55.167640338731175
31,1.0,-0.38448188,0.19906785,-0.55651957,494.4100000000001,355.35,-14.154121146733845,1.975602951162745,,,-24.61401667417016,3.4355735320720147,44.0,36.05168162949615,30.36,,-0.5,7.9483183705038485,-58.15412114673384,-50.205802776229994
31,1.0,-0.41210908,0.19064263,-0.58074671,518.6400000000001,509.97,-14.236560729186271,1.9862345339350045,,,-24.757379108054927,3.454061854512973,44.0,37.8184991410406,30.36,,-0.5,6.181500858959403,-58.23656072918627,-52.05505987022687
31,2.0,-0.16005044,0.06108638,-0.42984709,0.0,0.0,9.36553454441804,1.372748158572108,,,16.28666457274297,2.387209047756897,0.0,0.0,0.0,,0.5,0.0,9.36553454441804,9.36553454441804
31,2.0,-0.19728176,0.0635089,-0.45291781,0.0,0.0,9.373314289241762,1.374012024853016,,,16.300193548991423,2.3894069112193943,4.0,0.0,2.76,,0.5,4.0,5.373314289241762,9.373314289241762
31,2.0,-0.21648984,0.0652682,-0.47402641,0.0,0.0,9.37974222830519,1.3750564095790594,,,16.31137173502273,2.391223096257985,4.0,0.0,2.76,,0.5,4.0,5.37974222830519,9.37974222830519
31,4.0,-0.41355887,-0.08565436,-0.23772496,-311.96000000000004,192.45,12.754278310818856,1.91962695129863,-311.96000000000004,192.45,22.17968998251399,3.338231268308318,23.0,-22.747684312893387,15.87,-10.46393478393096,0.5,45.747684312893384,-10.245721689181144,35.501962623712245
31,4.0,-0.41650113,-0.08155688,-0.23233281,-270.01,1.5699999999999932,12.719473658715216,1.929494678454148,-270.01,1.5699999999999932,22.11916469250576,3.355391245831763,25.0,-19.688749331082004,17.25,-9.056824692297722,0.5,44.68874933108201,-12.280526341284784,32.408222989797224
31,4.0,-0.41356215,-0.08306534,-0.23558864,-268.41,-0.660000000000025,12.73169505787702,1.939456579211328,-268.41,-0.660000000000025,22.140417705648137,3.3727149912484986,27.0,-19.572079582073705,18.63,-9.003156607753905,0.5,46.572079582073705,-14.26830494212298,32.303774639950724
31,5.0,-0.3697679,-0.07495553,-0.26060298,-374.44,88.63,18.894100550419108,3.0633889863923818,-374.44,88.63,32.85684085717883,5.3272334473363525,-45.0,-27.30363801166752,-31.05,-12.55967348536706,0.5,-17.69636198833248,63.89410055041911,46.19773856208663
31,5.0,-0.36855331,-0.07587895,-0.26009947,526.25,213.63,19.067030225432266,3.084384814985693,526.25,213.63,33.15756556202671,5.363745193260119,-45.0,38.37340963476132,-31.05,17.65176843199021,0.5,-83.37340963476132,64.06703022543226,-19.306379409329057
31,5.0,-0.3672381,-0.07582144,-0.25799793,509.3699999999999,321.6,19.092774511746985,3.1080092865738163,526.25,213.63,33.20233487592801,5.404828149351866,-31.0,37.14254378272375,-21.39,17.65176843199021,0.5,-68.14254378272375,50.09277451174698,-18.049769270976764
31,6.0,-0.40737969,-0.11338127,-0.25818941,264.16,-15.639999999999986,10.783591036867074,1.633287673105718,264.16,-15.639999999999986,18.75266481311184,2.8402872635308443,15.0,19.262175561270404,10.35,8.860600758184386,0.5,-4.2621755612704035,-4.216408963132926,-8.47858452440333
31,6.0,-0.40587619,-0.11288736,-0.25612789,267.26,-93.93,10.826350017234468,1.6405419997334496,267.26,-93.93,18.827022679970742,2.852902537536469,18.0,19.488223199973987,12.419999999999998,8.964582671988035,0.5,-1.4882231999739872,-7.173649982765532,-8.66187318273952
31,6.0,-0.40610525,-0.11267285,-0.25477654,304.55999999999995,123.33999999999996,10.844783261270704,1.6486008467911173,304.55999999999995,123.33999999999996,18.859078091349755,2.866916872569753,18.0,22.20808672372999,12.419999999999998,10.215719892915796,0.5,-4.208086723729991,-7.155216738729296,-11.363303462459287
31,7.0,-0.39069602,-0.10380237,-0.27515584,340.65,-102.99,14.615143946219863,1.842853057431272,340.65,-102.99,25.415735322476348,3.204721466872982,-31.0,24.839718749798468,-21.39,11.426270624907296,0.5,-55.839718749798465,45.61514394621986,-10.224574803578605
31,7.0,-0.38751179,-0.0961288,-0.26502171,348.21000000000004,-115.61,14.78730571821268,1.8561864671579544,348.21000000000004,-115.61,25.71512464397185,3.227908266387683,-31.0,25.39098331386269,-21.39,11.67985232437684,0.5,-56.39098331386269,45.78730571821268,-10.60367759565001
31,7.0,-0.39354169,-0.09469719,-0.26826552,362.21,-118.8,14.865163209059917,1.8684516636286617,362.21,-118.8,25.850518820555195,3.249237443050242,-45.0,26.41184361768532,-31.05,12.149448064135248,0.5,-71.41184361768532,59.865163209059915,-11.546680408625404
31,8.0,-0.39994204,-0.09127355,-0.29311305,315.39,-125.54,14.107531040502865,2.056156318972484,315.39,-125.54,24.53299647943448,3.57565583869315,22.0,22.997795087329926,15.18,10.578985740171769,0.5,-0.9977950873299264,-7.892468959497135,-8.890264046827062
31,8.0,-0.39396304,-0.0810286,-0.25683033,318.55999999999995,-23.89,14.113385463811824,2.0685752899240697,318.55999999999995,-23.89,24.543177321568763,3.597252429177958,25.0,23.228947027552618,17.25,10.685315632674204,0.5,1.7710529724473822,-10.886614536188176,-9.115561563740794
31,8.0,-0.38373879,-0.07718569,-0.24275875,-580.75,-131.0,14.105196872525482,2.0788354917873164,-580.75,-131.0,24.528937361321816,3.615094920218143,25.0,-42.34747296035656,17.25,-19.47983756176402,0.5,67.34747296035655,-10.894803127474518,56.452669832882044
31,9.0,-0.3798129,-0.09538908,-0.28856507,376.44000000000005,-100.66,15.180773477860123,2.374868392288029,376.44000000000005,-100.66,26.399365077998755,4.129896134188883,-45.0,27.449475197927896,-31.05,12.626758591046832,0.5,-72.4494751979279,60.18077347786012,-12.268701720067773
31,9.0,-0.37893915,-0.0951239,-0.28315666,374.91,18.819999999999997,15.30768024460425,2.391084981585575,374.91,18.819999999999997,26.62005594536679,4.158096782977315,-31.0,27.3379097504387,-21.39,12.575438485201802,0.5,-58.3379097504387,46.30768024460425,-12.030229505834452
31,9.0,-0.3851358,-0.0970353,-0.28689668,326.74,177.66000000000005,15.415870864804129,2.4060120070748736,326.74,177.66000000000005,26.80819943389438,4.184054880303204,-45.0,23.82542111935756,-31.05,10.959693714904478,0.5,-68.82542111935756,60.41587086480413,-8.409550254553432
31,10.0,-0.37550035,-0.06505945,-0.28004408,449.0,-141.48000000000002,18.372902675194155,2.972119818140099,449.0,-141.48000000000002,31.95047775216264,5.168516363745631,32.0,32.74044831545432,22.08,15.060606225108986,0.5,-0.7404483154543229,-13.627097324805845,-14.367545640260168
31,10.0,-0.37277955,-0.06190322,-0.27252051,458.47,-134.19,18.489784221487497,2.9965695420893885,458.47,-134.19,32.15373476116676,5.211034433693449,32.0,33.4309873923972,22.08,15.378254200502711,0.5,-1.4309873923971992,-13.510215778512503,-14.941203170909702
31,10.0,-0.36897725,-0.05771632,-0.25585234,463.94000000000005,-138.32,18.683705807580647,3.019116924209822,463.94000000000005,-138.32,32.49096439938275,5.250244331200882,32.0,33.82985209681933,22.08,15.561731964536891,0.5,-1.8298520968193301,-13.316294192419353,-15.146146289238683
31,11.0,-0.35815254,-0.04784338,-0.2670165,559.0799999999999,427.59,23.13446007450284,3.7834215753754,,,40.23082606956044,6.5793701195778205,38.0,40.767327047225386,26.22,,0.5,-2.767327047225386,-14.86553992549716,-17.632866972722546
31,11.0,-0.35692641,-0.03305754,-0.24572104,506.1300000000001,321.1,23.321841529879865,3.817290787875436,,,40.55668242046108,6.638268680115381,41.0,36.90628754098196,28.29,,0.5,4.093712459018043,-17.678158470120135,-13.584446011102091
31,11.0,-0.3714138,-0.03272232,-0.25505722,482.9000000000001,569.01,23.49323198292097,3.848216753264978,,,40.854730418299575,6.692048933927797,34.0,35.21238862256769,23.46,,0.5,-1.212388622567687,-10.506768017079029,-11.719156639646716
31,12.0,-0.39748353,-0.10853731,-0.31732711,336.71000000000004,-136.75,13.767305207216792,2.075072108138926,336.71000000000004,-136.75,23.941343755350005,3.6085503960535927,13.0,24.552419492865532,8.969999999999999,11.294112966718147,0.5,-11.552419492865532,0.7673052072167916,-10.78511428564874
31,12.0,-0.38671973,-0.09754682,-0.26704046,350.47,-138.5,13.834855002388736,2.0865298862956934,350.47,-138.5,24.058812849154013,3.628475472268212,15.0,25.55577933433692,10.35,11.755658493794982,0.5,-10.555779334336918,-1.1651449976112644,-11.720924331948183
31,12.0,-0.38021657,-0.08909559,-0.2459179,317.62,-93.92,13.903139616023909,2.098108930369989,317.62,-93.92,24.177559792265576,3.6486114299134105,23.0,23.160403550010244,15.87,10.653785633004713,0.5,-0.1604035500102441,-9.096860383976091,-9.257263933986335
31,13.0,-0.4086042,-0.08941587,-0.22537394,279.78,-64.6,11.029691297081436,1.6269811638754694,279.78,-64.6,19.18063316562462,2.829320243979442,18.0,20.401163985963937,12.419999999999998,9.38453543354341,0.5,-2.4011639859639367,-6.9703087029185635,-9.3714726888825
31,13.0,-0.41601428,-0.08885828,-0.21631967,295.1,-62.0,11.005623900284508,1.6348929936961234,295.1,-62.0,19.13877996259476,2.843078916037559,15.0,21.51827683271842,10.35,9.898407343050474,0.5,-6.518276832718421,-3.994376099715492,-10.512652932433912
31,13.0,-0.41820109,-0.0872243,-0.22175737,310.87,-51.31999999999999,11.046072162497634,1.641412750186321,310.87,-51.31999999999999,19.209119490583387,2.8544167725740124,15.0,22.66820304638148,10.35,10.42737340133548,0.5,-7.668203046381478,-3.9539278375023663,-11.622130883883845
31,14.0,-0.41837385,-0.10363905,-0.27170864,276.25,-14.47,11.647106933422654,1.8572373324683935,276.25,-14.47,20.254318957222,3.229735721162536,15.0,20.143761352214376,10.35,9.266130222018614,0.5,-5.143761352214376,-3.352893066577346,-8.496654418791723
31,14.0,-0.41971371,-0.09974017,-0.24222703,96.79999999999995,1122.72,11.704894654601308,1.8675938926400324,276.25,-14.47,20.35481180435168,3.2477457793010167,20.0,7.058519815002175,13.8,9.266130222018614,0.5,12.941480184997825,-8.295105345398692,4.646374839599133
31,14.0,-0.4226867,-0.09895017,-0.24740718,58.40999999999997,34.639999999999986,11.688124670452115,1.8771049831881408,276.25,-14.47,20.32564880191623,3.264285565764178,20.0,4.259175024734267,13.8,9.266130222018614,0.5,15.740824975265733,-8.311875329547885,7.428949645717848
31,15.0,-0.3972649,-0.09187751,-0.29158801,323.86,-14.240000000000007,13.423763786758542,2.148201439662584,323.86,-14.240000000000007,23.343925225173106,3.735722303573235,11.0,23.61541557114262,7.59,10.863091162725606,0.5,-12.61541557114262,2.423763786758542,-10.191651784384078
31,15.0,-0.394647,-0.08578989,-0.25972289,-352.71,1225.56,13.470862405837996,2.161886594301407,323.86,-14.240000000000007,23.425829723752276,3.759520787490148,18.0,-25.71911698294853,12.419999999999998,10.863091162725606,0.5,43.719116982948535,-4.529137594162004,39.189979388786526
31,15.0,-0.39282629,-0.08730395,-0.24549186,467.27,1237.36,13.510535093985668,2.1732044935497195,323.86,-14.240000000000007,23.49482052844108,3.779202614282962,23.0,34.072671011942845,15.87,10.863091162725606,0.5,-11.072671011942845,-9.489464906014332,-20.56213591795718
31,16.0,-0.40133679,-0.06297001,-0.27539328,327.49,8.530000000000001,16.267514294631013,2.6801044176735687,327.49,8.530000000000001,28.28920735836333,4.660701582334337,20.0,23.8801100642052,13.8,10.984850629534392,0.5,-3.8801100642052013,-3.732485705368987,-7.612595769574188
31,16.0,-0.40312615,-0.04910166,-0.23750034,345.03,33.72999999999999,16.348312109505507,2.6969907201428898,345.03,33.72999999999999,28.42971475843008,4.690066862328484,25.0,25.15910218770869,17.25,11.573187006345998,0.5,-0.15910218770869022,-8.651687890494493,-8.810790078203183
31,16.0,-0.40964693,-0.04923775,-0.23060559,423.48,95.16,16.520613703066143,2.717896669455069,423.48,95.16,28.729347229632022,4.726422308182364,23.0,30.87956581877193,15.87,14.20460027663509,0.5,-7.87956581877193,-6.479386296933857,-14.358952115705787
31,17.0,-0.4141176,-0.11116021,-0.30542129,267.88,-82.83000000000001,10.768902845320742,1.3366394377973858,267.88,-82.83000000000001,18.72712204801277,2.324415982329654,7.0,19.533432727714708,4.83,8.985379054748766,0.5,-12.533432727714708,3.768902845320742,-8.764529882393965
31,17.0,-0.41594476,-0.10884169,-0.27179882,270.6,-94.44,10.958750333044184,1.344160464685939,270.6,-94.44,19.05726682916384,2.3374950480888472,15.0,19.73177130102882,10.35,9.076614798473258,0.5,-4.731771301028822,-4.041249666955816,-8.773020967984637
31,17.0,-0.4137916,-0.10670767,-0.25262055,275.16,-109.28,11.07022588330015,1.350376870535074,275.16,-109.28,19.251122811058963,2.3483053778604948,18.0,20.06428008570247,12.419999999999998,9.229568839423138,0.5,-2.064280085702471,-6.92977411669985,-8.994054202402321
31,19.0,-0.38318396,-0.09646771,-0.3026005,345.37,231.32,14.858861936982718,2.967756667741312,345.37,231.32,25.83956090841295,5.160928845202141,23.0,25.18389450937296,15.87,11.584591474311562,0.5,-2.1838945093729585,-8.141138063017282,-10.32503257239024
31,19.0,-0.37548843,-0.09274967,-0.27743024,343.99,199.85,14.943170082947306,2.9870555542778607,343.99,199.85,25.986172774245368,5.194489608889201,20.0,25.083266850853303,13.8,11.53830275139252,0.5,-5.0832668508533025,-5.056829917052694,-10.140096767905996
31,19.0,-0.36959162,-0.09135351,-0.26053324,185.65,940.44,15.078110845521778,3.0046283439350097,343.99,199.85,26.22083476036237,5.225048690102982,32.0,13.53733681461936,22.08,11.53830275139252,0.5,18.46266318538064,-16.921889154478222,1.5407740309024174
31,22.0,-0.39834663,-0.10917038,-0.28279117,-243.65,-70.84,13.065221810221114,2.0936905897029927,-308.32,-74.28999999999999,22.72042072797452,3.640927935493505,15.0,-17.76661521617025,10.35,-10.34183989159377,0.5,32.76661521617025,-1.9347781897788856,30.831837026391366
31,22.0,-0.39324117,-0.10841706,-0.25625652,-308.32,-74.28999999999999,13.054376308633872,2.10431793424416,-308.32,-74.28999999999999,22.701560400714303,3.659408887650594,22.0,-22.4822606338995,15.18,-10.34183989159377,0.5,44.4822606338995,-8.945623691366128,35.53663694253337
31,22.0,-0.39840761,-0.10671611,-0.24438062,-287.21,93.84,13.19676342789153,2.117459918006138,-287.21,93.84,22.94917160110337,3.682262797412674,22.0,-20.942949132921235,15.18,-9.63375660114377,0.5,42.942949132921235,-8.80323657210847,34.13971256081277
31,23.0,-0.42024836,-0.29654649,-0.26431856,-350.71,75.14999999999998,-12.334404856464086,1.8175609600781757,-350.71,75.14999999999998,-21.449530045391047,3.160738509575946,-13.0,-25.57327979668816,-8.969999999999999,-11.763708706476551,-0.5,12.573279796688158,0.6655951435359135,13.238874940224072
31,23.0,-0.42061922,-0.30441427,-0.25946522,-249.67,45.59,-12.388006287760568,1.8264137164244008,-350.71,75.14999999999998,-21.542742934415628,3.176133452862034,-14.0,-18.205585146813988,-9.66,-11.763708706476551,-0.5,4.205585146813988,1.6119937122394319,5.81757885905342
31,23.0,-0.41406259,-0.29881647,-0.25876641,-315.78,37.77000000000001,-12.4423431543664,1.8353466154789029,-315.78,37.77000000000001,-21.63723474544317,3.1916677643178133,-14.0,-23.026233338650695,-9.66,-10.59206733577932,-0.5,9.026233338650695,1.5576568456336002,10.583890184284295
31,24.0,-0.42324525,-0.16177087,-0.25793624,-26.100000000000023,143.49,4.190982344736251,1.211805208338903,,,7.288118297496341,2.107329257301352,9.0,-1.9031752806979028,6.209999999999999,,0.5,10.903175280697903,-4.809017655263749,6.094157625434153
31,24.0,-0.42346877,-0.166085,-0.24959259,44.52999999999997,161.26,4.203411713415596,1.215600066054088,,,7.309732969629722,2.1139285148680598,9.0,3.2470649520872605,6.209999999999999,,0.5,5.7529350479127395,-4.796588286584404,0.9563467613283354
31,24.0,-0.41689792,-0.16504952,-0.24840869,78.21000000000004,14.75,4.271207755702381,1.2202698593279202,,,7.4276302871664415,2.122049285371254,9.0,5.70296316871199,6.209999999999999,,0.5,3.2970368312880103,-4.728792244297619,-1.4317554130096086
31,25.0,-0.3828907,-0.08020489,-0.29581296,553.3299999999999,-97.32,19.41939085433717,3.268153075367758,553.3299999999999,-97.32,33.77032069569234,5.6833181980645335,29.0,40.3480451367268,20.01,18.56010076289433,0.5,-11.348045136726803,-9.58060914566283,-20.928654282389633
31,25.0,-0.36704257,-0.07847033,-0.27431947,554.6600000000001,-95.71,19.559354179519485,3.2854885762072072,554.6600000000001,-95.71,34.013716918184386,5.713464634024334,45.0,40.445026865589966,31.05,18.604712358171387,0.5,4.554973134410034,-25.440645820480515,-20.88567268607048
31,25.0,-0.3601917,-0.07651372,-0.26599631,372.6700000000001,522.48,19.588577549380037,3.304908676290797,554.6600000000001,-95.71,34.06453635837188,5.747236188069698,-45.0,27.174572101827085,-31.05,18.604712358171387,0.5,-72.17457210182708,64.58857754938003,-7.585994552447048
31,26.0,-0.39847958,-0.11652099,-0.28942391,346.37,-87.42,12.93083496876155,2.1836594289659965,346.37,-87.42,22.48672201067634,3.797383746971867,18.0,25.256813102503145,12.419999999999998,11.618134027151449,0.5,-7.256813102503145,-5.06916503123845,-12.325978133741595
31,26.0,-0.39453647,-0.10857355,-0.25112194,297.34000000000003,-19.03,12.989022599346008,2.1938621286724,297.34000000000003,-19.03,22.58791030026271,3.815126241761304,23.0,21.68161448133004,15.87,9.97354266141182,0.5,1.3183855186699596,-10.010977400653992,-8.692591881984033
31,26.0,-0.38982034,-0.10383913,-0.23572011,340.72,-40.45,13.047644177163717,2.2041495919499745,340.72,-40.45,22.689853224087702,3.833016140401005,32.0,24.844823051317587,22.08,11.42861860360609,0.5,7.1551769486824135,-18.95235582283628,-11.79717887415387
31,27.0,-0.40914395,-0.11338607,-0.26782268,258.74,-127.04,12.322700056321237,2.0723893487767944,258.74,-127.04,21.42917539794263,3.603885077522845,18.0,18.86695678650479,12.419999999999998,8.678800121792204,0.5,-0.8669567865047902,-5.677299943678763,-6.5442567301835535
31,27.0,-0.40692922,-0.10811206,-0.24406159,265.70000000000005,-58.03,12.375970825464242,2.081736340509069,265.70000000000005,-58.03,21.52181326548232,3.620139496145271,20.0,19.374470194690897,13.8,8.912256289557813,0.5,0.6255298053091032,-7.6240291745357585,-6.998499369226655
31,27.0,-0.40248969,-0.10383014,-0.23420982,331.0,-104.47,12.39480579360676,2.0921083159171925,331.0,-104.47,21.55456727508216,3.6381763613799976,23.0,24.13605432609216,15.87,11.102584990002391,0.5,-1.136054326092161,-10.60519420639324,-11.7412485324854
31,29.0,-0.41416678,-0.12715358,-0.27707773,-369.17,56.13,11.708546939802089,1.999250112663581,-369.17,56.13,20.361163128315837,3.476695945921969,9.0,-26.919357025871427,6.209999999999999,-12.382904231900858,0.5,35.91935702587143,2.7085469398020887,38.62790396567352
31,29.0,-0.40849763,-0.12258518,-0.25097483,-452.49,39.16999999999999,11.757418606998645,2.0079634963315005,-452.49,39.16999999999999,20.446150957570644,3.491848520120479,15.0,-32.99493420547867,10.35,-15.177669734520189,0.5,47.99493420547867,-3.2425813930013554,44.75235281247731
31,29.0,-0.40810242,-0.11810453,-0.24221696,-255.18,33.19,11.806695338996432,2.016749931723682,-255.18,33.19,20.5318431945148,3.507128131267484,20.0,-18.60736659496132,13.8,-8.559388633682207,0.5,38.60736659496132,-8.193304661003568,30.414061933957754
31,30.0,-0.39464718,-0.10937169,-0.24822561,477.3599999999999,-200.35,12.768489009403243,2.3000986962001537,477.3599999999999,-200.35,22.204402387352243,3.9998716326920665,32.0,34.808419616626445,22.08,16.011873023648164,0.5,-2.808419616626445,-19.231510990596757,-22.0399306072232
31,30.0,-0.39448363,-0.10474085,-0.23590589,489.46,-130.42000000000002,12.82966413417428,2.311492693815949,489.46,-130.42000000000002,22.310785929329075,4.019685794545936,32.0,35.69073459350172,22.08,16.41773791301079,0.5,-3.6907345935017233,-19.17033586582572,-22.861070459327443
31,30.0,-0.40872201,-0.11056212,-0.23922013,496.6400000000001,-106.74,12.957781725974582,2.3229922071278546,496.6400000000001,-106.74,22.5335824214698,4.0396834481953405,20.0,36.21429009217647,13.8,16.658573442401178,0.5,-16.21429009217647,-7.042218274025418,-23.256508366201885
31,31.0,-0.41239142,-0.12845941,-0.25131732,610.69,508.03,11.571261330086404,3.356521059485511,,,20.122423453020257,5.836990122445305,18.0,44.53065563867439,12.419999999999998,,0.5,-26.53065563867439,-6.428738669913596,-32.95939430858799
31,31.0,-0.41027173,-0.1277177,-0.23914924,472.0,357.44000000000005,11.620950848243153,3.371129017441557,,,20.20883352509484,5.862393361330868,20.0,34.41757595744864,13.8,,0.5,-14.41757595744864,-8.379049151756847,-22.796625109205486
31,31.0,-0.40843898,-0.12847601,-0.23971099,-58.809999999999945,280.27,11.69343614245965,3.385864038909964,,,20.33488545173733,5.888017563664428,20.0,-4.28834246198634,13.8,,0.5,24.28834246198634,-8.30656385754035,15.981778604445989
31,32.0,-0.42468452,-0.11761077,-0.26670283,13.549999999999956,-27.15000000000001,10.857729542630697,1.8950253081289252,,,18.88159167463478,3.295449010836202,13.0,0.9880469369140412,8.969999999999999,,0.5,12.011953063085958,-2.142270457369303,9.869682605716655
31,32.0,-0.4180716,-0.11197653,-0.23677836,-221.05,2.530000000000001,10.96743078224121,1.9028924615401184,,,19.072362130317465,3.309129990618265,20.0,-16.11865501142801,13.8,,0.5,36.11865501142801,-9.03256921775879,27.08608579366922
31,32.0,-0.41541946,-0.10870541,-0.22571895,-219.79,4.159999999999997,10.94477706015424,1.910823905596172,,,19.032967307608224,3.3229227718317427,20.0,-16.026777584083977,13.8,,0.5,36.02677758408397,-9.05522293984576,26.971554644238218
31,33.0,-0.40246969,-0.11735068,-0.29399332,348.72,-170.18,12.22453593541736,2.1047253703746795,348.72,-170.18,21.258467991690797,3.660117419081569,41.0,25.42817179635909,28.29,11.696959026325182,0.5,15.571828203640909,-28.77546406458264,-13.20363586094173
31,33.0,-0.40460429,-0.1130657,-0.26697069,354.83000000000004,-148.61,12.278383855842144,2.114339724179022,354.83000000000004,-148.61,21.35210952530949,3.6768367803473208,45.0,25.873704400384536,31.05,11.901904024176886,0.5,19.126295599615464,-32.721616144157856,-13.595320544542393
31,33.0,-0.40207127,-0.1095077,-0.2512061,474.78,-133.3,12.332699569246804,2.1240382069801003,474.78,-133.3,21.446564550920197,3.6937024419383953,45.0,34.62028964635056,31.05,15.925333237321256,0.5,10.379710353649443,-32.667300430753194,-22.28759007710375
31,34.0,-0.37033716,-0.10581996,-0.27217153,385.3,-105.05,14.159755683254245,2.4521853715439645,385.3,-105.05,24.62381513317913,4.264350361114955,32.0,28.09553393306135,22.08,12.92394560920822,0.5,3.9044660669386495,-17.840244316745753,-13.935778249807106
31,34.0,-0.36561602,-0.10390045,-0.260804,-665.25,-198.75,14.319825579370942,2.465061313697981,-665.25,-198.75,24.90217668252607,4.286741624520788,41.0,-47.58849684158881,28.29,-21.890708547130853,0.5,88.5884968415888,-26.680174420629058,61.90832242095975
31,34.0,-0.36832759,-0.10559252,-0.27031046,-722.4,-183.75,14.37127253825672,2.4780571719076194,-722.4,-183.75,24.99164294402844,4.30934142194735,41.0,-49.67214564028392,28.29,-22.849186994530605,0.5,90.67214564028393,-26.62872746174328,64.04341817854065
31,35.0,-0.35149297,-0.07887416,-0.24722408,73.23000000000002,-45.22,19.36100823024921,3.3477355141349925,,,33.66879331240339,5.821712059080751,32.0,5.339828574923653,22.08,,0.5,26.660171425076346,-12.638991769750788,14.021179655325557
31,35.0,-0.35230359,-0.07749462,-0.23796703,99.33000000000004,-14.180000000000009,19.513162123919617,3.370517326097808,,,33.93338893349622,5.861329630084089,32.0,7.243003855621557,22.08,,0.5,24.756996144378444,-12.486837876080383,12.270158268298061
31,35.0,-0.39018098,-0.09763959,-0.27344534,111.86,-12.120000000000005,19.624330234240013,3.39356166694461,,,34.126710277343385,5.901403738816677,7.0,8.156673827542807,4.83,,0.5,-1.1566738275428072,12.624330234240013,11.467656406697206
31,36.0,-0.36757466,-0.088081,-0.26636529,422.85,-154.44,15.385718844465028,3.6284458867116856,422.85,-154.44,26.75576507052468,6.309867396991621,23.0,30.833627105099907,15.87,14.18346846834596,0.5,-7.833627105099907,-7.614281155534972,-15.447908260634879
31,36.0,-0.35741004,-0.08378978,-0.24800576,656.9200000000001,342.04999999999995,15.46960105507122,3.647779654983265,422.85,-154.44,26.90163623476885,6.343488820015898,38.0,47.284790901201575,26.22,14.18346846834596,0.5,-9.284790901201575,-22.53039894492878,-31.815189846130355
31,36.0,-0.35760319,-0.08515271,-0.24333213,103.44000000000004,150.39,15.620953970485903,3.667314115251778,422.85,-154.44,27.16483895467499,6.377459246422845,38.0,7.54269927338663,26.22,14.18346846834596,0.5,30.45730072661337,-22.379046029514097,8.078254697099274
31,37.0,-0.37942651,-0.09577555,-0.27273011,25.33000000000004,46.66999999999999,13.90152960227228,2.4620151459111748,,,24.174759978351496,4.281444338739533,23.0,1.8470279639876597,15.87,,0.5,21.15297203601234,-9.09847039772772,12.05450163828462
31,37.0,-0.37508297,-0.08934052,-0.25674465,32.789999999999964,18.22999999999999,13.9724068087421,2.4765072248220488,,,24.298015440402512,4.306646063965543,32.0,2.391000668738855,22.08,,0.5,29.608999331261145,-18.0275931912579,11.581406140003246
31,37.0,-0.37657583,-0.08770233,-0.25559735,-72.47000000000003,107.5,14.07920649380183,2.491158253419142,,,24.483740092721384,4.332124202695889,38.0,-5.284410444144712,26.22,,0.5,43.28441044414471,-23.92079350619817,19.363616937946542
31,38.0,-0.37673476,-0.08317865,-0.29369277,388.29,-80.9,15.768546500993189,3.0874636310271626,388.29,-80.9,27.421502365227155,5.369099254356238,25.0,28.31356052652061,17.25,13.024237842199485,0.5,-3.313560526520611,-9.231453499006811,-12.545014025527422
31,38.0,-0.36216787,-0.07965797,-0.26268429,-168.57999999999998,1360.21,15.906929213232882,3.1032212247515965,388.29,-80.9,27.662149901811983,5.396501709843028,32.0,-12.292616429887056,22.08,13.024237842199485,0.5,44.292616429887055,-16.093070786767118,28.19954564311994
31,38.0,-0.36445543,-0.07529155,-0.24975096,32.74000000000001,14.939999999999998,15.96931286693552,3.119118166553561,388.29,-80.9,27.77063507560087,5.424146491636645,38.0,2.387354739082349,26.22,13.024237842199485,0.5,35.61264526091765,-22.030687133064482,13.58195812785317
31,38.0,-0.42912993,-0.37451053,-0.46913624,-30.860000000000014,-21.860000000000014,31.059736659786324,5.8710641381894,388.29,-80.9,54.01288205136842,10.209780536311367,-24.0,-2.250267783997596,-16.56,13.024237842199485,0.5,-21.749732216002403,55.059736659786324,33.31000444378392
31,38.0,-0.4303697,-0.37369508,-0.4712531,-36.059999999999945,-19.50999999999999,31.435910833545268,5.925484040214014,388.29,-80.9,54.66704893953523,10.30441674593217,-24.0,-2.629444468274568,-16.56,13.024237842199485,0.5,-21.370555531725433,55.435910833545265,34.065355301819835
31,38.0,-0.43217045,-0.37652382,-0.47449452,-33.639999999999986,-28.629999999999995,31.847513013732897,5.98038381314389,388.29,-80.9,55.38282513088152,10.399887451057223,-24.0,-2.4529814728995163,-16.56,13.024237842199485,0.5,-21.547018527100484,55.84751301373289,34.30049448663242
31,38.0,-0.43129912,-0.37621859,-0.4734998,39.690000000000055,186.23,38.677585820928606,6.814705126730143,388.29,-80.9,67.26032174259485,11.85077221538372,-24.0,2.8941389613371573,-16.56,13.024237842199485,0.5,-26.894138961337156,62.677585820928606,35.78344685959145
31,38.0,-0.4315536,-0.37544313,-0.47188577,35.370000000000005,196.38,39.13670905054725,6.861842898369446,388.29,-80.9,68.05873703890168,11.93274480026447,-24.0,2.5791306390147426,-16.56,13.024237842199485,0.5,-26.579130639014743,63.13670905054725,36.55757841153251
31,38.0,-0.42936257,-0.37626591,-0.47023249,-227.21,234.25,39.668100654761496,6.913940567889679,388.29,-80.9,68.98282703863025,12.023342647560147,-24.0,-16.567833545109966,-16.56,13.024237842199485,0.5,-7.432166454890034,63.668100654761496,56.235934199871465
31,38.0,-0.43310824,-0.37748376,-0.47384092,-101.84000000000005,13.970000000000027,43.19026034469278,7.219217526929071,388.29,-80.9,75.10786273942075,12.554219279329654,-24.0,-7.426029524378326,-16.56,13.024237842199485,0.5,-16.573970475621675,67.19026034469277,50.61628986907111
31,38.0,-0.43382022,-0.37798989,-0.47443375,-201.08000000000004,-14.399999999999975,43.7457829280155,7.26150343174897,388.29,-80.9,76.07391651181896,12.627754467811457,-24.0,-14.662470706618166,-16.56,13.024237842199485,0.5,-9.337529293381834,67.7457829280155,58.40825363463367
31,38.0,-0.43017924,-0.37527797,-0.47076228,-199.75,-16.79000000000002,44.41596069040705,7.311786240128214,388.29,-80.9,77.23935564061786,12.715196271582968,-24.0,-14.565488977755011,-16.56,13.024237842199485,0.5,-9.434511022244989,68.41596069040705,58.98144966816206
31,38.0,-0.43196061,-0.37700477,-0.47274959,397.4200000000001,-263.72,56.174101820396494,7.733653948048005,397.4200000000001,-263.72,97.68676306566952,13.448824215655478,-24.0,28.979307281799237,-16.56,13.330481349627648,0.5,-52.97930728179924,80.17410182039649,27.194794538597257
31,38.0,-0.43337008,-0.37657094,-0.47431341,170.20000000000005,-247.8,56.93028892500475,7.730299098312098,397.4200000000001,-263.72,99.00177244058328,13.44299013196474,-24.0,12.410744550757965,-16.56,13.330481349627648,0.5,-36.41074455075797,80.93028892500476,44.51954437424679
31,38.0,-0.43260628,-0.37746429,-0.47265637,167.64,-242.91,58.01484707102711,7.719193464980904,397.4200000000001,-263.72,100.88781905651616,13.423677435601787,-24.0,12.22407295234468,-16.56,13.330481349627648,0.5,-36.22407295234468,82.0148470710271,45.790774118682435
31,39.0,-0.43331465,-0.37737331,-0.47419411,340.29,-64.4,13.10236233832536,2.368491275349813,340.29,-64.4,22.785008106347803,4.118806327833326,-24.0,24.8134680562716,-16.56,11.414195305884936,0.5,-48.8134680562716,37.102362338325364,-11.71110571794624
31,39.0,-0.42981163,-0.37616625,-0.46923131,339.31999999999994,-26.81,13.178633139410298,2.3806940526918714,339.31999999999994,-26.81,22.917643029434508,4.140026957631164,-24.0,24.74273702093532,-16.56,11.381659029630248,0.5,-48.74273702093532,37.178633139410294,-11.564103881525021
31,39.0,-0.43142807,-0.3764548,-0.47096163,343.96000000000004,-22.55000000000001,13.237681832465045,2.3917806773547445,343.96000000000004,-22.55000000000001,23.02032870665671,4.159306597919901,-24.0,25.0810792930594,-16.56,11.537296474807322,0.5,-49.0810792930594,37.23768183246504,-11.843397460594355
31,39.0,-0.37616688,-0.09776142,-0.2905646,375.31,229.05,13.75055477511176,2.4695746540102785,375.31,229.05,23.912214753919358,4.294590323323874,32.0,27.36707718769077,22.08,12.588855506337756,0.5,4.6329228123092285,-18.24944522488824,-13.61652241257901
31,39.0,-0.37012643,-0.09314704,-0.27956593,-695.25,-274.5,13.814350890805397,2.4814686383424407,-695.25,-274.5,24.023156199110588,4.315273962077503,-45.0,-48.68227573854163,-31.05,-22.39384683972915,0.5,3.6822757385416267,58.8143508908054,62.49662662934702
31,39.0,-0.37072232,-0.09259659,-0.28148744,328.8699999999999,-172.62,13.893282244546487,2.496151416887169,328.8699999999999,-172.62,24.160417823266343,4.340807313966787,-31.0,23.98073772272485,-21.39,11.031139352453431,0.5,-54.980737722724854,44.893282244546484,-10.087455478178363
31,39.0,-0.42918232,-0.37542742,-0.46931443,-22.299999999999955,-50.35000000000002,16.226313395978824,2.8637925597771288,328.8699999999999,-172.62,28.217558995607178,4.980135261452428,-24.0,-1.6260846268031843,-16.56,11.031139352453431,0.5,-22.373915373196816,40.22631339597882,17.85239802278201
31,39.0,-0.43042222,-0.37614426,-0.47215351,-20.799999999999955,-27.600000000000023,16.23619823932132,2.879480944627371,328.8699999999999,-172.62,28.23474873817977,5.007417362706999,-24.0,-1.5167067371079028,-16.56,11.031139352453431,0.5,-22.483293262892097,40.23619823932132,17.75290497642922
31,39.0,-0.43057966,-0.375516,-0.47173032,-22.909999999999968,-28.720000000000027,16.35125574668308,2.897069879799102,328.8699999999999,-172.62,28.43483374348188,5.03800452097064,-24.0,-1.6705649686125998,-16.56,11.031139352453431,0.5,-22.3294350313874,40.35125574668308,18.02182071529568
31,39.0,-0.43176535,-0.37623626,-0.47300488,-28.629999999999995,-29.410000000000025,16.54210389446074,2.9528889887761016,328.8699999999999,-172.62,28.76671867246723,5.135073951481639,-24.0,-2.0876593213172763,-16.56,11.031139352453431,0.5,-21.912340678682725,40.54210389446074,18.629763215778016
31,39.0,-0.42981452,-0.37470832,-0.4722189,-1.3700000000000043,-55.81,16.55449558450631,2.9694741750536835,328.8699999999999,-172.62,28.788267821456472,5.163915590418354,-24.0,-0.0998984725883576,-16.56,11.031139352453431,0.5,-23.900101527411643,40.55449558450631,16.654394057094667
31,39.0,-0.42931032,-0.37604651,-0.47020155,24.17999999999995,10.120000000000005,16.664297141040407,2.9899918545538373,328.8699999999999,-172.62,28.97921272826927,5.199595835069122,-24.0,1.763171581887937,-16.56,11.031139352453431,0.5,-25.76317158188794,40.66429714104041,14.90112555915247
31,39.0,-0.43092796,-0.37620428,-0.4710311,-32.58000000000004,-7.529999999999973,18.114071960353545,3.340978439330065,328.8699999999999,-172.62,31.500371139054817,5.809961505994982,-24.0,-2.3756877641815213,-16.56,11.031139352453431,0.5,-21.62431223581848,42.11407196035354,20.489759724535066
31,39.0,-0.43209109,-0.37716016,-0.47243857,-31.559999999999945,0.5500000000000114,18.25019020765946,3.366410836532517,328.8699999999999,-172.62,31.737080771119803,5.854188444730049,-24.0,-2.3013107991887227,-16.56,11.031139352453431,0.5,-21.698689200811277,42.25019020765946,20.551501006848184
31,39.0,-0.43030673,-0.37600982,-0.4702161,-21.450000000000045,0.1999999999999886,18.36284262627986,3.387485682666968,328.8699999999999,-172.62,31.93298332710068,5.890837602157857,-24.0,-1.5641038226425314,-16.56,11.031139352453431,0.5,-22.435896177357467,42.36284262627986,19.926946448922394
31,39.0,-0.43137595,-0.3787986,-0.4728063,359.01,263.98,20.551002494164376,3.776381299337301,359.01,263.98,35.73819333735185,6.567127079547566,-24.0,26.17850411966872,-16.56,12.04211189504761,0.5,-50.178504119668716,44.55100249416438,-5.627501625504344
31,39.0,-0.43083802,-0.37724432,-0.47157824,212.9,321.46000000000004,20.724010501574995,3.807992701978685,359.01,263.98,36.03905426223892,6.622099308740935,-24.0,15.524368477416978,-16.56,12.04211189504761,0.5,-39.52436847741698,44.724010501574995,5.199642024158017
31,39.0,-0.4312349,-0.37854648,-0.47239396,159.64999999999998,304.28,20.95638083224033,3.8312647239155417,359.01,263.98,36.443146267265945,6.662569354889127,-24.0,11.64145339323448,-16.56,12.04211189504761,0.5,-35.64145339323448,44.95638083224033,9.314927439005851
31,39.0,-0.42577973,-0.37829024,-0.47301126,-126.23000000000002,27.079999999999984,22.25856966247257,4.04876372006035,359.01,263.98,38.70765264303981,7.04080010918495,-24.0,-9.204514010823608,-16.56,12.04211189504761,0.5,-14.795485989176392,46.25856966247257,31.46308367329618
31,39.0,-0.43040529,-0.37842306,-0.47255871,-178.41999999999996,174.89,22.42864713298753,4.081048887293665,359.01,263.98,39.00341736426532,7.096944015003684,-24.0,-13.010135386288102,-16.56,12.04211189504761,0.5,-10.989864613711898,46.42864713298753,35.438782519275634
31,39.0,-0.43169978,-0.38049459,-0.47638854,-192.01,188.12,22.704026507566432,4.110491484507017,359.01,263.98,39.48230209665802,7.1481446915577,-24.0,-14.001099066927356,-16.56,12.04211189504761,0.5,-9.998900933072644,46.70402650756643,36.70512557449379
31,39.0,-0.43191218,-0.37849563,-0.47368008,-16.309999999999945,-11.300000000000011,24.261840334697528,4.3590672994517465,359.01,263.98,42.191340342039005,7.580418033746589,-24.0,-1.1893022539533589,-16.56,12.04211189504761,0.5,-22.810697746046642,48.261840334697524,25.451142588650885
31,39.0,-0.43151724,-0.37910268,-0.47338796,41.190000000000055,-2.829999999999984,24.439656250139254,4.391817792260772,359.01,263.98,42.50056221899217,7.637371140741482,-24.0,3.003516851032439,-16.56,12.04211189504761,0.5,-27.00351685103244,48.43965625013925,21.436139399106814
31,39.0,-0.42898867,-0.37701178,-0.46978763,569.9300000000001,92.39999999999998,24.69813855205837,4.428673173909031,569.9300000000001,92.39999999999998,42.95006294202952,7.701462649427807,-24.0,41.55849378268793,-16.56,19.11690714003645,0.5,-65.55849378268793,48.69813855205837,-16.860355230629562
31,39.0,-0.43464011,-0.37970474,-0.47493401,211.5,321.03,26.20172525999797,4.660307637166584,569.9300000000001,92.39999999999998,45.56480022713648,8.104274981032692,-24.0,15.422282447034718,-16.56,19.11690714003645,0.5,-39.42228244703472,50.20172525999797,10.779442812963254
31,39.0,-0.43313333,-0.37873769,-0.47454292,213.99,257.45000000000005,26.50598985940696,4.700709595440113,569.9300000000001,92.39999999999998,46.093916365508704,8.174533986470358,-24.0,15.603849743928889,-16.56,19.11690714003645,0.5,-39.60384974392889,50.50598985940696,10.90214011547807
31,39.0,-0.42853251,-0.3764438,-0.47086602,219.23,682.3,26.64560500015259,4.737521356027909,569.9300000000001,92.39999999999998,46.33670709526535,8.238549638132536,-24.0,15.985943171931073,-16.56,19.11690714003645,0.5,-39.98594317193107,50.645605000152585,10.659661828221516
31,39.0,-0.4328115,-0.3780643,-0.47346959,-702.75,-251.0,28.707234562868805,5.0477312241739565,-702.75,-251.0,49.92188090482885,8.77800459883851,-24.0,-48.95572046277983,-16.56,-22.519631412878724,0.5,24.95572046277983,52.707234562868805,77.66295502564864
31,39.0,-0.43386531,-0.37818989,-0.47433206,4.690000000000055,31.079999999999984,28.951545074382796,5.088499577368653,-702.75,-251.0,50.34673688435168,8.848900765044089,-24.0,0.3419882017805847,-16.56,-22.519631412878724,0.5,-24.341988201780584,52.95154507438279,28.609556872602212
31,39.0,-0.43431428,-0.37782383,-0.47494039,-705.0,-251.0,29.26459007772606,5.138962980096983,-705.0,-251.0,50.89112214516562,8.93665662238865,-24.0,-49.03775388005129,-16.56,-22.5573667848236,0.5,25.03775388005129,53.264590077726055,78.30234395777735
31,39.0,-0.43195221,-0.37884548,-0.47305942,8.080000000000041,13.769999999999982,31.352942866133937,5.465879478189809,-705.0,-251.0,54.52276764420692,9.505164412572078,-24.0,0.5891822324919204,-16.56,-22.5573667848236,0.5,-24.589182232491922,55.35294286613394,30.763760633642015
31,39.0,-0.43280813,-0.37861139,-0.4725807,17.07000000000005,114.13,31.78141189017927,5.521118661804236,-705.0,-251.0,55.26787527702176,9.601225352877565,-24.0,1.2447203847323092,-16.56,-22.5573667848236,0.5,-25.24472038473231,55.78141189017927,30.53669150544696
31,39.0,-0.42995033,-0.37692434,-0.47019187,17.25,107.81,32.1169407708807,5.566845633883716,-705.0,-251.0,55.85136000056155,9.680744557323784,-24.0,1.2578457314957394,-16.56,-22.5573667848236,0.5,-25.25784573149574,56.1169407708807,30.859095039384965
31,39.0,-0.42924169,-0.37638366,-0.47036186,16.149999999999977,12.45999999999998,36.37948093222591,6.168896404398756,-705.0,-251.0,63.26391734114086,10.727710847249435,-24.0,1.177635279052531,-16.56,-22.5573667848236,0.5,-25.17763527905253,60.37948093222591,35.20184565317338
31,39.0,-0.42752889,-0.37446624,-0.46772379,-152.62,-31.819999999999997,36.69477066645837,6.219548156536337,-705.0,-251.0,63.8122061889711,10.81579424421669,-24.0,-11.128835683529262,-16.56,-22.5573667848236,0.5,-12.871164316470738,60.69477066645837,47.82360634998763
31,39.0,-0.43199396,-0.37723795,-0.47219107,-154.53999999999996,-23.569999999999997,37.169361196990224,6.281761777545537,-705.0,-251.0,64.637519121566,10.92398373115169,-24.0,-11.268839382339218,-16.56,-22.5573667848236,0.5,-12.731160617660782,61.169361196990224,48.43820057932944
31,39.0,-0.43086639,-0.37788287,-0.47153807,341.3699999999999,-313.91,40.44179935882623,6.682269797365347,341.3699999999999,-313.91,70.32828908499881,11.62046717761834,-24.0,24.8922201368522,-16.56,11.450421262952013,0.5,-48.8922201368522,64.44179935882623,15.549579221974032
31,40.0,-0.42984968,-0.37652543,-0.46905634,343.23,-306.01,15.172169282183264,2.7628760899813285,343.23,-306.01,26.384402381716697,4.804641520477532,-24.0,25.02784872007436,-16.56,11.512810411234204,0.5,-49.02784872007436,39.17216928218326,-9.855679437891096
31,40.0,-0.4304978,-0.37678605,-0.46881658,354.68000000000006,-255.09,15.167462985070964,2.777599721823828,354.68000000000006,-255.09,26.376218131038407,4.830245916251638,-24.0,25.862766611415008,-16.56,11.896872641250903,0.5,-49.86276661141501,39.16746298507096,-10.695303626344044
31,40.0,-0.37220815,-0.08142716,-0.26506925,46.52999999999997,-11.639999999999986,15.794013233973104,2.8972555208301944,354.68000000000006,-255.09,27.465789013879228,5.0383273507237085,41.0,3.3929021383476354,28.29,11.896872641250903,0.5,37.60709786165236,-25.205986766026896,12.401111095625469
31,40.0,-0.37912491,-0.07558872,-0.26262334,90.70000000000005,-46.31,15.82130699828554,2.916933734309379,354.68000000000006,-255.09,27.513252870018555,5.072547763964012,38.0,6.613716396908036,26.22,11.896872641250903,0.5,31.386283603091965,-22.17869300171446,9.207590601377504
31,40.0,-0.3970339,-0.09906546,-0.300506,99.74,-23.330000000000013,15.989963745047158,2.933216938700191,354.68000000000006,-255.09,27.80654695263701,5.100864256399634,7.0,7.272900478804931,4.83,11.896872641250903,0.5,-0.27290047880493074,8.989963745047158,8.717063266242228
31,40.0,-0.43186367,-0.37856612,-0.4722164,-74.64999999999998,77.70999999999998,16.997694864885354,3.1077441952743614,354.68000000000006,-255.09,29.55899137003563,5.404367155582117,-24.0,-5.443372977168517,-16.56,11.896872641250903,0.5,-18.556627022831485,40.997694864885354,22.44106784205387
31,40.0,-0.43016768,-0.37640536,-0.46956417,-186.55999999999997,97.43,17.06177647288692,3.1301214590073627,354.68000000000006,-255.09,29.670429286350355,5.443281217213805,-24.0,-13.603692734367833,-16.56,11.896872641250903,0.5,-10.396307265632167,41.06177647288692,30.665469207254752
31,40.0,-0.43171629,-0.37884021,-0.4725652,-190.65,87.50999999999999,17.238751363905106,3.148639558417429,354.68000000000006,-255.09,29.97818862183098,5.47548419208791,-24.0,-13.9019297802703,-16.56,11.896872641250903,0.5,-10.0980702197297,41.23875136390511,31.140681144175407
31,40.0,-0.43276608,-0.38034189,-0.4733547,199.55999999999997,-2.980000000000018,18.631849971782817,3.3945394013479517,354.68000000000006,-255.09,32.40078710093032,5.90310401894409,-24.0,14.551634445060271,-16.56,11.896872641250903,0.5,-38.55163444506027,42.63184997178281,4.0802155267225455
31,40.0,-0.43289962,-0.37816465,-0.47382739,203.84000000000003,-4.759999999999991,18.80878623021804,3.4183900390798163,354.68000000000006,-255.09,32.708479254349164,5.944580277959801,-24.0,14.86372602365748,-16.56,11.896872641250903,0.5,-38.86372602365748,42.80878623021804,3.9450602065605604
31,40.0,-0.43166372,-0.37821126,-0.4727681,215.48,2.9700000000000277,18.88179346917159,3.4377000673173086,354.68000000000006,-255.09,32.8354388428894,5.9781604170648,-24.0,15.712498447692866,-16.56,11.896872641250903,0.5,-39.712498447692866,42.88179346917159,3.1692950214787245
31,40.0,-0.43318573,-0.37838727,-0.4744418,36.85000000000002,32.339999999999975,19.39752548848287,3.537177413322232,354.68000000000006,-255.09,33.73229682447171,6.151151521767359,-24.0,2.687050156847422,-16.56,11.896872641250903,0.5,-26.687050156847423,43.39752548848287,16.710475331635447
31,40.0,-0.43325958,-0.37982827,-0.47384152,197.33000000000004,29.879999999999995,19.613560183357777,3.568026547915764,354.68000000000006,-255.09,34.107981158859175,6.204798166825514,-24.0,14.38902598237996,-16.56,11.896872641250903,0.5,-38.38902598237996,43.61356018335778,5.224534200977816
31,40.0,-0.4323236,-0.37909359,-0.47233734,28.470000000000027,30.58999999999997,19.766023067882102,3.5940937461858624,354.68000000000006,-255.09,34.37311411504698,6.250129024617214,-24.0,2.0759923464164483,-16.56,11.896872641250903,0.5,-26.07599234641645,43.7660230678821,17.690030721465654
31,41.0,-0.39816743,-0.1139998,-0.24396001,309.41,-137.7,13.775107069207024,3.447145989782496,309.41,-137.7,23.954911193351016,5.994586876231761,32.0,22.5617419004114,22.08,10.378401274189246,0.5,9.438258099588602,-18.224892930792976,-8.786634831204374
31,41.0,-0.39786118,-0.11050183,-0.23935583,312.44000000000005,-128.4,13.820037709118443,3.4651154666557997,312.44000000000005,-128.4,24.033045576156976,6.025835796514436,32.0,22.78268523759588,22.08,10.480035209294105,0.5,9.217314762404119,-18.179962290881555,-8.962647528477438
31,41.0,-0.40171254,-0.11048161,-0.23937123,-174.39,1376.06,13.93144901266445,3.485077859607081,312.44000000000005,-128.4,24.22678983302348,6.060550397856714,32.0,-12.716273455973448,22.08,10.480035209294105,0.5,44.71627345597345,-18.06855098733555,26.647722468637898
31,48.0,-0.45363316,-0.22747019,-0.25123265,-143.58000000000004,-52.21000000000001,-4.73589411194355,1.2348078983867583,-686.0,-261.0,-8.235719860669834,2.147330935294573,-4.0,-10.469651601632368,-2.76,-22.238712532844676,-0.5,6.469651601632368,-0.7358941119435496,5.733757489688818
31,48.0,-0.45833734,-0.23352912,-0.24231526,-686.0,-261.0,-4.758543972059924,1.238628676550532,-686.0,-261.0,-8.275107967412207,2.153975268521375,-5.0,-48.345027245314505,-3.45,-22.238712532844676,-0.5,43.345027245314505,0.24145602794007637,43.58648327325458
31,48.0,-0.46682149,-0.24688679,-0.2268091,-135.14999999999998,-48.47,-4.780190146528023,1.2417734163830982,-686.0,-261.0,-8.312750664812231,2.159443971090208,-6.0,-9.85494786154488,-4.14,-22.238712532844676,-0.5,3.854947861544879,1.2198098534719772,5.074757715016856
31,49.0,-0.41623712,-0.12458791,-0.23695888,-376.55,67.89999999999998,10.570565789751967,4.969425428705435,-376.55,67.89999999999998,18.38221390837867,8.641830820518752,15.0,-27.45749624317221,10.35,-12.630448271859215,0.5,42.45749624317221,-4.429434210248033,38.028062032924176
31,49.0,-0.40562466,-0.12107477,-0.21876262,-53.120000000000005,35.96000000000001,10.656530325844985,5.009165938474587,-376.55,67.89999999999998,18.53170623664443,8.710939567007308,18.0,-3.873435667075576,12.419999999999998,-12.630448271859215,0.5,21.873435667075576,-7.343469674155015,14.52996599292056
31,49.0,-0.40449378,-0.11963814,-0.21469902,-52.35000000000002,34.28999999999999,10.836054650765776,5.053593805377165,-376.55,67.89999999999998,18.843899037681688,8.78819962755089,18.0,-3.817288350365332,12.419999999999998,-12.630448271859215,0.5,21.81728835036533,-7.163945349234224,14.653343001131109
31,50.0,-0.40314046,-0.10258604,-0.26254618,337.24,-108.84,13.824714827824716,5.13643368062009,337.24,-108.84,24.04117908558718,8.932258170598338,18.0,24.591066347224533,12.419999999999998,11.311890519723288,0.5,-6.591066347224533,-4.175285172175284,-10.766351519399818
31,50.0,-0.39747432,-0.0934783,-0.2423149,126.26999999999998,26.349999999999994,13.955712459284756,5.1880889894662285,337.24,-108.84,24.268983966696197,9.022086752681773,25.0,9.207430754548811,17.25,11.311890519723288,0.5,15.792569245451189,-11.044287540715244,4.748281704735945
31,50.0,-0.40302902,-0.09196695,-0.24333078,-3.240000000000009,46.0,14.021810119144774,5.2460310746661,337.24,-108.84,24.383927797192765,9.122848038844348,23.0,-0.2362562417418091,15.87,11.311890519723288,0.5,23.23625624174181,-8.978189880855226,14.258066360886584
31,51.0,-0.41987067,-0.29641739,-0.25603011,-346.57,41.06999999999999,-15.34730434540664,4.536396575791983,-346.57,41.06999999999999,-26.688962256662148,7.888793645302258,-12.0,-25.271396821129184,-8.28,-11.624842537719426,-0.5,13.271396821129184,-3.3473043454066396,9.924092475722544
31,51.0,-0.40508112,-0.30549127,-0.23783895,-23.860000000000014,-76.88999999999999,-15.51514100523076,4.575637679222417,-346.57,41.06999999999999,-26.980830208096293,7.957033924167783,-14.0,-1.7398376320862818,-9.66,-11.624842537719426,-0.5,-12.260162367913718,-1.5151410052307597,-13.775303373144478
31,51.0,-0.39686358,-0.27815843,-0.25693959,-39.059999999999945,-71.44999999999999,-15.56440182743837,4.615518760531896,-346.57,41.06999999999999,-27.066494777915327,8.026387124564966,-12.0,-2.848200247665132,-8.28,-11.624842537719426,-0.5,-9.151799752334869,-3.5644018274383704,-12.716201579773239
31,52.0,-0.43456948,-0.26864743,-0.25633305,-291.67,5.800000000000011,-11.99040751065956,4.484360977383356,-291.67,5.800000000000011,-20.851318661036977,7.798303739669656,-9.0,-21.268166058281874,-6.209999999999999,-9.783356386809665,-0.5,12.268166058281874,-2.9904075106595602,9.277758547622314
31,52.0,-0.43045604,-0.29109704,-0.23437782,-286.78,3.790000000000021,-12.069903148127535,4.516320430463049,-286.78,3.790000000000021,-20.989561574593782,7.8538812285752435,-14.0,-20.91159413787525,-9.66,-9.619333303422616,-0.5,6.911594137875252,1.9300968518724648,8.841690989747717
31,52.0,-0.42434078,-0.28540167,-0.23282076,-285.17,20.910000000000025,-12.10967823395818,4.548733845470071,-285.17,20.910000000000025,-21.058730448853275,7.910248157272453,-14.0,-20.79419520293565,-9.66,-9.5653297933504,-0.5,6.794195202935651,1.8903217660418203,8.684516968977471
31,52.0,-0.38308114,-0.37926245,-0.43170765,-228.87,51.49000000000001,-43.27318429702766,14.315871278842906,-285.17,20.910000000000025,-75.25206749253111,24.89530015390781,-21.0,-16.688878409706078,-14.489999999999998,-9.5653297933504,-0.5,-4.311121590293922,-22.27318429702766,-26.584305887321584
31,52.0,-0.38221505,-0.37817603,-0.43089736,-429.81,25.31,-44.34496820182555,14.634059830744732,-429.81,25.31,-77.11589970297464,25.44863004566509,-21.0,-31.34114051328601,-14.489999999999998,-14.416924636111569,-0.5,10.34114051328601,-23.34496820182555,-13.003827688539541
31,52.0,-0.38038108,-0.3778761,-0.42886057,-458.8,83.89999999999998,-45.38516863111781,14.947846747003048,-458.8,83.89999999999998,-78.92480824951389,25.9943054930383,-21.0,-33.45505052813016,-14.489999999999998,-15.389323242939874,-0.5,12.455050528130158,-24.385168631117807,-11.930118102987649
31,53.0,-0.3802945,-0.37990361,-0.42657024,-227.2,-47.49000000000001,-40.61051650966062,9.592906341951212,,,-70.62168821029982,16.68206412865316,-21.0,-16.567104359178664,-14.489999999999998,,-0.5,-4.432895640821336,-19.61051650966062,-24.043412150481956
31,53.0,-0.3799136,-0.37995937,-0.42678547,-223.52,-45.38,-41.5191300860049,9.77876758448022,,,-72.20176721956253,17.00527682941111,-21.0,-16.298763936459572,-14.489999999999998,,-0.5,-4.701236063540428,-20.5191300860049,-25.220366149545328
31,53.0,-0.38011971,-0.37895691,-0.4273026,-227.58,-44.54000000000002,-42.4623927620424,9.964720144714375,,,-73.84210101319174,17.3286483316583,-21.0,-16.594813424568137,-14.489999999999998,,-0.5,-4.405186575431863,-21.4623927620424,-25.86757933747426
31,54.0,-0.44889957,-0.16729963,-0.25758749,115.71000000000004,-82.84,7.426569237159743,3.7649965475082823,-714.0,-347.0,12.914803903420792,6.547328996116905,0.0,8.437410411094032,0.0,-22.708308272603084,0.5,-8.437410411094032,7.426569237159743,-1.0108411739342884
31,54.0,-0.44063002,-0.16259274,-0.23533039,-195.85,-26.789999999999992,7.467844435842138,3.784417508714865,-714.0,-347.0,12.986581473929478,6.581102047655151,1.0,-14.281106464547282,0.69,-22.708308272603084,0.5,15.281106464547282,6.467844435842138,21.74895090038942
31,54.0,-0.43917531,-0.16376843,-0.22534986,-190.33,-25.360000000000014,7.447574443623399,3.8040334696740032,-714.0,-347.0,12.951331957461091,6.615214203763093,5.0,-13.87859583046864,3.45,-22.708308272603084,0.5,18.87859583046864,2.447574443623399,21.32617027409204
31,54.0,-0.38000971,-0.37893507,-0.42460608,-46.0,-25.129999999999995,9.626840478147018,5.272816176296886,-714.0,-347.0,16.741075591497665,9.169427330580287,-21.0,-3.3542552839886386,-14.489999999999998,-22.708308272603084,0.5,-17.64574471601136,30.626840478147017,12.981095762135658
31,54.0,-0.37931299,-0.37920165,-0.42457175,69.55999999999995,-86.27999999999997,9.600085709630392,5.310542234760691,-714.0,-347.0,16.694549049047254,9.23503294624884,-21.0,5.072217338135859,-14.489999999999998,-22.708308272603084,0.5,-26.072217338135857,30.60008570963039,4.527868371494533
31,54.0,-0.37830183,-0.3792372,-0.42459059,51.47000000000003,11.230000000000018,9.671370992095358,5.34880057915303,-714.0,-347.0,16.81851415525383,9.30156420714712,-21.0,3.753119988410768,-14.489999999999998,-22.708308272603084,0.5,-24.753119988410766,30.67137099209536,5.91825100368459
31,54.0,-0.37908375,-0.37998486,-0.42651153,-714.0,-347.0,9.986225297856215,5.548502425240117,-714.0,-347.0,17.36604579297196,9.648845717492565,-21.0,-49.365887549137135,-14.489999999999998,-22.708308272603084,0.5,28.365887549137135,30.986225297856215,59.35211284699335
31,54.0,-0.37886786,-0.38074782,-0.42561269,4.42999999999995,13.470000000000027,10.11952675484752,5.590194547443544,-714.0,-347.0,17.59785702667984,9.721348318004324,-21.0,0.3230293675667283,-14.489999999999998,-22.708308272603084,0.5,-21.32302936756673,31.11952675484752,9.796497387280791
31,54.0,-0.37851551,-0.38004217,-0.42549464,27.19000000000005,-47.31,10.156602624051192,5.632498675661877,-714.0,-347.0,17.662331963225025,9.794915196976005,-21.0,1.98265654720981,-14.489999999999998,-22.708308272603084,0.5,-22.98265654720981,31.156602624051192,8.173946076841382
31,54.0,-0.38039932,-0.37847319,-0.42756721,34.01999999999998,-40.74000000000001,12.237098957333922,6.69114625756578,-714.0,-347.0,21.280315086803693,11.635903341906891,-21.0,2.4806905382889872,-14.489999999999998,-22.708308272603084,0.5,-23.480690538288986,33.23709895733392,9.756408419044934
31,54.0,-0.38045314,-0.37948093,-0.42785579,32.620000000000005,-37.25,12.392774490842903,6.751277226011853,-714.0,-347.0,21.551034839575813,11.740471096034613,-21.0,2.378604507906726,-14.489999999999998,-22.708308272603084,0.5,-23.378604507906726,33.3927744908429,10.014169982936178
31,54.0,-0.37922111,-0.3789261,-0.42561686,33.42999999999995,-41.47000000000003,12.509358173477349,6.81240860797147,-714.0,-347.0,21.753773863677107,11.846778569262389,-21.0,2.437668568342174,-14.489999999999998,-22.708308272603084,0.5,-23.437668568342175,33.50935817347735,10.071689605135175
31,55.0,-0.37921214,-0.38000047,-0.42657271,-166.83999999999995,-57.97999999999999,-7.101911026617308,2.8007660403967387,,,-12.3502232752875,4.87053214424993,-21.0,-12.165738077840532,-14.489999999999998,,-0.5,-8.834261922159468,13.898088973382691,5.063827051223224
31,55.0,-0.3799817,-0.3798874,-0.42581546,-197.56,-82.34,-7.098717643792371,2.813646677477282,,,-12.344669982554937,4.892931572132994,-21.0,-14.405797258799902,-14.489999999999998,,-0.5,-6.594202741200098,13.901282356207629,7.307079615007531
31,55.0,-0.37980148,-0.3800315,-0.42602721,-193.77,-85.87,-7.170812802662283,2.8266440953411123,,,-12.470043463829713,4.915534081798194,-21.0,-14.129435790836489,-14.489999999999998,,-0.5,-6.870564209163511,13.829187197337717,6.958622988174206
31,55.0,-0.44046962,-0.2401242,-0.25493753,-193.35,-95.99,-7.2913079509991965,2.8934726529414925,,,-12.679584526787604,5.0317489434652565,-8.0,-14.098809981721812,-5.52,,-0.5,6.098809981721812,0.7086920490008035,6.807502030722616
31,55.0,-0.43774989,-0.25264567,-0.23564613,-192.44,-95.8,-7.327612614618684,2.9072109016279257,,,-12.742718336821891,5.055639757930964,-8.0,-14.032454061973336,-5.52,,-0.5,6.032454061973336,0.6723873853813158,6.704841447354652
31,55.0,-0.4371714,-0.2587772,-0.22754444,-194.63,-92.47,-7.323669324294311,2.921086872333757,,,-12.735860954947809,5.079770070988403,-9.0,-14.19214578092845,-6.209999999999999,,-0.5,5.192145780928451,1.6763306757056888,6.86847645663414
31,56.0,-0.42527413,-0.1336195,-0.24490565,415.72,-105.43,10.853321418322876,3.716354848737093,415.72,-105.43,18.873925946463483,6.462741081953807,18.0,30.313717536081672,12.419999999999998,13.94431006659757,0.5,-12.313717536081672,-7.146678581677124,-19.460396117758798
31,56.0,-0.40963832,-0.12947701,-0.23189805,426.71,-108.03,10.90590671895388,3.744059365489084,426.71,-108.03,18.9653717842608,6.510919236585518,25.0,31.115092874582437,17.25,14.31294272230792,0.5,-6.115092874582437,-14.09409328104612,-20.209186155628558
31,56.0,-0.41569307,-0.12761126,-0.22854438,148.75,-69.66999999999999,10.978737491085605,3.772150709347172,426.71,-108.03,19.09202449699787,6.559770083554732,32.0,10.846640728115434,22.08,14.31294272230792,0.5,21.153359271884568,-21.021262508914397,0.13209676297017126
31,57.0,-0.45409277,-0.16841528,-0.23690955,326.01,-116.87,6.735121923885687,2.3815926917928776,326.01,-116.87,11.712377025637212,4.141589691027814,1.0,23.77219054637252,0.69,10.93520765133136,0.5,-22.77219054637252,5.735121923885687,-17.037068622486835
31,57.0,-0.4553391,-0.16788951,-0.21432635,334.04999999999995,-119.87,6.808547549984328,2.3931932339063104,334.04999999999995,-119.87,11.840064189422748,4.161763033763075,1.0,24.35845603513923,0.69,11.204889776164046,0.5,-23.35845603513923,5.808547549984328,-17.5499084851549
31,57.0,-0.4539313,-0.16898187,-0.21558872,339.04,-119.22,6.841909530334095,2.4049111279897675,339.04,-119.22,11.898080673250991,4.182140451574206,4.0,24.722319814858867,2.76,11.37226711483508,0.5,-20.722319814858867,2.841909530334095,-17.88041028452477
31,57.0,-0.3815448,-0.38028866,-0.42800456,-204.37,200.92,9.139263610778375,3.490816325671097,339.04,-119.22,15.893179419143594,6.070529590342037,-21.0,-14.90237287801648,-14.489999999999998,11.37226711483508,0.5,-6.097627121983519,30.139263610778375,24.041636488794857
31,57.0,-0.38045296,-0.37985671,-0.42595118,-205.51,199.15,9.204788129413966,3.515461088999513,339.04,-119.22,16.00712655705089,6.113386833770153,-21.0,-14.985500074184891,-14.489999999999998,11.37226711483508,0.5,-6.014499925815109,30.204788129413966,24.190288203598858
31,57.0,-0.38064659,-0.3793076,-0.42542121,999.75,-173.33000000000004,9.229568391735349,3.5404033924099467,999.75,-173.33000000000004,16.05021943322777,6.156761499400898,-21.0,59.78413154261271,-14.489999999999998,27.50070050960185,0.5,-80.78413154261271,30.22956839173535,-50.554563150877364
31,58.0,-0.42054874,-0.15116818,-0.26831415,77.60000000000002,-316.85,10.172730613269614,5.610636615644985,,,17.690378536475862,9.75689707460663,6.0,5.658482826902574,4.14,,0.5,0.3415171730974258,4.172730613269614,4.51424778636704
31,58.0,-0.42158398,-0.14832015,-0.2367541,100.64999999999998,-273.32,10.211476967941037,5.653329806275958,,,17.75775844724946,9.831140533113892,9.0,7.3392563985534,6.209999999999999,,0.5,1.6607436014466002,1.2114769679410369,2.872220569387637
31,58.0,-0.4161301,-0.1458896,-0.22788319,179.16999999999996,-207.33,10.346905429738843,5.692299147558847,,,17.993268542315853,9.898908217604836,11.0,13.064824331135744,7.59,,0.5,-2.0648243311357444,-0.6530945702611568,-2.717918901396901
31,58.0,-0.42234141,-0.38615459,-0.49119413,-133.07000000000005,-5.5,64.17973461893087,36.16916910776861,,,111.60855850232078,62.89818507840962,-24.0,-9.703277187834091,-16.56,,0.5,-14.296722812165909,88.17973461893087,73.88301180676496
31,58.0,-0.43038228,-0.38161534,-0.48007387,-118.51,4.829999999999984,66.30050278431534,34.778574054445535,,,115.29657434192438,60.47994028068079,-24.0,-8.641582471858554,-16.56,,0.5,-15.358417528141446,90.30050278431534,74.9420852561739
31,58.0,-0.43004426,-0.37645844,-0.47347763,-42.67999999999995,-44.920000000000016,68.47399680097874,35.60849634577468,,,119.07628043690204,61.923175145302174,-24.0,-3.112165554796411,-16.56,,0.5,-20.887834445203588,92.47399680097874,71.58616235577514
31,59.0,-0.43459427,-0.37974373,-0.47543097,168.39,-114.78,6.776882317881247,2.437980128731272,359.25,215.54,11.78499835079549,4.2396474438636815,-24.0,12.27876189719232,-16.56,12.050162107729184,0.5,-36.27876189719232,30.776882317881245,-5.501879579311073
31,59.0,-0.43480381,-0.37816218,-0.47542301,149.74,36.77000000000001,6.769741564997307,2.4501244423607567,359.25,215.54,11.77258058153032,4.260766405265356,-24.0,10.91883013531432,-16.56,12.050162107729184,0.5,-34.91883013531432,30.769741564997307,-4.149088570317012
31,59.0,-0.43338042,-0.37709001,-0.47326466,187.86,-44.56,6.900997351514739,2.462389325940508,359.25,215.54,12.000834394284132,4.282095037810543,-24.0,13.69848690543708,-16.56,12.050162107729184,0.5,-37.69848690543708,30.90099735151474,-6.797489553922341
31,59.0,-0.42362648,-0.14332704,-0.26114148,116.08000000000004,-30.22999999999999,7.093648692229879,2.5517512875030786,359.25,215.54,12.33585507578776,4.437495488967853,5.0,8.464390290552203,3.45,12.050162107729184,0.5,-3.4643902905522026,2.0936486922298787,-1.370741598322324
31,59.0,-0.42735639,-0.14226954,-0.23535787,162.92999999999995,-20.930000000000007,7.089729743038076,2.565039811328274,359.25,215.54,12.329040023143214,4.460604231899868,7.0,11.880626378701493,4.83,12.050162107729184,0.5,-4.880626378701493,0.08972974303807568,-4.790896635663417
31,59.0,-0.42561966,-0.14053471,-0.2274722,189.58000000000004,-2.8700000000000045,7.224268171513246,2.578465919016467,359.25,215.54,12.563002350261534,4.483952233169637,9.0,13.823906885621003,6.209999999999999,12.050162107729184,0.5,-4.823906885621003,-1.7757318284867543,-6.5996387141077575
31,59.0,-0.43643227,-0.37890387,-0.47622147,359.25,215.54,18.93892777846716,6.647634399104827,359.25,215.54,32.93479540675439,11.560236220043294,-24.0,26.196004582019963,-16.56,12.050162107729184,0.5,-50.19600458201997,42.93892777846716,-7.257076803552803
31,60.0,-0.43777809,-0.37942681,-0.47862706,665.71,286.03,10.742443101488488,3.8713135920629207,665.71,286.03,18.68110855348848,6.73221433659742,-24.0,47.605268118008745,-16.56,21.898423334284026,0.5,-71.60526811800875,34.74244310148849,-36.862825016520254
31,60.0,-0.44013718,-0.38182235,-0.48062021,564.3699999999999,344.6,10.770971846351372,3.9013806056472538,665.71,286.03,18.73072004080504,6.784500873220575,-24.0,41.15306640488408,-16.56,21.898423334284026,0.5,-65.15306640488407,34.77097184635137,-30.382094558532707
31,60.0,-0.38509193,-0.0930321,-0.28638089,275.88,-137.94,11.762654791725131,4.158837439762328,275.88,-137.94,20.455256682810003,7.23221830774669,11.0,20.11678147275621,7.59,9.253719477467856,0.5,-9.116781472756209,0.7626547917251312,-8.354126681031078
31,60.0,-0.38128334,-0.0888019,-0.24779592,271.16,-137.72,11.863029645881046,4.193318055039212,271.16,-137.72,20.62980855418714,7.29218009771319,15.0,19.77260571318172,10.35,9.095398628063592,0.5,-4.772605713181719,-3.1369703541189544,-7.909576067300673
31,60.0,-0.37648186,-0.08844824,-0.23156691,295.02,-98.96,12.005524333926637,4.228347852250495,295.02,-98.96,20.87760681669842,7.353096915063612,18.0,21.512443345268,12.419999999999998,9.89572393882328,0.5,-3.512443345268,-5.994475666073363,-9.506919011341363
31,60.0,-0.43529218,-0.37822241,-0.47580963,12.66999999999996,-18.600000000000023,16.99341152855824,6.133050556799985,295.02,-98.96,29.551542648162783,10.665374918275177,-24.0,0.9238785749594765,-16.56,9.89572393882328,0.5,-24.923878574959478,40.99341152855824,16.069532953598763
31,60.0,-0.4327803,-0.37736765,-0.47514623,12.899999999999975,-20.519999999999985,17.249416229438676,6.204431340563565,295.02,-98.96,29.996734822993854,10.78950610124004,-24.0,0.9406498513794208,-16.56,9.89572393882328,0.5,-24.94064985137942,41.24941622943868,16.308766378059254
31,60.0,-0.43440089,-0.37919855,-0.47495446,11.379999999999995,-22.019999999999985,17.31575192827358,6.2774160379144766,295.02,-98.96,30.11209260326776,10.916426489933274,-24.0,0.8298135898215367,-16.56,9.89572393882328,0.5,-24.829813589821537,41.315751928273585,16.485938338452044
31,60.0,-0.43707907,-0.38195625,-0.47495544,-35.809999999999945,-6.600000000000023,25.592319242929182,8.84560194886713,295.02,-98.96,44.505043163453855,15.382501789079935,-24.0,-2.611214819992021,-16.56,9.89572393882328,0.5,-21.38878518000798,49.59231924292918,28.203534062921204
31,60.0,-0.43723154,-0.38189316,-0.47619319,-33.51999999999998,-6.269999999999982,26.11262553236908,8.975546472635829,295.02,-98.96,45.40985580078983,15.608475315913708,-24.0,-2.4442312417238936,-16.56,9.89572393882328,0.5,-21.555768758276106,50.11262553236908,28.556856774092974
31,60.0,-0.43484169,-0.38062298,-0.47294945,-9.75,-31.399999999999977,26.60913954722302,9.108032600476465,295.02,-98.96,46.27329367262083,15.838868692228573,-24.0,-0.710956283019331,-16.56,9.89572393882328,0.5,-23.289043716980668,50.60913954722302,27.32009583024235
31,60.0,-0.43539175,-0.37903205,-0.47460055,190.6,34.170000000000016,30.04776267285796,9.952213984939805,295.02,-98.96,52.2530592881,17.30690011981032,-24.0,13.898283850613796,-16.56,9.89572393882328,0.5,-37.898283850613794,54.04776267285796,16.149478822244163
31,60.0,-0.43707278,-0.38160458,-0.47607997,193.84000000000003,42.06999999999999,30.68930740733689,10.100046734877658,295.02,-98.96,53.36870558135885,17.563981271952247,-24.0,14.134540092355603,-16.56,9.89572393882328,0.5,-38.13454009235561,54.68930740733689,16.554767314981287
31,60.0,-0.43620393,-0.38059238,-0.47639295,194.77,48.670000000000016,31.35641190520119,10.249698794960471,295.02,-98.96,54.52880030314487,17.82422620443626,-24.0,14.202354383966677,-16.56,9.89572393882328,0.5,-38.20235438396668,55.356411905201185,17.154057521234513
31,60.0,-0.43558115,-0.37990499,-0.47568154,166.94000000000003,41.01999999999998,35.15695081915791,11.012008631037611,295.02,-98.96,61.13793747451562,19.149883009374413,-24.0,12.173029937153554,-16.56,9.89572393882328,0.5,-36.17302993715356,59.15695081915791,22.98392088200436
31,60.0,-0.43900892,-0.38269192,-0.47814435,70.42999999999995,-24.45999999999998,36.10423337096878,11.164250182536591,295.02,-98.96,62.78526183211471,19.41463106743113,-24.0,5.135656514159122,-16.56,9.89572393882328,0.5,-29.135656514159123,60.10423337096878,30.968576856809655
31,60.0,-0.43790388,-0.38115796,-0.47837934,71.32000000000005,-21.120000000000005,36.89271131363177,11.315295700198233,295.02,-98.96,64.15642497440565,19.67729922264473,-24.0,5.200554062044997,-16.56,9.89572393882328,0.5,-29.200554062044997,60.89271131363177,31.692157251586774
31,60.0,-0.43575367,-0.38015437,-0.47555181,54.79999999999996,-19.80000000000001,45.58353172943746,12.909662636692554,295.02,-98.96,79.26976167749174,22.449903325208357,-24.0,3.995938903534288,-16.56,9.89572393882328,0.5,-27.995938903534288,69.58353172943745,41.58759282590317
31,60.0,-0.43664166,-0.37939006,-0.47658777,76.28999999999996,-25.860000000000014,46.83326756585077,13.312123516798426,295.02,-98.96,81.44305229701449,23.149782795712465,-24.0,5.562959469902024,-16.56,9.89572393882328,0.5,-29.562959469902026,70.83326756585078,41.27030809594874
31,60.0,-0.43872041,-0.38316104,-0.47797176,-643.25,-444.75,48.25412293000547,13.718358438601609,295.02,-98.96,83.91391977527952,23.8562253247282,-24.0,-46.78639231715674,-16.56,9.89572393882328,0.5,22.78639231715674,72.25412293000548,95.0405152471622
31,60.0,-0.43478036,-0.38046324,-0.47568566,-17.309999999999945,4.139999999999986,79.24339401180475,42.22467686790643,295.02,-98.96,137.80426218652846,73.42871307328929,-24.0,-1.2622208470835468,-16.56,9.89572393882328,0.5,-22.737779152916453,103.24339401180475,80.5056148588883
31,60.0,-0.43656871,-0.38098332,-0.47830164,-18.200000000000045,4.949999999999989,81.61875332155758,43.10382650812975,295.02,-98.96,141.93501202618864,74.95755429763764,-24.0,-1.3271183949694212,-16.56,9.89572393882328,0.5,-22.67288160503058,105.61875332155758,82.945871716527
31,60.0,-0.43589956,-0.37999049,-0.475833,-17.409999999999968,8.800000000000011,84.13580797095796,44.04237444315471,295.02,-98.96,146.3121700614959,76.58968915664605,-24.0,-1.2695127063965672,-16.56,9.89572393882328,0.5,-22.73048729360343,108.13580797095796,85.40532067735452
31,61.0,-0.4078998,-0.12514795,-0.27967575,253.27,-75.38,8.666625336229243,4.501505201236719,253.27,-75.38,15.071261459702654,7.828117544950656,9.0,18.46809208208266,6.209999999999999,8.495322357758024,0.5,-9.46809208208266,-0.33337466377075664,-9.801466745853416
31,61.0,-0.40546271,-0.12275501,-0.23408452,187.48,-33.379999999999995,8.810769175611272,4.531206091723872,253.27,-75.38,15.321927596388004,7.879767393507816,13.0,13.670777840047608,8.969999999999999,8.495322357758024,0.5,-0.6707778400476077,-4.189230824388728,-4.860008664436336
31,61.0,-0.39994121,-0.11795702,-0.21318848,208.0,-24.41,8.80863200092503,4.568047850527275,253.27,-75.38,15.318211049608628,7.943835212066931,18.0,15.16706737107906,12.419999999999998,8.495322357758024,0.5,2.8329326289209398,-9.19136799907497,-6.35843537015403
31,62.0,-0.36891183,-0.09467018,-0.26400051,-677.5,-122.5,13.009786727276522,4.956837239837267,-677.5,-122.5,22.624019118733877,8.619939960077009,20.0,-48.03512322451121,13.8,-22.09615668327516,0.5,68.03512322451121,-6.990213272723478,61.04490995178773
31,62.0,-0.36560676,-0.09088251,-0.24469852,-25.360000000000014,266.76,13.139200191146568,5.005332724120112,-677.5,-122.5,22.849069132403883,8.704273607244877,25.0,-1.849215521781564,17.25,-22.09615668327516,0.5,26.849215521781563,-11.860799808853432,14.988415712928132
31,62.0,-0.38161227,-0.08959255,-0.2620481,227.63,-30.75,13.259856509695496,5.044739262564384,-677.5,-122.5,23.058890470360467,8.772801577599466,20.0,16.598459354224648,13.8,-22.09615668327516,0.5,3.401540645775352,-6.740143490304504,-3.3386028445291522
31,64.0,-0.41747931,-0.30127153,-0.22694401,-340.49,4.909999999999997,-11.692588313533294,3.756246458499525,-340.49,4.909999999999997,-20.3334110772344,6.532112591330675,-14.0,-24.828051774897645,-9.66,-11.420903816452917,-0.5,10.828051774897645,2.307411686466706,13.13546346136435
31,64.0,-0.40770543,-0.29316929,-0.22016545,205.73,358.92,-11.69169441480404,3.781394257585029,-340.49,4.909999999999997,-20.331856587344227,6.575844613940367,-14.0,15.001542164673536,-9.66,-11.420903816452917,-0.5,-29.001542164673538,2.30830558519596,-26.693236579477578
31,64.0,-0.41056246,-0.28492564,-0.23423672,573.54,481.61,-11.786412519397826,3.812599062673748,-340.49,4.909999999999997,-20.49657137123282,6.630109769989648,-11.0,41.82172990388791,-7.59,-11.420903816452917,-0.5,-52.82172990388791,-0.7864125193978264,-53.60814242328574
31,65.0,-0.40888983,-0.26746401,-0.25227398,-679.25,-286.25,-9.019709911919268,3.621813714632786,-679.25,-286.25,-15.685275536827607,6.298334049746415,-14.0,-48.09892699350012,-9.66,-22.125506417010055,-0.5,34.09892699350012,4.980290088080732,39.07921708158085
31,65.0,-0.41247496,-0.26929334,-0.24976787,171.5,-42.670000000000016,-9.005022209631768,3.645288638294714,-679.25,-286.25,-15.659733622549648,6.339156941994508,-12.0,12.505538721827206,-8.28,-22.125506417010055,-0.5,-24.505538721827207,2.9949777903682318,-21.510560931458976
31,65.0,-0.40018624,-0.2336054,-0.26816994,181.53,-38.44999999999999,-9.063376187035228,3.6647242395755777,-679.25,-286.25,-15.761211189254263,6.372955452621929,-8.0,13.236912210922988,-5.52,-22.125506417010055,-0.5,-21.236912210922988,-1.063376187035228,-22.300288397958216
31,66.0,-0.40576684,-0.11002398,-0.2600638,-142.34000000000003,132.26,9.589782327723276,3.4912180681904874,,,16.67663146791078,6.071228220583257,15.0,-10.379232546150932,10.35,,0.5,25.37923254615093,-5.410217672276724,19.969014873874208
31,66.0,-0.39930543,-0.10625236,-0.24114415,-34.25999999999999,-10.889999999999986,9.713076316700736,3.520319513024869,,,16.89103971474258,6.121835633150249,20.0,-2.498191000640233,13.8,,0.5,22.498191000640233,-10.286923683299264,12.211267317340969
31,66.0,-0.40600821,-0.11060123,-0.25178155,-44.85000000000002,83.58000000000001,9.7953332234391,3.547192632476261,,,17.034084475560597,6.1685679878762185,18.0,-3.270398901888924,12.419999999999998,,0.5,21.270398901888925,-8.2046667765609,13.065732125328024
31,68.0,-0.41596583,-0.28673562,-0.24524257,-529.6,410.58,-11.068718976509642,3.74204970135356,-270.3,-56.52000000000001,-19.248502300150268,6.50742443065384,-12.0,-38.61768692174745,-8.28,-9.066552032621289,-0.5,26.61768692174745,0.9312810234903584,27.548967945237806
31,68.0,-0.4169668,-0.2992107,-0.23046312,-270.3,-56.52000000000001,-11.159469784852304,3.769998073900276,-270.3,-56.52000000000001,-19.40631795585816,6.556026650512581,-14.0,-19.70989572308976,-9.66,-9.066552032621289,-0.5,5.709895723089758,2.8405302151476963,8.550425938237455
31,68.0,-0.41438204,-0.29537868,-0.22916146,-215.17,-19.629999999999995,-11.251436498588856,3.798344125808325,-270.3,-56.52000000000001,-19.566248071046022,6.605320434780678,-14.0,-15.68989368382251,-9.66,-9.066552032621289,-0.5,1.6898936838225094,2.7485635014111445,4.438457185233654
31,69.0,-0.38477966,-0.09769169,-0.25142008,371.46,-168.66,12.151895327941824,4.429366422359994,371.46,-168.66,21.132145975290832,7.702668208484031,11.0,27.08634060413956,7.59,12.4597166779042,0.5,-16.08634060413956,1.1518953279418245,-14.934445276197737
31,69.0,-0.37654361,-0.09517777,-0.22384977,260.62,-144.31,12.23104382827924,4.468442524947013,260.62,-144.31,21.2697852173776,7.770621550882856,18.0,19.00404374158954,12.419999999999998,8.74186012113119,0.5,-1.0040437415895411,-5.76895617172076,-6.772999913310301
31,69.0,-0.37008047,-0.09590825,-0.21641099,264.24,-120.05,12.331415063092049,4.5041624316796085,264.24,-120.05,21.44433079471707,7.832738468690839,20.0,19.268009048720824,13.8,8.86328416241158,0.5,0.731990951279176,-7.668584936907951,-6.936593985628775
31,70.0,-0.38324693,-0.12437474,-0.2409808,244.5,-63.650000000000006,9.74750628709571,3.705920321859511,,,16.95091343325944,6.44459543971369,11.0,17.828596020330917,7.59,,0.5,-6.828596020330917,-1.2524937129042897,-8.081089733235206
31,70.0,-0.38229355,-0.12000925,-0.2264154,208.05999999999997,19.31,9.926019486741836,3.736430797010137,,,17.261347887444053,6.497653156000629,13.0,15.171442486666868,8.969999999999999,,0.5,-2.1714424866668676,-3.0739805132581637,-5.245422999925031
31,70.0,-0.38309756,-0.12103666,-0.23013362,-50.14999999999998,28.889999999999983,9.994081954751392,3.7617487540458,,,17.379708519312672,6.541681083285648,13.0,-3.656867445478916,8.969999999999999,,0.5,16.656867445478916,-3.005918045248608,13.650949400230308
31,72.0,-0.40239036,-0.29717067,-0.23151456,830.9000000000001,264.82000000000005,-12.495314045611757,4.15066496649229,830.9000000000001,264.82000000000005,-21.729351125318846,7.2180063767300915,-14.0,53.62797931759662,-9.66,24.668870486094445,-0.5,-67.62797931759661,1.5046859543882434,-66.12329336320838
31,72.0,-0.3927778,-0.30199906,-0.2128398,822.1700000000001,275.11,-12.642679333907669,4.184624604954092,822.1700000000001,275.11,-21.98561936166544,7.277062188015165,-15.0,53.30968965858335,-10.35,24.522457242948335,-0.5,-68.30968965858335,2.357320666092331,-65.95236899249102
31,72.0,-0.40106699,-0.28876209,-0.22448295,1186.54,114.99,-12.726569916253371,4.21910491189902,1186.54,114.99,-22.131505084364612,7.337023441792396,-14.0,66.59436354800661,-9.66,30.633407232083044,-0.5,-80.59436354800661,1.2734300837466286,-79.32093346425998
31,73.0,-0.42955774,-0.13495995,-0.24221069,29.860000000000014,661.33,6.3247747540986605,2.183777515906585,,,10.998783297377573,3.797589100161552,6.0,2.1773491908674085,4.14,,0.5,3.8226508091325915,0.3247747540986605,4.147425563231252
31,73.0,-0.42641661,-0.13413832,-0.23479155,549.51,631.95,6.353889576100773,2.193537164391726,,,11.049413972839243,3.814561128877212,7.0,40.069496110969496,4.83,,0.5,-33.069496110969496,-0.646110423899227,-33.715606534868726
31,73.0,-0.42146543,-0.13248289,-0.23496474,10.269999999999982,10.79000000000002,6.383414859616451,2.2033847645393108,,,11.100758440873008,3.831686105533862,7.0,0.7488739514470273,4.83,,0.5,6.2511260485529725,-0.616585140383549,5.6345409081694235
31,74.0,-0.42760727,-0.15032355,-0.25396979,137.96000000000004,-47.46000000000001,6.874225669538318,2.3799846476662747,,,11.954278439327137,4.138793302291652,1.0,10.05984910824071,0.69,,0.5,-9.05984910824071,5.874225669538318,-3.1856234387023923
31,74.0,-0.42766407,-0.14882998,-0.22305684,145.05999999999997,-45.72999999999999,6.841684152337125,2.391027075537437,,,11.89768874091426,4.157996084359604,6.0,10.577571119465038,4.14,,0.5,-4.577571119465038,0.841684152337125,-3.7358869671279127
31,74.0,-0.42217103,-0.14748549,-0.22297417,115.90999999999995,-757.71,6.962980250568291,2.4032854774937715,,,12.10862265573826,4.17931344536167,6.0,8.451994129720065,4.14,,0.5,-2.451994129720065,0.9629802505682914,-1.4890138791517735
31,75.0,-0.42265218,-0.25658983,-0.2546728,-238.7,50.69,-8.217132260220453,2.6330163408391654,,,-14.289593000523368,4.578815416719309,-11.0,-17.405668180175827,-7.59,,-0.5,6.405668180175827,2.7828677397795474,9.188535919955374
31,75.0,-0.42355362,-0.27189851,-0.23737997,-70.32000000000005,-29.44,-8.173669813301817,2.64569555223757,,,-14.21401180533186,4.6008645653411335,-12.0,-5.127635468914809,-8.28,,-0.5,-6.872364531085191,3.8263301866981827,-3.0460343443870084
31,75.0,-0.42313856,-0.27132052,-0.23623961,-69.12,-10.589999999999977,-8.08384293470199,2.661359282923387,,,-14.05780286344676,4.628103793003771,-11.0,-5.04013315715858,-7.59,,-0.5,-5.95986684284142,2.9161570652980107,-3.043709777543409
31,78.0,-0.43746525,-0.15541629,-0.26176384,152.77999999999997,-125.25,7.159671284308463,2.492244286854888,-647.5,-257.75,12.45066836341242,4.3340128148406505,1.0,11.140502658430089,0.69,-21.59301839067686,0.5,-10.140502658430089,6.159671284308463,-3.9808313741216255
31,78.0,-0.43622285,-0.15192665,-0.2399234,-647.5,-257.75,7.295056584141483,2.504902582853581,-647.5,-257.75,12.68610339982204,4.356025591582377,5.0,-46.94134432755839,3.45,-21.59301839067686,0.5,51.94134432755839,2.2950565841414834,54.236400911699874
31,78.0,-0.43580911,-0.15563068,-0.22930948,147.16999999999996,-153.18,7.296981142276662,2.518984387762857,-647.5,-257.75,12.689450206419115,4.380513850319609,6.0,10.731429350969734,4.14,-21.59301839067686,0.5,-4.731429350969734,1.2969811422766622,-3.4344482086930714
31,79.0,-0.45068246,-0.25450933,-0.26607752,-235.51,-32.51999999999998,-8.424399443873689,2.7822893605934538,,,-14.650030632896346,4.838401198072016,-8.0,-17.173057868090524,-5.52,,-0.5,9.173057868090524,-0.4243994438736891,8.748658424216835
31,79.0,-0.45109728,-0.26616734,-0.25596035,-146.04000000000002,-20.129999999999995,-8.395373225389688,2.799585149910777,,,-14.59955403895267,4.868478575694842,-8.0,-10.649031340732629,-5.52,,-0.5,2.6490313407326287,-0.39537322538968844,2.2536581153429402
31,79.0,-0.44804841,-0.26381201,-0.25582317,-64.37,-11.939999999999998,-8.382518177218282,2.813897460296008,,,-14.577199110182594,4.893367683454759,-9.0,-4.693769839790188,-6.209999999999999,,-0.5,-4.306230160209812,0.617481822781718,-3.688748337428094
31,83.0,-0.41321072,-0.1337487,-0.2754347,159.97000000000003,-82.86000000000001,9.0519346805091,3.2478932722975737,,,15.741314409405325,5.6480864005254805,6.0,11.664787343036142,4.14,,0.5,-5.664787343036142,3.0519346805091008,-2.6128526625270414
31,83.0,-0.40714714,-0.13281858,-0.26216382,162.51,-80.72,9.144827602911493,3.269240420028792,,,15.902855201463089,5.685209090430071,9.0,11.850000569586816,6.209999999999999,,0.5,-2.8500005695868165,0.14482760291149255,-2.705172966675324
31,83.0,-0.39850557,-0.12638143,-0.23951797,204.36,-105.18,9.247264056450057,3.2886813836225803,,,16.080992194166647,5.719016926119668,13.0,14.901643692085178,8.969999999999999,,0.5,-1.9016436920851785,-3.7527359435499434,-5.654379635635122
31,84.0,-0.40632096,-0.11294675,-0.28731358,289.83000000000004,-225.07,12.83428339985454,4.324310258292316,289.83000000000004,-225.07,22.318818832347045,7.519975539170339,20.0,21.13399584692233,13.8,9.721638089584271,0.5,-1.1339958469223284,-7.16571660014546,-8.299712447067789
31,84.0,-0.39935645,-0.11376518,-0.2835165,-614.5,-286.75,12.973099046049642,4.3610368459402284,-614.5,-286.75,22.56021924108033,7.583843075090058,37.0,-44.8084754785004,25.53,-20.611898720110183,0.5,81.8084754785004,-24.02690095395036,57.78157452455004
31,84.0,-0.4002364,-0.10505405,-0.28290015,85.75,1416.14,13.09829729261772,4.398345802672735,-614.5,-286.75,22.77793899186221,7.648723350847886,45.0,6.252769360913603,31.05,-20.611898720110183,0.5,38.747230639086396,-31.901702707382277,6.845527931704118
31,85.0,-0.41956806,-0.14019896,-0.25677627,-319.68,-14.990000000000007,6.248774577337167,2.429853043042299,-319.68,-14.990000000000007,10.866618989989334,4.225514441850558,9.0,-23.310615851858437,6.209999999999999,-10.72288329185488,0.5,32.31061585185844,-2.7512254226628334,29.559390429195602
31,85.0,-0.42133301,-0.14122228,-0.24571553,-314.93,2.1500000000000057,6.375532613704567,2.4419373724950137,-314.93,2.1500000000000057,11.087051215232243,4.246529090768829,9.0,-22.96425253449004,6.209999999999999,-10.56355616586542,0.5,31.96425253449004,-2.624467386295433,29.339785148194608
31,85.0,-0.42539036,-0.14371209,-0.24966852,-529.9,61.660000000000025,6.555771692478858,2.455354447233417,-529.9,61.660000000000025,11.400486973220737,4.269861383738912,7.0,-38.63956249968651,4.83,-17.774198749855795,0.5,45.63956249968651,-0.44422830752114173,45.19533419216537
31,85.0,-0.39593136,-0.17047521,-0.34170458,-468.41,134.52999999999997,7.709629293391475,2.624953533018505,-468.41,134.52999999999997,13.407045341207777,4.56479419391918,-3.0,-34.15579820811126,-2.07,-15.71166717573118,0.5,31.155798208111257,10.709629293391476,41.86542750150273
31,85.0,-0.3970342,-0.16966689,-0.34207076,-445.02,126.12,7.7063622523813855,2.637531416116953,-445.02,126.12,13.401363956891233,4.586667132627381,-3.0,-32.45023231479617,-2.07,-14.927106864806236,0.5,29.450232314796168,10.706362252381386,40.15659456717755
31,85.0,-0.39784011,-0.16919844,-0.34247902,-439.44,112.35000000000002,7.72651466011589,2.653060336833032,-439.44,112.35000000000002,13.436408993941534,4.613671925752643,-2.0,-32.043346565129724,-1.38,-14.739939419959674,0.5,30.043346565129724,9.726514660115889,39.76986122524561
31,85.0,-0.39911199,-0.1723551,-0.34715921,-706.29,57.31,7.837731547573028,2.770281462324217,-706.29,57.31,13.629815161229496,4.817519462981813,0.0,-49.084786372620265,0.0,-22.579001731405324,0.5,49.084786372620265,7.837731547573028,56.92251792019329
31,85.0,-0.40177071,-0.17097715,-0.34660888,-696.8199999999999,57.170000000000016,7.7985295898792675,2.789012543573566,-696.8199999999999,57.170000000000016,13.561642956800046,4.850092813274433,0.0,-48.739516834148816,0.0,-22.420177743708457,0.5,48.739516834148816,7.7985295898792675,56.53804642402808
31,85.0,-0.39734223,-0.17166086,-0.34194082,-694.29,56.410000000000025,7.802448491576897,2.803219885600563,-694.29,56.410000000000025,13.568457926852224,4.874799381059379,0.0,-48.64727481383914,0.0,-22.377746414366005,0.5,48.64727481383914,7.802448491576897,56.449723305416036
31,85.0,-0.39766976,-0.17385687,-0.33945283,16.789999999999964,87.19,12.141929519355676,4.369496899812964,-694.29,56.410000000000025,21.11481543415952,7.598555108774743,-6.0,1.2243031786558505,-4.14,-22.377746414366005,0.5,-7.22430317865585,18.141929519355678,10.917626340699826
31,85.0,-0.39742926,-0.17385259,-0.33914852,-7.75,-17.019999999999982,12.175880463628465,4.4034475866607,-694.29,56.410000000000025,21.1738561262499,7.657595353202959,-6.0,-0.5651190967589553,-4.14,-22.377746414366005,0.5,-5.434880903241044,18.175880463628467,12.74099956038742
31,85.0,-0.39686757,-0.17435327,-0.33876094,-30.58000000000004,-75.20999999999998,12.29958474936561,4.441746885274687,-694.29,56.410000000000025,21.3889778791468,7.72419783349268,-6.0,-2.229850577921145,-4.14,-22.377746414366005,0.5,-3.770149422078855,18.29958474936561,14.529435327286755
31,86.0,-0.42601308,-0.14352679,-0.27986744,96.40999999999995,-102.93,7.262758797991879,2.847722562609095,,,12.629937549707876,4.952189536377217,9.0,7.030081563681404,6.209999999999999,,0.5,1.9699184363185962,-1.7372412020081214,0.23267723431047482
31,86.0,-0.41999546,-0.14150348,-0.27361506,98.0,-223.82,7.288034576346397,2.867614006496275,,,12.673892128266385,4.986780757297023,18.0,7.146022126758403,12.419999999999998,,0.5,10.853977873241597,-10.711965423653602,0.14201244958799375
31,86.0,-0.41587159,-0.13912734,-0.27003101,124.83000000000004,-196.16,7.355844635512131,2.882705696901318,,,12.791813821155596,5.013025206911394,20.0,9.102427980441346,13.8,,0.5,10.897572019558654,-12.644155364487869,-1.7465833449292152
31,87.0,-0.43661338,-0.13779606,-0.29698583,149.38,-204.56,8.950018692734705,3.4096107272729506,-633.25,-193.5,15.564082506665653,5.929313054727662,4.0,10.89257944178745,2.76,-21.24082158585805,0.5,-6.892579441787451,4.950018692734705,-1.9425607490527455
31,87.0,-0.43363887,-0.13613918,-0.28925258,-633.25,-193.5,9.065373185088175,3.430758033316588,-633.25,-193.5,15.76468396886834,5.966088219937546,9.0,-46.17569909969142,6.209999999999999,-21.24082158585805,0.5,55.17569909969142,0.06537318508817513,55.2410722847796
31,87.0,-0.43111038,-0.13922454,-0.2977024,162.63,-30.22,9.129172182680527,3.459331490557128,-633.25,-193.5,15.875630425681438,6.015777462078845,11.0,11.85875080076244,7.59,-21.24082158585805,0.5,-0.85875080076244,-1.8708278173194728,-2.729578618081913
31,88.0,-0.40409639,-0.13269976,-0.29443574,199.13,-117.88,11.626551861311526,4.375414074146786,-529.86,18.24000000000001,20.218573686820744,7.608845074941261,7.0,14.520279450014296,4.83,-17.7728570477422,0.5,-7.520279450014296,4.626551861311526,-2.8937275887027702
31,88.0,-0.40398666,-0.12607466,-0.28156921,-529.86,18.24000000000001,11.703841905887373,4.42108546898857,-529.86,18.24000000000001,20.352981074338143,7.688267630571126,18.0,-38.6366457559613,12.419999999999998,-17.7728570477422,0.5,56.6366457559613,-6.296158094112627,50.34048766184867
31,88.0,-0.40103084,-0.12228531,-0.27234262,-698.9,67.49000000000001,11.817003454792104,4.459828837635865,-698.9,67.49000000000001,20.54976900788347,7.75564234864877,23.0,-48.81535217100422,15.87,-22.455061998661943,0.5,71.81535217100422,-11.182996545207896,60.63235562579632
31,89.0,-0.41646084,-0.14609577,-0.25064766,-124.11,-16.289999999999992,6.904585494950735,3.320778625335275,,,12.007074175719328,5.774834029458045,6.0,-9.049926593387609,4.14,,0.5,15.049926593387609,0.9045854949507346,15.954512088338344
31,89.0,-0.41643918,-0.1449775,-0.24431664,-120.75,-10.080000000000013,6.956809000809238,3.338136696026739,,,12.097890852407266,5.8050197143905,9.0,-8.804920120470175,6.209999999999999,,0.5,17.804920120470175,-2.043190999190762,15.761729121279412
31,89.0,-0.42400464,-0.14810823,-0.24971007,-120.13,-7.599999999999994,7.001332685904858,3.3539101422247093,,,12.175317540788548,5.832449737328769,9.0,-8.759710592729459,6.209999999999999,,0.5,17.75971059272946,-1.998667314095142,15.761043278634316
31,90.0,-0.44121325,-0.17249532,-0.25656557,69.50999999999999,-64.6,5.393961241368869,2.0385087998238607,,,9.380098598740464,3.544966802893694,-1.0,5.068571408479353,-0.69,,0.5,-6.068571408479353,6.393961241368869,0.32538983288951595
31,90.0,-0.43795368,-0.17316066,-0.24096146,75.08000000000004,-66.93,5.404341599309485,2.045812053066122,,,9.398150041199196,3.5576671602819867,-1.0,5.474727972214502,-0.69,,0.5,-6.474727972214502,6.404341599309485,-0.07038637290501715
31,90.0,-0.43597484,-0.17335285,-0.23830611,78.26999999999998,-47.540000000000006,5.508566858874205,2.0547880300544485,,,9.579397767582243,3.573276384264686,-1.0,5.707338284299797,-0.69,,0.5,-6.707338284299797,6.508566858874205,-0.19877142542559234
31,93.0,-0.43521342,-0.26466665,-0.24518895,-190.82,62.06,-6.270940648172865,2.184461724287257,-621.0,-237.5,-10.905165787172614,3.798778938535541,-10.0,-13.914325941102431,-6.9,-20.829925313569447,-0.5,3.9143259411024314,3.729059351827135,7.643385292929566
31,93.0,-0.43239772,-0.27032596,-0.23391609,-621.0,-237.5,-6.322919361856442,2.1942274856565405,-621.0,-237.5,-10.995556770268356,3.815761597556724,-10.0,-45.28244633384662,-6.9,-20.829925313569447,-0.5,35.28244633384662,3.6770806381435577,38.95952697199018
31,93.0,-0.42437562,-0.2590155,-0.23945183,52.57000000000005,-65.15,-6.38567348627419,2.20408439426182,-621.0,-237.5,-11.104686192630815,3.832902761621305,-9.0,3.833330440853976,-6.209999999999999,-20.829925313569447,-0.5,-12.833330440853976,2.6143265137258096,-10.219003927128167
31,97.0,-0.34775937,-0.08547393,-0.35155496,324.05999999999995,-18.5,12.89115468582482,4.4204074415321815,324.05999999999995,-18.5,22.41771799864937,7.687088540824464,4.0,23.62999928976865,2.76,10.86979967329358,0.5,-19.62999928976865,8.89115468582482,-10.738844603943832
31,97.0,-0.32994556,-0.08455231,-0.28122583,-574.25,-231.25,13.018719100510404,4.458473789757365,-574.25,-231.25,22.639552515787592,7.753285920388058,15.0,-41.87350210501034,10.35,-19.26181096830476,0.5,56.87350210501034,-1.9812808994895956,54.89222120552074
31,97.0,-0.32576331,-0.08215884,-0.26856014,227.23,87.38,13.20164608169438,4.493241611321316,-574.25,-231.25,22.95766253606653,7.813747162087769,22.0,16.569291916972574,15.18,-19.26181096830476,0.5,5.430708083027426,-8.79835391830562,-3.3676458352781946
31,98.0,-0.33677185,-0.14323182,-0.26534158,-249.43,-9.830000000000013,9.168240434882,3.534281025873109,,,15.9435701162598,6.146114703993338,7.0,-18.18808468446274,4.83,,0.5,25.18808468446274,2.1682404348819997,27.35632511934474
31,98.0,-0.3386327,-0.1370302,-0.23624368,-240.64,-33.03,9.232281647686628,3.556245354665867,,,16.054937785327045,6.184310671763942,18.0,-17.547130250848387,12.419999999999998,,0.5,35.54713025084838,-8.767718352313372,26.779411898535017
31,98.0,-0.34320387,-0.13611858,-0.23974922,-239.16000000000005,-38.25999999999999,9.297216963364257,3.5784728513316937,,,16.16786029929044,6.222964288465816,13.0,-17.439210733015713,8.969999999999999,,0.5,30.439210733015713,-3.7027830366357435,26.73642769637997
31,99.0,-0.36116436,-0.16539185,-0.26831952,-237.69,-61.09,6.496459132021093,2.0141374482282863,,,11.29734243058468,3.50258502246899,1.0,-17.332020401114338,0.69,,0.5,18.332020401114338,5.496459132021093,23.828479533135432
31,99.0,-0.37223408,-0.16355781,-0.22766763,-159.57,-60.97999999999999,6.528860208214844,2.0233661511902907,,,11.353687902085614,3.518633736919916,6.0,-11.635619905784065,4.14,,0.5,17.635619905784065,0.5288602082148444,18.16448011399891
31,99.0,-0.3726669,-0.1593997,-0.21587858,-143.69,-47.63999999999999,6.561550341450364,2.0326847892310664,,,11.410536043782184,3.534838848472825,9.0,-10.477672646876684,6.209999999999999,,0.5,19.477672646876684,-2.4384496585496356,17.039222988327047
31,100.0,-0.3292197,-0.14359246,-0.26827741,190.29999999999995,-138.8,8.240858202134344,2.492655905026351,-614.0,-224.25,14.330852413511623,4.334728618840825,-6.0,13.876408272674734,-4.14,-20.59512744369024,0.5,-19.876408272674734,14.240858202134344,-5.63555007054039
31,100.0,-0.33060783,-0.13902837,-0.23449312,-614.0,-224.25,8.302244323541402,2.505216886566932,-614.0,-224.25,14.4376028786385,4.356572165739896,-14.0,-44.77201618193531,-9.66,-20.59512744369024,0.5,30.772016181935307,22.3022443235414,53.07426050547671
31,100.0,-0.33419248,-0.13594176,-0.22128722,186.22000000000003,-161.38,8.35980200559052,2.5207448571185904,-614.0,-224.25,14.537695687721916,4.38357530652923,18.0,13.578900412703572,12.419999999999998,-20.59512744369024,0.5,4.421099587296428,-9.64019799440948,-5.2190984071130515
31,101.0,-0.35986257,-0.26370078,-0.24492909,-203.68,-101.3,-7.302463236886832,2.243559081317257,,,-12.698983568946202,3.901549242410709,-11.0,-14.85205904875665,-7.59,,-0.5,3.852059048756651,3.6975367631131677,7.5495958118698185
31,101.0,-0.363352,-0.26673776,-0.23949748,-199.87,-77.88,-7.407843955923093,2.2561506965926936,,,-12.88224063935026,3.923446061374695,-11.0,-14.574239208930631,-7.59,,-0.5,3.5742392089306314,3.5921560440769067,7.166395253007538
31,101.0,-0.36607105,-0.27087909,-0.2304748,-217.48,-60.47,-7.37504568606909,2.266561474088921,,,-12.82520444807415,3.941550403440633,-12.0,-15.858335633953242,-8.28,,-0.5,3.858335633953242,4.62495431393091,8.483289947884153
31,102.0,-0.35175008,-0.13643828,-0.2881299,69.47000000000003,-180.55,7.186640323571181,2.182158455321128,-381.15,-55.38999999999999,12.497567522690284,3.7947735538034415,4.0,5.065654664754148,2.76,-12.784744014922696,0.5,-1.065654664754148,3.186640323571181,2.120985658817033
31,102.0,-0.34465003,-0.14106086,-0.24713704,-381.15,-55.38999999999999,7.225659649577284,2.192936513462836,-381.15,-55.38999999999999,12.565422130614897,3.81351659691187,9.0,-27.79292177157108,6.209999999999999,-12.784744014922696,0.5,36.79292177157108,-1.7743403504227162,35.01858142114836
31,102.0,-0.3410621,-0.14292511,-0.23978519,-755.86,-4.259999999999991,7.265287934538307,2.20381516841785,-755.86,-4.259999999999991,12.634335718162117,3.832434577878641,13.0,-50.89207370335196,8.969999999999999,-23.410353903541903,0.5,63.89207370335196,-5.734712065461693,58.15736163789027
31,103.0,-0.32230899,-0.14281981,-0.23315266,48.190000000000055,-180.41,8.948150218291369,3.496587674388564,,,15.560833229608692,6.080565965761713,20.0,3.5139470029437536,13.8,,0.5,16.486052997056248,-11.051849781708631,5.434203215347615
31,103.0,-0.32561445,-0.14511676,-0.22684291,59.47000000000003,-163.68,9.037360263376344,3.5203008908919404,,,15.71596949801146,6.1218032492610845,20.0,4.33646873345227,13.8,,0.5,15.66353126654773,-10.962639736623656,4.700891529924075
31,103.0,-0.33590665,-0.14497486,-0.21933015,123.98000000000002,-162.12,9.079007652165282,3.5421339315283245,,,15.788394307115428,6.159770906927756,20.0,9.040447176280685,13.8,,0.5,10.959552823719315,-10.920992347834718,0.03856047588459788
31,104.0,-0.33700773,-0.35491359,-0.27915391,-441.16,-50.53999999999999,-16.678380642758995,5.293171129668819,-441.16,-50.53999999999999,-29.00370393775789,9.204824594494076,-24.0,-32.168766545313645,-16.56,-14.797632610844277,-0.5,8.168766545313645,7.321619357241005,15.49038590255465
31,104.0,-0.3324385,-0.35738936,-0.25128251,186.95000000000005,227.28,-16.859785976518374,5.35870453399816,-441.16,-50.53999999999999,-29.319167813165453,9.3187871846228,-16.0,13.632130985688612,-11.04,-14.797632610844277,-0.5,-29.63213098568861,-0.8597859765183742,-30.491916962206986
31,104.0,-0.33057833,-0.35423443,-0.24586713,193.78,230.96,-17.029206170768624,5.413449244256809,-441.16,-50.53999999999999,-29.61378953096664,9.413988235762591,-15.0,14.130164976767787,-10.35,-14.797632610844277,-0.5,-29.130164976767787,-2.0292061707686244,-31.15937114753641
31,105.0,-0.3286556,-0.12941757,-0.25118434,-324.34,-40.56,9.284731896701697,2.6990648427228967,-324.34,-40.56,16.14614876836425,4.693673761495117,18.0,-23.650416495845107,12.419999999999998,-10.87919158808875,0.5,41.65041649584511,-8.715268103298303,32.93514839254681
31,105.0,-0.32792607,-0.12601312,-0.22529483,118.40999999999995,-98.53,9.402831968371345,2.716912517281221,-324.34,-40.56,16.35152479299777,4.724710867552044,20.0,8.634290612545534,13.8,-10.87919158808875,0.5,11.365709387454466,-10.597168031628655,0.7685413558258105
31,105.0,-0.33301535,-0.13438429,-0.22715002,164.70000000000005,-110.63,9.50724530449543,2.7316887735237896,-324.34,-40.56,16.533099584517554,4.7504067771578695,18.0,12.009692288541933,12.419999999999998,-10.87919158808875,0.5,5.990307711458067,-8.49275469550457,-2.502446984046502
31,106.0,-0.32236096,-0.08124916,-0.26751184,-627.3,46.920000000000016,13.669401928151172,3.54321394110345,-627.3,46.920000000000016,23.77108995305489,6.161649043578899,32.0,-45.7418334705668,22.08,-21.041243396460725,0.5,77.7418334705668,-18.330598071848826,59.41123539871798
31,106.0,-0.32672212,-0.07115678,-0.24136779,-665.83,46.10000000000002,13.822689045401606,3.5668714083161124,-665.83,46.10000000000002,24.0376562499534,6.20278937906172,38.0,-47.60964323359656,26.22,-21.90043588745442,0.5,85.60964323359656,-24.177310954598394,61.43233227899816
31,106.0,-0.33146805,-0.06516349,-0.2401493,-722.79,64.99000000000001,14.033967285013569,3.596135448238773,-722.79,64.99000000000001,24.4050691086386,6.253679544487227,41.0,-49.68636476594431,28.29,-22.855727792334385,0.5,90.68636476594432,-26.966032714986433,63.72033205095788
31,107.0,-0.3436974,-0.12513201,-0.2965605,111.04999999999995,32.28,10.12054571194555,3.3706312410059733,,,17.599628993073313,5.8615277281093885,5.0,8.09760976710735,3.45,,0.5,-3.0976097671073504,5.1205457119455495,2.022935944838199
31,107.0,-0.34801579,-0.11866949,-0.24015069,120.86,59.55,10.268965298467885,3.3956480797666035,,,17.85773065403565,5.905032010714125,13.0,8.812941165714498,8.969999999999999,,0.5,4.1870588342855015,-2.7310347015321152,1.4560241327533863
31,107.0,-0.35080549,-0.11463752,-0.21468604,207.92,26.57,10.34537293084995,3.4186916144359643,,,17.990603526748064,5.945104717504142,18.0,15.161233883628642,12.419999999999998,,0.5,2.8387661163713585,-7.654627069150051,-4.815860952778692
31,108.0,-0.34515035,-0.1155813,-0.21695362,166.78999999999996,-183.36,9.051945756467084,2.485845125700527,,,15.74133367049626,4.322884673593218,11.0,12.16209214818402,7.59,,0.5,-1.1620921481840192,-1.9480542435329156,-3.1101463917169347
31,108.0,-0.35199231,-0.11418755,-0.1987851,-24.090000000000032,75.77999999999997,9.130401598934844,2.499601509366733,,,15.877768380547694,4.346807024788749,13.0,-1.7566089085062264,8.969999999999999,,0.5,14.756608908506227,-3.869598401065156,10.88701050744107
31,108.0,-0.34000283,-0.11784456,-0.2106812,4.2000000000000455,112.51,9.16684918719209,2.513503555799379,,,15.941150736527046,4.37098268353512,13.0,0.306258091146792,8.969999999999999,,0.5,12.693741908853209,-3.8331508128079097,8.8605910960453
31,109.0,-0.32325989,-0.09070667,-0.29574448,515.09,120.72,13.727542238399352,4.133099883736449,515.09,120.72,23.87219595257648,7.187460697817684,18.0,37.55963813542844,12.419999999999998,17.277433542297082,0.5,-19.559638135428443,-4.2724577616006485,-23.83209589702909
31,109.0,-0.31345901,-0.08661035,-0.26025295,610.8599999999999,122.11,13.841179240728408,4.165367137452132,610.8599999999999,122.11,24.069810699626704,7.243573452029258,25.0,44.543051799506514,17.25,20.489803827773,0.5,-19.543051799506514,-11.158820759271592,-30.701872558778106
31,109.0,-0.32266054,-0.09286686,-0.27853301,606.28,134.38,14.030080833307505,4.201686512788497,606.28,134.38,24.39831056912175,7.306732845739196,23.0,44.209084642970254,15.87,20.33617893576632,0.5,-21.209084642970254,-8.969919166692495,-30.17900380966275
31,110.0,-0.33892503,-0.09295382,-0.27186921,-253.77,198.9,10.420576697348714,3.32671052567979,-253.77,198.9,18.121382876689417,5.785149604157157,7.0,-18.504551378647754,4.83,-8.512093634177967,0.5,25.504551378647754,3.4205766973487144,28.92512807599647
31,110.0,-0.32999006,-0.09531722,-0.22590399,-233.34,210.66,10.50032051716879,3.3559374768150096,-253.77,198.9,18.260057379356528,5.835975272181303,13.0,-17.01482452099802,8.969999999999999,-8.512093634177967,0.5,30.01482452099802,-2.49967948283121,27.515145038166807
31,110.0,-0.33524638,-0.09139041,-0.21850145,-417.94,264.53,10.68489945237508,3.380628072667496,-417.94,264.53,18.581040147680262,5.878912218368775,18.0,-30.475596812830688,12.419999999999998,-14.018774533902118,0.5,48.47559681283069,-7.315100547624921,41.160496265205765
31,111.0,-0.35811269,-0.29983324,-0.28864333,-292.97,-57.650000000000006,-8.749231281364885,2.977345738016573,-292.97,-57.650000000000006,-15.214913198293536,5.17760423841082,-13.0,-21.36296022935112,-8.969999999999999,-9.826961705501516,-0.5,8.36296022935112,4.250768718635115,12.613728947986235
31,111.0,-0.36116335,-0.30762035,-0.26027194,-233.26,-100.36,-8.933626394071556,2.995259606382582,-292.97,-57.650000000000006,-15.535576299290437,5.20875645549931,-15.0,-17.008991033547602,-10.35,-9.826961705501516,-0.5,2.008991033547602,6.066373605928444,8.075364639476046
31,111.0,-0.36193386,-0.30841255,-0.25621325,-209.12,-98.6,-8.944246437276002,3.0115628131838807,-292.97,-57.650000000000006,-15.554044554422967,5.237107732126769,-15.0,-15.24873619538487,-10.35,-9.826961705501516,-0.5,0.24873619538487013,6.055753562723998,6.304489758108868
31,112.0,-0.34990859,-0.13374048,-0.26961696,113.41999999999996,-93.74,7.510478685135253,2.4968449084181508,,,13.060722433450206,4.342013295739164,1.0,8.270426832825896,0.69,,0.5,-7.270426832825896,6.510478685135253,-0.7599481476906425
31,112.0,-0.35494584,-0.13349903,-0.23972346,112.23000000000002,-125.61,7.705266042770255,2.509464691446699,,,13.399457648377474,4.36395909842581,6.0,8.183653707000976,4.14,,0.5,-2.1836537070009765,1.7052660427702548,-0.47838766423072165
31,112.0,-0.36942515,-0.13163488,-0.21781363,129.46000000000004,-109.99,7.744171549813423,2.5264751373621657,,,13.467114325125545,4.393540263872807,11.0,9.440041066634114,7.59,,0.5,1.5599589333658859,-3.255828450186577,-1.6958695168206912
31,113.0,-0.35076657,-0.14045198,-0.28097096,201.30999999999997,37.66,8.808197877144599,2.9883967089805465,,,15.317456108354458,5.196821876917171,4.0,14.6792419830381,2.76,,0.5,-10.6792419830381,4.808197877144599,-5.8710441058935015
31,113.0,-0.34427109,-0.13327351,-0.24593227,215.05999999999997,-166.23,8.904808543105256,3.0123609891131977,,,15.48546205646004,5.238495760067851,13.0,15.681872638578184,8.969999999999999,,0.5,-2.6818726385781844,-4.095191456894744,-6.777064095472928
31,113.0,-0.35016003,-0.13260499,-0.24786364,236.15,62.19999999999999,8.95655835253929,3.032622669640879,,,15.575454975065826,5.27373082250549,13.0,17.21972576769384,8.969999999999999,,0.5,-4.219725767693841,-4.04344164746071,-8.263167415154552
31,114.0,-0.36877951,-0.15555392,-0.2394761,77.36000000000001,-174.73000000000002,8.183755981799292,2.703872416386485,,,14.23155165234897,4.702034132096097,6.0,5.640982364551329,4.14,,0.5,0.35901763544867116,2.183755981799292,2.5427736172479634
31,114.0,-0.40123862,-0.14690171,-0.21071918,96.42999999999996,-170.2,8.261198608039958,2.7186039415857657,,,14.366224379381489,4.727652254417646,9.0,7.031539935544005,6.209999999999999,,0.5,1.9684600644559946,-0.7388013919600418,1.2296586724959528
31,114.0,-0.41420865,-0.14479229,-0.20321541,108.26999999999998,64.03999999999999,8.238010425501669,2.7301854529328136,,,14.325900129947405,4.747792502650163,9.0,7.894896078205432,6.209999999999999,,0.5,1.1051039217945684,-0.7619895744983314,0.343114347296237
31,115.0,-0.34103706,-0.17192967,-0.20995319,118.91999999999996,-134.93,6.775708158546896,2.651742743415382,,,11.782956487713053,4.61138063079935,18.0,8.671479095041928,12.419999999999998,,0.5,9.328520904958072,-11.224291841453104,-1.8957709364950315
31,115.0,-0.36545646,-0.16786905,-0.2036038,120.72000000000004,-143.73000000000002,6.7849761031945,2.6661160518498264,,,11.799073443455235,4.636375814166848,18.0,8.802732562676272,12.419999999999998,,0.5,9.197267437323728,-11.2150238968055,-2.017756459481772
31,115.0,-0.38047644,-0.15873362,-0.20474553,125.85000000000002,-148.99,6.839351562501245,2.68650596239765,,,11.893632367189666,4.6718338686095136,18.0,9.176804945434135,12.419999999999998,,0.5,8.823195054565865,-11.160648437498754,-2.33745338293289
31,116.0,-0.35365877,-0.31882182,-0.24919993,-343.6,-49.63999999999999,-11.346189108442514,3.718652174632405,-343.6,-49.63999999999999,-19.73102285958153,6.466736131685753,-15.0,-25.05482859953253,-10.35,-11.525221155784966,-0.5,10.05482859953253,3.6538108915574856,13.708639491090016
31,116.0,-0.37452915,-0.33473322,-0.24678016,-427.58,-39.120000000000005,-11.390735933211914,3.74617552688576,-427.58,-39.120000000000005,-19.80848978785552,6.514599241254338,-16.0,-31.178532050605696,-11.04,-14.34212474327862,-0.5,15.178532050605696,4.609264066788086,19.787796117393782
31,116.0,-0.37119704,-0.33393002,-0.25276822,-292.95,-71.19,-11.582279642101533,3.780351583953371,-292.95,-71.19,-20.141584297614568,6.574031404494913,-16.0,-21.36150185748852,-11.04,-9.826290854444718,-0.5,5.36150185748852,4.417720357898467,9.779222215386987
31,117.0,-0.346854,-0.29228556,-0.27203318,-464.82,261.86,-9.462581928657045,4.89443748712436,-464.82,261.86,-16.455429973934603,8.511426790109265,-15.0,-33.89402045877389,-10.35,-15.591249411035989,-0.5,18.894020458773888,5.537418071342955,24.431438530116843
31,117.0,-0.36038613,-0.30216816,-0.25930777,-93.38,-129.38,-9.54916885828171,4.92391745104174,-464.82,261.86,-16.606004644551895,8.562692447361586,-15.0,-6.809138226496935,-10.35,-15.591249411035989,-0.5,-8.190861773503066,5.4508311417182895,-2.7400306317847756
31,117.0,-0.35437238,-0.29509941,-0.26671264,-74.41999999999996,-97.79,-9.55893336993578,4.94376353496277,-464.82,261.86,-16.622985130318323,8.597204787300257,-15.0,-5.426601700748573,-10.35,-15.591249411035989,-0.5,-9.573398299251426,5.4410666300642205,-4.132331669187207
31,118.0,-0.31601694,-0.14264415,-0.20278268,128.79999999999995,-197.48,9.262951288265285,2.8677583944308807,,,16.108272290293332,4.987031847915302,18.0,9.391914795168184,12.419999999999998,,0.5,8.608085204831816,-8.737048711734715,-0.12896350690289893
31,118.0,-0.32965577,-0.13465308,-0.19402763,133.71000000000004,-206.97,9.385366958864756,2.8860126827390884,,,16.32115314146581,5.018776055283275,20.0,9.749945087437412,13.8,,0.5,10.250054912562588,-10.614633041135244,-0.36457812857265637
31,118.0,-0.34332606,-0.13345444,-0.19799443,142.75,-193.64,9.454062043995192,2.904495984223026,,,16.44061389450764,5.050918516563843,20.0,10.409129169334308,13.8,,0.5,9.590870830665692,-10.545937956004808,-0.9550671253391165
31,119.0,-0.29675722,-0.13137305,-0.28693312,334.70000000000005,-205.7,11.77094394333418,4.235584443274782,334.70000000000005,-205.7,20.46967151745814,7.3656813468548465,-6.0,24.405853120673854,-4.14,11.226692435509973,0.5,-30.405853120673854,17.77094394333418,-12.634909177339674
31,119.0,-0.3041873,-0.11459348,-0.25867832,309.26,-129.37,11.945994886873546,4.282976301655841,309.26,-129.37,20.7740851082731,7.448095788579509,20.0,22.550804111441877,13.8,10.373369891263264,0.5,-2.5508041114418774,-8.054005113126454,-10.604809224568331
31,119.0,-0.31877407,-0.11417545,-0.26904258,269.62,-67.30000000000001,12.021668244406207,4.326951974973323,269.62,-67.30000000000001,20.9056810770224,7.524569484478608,18.0,19.660311079761232,12.419999999999998,9.043743096690168,0.5,-1.6603110797612324,-5.978331755593793,-7.638642835355025
31,120.0,-0.29896525,-0.35805577,-0.31238315,-445.94,-83.50999999999999,-23.192377548454072,7.8164418921473935,-445.94,-83.50999999999999,-40.33154455676164,13.59279245044432,-26.0,-32.51731742047594,-17.939999999999998,-14.957966013418933,-0.5,6.5173174204759405,2.807622451545928,9.324939872021869
31,120.0,-0.30458364,-0.3910147,-0.26416656,-70.33000000000004,33.16,-23.563494535772385,7.93538639490775,-445.94,-83.50999999999999,-40.97691699770818,13.799636940744575,-33.0,-5.12836465484611,-22.77,-14.957966013418933,-0.5,-27.87163534515389,9.436505464227615,-18.435129880926276
31,120.0,-0.31548214,-0.41008538,-0.26113164,-51.82000000000005,-79.35,-23.87057127142779,8.044977290526074,-445.94,-83.50999999999999,-41.51092344101293,13.99021550822484,-35.0,-3.778641496006335,-24.15,-14.957966013418933,-0.5,-31.221358503993663,11.129428728572211,-20.091929775421455
