Participant,trigger_no,fzd_hands0_fingerTip_coordinates_x,fzd_hands0_fingerTip_coordinates_y,fzd_hands0_fingerTip_coordinates_z,eyegaze_new_coordinates_x,eyegaze_new_coordinates_y,angle_center,Buidling_half_width,eyegaze_new_coordinates_x_without_tablet_&_road_gazes,eyegaze_new_coordinates_y_without_tablet_&_road_gazes,angle_center_scaled,Buidling_half_width_scaled,horizontal_angle_finger_pointing_unscaled,eyegaze_horiz_angle_x,horizontal_angle_finger_pointing,eyegaze_horiz_angle_x_scaled_without_tablet,side,difference,D_p,D_g
56,1.0,-0.3499139,-0.1447724,-0.58350694,-93.27999999999996,63.53,-7.226414787787917,0.8196033222008907,813.01,-52.110000000000014,-16.05709365846475,1.8211585819303784,0.0,-7.381346553289112,0.0,21.27097465424532,-0.5,7.381346553289112,-7.226414787787917,0.15493176550119525
56,1.0,-0.35473976,-0.14258407,-0.59253895,-72.91999999999996,62.00999999999999,-7.21120556280556,0.8206024271676142,813.01,-52.110000000000014,-16.023298760553953,1.8233785931664397,0.0,-5.770237893072919,0.0,21.27097465424532,-0.5,5.770237893072919,-7.21120556280556,-1.4409676697326415
56,1.0,-0.35291737,-0.1422274,-0.59075218,-76.60000000000002,64.82,-7.336158924483698,0.8216455793509567,813.01,-52.110000000000014,-16.300945130202777,1.825696477317825,0.0,-6.061440244231843,0.0,21.27097465424532,-0.5,6.061440244231843,-7.336158924483698,-1.2747186802518549
56,1.0,-0.35238823,-0.14184342,-0.58390123,813.01,-52.110000000000014,-6.579790352309286,0.8607927715452641,813.01,-52.110000000000014,-14.620294162831232,1.912681538373577,0.0,57.48912068714952,0.0,21.27097465424532,-0.5,-57.48912068714952,-6.579790352309286,-64.06891103945881
56,1.0,-0.35264426,-0.14094511,-0.58354974,827.8800000000001,-65.48,-6.597693970285465,0.8626259555824842,827.8800000000001,-65.48,-14.660076001974303,1.91675487330428,0.0,58.0774602199937,0.0,21.48866028139767,-0.5,-58.0774602199937,-6.597693970285465,-64.67515419027916
56,1.0,-0.3523829,-0.14007413,-0.58076429,850.3900000000001,-73.1,-6.616204878487496,0.8644962934645406,850.3900000000001,-73.1,-14.701207239999215,1.9209107640782088,0.0,58.96808045431262,0.0,21.81818976809567,-0.5,-58.96808045431262,-6.616204878487496,-65.58428533280012
56,1.0,-0.222469,-0.06462096,-0.38439485,91.24,-0.4699999999999988,-5.749683129540091,0.8991266448299431,850.3900000000001,-73.1,-12.77579591383808,1.9978594048121328,4.0,7.219919162972757,2.12,21.81818976809567,-0.5,-3.219919162972757,-9.749683129540092,-12.969602292512848
56,1.0,-0.23459969,-0.06725694,-0.3997539,99.34000000000005,-0.9499999999999886,-5.624504845859438,0.9015161404870056,850.3900000000001,-73.1,-12.497649767499672,2.0031688641621264,4.0,7.860880859817118,2.12,21.81818976809567,-0.5,-3.860880859817118,-9.624504845859438,-13.485385705676556
56,1.0,-0.29344025,-0.0613902,-0.4359791,96.02999999999996,-2.3799999999999955,-5.497846585026415,0.9039201765066748,850.3900000000001,-73.1,-12.216215111928694,2.008510632197832,4.0,7.598957005921456,2.12,21.81818976809567,-0.5,-3.5989570059214557,-9.497846585026416,-13.096803590947871
56,1.0,-0.16500348,-0.3733682,-0.37199992,94.48000000000002,53.360000000000014,-6.863850112701874,0.9976982329236556,850.3900000000001,-73.1,-15.251474950423564,2.2168854735563626,-45.0,7.476303841710501,-23.85,21.81818976809567,-0.5,-52.476303841710504,38.136149887298124,-14.340153954412376
56,1.0,-0.14555775,-0.40006575,-0.35113838,410.18,39.27000000000001,-6.8758537665317885,1.0002800020610776,410.18,39.27000000000001,-15.278147069233636,2.2226221645797146,-45.0,32.45798380390361,-23.85,12.009454007444337,-0.5,-77.4579838039036,38.12414623346821,-39.3338375704354
56,1.0,-0.13480449,-0.41033432,-0.34088406,517.56,74.46000000000001,-7.0511538859256175,1.0028643929078789,517.56,74.46000000000001,-15.667663934526722,2.228364681041308,-45.0,40.955078496144,-23.85,15.15337904357328,-0.5,-85.955078496144,37.948846114074385,-48.00623238206961
56,1.0,-0.40435761,0.02449097,-0.51744968,691.8399999999999,-68.14,-9.90015385399704,1.205204391625557,691.8399999999999,-68.14,-21.998141863581424,2.677964158191987,4.0,52.694964587974766,2.12,19.497136897550664,-0.5,-48.694964587974766,-13.90015385399704,-62.595118441971806
56,1.0,-0.41473544,0.00935164,-0.53301138,986.42,883.6800000000001,-9.92529643865413,1.2087534456078115,691.8399999999999,-68.14,-22.054008686689475,2.6858501561405586,0.0,64.35018043096312,0.0,19.497136897550664,-0.5,-64.35018043096312,-9.92529643865413,-74.27547686961725
56,1.0,-0.42780441,0.00908551,-0.52824193,621.0699999999999,-56.86,-10.038378721572428,1.2123265011997546,621.0699999999999,-56.86,-22.30527751933393,2.693789485665855,0.0,49.145935933225445,0.0,18.18399629529341,-0.5,-49.145935933225445,-10.038378721572428,-59.18431465479787
56,1.0,-0.31976584,-0.39118692,-0.29908711,404.5999999999999,516.05,-17.026260625243317,2.652304940753866,621.0699999999999,-56.86,-37.83235110929065,5.89342157835509,-26.0,32.01643241274415,-13.78,18.18399629529341,-0.5,-58.01643241274415,8.973739374756683,-49.04269303798747
56,1.0,-0.31476089,-0.38146415,-0.29537967,474.8,508.22,-17.10523670740678,2.666637229748381,621.0699999999999,-56.86,-38.00783596385787,5.925267924500901,-26.0,37.571433785395264,-13.78,18.18399629529341,-0.5,-63.571433785395264,8.894763292593218,-54.676670492802046
56,2.0,-0.30632094,-0.36779258,-0.30735847,408.9200000000001,523.54,10.207885776273258,1.3448598406561132,383.87,-117.16,22.681922194879174,2.9882785659378843,-24.0,32.35827865106116,-12.72,11.239136744447944,0.5,-56.35827865106116,34.20788577627326,-22.150392874787904
56,2.0,-0.33661985,-0.12430208,-0.61876291,383.87,-117.16,11.512030192683786,1.806481668911468,383.87,-117.16,25.57973108814337,4.014002268321283,0.0,30.376045255264717,0.0,11.239136744447944,0.5,-30.376045255264717,11.512030192683786,-18.864015062580933
56,2.0,-0.33578447,-0.12271299,-0.61488581,390.8,-122.16,11.558511920028044,1.8136630329246768,390.8,-122.16,25.683013486302315,4.029959259158634,0.0,30.92442359589821,0.0,11.442036730482338,0.5,-30.92442359589821,11.558511920028044,-19.365911675870166
56,2.0,-0.3420161,-0.1159237,-0.57762963,430.37,86.72000000000003,11.6915251130613,1.8209769194211027,430.37,86.72000000000003,25.97856880122221,4.0462107149536894,0.0,34.05564018159344,0.0,12.600586867189572,0.5,-34.05564018159344,11.6915251130613,-22.36411506853214
56,2.0,-0.37634325,-0.04495403,-0.51861137,208.37,11.849999999999994,14.559159835324666,2.29559276775871,430.37,86.72000000000003,32.350453154091404,5.100807129959854,0.0,16.48854182363693,0.0,12.600586867189572,0.5,-16.48854182363693,14.559159835324666,-1.9293819883122634
56,2.0,-0.38117602,-0.01874495,-0.50120449,193.12,5.269999999999996,14.636637846110077,2.309446517404182,430.37,86.72000000000003,32.522609294056586,5.131590161672092,4.0,15.281792949948471,2.12,12.600586867189572,0.5,-11.281792949948471,10.636637846110077,-0.6451551038383947
56,2.0,-0.39612544,-0.00778168,-0.51130253,-66.35000000000002,20.680000000000007,14.78534222483542,2.323461221356534,430.37,86.72000000000003,32.85303042358431,5.1627308338542175,4.0,-5.250346738965833,2.12,12.600586867189572,0.5,9.250346738965833,10.78534222483542,20.035688963801253
56,2.0,-0.33243245,-0.12616678,-0.60867053,-570.08,-11.150000000000006,17.267115634833306,2.7712463932897418,-570.08,-11.150000000000006,38.36753094059961,6.157709485889804,0.0,-45.11104248605337,0.0,-16.691085719839748,0.5,45.11104248605337,17.267115634833306,62.37815812088668
56,2.0,-0.33354133,-0.11175939,-0.5970819,-512.38,-18.599999999999994,17.306288576424365,2.790898240161209,-512.38,-18.599999999999994,38.454573216814936,6.201375889638207,0.0,-40.54517953445836,0.0,-15.001716427749594,0.5,40.54517953445836,17.306288576424365,57.85146811088273
56,2.0,-0.34078926,-0.10983551,-0.6075291,-423.73,-74.04,17.416031109330056,2.810802320785027,-423.73,-74.04,38.698421124931386,6.245602756784329,0.0,-33.53020985232844,0.0,-12.406177645361522,0.5,33.53020985232844,17.416031109330056,50.946240961658496
56,3.0,-0.15961796,-0.46607593,-0.41147873,-330.25,25.52,-23.443199562505644,5.426979926060765,-330.25,25.52,-52.09078942788754,12.058749395707018,-45.0,-26.133037084302423,-23.85,-9.669223721191896,-0.5,-18.866962915697577,21.556800437494356,2.689837521796779
56,3.0,-0.15529849,-0.46988642,-0.40874642,602.45,504.63,-23.6292526030724,5.480363511619776,-330.25,25.52,-52.50419928402688,12.177367722819142,-45.0,47.67251534122028,-23.85,-9.669223721191896,-0.5,-92.67251534122028,21.3707473969276,-71.30176794429268
56,3.0,-0.15529849,-0.46988642,-0.40874642,519.0,524.47,-23.81906494188606,5.5346479419264245,-330.25,25.52,-52.92596230087083,12.297987726960518,-45.0,41.06902724224968,-23.85,-9.669223721191896,-0.5,-86.06902724224969,21.18093505811394,-64.88809218413574
56,4.0,-0.27405527,-0.09105267,-0.3199048,33.72000000000003,-68.78,15.8806009538618,2.421811940751894,,,35.28669531948092,5.381266132350708,27.0,2.668299804640964,14.31,,0.5,24.331700195359037,-11.1193990461382,13.212301149220835
56,4.0,-0.27375948,-0.09141907,-0.28388512,-50.200000000000045,-40.08,16.109113411920475,2.4371743875136644,,,35.794450001287295,5.415401489055364,30.0,-3.97237989896134,15.9,,0.5,33.97237989896134,-13.890886588079525,20.081493310881815
56,4.0,-0.2758002,-0.08839659,-0.27058733,32.82000000000005,-73.58,16.200073936213244,2.452718897059213,,,35.99656428626583,5.4499413892655735,32.0,2.5970818383249257,16.96,,0.5,29.402918161675075,-15.799926063786756,13.602992097888318
56,5.0,-0.31574103,-0.11389799,-0.39955503,-30.340000000000032,0.769999999999996,22.138266561678336,3.474411641915964,,,49.19122830004926,7.720142668337271,4.0,-2.400836775587392,2.12,,0.5,6.400836775587392,18.138266561678336,24.53910333726573
56,5.0,-0.32501441,-0.1185191,-0.39563811,50.89999999999998,-44.08,22.30688778500803,3.5038588206946883,,,49.56590465828784,7.785574299583597,0.0,4.027771650540477,0.0,,0.5,-4.027771650540477,22.30688778500803,18.279116134467554
56,5.0,-0.32126686,-0.11451219,-0.39191258,43.07000000000005,-41.33,22.477398926347007,3.533752378219873,,,49.94478041434305,7.851997784404556,4.0,3.408175343590936,2.12,,0.5,0.5918246564090639,18.477398926347007,19.06922358275607
56,6.0,-0.33807886,-0.16965333,-0.62472421,504.0,550.85,10.05091375005223,1.499334784421456,,,22.333130352616053,3.331521890984474,0.0,39.88206113698235,0.0,,0.5,-39.88206113698235,10.05091375005223,-29.83114738693012
56,6.0,-0.3405889,-0.17072082,-0.62655663,503.27,548.6,10.019042315643734,1.50555777570516,,,22.262312025360377,3.345349377616865,0.0,39.82429545319267,0.0,,0.5,-39.82429545319267,10.019042315643734,-29.805253137548934
56,6.0,-0.34148252,-0.17040551,-0.62771857,577.4000000000001,515.87,10.126157661685982,1.5118362087599977,,,22.50032232426625,3.359300055864715,0.0,45.69028194542383,0.0,,0.5,-45.69028194542383,10.126157661685982,-35.56412428373785
56,7.0,-0.36327258,-0.0954299,-0.30913788,341.95000000000005,247.4,12.23969014681687,1.4778251048188409,341.95000000000005,247.4,27.196591506227083,3.2837273829074647,11.0,27.05887064641094,5.83,10.011782139172048,0.5,-16.05887064641094,1.2396901468168693,-14.819180499594072
56,7.0,-0.36455762,-0.09394879,-0.25928748,348.92,255.87,12.22524051623233,1.485957522989855,348.92,255.87,27.164484427068235,3.3017976160834586,15.0,27.610414229991825,7.95,10.215853265096976,0.5,-12.610414229991825,-2.774759483767671,-15.385173713759496
56,7.0,-0.36347926,-0.09387597,-0.23911621,40.10000000000002,-29.41,12.349305331304636,1.4941807631033326,348.92,255.87,27.440156446158905,3.3200696556156046,15.0,3.173156054748002,7.95,10.215853265096976,0.5,11.826843945251998,-2.6506946686953636,9.176149276556634
56,8.0,-0.37135199,-0.06954364,-0.28644386,181.42,-75.65,15.506041012772467,2.411967561690238,290.64,-47.99000000000001,34.45442313038042,5.359391922075709,15.0,14.35595938783995,7.95,8.509502444594133,0.5,0.6440406121600493,0.5060410127724673,1.1500816249325165
56,8.0,-0.36585161,-0.06783409,-0.24812225,167.04999999999995,-61.8,15.593441475444951,2.4273305400072367,290.64,-47.99000000000001,34.64862695843868,5.393528459896078,22.0,13.218845858993848,11.66,8.509502444594133,0.5,8.781154141006152,-6.406558524555049,2.374595616451103
56,8.0,-0.36426267,-0.07001587,-0.23861705,290.64,-47.99000000000001,15.612945322178726,2.4428750685029463,290.64,-47.99000000000001,34.69196450588113,5.428068402213548,23.0,22.99865525565982,12.19,8.509502444594133,0.5,0.0013447443401801706,-7.387054677821274,-7.385709933481094
56,9.0,-0.30488318,-0.10635296,-0.27120733,75.42999999999995,-62.74,15.438437635059072,2.400819970623864,,,34.30420842510126,5.334621974726225,26.0,5.968856888020985,13.78,,0.5,20.031143111979013,-10.561562364940928,9.469580747038087
56,9.0,-0.3107565,-0.10354611,-0.24709508,0.9199999999999592,-40.81,15.525255524739276,2.4160454610100137,,,34.49711777597067,5.368453014364251,27.0,0.0728005877897264,14.31,,0.5,26.927199412210275,-11.474744475260724,15.452454936949549
56,9.0,-0.31443051,-0.10294216,-0.24089064,73.46000000000004,-37.94,15.543650192495598,2.4314363401497943,,,34.537990727725216,5.402651547812843,32.0,5.812968672862549,16.96,,0.5,26.18703132713745,-16.456349807504402,9.730681519633048
56,10.0,-0.38046792,-0.04325857,-0.33385164,74.90999999999997,-81.75,18.279480881117625,2.918003765041973,,,40.617006517843365,6.483804365923263,15.0,5.927708729705052,7.95,,0.5,9.072291270294947,3.2794808811176246,12.351772151412572
56,10.0,-0.38558108,-0.03303241,-0.28527814,87.52999999999997,-48.05,18.331321432092665,2.939732777286933,,,40.7321962221099,6.532086231131565,26.0,6.926342879603301,13.78,,0.5,19.0736571203967,-7.668678567907335,11.404978552489364
56,10.0,-0.38203993,-0.02779857,-0.24967836,1075.64,854.47,18.453580614130384,2.961753916865552,,,41.00385612459771,6.581017203275255,29.0,67.88021762802818,15.37,,0.5,-38.88021762802818,-10.546419385869616,-49.42663701389779
56,11.0,-0.41176257,-0.0828022,-0.44064397,627.8499999999999,-23.739999999999995,23.190403209829206,3.8560281731617714,627.8499999999999,-23.739999999999995,51.529075932240495,8.568094600765455,0.0,49.68244461280628,0.0,18.38250450673832,0.5,-49.68244461280628,23.190403209829206,-26.492041402977073
56,11.0,-0.41514665,-0.08240249,-0.44344851,677.05,-37.67,23.384377259398736,3.891554879994647,677.05,-37.67,51.96008627038399,8.647034943348107,0.0,52.109790298077975,0.0,19.28062241028885,0.5,-52.109790298077975,23.384377259398736,-28.72541303867924
56,11.0,-0.40681705,-0.07449265,-0.44388708,331.15,453.13,23.581637033338925,3.927655794357488,677.05,-37.67,52.39839748807909,8.727251175062335,0.0,26.204255050618457,0.0,19.28062241028885,0.5,-26.204255050618457,23.581637033338925,-2.6226180172795317
56,11.0,-0.12470247,0.17880085,-0.45004347,711.0899999999999,-117.8,26.63510974622634,4.4970746696281125,711.0899999999999,-117.8,59.18321385611493,9.992499915913664,-31.0,53.45660117218797,-16.43,19.77894243370955,0.5,-84.45660117218797,57.63510974622634,-26.821491425961632
56,11.0,-0.11462776,0.1854551,-0.44560108,743.97,-119.73,26.95679723013049,4.542790936687513,743.97,-119.73,59.89800344534996,10.094081461319654,-39.0,54.75751602356097,-20.67,20.26028092871756,0.5,-93.75751602356097,65.95679723013049,-27.800718793430477
56,11.0,-0.10698021,0.19692518,-0.45237678,437.89,387.29,27.21377824832169,4.589245544288589,743.97,-119.73,60.46901526777081,10.19730359940925,-45.0,34.65070585570079,-23.85,20.26028092871756,0.5,-79.65070585570079,72.21377824832169,-7.436927607379101
56,11.0,-0.16257784,0.0812074,-0.25325915,149.89,438.79,38.44136578107543,6.370853659973562,743.97,-119.73,85.41671476554961,14.15603683246126,-45.0,11.86095663456802,-23.85,20.26028092871756,0.5,-56.86095663456802,83.44136578107543,26.580409146507414
56,11.0,-0.17720653,0.06693874,-0.27830935,912.05,425.41,38.98789956113478,6.443092565554622,743.97,-119.73,86.63111282484148,14.316551680662371,-45.0,61.40769145600541,-23.85,20.26028092871756,0.5,-106.40769145600541,83.98789956113478,-22.419791894870627
56,11.0,-0.21824168,0.03879927,-0.34259114,1079.87,391.53,39.544991367973694,6.516008587872676,743.97,-119.73,87.86897081963755,14.47857108225309,27.0,68.04757984887085,14.31,20.26028092871756,0.5,-41.04757984887085,12.544991367973694,-28.50258848089716
56,12.0,-0.35809085,-0.05080975,-0.2986514,682.3900000000001,-561.2,17.139455498776275,2.694595109567767,,,38.083870118280885,5.98739033345958,26.0,52.32107026481556,13.78,,0.5,-26.32107026481556,-8.860544501223725,-35.18161476603929
56,12.0,-0.34774476,-0.04808157,-0.25805438,823.2,657.22,17.2455248255675,2.7133706082272173,,,38.31955616241098,6.029109491480877,29.0,57.89229350757199,15.37,,0.5,-28.892293507571992,-11.7544751744325,-40.64676868200449
56,12.0,-0.34565866,-0.05205758,-0.24860075,95.41999999999996,-33.97999999999999,17.35312314553177,2.7323849841365764,,,38.5586396293716,6.071359434751475,32.0,7.550687050973916,16.96,,0.5,24.449312949026083,-14.646876854468228,9.802436094557855
56,13.0,-0.34827235,-0.16205607,-0.61050272,59.39999999999998,193.69,-4.844988076411834,0.9503180845863012,278.84000000000003,-24.97,-10.765563505787096,2.1116067839507613,0.0,4.700385776858632,0.0,8.164016176887657,-0.5,-4.700385776858632,-4.844988076411834,-9.545373853270466
56,13.0,-0.34922659,-0.1606382,-0.60887992,51.13999999999999,193.87,-4.0333133520148925,0.9527788164971032,278.84000000000003,-24.97,-8.96202226817709,2.117074530256564,0.0,4.046763108224756,0.0,8.164016176887657,-0.5,-4.046763108224756,-4.0333133520148925,-8.080076460239649
56,13.0,-0.35242125,-0.15626219,-0.60557145,0.0,0.0,-3.25890590244032,0.9548278438801124,278.84000000000003,-24.97,-7.24128891522239,2.12162746910161,0.0,0.0,0.0,8.164016176887657,-0.5,0.0,-3.25890590244032,-3.25890590244032
56,13.0,-0.35130134,-0.14484915,-0.61109966,96.09000000000005,-3.050000000000012,7.691768751754674,1.0803945800812622,278.84000000000003,-24.97,17.091110166398884,2.400636756940565,0.0,7.603704870342529,0.0,8.164016176887657,0.5,-7.603704870342529,7.691768751754674,0.08806388141214505
56,13.0,-0.34961236,-0.14847864,-0.61055815,95.13,-37.28,7.666264504590371,1.084083453103653,278.84000000000003,-24.97,17.034439729199804,2.408833432796317,0.0,7.527739039605417,0.0,8.164016176887657,0.5,-7.527739039605417,7.666264504590371,0.1385254649849541
56,13.0,-0.36130762,-0.14882287,-0.6139279,96.57000000000004,-36.94999999999999,7.575016864193778,1.087116694573414,278.84000000000003,-24.97,16.831687472238574,2.415573295342125,0.0,7.641687785711086,0.0,8.164016176887657,0.5,-7.641687785711086,7.575016864193778,-0.06667092151730802
56,13.0,-0.35631314,-0.14914021,-0.60422122,28.44000000000005,-69.17,8.607409080226889,1.2842028962386598,278.84000000000003,-24.97,19.125662976264145,2.853498835442302,0.0,2.2504877355868653,0.0,8.164016176887657,0.5,-2.2504877355868653,8.607409080226889,6.356921344640023
56,13.0,-0.35647181,-0.15048149,-0.59894145,36.13999999999999,-63.71,8.537369103865588,1.2898166216651856,278.84000000000003,-24.97,18.97003414878934,2.8659725333400417,0.0,2.859797002957424,0.0,8.164016176887657,0.5,-2.859797002957424,8.537369103865588,5.677572100908164
56,13.0,-0.35907423,-0.15165529,-0.60592681,43.88999999999999,-65.41,8.494225596134404,1.2940535315189323,278.84000000000003,-24.97,18.874169274610647,2.875386947035068,0.0,3.473062824012212,0.0,8.164016176887657,0.5,-3.473062824012212,8.494225596134404,5.021162772122192
56,13.0,-0.39338803,-0.36454985,-0.58039677,278.84000000000003,-24.97,9.945544780520953,1.5265489364523024,278.84000000000003,-24.97,22.09900050231756,3.391991736797016,-31.0,22.064908586182856,-16.43,8.164016176887657,0.5,-53.06490858618285,40.945544780520954,-12.119363805661903
56,13.0,-0.39351463,-0.35744166,-0.58318228,292.26,-9.519999999999996,9.96765455184083,1.5337366426451142,292.26,-9.519999999999996,22.148128414190325,3.407962819957444,-31.0,23.12684759502869,-16.43,8.556933610160614,0.5,-54.12684759502869,40.96765455184083,-13.159193043187859
56,13.0,-0.38576064,-0.35610223,-0.59034461,256.33000000000004,-18.230000000000004,9.952553610949629,1.5396670896952624,256.33000000000004,-18.230000000000004,22.11457412353008,3.421140273302873,-31.0,20.28366811754501,-16.43,7.504957203491655,0.5,-51.283668117545005,40.95255361094963,-10.33111450659538
56,13.0,-0.42798105,-0.07238169,-0.2410624,464.87,-77.12,11.51766950011649,1.7490759826165163,464.87,-77.12,25.59226162925884,3.886446833373899,15.0,36.7856622237083,7.95,13.61069502277207,0.5,-21.7856622237083,-3.48233049988351,-25.26799272359181
56,13.0,-0.43112031,-0.07299054,-0.23552519,453.75,-75.54,11.562519929437938,1.756726434129149,453.75,-75.54,25.6919192832111,3.903446136634969,13.0,35.90572468433679,6.890000000000001,13.285118133204612,0.5,-22.90572468433679,-1.4374800705620618,-24.34320475489885
56,13.0,-0.43718556,-0.07522734,-0.23062263,439.98,-83.06,11.62238602545445,1.767028919494579,439.98,-83.06,25.824941748559787,3.926338259116955,13.0,34.81608979970138,6.890000000000001,12.88195322588951,0.5,-21.81608979970138,-1.3776139745455502,-23.19370377424693
56,13.0,-0.36721772,-0.02910084,-0.30780676,2.1000000000000227,-54.53,16.993409017028583,2.869175621453413,439.98,-83.06,37.75935483583751,6.375308230869484,27.0,0.1661752547374282,14.31,12.88195322588951,0.5,26.83382474526257,-10.006590982971417,16.827233762291154
56,13.0,-0.3716509,-0.02304463,-0.27389678,81.96000000000004,-49.36,17.168628826500996,2.888469917739136,439.98,-83.06,38.14869325248521,6.418180157216362,29.0,6.485582799180704,15.37,12.88195322588951,0.5,22.514417200819295,-11.831371173499004,10.683046027320291
56,13.0,-0.36923811,-0.02508624,-0.27396071,82.59000000000003,-53.2,17.35821039700102,2.907993019011552,439.98,-83.06,38.56994350213627,6.461560488243666,30.0,6.535435375601931,15.9,12.88195322588951,0.5,23.46456462439807,-12.64178960299898,10.822775021399089
56,14.0,-0.39708579,-0.03478388,-0.24740949,8.110000000000014,-0.3799999999999954,14.878399775190978,2.3739702055349454,,,33.059804300474354,5.274961796698648,26.0,0.6417530075812051,13.78,,0.5,25.358246992418795,-11.121600224809022,14.236646767609773
56,14.0,-0.39888814,-0.03410678,-0.24304301,20.67999999999995,-68.33,15.036264494177546,2.3890928239839075,,,33.41057970606251,5.308564254892241,26.0,1.636430603795224,13.78,,0.5,24.363569396204777,-10.963735505822454,13.399833890382322
56,14.0,-0.39918661,-0.03326251,-0.23826389,35.35000000000002,-41.8,15.150447676157286,2.4043949330171825,,,33.66429473642149,5.342565541164179,27.0,2.7972834547466805,14.31,,0.5,24.20271654525332,-11.849552323842714,12.353164221410605
56,15.0,-0.42448014,-0.06003865,-0.41204369,437.0,-50.44,13.95059044670652,2.309134977696389,437.0,-50.44,30.99821197258189,5.130897920441377,4.0,34.5802792001216,2.12,12.794703304044992,0.5,-30.580279200121602,9.95059044670652,-20.62968875341508
56,15.0,-0.42245138,-0.05979646,-0.41416013,315.48,-137.14,14.017907560877164,2.324966937286481,315.48,-137.14,31.14779060026905,5.166076534650562,4.0,24.964271125982524,2.12,9.236780316613531,0.5,-20.964271125982524,10.017907560877164,-10.94636356510536
56,15.0,-0.4204095,-0.0601937,-0.41579488,326.67999999999995,-145.63,14.088015411008076,2.338078087872314,326.67999999999995,-145.63,31.303570243259944,5.195209511252282,4.0,25.8505391512488,2.12,9.564699485962054,0.5,-21.8505391512488,10.088015411008076,-11.762523740240724
56,16.0,-0.2593188,-0.08226953,-0.30074006,576.9000000000001,-98.43,17.324605780853428,2.9837261674362727,576.9000000000001,-98.43,38.49527404505632,6.629839544043399,30.0,45.65071640858158,15.9,16.890765071175185,0.5,-15.65071640858158,-12.675394219146572,-28.326110627728152
56,16.0,-0.26243389,-0.08153065,-0.30868822,583.19,-106.29,17.433314858648785,3.0066975946498324,583.19,-106.29,38.7368256159176,6.68088205531193,30.0,46.14845086205703,15.9,17.0749268189611,0.5,-16.148450862057032,-12.566685141351215,-28.715136003408247
56,16.0,-0.26298305,-0.0818646,-0.31200239,583.1400000000001,-108.27,17.541131977787447,3.027646577666946,583.1400000000001,-108.27,38.976395254643705,6.727430695575954,30.0,46.14449430837279,15.9,17.073462894097933,0.5,-16.144494308372792,-12.458868022212553,-28.603362330585345
56,16.0,-0.25492436,-0.44882888,-0.31533223,-445.79,-189.59,32.26558000885487,5.786057945293022,-445.79,-189.59,71.69411877967552,12.856620754441096,-39.0,-35.27584133780825,-20.67,-13.052061294989054,0.5,-3.7241586621917477,71.26558000885487,67.54142134666313
56,16.0,-0.25044653,-0.44681507,-0.31890491,-445.53,-189.96,32.62941303926819,5.861354589169638,-445.53,-189.96,72.5025557732539,13.023929897134934,-42.0,-35.255267258650285,-22.26,-13.044448885700604,0.5,-6.744732741349715,74.62941303926819,67.88468029791846
56,16.0,-0.24331905,-0.43353352,-0.33601901,-258.89,-136.32999999999998,33.14981110746169,5.923902789047872,-258.89,-136.32999999999998,73.65888028077987,13.162911997264374,-39.0,-20.486243666177295,-20.67,-7.5799101564856,0.5,-18.513756333822705,72.14981110746169,53.63605477363898
56,17.0,-0.22582528,-0.08472843,-0.3840979,361.1199999999999,114.25,12.921772884499267,1.6881857302630523,361.1199999999999,114.25,28.71217934935737,3.7511486926445023,40.0,28.57581332894258,21.200000000000003,10.573050931708757,0.5,11.42418667105742,-27.07822711550073,-15.654040444443313
56,17.0,-0.22613575,-0.08464042,-0.38466209,137.15999999999997,-164.32999999999998,12.981253540722223,1.6977508523498006,361.1199999999999,114.25,28.844345367484785,3.772402393921258,39.0,10.85361806656448,20.67,10.573050931708757,0.5,28.14638193343552,-26.01874645927778,2.127635474157744
56,17.0,-0.22725379,-0.08333477,-0.38590151,156.76,-174.64,13.045153647998127,1.7095847470016583,361.1199999999999,114.25,28.98633140585184,3.798697307837685,39.0,12.404587110780462,20.67,10.573050931708757,0.5,26.59541288921954,-25.954846352001873,0.6405665372176657
56,18.0,-0.16048262,-0.37584877,-0.35017312,-470.53,-147.01,-18.870686451547883,2.9682558518347246,-470.53,-147.01,-41.9306652953394,6.595464502776757,-45.0,-37.2335441007625,-23.85,-13.776411317282124,-0.5,-7.766455899237499,26.129313548452117,18.362857649214618
56,18.0,-0.1621549,-0.37571377,-0.34978974,-477.0,-149.57,-19.012613508121007,2.98824838846666,-477.0,-149.57,-42.24602721504488,6.639887919172921,-45.0,-37.74552214750115,-23.85,-13.965843194575426,-0.5,-7.254477852498852,25.987386491878993,18.732908639380142
56,18.0,-0.16013806,-0.37626678,-0.35318893,-486.85,-146.04,-19.12528325597911,3.0130307801399496,-486.85,-146.04,-42.49637939478558,6.694954393470969,-45.0,-38.52496322329336,-23.85,-14.254236392618544,-0.5,-6.475036776706638,25.87471674402089,19.399679967314253
56,18.0,-0.14169724,-0.40186369,-0.4475323,527.0699999999999,518.25,-34.398087979112674,5.569330013314341,-486.85,-146.04,-76.43255148958836,12.375051289584462,-45.0,41.70761500688349,-23.85,-14.254236392618544,-0.5,-86.70761500688349,10.601912020887326,-76.10570298599617
56,18.0,-0.14035736,-0.40344521,-0.44311607,106.95000000000005,727.35,-34.741128348292904,5.623419275489194,-486.85,-146.04,-77.19478718990683,12.495237630136993,-45.0,8.463068330556078,-23.85,-14.254236392618544,-0.5,-53.46306833055608,10.258871651707096,-43.20419667884898
56,18.0,-0.14176561,-0.40191168,-0.44742155,629.3599999999999,77.75,-35.23705680950647,5.690333378624432,629.3599999999999,77.75,-78.29674023072337,12.643920767303484,-45.0,49.80193253406986,-23.85,18.42671503760585,-0.5,-94.80193253406986,9.76294319049353,-85.03898934357633
56,19.0,-0.22233595,-0.12988493,-0.36477593,334.8900000000001,-33.64,15.484390875279084,3.0128513916920383,334.8900000000001,-33.64,34.40631652487013,6.69455579233971,29.0,26.50020526619846,15.37,9.80507594849343,0.5,2.49979473380154,-13.515609124720916,-11.015814390919376
56,19.0,-0.22063316,-0.13506296,-0.3671931,421.0899999999999,-29.56,15.584035139441266,3.034979059294756,421.0899999999999,-29.56,34.62772607983849,6.743723469752949,22.0,33.32130381780137,11.66,12.328882412586507,0.5,-11.321303817801372,-6.415964860558734,-17.737268678360106
56,19.0,-0.21709204,-0.13686508,-0.36611325,364.31,-34.010000000000005,15.62618388192875,3.057419720602782,364.31,-34.010000000000005,34.72138058564568,6.793586619179383,22.0,28.828241453996103,11.66,10.666449337978555,0.5,-6.828241453996103,-6.37381611807125,-13.202057572067353
56,20.0,-0.1764313,-0.1169717,-0.33782366,644.24,-195.66,-14.777050057097997,2.214782109082301,644.24,-195.66,-32.83460522687175,4.921245846380872,32.0,50.811645034283934,16.96,18.80030866268505,-0.5,-18.811645034283934,-46.777050057097995,-65.58869509138194
56,20.0,-0.17816032,-0.11787905,-0.33830118,657.8199999999999,-200.24,-14.94844245487835,2.2291296540556447,657.8199999999999,-200.24,-33.2154391347397,4.953126091311644,32.0,51.34894502460161,16.96,18.9991096591026,-0.5,-19.348945024601612,-46.94844245487835,-66.29738747947997
56,20.0,-0.17861469,-0.11695943,-0.33656573,-522.5,-139.5,-15.027027173056716,2.2423277279972096,-522.5,-139.5,-33.39005437853202,4.982452211609799,32.0,-41.34598600014539,16.96,-15.298014820053794,-0.5,73.34598600014539,-47.027027173056716,26.31895882708867
56,20.0,-0.1492084,-0.33286279,-0.36711803,-177.27999999999997,-54.08,-18.13778027485795,2.7968604706825246,-522.5,-139.5,-40.302147770734365,6.214623965856568,-42.0,-14.028356742786167,-22.26,-15.298014820053794,-0.5,-27.971643257213834,23.86221972514205,-4.109423532071782
56,20.0,-0.15198475,-0.32926142,-0.36441299,-234.49,-52.56999999999999,-18.253043208607984,2.81685035324229,-522.5,-139.5,-40.55826200952694,6.259041484904369,-42.0,-18.555445468275774,-22.26,-15.298014820053794,-0.5,-23.444554531724226,23.746956791392016,0.3024022596677902
56,20.0,-0.15233757,-0.32888338,-0.36355424,-218.62,-49.19,-18.38134814935253,2.835068898992943,-522.5,-139.5,-40.84335558786132,6.299523093562318,-42.0,-17.299635328902937,-22.26,-15.298014820053794,-0.5,-24.700364671097063,23.61865185064747,-1.0817128204495923
56,21.0,-0.14431325,-0.37527254,-0.40039909,-579.13,178.23000000000002,-26.552666500683124,3.8443054048903615,-579.13,178.23000000000002,-59.0000249645179,8.542046609666382,-45.0,-45.82717870289799,-23.85,-16.956056120072255,-0.5,0.8271787028979887,18.447333499316876,19.274512202214865
56,21.0,-0.14290974,-0.3726956,-0.39768565,-705.27,-134.74,-26.913812387264,3.882191632641728,-705.27,-134.74,-59.80249112450061,8.62622980772992,-45.0,-53.22632974776612,-23.85,-19.693742006673464,-0.5,8.226329747766123,18.086187612736,26.312517360502124
56,21.0,-0.14079475,-0.37051085,-0.39670393,-718.51,-148.09,-27.099515872061925,3.917154186909455,-718.51,-148.09,-60.2151242677216,8.703916603312809,-45.0,-53.75017745555743,-23.85,-19.887565658556248,-0.5,8.750177455557427,17.900484127938075,26.650661583495502
56,22.0,-0.18284449,-0.14233302,-0.33191672,-467.63,-108.19,15.886667274256553,2.4189878750260485,-467.63,-108.19,35.300174683398055,5.374991058307879,32.0,-37.00406398707749,16.96,-13.691503675218671,0.5,69.00406398707749,-16.113332725743447,52.89073126133404
56,22.0,-0.18637812,-0.14035304,-0.33355343,-443.84,-98.53,15.9338061344624,2.43629196090404,-443.84,-98.53,35.40491723077545,5.413440737128777,38.0,-35.121535744123506,20.14,-12.994968225325698,0.5,73.1215357441235,-22.0661938655376,51.05534187858591
56,22.0,-0.18832648,-0.14046752,-0.3360647,-403.88,-148.8,16.085385427684788,2.4506183384012905,-403.88,-148.8,35.7417264203156,5.445273947927667,38.0,-31.959458039691327,20.14,-11.824999474685791,0.5,69.95945803969133,-21.914614572315212,48.04484346737611
56,23.0,-0.18137166,-0.38042036,-0.43391177,0.0,0.0,-13.112201880484587,1.9550425978485304,-645.69,-159.25,-29.13531257843676,4.344104652419436,-37.0,0.0,-19.61,-18.82153557320092,-0.5,-37.0,23.887798119515413,-13.112201880484587
56,23.0,-0.16043362,-0.38559425,-0.40487814,0.0,0.0,-13.242857112445078,1.9653403686327,-645.69,-159.25,-29.425628503852963,4.36698629910186,-45.0,0.0,-23.85,-18.82153557320092,-0.5,-45.0,31.75714288755492,-13.242857112445078
56,23.0,-0.15016544,-0.38781258,-0.39115912,-645.69,-159.25,-13.305100155486253,1.975745000501055,-645.69,-159.25,-29.56393254549045,4.3901053911133445,-45.0,-50.8690150627052,-23.85,-18.82153557320092,-0.5,5.869015062705202,31.69489984451375,37.56391490721895
56,23.0,-0.28590277,-0.37603363,-0.29288229,-435.9,-84.02,-16.284365274984545,2.528862852125612,-435.9,-84.02,-36.18385964101566,5.619133257423108,-26.0,-34.49323501906866,-13.78,-12.762496957055406,-0.5,8.493235019068663,9.715634725015455,18.20886974408412
56,23.0,-0.28033125,-0.37436926,-0.28234372,-353.03,-49.400000000000006,-16.38041906956696,2.5454880197519856,-353.03,-49.400000000000006,-36.39729117257778,5.656074379888912,-26.0,-27.93564294283507,-13.78,-10.336187888848976,-0.5,1.93564294283507,9.619580930433042,11.555223873268112
56,23.0,-0.28425863,-0.36900395,-0.29849243,-71.39999999999998,-14.620000000000005,-16.545119855011773,2.5623042258015047,-353.03,-49.400000000000006,-36.76325631783616,5.693439989730944,-24.0,-5.649958661072497,-12.72,-10.336187888848976,-0.5,-18.350041338927504,7.454880144988227,-10.895161193939277
56,24.0,-0.30198684,-0.22542141,-0.27744633,325.57000000000005,-5.349999999999994,4.237788004170703,1.2645517900372347,325.57000000000005,-5.349999999999994,9.416364945267302,2.8098340774627357,-1.0,25.762703659459014,-0.53,9.532200353999835,0.5,-26.762703659459014,5.237788004170703,-21.52491565528831
56,24.0,-0.30392769,-0.22459778,-0.27022526,244.17,-47.73,4.20058905101665,1.269183627828414,325.57000000000005,-5.349999999999994,9.333708871358995,2.8201260210347354,-1.0,19.321434261541626,-0.53,9.532200353999835,0.5,-20.321434261541626,5.20058905101665,-15.120845210524976
56,24.0,-0.3057591,-0.22489432,-0.26799408,293.23,-69.72,4.255694524853689,1.2743204795211167,293.23,-69.72,9.456153234224896,2.8315401054959213,1.0,23.203604736502648,0.53,8.58533375250598,0.5,-22.203604736502648,3.2556945248536886,-18.94791021164896
56,25.0,-0.35118613,-0.1484323,-0.6036917,-736.75,-204.75,11.069782580446155,1.9059603309500737,-736.75,-204.75,24.59705689375136,4.235043855371066,0.0,-54.471852847559965,0.0,-20.154585553597187,0.5,54.471852847559965,11.069782580446155,65.54163542800612
56,25.0,-0.34809709,-0.14781564,-0.59996498,84.88999999999999,-20.289999999999992,11.13634759682306,1.9140018651434956,-736.75,-204.75,24.74496436014084,4.252912144348846,0.0,6.717436845076252,0.0,-20.154585553597187,0.5,-6.717436845076252,11.13634759682306,4.418910751746807
56,25.0,-0.35005966,-0.14801776,-0.6071046,153.09000000000003,14.740000000000007,11.105340923913774,1.922102993016968,-736.75,-204.75,24.676067532936404,4.270912850483702,0.0,12.11417607035839,0.0,-20.154585553597187,0.5,-12.11417607035839,11.105340923913774,-1.008835146444616
56,25.0,-0.35120252,-0.15192467,-0.60965854,-59.23000000000002,-43.06999999999999,11.978708356332016,2.024748811786429,-736.75,-204.75,26.61668996776974,4.498991859789445,0.0,-4.686933494332272,0.0,-20.154585553597187,0.5,4.686933494332272,11.978708356332016,16.665641850664286
56,25.0,-0.35198388,-0.14885662,-0.61610961,13.91999999999996,-3.5600000000000023,12.031752062357585,2.0346878682157152,-736.75,-204.75,26.73455308255855,4.521076443175319,0.0,1.1015045456880803,0.0,-20.154585553597187,0.5,-1.1015045456880803,12.031752062357585,10.930247516669505
56,25.0,-0.35104528,-0.14963457,-0.6124773,-21.309999999999945,-111.42,12.126098906735288,2.04288335643741,-736.75,-204.75,26.94419177076581,4.539286818003925,0.0,-1.6862831802164515,0.0,-20.154585553597187,0.5,1.6862831802164515,12.126098906735288,13.81238208695174
56,25.0,-0.35896569,-0.15026587,-0.60349882,50.79999999999996,-35.61,12.589104586988755,2.10986093179712,-736.75,-204.75,27.972990392289017,4.6881109904532,0.0,4.019858543172028,0.0,-20.154585553597187,0.5,-4.019858543172028,12.589104586988755,8.569246043816726
56,25.0,-0.35892719,-0.14890029,-0.6030736,91.69000000000004,25.90000000000001,12.71281237257357,2.1186453501624234,-736.75,-204.75,28.247869091858476,4.707629968060903,0.0,7.255528146130782,0.0,-20.154585553597187,0.5,-7.255528146130782,12.71281237257357,5.457284226442788
56,25.0,-0.35315382,-0.15011539,-0.60037112,137.01999999999998,99.51,12.769617834668736,2.128499459878171,-736.75,-204.75,28.37409082863393,4.729525799849295,0.0,10.842539716248652,0.0,-20.154585553597187,0.5,-10.842539716248652,12.769617834668736,1.9270781184200843
56,25.0,-0.32819167,-0.07883301,-0.51961684,614.6700000000001,-142.62,22.578039126975646,3.841698872737728,614.6700000000001,-142.62,50.168402940139885,8.53625489522323,0.0,48.639497061644725,0.0,17.99661391280855,0.5,-48.639497061644725,22.578039126975646,-26.06145793466908
56,25.0,-0.29325312,-0.06206883,-0.4308688,647.1099999999999,-120.18,22.687738129833576,3.870707707073612,647.1099999999999,-120.18,50.41215412449021,8.600712525117565,4.0,50.925198125021176,2.12,18.842323306257835,0.5,-46.925198125021176,18.687738129833576,-28.2374599951876
56,25.0,-0.27279869,-0.04949538,-0.35493705,667.48,-142.66,22.821429887396608,3.9030575825578255,667.48,-142.66,50.70921720979526,8.672593948443492,35.0,51.7311481104977,18.55,19.140524800884148,0.5,-16.7311481104977,-12.178570112603392,-28.90971822310109
56,26.0,-0.32213983,-0.21767497,-0.67456073,305.8800000000001,-112.2,18.199290111669736,3.1324581692424367,305.8800000000001,-112.2,40.43882262813016,6.960322052056693,-21.0,24.20461281861144,-11.13,8.955706742886232,0.5,-45.20461281861144,39.19929011166974,-6.005322706941705
56,26.0,-0.32799906,-0.21711615,-0.66832823,320.20000000000005,-133.21,18.304696089594305,3.1508113323173514,320.20000000000005,-133.21,40.67303471107854,7.001102780409156,-21.0,25.33776979377331,-11.13,9.374974823696125,0.5,-46.33776979377331,39.3046960895943,-7.033073704179007
56,26.0,-0.32973439,-0.20659383,-0.65290618,161.45000000000005,-155.06,18.46714481863194,3.17141265861638,320.20000000000005,-133.21,41.03399578700017,7.046878927445597,0.0,12.775711846360718,0.0,9.374974823696125,0.5,-12.775711846360718,18.46714481863194,5.6914329722712225
56,26.0,-0.28144884,-0.09183366,-0.34409937,59.24000000000001,-94.94,20.09417421906596,3.3936859784711704,320.20000000000005,-133.21,44.64925511476456,7.540770244162939,32.0,4.6877248050691165,16.96,9.374974823696125,0.5,27.312275194930884,-11.905825780934041,15.406449413996842
56,26.0,-0.26940814,-0.0849604,-0.3004694,124.41999999999996,-88.01,20.219376518759372,3.414817467120921,320.20000000000005,-133.21,44.927454624683335,7.587724411942688,38.0,9.84548818782409,20.14,9.374974823696125,0.5,28.15451181217591,-17.780623481240628,10.373888330935282
56,26.0,-0.26900205,-0.08139608,-0.28546536,151.96000000000004,-79.21,20.36024818924904,3.4385616259228176,320.20000000000005,-133.21,45.24047147651137,7.640483932800503,38.0,12.024757957094918,20.14,9.374974823696125,0.5,25.97524204290508,-17.63975181075096,8.335490232154124
56,27.0,-0.28648561,-0.04528811,-0.27775559,176.54999999999995,-115.22,19.415476793801133,3.328326750737167,739.6099999999999,-75.33,43.14118943582612,7.395542040137986,37.0,13.970591058996492,19.61,20.19645380468365,0.5,23.02940894100351,-17.584523206198867,5.444885734804641
56,27.0,-0.28701419,-0.04560491,-0.27534947,184.13,-94.17,19.602591282487957,3.3510749547581966,739.6099999999999,-75.33,43.55695782968823,7.446088549472716,38.0,14.57040459752492,20.14,20.19645380468365,0.5,23.42959540247508,-18.397408717512043,5.032186684963037
56,27.0,-0.28637466,-0.05084664,-0.27364379,739.6099999999999,-75.33,19.704997685719725,3.371788970796727,739.6099999999999,-75.33,43.784504857669226,7.492115093110328,41.0,54.58501028292879,21.73,20.19645380468365,0.5,-13.585010282928792,-21.295002314280275,-34.88001259720907
56,28.0,-0.24046977,-0.39336729,-0.30275679,-507.03,-237.94,-18.376013560102017,2.2437058110123616,-507.03,-237.94,-40.83150213054668,4.985514312069469,-33.0,-40.12182829024634,-17.490000000000002,-14.845076467391149,-0.5,7.1218282902463415,14.623986439897983,21.745814730144325
56,28.0,-0.2371204,-0.39226782,-0.30012372,-435.44,-208.52,-18.489973818609208,2.2576186147864448,-435.44,-208.52,-41.08472182494966,5.016428562055481,-34.0,-34.4568347251738,-18.02,-12.749028848314303,-0.5,0.456834725173799,15.510026181390792,15.966860906564591
56,28.0,-0.23951589,-0.39419726,-0.30147266,-461.59,-205.41,-18.623007054763622,2.270273255712681,-461.59,-205.41,-41.38032167568477,5.044547174193578,-34.0,-36.52611230202317,-18.02,-13.514661551748574,-0.5,2.526112302023172,15.376992945236378,17.90310524725955
56,29.0,-0.29309535,-0.05376378,-0.27639192,398.13,157.73000000000002,19.154473315555368,3.233500466562182,398.13,157.73000000000002,42.56123970716403,7.184838036701169,38.0,31.50445436600552,20.14,11.656648115422042,0.5,6.495545633994482,-18.845526684444632,-12.34998105045015
56,29.0,-0.2902084,-0.05912606,-0.2633726,408.66,156.20999999999998,19.347545582350996,3.255105681374296,408.66,156.20999999999998,42.99024628398391,7.232844824013686,41.0,32.33770457190318,21.73,11.964950691604177,0.5,8.662295428096819,-21.652454417649004,-12.990158989552185
56,29.0,-0.28957212,-0.05961771,-0.26402783,512.68,-32.459999999999994,19.489457941186508,3.2791648741933432,512.68,-32.459999999999994,43.30557554531642,7.286304350457609,41.0,40.56891885656371,21.73,15.010499976928571,0.5,0.43108114343628756,-21.510542058813492,-21.079460915377204
56,30.0,-0.27681503,-0.02627768,-0.29757673,460.02,531.72,20.2852464925671,3.608862132041601,567.3800000000001,-29.959999999999997,45.0738177064841,8.018891657396438,45.0,36.401876516338525,23.85,16.612033777228945,0.5,8.598123483661475,-24.7147535074329,-16.116630023771425
56,30.0,-0.2750105,-0.02973697,-0.28490993,473.92,537.25,20.402904369145123,3.6325669253596473,567.3800000000001,-29.959999999999997,45.33525350824046,8.071563708149135,45.0,37.501798440552925,23.85,16.612033777228945,0.5,7.498201559447075,-24.597095630854877,-17.098894071407802
56,30.0,-0.27339986,-0.033765,-0.27825987,567.3800000000001,-29.959999999999997,20.505123712031786,3.659254320057809,567.3800000000001,-29.959999999999997,45.562384888134616,8.130863099168451,45.0,44.89738858710525,23.85,16.612033777228945,0.5,0.10261141289475262,-24.494876287968214,-24.39226487507346
56,31.0,-0.33977324,-0.02828623,-0.2411657,597.6400000000001,-82.77,18.584416509909257,5.1979670422468205,597.6400000000001,-82.77,41.29457348501837,11.549882767872434,35.0,47.29189487679788,18.55,17.498001104415213,0.5,-12.291894876797883,-16.415583490090743,-28.707478366888626
56,31.0,-0.34490409,-0.02518442,-0.23201652,539.81,-77.37,18.70796573937426,5.231416793188183,539.81,-77.37,41.5690998728896,11.624208114464144,38.0,42.71574488562389,20.14,15.804825607680836,0.5,-4.7157448856238915,-19.29203426062574,-24.007779146249632
56,31.0,-0.34881136,-0.02572699,-0.23491493,553.06,-72.92,18.853588503565785,5.261846078654647,553.06,-72.92,41.89267365492317,11.691821986770623,38.0,43.76423161194336,20.14,16.19276569641904,0.5,-5.764231611943359,-19.146411496434215,-24.910643108377574
56,32.0,-0.31796607,-0.02605783,-0.26993683,366.28,-82.08,19.113634625551903,3.33487946425422,366.28,-82.08,42.470496137976326,7.410102169572877,38.0,28.984129669154548,20.14,10.724127977587182,0.5,9.015870330845452,-18.886365374448097,-9.870495043602645
56,32.0,-0.32025152,-0.02099716,-0.26107806,436.3399999999999,-6.950000000000003,19.17868538242709,3.3578136390933158,436.3399999999999,-6.950000000000003,42.615038919753,7.461061906065346,41.0,34.528052691489826,21.73,12.775379495851237,0.5,6.471947308510174,-21.82131461757291,-15.349367309062735
56,32.0,-0.3264581,-0.0271154,-0.27441469,379.1400000000001,323.59000000000003,19.351162658255657,3.3810215065210407,436.3399999999999,-6.950000000000003,42.99828342664407,7.51262978748975,39.0,30.00175527673708,20.67,12.775379495851237,0.5,8.998244723262921,-19.648837341744343,-10.650592618481422
56,33.0,-0.31516939,-0.05936909,-0.31455749,270.57000000000005,-77.08,18.49677765094476,3.1534903671453103,270.57000000000005,-77.08,41.09983994039926,7.007055595796878,29.0,21.410494606812133,15.37,7.921883004520489,0.5,7.589505393187867,-10.503222349055239,-2.913716955867372
56,33.0,-0.30858928,-0.0521568,-0.27688253,297.21000000000004,-91.48,18.551140952274785,3.174191506199616,297.21000000000004,-91.48,41.22063519595457,7.053053526775546,35.0,23.51854640976692,18.55,8.701862171613758,0.5,11.48145359023308,-16.448859047725215,-4.967405457492134
56,33.0,-0.30399859,-0.05067237,-0.26322168,294.42999999999995,-87.12,18.73810958373287,3.195119377103552,294.42999999999995,-87.12,41.63607949505444,7.099555255924091,42.0,23.29856202492403,22.26,8.620467949221892,0.5,18.70143797507597,-23.26189041626713,-4.56045244119116
56,34.0,-0.34697413,-0.02608609,-0.26764598,615.71,-96.74,18.553938413745332,3.302684263148816,615.71,-96.74,41.22685115534213,7.338564432716669,30.0,48.721793378276594,15.9,18.02706354996234,0.5,-18.721793378276594,-11.446061586254668,-30.167854964531262
56,34.0,-0.34729871,-0.02782006,-0.26803556,623.1700000000001,-92.35,18.679621043871144,3.3252213823754757,623.1700000000001,-92.35,41.506117959481685,7.388641911638306,30.0,49.31211118796288,15.9,18.245481139546268,0.5,-19.312111187962877,-11.320378956128856,-30.632490144091733
56,34.0,-0.34838331,-0.02511751,-0.27041093,585.3299999999999,-90.26,18.785014422107498,3.3480343905854424,585.3299999999999,-90.26,41.74030204592286,7.439332415880852,34.0,46.31779135974181,18.02,17.13758280310447,0.5,-12.317791359741811,-15.214985577892502,-27.532776937634313
56,35.0,-0.32215756,-0.0108524,-0.24942012,475.75,-106.66,23.139377960874043,3.956711624098535,475.75,-106.66,51.415697829062125,8.791813228746946,41.0,37.64660830539554,21.73,13.929245072996348,0.5,3.3533916946044613,-17.860622039125957,-14.507230344521496
56,35.0,-0.32323778,-0.0094607,-0.24525614,482.3,-95.67,23.32444010453796,3.987468610346644,482.3,-95.67,51.826905912283344,8.860155252190243,41.0,38.16491683802893,21.73,14.121019230070704,0.5,2.8350831619710704,-17.67555989546204,-14.84047673349097
56,35.0,-0.32432288,-0.00749899,-0.24131979,650.28,-96.31,23.57844658311546,4.018596749030094,650.28,-96.31,52.39130830768256,8.92932197634487,45.0,51.050620876811095,23.85,18.888729724420102,0.5,-6.050620876811095,-21.42155341688454,-27.472174293695634
56,35.0,-0.14550824,0.09869929,-0.30843803,440.52,503.24,39.66016582820586,6.329552093386464,650.28,-96.31,88.12488847027342,14.064264751504725,-45.0,34.858820579490995,-23.85,18.888729724420102,0.5,-79.858820579491,84.66016582820586,4.801345248714867
56,35.0,-0.14117678,0.1168668,-0.30851921,276.67999999999995,282.78,40.15491433787502,6.382018135718518,276.67999999999995,282.78,89.22421965875829,14.180844297566544,-45.0,21.89398546702436,-23.85,8.100774622799012,0.5,-66.89398546702436,85.15491433787503,18.26092887085066
56,35.0,-0.1591332,0.10556134,-0.32166657,-15.389999999999986,-22.55000000000001,40.59422857128641,6.434450765105094,276.67999999999995,282.78,90.2003758853984,14.29734960006352,-45.0,-1.2178272240042811,-23.85,8.100774622799012,0.5,-43.78217277599572,85.59422857128641,41.81205579529069
56,36.0,-0.23611194,-0.40130043,-0.48761442,-700.87,-190.93,14.368039959949508,3.640431558754173,-700.87,-190.93,31.925784791007807,8.08903892355177,-31.0,-53.05224138566024,-16.43,-19.62932931269429,0.5,22.05224138566024,45.368039959949506,67.42028134560975
56,36.0,-0.21371061,-0.43668079,-0.42435631,-374.53,-208.74,14.382354171868286,3.6602455464838375,-374.53,-208.74,31.95759096989133,8.133065604287086,-31.0,-29.63696102705158,-16.43,-10.965675580009083,0.5,-1.36303897294842,45.382354171868286,44.01931519891987
56,36.0,-0.1957965,-0.46384951,-0.3863757,-469.13,-264.77,14.462718468592266,3.680254425792432,-469.13,-264.77,32.13616043721201,8.177525334110785,-45.0,-37.12276059760423,-23.85,-13.735421421113564,0.5,-7.877239402395773,59.462718468592264,51.58547906619649
56,36.0,-0.17828743,-0.48087019,-0.3416568,217.54,653.4,16.01720516414732,3.936703968766577,-469.13,-264.77,35.59022987473534,8.747356218599332,-45.0,17.21417376932369,-23.85,-13.735421421113564,0.5,-62.21417376932369,61.01720516414732,-1.1969686051763695
56,36.0,-0.17785327,-0.47785586,-0.33911905,-71.8599999999999,667.03,16.26626379394894,3.959534829957612,-469.13,-264.77,36.143638150154544,8.798086392165812,-45.0,-5.686358954967356,-23.85,-13.735421421113564,0.5,-39.31364104503265,61.26626379394894,21.952622748916298
56,36.0,-0.17867616,-0.47952509,-0.33847737,-198.3900000000001,569.71,16.363845504017156,3.982595865761386,-469.13,-264.77,36.36046470992612,8.8493280137218,-45.0,-15.698813708265735,-23.85,-13.735421421113564,0.5,-29.301186291734265,61.363845504017156,32.062659212282895
56,36.0,-0.19097999,-0.07979316,-0.31097353,798.9300000000001,-143.31,25.69101682891942,5.717871493758421,798.9300000000001,-143.31,57.08543939385895,12.705110459131213,45.0,56.93203792841073,23.85,21.06485403351197,0.5,-11.932037928410729,-19.30898317108058,-31.24102109949131
56,36.0,-0.19526204,-0.07681199,-0.31778133,498.2000000000001,344.98,25.913421121088305,5.760018306753869,798.9300000000001,-143.31,57.57962173105821,12.7987606776071,45.0,39.42310090961232,23.85,21.06485403351197,0.5,5.576899090387677,-19.086578878911695,-13.509679788524018
56,36.0,-0.19330847,-0.07263388,-0.3207089,772.3299999999999,-144.12,26.13631428872753,5.80262992808388,772.3299999999999,-144.12,58.07489034955257,12.89344370020238,45.0,55.87959464840702,23.85,20.6754500199106,0.5,-10.879594648407021,-18.86368571127247,-29.743280359679492
56,37.0,-0.29029363,-0.03309125,-0.26972437,383.4000000000001,-114.64,18.144716836229133,3.200139206758249,383.4000000000001,-114.64,40.317560810101135,7.110709317416831,45.0,30.33885365063301,23.85,11.225375850734212,0.5,14.661146349366991,-26.855283163770867,-12.194136814403876
56,37.0,-0.28810468,-0.03042306,-0.26768196,484.48,-36.760000000000005,18.400164998843696,3.2194806609275317,484.48,-36.760000000000005,40.88516662743069,7.153686028580975,45.0,38.33742257866113,23.85,14.18484635410462,0.5,6.662577421338867,-26.599835001156304,-19.937257579817437
56,37.0,-0.28735083,-0.02550012,-0.26699224,505.8699999999999,-36.09,18.559861925093763,3.2434197434492305,505.8699999999999,-36.09,41.24001319755834,7.206878669944192,45.0,40.03003624477233,23.85,14.811113410565763,0.5,4.969963755227667,-26.440138074906237,-21.47017431967857
56,38.0,-0.29145283,-0.02847227,-0.31192619,502.47,-96.97,19.95697457138334,3.97053881853345,502.47,-96.97,44.34439749761378,8.822537254781327,40.0,39.76099059424509,21.200000000000003,14.71156651987068,0.5,0.23900940575491347,-20.04302542861666,-19.804016022861745
56,38.0,-0.28947884,-0.03056938,-0.30224198,547.06,-101.78,20.04390689823047,3.995518830773083,547.06,-101.78,44.53756112786811,8.878042841977788,42.0,43.289445169836426,22.26,16.017094712839477,0.5,-1.2894451698364264,-21.95609310176953,-23.245538271605955
56,38.0,-0.28967217,-0.03036661,-0.29808888,569.1800000000001,-90.48,20.20964098193444,4.026435917666319,569.1800000000001,-90.48,44.90582226185832,8.946740609054562,44.0,45.03982451973734,23.32,16.664735072302815,0.5,-1.039824519737337,-23.79035901806556,-24.830183537802895
56,39.0,-0.30262941,-0.02110367,-0.24606068,413.3200000000001,-139.6,16.332035856189055,2.866822407674765,413.3200000000001,-139.6,36.28978367245208,6.370079389853327,43.0,32.7064553752729,22.790000000000003,12.101388488850974,0.5,10.293544624727097,-26.667964143810945,-16.374419519083848
56,39.0,-0.30646667,-0.02291461,-0.24796306,549.4100000000001,-13.150000000000006,16.43914953756444,2.886137355001733,549.4100000000001,-13.150000000000006,36.52779027246819,6.41299720281385,41.0,43.47540319299499,21.73,16.085899181408145,0.5,-2.475403192994989,-24.56085046243556,-27.03625365543055
56,39.0,-0.30807915,-0.02217203,-0.24787058,567.1700000000001,-30.080000000000013,16.610216128172766,2.902105170232339,567.1700000000001,-30.080000000000013,36.90790023679988,6.448477688256256,41.0,44.88077106163151,21.73,16.605885292803656,0.5,-3.8807710616315134,-24.389783871827234,-28.270554933458747
56,40.0,-0.16805539,-0.49788806,-0.4646011,-86.98000000000002,-136.06,18.64926747232496,3.44235962419261,,,41.43867232350605,7.648923084955978,-45.0,-6.882820789076836,-23.85,,0.5,-38.11717921092316,63.649267472324965,25.532088261401796
56,40.0,-0.16621406,-0.49740949,-0.46060541,-81.70000000000005,-121.48,18.685398060727984,3.46943441013526,,,41.51895449093758,7.709083259320547,-45.0,-6.4650087200227375,-23.85,,0.5,-38.53499127997726,63.685398060727984,25.15040678075072
56,40.0,-0.16566691,-0.50356132,-0.46059999,-130.41000000000008,-95.41,18.80541319769625,3.4918707616496025,,,41.785628125281065,7.7589368323854195,-45.0,-10.31948331919419,-23.85,,0.5,-34.68051668080581,63.805413197696254,29.124896516890438
56,41.0,-0.1908623,-0.12329491,-0.34948274,258.65,-85.57,19.837785970985514,4.8175942714891065,258.65,-85.57,44.07956042752981,10.704694471248796,45.0,20.46725220849302,23.85,7.572883317142416,0.5,24.53274779150698,-25.162214029014486,-0.6294662375075042
56,41.0,-0.19033913,-0.12308549,-0.34859022,223.1,-57.08,20.11093964186204,4.85085690678816,258.65,-85.57,44.68650788421744,10.778604046883292,45.0,17.654142539009452,23.85,7.572883317142416,0.5,27.345857460990548,-24.88906035813796,2.456797102852587
56,41.0,-0.1938417,-0.12730049,-0.35443181,259.32000000000005,-86.1,20.117706967871705,4.887916836826441,259.32000000000005,-86.1,44.701544882610925,10.86095121142835,45.0,20.52027002786163,23.85,7.592499910308804,0.5,24.47972997213837,-24.882293032128295,-0.4025630599899266
56,42.0,-0.2279337,-0.37574509,-0.31574053,43.50999999999999,-190.84,-18.55575555056511,2.39968943503332,,,-41.23088883335567,5.332109924644037,-34.0,3.4429930160121063,-18.02,,-0.5,-37.4429930160121,15.44424444943489,-21.998748566577216
56,42.0,-0.21774058,-0.37439004,-0.30745283,-113.14,-208.41,-18.65800391380704,2.4139473095053336,,,-41.45808469647923,5.363790921720852,-39.0,-8.95288967666306,-20.67,,-0.5,-30.047110323336938,20.34199608619296,-9.70511423714398
56,42.0,-0.21778592,-0.37403309,-0.30398223,-150.69000000000003,-192.98,-18.769985340789724,2.4331924651058525,,,-41.70690742723477,5.406553657465203,-42.0,-11.92426149351562,-22.26,,-0.5,-30.075738506484377,23.230014659210276,-6.845723847274103
56,43.0,-0.24539019,-0.09156558,-0.30492508,489.1300000000001,-156.61,-25.595065637514463,3.423304362748974,489.1300000000001,-156.61,-56.872235846557146,7.606582294028218,45.0,38.70538207129401,23.85,14.320991366378784,-0.5,6.294617928705989,-70.59506563751447,-64.30044770880848
56,43.0,-0.24641635,-0.09077661,-0.30926594,509.6600000000001,-139.68,-25.790053945426347,3.46082742591514,509.6600000000001,-139.68,-57.30549986673734,7.6899585403834365,41.0,40.32994301403656,21.73,14.922078915193527,-0.5,0.6700569859634413,-66.79005394542635,-66.11999695946291
56,43.0,-0.24632074,-0.08965879,-0.31455317,522.6300000000001,-110.59,-25.986224126914543,3.5028271402190523,522.6300000000001,-110.59,-57.74139001000411,7.783281905566735,41.0,41.35627303972439,21.73,15.301821024698022,-0.5,-0.3562730397243925,-66.98622412691455,-67.34249716663894
56,44.0,-0.27130505,-0.38857707,-0.292411,-86.78999999999996,-168.74,-20.585841115476587,2.6908886635145794,,,-45.741738958588975,5.979154610329395,-29.0,-6.867785885076779,-15.37,,-0.5,-22.132214114923222,8.414158884523413,-13.71805523039981
56,44.0,-0.27435732,-0.39375594,-0.28954551,-132.67999999999995,-163.63,-20.73627868694888,2.716070382095401,,,-46.07601124240042,6.035108389015981,-29.0,-10.499110856457968,-15.37,,-0.5,-18.500889143542032,8.263721313051121,-10.237167830490911
56,44.0,-0.27275741,-0.38830322,-0.29201877,-156.82000000000005,-141.35,-20.88883263696681,2.7416574944008403,,,-46.414986119340256,6.091962952558667,-29.0,-12.409334975201537,-15.37,,-0.5,-16.59066502479846,8.11116736303319,-8.479497661765274
56,45.0,-0.14159922,-0.30460364,-0.34797916,-485.37,-185.06,-17.255215088495913,2.234554543647974,-485.37,-185.06,-38.34108792663792,4.965180195985798,-33.0,-38.40784923424032,-17.490000000000002,-14.21090421666892,-0.5,5.407849234240317,15.744784911504087,21.152634145744404
56,45.0,-0.14083114,-0.30436578,-0.34995425,-510.03,-162.51,-17.30959574314798,2.2513099489843187,-510.03,-162.51,-38.461921741274814,5.002410706643158,-33.0,-40.35922151129981,-17.490000000000002,-14.93291195918093,-0.5,7.359221511299808,15.69040425685202,23.049625768151827
56,45.0,-0.14301084,-0.30362406,-0.34866118,-524.12,-132.22,-17.413789277769933,2.2640260646634216,-524.12,-132.22,-38.69343977520479,5.030665915682121,-26.0,-41.47417833951426,-13.78,-15.345445985620277,-0.5,15.47417833951426,8.586210722230067,24.060389061744328
56,46.0,-0.22633995,-0.31889865,-0.31110671,-21.08000000000004,-139.46,-10.996402649126962,2.312681965075541,,,-24.43400668636011,5.138779326397852,-24.0,-1.6680830332690268,-12.72,,-0.5,-22.331916966730972,13.003597350873038,-9.328319615857936
56,46.0,-0.22256868,-0.31380358,-0.3083539,-37.5,-126.41,-11.00033726457668,2.3200575890397754,,,-24.442749401889383,5.155167962846381,-15.0,-2.9674152631683293,-7.95,,-0.5,-12.032584736831671,3.9996627354233194,-8.032922001408352
56,46.0,-0.22188212,-0.31365153,-0.30959046,-8.309999999999945,-113.27,-10.990329239312256,2.3283103979708217,,,-24.420511569751834,5.173505704291166,-15.0,-0.6575792223180975,-7.95,,-0.5,-14.342420777681902,4.009670760687744,-10.332750016994158
56,47.0,-0.25509414,-0.34028259,-0.29693124,-241.73,-166.31,-12.230498832088063,1.585473394594718,-382.95,-185.71,-27.17616840489968,3.522921882789463,-21.0,-19.12835444175148,-11.13,-11.212200526965743,-0.5,-1.8716455582485203,8.769501167911937,6.8978556096634165
56,47.0,-0.25510392,-0.34093231,-0.29844141,-382.95,-185.71,-12.249373902145114,1.5903129545696055,-382.95,-185.71,-27.218108810566445,3.533675385053664,-24.0,-30.30324466747498,-12.72,-11.212200526965743,-0.5,6.303244667474981,11.750626097854886,18.05387076532987
56,47.0,-0.25517148,-0.33980802,-0.3000268,-197.1,3555.5,-12.31116731097088,1.5962620648968828,-382.95,-185.71,-27.355413764977293,3.546894308200873,-21.0,-15.596734623212742,-11.13,-11.212200526965743,-0.5,-5.4032653767872585,8.68883268902912,3.285567312241861
56,48.0,-0.15837874,-0.04071173,-0.33140698,728.9100000000001,-127.65,-4.723849521425124,1.290223922682526,728.9100000000001,-127.65,-10.496393636606625,2.8668775562005733,45.0,54.16165903871677,23.85,20.03981384432521,-0.5,-9.16165903871677,-49.72384952142512,-58.88550856014189
56,48.0,-0.15996596,-0.04093635,-0.33250448,692.77,-129.55,-4.715978209378789,1.2944384520941756,692.77,-129.55,-10.478903581239669,2.8762422405532577,45.0,52.73176053723806,23.85,19.510751398778083,-0.5,-7.73176053723806,-49.71597820937879,-57.44773874661685
56,48.0,-0.16075458,-0.04074182,-0.33412439,740.5,-129.39,-4.74503013318625,1.2975194456077597,740.5,-129.39,-10.543456955939847,2.883088208140442,45.0,54.620223610718384,23.85,20.209482735965803,-0.5,-9.620223610718384,-49.74503013318625,-59.36525374390463
56,48.0,-0.15771227,-0.29324812,-0.3114123,75.88999999999999,-168.78,-5.584352743121631,1.4732316810868924,740.5,-129.39,-12.408431795216265,3.2735207953750747,-15.0,6.0052571819158524,-7.95,20.209482735965803,-0.5,-21.00525718191585,9.41564725687837,-11.589609925037482
56,48.0,-0.1570497,-0.28814289,-0.30861628,90.65999999999995,-185.31,-5.6303752197842165,1.478201038783908,740.5,-129.39,-12.510693738360528,3.284562708177843,-15.0,7.174023140235751,-7.95,20.209482735965803,-0.5,-22.17402314023575,9.369624780215783,-12.804398360019967
56,48.0,-0.15566936,-0.28490067,-0.30866095,48.78999999999997,-192.07,-5.666005426158714,1.482701156421915,740.5,-129.39,-12.589864056924664,3.2945619695694948,-15.0,3.860805085066205,-7.95,20.209482735965803,-0.5,-18.860805085066204,9.333994573841286,-9.52681051122492
56,49.0,-0.28793383,-0.15534706,-0.26297477,248.4,-154.22,10.800436854565037,4.973991675201415,319.79999999999995,-154.48,23.998570690843508,11.052209502297544,15.0,19.65615870322701,7.95,9.36326342479082,0.5,-4.65615870322701,-4.199563145434963,-8.855721848661974
56,49.0,-0.28684276,-0.15662485,-0.25737655,319.79999999999995,-154.48,10.920035143596046,5.01003160715968,319.79999999999995,-154.48,24.26431808907041,11.132290231108811,15.0,25.30611736429951,7.95,9.36326342479082,0.5,-10.30611736429951,-4.079964856403954,-14.386082220703464
56,49.0,-0.28695217,-0.15851744,-0.25733852,220.08000000000004,-147.26,10.897831296709109,5.05476642930318,319.79999999999995,-154.48,24.21498114128764,11.231691005911667,15.0,17.415166696482295,7.95,9.36326342479082,0.5,-2.415166696482295,-4.102168703290891,-6.517335399773186
56,50.0,-0.25911936,-0.10849696,-0.28908244,314.71000000000004,-166.96,14.339836614618426,5.088947323982677,314.71000000000004,-166.96,31.86311695768214,11.307640953889509,38.0,24.90334019924547,20.14,9.214235873720824,0.5,13.09665980075453,-23.660163385381573,-10.563503584627044
56,50.0,-0.25799713,-0.10776456,-0.288241,400.33,-140.49,14.417717274798251,5.134719402180577,400.33,-140.49,32.03616778460172,11.409346511645245,38.0,31.6785427281114,20.14,11.721060809401218,0.5,6.321457271888601,-23.58228272520175,-17.260825453313146
56,50.0,-0.25594902,-0.10729796,-0.28526837,450.9,-152.57,14.520957762478998,5.186474547886692,450.9,-152.57,32.26556814822833,11.524346445404229,41.0,35.680201124335994,21.73,13.201674416004318,0.5,5.319798875664006,-26.479042237521,-21.159243361856994
56,51.0,-0.29531476,-0.37908167,-0.28365117,-362.15,-166.46,-15.459637437229343,4.550209566316333,-362.15,-166.46,-34.3513143855236,10.11056565635489,-26.0,-28.65731833483761,-13.78,-10.603207783889914,-0.5,2.6573183348376084,10.540362562770657,13.197680897608265
56,51.0,-0.29591858,-0.38433129,-0.28199121,-459.51,-206.38,-15.618159340556446,4.589891444286232,-459.51,-206.38,-34.70355005471642,10.198738789204008,-29.0,-36.36151966875944,-15.37,-13.453762277440994,-0.5,7.361519668759442,13.381840659443554,20.743360328202996
56,51.0,-0.29346824,-0.3862398,-0.28285986,-104.97000000000004,-66.26,-15.77987799340386,4.630187229559454,-459.51,-206.38,-35.06288890134338,10.288276024081108,-29.0,-8.30638880466079,-15.37,-13.453762277440994,-0.5,-20.69361119533921,13.22012200659614,-7.47348918874307
56,52.0,-0.23775019,-0.35826701,-0.33134454,-245.28,-150.92000000000002,-13.149942696536876,4.737625568794457,-272.73,-104.04,-29.219172671704936,10.527004013861283,-29.0,-19.409269753331404,-15.37,-7.985124558609132,-0.5,-9.590730246668596,15.850057303463124,6.259327056794529
56,52.0,-0.23339406,-0.35149315,-0.33783102,-272.73,-104.04,-13.31682239163182,4.773094264366697,-272.73,-104.04,-29.589979354205905,10.6058154554228,-26.0,-21.581417725970628,-13.78,-7.985124558609132,-0.5,-4.418582274029372,12.68317760836818,8.264595334338807
56,52.0,-0.23153183,-0.34506834,-0.34779346,-289.61,-103.06,-13.398135896387975,4.805423659181491,-289.61,-103.06,-29.77065796177408,10.677651370701271,-26.0,-22.9171502497648,-13.78,-8.479345592412976,-0.5,-3.0828497502352015,12.601864103612025,9.519014353376823
56,53.0,-0.20021158,-0.37421206,-0.34610555,-362.4,-143.61,-16.37026905602298,4.769002508611572,-362.4,-143.61,-36.37473784248306,10.596723574134913,-32.0,-28.67710110325873,-16.96,-10.61052740820573,-0.5,-3.3228988967412683,15.62973094397702,12.306832047235751
56,53.0,-0.2014598,-0.36833853,-0.34603631,-1.9500000000000453,-32.55000000000001,-16.581967031927373,4.812076521519243,-362.4,-143.61,-36.84513074494262,10.692434030815756,-32.0,-0.1543055936847567,-16.96,-10.61052740820573,-0.5,-31.845694406315243,15.418032968072627,-16.427661438242616
56,53.0,-0.20343566,-0.36836779,-0.34737864,-9.029999999999973,-11.919999999999987,-16.763584952170927,4.855826342090054,-362.4,-143.61,-37.2486857637238,10.789646132124098,-30.0,-0.7145535953709315,-15.9,-10.61052740820573,-0.5,-29.28544640462907,13.236415047829073,-16.049031356799997
56,54.0,-0.25666147,-0.20473017,-0.31285259,210.55999999999997,-100.93,8.981307354546345,4.752591652701931,,,19.95646494180198,10.560258652303691,1.0,16.661838875005955,0.53,,0.5,-15.661838875005955,7.981307354546345,-7.68053152045961
56,54.0,-0.25419629,-0.19761245,-0.32077208,232.73,-107.09,9.13786164260972,4.783584843192839,,,20.304328569878795,10.629125521574483,4.0,18.41617477859108,2.12,,0.5,-14.416174778591081,5.137861642609719,-9.278313135981362
56,54.0,-0.25376213,-0.19604033,-0.32567558,243.46000000000004,-87.82,9.140681654058602,4.811807656911787,,,20.31059463531821,10.691836613657992,4.0,19.26525119922564,2.12,,0.5,-15.265251199225641,5.140681654058602,-10.12456954516704
56,55.0,-0.20189409,-0.28707764,-0.33494598,-48.700000000000045,430.47,-7.013675864008431,2.9741356255225626,,,-15.584387769826732,6.608529359911134,-15.0,-3.853683288434607,-7.95,,-0.5,-11.146316711565394,7.986324135991569,-3.159992575573824
56,55.0,-0.19792548,-0.28970522,-0.33242214,-45.50999999999999,439.39,-7.0082593939281965,2.9887943071984107,,,-15.572352373308451,6.641100950594869,-15.0,-3.601255163381084,-7.95,,-0.5,-11.398744836618917,7.9917406060718035,-3.4070042305471127
56,55.0,-0.19743644,-0.29335707,-0.33295697,-50.27999999999997,435.89,-7.048930727319337,3.002113008029945,,,-15.662724076103563,6.670695103842538,-15.0,-3.9787103848560936,-7.95,,-0.5,-11.021289615143907,7.951069272680663,-3.070220342463243
56,56.0,-0.2073777,-0.16229938,-0.35109922,220.39,-131.91,11.05493008751801,4.058540028679737,252.27,-129.06,24.564054654465014,9.018075943726377,15.0,17.43969732932448,7.95,7.386086504602813,0.5,-2.4396973293244812,-3.9450699124819906,-6.384767241806472
56,56.0,-0.20861341,-0.16160403,-0.35217217,252.27,-129.06,11.128983376953572,4.091694856632662,252.27,-129.06,24.72860106359084,9.091745971437776,15.0,19.962395958385983,7.95,7.386086504602813,0.5,-4.962395958385983,-3.871016623046428,-8.83341258143241
56,56.0,-0.20803235,-0.15928198,-0.35265523,200.28,-188.39,11.269520774920752,4.1253865452830265,252.27,-129.06,25.04087516187391,9.166608903618885,15.0,15.848371437529412,7.95,7.386086504602813,0.5,-0.848371437529412,-3.7304792250792485,-4.5788506626086605
56,57.0,-0.19678134,-0.0888443,-0.34917504,397.61,-121.41,7.036736503304594,2.575296956551997,397.61,-121.41,15.635628510342809,5.722309837458538,45.0,31.463306207689588,23.85,11.641423296845147,0.5,13.536693792310412,-37.963263496695404,-24.426569704384995
56,57.0,-0.19566497,-0.09081887,-0.35001925,343.04999999999995,-148.97,7.058907915633205,2.588934062233081,343.04999999999995,-148.97,15.684893388536985,5.752611486281905,45.0,27.14591482746388,23.85,10.043988486161634,0.5,17.85408517253612,-37.941092084366794,-20.087006911830674
56,57.0,-0.19631949,-0.09021609,-0.3499667,384.76,-133.29,7.096605367829153,2.6027084971035714,384.76,-133.29,15.76865712731638,5.783218280564135,45.0,30.446471910843908,23.85,11.265194607012246,0.5,14.553528089156092,-37.903394632170844,-23.349866543014755
56,58.0,-0.28379622,-0.13031997,-0.26216507,395.47,-23.83,12.056252463129445,6.755953257319678,395.47,-23.83,26.788992973073626,15.011728137764326,22.0,31.293965710004784,11.66,11.57876731270177,0.5,-9.293965710004784,-9.943747536870555,-19.237713246875337
56,58.0,-0.28671175,-0.13294254,-0.26013702,-558.75,-151.0,12.323763891198842,6.817691133316471,-558.75,-151.0,27.383403366243822,15.1489096982292,23.0,-44.21448742120811,12.19,-16.359360345847,0.5,67.2144874212081,-10.676236108801158,56.538251312406956
56,58.0,-0.28743684,-0.13525373,-0.26073882,488.6,-105.78,12.538774746637827,6.880508245197987,488.6,-105.78,27.861157487029253,15.288489320829928,23.0,38.66344260224122,12.19,14.305473762829251,0.5,-15.663442602241219,-10.461225253362173,-26.12466785560339
56,59.0,-0.34516388,-0.17435727,-0.60247648,-16.029999999999973,-19.760000000000005,13.29094619670914,4.954434656101865,,,29.53248244908771,11.008753805858346,15.0,-1.268471111162353,7.95,,0.5,16.268471111162352,-1.7090538032908604,14.559417307871492
56,59.0,-0.34438962,-0.17579083,-0.60107327,33.72000000000003,-33.17,13.42742592295755,5.002924963713085,,,29.83574040081168,11.116499269370475,18.0,2.668299804640964,9.54,,0.5,15.331700195359037,-4.57257407704245,10.759126118316587
56,59.0,-0.34277925,-0.17494059,-0.59867555,138.80999999999997,-21.47,13.566678532690382,5.052313257673005,,,30.14515969963803,11.22624005854942,25.0,10.984184338143884,13.25,,0.5,14.015815661856116,-11.433321467309618,2.5824941945464985
56,61.0,-0.20563667,-0.17767684,-0.32923356,176.01999999999998,-76.02,10.22445067198206,4.628254979135397,308.04999999999995,-82.47,22.718729393144137,10.283982563638853,18.0,13.928651589943714,9.54,9.019241081947504,0.5,4.071348410056286,-7.77554932801794,-3.7042009179616535
56,61.0,-0.20549013,-0.17559013,-0.32841331,248.72000000000003,-71.73,10.26839796799115,4.659723873385355,308.04999999999995,-82.47,22.81638028487633,10.353906446662258,20.0,19.68148064680605,10.6,9.019241081947504,0.5,0.318519353193949,-9.73160203200885,-9.4130826788149
56,61.0,-0.20661625,-0.17520909,-0.327811,308.04999999999995,-82.47,10.379671548869224,4.691624605303611,308.04999999999995,-82.47,23.063630181587417,10.424789872984622,20.0,24.37632724850677,10.6,9.019241081947504,0.5,-4.376327248506769,-9.620328451130776,-13.996655699637545
56,62.0,-0.26816255,-0.11411397,-0.43065634,490.8200000000001,-113.92,16.572736666032593,6.02680364414634,490.8200000000001,-113.92,36.82462087192442,13.391557697293168,4.0,38.83911358582078,2.12,14.37047202675369,0.5,-34.83911358582078,12.572736666032593,-22.26637691978819
56,62.0,-0.21608864,-0.10625099,-0.36678734,559.12,-102.46,16.759058652993822,6.089574136067053,559.12,-102.46,37.23862832695227,13.53103373034099,22.0,44.24376591847137,11.66,16.370193389834405,0.5,-22.243765918471368,-5.240941347006178,-27.484707265477546
56,62.0,-0.18065046,-0.09990452,-0.33197731,525.67,-100.68,17.08038283346493,6.16780491989195,525.67,-100.68,37.95261065595908,13.704862531999911,32.0,41.59683150372522,16.96,15.390827656378333,0.5,-9.59683150372522,-14.919617166535069,-24.51644867026029
56,62.0,-0.17999323,-0.09030636,-0.33097559,197.35,-89.03,18.28314917120877,6.547268672030668,525.67,-100.68,40.62515745842588,14.548030989252144,45.0,15.616517391633865,23.85,15.390827656378333,0.5,29.383482608366137,-26.71685082879123,2.666631779574905
56,62.0,-0.1833524,-0.08971053,-0.33469453,200.78,-101.63,18.54617370873656,6.628078835507406,525.67,-100.68,41.20959798081264,14.727591172497457,45.0,15.887936974371655,23.85,15.390827656378333,0.5,29.112063025628345,-26.45382629126344,2.6582367343649054
56,62.0,-0.18587568,-0.08740725,-0.33457899,195.67999999999995,-111.23,18.858072470719684,6.710591285214892,525.67,-100.68,41.902637029939136,14.91093383574749,45.0,15.484368498580762,23.85,15.390827656378333,0.5,29.515631501419236,-26.141927529280316,3.3737039721389213
56,63.0,-0.17600089,-0.33085915,-0.34426233,-423.7,-165.06,-15.875592705163964,4.514895062815158,-423.7,-165.06,-35.275566990874324,10.03209682957528,-34.0,-33.5278359201179,-18.02,-12.405299290443624,-0.5,-0.4721640798820985,18.124407294836036,17.652243214953938
56,63.0,-0.18047476,-0.330511,-0.34458381,-522.89,-204.29,-16.09194634132764,4.549833900245403,-522.89,-204.29,-35.75630477043001,10.109730926345287,-33.0,-41.376847118882345,-17.490000000000002,-15.309433433986468,-0.5,8.376847118882345,16.90805365867236,25.284900777554707
56,63.0,-0.18383634,-0.33169222,-0.34722328,-452.41,-173.21,-16.192008030896048,4.59719321617369,-452.41,-173.21,-35.978641844651015,10.21496332633794,-26.0,-35.79968904559957,-13.78,-13.245884946871842,-0.5,9.799689045599571,9.807991969103952,19.607681014703523
56,64.0,-0.23635799,-0.3448047,-0.35891145,-301.19,-155.22,-13.223343973408282,4.2437982549129165,-301.19,-155.22,-29.382270308913203,9.4297197224165,-24.0,-23.833488083031177,-12.72,-8.818390590721535,-0.5,-0.1665119169688225,10.776656026591718,10.610144109622896
56,64.0,-0.23072878,-0.34586573,-0.34878254,74.71000000000004,-99.16,-13.3355170404854,4.275686258397121,-301.19,-155.22,-29.63151886395856,9.500574866158402,-26.0,5.91188251496816,-13.78,-8.818390590721535,-0.5,-31.91188251496816,12.6644829595146,-19.24739955545356
56,64.0,-0.22786616,-0.34419775,-0.34326756,70.47000000000003,-100.73,-13.39207763100691,4.311639209270706,-301.19,-155.22,-29.757196496097357,9.580462322999509,-26.0,5.576366762545927,-13.78,-8.818390590721535,-0.5,-31.576366762545927,12.60792236899309,-18.968444393552836
56,65.0,-0.20323946,-0.28995547,-0.32996097,95.44000000000004,-54.790000000000006,-9.170370860101578,3.700947076080016,681.7,284.23,-20.376564051145703,8.223504403049796,-15.0,7.552269672447615,-7.95,19.34869491642593,-0.5,-22.552269672447615,5.829629139898422,-16.722640532549192
56,65.0,-0.20269988,-0.29024911,-0.33071962,11.879999999999995,-33.94,-9.276099624965614,3.727843018867577,681.7,284.23,-20.611493366673592,8.283267187923755,-15.0,0.9400771553717264,-7.95,19.34869491642593,-0.5,-15.940077155371727,5.723900375034386,-10.21617678033734
56,65.0,-0.2036165,-0.29133832,-0.32980707,22.41999999999996,-33.480000000000004,-9.30703456562176,3.748262270581714,681.7,284.23,-20.68023080481155,8.328638765232569,-15.0,1.7741186720062354,-7.95,19.34869491642593,-0.5,-16.774118672006235,5.692965434378239,-11.081153237627996
56,65.0,-0.33861023,-0.18350829,-0.59065539,-54.51999999999998,-106.07,-21.666839839794747,7.652608297971018,681.7,284.23,-48.14371812402393,17.0040956380916,0.0,-4.314226137278327,0.0,19.34869491642593,-0.5,4.314226137278327,-21.666839839794747,-17.35261370251642
56,65.0,-0.33706474,-0.18259437,-0.59016895,-53.32000000000005,-115.0,-21.967343124091663,7.741625540263664,681.7,284.23,-48.811436421731685,17.201891950465864,0.0,-4.219268848856946,0.0,19.34869491642593,-0.5,4.219268848856946,-21.967343124091663,-17.748074275234718
56,65.0,-0.33576202,-0.1802274,-0.58923036,-54.00999999999999,-114.24,-22.282160335693305,7.807152278148981,681.7,284.23,-49.51096026591052,17.347492362047035,0.0,-4.273869289699239,0.0,19.34869491642593,-0.5,4.273869289699239,-22.282160335693305,-18.008291045994067
56,65.0,-0.32130641,-0.17333986,-0.59800762,373.46,342.74,-26.27156768119393,8.686329266883723,681.7,284.23,-58.37542338761292,19.30102363101563,0.0,29.552290778209183,0.0,19.34869491642593,-0.5,-29.552290778209183,-26.27156768119393,-55.82385845940311
56,65.0,-0.31780502,-0.17432705,-0.59044081,366.53,334.51,-26.646352747383023,8.76804706741644,681.7,284.23,-59.20819580468508,19.482600583799325,0.0,29.00391243757567,0.0,19.34869491642593,-0.5,-29.00391243757567,-26.646352747383023,-55.6502651849587
56,65.0,-0.31577331,-0.17223552,-0.58564889,681.7,284.23,-27.17795160809328,8.868267459186107,681.7,284.23,-60.38940847318327,19.705290294311528,0.0,52.29377004439442,0.0,19.34869491642593,-0.5,-52.29377004439442,-27.17795160809328,-79.4717216524877
56,65.0,-0.33298048,-0.18214171,-0.58976507,466.4200000000001,509.4500000000001,-37.75236895177886,11.731804414945625,681.7,284.23,-83.88576381085264,26.068069410009173,0.0,36.90831538791927,0.0,19.34869491642593,-0.5,-36.90831538791927,-37.75236895177886,-74.66068433969812
56,65.0,-0.3284944,-0.17955087,-0.59040868,653.5799999999999,604.43,-38.7146244389707,12.063290918922265,681.7,284.23,-86.0238955033929,26.804632421845277,0.0,51.1811871483905,0.0,19.34869491642593,-0.5,-51.1811871483905,-38.7146244389707,-89.89581158736121
56,65.0,-0.32849696,-0.17792298,-0.59490168,478.05,527.46,-39.65612949842421,12.371125306516689,681.7,284.23,-88.11591974549859,27.48864043108008,0.0,37.828609774869854,0.0,19.34869491642593,-0.5,-37.828609774869854,-39.65612949842421,-77.48473927329405
56,66.0,-0.32722658,-0.18030897,-0.59658265,398.48,963.61,8.661824705904118,3.1457846463491204,795.5899999999999,286.08,19.24657449651895,6.989933484187746,0.0,31.532150241795097,0.0,21.01595894308232,0.5,-31.532150241795097,8.661824705904118,-22.870325535890977
56,66.0,-0.32744026,-0.18122779,-0.59399807,795.5899999999999,286.08,8.713387016495554,3.1653411812581256,795.5899999999999,286.08,19.36114595065312,7.033388104755555,0.0,56.79988903535762,0.0,21.01595894308232,0.5,-56.79988903535762,8.713387016495554,-48.08650201886207
56,66.0,-0.33057025,-0.18060067,-0.59164542,440.5899999999999,521.54,8.777223903732985,3.1917800991644234,795.5899999999999,286.08,19.50299151409469,7.092135380343349,0.0,34.8643597546489,0.0,21.01595894308232,0.5,-34.8643597546489,8.777223903732985,-26.087135850915917
56,66.0,-0.32157412,-0.18390095,-0.5995537,885.97,-85.7,12.785904795172058,4.572480531519088,885.97,-85.7,28.410280454872314,10.160051741035414,0.0,60.37582225515968,0.0,22.33905423440908,0.5,-60.37582225515968,12.785904795172058,-47.589917459987625
56,66.0,-0.32120675,-0.18303452,-0.59917545,656.5699999999999,-85.6,12.974976430114108,4.612682260645985,656.5699999999999,-85.6,28.83039762771355,10.24937998315538,0.0,51.29948810354881,0.0,18.98081059831306,0.5,-51.29948810354881,12.974976430114108,-38.3245116734347
56,66.0,-0.32387438,-0.18445,-0.6037935,694.8599999999999,-94.64,13.082347974118347,4.662743712410748,694.8599999999999,-94.64,29.06897719849097,10.360616528976683,0.0,52.81445250923835,0.0,19.541347428418188,0.5,-52.81445250923835,13.082347974118347,-39.73210453512
56,66.0,-0.33595479,-0.19579527,-0.60254693,159.99,428.35,16.979932122519315,6.39340812587185,694.8599999999999,-94.64,37.72940917623792,14.20615285568725,0.0,12.660180478781362,0.0,19.541347428418188,0.5,-12.660180478781362,16.979932122519315,4.319751643737954
56,66.0,-0.33453706,-0.19495413,-0.60761607,236.33000000000004,446.67,17.21966923055277,6.476928898876947,694.8599999999999,-94.64,38.262105030288254,14.391736013304577,0.0,18.70104664385524,0.0,19.541347428418188,0.5,-18.70104664385524,17.21966923055277,-1.481377413302468
56,66.0,-0.33219635,-0.19339213,-0.60789889,255.45000000000005,453.49,17.482816293218157,6.571078976865984,694.8599999999999,-94.64,38.84681780353075,14.600937486596216,0.0,20.214032772702662,0.0,19.541347428418188,0.5,-20.214032772702662,17.482816293218157,-2.7312164794845053
56,66.0,-0.27614799,-0.16369201,-0.46366701,422.99,-105.14,24.579312185263905,9.228621976353486,422.99,-105.14,54.61523167565639,20.505998031457445,0.0,33.47165285780191,0.0,12.384511557386706,0.5,-33.47165285780191,24.579312185263905,-8.892340672538001
56,66.0,-0.30791768,-0.17877457,-0.51627487,386.68000000000006,-171.25,25.026180008254,9.38429137831454,386.68000000000006,-171.25,55.6081719783404,20.851895442614904,0.0,30.598403572318126,0.0,11.321409321757706,0.5,-30.598403572318126,25.026180008254,-5.572223564064128
56,66.0,-0.33209598,-0.18858874,-0.56289351,518.55,-181.11,25.495269138666497,9.54395637636297,518.55,-181.11,56.65048802611695,21.20667106827852,0.0,41.03341825909165,0.0,15.18236475586391,0.5,-41.03341825909165,25.495269138666497,-15.53814912042515
56,67.0,-0.33781448,-0.21414424,-0.56952286,-257.69,-143.9,-14.120610622803756,4.365533013494119,-257.69,-143.9,-31.375996803869945,9.700214355983931,0.0,-20.391286377755915,0.0,-7.544775959769688,-0.5,20.391286377755915,-14.120610622803756,6.270675754952158
56,67.0,-0.31311548,-0.2584984,-0.5076021,-244.16000000000005,-148.9,-14.203604812420084,4.398962358411183,-257.69,-143.9,-31.560409893197424,9.774494360389651,-21.0,-19.320642950804785,-11.13,-7.544775959769688,-0.5,-1.6793570491952146,6.7963951875799165,5.117038138384702
56,67.0,-0.27288091,-0.29542562,-0.43816349,-180.48,-124.11,-14.357262182784606,4.440469571984441,-257.69,-143.9,-31.901836570147392,9.86672338894943,-21.0,-14.281576178576538,-11.13,-7.544775959769688,-0.5,-6.718423821423462,6.642737817215394,-0.07568600420806781
56,67.0,-0.34125108,-0.19614168,-0.59800857,51.559999999999945,-38.34,-22.868987442773506,6.423518005564992,-257.69,-143.9,-50.81489009784273,14.273057008365411,0.0,4.079998159172238,0.0,-7.544775959769688,-0.5,-4.079998159172238,-22.868987442773506,-26.948985601945743
56,67.0,-0.34286487,-0.19640452,-0.59953839,65.85000000000002,-57.95,-23.185411172538352,6.492756239952989,-257.69,-143.9,-51.51798362538022,14.426904365175542,0.0,5.210781202123588,0.0,-7.544775959769688,-0.5,-5.210781202123588,-23.185411172538352,-28.39619237466194
56,67.0,-0.34355336,-0.19572224,-0.59775525,70.75,-70.85,-23.44533352128585,6.555824639066779,-257.69,-143.9,-52.09553108429716,14.567042348006382,0.0,5.598523463177582,0.0,-7.544775959769688,-0.5,-5.598523463177582,-23.44533352128585,-29.04385698446343
56,67.0,-0.34382516,-0.20233709,-0.60352576,512.0899999999999,394.53,-45.53800223654923,11.83214717998132,-257.69,-143.9,-101.1854409696124,26.291031033918493,0.0,40.52223152308986,0.0,-7.544775959769688,-0.5,-40.52223152308986,-45.53800223654923,-86.06023375963909
56,67.0,-0.34357184,-0.20751771,-0.60258752,546.8800000000001,417.91,-46.93881933589017,12.273258880000554,-257.69,-143.9,-104.29805656434796,27.271181231361236,0.0,43.27520157657324,0.0,-7.544775959769688,-0.5,-43.27520157657324,-46.93881933589017,-90.21402091246341
56,67.0,-0.34089777,-0.20166762,-0.6013729,73.0,144.97,-48.1406870960052,12.68504998422037,-257.69,-143.9,-106.96860672732356,28.186181064937657,0.0,5.776568378967681,0.0,-7.544775959769688,-0.5,-5.776568378967681,-48.1406870960052,-53.91725547497288
56,67.0,-0.3526057,-0.19892374,-0.59298187,147.79999999999995,-207.28,-85.69286655592634,44.3938584628088,-257.69,-143.9,-190.40954948726832,98.64315350436114,0.0,11.695572690567438,0.0,-7.544775959769688,-0.5,-11.695572690567438,-85.69286655592634,-97.38843924649379
56,67.0,-0.35399935,-0.20001055,-0.59502339,-180.21,-197.18,-88.05077511228944,44.02538755614472,-257.69,-143.9,-195.64882229950717,97.82441114975356,0.0,-14.260210788681723,0.0,-7.544775959769688,-0.5,14.260210788681723,-88.05077511228944,-73.79056432360773
56,68.0,-0.3501128,-0.19824253,-0.58927125,-182.95,-207.62,-10.122123215785882,3.42493205763809,,,-22.49135778547623,7.6101990320718365,0.0,-14.477029930577222,0.0,,-0.5,14.477029930577222,-10.122123215785882,4.3549067147913405
56,68.0,-0.22151412,-0.34724787,-0.32529384,-152.10000000000002,246.03,-12.00964135914169,3.966847576329175,,,-26.68542310001284,8.814335314603426,-24.0,-12.035836307410746,-12.72,,-0.5,-11.964163692589254,11.99035864085831,0.026194948269054663
56,68.0,-0.22216341,-0.34506434,-0.32317561,-187.9,242.6,-12.181374650662985,3.9950219226295376,,,-27.067014473773156,8.876938712082833,-24.0,-14.86872874531544,-12.72,,-0.5,-9.13127125468456,11.818625349337015,2.6873540946524557
56,68.0,-0.22074211,-0.34327346,-0.32302955,-224.33,276.48,-12.229048795317397,4.029982236017891,,,-27.172946423195256,8.954620528431752,-24.0,-17.751473759641367,-12.72,,-0.5,-6.248526240358633,11.770951204682603,5.522424964323971
56,69.0,-0.27361119,-0.13616341,-0.27297893,544.5999999999999,184.15,12.605487010943776,5.023918291607021,544.5999999999999,184.15,28.009392138317068,11.1631464439508,41.0,43.09478272857259,21.73,15.945069609571858,0.5,-2.0947827285725893,-28.394512989056224,-30.489295717628814
56,69.0,-0.269916,-0.13685267,-0.27401552,553.28,186.46,12.758293553733107,5.069116054234595,553.28,186.46,28.348928276394965,11.26357587250927,45.0,43.78164044815395,23.85,16.199206965816963,0.5,1.2183595518460493,-32.24170644626689,-31.023346894420843
56,69.0,-0.27192733,-0.13380334,-0.27423757,553.8900000000001,183.91,12.85698828496364,5.120264495040372,553.8900000000001,183.91,28.568227969189213,11.377227707979708,45.0,43.82991040310149,23.85,16.217066849147553,0.5,1.1700895968985066,-32.14301171503636,-30.972922118137852
56,70.0,-0.17782134,-0.11802533,-0.3358542,612.6300000000001,-160.0,16.519772978098786,6.007580064422702,612.6300000000001,-160.0,36.7069355573355,13.348842903147242,45.0,48.47806967132837,23.85,17.936885778391495,0.5,-3.4780696713283703,-28.480227021901214,-31.958296693229585
56,70.0,-0.18015376,-0.11561136,-0.33566597,623.6800000000001,-162.65,16.704730522667987,6.070016045698124,623.6800000000001,-162.65,37.11791122136827,13.487575653541231,45.0,49.352468035541975,23.85,18.26041317315053,0.5,-4.352468035541975,-28.295269477332013,-32.64773751287399
56,70.0,-0.18217295,-0.11564364,-0.33645591,631.04,-158.4,16.949223091958913,6.1478737198026,631.04,-158.4,37.661173710332704,13.660575405401378,45.0,49.9348727378598,23.85,18.475902913008124,0.5,-4.9348727378597985,-28.050776908041087,-32.985649645900885
56,71.0,-0.29098347,-0.35659692,-0.31145006,-259.64,-139.46,-11.96696573754384,3.948923978810016,-259.64,-139.46,-26.59059786882241,8.774509080915852,-24.0,-20.545591971440665,-12.72,-7.601869029433046,-0.5,-3.4544080285593353,12.03303426245616,8.578626233896825
56,71.0,-0.28563583,-0.34972784,-0.31050858,-276.94,-200.75,-12.07169696161183,3.980000365549503,-276.94,-200.75,-26.823310648701487,8.843560812250995,-24.0,-21.914559546182325,-12.72,-8.10838703208746,-0.5,-2.085440453817675,11.92830303838817,9.842862584570495
56,71.0,-0.28432372,-0.3483521,-0.30817997,-274.79,-187.24,-12.177964646912962,4.01153812609391,-274.79,-187.24,-27.0594374454406,8.913637716180668,-21.0,-21.744427737760677,-11.13,-8.04543826297145,-0.5,0.7444277377606774,8.822035353087038,9.566463090847716
56,71.0,-0.33008128,-0.18617825,-0.64200509,15.879999999999995,-32.09,-19.097537827986255,5.984892065640086,-274.79,-187.24,-42.43472905378547,13.29843016985227,0.0,1.2566014501096816,0.0,-8.04543826297145,-0.5,-1.2566014501096816,-19.097537827986255,-20.354139278095936
56,71.0,-0.32538629,-0.18028571,-0.63292587,14.870000000000005,-35.81999999999999,-19.307654585506207,6.05010030942836,-274.79,-187.24,-42.90160848899479,13.443322887549815,0.0,1.1766790656883486,0.0,-8.04543826297145,-0.5,-1.1766790656883486,-19.307654585506207,-20.484333651194554
56,71.0,-0.32778341,-0.17583446,-0.62238902,15.960000000000036,-33.480000000000004,-19.58129912110641,6.1164146660868575,-274.79,-187.24,-43.50964664709845,13.590673388044996,0.0,1.262931936004444,0.0,-8.04543826297145,-0.5,-1.262931936004444,-19.58129912110641,-20.844231057110857
56,71.0,-0.33703771,-0.15299948,-0.60567689,-125.01,-122.97,-25.22931337940632,7.152350045819993,-274.79,-187.24,-56.05953432904085,15.892521801812023,0.0,-9.892175521297942,0.0,-8.04543826297145,-0.5,9.892175521297942,-25.22931337940632,-15.33713785810838
56,71.0,-0.33762038,-0.1543225,-0.60069805,-261.93,-143.87,-25.767045522342947,7.232314631543366,-261.93,-143.87,-57.25437515064603,16.07020311128936,0.0,-20.726802130178147,0.0,-7.668916788165914,-0.5,20.726802130178147,-25.767045522342947,-5.0402433921648
56,71.0,-0.33734506,-0.15361603,-0.60061818,-261.93,11962.69,-26.247938536111157,7.304767570025827,-261.93,-143.87,-58.32291942723898,16.23119354059739,0.0,0.0,0.0,-7.668916788165914,-0.5,0.0,-26.247938536111157,-26.247938536111157
56,71.0,-0.33735463,-0.15754628,-0.59954184,422.8499999999999,447.04,-40.83498301496053,10.94050046140601,-261.93,-143.87,-90.7353322592423,24.30979202524416,-31.0,33.46057450748607,-16.43,-7.668916788165914,-0.5,-64.46057450748607,-9.834983014960528,-74.2955575224466
56,71.0,-0.34258536,-0.15486853,-0.60179597,464.71,472.59,-41.87004611029954,11.17691790130574,-261.93,-143.87,-93.03524245708556,24.83511157670136,30.0,36.77300125191879,15.9,-7.668916788165914,-0.5,-6.773001251918792,-71.87004611029954,-78.64304736221834
56,71.0,-0.34405372,-0.15445332,-0.60383219,435.46,448.37,-42.94858053597369,11.412542893518363,-261.93,-143.87,-95.43174595093352,25.35867030939781,4.0,34.45841734664749,2.12,-7.668916788165914,-0.5,-30.458417346647487,-46.94858053597369,-77.40699788262117
56,72.0,-0.20058596,-0.33614719,-0.32755545,-217.37,401.99,-14.348725489318255,4.623591887249525,-892.25,-164.5,-31.882868037265165,10.273621173468444,-26.0,-17.200721486797327,-13.78,-22.43098871581572,-0.5,-8.799278513202673,11.651274510681745,2.8519959974790723
56,72.0,-0.20227174,-0.33707654,-0.32621899,-892.25,-164.5,-14.47955275590042,4.66524175205465,-892.25,-164.5,-32.173566223610734,10.366167173065431,-26.0,-60.62429382652897,-13.78,-22.43098871581572,-0.5,34.62429382652897,11.52044724409958,46.14474107062855
56,72.0,-0.2011248,-0.3391954,-0.32658324,-6.759999999999991,-184.64,-14.558698310412291,4.703323754659914,-892.25,-164.5,-32.349427645736114,10.45078538285433,-26.0,-0.5349260581071434,-13.78,-22.43098871581572,-0.5,-25.465073941892857,11.441301689587709,-14.023772252305148
56,73.0,-0.31547189,-0.20287666,-0.26421785,229.36,-151.29,5.832694955851606,2.1422862938337843,,,12.960248191902268,4.760160144898668,9.0,18.14950306027435,4.7700000000000005,,0.5,-9.149503060274348,-3.167305044148394,-12.316808104422742
56,73.0,-0.3154963,-0.200986,-0.26464173,224.04,-161.82999999999998,5.822090033500956,2.152727584093125,,,12.936684054439125,4.7833606918549245,9.0,17.728525748272865,4.7700000000000005,,0.5,-8.728525748272865,-3.177909966499044,-11.90643571477191
56,73.0,-0.31303382,-0.19926952,-0.26548314,221.20000000000005,-153.81,5.838178200654862,2.161343874267297,,,12.972431961855104,4.802506088621934,9.0,17.50379349900892,4.7700000000000005,,0.5,-8.503793499008921,-3.1618217993451383,-11.665615298354059
56,73.0,-0.35013676,-0.24904834,-0.70188683,158.76,-159.53,11.221305422997167,3.653043431329769,,,24.933740649899704,8.117062504414745,-21.0,12.56284925814944,-11.13,,0.5,-33.56284925814944,32.22130542299717,-1.3415438351522724
56,73.0,-0.34691238,-0.24558063,-0.7003969,160.49,-159.24,11.36405354154293,3.682456511316909,,,25.250926969308388,8.182418368146172,-21.0,12.699746015623608,-11.13,,0.5,-33.69974601562361,32.36405354154293,-1.3356924740806786
56,73.0,-0.34922725,-0.24590415,-0.70215839,23.66999999999996,-133.11,11.46760928200252,3.70957596792942,,,25.4810278246096,8.242677800739171,-21.0,1.8730325141118465,-11.13,,0.5,-22.873032514111845,32.46760928200252,9.594576767890674
56,74.0,-0.32083261,-0.18209331,-0.26960182,290.25,-131.23,7.907194900968516,2.602530090587437,290.25,-131.23,17.569787069952042,5.782821861285284,9.0,22.96779413692287,4.7700000000000005,8.49808383066146,0.5,-13.967794136922869,-1.0928050990314837,-15.060599235954353
56,74.0,-0.31969312,-0.18075339,-0.26658496,287.89,-125.03,7.880993658741058,2.615749962243596,287.89,-125.03,17.511567909722633,5.81219641610527,11.0,22.781044803027477,5.83,8.428986577120165,0.5,-11.781044803027477,-3.1190063412589417,-14.900051144286419
56,74.0,-0.31891257,-0.18131284,-0.26395977,267.78,-143.19,7.939736101607537,2.629111584559406,267.78,-143.19,17.64209361777195,5.841885940891,13.0,21.189718911232404,6.890000000000001,7.840195997155989,0.5,-8.189718911232404,-5.060263898392463,-13.249982809624868
56,74.0,-0.34638965,-0.2172851,-0.64277196,12.129999999999995,-23.370000000000005,10.053608336935971,3.4044030073745475,267.78,-143.19,22.339117724671727,7.564583482386245,-21.0,0.9598599237928486,-11.13,7.840195997155989,0.5,-21.95985992379285,31.053608336935973,9.093748413143123
56,74.0,-0.34690365,-0.21829982,-0.64436239,9.91999999999996,-20.789999999999992,10.12756269168445,3.4267863711057887,267.78,-143.19,22.503444300922848,7.614319316597062,-21.0,0.7849802509501255,-11.13,7.840195997155989,0.5,-21.784980250950124,31.12756269168445,9.342582440734324
56,74.0,-0.34606814,-0.21743955,-0.64300543,12.129999999999995,-20.27000000000001,10.162289931443876,3.449453550033735,267.78,-143.19,22.580608227668293,7.66468578817496,-21.0,0.9598599237928486,-11.13,7.840195997155989,0.5,-21.95985992379285,31.162289931443876,9.202430007651028
56,75.0,-0.37148771,-0.3374292,-0.25999483,-183.48,-151.34,-8.915493982467796,2.890547697910738,,,-19.81022762904344,6.42279698475766,-16.0,-14.518969399630004,-8.48,,-0.5,-1.481030600369996,7.084506017532204,5.603475417162208
56,75.0,-0.37279004,-0.33907163,-0.26080909,-185.65,-146.76,-8.92644600256598,2.907590911112896,,,-19.83456301770161,6.460667004492854,-16.0,-14.69068382952534,-8.48,,-0.5,-1.3093161704746592,7.07355399743402,5.764237826959361
56,75.0,-0.36771455,-0.33610684,-0.2609112,-190.91,-155.12,-8.939307478109592,2.924830966959144,,,-19.863141216359512,6.498974408583218,-16.0,-15.106913277105752,-8.48,,-0.5,-0.8930867228942478,7.060692521890408,6.16760579899616
56,76.0,-0.3727206,-0.33617198,-0.26768553,-152.94000000000003,-200.15,-8.052612531196994,2.6026253567211453,,,-17.89290504431972,5.783033542634384,-18.0,-12.10230640930572,-9.54,,-0.5,-5.89769359069428,9.947387468803006,4.049693878108727
56,76.0,-0.37503344,-0.33511627,-0.26727119,-142.62,-198.92,-8.099506808587421,2.6165003035869203,,,-17.99710412868125,5.813863674570137,-18.0,-11.285673728881791,-9.54,,-0.5,-6.714326271118209,9.900493191412579,3.1861669202943705
56,76.0,-0.37133938,-0.33335814,-0.2662296,-178.35000000000002,-247.14,-8.143141067993591,2.630520848044548,,,-18.09405945308176,5.845017324354985,-18.0,-14.113026991628576,-9.54,,-0.5,-3.886973008371424,9.856858932006409,5.969885923634985
56,77.0,-0.33430985,-0.32436773,-0.26065475,-192.19000000000003,-258.14,-7.159824444705274,2.2760063580573844,-273.57000000000005,-312.17,-15.909129916135118,5.057286127603509,-16.0,-15.208201051421904,-8.48,-8.009718496310272,-0.5,-0.7917989485780961,8.840175555294726,8.04837660671663
56,77.0,-0.34013551,-0.32717589,-0.25880426,-190.57000000000005,-254.57,-7.193289441464228,2.2866577648287136,-273.57000000000005,-312.17,-15.983489138933514,5.080953553449401,-16.0,-15.080008712053033,-8.48,-8.009718496310272,-0.5,-0.9199912879469672,8.806710558535773,7.886719270588805
56,77.0,-0.33980989,-0.32619247,-0.25721008,-273.57000000000005,-312.17,-7.1901486254465405,2.2984919217009727,-273.57000000000005,-312.17,-15.976510245742212,5.107249050019562,-16.0,-21.6478878278656,-8.48,-8.009718496310272,-0.5,5.647887827865599,8.80985137455346,14.45773920241906
56,78.0,-0.32416672,-0.16639435,-0.25605884,311.30999999999995,-167.09,8.866458966651564,2.8471871039834,311.30999999999995,-167.09,19.701271823899773,6.326449745051114,13.0,24.6342945487182,6.890000000000001,9.114688983025731,0.5,-11.634294548718199,-4.133541033348436,-15.767835582066635
56,78.0,-0.32413724,-0.16264738,-0.25533423,317.44000000000005,-162.79000000000002,8.926128498957175,2.8653358667788327,317.44000000000005,-162.79000000000002,19.83385752468284,6.366776295982567,13.0,25.119368030404125,6.890000000000001,9.294166171249524,0.5,-12.119368030404125,-4.0738715010428255,-16.19323953144695
56,78.0,-0.32291701,-0.16026866,-0.25417888,326.26,-157.36,9.016774039819516,2.880344061330683,326.26,-157.36,20.03527191647896,6.4001245042767785,15.0,25.817304100301307,7.95,9.552402517111483,0.5,-10.817304100301307,-5.983225960180484,-16.80053006048179
56,79.0,-0.30429879,-0.33371547,-0.26875943,-227.58,-249.05,-8.533661007447588,2.9816936458009966,-306.45,-323.66,-18.96179475854854,6.625323280969814,-16.0,-18.008649749115957,-8.48,-8.972395486326288,-0.5,2.008649749115957,7.466338992552412,9.47498874166837
56,79.0,-0.30854645,-0.33343202,-0.26837012,-306.45,-323.66,-8.600863337501693,2.9998303253067444,-306.45,-323.66,-19.11111833592876,6.665622982831587,-16.0,-24.24971753061159,-8.48,-8.972395486326288,-0.5,8.24971753061159,7.399136662498307,15.648854193109898
56,79.0,-0.30729541,-0.33077967,-0.26916727,-230.34,-257.78,-8.59830445229341,3.0181915833994317,-306.45,-323.66,-19.10543249299596,6.706421698313536,-16.0,-18.227051512485147,-8.48,-8.972395486326288,-0.5,2.227051512485147,7.4016955477065896,9.628747060191737
56,80.0,-0.30327925,-0.35418612,-0.2727057,-251.29,-158.86,-11.308067622990118,5.183578337762489,-251.29,-158.86,-25.12652625828404,11.517911066508251,-15.0,-19.884847506175184,-7.95,-7.357393577284818,-0.5,4.884847506175184,3.6919323770098824,8.576779883185067
56,80.0,-0.30465528,-0.35506749,-0.27172622,-233.70000000000005,48.860000000000014,-11.469757625500884,5.2204690172470345,-251.29,-158.86,-25.485801443862965,11.59988215632291,-15.0,-18.49293192006503,-7.95,-7.357393577284818,-0.5,3.492931920065029,3.5302423744991156,7.023174294564145
56,80.0,-0.30452755,-0.35561225,-0.27280143,-236.79999999999995,43.74000000000001,-11.59248091672907,5.257905343713394,-251.29,-158.86,-25.758492596971998,11.68306567373116,-16.0,-18.738238248486944,-8.48,-7.357393577284818,-0.5,2.738238248486944,4.40751908327093,7.145757331757874
56,81.0,-0.25807142,-0.36460093,-0.30201846,-379.34,6.72999999999999,-13.074931974959956,4.357989597827231,-379.34,6.72999999999999,-29.052498848361022,9.683452886372107,-26.0,-30.017581491473976,-13.78,-11.10650515184537,-0.5,4.017581491473976,12.925068025040044,16.94264951651402
56,81.0,-0.2584987,-0.3631531,-0.29852644,-381.78,2.3100000000000023,-13.192745206308272,4.395657414474263,-381.78,2.3100000000000023,-29.31427984841698,9.767150774961811,-26.0,-30.21066131126413,-13.78,-11.177944685167729,-0.5,4.210661311264129,12.807254793691728,17.01791610495586
56,81.0,-0.25825658,-0.36159259,-0.29887566,-378.93,-1.759999999999991,-13.312418543830663,4.433928484939164,-378.93,-1.759999999999991,-29.58019400439174,9.852189093534824,-26.0,-29.98513775126333,-13.78,-11.094500967967434,-0.5,3.9851377512633306,12.687581456169337,16.672719207432667
56,82.0,-0.3426857,-0.16104117,-0.27046144,301.37,-127.9,7.485098886110102,2.7933643450010783,301.37,-127.9,16.63188972493665,6.206855574592396,9.0,23.847731676294384,4.7700000000000005,8.823660720228922,0.5,-14.847731676294384,-1.5149011138898976,-16.362632790184282
56,82.0,-0.34358436,-0.16100913,-0.27108324,305.0,-134.1,7.600610477794937,2.809382848716605,305.0,-134.1,16.88855648166035,6.242448689848296,11.0,24.13497747376908,5.83,8.92994166529456,0.5,-13.13497747376908,-3.3993895222050634,-16.534366995974143
56,82.0,-0.34266511,-0.16280887,-0.27211043,307.99,-127.27,7.651244636977761,2.827208074360528,307.99,-127.27,17.001065583364586,6.282056341229093,11.0,24.371579384085702,5.83,9.01748437211171,0.5,-13.371579384085702,-3.3487553630222386,-16.72033474710794
56,83.0,-0.35316262,-0.12328148,-0.29913527,217.82000000000005,-67.38,9.309628336415978,3.274590412756173,,,20.685994163516305,7.276139897144216,7.0,17.23633046995535,3.71,,0.5,-10.236330469955352,2.3096283364159778,-7.926702133539374
56,83.0,-0.35168818,-0.13122672,-0.28028452,110.83000000000004,-72.22,9.2877830417754,3.2963963704237176,,,20.63745391882494,7.3245927350815,7.0,8.770096896451896,3.71,,0.5,-1.7700968964518964,2.2877830417754,0.5176861453235038
56,83.0,-0.3498193,-0.1391384,-0.27260494,113.5,-75.79,9.361415504369203,3.3207319941862234,,,20.80106525070837,7.3786664910817885,7.0,8.981376863189476,3.71,,0.5,-1.9813768631894764,2.3614155043692033,0.38003864117972697
56,84.0,-0.22567946,-0.13018638,-0.31626123,468.27,-17.32,13.084948751814707,4.253260953626087,468.27,-17.32,29.07475612653228,9.450745838957165,32.0,37.05470787423556,16.96,13.710241913467158,0.5,-5.054707874235561,-18.915051248185293,-23.969759122420854
56,84.0,-0.22518113,-0.12995297,-0.3165589,457.56,-81.37,13.218061513837482,4.288921247603772,457.56,-81.37,29.370532683746884,9.52998301217558,32.0,36.20721407507468,16.96,13.396669207777633,0.5,-4.207214075074681,-18.781938486162517,-22.989152561237198
56,84.0,-0.22636986,-0.12841572,-0.31649122,386.54,-118.67,13.331519811800256,4.321490717575162,386.54,-118.67,29.622637021820168,9.602352374452009,32.0,30.58732522200229,16.96,11.317310332140847,0.5,1.4126747779977116,-18.668480188199744,-17.255805410202033
56,85.0,-0.36040932,-0.15386257,-0.25392771,349.65,21.80000000000001,7.95182678656029,2.5399990928950618,349.65,21.80000000000001,17.668959119736964,5.643877984412827,11.0,27.6681799137815,5.83,10.237226568099157,0.5,-16.6681799137815,-3.0481732134397097,-19.71635312722121
56,85.0,-0.3656714,-0.15183236,-0.2541087,350.97,13.930000000000009,7.896773151578372,2.553152466868942,350.97,13.930000000000009,17.54662994280714,5.673104781382789,11.0,27.772632931045035,5.83,10.275874184486662,0.5,-16.772632931045035,-3.1032268484216283,-19.875859779466662
56,85.0,-0.36263302,-0.14898624,-0.25588331,343.15,9.650000000000006,8.046091883580885,2.565095488148084,343.15,9.650000000000006,17.87841616531673,5.699642174665043,11.0,27.15382793483232,5.83,10.04691633588796,0.5,-16.15382793483232,-2.9539081164191145,-19.107736051251436
56,86.0,-0.27546111,-0.17776619,-0.26947314,271.46000000000004,-201.4,8.033670731432533,2.9832787512819787,271.46000000000004,-201.4,17.850816365243087,6.628845385348558,15.0,21.480921262391327,7.95,7.947940867084791,0.5,-6.480921262391327,-6.966329268567467,-13.447250530958794
56,86.0,-0.2758908,-0.17761073,-0.26920891,269.6,-200.93,7.988426513433173,2.9978188836239554,269.6,-200.93,17.75028371284851,6.661153559412429,15.0,21.33373746533818,7.95,7.893482862175127,0.5,-6.3337374653381815,-7.011573486566827,-13.34531095190501
56,86.0,-0.27608427,-0.17609446,-0.26876706,272.86,-193.81,8.10562378041311,3.0217523079637307,272.86,-193.81,18.010696040077928,6.714333628295409,15.0,21.59170476554961,7.95,7.988930763253356,0.5,-6.591704765549611,-6.89437621958689,-13.486080985136502
56,87.0,-0.28744978,-0.13767172,-0.27048036,239.42999999999995,-149.47,10.240994079259332,3.700969196684192,,,22.75548884411424,8.223553555032275,20.0,18.94635297227715,10.6,,0.5,1.0536470277228496,-9.759005920740668,-8.705358893017818
56,87.0,-0.28738391,-0.13799009,-0.26963872,38.49000000000001,-114.5,10.315384960687062,3.725805170181303,,,22.920785382646653,8.278739088142856,18.0,3.045755026115974,9.54,,0.5,14.954244973884027,-7.684615039312938,7.269629934571088
56,87.0,-0.2878384,-0.13590069,-0.27055264,72.57999999999998,-115.02,10.489313605754925,3.759415144747385,,,23.30725483198744,8.35342045162869,20.0,5.743333328020195,10.6,,0.5,14.256666671979804,-9.510686394245075,4.74598027773473
56,88.0,-0.27765957,-0.12155003,-0.27470061,472.8200000000001,-259.44,13.243820931483077,4.98129991028137,472.8200000000001,-259.44,29.4277701097554,11.068448400645202,25.0,37.41475425949999,13.25,13.843459076014994,0.5,-12.414754259499993,-11.756179068516923,-24.170933328016915
56,88.0,-0.27930087,-0.12299034,-0.27539566,471.46,-274.83,13.376585293377431,5.030253480198964,471.46,-274.83,29.722772521884657,11.1772232330021,23.0,37.30713599928909,12.19,13.803640319736962,0.5,-14.307135999289088,-9.623414706622569,-23.930550705911656
56,88.0,-0.27633905,-0.11967602,-0.27431896,480.68,-280.56,13.511256587181569,5.075042814205615,480.68,-280.56,30.022012136717443,11.276745133164876,25.0,38.03672449866007,13.25,14.073588064504229,0.5,-13.036724498660071,-11.488743412818431,-24.5254679114785
56,89.0,-0.31776416,-0.16817896,-0.25738847,232.79999999999995,-244.86,7.498484109554259,3.3884597441905795,253.96000000000004,-233.15,16.661631691429566,7.529157551591468,7.0,18.421713953748988,3.71,7.435567164977725,0.5,-11.421713953748988,0.49848410955425937,-10.92322984419473
56,89.0,-0.31808087,-0.16699651,-0.25756946,242.79,-242.58,7.516146907971613,3.410239646196686,253.96000000000004,-233.15,16.700878429512926,7.577552493849037,7.0,19.21223337985703,3.71,7.435567164977725,0.5,-12.212233379857029,0.5161469079716126,-11.696086471885415
56,89.0,-0.31619522,-0.16849884,-0.25888312,253.96000000000004,-233.15,7.560044803567989,3.428587540664998,253.96000000000004,-233.15,16.79841955352807,7.618321515357625,7.0,20.096127472912773,3.71,7.435567164977725,0.5,-13.096127472912773,0.5600448035679886,-12.536082669344784
56,90.0,-0.34127355,-0.1537226,-0.26518247,275.5,-199.35,7.93782441123217,2.97171600601846,275.5,-199.35,17.637845841757883,6.603152965373017,11.0,21.80061080007666,5.83,8.066225996028365,0.5,-10.800610800076662,-3.06217558876783,-13.86278638884449
56,90.0,-0.34197384,-0.15326126,-0.26478633,279.08000000000004,-208.6,7.978418826212223,2.987123704629921,279.08000000000004,-208.6,17.728046631843558,6.637388871687685,11.0,22.08390004386713,5.83,8.171043016230838,0.5,-11.083900043867128,-3.0215811737877774,-14.105481217654905
56,90.0,-0.34342924,-0.15343866,-0.26528776,280.97,-209.49,8.006450365006886,3.0079190070505715,280.97,-209.49,17.790332711045302,6.68359603366637,11.0,22.23345777313082,5.83,8.226379376058404,0.5,-11.23345777313082,-2.993549634993114,-14.227007408123933
56,91.0,-0.32497567,-0.3307294,-0.25658274,-299.18,-235.81,-8.234166636340046,3.0012458215692104,-299.18,-235.81,-18.29631826594758,6.668768215526786,-16.0,-23.674434624925357,-8.48,-8.759540811222381,-0.5,7.674434624925357,7.765833363659954,15.440267988585312
56,91.0,-0.32095635,-0.3305853,-0.25678167,-300.78,-235.5,-8.307478116744926,3.0214845899562977,-300.78,-235.5,-18.459216375407227,6.713738758882893,-16.0,-23.80104434282053,-8.48,-8.806386406843597,-0.5,7.8010443428205285,7.692521883255074,15.493566226075602
56,91.0,-0.3234742,-0.33051205,-0.25568339,-295.15,-258.46,-8.33675202759632,3.038254862636408,-295.15,-258.46,-18.524263005319025,6.751002304778098,-16.0,-23.35553639797686,-8.48,-8.641548467251438,-0.5,7.355536397976859,7.6632479724036795,15.018784370380539
56,92.0,-0.34054363,-0.30044428,-0.26253045,-250.09,-193.73,-6.141675102657829,2.109554344742244,-250.09,-193.73,-13.646802078105695,4.687429754017267,-14.0,-19.7898902177538,-7.42,-7.322259380568906,-0.5,5.7898902177538005,7.858324897342171,13.648215115095972
56,92.0,-0.34111139,-0.30023232,-0.25990441,-764.65,2090.52,-6.0999570633323605,2.1178028598551526,-250.09,-193.73,-13.554104594724503,4.70575795459815,-14.0,-55.57573132545858,-7.42,-7.322259380568906,-0.5,41.57573132545858,7.9000429366676395,49.475774262126215
56,92.0,-0.34254524,-0.30231568,-0.25799349,-735.48,1887.24,-6.146403551174249,2.1279776549696385,-250.09,-193.73,-13.65730869070918,4.7283663493425365,-14.0,-54.42160461577031,-7.42,-7.322259380568906,-0.5,40.42160461577031,7.853596448825751,48.27520106459606
56,93.0,-0.34248355,-0.30989787,-0.25897136,-153.27999999999997,-168.31,-6.675633161080873,2.2131775458572345,,,-14.8332568839217,4.917680506894776,-14.0,-12.129210974358438,-7.42,,-0.5,-1.870789025641562,7.324366838919127,5.453577813277565
56,93.0,-0.34144574,-0.30921987,-0.25931558,-148.31,-165.64,-6.715399832239296,2.224273798458726,,,-14.921618427235716,4.942336380175289,-14.0,-11.73592953814653,-7.42,,-0.5,-2.2640704618534695,7.284600167760704,5.020529705907235
56,93.0,-0.34009627,-0.30950809,-0.25830269,-153.11,-169.01,-6.716416225678843,2.2344580518874757,,,-14.92387685345839,4.96496579129397,-14.0,-12.11575869183208,-7.42,,-0.5,-1.8842413081679208,7.283583774321157,5.399342466153236
56,94.0,-0.33060074,-0.32851869,-0.26519743,-10.730000000000018,-53.93000000000001,-7.39218958836122,2.574195992492308,,,-16.42544526533863,5.719863495317908,-16.0,-0.8490764206345661,-8.48,,-0.5,-15.150923579365434,8.60781041163878,-6.543113167726654
56,94.0,-0.33553597,-0.3269352,-0.26022771,-2.169999999999959,-72.9,-7.458494745811848,2.589151694934983,,,-16.572775325193927,5.753095066145533,-15.0,-0.1717144298953374,-7.95,,-0.5,-14.828285570104663,7.541505254188152,-7.28678031591651
56,94.0,-0.33216444,-0.32681558,-0.25886869,-1.9700000000000275,-68.95,-7.464062373142395,2.6028997305612127,,,-16.585146593122403,5.783643201307014,-15.0,-0.155888215158445,-7.95,,-0.5,-14.844111784841555,7.535937626857605,-7.3081741579839505
56,95.0,-0.30197188,-0.13866301,-0.24779713,414.28,-196.14,11.849142634078325,4.275448472459443,414.28,-196.14,26.32879493292204,9.500046505804884,20.0,32.78242120601001,10.6,12.129495846223705,0.5,-12.782421206010007,-8.150857365921675,-20.93327857193168
56,95.0,-0.30114982,-0.13872078,-0.24815601,359.69000000000005,-188.76,11.94338437547002,4.315530531680078,359.69000000000005,-188.76,26.538200082294384,9.58910884139313,20.0,28.46265589357377,10.6,10.531182680622296,0.5,-8.462655893573771,-8.05661562452998,-16.51927151810375
56,95.0,-0.30375326,-0.13612169,-0.24998984,367.63,-190.21,12.05659536145893,4.352604332296707,367.63,-190.21,26.789754893161746,9.671486826363283,20.0,29.09095661862861,10.6,10.763653948892586,0.5,-9.09095661862861,-7.94340463854107,-17.034361257169678
56,96.0,-0.30482012,-0.33749619,-0.26186898,-15.370000000000005,-92.89,-10.055805485284976,4.597360799862468,-265.27,-157.59,-22.34399978830321,10.215335697294403,-16.0,-1.216244602530593,-8.48,-7.766706969025205,-0.5,-14.783755397469406,5.944194514715024,-8.839560882754384
56,96.0,-0.30597425,-0.33734411,-0.26223081,-72.52999999999997,-108.98,-10.035251929627876,4.630582964312644,-265.27,-157.59,-22.298329787633143,10.289155346702696,-16.0,-5.73937677433597,-8.48,-7.766706969025205,-0.5,-10.26062322566403,5.964748070372124,-4.295875155291906
56,96.0,-0.30259153,-0.33633396,-0.26493731,-265.27,-157.59,-10.196940284635104,4.660894131199154,-265.27,-157.59,-22.657601312459203,10.35650675952452,-16.0,-20.991099916284337,-8.48,-7.766706969025205,-0.5,4.9910999162843375,5.8030597153648955,10.794159631649233
56,97.0,-0.28177083,-0.08311746,-0.27545995,112.45000000000005,58.09,18.13603831927614,5.991710779607751,,,40.298277145431584,13.313581352288422,32.0,8.898289235820767,16.96,,0.5,23.10171076417923,-13.863961680723861,9.237749083455371
56,97.0,-0.28177351,-0.08107127,-0.26539341,100.14,-108.26,18.450392254034757,6.074296482485718,,,40.99677158846522,13.497086784083264,35.0,7.924185718764706,18.55,,0.5,27.075814281235296,-16.549607745965243,10.52620653527005
56,97.0,-0.28277418,-0.08408312,-0.26725641,101.89,-104.01,18.70364348200689,6.176037878190759,,,41.5594958170193,13.723156165339867,35.0,8.06266509771256,18.55,,0.5,26.93733490228744,-16.29635651799311,10.640978384294328
56,98.0,-0.31798318,-0.16830821,-0.25850454,62.25,45.84,9.54167808327449,3.640238973566378,,,21.20160870103592,8.08861099926449,13.0,4.925909336859426,6.890000000000001,,0.5,8.074090663140574,-3.4583219167255095,4.615768746415065
56,98.0,-0.32361633,-0.16553073,-0.25217831,47.09000000000003,35.0,9.610083619258498,3.670710058370751,,,21.353605801992384,8.15631774969981,13.0,3.7262822598025793,6.890000000000001,,0.5,9.273717740197421,-3.389916380741502,5.883801359455919
56,98.0,-0.32308099,-0.16669033,-0.24944898,39.71000000000004,36.360000000000014,9.74600144609902,3.69602296066064,,,21.655615213232025,8.21256301858794,13.0,3.1422949360110524,6.890000000000001,,0.5,9.857705063988949,-3.2539985539009795,6.603706510087968
56,99.0,-0.35934505,-0.20242028,-0.25281096,319.54999999999995,53.35,7.122774153587667,2.146827627183232,319.54999999999995,53.35,15.826804169271796,4.770250987601141,6.0,25.28633459587839,3.18,9.355943800475004,0.5,-19.28633459587839,1.1227741535876667,-18.163560442290724
56,99.0,-0.3586283,-0.200625,-0.25072214,322.82000000000005,-42.89,7.0949989906595885,2.1572760527165147,322.82000000000005,-42.89,15.765087757245606,4.793467389136096,6.0,25.54509320682667,3.18,9.451684486525869,0.5,-19.54509320682667,1.0949989906595885,-18.45009421616708
56,99.0,-0.3564468,-0.20080702,-0.25227201,324.95000000000005,-83.78,7.133036859220304,2.167827353338704,324.95000000000005,-83.78,15.849607901187516,4.816912379118601,6.0,25.71364239377463,3.18,9.514047685696614,0.5,-19.71364239377463,1.1330368592203044,-18.580605534554326
56,100.0,-0.22619329,-0.42956305,-0.41929367,602.2,631.55,7.511325690483028,2.25383556138491,-893.75,-111.25,16.690165684253287,5.00802261739727,-31.0,47.65273257279915,-16.43,-22.45294758876317,0.5,-78.65273257279915,38.51132569048303,-40.141406882316126
56,100.0,-0.21485451,-0.45573732,-0.36664957,-893.75,-111.25,7.426061681456772,2.265327926041524,-893.75,-111.25,16.500709056196946,5.033558651664266,-39.0,-60.68364213179234,-20.67,-22.45294758876317,0.5,21.68364213179234,46.42606168145677,68.10970381324911
56,100.0,-0.20067486,-0.46103224,-0.34013772,516.44,580.79,7.489060938931182,2.2757619912605,-893.75,-111.25,16.640693406305086,5.056743144580831,-45.0,40.8664516936174,-23.85,-22.45294758876317,0.5,-85.86645169361739,52.48906093893118,-33.37739075468622
56,100.0,-0.20083076,-0.46408239,-0.33743799,96.90999999999995,-157.59,7.953405708540911,2.3601209506575307,-893.75,-111.25,17.672467484377904,5.244188752361033,-45.0,7.668592350763807,-23.85,-22.45294758876317,0.5,-52.66859235076381,52.95340570854091,0.2848133577771046
56,100.0,-0.2126551,-0.46341521,-0.35067302,218.62,-197.69,8.082055700248008,2.373902579972939,-893.75,-111.25,17.958327765951072,5.274811532699871,-45.0,17.299635328902937,-23.85,-22.45294758876317,0.5,-62.29963532890294,53.082055700248006,-9.21757962865493
56,100.0,-0.22706902,-0.43866059,-0.39240658,317.65,-151.65,8.026964368658833,2.3853160290790294,317.65,-151.65,17.835914827159925,5.300172216613603,-45.0,25.13598555587786,-23.85,9.300314655674809,0.5,-70.13598555587785,53.02696436865883,-17.109021187219028
56,100.0,-0.2702035,-0.11936256,-0.29308954,479.12,-295.74,14.838053310129135,4.095930079427763,479.12,-295.74,32.970154455106936,9.10115663648849,27.0,37.91328002371227,14.31,14.02791360877354,0.5,-10.913280023712268,-12.161946689870865,-23.075226713583135
56,100.0,-0.26744193,-0.1178709,-0.28820083,495.18,-287.4,14.982305981359715,4.144305193935583,495.18,-287.4,33.290683890581285,9.208646140924866,32.0,39.18412506708516,16.96,14.498126274821509,0.5,-7.184125067085162,-17.017694018640285,-24.201819085725447
56,100.0,-0.26646385,-0.11744988,-0.28806204,562.54,-281.87,15.106233033332307,4.193716921778097,562.54,-281.87,33.566049800064384,9.31843900019093,32.0,44.51439419047232,16.96,16.470325850474758,0.5,-12.514394190472323,-16.89376696666769,-29.408161157140015
56,101.0,-0.38391995,-0.32393795,-0.25557816,127.30999999999996,123.21,-8.262210090977877,2.519984197603915,,,-18.358630822152843,5.5994048870759,-16.0,10.074176990772262,-8.48,,-0.5,-26.074176990772262,7.737789909022123,-18.33638708175014
56,101.0,-0.38111192,-0.32272393,-0.2525678,67.97000000000003,129.74,-8.304997622033884,2.5358183050519654,,,-18.45370471615929,5.634588273825467,-16.0,5.378539078334705,-8.48,,-0.5,-21.378539078334704,7.695002377966116,-13.683536700368588
56,101.0,-0.38286674,-0.32373396,-0.25255966,93.80999999999996,-75.94,-8.331840693065805,2.548908769531568,,,-18.51335001999222,5.663675285899145,-16.0,7.423286022341887,-8.48,,-0.5,-23.423286022341888,7.668159306934195,-15.755126715407691
56,102.0,-0.19972964,-0.39489883,-0.42717969,11.680000000000064,-218.28,7.365601593690235,2.2523009656248725,-391.39,-155.54,16.3663667411797,5.004612745618466,-31.0,0.924250940634834,-16.43,-11.459311043867665,0.5,-31.924250940634835,38.365601593690236,6.441350653055401
56,102.0,-0.1822177,-0.40908143,-0.38419542,-64.1099999999999,-195.25,7.4071893625520655,2.263779163825276,-391.39,-155.54,16.45877476359069,5.030117302019764,-39.0,-5.073093133912568,-20.67,-11.459311043867665,0.5,-33.926906866087435,46.40718936255207,12.480282496464634
56,102.0,-0.17277332,-0.43388104,-0.35329935,-130.83999999999992,-152.17000000000002,7.499119153236625,2.275367672815757,-391.39,-155.54,16.66304275849178,5.055866968996614,-45.0,-10.353509680878506,-23.85,-11.459311043867665,0.5,-34.6464903191215,52.49911915323663,17.85262883411513
56,102.0,-0.29115149,-0.13740276,-0.2758874,-391.39,-155.54,11.831340247699826,3.433674594141502,-391.39,-155.54,26.28923803038901,7.629624948182418,15.0,-30.971110929372063,7.95,-11.459311043867665,0.5,45.97111092937206,-3.168659752300174,42.80245117707189
56,102.0,-0.29040518,-0.1390485,-0.26492584,-417.95,-173.52,12.004763928275883,3.4592662725217496,-417.95,-173.52,26.674585448629013,7.686489657543328,18.0,-33.07283224643209,9.54,-12.236947931179872,0.5,51.07283224643209,-5.995236071724117,45.07759617470798
56,102.0,-0.28957254,-0.13954858,-0.26078829,153.39,-149.95,12.1804370025661,3.485168485617206,-417.95,-173.52,27.064931019701877,7.744044375041433,18.0,12.137915392463732,9.54,-12.236947931179872,0.5,5.862084607536268,-5.8195629974339,0.042521610102367546
56,103.0,-0.36408046,-0.18507361,-0.23298076,363.03,-120.55,9.692768473498232,3.725414024059534,363.03,-120.55,21.53733154811307,8.277869961460285,9.0,28.72695367967996,4.7700000000000005,10.628972861481584,0.5,-19.72695367967996,0.6927684734982318,-19.034185206181725
56,103.0,-0.36306155,-0.18438596,-0.23021653,374.97,-93.43,9.761164751427556,3.751473670284145,374.97,-93.43,21.68930807767203,8.33577449537137,9.0,29.671778699472764,4.7700000000000005,10.978558118804925,0.5,-20.671778699472764,0.7611647514275557,-19.91061394804521
56,103.0,-0.36469173,-0.1844074,-0.22973149,390.6600000000001,-121.18,9.768050644281772,3.780836769543874,390.6600000000001,-121.18,21.704608531594097,8.401019301926485,9.0,30.9133452455824,4.7700000000000005,11.437937740865488,0.5,-21.9133452455824,0.7680506442817716,-21.145294601300627
56,104.0,-0.35770246,-0.4161447,-0.28787372,64.24000000000001,190.82,-15.92270095429886,5.093448844315221,,,-35.38024152045207,11.317643332068425,-26.0,5.083380173491561,-13.78,,-0.5,-31.083380173491562,10.07729904570114,-21.00608112779042
56,104.0,-0.36347762,-0.41982827,-0.28365868,-1.9600000000000364,163.15,-16.079513841370336,5.154593200278005,,,-35.72867975552489,11.453506091017726,-26.0,-0.1550969044216009,-13.78,,-0.5,-25.8449030955784,9.920486158629664,-15.924416936948735
56,104.0,-0.36096859,-0.41803643,-0.28170833,-139.48000000000002,43.47,-16.282233197889052,5.21132844710658,,,-36.17912216570947,11.579571809470822,-26.0,-11.037202157512498,-13.78,,-0.5,-14.962797842487502,9.717766802110948,-5.2450310403765545
56,105.0,-0.367304,-0.13100046,-0.2472223,227.75,-93.53,10.307609127470098,2.9251220859547087,,,22.90350748123856,6.499621274991364,13.0,18.02210203164232,6.890000000000001,,0.5,-5.022102031642319,-2.692390872529902,-7.714492904172221
56,105.0,-0.36488301,-0.13039944,-0.24717987,106.45000000000005,-7.149999999999999,10.331077798136956,2.9439875565692235,,,22.95565486746032,6.541540350696815,15.0,8.423502793713835,7.95,,0.5,6.576497206286165,-4.668922201863044,1.907575004423121
56,105.0,-0.36565372,-0.12702416,-0.24911517,123.02999999999996,1.7399999999999949,10.492326682878444,2.963072692511035,,,23.313949889355904,6.583947522759519,15.0,9.735495995402651,7.95,,0.5,5.264504004597349,-4.507673317121556,0.7568306874757926
56,106.0,-0.33647352,-0.08898149,-0.24782895,190.39,43.5,13.583027098498809,3.6362358616481782,,,30.18148621286435,8.079716084582252,30.0,15.065765118789818,15.9,,0.5,14.934234881210182,-16.41697290150119,-1.4827380202910092
56,106.0,-0.33854777,-0.08803437,-0.24548343,213.94000000000003,59.06,13.715903159357882,3.664148985979665,,,30.476736820093212,8.141739046846814,32.0,16.929301904059535,16.96,,0.5,15.070698095940465,-18.284096840642118,-3.213398744701653
56,106.0,-0.33429289,-0.08909037,-0.24598314,125.10000000000002,-24.419999999999987,13.730746569484507,3.692438964394059,,,30.509718877394576,8.2045993788836,32.0,9.899297317929548,16.96,,0.5,22.10070268207045,-18.26925343051549,3.831449251554959
56,107.0,-0.34350568,-0.10370422,-0.24103558,70.10000000000002,47.21000000000001,13.27019855949516,4.062347631305412,,,29.486381199198245,9.026536436760624,25.0,5.547088265282666,13.25,,0.5,19.452911734717333,-11.72980144050484,7.7231102942124945
56,107.0,-0.34250534,-0.10529985,-0.23934534,17.720000000000027,62.94,13.38246808799083,4.087872490863498,,,29.735844091515624,9.083252674698691,25.0,1.4022026256891431,13.25,,0.5,23.597797374310858,-11.61753191200917,11.980265462301688
56,107.0,-0.34725243,-0.10639925,-0.23643526,22.74000000000001,97.57,13.587680805500122,4.123460869283745,,,30.19182674982127,9.162330051548482,25.0,1.7994406155852758,13.25,,0.5,23.200559384414724,-11.412319194499878,11.788240189914847
56,108.0,-0.35443842,-0.13389935,-0.24230585,180.14,7.09,11.10658476807538,2.853383845965676,267.6,-123.7,24.678831354663497,6.340218905735734,18.0,14.254671613523808,9.54,7.834925867648605,0.5,3.745328386476192,-6.893415231924619,-3.148086845448427
56,108.0,-0.35586959,-0.13087502,-0.23978828,214.14,16.21,11.188628425155734,2.8710535883428374,267.6,-123.7,24.86113236069604,6.379481073297784,18.0,16.945128118796426,9.54,7.834925867648605,0.5,1.0548718812035744,-6.811371574844266,-5.756499693640691
56,108.0,-0.35768139,-0.12709834,-0.23847571,267.6,-123.7,11.31545804361248,2.88890901046936,267.6,-123.7,25.14294777290693,6.419155821262917,20.0,21.175475317969205,10.6,7.834925867648605,0.5,-1.1754753179692052,-8.68454195638752,-9.860017274356725
56,109.0,-0.34866816,-0.0682639,-0.28044042,586.8800000000001,3.6999999999999886,14.295098574542898,4.273295611439154,586.8800000000001,3.6999999999999886,31.76370903263432,9.4952628486178,26.0,46.44044452395279,13.78,17.18296447386253,0.5,-20.44044452395279,-11.704901425457102,-32.145345949409894
56,109.0,-0.35006803,-0.06767005,-0.27090564,600.06,-7.620000000000003,14.460575163647173,4.311305050483209,600.06,-7.620000000000003,32.131398013624015,9.579719822173688,27.0,47.48339207511433,14.31,17.568855067792303,0.5,-20.48339207511433,-12.539424836352827,-33.02281691146716
56,109.0,-0.35132387,-0.06564031,-0.2671921,120.37,56.52000000000001,14.695558747605451,4.364646330692297,600.06,-7.620000000000003,32.65353153717932,9.698244146798285,29.0,9.525007339401917,15.37,17.568855067792303,0.5,19.474992660598083,-14.304441252394549,5.170551408203535
56,110.0,-0.352164,-0.11599963,-0.22775145,471.83,-39.15,11.173510855768813,3.531090266820168,471.83,-39.15,24.8275411215183,7.84608257287441,15.0,37.33641449655234,7.95,13.814473363724368,0.5,-22.336414496552337,-3.8264891442311875,-26.162903640783526
56,110.0,-0.3508774,-0.11817069,-0.22501288,473.94000000000005,-27.15,11.298266092504994,3.55823031394093,473.94000000000005,-27.15,25.10474725754609,7.906387757576747,18.0,37.50338106202662,9.54,13.87625099294985,0.5,-19.50338106202662,-6.701733907495006,-26.205114969521624
56,110.0,-0.34780467,-0.11778098,-0.22480132,516.14,-22.4,11.523464783739769,3.5829917484455973,516.14,-22.4,25.605138749469766,7.961407665046119,18.0,40.84271237151204,9.54,15.111803577459456,0.5,-22.842712371512043,-6.476535216260231,-29.319247587772274
56,111.0,-0.31026143,-0.33325282,-0.3140797,-161.96000000000004,-277.48,-9.663846725233592,3.1621915657156303,,,-21.47306742346904,7.02638965902013,-24.0,-12.816068693939808,-12.72,,-0.5,-11.183931306060192,14.336153274766408,3.1522219687062165
56,111.0,-0.33131966,-0.33084014,-0.29099542,-102.5,-136.51999999999998,-9.747444656321376,3.18233454145785,,,-21.658822026346098,7.071147351119342,-21.0,-8.1109350526601,-11.13,,-0.5,-12.8890649473399,11.252555343678624,-1.6365096036612758
56,111.0,-0.35891601,-0.33630458,-0.27101263,-109.01999999999998,-150.16,-9.710590262495108,3.1986243399919667,,,-21.57693156326413,7.107343283462149,-21.0,-8.626869653082966,-11.13,,-0.5,-12.373130346917034,11.289409737504892,-1.0837206094121417
56,112.0,-0.3238146,-0.18042156,-0.22375868,421.24,-47.99,8.621494856433483,2.780403803933777,421.24,-47.99,19.1569615709952,6.178057252340854,13.0,33.33317347885406,6.890000000000001,12.333274187176,0.5,-20.333173478854057,-4.378505143566517,-24.711678622420575
56,112.0,-0.32579052,-0.17756553,-0.22355814,434.06,-52.97,8.641507639853675,2.795932934681601,434.06,-52.97,19.201429975754863,6.212562980862519,15.0,34.3476338434892,7.95,12.708624522091004,0.5,-19.3476338434892,-6.358492360146325,-25.706126203635524
56,112.0,-0.32465175,-0.17864425,-0.22376294,446.8,-49.38,8.671272579537913,2.8133915038926216,446.8,-49.38,19.267567671733243,6.251355921649405,15.0,35.35576372222958,7.95,13.081632577224946,0.5,-20.355763722229582,-6.328727420462087,-26.68449114269167
56,113.0,-0.28560629,-0.17320806,-0.25151336,394.44000000000005,-199.99,9.615717082013653,3.1968855423699867,394.44000000000005,-199.99,21.366123356234336,7.103479675146111,18.0,31.21246070410976,9.54,11.54861046052061,0.5,-13.212460704109759,-8.384282917986347,-21.596743622096106
56,113.0,-0.28479663,-0.16978918,-0.25140291,402.6400000000001,-203.25,9.724181262876035,3.2172755426328865,402.6400000000001,-203.25,21.607130766110554,7.148786255730274,20.0,31.86133550832257,10.6,11.788694138079352,0.5,-11.861335508322568,-10.275818737123965,-22.13715424544653
56,113.0,-0.28428081,-0.16843009,-0.25109494,408.48,-201.66,9.765901989900843,3.2401904394007497,408.48,-201.66,21.699834221559676,7.199703156348465,20.0,32.323460978639986,10.6,11.959680562096796,0.5,-12.323460978639986,-10.234098010099157,-22.557558988739142
56,114.0,-0.3372792,-0.14431031,-0.23631941,405.3599999999999,-167.73000000000002,9.730066054114925,3.1449747332648474,405.3599999999999,-167.73000000000002,21.62020677224336,6.988133857314491,18.0,32.076572028744366,9.54,11.868331650635415,0.5,-14.076572028744366,-8.269933945885075,-22.34650597462944
56,114.0,-0.338633,-0.14505917,-0.23699774,421.32,-167.91,9.772710096857972,3.1646692781383194,421.32,-167.91,21.71496183521841,7.031895136023346,18.0,33.339503964748815,9.54,12.33561646695706,0.5,-15.339503964748815,-8.227289903142028,-23.566793867890844
56,114.0,-0.33367151,-0.14584076,-0.23706925,428.3299999999999,-179.17000000000002,9.81323520577187,3.186851936205643,428.3299999999999,-179.17000000000002,21.80500862722509,7.081185002248938,18.0,33.89421279127708,9.54,12.540858732772518,0.5,-15.894212791277077,-8.18676479422813,-24.08097758550521
56,115.0,-0.3467561,-0.11559609,-0.2454364,453.22,-116.98,10.98510672620529,4.185822719089293,453.22,-116.98,24.408907145628152,9.30089808181641,25.0,35.86378521528401,13.25,13.269600529655085,0.5,-10.863785215284011,-14.01489327379471,-24.878678489078723
56,115.0,-0.3475756,-0.11435631,-0.24666068,465.5,-114.25,11.13410661841659,4.224386413520046,465.5,-114.25,24.739984906121663,9.38658661084154,25.0,36.83551480012953,13.25,13.629140476047926,0.5,-11.83551480012953,-13.86589338158341,-25.701408181712942
56,115.0,-0.34713009,-0.11396457,-0.24942525,389.29,-140.61,11.198838805055995,4.260029760088655,389.29,-140.61,24.883819824834426,9.46578612691699,25.0,30.804935674634635,13.25,11.397826199614816,0.5,-5.804935674634635,-13.801161194944005,-19.60609686957864
56,116.0,-0.30674356,-0.34847739,-0.26727629,-397.61,-306.3,-12.53696632758433,4.069787906401015,-397.61,-306.3,-27.857139179892386,9.043068728023052,-24.0,-31.463306207689588,-12.72,-11.641423296845147,-0.5,7.4633062076895875,11.46303367241567,18.926339880105257
56,116.0,-0.30763081,-0.35185358,-0.26724237,-397.92,-303.89,-12.547100732429245,4.109849292136755,-397.92,-303.89,-27.879657827457777,9.132085127127873,-24.0,-31.487836840531777,-12.72,-11.650499630996755,-0.5,7.487836840531777,11.452899267570755,18.940736108102534
56,116.0,-0.30547029,-0.35008207,-0.26533964,-396.83,-301.67,-12.645689913587148,4.143194355180047,-396.83,-301.67,-28.098722987990644,9.206177857210063,-24.0,-31.40158397021568,-12.72,-11.618586068979802,-0.5,7.401583970215679,11.354310086412852,18.75589405662853
56,117.0,-0.35237813,-0.32469696,-0.26066655,-259.82,-298.31,-10.524848000885228,5.4386139622535925,-259.82,-298.31,-23.386212257966974,12.08460022412748,-15.0,-20.55983556470388,-7.95,-7.607139158940435,-0.5,5.5598355647038815,4.475151999114772,10.034987563818653
56,117.0,-0.35112932,-0.32794619,-0.26164013,-266.56,-289.65,-10.612282124890438,5.482721538705653,-266.56,-289.65,-23.580490881506552,12.18260725900396,-16.0,-21.09317900133733,-8.48,-7.804476230494812,-0.5,5.0931790013373295,5.387717875109562,10.480896876446891
56,117.0,-0.34781632,-0.33173972,-0.26202545,-261.44,-287.01,-10.709995206633986,5.527519731208878,-261.44,-287.01,-23.797609349140718,12.282148842746125,-16.0,-20.688027904072747,-8.48,-7.654570324506916,-0.5,4.688027904072747,5.290004793366014,9.978032697438762
56,118.0,-0.31824058,-0.15725163,-0.24882501,327.82000000000005,-310.47,10.386077017986112,3.173869124185826,327.82000000000005,-310.47,23.077863133965145,7.052337193940905,18.0,25.940748575249117,9.54,9.598076972842172,0.5,-7.940748575249117,-7.613922982013888,-15.554671557263005
56,118.0,-0.31874725,-0.15754963,-0.24622419,274.42999999999995,-331.92,10.5278639602539,3.1937899330462813,274.42999999999995,-331.92,23.392913719684167,7.096601231228838,18.0,21.71594055123425,9.54,8.034898003956673,0.5,-3.715940551234251,-7.4721360397461005,-11.188076590980351
56,118.0,-0.31382746,-0.15670402,-0.24432978,278.17,-321.91,10.559531008846314,3.21620559686495,278.17,-321.91,23.463277901656507,7.146408836233917,18.0,22.011890766814243,9.54,8.14439958372127,0.5,-4.011890766814243,-7.440468991153686,-11.45235975796793
56,119.0,-0.31779256,-0.11875462,-0.2557812,480.28,-210.36,12.646953981651322,4.497630997231979,480.28,-210.36,28.10153174722924,9.993736075849457,22.0,38.00507206918627,11.66,14.06187666559892,0.5,-16.00507206918627,-9.353046018348678,-25.358118087534947
56,119.0,-0.31580672,-0.12052489,-0.2558223,480.38,-201.68,12.579284613970522,4.545944819897377,480.38,-201.68,27.9511704122425,10.10108938981197,22.0,38.01298517655472,11.66,14.064804515325246,0.5,-16.01298517655472,-9.420715386029478,-25.4337005625842
56,119.0,-0.31409428,-0.12155049,-0.25507057,481.03,-191.81,12.731370069378428,4.595219599131278,481.03,-191.81,28.289104294158864,10.210577949269698,22.0,38.06442037444964,11.66,14.083835538546367,0.5,-16.06442037444964,-9.268629930621572,-25.33305030507121
56,120.0,-0.2973426,-0.38283435,-0.27703312,-34.379999999999995,4.889999999999986,-20.462235800317544,6.885275077065799,-355.71,54.75999999999999,-45.46708794830558,15.299081221240204,-33.0,-2.720526313272724,-17.490000000000002,-10.414654261514515,-0.5,-30.279473686727275,12.537764199682456,-17.74170948704482
56,120.0,-0.29352224,-0.37657678,-0.27847925,-204.52,186.85,-20.706965490465773,6.981305610922021,-355.71,54.75999999999999,-46.01087731981495,15.512461067468733,-33.0,-16.183887189951644,-17.490000000000002,-10.414654261514515,-0.5,-16.816112810048356,12.293034509534227,-4.523078300514129
56,120.0,-0.29378042,-0.37673676,-0.27604753,-355.71,54.75999999999999,-21.11555820258594,7.089711112826052,-355.71,54.75999999999999,-46.91877032614596,15.753338092699488,-33.0,-28.147714220309503,-17.490000000000002,-10.414654261514515,-0.5,-4.852285779690497,11.884441797414059,7.032156017723562
