Participant,trigger_no,fzd_hands0_fingerTip_coordinates_x,fzd_hands0_fingerTip_coordinates_y,fzd_hands0_fingerTip_coordinates_z,eyegaze_new_coordinates_x,eyegaze_new_coordinates_y,angle_center,Buidling_half_width,eyegaze_new_coordinates_x_without_tablet_&_road_gazes,eyegaze_new_coordinates_y_without_tablet_&_road_gazes,angle_center_scaled,Buidling_half_width_scaled,horizontal_angle_finger_pointing_unscaled,eyegaze_horiz_angle_x,horizontal_angle_finger_pointing,eyegaze_horiz_angle_x_scaled_without_tablet,side,difference,D_p,D_g
72,97.0,-0.46871731,0.17632926,-0.58265281,548.27,622.94,21.586118494345957,7.174221976749498,,,49.626486418501344,16.493536324547094,44.0,41.91004120955253,19.36,,0.5,2.0899587904474686,-22.413881505654043,-20.323922715206574
72,97.0,-0.4676224,0.17275296,-0.58583748,551.55,625.09,21.93363715695918,7.307713243109539,,,50.42543182384915,16.80043274590883,44.0,42.160766099054655,19.36,,0.5,1.8392339009453451,-22.06636284304082,-20.227128942095476
72,97.0,-0.46957937,0.1709471,-0.58673894,546.58,637.42,22.29194388948639,7.445436328007457,,,51.24917900192921,17.11705811808914,44.0,41.78085673904687,19.36,,0.5,2.219143260953132,-21.70805611051361,-19.488912849560478
72,97.0,-0.47308108,0.17368926,-0.58606708,533.41,591.27,25.032671267635404,8.525150479724957,,,57.5501112442938,19.599320952887677,44.0,40.77413515528374,19.36,,0.5,3.225864844716263,-18.967328732364596,-15.741463887648333
72,97.0,-0.47572219,0.17138039,-0.58550936,528.33,618.16,25.560997921382008,8.70264918887971,,,58.76473422125724,20.00739048523445,44.0,40.385817338615816,19.36,,0.5,3.6141826613841843,-18.439002078617992,-14.824819417233808
72,97.0,-0.4727186,0.17061828,-0.58309215,526.77,619.0,26.08410421374012,8.90467084048097,,,59.96735558738853,20.47183826226575,44.0,40.26657013507211,19.36,,0.5,3.733429864927892,-17.91589578625988,-14.182465921331989
72,98.0,-0.23056647,-0.19196369,-0.28406739,274.75,-36.35,11.254625390797774,4.388493089200344,274.75,-36.35,25.87438377344408,10.08914561207159,45.0,21.00203152155792,19.8,9.030873554269904,0.5,23.99796847844208,-33.74537460920223,-9.747406130760147
72,98.0,-0.23188703,-0.18834849,-0.28587371,264.58000000000004,-53.19999999999999,11.4487156302437,4.432322309368852,264.58000000000004,-53.19999999999999,26.320597233930265,10.18990898923899,45.0,20.224631483071136,19.8,8.696591537720588,0.5,24.775368516928864,-33.5512843697563,-8.775915852827435
72,98.0,-0.23370063,-0.18625803,-0.2817032,270.98,-63.03999999999999,11.523037371593968,4.472934819177754,270.98,-63.03999999999999,26.49146291729453,10.283277149289658,45.0,20.713850779660653,19.8,8.906955835254081,0.5,24.286149220339347,-33.47696262840603,-9.190813408066685
72,99.0,-0.2720069,-0.21966146,-0.21819417,238.9,-85.23,7.733965706402804,2.333615786586434,,,17.780387159020048,5.364982693362212,45.0,18.26163905550568,19.8,,0.5,26.73836094449432,-37.266034293597194,-10.527673349102875
72,99.0,-0.27014175,-0.21833511,-0.22139695,241.05999999999997,-82.44,7.800477663198297,2.3459070860008047,,,17.933298147692884,5.3932403907158495,45.0,18.42675056810464,19.8,,0.5,26.57324943189536,-37.19952233680171,-10.626272904906344
72,99.0,-0.27089742,-0.22026563,-0.22368471,236.37,-44.99000000000001,7.780532516886462,2.3583285418335937,,,17.887444256321974,5.421797317675432,45.0,18.06824455232264,19.8,,0.5,26.93175544767736,-37.21946748311354,-10.287712035436178
72,100.0,-0.32140234,-0.15589255,-0.21966563,202.5,-160.05,8.133318541256292,2.471057965289853,,,18.698499326348216,5.680962262201371,38.0,15.479204306152788,16.72,,0.5,22.520795693847212,-29.866681458743706,-7.3458857648964955
72,100.0,-0.33281162,-0.16535302,-0.21919185,211.24,-140.94,8.184050650498833,2.484800934688092,,,18.81513244549681,5.712557348847922,20.0,16.147294408057853,8.8,,0.5,3.852705591942147,-11.815949349501167,-7.96324375755902
72,100.0,-0.32786721,-0.16805001,-0.2204638,194.69000000000003,-99.24,8.26047109128155,2.49869191888016,,,18.990823038856284,5.744492721505488,20.0,14.882203883283392,8.8,,0.5,5.117796116716608,-11.73952890871845,-6.621732792001842
72,100.0,-0.31366506,-0.1557201,-0.22535102,229.88,-166.29,9.21598579730211,2.7599878651705656,,,21.18755134799755,6.345212102027131,-45.0,17.57214560937483,-19.8,,0.5,-62.57214560937483,54.21598579730211,-8.356159812072718
72,100.0,-0.31481344,-0.15557694,-0.2258812,175.73000000000002,-142.36,9.28103749999742,2.7769811355426595,,,21.337105212494063,6.384279630612573,-45.0,13.432891717136936,-19.8,,0.5,-58.43289171713694,54.281037499997424,-4.151854217139515
72,100.0,-0.31598142,-0.15462017,-0.2256266,170.40999999999997,-136.37,9.350622777083345,2.7941811264181844,,,21.497081764514604,6.423822409635406,45.0,13.026228176846894,19.8,,0.5,31.973771823153108,-35.649377222916655,-3.6756053997635494
72,102.0,-0.28556269,-0.18173833,-0.25789595,270.21000000000004,-69.31,7.82552769135658,2.376767926598865,270.21000000000004,-69.31,17.990888162428778,5.464189463250791,-31.0,20.654991583039727,-13.64,8.881646380707084,0.5,-51.65499158303973,38.825527691356584,-12.829463891683147
72,102.0,-0.30729434,-0.17127691,-0.2373828,275.95000000000005,-69.11000000000001,7.872280612310427,2.3895105018137266,275.95000000000005,-69.11000000000001,18.09837312770167,5.493484643669757,-45.0,21.09376013966845,-19.8,9.070316860057437,0.5,-66.09376013966845,52.872280612310426,-13.221479527358024
72,102.0,-0.31718144,-0.16909596,-0.23248319,266.49,-79.87,7.919591180967075,2.4023858166465923,266.49,-79.87,18.207140125043303,5.523084992470516,-45.0,20.370632866897072,-19.8,8.75937213276574,0.5,-65.37063286689707,52.919591180967075,-12.451041685929997
72,102.0,-0.31690735,-0.16105756,-0.21978736,272.29,-82.57,8.330140457476123,2.5076142697953747,272.29,-82.57,19.150992911737607,5.765005206259566,-31.0,20.81398785443132,-13.64,8.950014777405466,0.5,-51.81398785443132,39.33014045747612,-12.483847396955198
72,102.0,-0.31924817,-0.16224934,-0.22100148,275.28,-83.5,8.361584637600586,2.5217587115840048,275.28,-83.5,19.223283081843743,5.797523277931626,-45.0,21.04254499455673,-19.8,9.048294347659397,0.5,-66.04254499455674,53.361584637600586,-12.680960356956145
72,102.0,-0.31751642,-0.16489771,-0.22159275,284.57000000000005,-87.97,8.414927439161069,2.536046605954478,284.57000000000005,-87.97,19.345918182631294,5.830371147089344,-31.0,21.752677379762464,-13.64,9.353651273297858,0.5,-52.75267737976246,39.41492743916107,-13.337749940601395
72,103.0,-0.32470924,-0.1432085,-0.21942128,351.17,-61.93000000000001,11.040500616188444,4.25431263387391,351.17,-61.93000000000001,25.382110916617236,9.78066474527612,32.0,26.84361568489716,14.08,11.542754744505777,0.5,5.156384315102841,-20.959499383811554,-15.803115068708715
72,103.0,-0.32115778,-0.14067116,-0.22025429,355.82000000000005,-68.97,11.05742811854951,4.288040016520149,355.82000000000005,-68.97,25.42102724454532,9.85820399797982,41.0,27.19906408007548,18.04,11.695597554432457,0.5,13.80093591992452,-29.94257188145049,-16.14163596152597
72,103.0,-0.31739917,-0.13726923,-0.22054976,357.38,-71.97,11.156498764738318,4.329960343153186,357.38,-71.97,25.648790660133397,9.954578828909174,45.0,27.318311283619177,19.8,11.746873851956249,0.5,17.681688716380823,-33.843501235261684,-16.161812518880858
72,103.0,-0.31723869,-0.1278282,-0.21620965,394.27,-78.44,12.697583178119494,4.986436213870935,394.27,-78.44,29.19174372649672,11.46381685568928,-45.0,30.1382018853672,-19.8,12.959426810707896,0.5,-75.1382018853672,57.697583178119494,-17.440618707247705
72,103.0,-0.32042843,-0.12780565,-0.21790035,397.28,-76.75999999999999,12.89591151139471,5.042454513152341,397.28,-76.75999999999999,29.64770056469644,11.59260292573723,45.0,30.36828783579446,19.8,13.05836376939162,0.5,14.631712164205538,-32.10408848860529,-17.472376324399754
72,103.0,-0.31666285,-0.12712526,-0.21481632,397.91,-77.78999999999999,12.963551047936038,5.089194730907975,397.91,-77.78999999999999,29.803203859204952,11.700058686357432,45.0,30.416445360302493,19.8,13.079071504930072,0.5,14.583554639697507,-32.036448952063964,-17.452894312366453
72,104.0,-0.2456772,-0.23089559,-0.22081019,-296.53,-30.69,-18.94447045455969,6.080754827555056,-296.53,-30.69,-43.55333757503273,13.979655348549072,-45.0,-22.66690594026412,-19.8,-9.746769554313572,-0.5,-22.33309405973588,26.05552954544031,3.7224354857044304
72,104.0,-0.26064563,-0.25483003,-0.21490082,-317.54,-34.75999999999999,-19.206522063097463,6.149579007261259,-317.54,-34.75999999999999,-44.155794223061065,14.137882137693635,-42.0,-24.27292116234941,-18.48,-10.437356099810248,-0.5,-17.72707883765059,22.793477936902537,5.066399099251946
72,104.0,-0.27540925,-0.27447912,-0.22523007,-349.25,-51.24000000000001,-19.465786641098,6.227682177818046,-349.25,-51.24000000000001,-44.75184348788429,14.317441326803689,-42.0,-26.6968498959203,-18.48,-11.479645455245729,-0.5,-15.303150104079698,22.534213358902,7.231063254822303
72,105.0,-0.31075692,-0.12786604,-0.22355275,341.45000000000005,-70.36000000000001,11.740588061934488,3.287580029327008,341.45000000000005,-70.36000000000001,26.991611954387388,7.558146487422789,-31.0,26.100613878201823,-13.64,11.223263967626783,0.5,-57.10061387820183,42.74058806193449,-14.360025816267335
72,105.0,-0.31159285,-0.12671484,-0.22396757,343.73,-79.74000000000001,11.842280152310908,3.31101260237509,343.73,-79.74000000000001,27.225402070162776,7.6120179728603325,-31.0,26.27489825261184,-13.64,11.298206248623092,0.5,-57.27489825261184,42.842280152310906,-14.432618100300934
72,105.0,-0.31121251,-0.12617885,-0.22494425,343.79999999999995,-78.69,11.94602493798827,3.334736090315885,343.79999999999995,-78.69,27.463911332435032,7.6665582716362195,-31.0,26.280249088668285,-13.64,11.300507108127364,0.5,-57.280249088668285,42.94602493798827,-14.334224150680015
72,106.0,-0.29641551,-0.09661778,-0.22241889,457.49,-91.09,17.282576016681578,4.672312505050229,457.49,-91.09,39.73264226235094,10.741646449110476,-31.0,34.97077124949056,-13.64,15.03743163728094,0.5,-65.97077124949055,48.282576016681574,-17.688195232808983
72,106.0,-0.29372734,-0.0949953,-0.22274837,465.3,-92.38,17.565449515407533,4.733640039288178,465.3,-92.38,40.38296843592192,10.882638450323524,-31.0,35.56777167235995,-13.64,15.29414181911478,0.5,-66.56777167235995,48.565449515407536,-18.00232215695242
72,106.0,-0.2929956,-0.09464996,-0.22150862,526.6700000000001,-92.24,17.78767307637854,4.796429227010699,526.6700000000001,-92.24,40.89386040259426,11.026990792897596,-31.0,40.25892608356291,-13.64,17.31133821593205,0.5,-71.25892608356291,48.78767307637854,-22.471253007184373
72,107.0,-0.32194656,-0.13918972,-0.21292372,310.83000000000004,-64.41,10.977857199261283,3.6599948838592153,310.83000000000004,-64.41,25.23809370110169,8.414328237992335,32.0,23.76000530608134,14.08,10.216802281614976,0.5,8.23999469391866,-21.022142800738717,-12.782148106820056
72,107.0,-0.32240796,-0.13855045,-0.2137612,318.57000000000005,-69.07,11.026166893529174,3.689307199791264,318.57000000000005,-69.07,25.34915768822357,8.481717252320115,32.0,24.351654892894288,14.08,10.471211603944544,0.5,7.648345107105712,-20.973833106470828,-13.325487999365114
72,107.0,-0.32159433,-0.13672996,-0.21361634,323.38,-75.2,11.115799345164596,3.716348399545564,323.38,-75.2,25.5552226945334,8.54388497055525,32.0,24.71933377048735,14.08,10.62931352130956,0.5,7.280666229512651,-20.884200654835404,-13.603534425322753
72,108.0,-0.24039304,-0.18656063,-0.23046927,386.33,-76.44,10.27023137693234,2.594494066135119,386.33,-76.44,23.611261935567445,5.964741858044638,-31.0,29.53126419553584,-13.64,12.69844360408041,0.5,-60.53126419553584,41.270231376932344,-19.2610328186035
72,108.0,-0.24942484,-0.18136854,-0.22316243,394.42,-86.87,10.4260544804561,2.6091985004018645,394.42,-86.87,23.96949925056857,5.998547352423886,-31.0,30.14966796263102,-13.64,12.96435722393134,0.5,-61.14966796263102,41.4260544804561,-19.72361348217492
72,108.0,-0.27733955,-0.15377285,-0.20549478,395.04,-86.77,10.538272778046183,2.6240587110940696,395.04,-86.77,24.227489116728176,6.032710976805266,-31.0,30.19706108198813,-13.64,12.984736265254895,0.5,-61.19706108198813,41.538272778046185,-19.658788303941947
72,108.0,-0.32669687,-0.13938072,-0.21430902,379.08,-87.23,10.522627600192068,2.816866931549196,379.08,-87.23,24.19152085284156,6.475977075631601,18.0,28.977070461118014,7.92,12.460140298280749,0.5,-10.977070461118014,-7.477372399807932,-18.454442860925944
72,108.0,-0.32084182,-0.13613419,-0.21543269,380.96,-85.91,10.49291609017235,2.834331097667471,380.96,-85.91,24.123214091306235,6.516127193537516,18.0,29.12077862949119,7.92,12.521934810681213,0.5,-11.120778629491191,-7.507083909827649,-18.62786253931884
72,108.0,-0.32431501,-0.13402569,-0.21483143,380.38,-84.49,10.482863081241767,2.852019509263553,380.38,-84.49,24.100102223774822,6.556792851796908,20.0,29.07644313073776,8.8,12.502870546217236,0.5,-9.076443130737761,-9.517136918758233,-18.593580049495994
72,109.0,-0.30020154,-0.10588539,-0.23218369,492.6500000000001,-149.82,16.073262444409025,4.842772122896911,492.6500000000001,-149.82,36.95243035969635,11.133533110539997,-31.0,37.65841976012924,-13.64,16.193120496855574,0.5,-68.65841976012925,47.073262444409025,-21.585157315720217
72,109.0,-0.29748064,-0.1040776,-0.23194951,500.1199999999999,-148.53,16.24934942039548,4.903030331019196,500.1199999999999,-148.53,37.35725431748921,11.272066731013132,-31.0,38.22943040786731,-13.64,16.438655075382943,0.5,-69.22943040786731,47.249349420395475,-21.980080987471833
72,109.0,-0.29324168,-0.10273016,-0.23023485,510.6600000000001,-155.94,16.522993863325368,4.999589254405308,510.6600000000001,-155.94,37.98636289178502,11.4940556958778,-31.0,39.03511343693819,-13.64,16.78509877788342,0.5,-70.03511343693819,47.52299386332537,-22.51211957361282
72,110.0,-0.30699903,-0.1160318,-0.22878107,354.08000000000004,-146.51,13.58927357572684,4.100479345367379,354.08000000000004,-146.51,31.241739950596006,9.427002014999603,-45.0,27.066057583815205,-19.8,11.63840476104054,0.5,-72.06605758381521,58.58927357572684,-13.476784008088364
72,110.0,-0.30718088,-0.11607866,-0.22940752,366.56,-142.76,13.624493687564154,4.132382777574479,366.56,-142.76,31.32271098770999,9.500348005643726,-31.0,28.020035212164764,-13.64,12.048615141230847,0.5,-59.020035212164764,44.624493687564154,-14.39554152460061
72,110.0,-0.31238458,-0.11666984,-0.22706205,391.93,-118.76,13.845869009631958,4.175542179678725,391.93,-118.76,31.83165285314387,9.59957147108139,-45.0,29.959331080051665,-19.8,12.882512364422215,0.5,-74.95933108005167,58.845869009631954,-16.113462070419708
72,111.0,-0.33707219,-0.28865337,-0.2388431,-141.98000000000002,-93.86,-10.684890371205928,3.5764622992354376,,,-24.564562963402427,8.22228682594227,-15.0,-10.85302433277814,-6.6,,-0.5,-4.146975667221859,4.3151096287940724,0.16813396157221305
72,111.0,-0.33637366,-0.29058412,-0.24075621,-132.09000000000003,-94.98,-10.850155826313056,3.6020308058012325,,,-24.944508244693715,8.281068822537033,-15.0,-10.097027638517146,-6.6,,-0.5,-4.902972361482854,4.149844173686944,-0.7531281877959106
72,111.0,-0.33550853,-0.2851541,-0.240088,-119.32000000000004,-96.55,-10.945662179567696,3.6331779184007824,,,-25.164077350826133,8.3526760344034,-15.0,-9.120882260790871,-6.6,,-0.5,-5.8791177392091285,4.054337820432304,-1.8247799187768248
72,111.0,-0.33058923,-0.31751475,-0.23383997,-151.17000000000002,-72.99000000000001,-12.913130571248557,4.271840694368088,,,-29.68728718330043,9.820961756352231,-16.0,-11.555512666474652,-7.04,,-0.5,-4.444487333525348,3.0868694287514433,-1.357617904773905
72,111.0,-0.32666987,-0.31549761,-0.23761821,-150.82999999999998,-73.33000000000001,-12.959938388947682,4.307738915197313,,,-29.79489835619072,9.903491766038622,-26.0,-11.529522891343332,-11.44,,-0.5,-14.470477108656668,13.040061611052318,-1.4304154976043506
72,111.0,-0.32672423,-0.31106257,-0.24046341,-144.2,-63.93000000000001,-13.04102108153686,4.340524900385198,,,-29.98130746645324,9.97886674598557,-26.0,-11.022722276282623,-11.44,,-0.5,-14.977277723717377,12.95897891846314,-2.0182988052542363
72,112.0,-0.31486335,-0.155965,-0.21438736,299.32000000000005,-148.9,9.65497756355061,3.133894351602241,299.32000000000005,-148.9,22.19679341860285,7.204823114333552,41.0,22.880174977371123,18.04,9.838475240269585,0.5,18.119825022628877,-31.34502243644939,-13.225197413820514
72,112.0,-0.3132897,-0.15355326,-0.21769328,301.1,-150.4,9.73234620187428,3.155678118222086,301.1,-150.4,22.374663918108965,7.254903993792574,45.0,23.01623909423509,19.8,9.896982810521086,0.5,21.98376090576491,-35.26765379812572,-13.283892892360809
72,112.0,-0.3162843,-0.15313101,-0.21577688,283.79,-138.24,9.898052465319058,3.177732690587256,283.79,-138.24,22.755622617768516,7.305607455660101,41.0,21.693053777990613,18.04,9.328013124535964,0.5,19.306946222009387,-31.101947534680942,-11.795001312671555
72,113.0,-0.3146421,-0.13798161,-0.22082224,319.01,-127.19,10.986146158508356,3.5513773554867814,319.01,-127.19,25.257150018410705,8.16461654026411,45.0,24.385288719534817,19.8,10.485674149399973,0.5,20.614711280465183,-34.013853841491645,-13.39914256102646
72,113.0,-0.31558642,-0.13658877,-0.21892841,329.22,-125.81,11.032333714531484,3.578950017226637,329.22,-125.81,25.36333520970788,8.228006089604039,45.0,25.16574637862529,19.8,10.821270942808876,0.5,19.83425362137471,-33.96766628546852,-14.133412664093806
72,113.0,-0.31309262,-0.1370001,-0.22197562,334.4,-118.83,11.199768698749406,3.6097390894405534,334.4,-118.83,25.74826823842488,8.298790166623832,45.0,25.561708246802425,19.8,10.991534546125042,0.5,19.438291753197575,-33.80023130125059,-14.36193954805302
72,114.0,-0.26865414,-0.17548102,-0.26066384,338.20000000000005,-178.13,10.910754082055156,3.455311423339204,338.20000000000005,-178.13,25.083823634644805,7.94376096225683,-31.0,25.85218220415246,-13.64,11.116438347785556,0.5,-56.852182204152456,41.910754082055156,-14.941428122097303
72,114.0,-0.28692842,-0.16107392,-0.23365699,342.29,-184.76,10.981200461915549,3.484070158654794,342.29,-184.76,25.24577986194384,8.00987729474737,-45.0,26.1648239108792,-19.8,11.250874281678056,0.5,-71.16482391087919,55.98120046191555,-15.183623448963651
72,114.0,-0.29804733,-0.14984968,-0.21435899,347.12,-186.62,11.061792574260876,3.510602718260172,347.12,-186.62,25.431061128225757,8.070875649280135,41.0,26.5340315987741,18.04,11.409633587472864,0.5,14.4659684012259,-29.938207425739122,-15.472239024513224
72,114.0,-0.30727503,-0.12589486,-0.21774177,376.86,-154.87,13.15525245526765,4.056326929920525,376.86,-154.87,30.243925394660327,9.325495611887288,45.0,28.80737251761353,19.8,12.387170182573817,0.5,16.19262748238647,-31.84474754473235,-15.65212006234588
72,114.0,-0.3069655,-0.1253093,-0.21737683,383.13,-152.94,13.311851149426456,4.094782276354462,383.13,-152.94,30.603945792531423,9.41390445333891,45.0,29.28665454724107,19.8,12.59326145531366,0.5,15.71334545275893,-31.688148850573544,-15.974803397814615
72,114.0,-0.30372262,-0.12564641,-0.21568806,384.08,-157.57,13.404918162616305,4.12671946677444,384.08,-157.57,30.81790685585488,9.487328054114435,-45.0,29.359273036578585,-19.8,12.62448740572879,0.5,-74.35927303657859,58.404918162616305,-15.95435487396228
72,115.0,-0.32426083,-0.1634963,-0.22600447,283.92,-79.11000000000001,9.6100360285659,3.6699310504916,283.92,-79.11000000000001,22.093472829673004,8.437171485080185,45.0,21.702991044952583,19.8,9.332286149329612,0.5,23.297008955047417,-35.3899639714341,-12.092955016386682
72,115.0,-0.33019719,-0.16590387,-0.22465007,284.11,-75.83000000000001,9.537746605926657,3.702598540197561,284.11,-75.83000000000001,21.927279447025384,8.512274043914193,45.0,21.717514742820093,19.8,9.33853133941264,0.5,23.282485257179907,-35.46225339407334,-12.179768136893436
72,115.0,-0.32627779,-0.16725744,-0.22503752,290.16,-70.24000000000001,9.74386682467924,3.727452974688136,290.16,-70.24000000000001,22.401149829937573,8.569414388808024,41.0,22.179979859127368,18.04,9.537391339424769,0.5,18.820020140872632,-31.256133175320763,-12.436113034448129
72,116.0,-0.3173627,-0.28684026,-0.24093647,-169.16000000000005,-109.52,-12.182502953586347,3.972935075349402,,,-28.00757429029501,9.133777738228275,-15.0,-12.930677532981756,-6.6,,-0.5,-2.069322467018244,2.817497046413653,0.7481745793954087
72,116.0,-0.32252896,-0.28451276,-0.23926182,-169.39999999999998,-103.31,-12.295269218810288,4.01119096962079,,,-28.266823934044847,9.221728039158196,-15.0,-12.949023256603862,-6.6,,-0.5,-2.050976743396138,2.7047307811897117,0.6537540377935738
72,116.0,-0.32905042,-0.28297698,-0.2391479,-161.83999999999995,-88.66999999999999,-12.389000709427284,4.043010120842239,,,-28.482312630973325,9.294880267816309,-15.0,-12.371132962507492,-6.6,,-0.5,-2.6288670374925083,2.6109992905727157,-0.017867746919792538
72,117.0,-0.30820194,-0.29990026,-0.23997593,-149.58999999999995,-66.56,-12.319812397751624,6.374270953950956,,,-28.32324870243098,14.654448923133248,-15.0,-11.434736652629113,-6.6,,-0.5,-3.5652633473708875,2.6801876022483757,-0.8850757451225117
72,117.0,-0.31025594,-0.30214792,-0.23936643,-146.01,-66.24000000000001,-12.494969879763286,6.433687255276327,,,-28.725935753575797,14.791046999880276,-15.0,-11.16107960859935,-6.6,,-0.5,-3.8389203914006504,2.5050301202367145,-1.333890271163936
72,117.0,-0.30953333,-0.30248073,-0.23888443,-153.64999999999998,-67.80000000000001,-12.588818900930752,6.488611082101739,,,-28.9416946532398,14.9173168777519,-15.0,-11.74508514390309,-6.6,,-0.5,-3.25491485609691,2.411181099069248,-0.8437337570276622
72,118.0,-0.30495492,-0.15799776,-0.22371186,294.71000000000004,-113.56,10.688356472538086,3.244604759424273,294.71000000000004,-113.56,24.572531530365055,7.459346341916403,-31.0,22.52778420279649,-13.64,9.686947207202488,0.5,-53.52778420279649,41.68835647253809,-11.839427730258404
72,118.0,-0.30212179,-0.15388814,-0.22256327,300.69000000000005,-122.3,10.586962241171818,3.265372311520499,300.69000000000005,-122.3,24.33942619245401,7.507090944185627,-31.0,22.98489848304732,-13.64,9.883506347710348,0.5,-53.98489848304732,41.58696224117182,-12.397936241875502
72,118.0,-0.30220246,-0.15199339,-0.22036405,304.13,-126.92,10.75905097562408,3.288762427150099,304.13,-126.92,24.73505819295976,7.560864820018077,-31.0,23.247853854964184,-13.64,9.9965771576346,0.5,-54.247853854964184,41.75905097562408,-12.488802879340104
72,119.0,-0.30348563,-0.13967633,-0.23168206,376.25,-100.86,12.893604037647044,4.663488365768314,376.25,-100.86,29.642395682550557,10.721359752901355,-45.0,28.76074380340734,-19.8,12.367119835465155,0.5,-73.76074380340734,57.893604037647044,-15.867139765760296
72,119.0,-0.30100647,-0.13853122,-0.23224927,380.29,-96.78,13.011028789574503,4.710024153332091,380.29,-96.78,29.912355187231785,10.828345528510477,-45.0,29.069563484379472,-19.8,12.499912298283173,0.5,-74.06956348437947,58.0110287895745,-16.05853469480497
72,119.0,-0.29966611,-0.14022687,-0.23412482,385.84,-97.52,13.05763572434319,4.757469969640264,385.84,-97.52,30.019504530264992,10.937423460202965,-45.0,29.493808343140703,-19.8,12.682337587550505,0.5,-74.4938083431407,58.057635724343186,-16.436172618797514
72,120.0,-0.41217625,-0.37082538,-0.54577625,665.6099999999999,343.54,-76.5580378636338,43.33594983364328,1088.6,204.02,-176.0069290484941,99.62934866754593,-24.0,49.90075045470652,-10.56,28.409040993468523,-0.5,-73.90075045470653,-52.5580378636338,-126.45878831834031
72,120.0,-0.40689725,-0.3713806,-0.54155999,661.6800000000001,335.54,-78.75911291491755,44.205413970013,1088.6,204.02,-181.06720059139545,101.62824671705988,-24.0,49.75054484255052,-10.56,28.409040993468523,-0.5,-73.75054484255051,-54.75911291491755,-128.50965775746806
72,120.0,-0.4083147,-0.36981913,-0.54224724,1088.6,204.02,-81.30917366089092,40.65458683044546,1088.6,204.02,-186.92979024638825,93.46489512319413,-24.0,66.06753719411284,-10.56,28.409040993468523,-0.5,-90.06753719411284,-57.30917366089092,-147.37671085500375
72,1.0,-0.40701088,-0.36391965,-0.5586527,24.33000000000004,-88.71000000000001,-6.748533642964844,0.832208374428518,486.0999999999999,-160.22,-15.514878845176176,1.9132470528111616,-24.0,1.8597977321911008,-10.56,15.977825786098636,-0.5,-25.8597977321911,17.251466357035156,-8.608331375155945
72,1.0,-0.41229841,-0.36706573,-0.5441345,79.11000000000001,-106.81,-6.968082160157394,0.8342323349008609,486.0999999999999,-160.22,-16.01962088620185,1.91790013793708,-24.0,6.047209148937023,-10.56,15.977825786098636,-0.5,-30.04720914893702,17.031917839842606,-13.015291309094417
72,1.0,-0.41503665,-0.37140337,-0.53569192,29.08000000000004,-86.47999999999999,-7.244130512680385,0.8362751364021506,486.0999999999999,-160.22,-16.654256048652204,1.922596538588544,-24.0,2.2228901788786355,-10.56,15.977825786098636,-0.5,-26.222890178878636,16.755869487319615,-9.467020691559021
72,1.0,-0.40347916,-0.36200702,-0.55301422,486.0999999999999,-160.22,-7.409654168972054,0.924340399681455,486.0999999999999,-160.22,-17.034794934466753,2.125058578867665,-24.0,37.1577343862759,-10.56,15.977825786098636,-0.5,-61.1577343862759,16.590345831027946,-44.56738855524795
72,1.0,-0.40579763,-0.3615697,-0.55260116,491.5999999999999,-157.41,-7.353505399445066,0.9268369001992118,491.5999999999999,-157.41,-16.905708913324204,2.130798033557988,-24.0,37.57815721928252,-10.56,16.158607604291483,-0.5,-61.57815721928252,16.646494600554934,-44.931662618727586
72,1.0,-0.40485451,-0.36388826,-0.55416882,432.4000000000001,-154.63,-7.37118000394265,0.929346558231444,432.4000000000001,-154.63,-16.94634282906415,2.136567737374089,-24.0,33.052878725829466,-10.56,14.21273785210667,-0.5,-57.052878725829466,16.628819996057352,-40.42405872977211
72,1.0,-0.40246347,-0.36223251,-0.55306381,11.889999999999986,-91.25,-9.344212059815504,1.163739624511578,432.4000000000001,-154.63,-21.482343525515844,2.675437396752118,-24.0,0.908877724445217,-10.56,14.21273785210667,-0.5,-24.908877724445215,14.655787940184496,-10.253089784260721
72,1.0,-0.40263057,-0.36474884,-0.55522466,15.16999999999996,-91.06,-9.371748117085588,1.167746621171034,432.4000000000001,-154.63,-21.545648921179765,2.6846494820722064,-24.0,1.159602613947344,-10.56,14.21273785210667,-0.5,-25.159602613947342,14.628251882914412,-10.531350731032932
72,1.0,-0.4041982,-0.36544263,-0.55547893,18.909999999999968,-92.59,-9.397112715792048,1.1713778609084216,432.4000000000001,-154.63,-21.60396213360592,2.692997702228462,-24.0,1.4454901403918454,-10.56,14.21273785210667,-0.5,-25.445490140391847,14.602887284207952,-10.842602856183893
72,1.0,-0.33463544,-0.31181017,-0.24605699,-213.61,-103.62,-11.721643095346622,1.5297577430543186,432.4000000000001,-154.63,-26.94805747620188,3.516913051281879,-15.0,-16.32845842882616,-6.6,14.21273785210667,-0.5,1.3284584288261598,3.2783569046533785,4.606815333479538
72,1.0,-0.33060092,-0.31334862,-0.24832676,-206.25,-101.78,-11.743832704367437,1.5359326886196527,432.4000000000001,-154.63,-26.99907138734073,3.5311092511365825,-15.0,-15.765856237748208,-6.6,14.21273785210667,-0.5,0.7658562377482081,3.2561672956325634,4.0220235333807715
72,1.0,-0.33288461,-0.31874236,-0.246301,-211.45,-102.71,-11.823323012688718,1.5435448020157023,432.4000000000001,-154.63,-27.181819606171363,3.5486094998341,-15.0,-16.163346916227194,-6.6,14.21273785210667,-0.5,1.1633469162271943,3.176676987311282,4.3400239035384764
72,2.0,-0.31976596,-0.12590739,-0.22586633,333.78,-153.51,11.621423597984858,1.7403603169324242,333.78,-153.51,26.717652851767188,4.001088368627643,41.0,25.514315127445315,18.04,10.971155504801484,0.5,15.485684872554685,-29.378576402015142,-13.892891529460456
72,2.0,-0.31602681,-0.12409341,-0.22932008,340.96000000000004,-159.8,11.600503778235804,1.7485825298623183,340.96000000000004,-159.8,26.669558186164117,4.019991236153469,41.0,26.06315802580669,18.04,11.207157951096876,0.5,14.93684197419331,-29.399496221764196,-14.462654247570885
72,2.0,-0.31707424,-0.12449654,-0.23040171,346.57000000000005,-163.85,11.72461000987272,1.757708042515759,346.57000000000005,-163.85,26.954878412697383,4.04097078974373,41.0,26.49198931547344,18.04,11.39155540565358,0.5,14.50801068452656,-29.27538999012728,-14.76737930560072
72,3.0,-0.28721631,-0.34077156,-0.25909334,-353.51,-63.72999999999999,-16.020518769657087,3.040447713345202,-353.51,-63.72999999999999,-36.83117265144164,6.989989292980619,-33.0,-27.022486490212696,-14.52,-11.61966919079146,-0.5,-5.977513509787304,16.979481230342913,11.001967720555609
72,3.0,-0.28958902,-0.34480706,-0.25920838,-356.85,-69.49000000000001,-16.094469991528,3.057969037427057,-356.85,-69.49000000000001,-37.00118651052287,7.030270817044805,-33.0,-27.27779781062036,-14.52,-11.729453058566754,-0.5,-5.72220218937964,16.905530008472,11.183327819092359
72,3.0,-0.28743929,-0.34715283,-0.25836447,-354.57,-67.16999999999999,-16.185505385409783,3.079620385513578,-354.57,-67.16999999999999,-37.21047688105709,7.080047266295718,-34.0,-27.10351343621034,-14.96,-11.654510777570446,-0.5,-6.8964865637896615,17.814494614590217,10.918008050800555
72,4.0,-0.30707809,-0.11604667,-0.22449982,433.8,-189.76,13.774743962713634,2.126909574249121,433.8,-189.76,31.66813637027865,4.889765111198731,-45.0,33.15989544695841,-19.8,14.258755042192115,0.5,-78.15989544695842,58.774743962713636,-19.385151484244773
72,4.0,-0.30763954,-0.1143041,-0.22575575,438.3900000000001,-190.61,13.767081260871176,2.137674081884444,438.3900000000001,-190.61,31.65051981874283,4.914512714252336,45.0,33.51075741123122,19.8,14.409625686829424,0.5,11.489242588768782,-31.232918739128824,-19.74367615036004
72,4.0,-0.30631334,-0.11527215,-0.22781388,431.4500000000001,-191.88,13.960138572369525,2.150975387424861,431.4500000000001,-191.88,32.094358577877536,4.945092415689757,-45.0,32.98026023649196,-19.8,14.18151190169154,0.5,-77.98026023649196,58.96013857236952,-19.020121664122435
72,5.0,-0.29023013,-0.09028219,-0.23014909,574.54,-161.75,18.387570760462747,2.9102848438208264,574.54,-161.75,42.273025178303854,6.690744855944079,-31.0,43.91813354102233,-13.64,18.8847974226396,0.5,-74.91813354102233,49.38757076046275,-25.53056278055958
72,5.0,-0.28929323,-0.08932649,-0.23076063,575.8800000000001,-166.41,18.57750175255109,2.931631021374443,575.8800000000001,-166.41,42.709676529114944,6.739819718139845,-31.0,44.020563831245774,-13.64,18.92884244743568,0.5,-75.02056383124577,49.577501752551086,-25.443062078694684
72,5.0,-0.29189619,-0.08600186,-0.22686234,583.52,-167.07999999999998,18.69909145510809,2.9532458934046986,583.52,-167.07999999999998,42.9892112552935,6.7895123089374,-31.0,44.6045693665495,-13.64,19.179964827616285,0.5,-75.6045693665495,49.69909145510809,-25.90547791144141
72,6.0,-0.30287746,-0.12530497,-0.22783156,387.77,-168.99,13.32044048661822,2.0341149106072027,387.77,-168.99,30.62369267873529,4.67643017948596,-45.0,29.64133853726847,-19.8,12.745775571025442,0.5,-74.64133853726847,58.320440486618224,-16.32089805065025
72,6.0,-0.30060205,-0.12473726,-0.226804,418.6099999999999,-156.06,13.30349025480754,2.046235741621218,418.6099999999999,-156.06,30.58472409580253,4.7042959699871805,-45.0,31.99876402270922,-19.8,13.759468529764964,0.5,-76.99876402270922,58.30349025480754,-18.695273767901682
72,6.0,-0.30239511,-0.12357692,-0.22405018,422.4000000000001,-157.13,13.361122485021452,2.0562466955992957,422.4000000000001,-157.13,30.71722059306432,4.7273111531827805,-45.0,32.28847357490834,-19.8,13.884043637210585,0.5,-77.28847357490834,58.361122485021454,-18.927351089886884
72,7.0,-0.30301777,-0.13182576,-0.22763479,406.0999999999999,-159.66,12.814764642406477,1.5985252822665157,406.0999999999999,-159.66,29.461143912892485,3.67500962393072,38.0,31.04249317890689,16.72,13.348272066929963,0.5,6.957506821093109,-25.185235357593523,-18.227728536500415
72,7.0,-0.30289048,-0.13237222,-0.22831362,408.3800000000001,-164.04000000000002,12.881061488578984,1.608721408838404,408.3800000000001,-164.04000000000002,29.613560362243085,3.698450518919492,38.0,31.216777553316923,16.72,13.423214347926276,0.5,6.783222446683077,-25.118938511421014,-18.335716064737937
72,7.0,-0.3052313,-0.1313002,-0.22676356,411.54,-173.62,13.000615160266593,1.6180998353405798,411.54,-173.62,29.888414253452897,3.720011521447992,41.0,31.458329581007987,18.04,13.527081719833436,0.5,9.541670418992013,-27.99938483973341,-18.457714420741397
72,8.0,-0.30244482,-0.11888464,-0.22912288,0.0,0.0,13.979766603267548,2.1447228032279426,499.43000000000006,-147.28,32.13948342091209,4.93071772462104,45.0,0.0,19.8,16.41597517455512,0.5,45.0,-31.02023339673245,13.979766603267548
72,8.0,-0.30237594,-0.1140649,-0.22775239,499.43000000000006,-147.28,14.008218945753605,2.1556552842144683,499.43000000000006,-147.28,32.20489535628754,4.955851498409064,45.0,38.176686452453765,19.8,16.41597517455512,0.5,6.823313547546235,-30.991781054246395,-24.16846750670016
72,8.0,-0.30413178,-0.11261798,-0.22601625,502.9000000000001,-147.01999999999998,14.079507891719317,2.167931335677641,502.9000000000001,-147.01999999999998,32.36878864306271,4.9840741407229,41.0,38.44193503982339,18.04,16.530032067124058,0.5,2.5580649601766083,-26.920492108280683,-24.362427148104075
72,8.0,-0.30366459,-0.1106831,-0.2231902,453.5899999999999,-147.34,14.829003603291806,2.2982009994649104,453.5899999999999,-147.34,34.09187928396786,5.28356409776983,41.0,34.67265324063131,18.04,14.909240893471464,0.5,6.327346759368687,-26.170996396708194,-19.843649637339507
72,8.0,-0.30316669,-0.1117204,-0.22425437,460.8599999999999,-156.44,14.85763654417098,2.313413597775537,460.8599999999999,-156.44,34.157706415049084,5.318537861285959,41.0,35.22837578535098,18.04,15.14820158770092,0.5,5.771624214649023,-26.14236345582902,-20.370739241179997
72,8.0,-0.30268216,-0.11154658,-0.22708163,462.1099999999999,-153.47,14.900469029403451,2.3260016203578484,462.1099999999999,-153.47,34.256178298598535,5.347477725202692,41.0,35.323926429216115,18.04,15.189288364562929,0.5,5.676073570783885,-26.099530970596547,-20.423457399812662
72,13.0,-0.296922,-0.13429777,-0.252859,417.01,-164.32999999999998,11.912155123878144,1.9321198924619545,417.01,-164.32999999999998,27.38604462979585,4.441943632770034,41.0,31.876459198561847,18.04,13.706877455381594,0.5,9.123540801438153,-29.087844876121856,-19.964304074683703
72,13.0,-0.30622548,-0.13076916,-0.23631871,417.68000000000006,-164.51999999999998,11.960919870104828,1.9410422818173068,417.68000000000006,-164.51999999999998,27.498154781371,4.462456205897986,-45.0,31.92767434367356,-19.8,13.72889996777963,0.5,-76.92767434367356,56.96091987010483,-19.96675447356873
72,13.0,-0.31786188,-0.12707075,-0.22659668,421.05,-159.75,12.11060389928974,1.952060812070012,421.05,-159.75,27.842278364467116,4.487787806948955,-45.0,32.185278879533975,-19.8,13.83966991819961,0.5,-77.18527887953397,57.11060389928974,-20.074674980244232
72,13.0,-0.33145407,-0.11206432,-0.22380696,402.22,-143.45,12.57279763250138,2.041329836045008,402.22,-143.45,28.90486175712067,4.693017293067472,41.0,30.745903980349507,18.04,13.220738711550288,0.5,10.254096019650493,-28.42720236749862,-18.173106347848126
72,13.0,-0.32594258,-0.11013181,-0.22452377,406.6500000000001,-139.72,12.567296675275855,2.0512234403752103,406.6500000000001,-139.72,28.89221505645919,4.715762689422608,45.0,31.084535462207565,19.8,13.366350248749251,0.5,13.915464537792435,-32.432703324724145,-18.51723878693171
72,13.0,-0.32571846,-0.11237831,-0.22510786,404.54,-137.04,12.574411310371923,2.0634343044752246,404.54,-137.04,28.90857160254505,4.743835465988541,45.0,30.9232459753632,19.8,13.296995769406175,0.5,14.076754024636799,-32.42558868962808,-18.34883466499128
72,13.0,-0.3332195,-0.11816028,-0.22227882,366.8900000000001,-173.32,12.918343358331946,2.139652685517872,366.8900000000001,-173.32,29.699271380805143,4.919061524005588,45.0,28.04526058214517,19.8,12.059462050322423,0.5,16.95473941785483,-32.081656641668054,-15.126917223813223
72,13.0,-0.33362263,-0.118357,-0.22320512,431.4200000000001,-162.66,13.008112208375683,2.149249303801975,431.4200000000001,-162.66,29.90564996705569,4.941124149440741,45.0,32.97796702103919,19.8,14.180525819046853,0.5,12.022032978960809,-31.991887791624315,-19.969854812663506
72,13.0,-0.33497247,-0.11931869,-0.22339347,434.72,-156.72,13.049754234155738,2.162585477519652,434.72,-156.72,30.00138498432404,4.971784012817679,41.0,33.230220720843164,18.04,14.28899490996256,0.5,7.769779279156836,-27.95024576584426,-20.180466486687425
72,13.0,-0.33071288,-0.11505158,-0.22285539,441.9100000000001,-156.03,13.5225535994009,2.2511851988068408,441.9100000000001,-156.03,31.08835072502267,5.175474772056926,45.0,33.77982802435545,19.8,14.525326050472843,0.5,11.220171975644547,-31.4774464005991,-20.257274424954552
72,13.0,-0.32930553,-0.11423727,-0.22254869,382.75,-156.8,13.616029196869864,2.2630734545463014,382.75,-156.8,31.30325112360382,5.202805872001946,45.0,29.257607151506072,19.8,12.580771075147611,0.5,15.742392848493928,-31.383970803130136,-15.641577954636208
72,13.0,-0.33185908,-0.11459712,-0.22430658,441.3900000000001,-149.57999999999998,13.748067753094464,2.277781042008267,441.3900000000001,-149.57999999999998,31.60680776436417,5.236618615577006,45.0,33.74007895650755,19.8,14.508233951298248,0.5,11.259921043492447,-31.251932246905536,-19.99201120341309
72,14.0,-0.32492888,-0.1178721,-0.21797092,157.84000000000003,-127.95,12.841750970602178,2.035251309371453,395.68000000000006,-138.14,29.523185481414405,4.67904276024497,-31.0,12.065370902139042,-13.64,13.005772695008249,0.5,-43.065370902139044,43.84175097060218,0.7763800684631352
72,14.0,-0.32818463,-0.11909024,-0.21753849,156.77999999999997,-131.03,12.794329711559987,2.0428371898447217,395.68000000000006,-138.14,29.41416400687641,4.696482699453016,41.0,11.9843439561414,18.04,13.005772695008249,0.5,29.0156560438586,-28.20567028844001,0.8099857554185874
72,14.0,-0.32730317,-0.11764006,-0.21782044,395.68000000000006,-138.14,12.933414148695938,2.0515719291930843,395.68000000000006,-138.14,29.73391912785196,4.716563865214901,41.0,30.245983011647088,18.04,13.005772695008249,0.5,10.754016988352912,-28.066585851304062,-17.31256886295115
72,15.0,-0.33199015,-0.09603228,-0.2094188,383.75,-168.59,15.242183474039956,2.540761150913447,383.75,-168.59,35.04177980681786,5.841209885950015,41.0,29.33404766659818,18.04,12.613640496637217,0.5,11.665952333401819,-25.757816525960045,-14.091864192558225
72,15.0,-0.33154401,-0.09491693,-0.20943525,420.8900000000001,-226.67,15.43774602308888,2.560524740761201,420.8900000000001,-226.67,35.49137810708134,5.886646379010003,41.0,32.173048397119246,18.04,13.834410810761277,0.5,8.826951602880754,-25.56225397691112,-16.735302374030365
72,15.0,-0.33304039,-0.0944559,-0.20712984,425.22,-221.44,15.518039949857934,2.57554262874558,425.22,-221.44,35.67597384472339,5.921172503486085,41.0,32.504035827468094,18.04,13.97673540581128,0.5,8.495964172531906,-25.481960050142064,-16.985995877610158
72,16.0,-0.29709697,-0.07913809,-0.22624052,255.22000000000003,-123.43,18.4693822869807,3.0111133268465142,255.22000000000003,-123.43,42.46110987776863,6.922549538420135,41.0,19.509148261808964,18.04,8.388933752577854,0.5,21.490851738191036,-22.5306177130193,-1.0397659748282635
72,16.0,-0.30683443,-0.07115743,-0.21826442,318.74,-164.95,18.59426041743049,3.0361581691348354,318.74,-164.95,42.74820469967271,6.980127630840986,38.0,24.36464978045995,16.72,10.476799405597776,0.5,13.63535021954005,-19.40573958256951,-5.770389363029459
72,16.0,-0.30936772,-0.06615871,-0.21619822,234.23,-157.88,18.645167060971964,3.0569146873743014,318.74,-164.95,42.86523907317454,7.027846866273517,32.0,17.90466185002552,14.08,10.476799405597776,0.5,14.09533814997448,-13.354832939028036,0.740505210946445
72,16.0,-0.31646997,-0.0543943,-0.21655352,523.1099999999999,-200.93,19.81300426552842,3.4181429509441585,523.1099999999999,-200.93,45.55009680644984,7.858310644220619,38.0,39.986797849834986,16.72,17.194323075429043,0.5,-1.9867978498349856,-18.18699573447158,-20.173793584306566
72,16.0,-0.31522217,-0.05702071,-0.21458603,505.43000000000006,-184.35,19.912524587119798,3.446646280036044,505.43000000000006,-184.35,45.7788940257884,7.923839797802863,38.0,38.63532954300644,16.72,16.61319170349277,0.5,-0.6353295430064421,-18.087475412880202,-18.722804955886645
72,16.0,-0.31520554,-0.05699341,-0.21312369,464.77,-202.74,20.0641791703367,3.472665199093788,464.77,-202.74,46.12754791260407,7.983657292716618,38.0,35.527258199361135,16.72,15.276721025725289,0.5,2.4727418006388646,-17.9358208296633,-15.463079029024435
72,17.0,-0.31699696,-0.126802,-0.22645338,398.68,-155.14,12.398553015269636,1.5432188065754475,398.68,-155.14,28.50427338210489,3.547860036316955,-31.0,30.475304556923422,-13.64,13.104380959477073,0.5,-61.47530455692342,43.398553015269634,-18.076751541653785
72,17.0,-0.31366166,-0.12708552,-0.22687203,405.32,-158.29000000000002,12.533569202597036,1.5530465976707797,405.32,-158.29000000000002,28.814675596770584,3.5704541280451245,-31.0,30.982869577135048,-13.64,13.322633918168073,0.5,-61.98286957713505,43.533569202597036,-18.449300374538012
72,17.0,-0.31276968,-0.12763813,-0.22745341,409.27,-166.89,12.586743949163324,1.5611790173563405,409.27,-166.89,28.93692433912648,3.589150560902228,-31.0,31.28480961174889,-13.64,13.452468133052022,0.5,-62.28480961174889,43.58674394916332,-18.698065662585567
72,18.0,-0.2757135,-0.38625491,-0.25354084,-597.75,-179.94,-19.86967347188472,3.055868461204186,-597.75,-179.94,-45.68037931186297,7.025441592308425,-42.0,-45.69231789631026,-18.48,-19.64769669541341,-0.5,3.692317896310257,22.13032652811528,25.822644424425537
72,18.0,-0.27967128,-0.38855007,-0.25716749,-615.8299999999999,-173.43,-20.01741360872214,3.0812934757297423,-615.8299999999999,-173.43,-46.0200338864522,7.083893700702678,-42.0,-47.074362409175656,-18.48,-20.24197583594553,-0.5,5.074362409175656,21.98258639127786,27.056948800453515
72,18.0,-0.28233194,-0.38927349,-0.25929371,-340.73,-89.94,-20.139838229764607,3.10236245055528,-340.73,-89.94,-46.30148809022883,7.132331273826591,-42.0,-26.045576707335503,-18.48,-11.199597984154266,-0.5,-15.954423292664497,21.860161770235393,5.905738477570896
72,18.0,-0.32365438,-0.36459157,-0.23479883,-410.23,-102.47,-22.1792136426878,3.4121274855436994,-410.23,-102.47,-50.990012164539245,7.8444810892649635,-15.0,-31.358192506237327,-6.6,-13.48402277768205,-0.5,16.358192506237327,-7.179213642687799,9.178978863549528
72,18.0,-0.32655048,-0.36475044,-0.23384352,-312.56,-103.1,-22.355915240932653,3.437286874864689,-312.56,-103.1,-51.39624913890417,7.90232252531392,-15.0,-23.89224739719069,-6.6,-10.273666380791996,-0.5,8.89224739719069,-7.355915240932653,1.5363321562580374
72,18.0,-0.32732439,-0.37006602,-0.23707595,-289.75,-108.28,-22.5559804847206,3.4684869394859934,-289.75,-108.28,-51.85619913437266,7.974051473878298,-15.0,-22.14863924793961,-6.6,-9.52391487661403,-0.5,7.1486392479396095,-7.5559804847206,-0.4073412367809901
72,20.0,-0.31398261,-0.34454957,-0.23985386,-286.66,-75.15,-16.960025758425243,2.5694910334389016,-286.66,-75.15,-38.99109921861963,5.907259885876034,-34.0,-21.91243805630497,-14.96,-9.42234836421114,-0.5,-12.087561943695029,17.039974241574757,4.952412297879729
72,20.0,-0.31208026,-0.34719262,-0.23999505,-285.91,-76.99000000000001,-17.05906883912971,2.5863370767135265,-285.91,-76.99000000000001,-39.218799261159205,5.945988939364394,-34.0,-21.85510766998589,-14.96,-9.397696298093932,-0.5,-12.144892330014109,16.94093116087029,4.79603883085618
72,20.0,-0.31533358,-0.35030094,-0.24013533,-280.15,-75.66999999999999,-17.158836785035657,2.603385022061428,-280.15,-75.66999999999999,-39.448165768796976,5.985182165719223,-34.0,-21.41481030305532,-14.96,-9.208368430313786,-0.5,-12.585189696944681,16.841163214964343,4.255973518019662
72,21.0,-0.32482591,-0.36846378,-0.2395099,-413.99,-111.15,-17.72772270272592,2.7172313295496453,-413.99,-111.15,-40.75603449356689,6.246914826634633,-34.0,-31.645608842983663,-14.96,-13.607611802482976,-0.5,-2.3543911570163374,16.27227729727408,13.917886140257743
72,21.0,-0.32165623,-0.36478442,-0.24147244,-417.19,-102.69,-17.883638435511727,2.734040020199811,-417.19,-102.69,-41.11448476324146,6.285558006439366,-34.0,-31.890218491278425,-14.96,-13.712793951249722,-0.5,-2.109781508721575,16.116361564488273,14.006580055766698
72,21.0,-0.32341024,-0.36766219,-0.24054615,-415.62,-96.67,-17.905768405498204,2.7529350551661347,-415.62,-96.67,-41.16536156424037,6.328997691826942,-34.0,-31.77020688258381,-14.96,-13.66118895951104,-0.5,-2.2297931174161896,16.094231594501796,13.864438477085606
72,22.0,-0.30008501,-0.10051336,-0.2261194,462.94000000000005,-151.26,14.556650835021426,2.3984496254980483,462.94000000000005,-151.26,33.46574026971426,5.514035689020014,45.0,35.387372056742585,19.8,15.216569984399312,0.5,9.612627943257415,-30.443349164978574,-20.83072122172116
72,22.0,-0.29737559,-0.105843,-0.2263564,471.1400000000001,-148.6,14.57628738781024,2.4151791977998016,471.1400000000001,-148.6,33.510884704575744,5.552496975741745,45.0,36.0141842804979,19.8,15.486099240614095,0.5,8.9858157195021,-30.42371261218976,-21.43789689268766
72,22.0,-0.29767889,-0.10413133,-0.22405198,495.06,-153.86,14.702785379832704,2.429031043053987,495.06,-153.86,33.801703588235384,5.584342367981115,-45.0,37.84264140150122,-19.8,16.272335802645525,0.5,-82.84264140150123,59.702785379832704,-23.139856021668514
72,22.0,-0.29928866,-0.10667458,-0.22283164,516.79,-151.58,16.225385845239877,2.6469200662111527,516.79,-151.58,37.30216205820648,6.085269232219439,-31.0,39.50369379445283,-13.64,16.986588331614715,0.5,-70.50369379445283,47.22538584523988,-23.27830794921295
72,22.0,-0.29848573,-0.10484444,-0.22159502,524.9300000000001,-150.51,16.304545049690184,2.6670239590180795,524.9300000000001,-150.51,37.48414906923773,6.131488081782564,-31.0,40.12591958730263,-13.64,17.25414542254013,0.5,-71.12591958730263,47.304545049690184,-23.82137453761245
72,22.0,-0.29702488,-0.09982956,-0.21808527,557.1700000000001,-102.4,16.452104772322524,2.685532589684596,557.1700000000001,-102.4,37.823388871569485,6.174039423684885,-31.0,42.59036179387234,-13.64,18.313855571365107,0.5,-73.59036179387235,47.45210477232253,-26.138257021549816
72,22.0,-0.28942299,-0.0869503,-0.21865672,514.69,-82.26,17.7738267557933,2.969085992768058,514.69,-82.26,40.8620277115688,6.825928697373769,-29.0,39.34316871275941,-12.76,16.917562546486543,0.5,-68.34316871275941,46.7738267557933,-21.569341956966106
72,22.0,-0.28548688,-0.084801,-0.21859461,528.43,-86.87,17.93421351532425,2.99382341111502,528.43,-86.87,41.23075687173045,6.8828000221534325,-29.0,40.39346139012503,-12.76,17.36918839775376,0.5,-69.39346139012503,46.934213515324245,-22.459247874800784
72,22.0,-0.2851344,-0.08573266,-0.21966618,534.65,-92.57,18.007930009364813,3.016628081693602,534.65,-92.57,41.4002310915297,6.935227959813588,-31.0,40.868921393997965,-13.64,17.573636199419123,0.5,-71.86892139399797,49.00793000936481,-22.860991384633152
72,23.0,-0.33011866,-0.32362324,-0.23659807,-283.79,-140.51,-13.799187609757231,2.000750427498965,-283.79,-140.51,-31.724332314831877,4.599725232820122,-15.0,-21.693053777990617,-6.6,-9.328013124535966,-0.5,6.693053777990617,1.2008123902427688,7.8938661682333855
72,23.0,-0.33232605,-0.33085573,-0.23564124,-279.28,-140.01,-13.863496124452643,2.011274056677668,-279.28,-140.01,-31.87217759011663,4.623919056301958,-15.0,-21.348307054925183,-6.6,-9.179772033617828,-0.5,6.348307054925183,1.1365038755473567,7.484810930472539
72,23.0,-0.32954633,-0.33028004,-0.23322593,-280.5,-136.22,-13.92839651102558,2.021901862777412,-280.5,-136.22,-32.02138357884781,4.648352382525271,-15.0,-21.441564483337565,-6.6,-9.219872727835153,-0.5,6.441564483337565,1.0716034889744197,7.513167972311985
72,24.0,-0.35055727,-0.19385055,-0.21246889,165.07000000000005,-132.04,4.545610563730222,1.2511867007363728,,,10.45035868601578,2.8764782249929213,13.0,12.61803582625502,5.72,,0.5,0.38196417374497926,-8.454389436269778,-8.0724252625248
72,24.0,-0.34807953,-0.19292688,-0.21428941,168.69000000000003,-131.73,4.632037159944986,1.2556066472231244,,,10.649053430713522,2.8866396819659625,13.0,12.894750490888466,5.72,,0.5,0.10524950911153397,-8.367962840055014,-8.26271333094348
72,24.0,-0.34579501,-0.18907785,-0.21477558,165.28999999999996,-136.1,4.645976800862398,1.2596131884463762,,,10.681100665182653,2.8958507202382187,13.0,12.634852739575278,5.72,,0.5,0.3651472604247221,-8.354023199137602,-7.98887593871288
72,25.0,-0.29925555,-0.07126278,-0.22842763,598.05,-214.93,20.07087047585316,3.3383819564167805,598.05,-214.93,46.14293122398641,7.674940117802176,-31.0,45.71525005083789,-13.64,19.65755752186029,0.5,-76.71525005083788,51.070870475853155,-25.64437957498473
72,25.0,-0.30240992,-0.07140739,-0.22873564,235.4,-150.91,20.197915474371108,3.359582548562692,598.05,-214.93,46.43500767557918,7.723680279145626,-31.0,17.994097252683286,-13.64,19.65755752186029,0.5,-48.99409725268329,51.19791547437111,2.203818221687822
72,25.0,-0.30329588,-0.07790483,-0.23916797,142.34000000000003,-151.41,20.375149953475585,3.3810047658864786,598.05,-214.93,46.84246974304037,7.772929956773012,-31.0,10.8805429182113,-13.64,19.65755752186029,0.5,-41.8805429182113,51.375149953475585,9.494607035264286
72,26.0,-0.32445931,-0.10877658,-0.21408123,392.6700000000001,-176.11,13.9951158567979,2.467919664721949,392.6700000000001,-176.11,32.17477135477837,5.673747309195759,-31.0,30.015897061219828,-13.64,12.906835736324526,0.5,-61.01589706121983,44.9951158567979,-16.02078120442193
72,26.0,-0.3225821,-0.1087041,-0.21521737,394.27,-177.91,14.061194165851491,2.4799521008220173,394.27,-177.91,32.32668538729258,5.701409879789818,-31.0,30.1382018853672,-13.64,12.959426810707896,0.5,-61.138201885367195,45.06119416585149,-16.077007719515706
72,26.0,-0.32509384,-0.10950338,-0.21434708,403.9100000000001,-175.45999999999998,14.127886660933244,2.4920953046430308,403.9100000000001,-175.45999999999998,32.48001143348552,5.729327105374329,-31.0,30.87508845085518,-13.64,13.276288033867727,0.5,-61.87508845085518,45.12788666093324,-16.747201789921938
72,27.0,-0.33931053,-0.06759892,-0.2210024,423.5700000000001,-179.28,15.152674758409816,2.5513941197167496,423.5700000000001,-179.28,34.835999269584164,5.865655081228807,38.0,32.37790897756611,16.72,13.922500860353423,0.5,5.622091022433892,-22.847325241590184,-17.22523421915629
72,27.0,-0.33692825,-0.07060029,-0.22498669,214.92999999999995,-140.26,15.198979041757443,2.5636039362393763,423.5700000000001,-179.28,34.94245281700036,5.893725449414326,41.0,16.42935990874774,18.04,13.922500860353423,0.5,24.57064009125226,-25.801020958242557,-1.2303808669902985
72,27.0,-0.33802247,-0.07027381,-0.22248779,225.72000000000003,-156.57,15.26985726004192,2.575925918381881,423.5700000000001,-179.28,35.10540184083637,5.922053686359947,41.0,17.25415306659164,18.04,13.922500860353423,0.5,23.74584693340836,-25.73014273995808,-1.9842958065497207
72,28.0,-0.33768201,-0.35807577,-0.2364538,-454.95,-129.11,-18.761435417303648,2.217907315912344,-454.95,-129.11,-43.132540024381086,5.098968919282477,-15.0,-34.77661234115659,-6.6,-14.953943306697337,-0.5,19.776612341156593,-3.761435417303648,16.015176923852945
72,28.0,-0.34005484,-0.36427495,-0.24011774,-452.98,-122.2,-18.774616401941092,2.230554374849886,-452.98,-122.2,-43.162843108062575,5.12804450777989,-15.0,-34.62602452642514,-6.6,-14.88919054636281,-0.5,19.62602452642514,-3.774616401941092,15.851408124484049
72,28.0,-0.34181616,-0.37273788,-0.23667625,-448.83,-125.34,-18.88246654027141,2.2433381495445097,-448.83,-125.34,-43.410790576083976,5.157434405802828,-15.0,-34.308796388792864,-6.6,-14.75278244718093,-0.5,19.308796388792864,-3.882466540271409,15.426329848521455
72,28.0,-0.36862886,-0.16596676,-0.56373107,6.960000000000036,-130.56,-24.887890956839108,3.2073793734990463,-448.83,-125.34,-57.21726130977311,7.373765179674308,0.0,0.532025985041106,0.0,-14.75278244718093,-0.5,-0.532025985041106,-24.887890956839108,-25.419916941880214
72,28.0,-0.37165231,-0.16631705,-0.5664925,17.620000000000005,-137.5,-25.06225877215377,3.2396815974271918,-448.83,-125.34,-57.61813291718152,7.448027992485116,0.0,1.346881875923023,0.0,-14.75278244718093,-0.5,-1.346881875923023,-25.06225877215377,-26.409140648076793
72,28.0,-0.36997652,-0.16692422,-0.56290072,18.74000000000001,-141.81,-25.261816753214468,3.2725417248929496,-448.83,-125.34,-58.07691671564006,7.523573425528891,0.0,1.4324952528261894,0.0,-14.75278244718093,-0.5,-1.4324952528261894,-25.261816753214468,-26.694312006040658
72,28.0,-0.36017349,-0.16867082,-0.56421334,170.67999999999995,-56.18000000000001,-38.83072794766933,5.470857820017141,-448.83,-125.34,-89.27184355169177,12.577502128219407,0.0,13.046867115921762,0.0,-14.75278244718093,-0.5,-13.046867115921762,-38.83072794766933,-51.877595063591095
72,28.0,-0.36360738,-0.16890508,-0.56396914,1049.18,116.51999999999998,-39.27357278935423,5.541874205187458,1049.18,116.51999999999998,-90.28994384272538,12.740768797725964,0.0,64.56089464164732,0.0,27.761184695908348,-0.5,-64.56089464164732,-39.27357278935423,-103.83446743100156
72,28.0,-0.36334169,-0.1659375,-0.56045884,1194.03,189.18,-39.65840957236175,5.613920768392518,1194.03,189.18,-91.17468360685966,12.906403846534396,0.0,70.09709894719357,0.0,30.14175254729324,-0.5,-70.09709894719357,-39.65840957236175,-109.75550851955532
72,29.0,-0.34037423,-0.11529239,-0.21723048,368.76,-175.74,12.736354656134951,2.229661137420556,368.76,-175.74,29.280879354454257,5.12599095492986,20.0,28.188204345367417,8.8,12.120927868507987,0.5,-8.188204345367417,-7.263645343865049,-15.451849689232466
72,29.0,-0.34437293,-0.10986236,-0.21168564,374.52,-178.51999999999998,12.861983666835444,2.2404288286960297,374.52,-178.51999999999998,29.56970045005469,5.150745877172174,20.0,28.62850171229798,8.8,12.31025573628813,0.5,-8.628501712297979,-7.138016333164556,-15.766518045462535
72,29.0,-0.33934146,-0.11135284,-0.21293093,376.93000000000006,-178.81,12.855918445102937,2.2512977042700597,376.93000000000006,-178.81,29.555756505291647,5.175733422116867,20.0,28.812723353669977,8.8,12.38947104207809,0.5,-8.812723353669977,-7.144081554897063,-15.95680490856704
72,31.0,-0.32488039,-0.11050497,-0.21278273,427.51,-172.1,14.002954175767536,3.795155531685396,427.51,-172.1,32.19279165008957,8.725062567344725,38.0,32.679084607029026,16.72,14.052006381022482,0.5,5.320915392970974,-23.997045824232465,-18.67613043126149
72,31.0,-0.32252994,-0.1105063,-0.21263824,431.56,-176.47,14.004447502572036,3.813638314429955,431.56,-176.47,32.19622480841311,8.767554484874468,38.0,32.98866869315208,16.72,14.185127538055394,0.5,5.0113313068479215,-23.995552497427965,-18.984221190580044
72,31.0,-0.32053107,-0.10997937,-0.21341421,432.1600000000001,-174.03,14.051535501516623,3.832291743203487,432.1600000000001,-174.03,32.304480117986714,8.810438717624814,41.0,33.03453300220736,18.04,14.204849190949163,0.5,7.965466997792639,-26.948464498483375,-18.982997500690736
72,31.0,-0.31598544,-0.1077415,-0.21615928,395.03,-163.74,14.391383012079611,3.967952648571676,395.03,-163.74,33.08578954477103,9.122323139066282,-31.0,30.196296676837207,-13.64,12.984407571039998,0.5,-61.19629667683721,45.391383012079615,-15.804913664757596
72,31.0,-0.32200846,-0.10652988,-0.21593519,396.4100000000001,-162.98000000000002,14.39794830925029,3.98807238230573,396.4100000000001,-162.98000000000002,33.10088316296642,9.168578406920872,-31.0,30.301784587664336,-13.64,13.029767372695664,0.5,-61.301784587664336,45.39794830925029,-15.903836278414046
72,31.0,-0.32480198,-0.10647622,-0.21356754,396.3800000000001,-158.88,14.471490627613363,4.008384785978432,396.3800000000001,-158.88,33.26995695288312,9.215276622964415,-31.0,30.299491372211573,-13.64,13.028781290050976,0.5,-61.29949137221158,45.47149062761336,-15.82800074459821
72,31.0,-0.32322463,-0.10348316,-0.21694764,388.03,-151.38,14.79424429869703,4.091633835438786,388.03,-151.38,34.01196764270447,9.406666187673771,-45.0,29.66121307119242,-19.8,12.75432162061274,0.5,-74.66121307119242,59.79424429869703,-14.86696877249539
72,31.0,-0.32286695,-0.10571355,-0.21818982,47.08000000000004,-122.28,14.871423659797298,4.1129563765355215,388.03,-151.38,34.18940299387398,9.455686709655163,-45.0,3.598819450536661,-19.8,12.75432162061274,0.5,-48.59881945053666,59.8714236597973,11.272604209260637
72,31.0,-0.32647181,-0.10438642,-0.22038963,-7.480000000000018,-117.49,14.949549591821125,4.1344808888599625,388.03,-151.38,34.36901451159676,9.505171563489052,-45.0,-0.5717750528890031,-19.8,12.75432162061274,0.5,-44.428224947111,59.949549591821125,15.521324644710127
72,32.0,-0.32492203,-0.12872991,-0.21557026,394.99,-132.36,11.718239431928463,2.0782684481630875,394.99,-132.36,26.94023245400354,4.777939162326939,32.0,30.193239056233526,14.08,12.983092794180417,0.5,1.8067609437664736,-20.281760568071537,-18.474999624305063
72,32.0,-0.32125196,-0.12756763,-0.21607257,399.19000000000005,-136.65,11.8357226872864,2.0876868288387405,399.19000000000005,-136.65,27.21032645807143,4.799592019500265,32.0,30.514289219620405,14.08,13.121144364436772,0.5,1.4857107803795948,-20.1642773127136,-18.678566532334003
72,32.0,-0.32048506,-0.12713721,-0.21526895,397.3800000000001,-140.31,11.821171131185377,2.0971847667169854,397.3800000000001,-140.31,27.176872430595186,4.821427778682351,38.0,30.37593188730369,16.72,13.061650711540585,0.5,7.62406811269631,-26.178828868814623,-18.554760756118313
72,33.0,-0.32180154,-0.11763129,-0.213057,430.74,-149.13,13.70780349823813,2.348090770965322,430.74,-149.13,31.51424024244946,5.3982606824492745,-31.0,32.92598747077655,-13.64,14.158174612433916,0.5,-63.92598747077655,44.70780349823813,-19.21818397253842
72,33.0,-0.32147351,-0.11854598,-0.21493684,430.1300000000001,-149.62,13.774719917515402,2.359976291402763,430.1300000000001,-149.62,31.668081090367902,5.42558549393495,-31.0,32.87935875657037,-13.64,14.138124265325258,0.5,-63.87935875657037,44.7747199175154,-19.104638839054967
72,33.0,-0.31924105,-0.11716961,-0.21581712,430.03,-145.02,13.887088856589914,2.3719733821887665,430.03,-145.02,31.92641728130021,5.453166805651973,-31.0,32.871714705061144,-13.64,14.134837323176292,0.5,-63.871714705061144,44.88708885658991,-18.984625848471232
72,34.0,-0.32609326,-0.08931074,-0.211688,479.32,-151.6,16.15387887931741,2.874563954695727,479.32,-151.6,37.13776754355072,6.608622531845475,45.0,36.63946769395137,19.8,15.754971108399088,0.5,8.360532306048633,-28.84612112068259,-20.485588814633957
72,34.0,-0.32608309,-0.08472993,-0.20969941,423.26,-165.18,16.315482010824496,2.891916001246197,423.26,-165.18,37.50929314288552,6.648514886865005,45.0,32.35421241788755,19.8,13.912311339691648,0.5,12.645787582112447,-28.684517989175504,-16.038730407063056
72,34.0,-0.33265156,-0.08172805,-0.20595317,483.82,-155.9,16.412051990073763,2.909451798406807,483.82,-155.9,37.73130752517958,6.68882968453725,41.0,36.98345001186588,18.04,15.902883505102327,0.5,4.016549988134123,-24.587948009926237,-20.571398021792113
72,35.0,-0.30432022,-0.0621043,-0.21427236,650.25,-165.93,20.71715513832869,3.641250057378322,650.25,-165.93,47.62873966301765,8.371233881912765,-24.0,49.313687298799096,-10.56,21.20488553848361,0.5,-73.3136872987991,44.71715513832869,-28.596532160470407
72,35.0,-0.30825648,-0.0609987,-0.21293531,591.94,-163.81,20.809876357059053,3.6650873237560297,591.94,-163.81,47.841905744878765,8.426035757315113,-29.0,45.2481985036251,-12.76,19.456725356558792,0.5,-74.2481985036251,49.80987635705905,-24.438322146566044
72,35.0,-0.31031314,-0.05921791,-0.21301761,654.8199999999999,-166.51,21.023453601108077,3.694597062494688,654.8199999999999,-166.51,48.33291982894746,8.493878646675288,-31.0,49.48835387578457,-13.64,21.279992166587363,0.5,-80.48835387578457,52.02345360110807,-28.46490027467649
72,36.0,-0.3150765,-0.09623011,-0.23613334,433.78,-127.81,15.838094797296222,3.674989262577887,433.78,-127.81,36.41177993898401,8.448800314666562,32.0,33.15836663665657,14.08,14.258097653762324,0.5,-1.1583666366565666,-16.161905202703778,-17.320271839360345
72,36.0,-0.3211154,-0.10172648,-0.2314578,494.1500000000001,-132.53,15.901408126079716,3.6968397889549527,494.1500000000001,-132.53,36.55733728185727,8.499034674807435,32.0,37.77308053276741,14.08,16.242424629089985,0.5,-5.773080532767409,-16.098591873920284,-21.871672406687694
72,36.0,-0.3220908,-0.10119545,-0.22975892,495.8900000000001,-136.79,16.056405001133985,3.716900966608892,495.8900000000001,-136.79,36.91367509760703,8.545155322233843,-45.0,37.90608702902768,-19.8,16.2996174224819,0.5,-82.90608702902767,61.05640500113398,-21.849682027893696
72,36.0,-0.31149143,-0.08274588,-0.21751884,536.3499999999999,-160.32,17.241704331926112,4.139621839757502,536.3499999999999,-160.32,39.63867825909813,9.516990609602496,-31.0,40.99887026965455,-13.64,17.629514215951456,0.5,-71.99887026965456,48.241704331926115,-23.75716593772844
72,36.0,-0.30993947,-0.08116803,-0.21863179,479.49,-162.03,17.348888286996036,4.164308521554717,479.49,-162.03,39.885094171803885,9.573745291054294,-31.0,36.65246258151704,-13.64,15.760558910052325,0.5,-67.65246258151704,48.348888286996036,-19.303574294521006
72,36.0,-0.308103,-0.0811557,-0.22208801,537.19,-164.15,17.391176795002536,4.189292310924518,537.19,-164.15,39.98231545171083,9.631183022815469,-31.0,41.06308030233194,-13.64,17.657124530002733,0.5,-72.06308030233194,48.391176795002536,-23.671903507329404
72,37.0,-0.34292898,-0.14342895,-0.56791073,-308.23,-70.94999999999999,-24.00929550591249,1.3852011529816348,-308.23,-70.94999999999999,-55.19737036809282,3.184577450704776,0.0,-23.561259966841845,0.0,-10.131341785741991,-0.5,23.561259966841845,-24.00929550591249,-0.448035539070645
72,37.0,-0.34309447,-0.14101622,-0.56734788,-304.14,-68.13,-23.33534799609625,1.3884451201254857,-304.14,-68.13,-53.64796504302527,3.1920353311684906,0.0,-23.2486182601151,0.0,-9.996905851849494,-0.5,23.2486182601151,-23.33534799609625,-0.08672973598114808
72,37.0,-0.34386808,-0.13944669,-0.56803453,-243.58000000000004,-10.78,-22.660207951663747,1.3917367012081847,-304.14,-68.13,-52.09581808087495,3.199602676077614,0.0,-18.61938066613677,0.0,-9.996905851849494,-0.5,18.61938066613677,-22.660207951663747,-4.0408272855269765
72,38.0,-0.32384658,-0.06556698,-0.21397096,508.5999999999999,-126.66,18.682198943230432,3.645048536184566,508.5999999999999,-126.66,42.95037537048676,8.379966584688315,-31.0,38.87764597584843,-13.64,16.717387769614824,0.5,-69.87764597584842,49.68219894323043,-20.195447032618
72,38.0,-0.32196805,-0.0659005,-0.21743391,568.3800000000001,-111.54,18.766510612604964,3.67105864239449,568.3800000000001,-111.54,43.14420789837881,8.439763818864932,-31.0,43.44725996805493,-13.64,18.682321786263618,0.5,-74.44725996805494,49.76651061260496,-24.680749355449965
72,38.0,-0.32403225,-0.06456408,-0.21898693,516.31,-129.1,18.90786594089864,3.697377654053726,516.31,-129.1,43.46918379812597,8.500271226669518,-31.0,39.46700234720861,-13.64,16.9708110092997,0.5,-70.46700234720862,49.90786594089864,-20.559136406309975
72,40.0,-0.32669199,-0.0663067,-0.20763257,519.0,-150.98,18.70127805830613,3.3762378991427786,519.0,-150.98,42.99423825604579,7.761970930129248,-31.0,39.6726273328064,-13.64,17.059229753106752,0.5,-70.6726273328064,49.70127805830613,-20.97134927450027
72,40.0,-0.32077932,-0.06819447,-0.20994364,477.47,-159.25,18.76146583271761,3.39743760381923,477.47,-159.25,43.13260994941779,7.81070905118041,-31.0,36.498052741030975,-13.64,15.69416267864332,0.5,-67.49805274103097,49.76146583271761,-17.736586908313363
72,40.0,-0.31873021,-0.06838098,-0.214011,489.3599999999999,-161.96,18.894389005834032,3.423667375590016,489.3599999999999,-161.96,43.43820032441244,7.871011296481445,-31.0,37.40693046547619,-13.64,16.08498010015476,0.5,-68.4069304654762,49.89438900583403,-18.512541459642154
72,42.0,-0.34522992,-0.35199934,-0.23864648,-388.5,-102.58,-15.911219231258578,1.997514975047192,-388.5,-102.58,-36.57989301266347,4.592286927633495,-26.0,-29.69714011328572,-11.44,-12.769770248712858,-0.5,3.6971401132857196,10.088780768741422,13.785920882027142
72,42.0,-0.34678912,-0.35797811,-0.23808873,-386.37,-104.9,-16.045278112360563,2.004605966056487,-386.37,-104.9,-36.888094380316936,4.608589115963863,-33.0,-29.53432181613952,-14.52,-12.699758380939992,-0.5,-3.4656781838604793,16.954721887639437,13.489043703778957
72,42.0,-0.3472769,-0.35932013,-0.2362237,-392.36,-106.6,-16.160863594446155,2.015488940406516,-392.36,-106.6,-37.15382540363171,4.633609073994577,-33.0,-29.992200501541276,-14.52,-12.896646215662749,-0.5,-3.0077994984587235,16.839136405553845,13.831336907095121
72,45.0,-0.34616205,-0.34393251,-0.23025011,-347.11,-97.69,-15.439401152155437,1.9979054549187567,-347.11,-97.69,-35.49518324880535,4.593184640858222,-15.0,-26.533267193623185,-6.6,-11.409304893257968,-0.5,11.533267193623185,-0.43940115215543685,11.093866041467749
72,45.0,-0.34951606,-0.34416872,-0.22982867,-380.78,-104.47,-15.559953013663488,2.0053926050414788,-380.78,-104.47,-35.77233197841236,4.61039759899036,-15.0,-29.10701933677461,-6.6,-12.51601831481308,-0.5,14.10701933677461,-0.5599530136634883,13.547066323111121
72,45.0,-0.34706143,-0.34339157,-0.23253296,-384.22,-106.13,-15.66656845801057,2.015581122459202,-384.22,-106.13,-36.0174408849663,4.633821000533704,-15.0,-29.36997470869148,-6.6,-12.629089124737336,-0.5,14.36997470869148,-0.6665684580105697,13.70340625068091
72,46.0,-0.37396097,-0.31925923,-0.23319003,-260.87,-114.52,-11.06591272856446,2.37237280915752,-260.87,-114.52,-25.440533362969692,5.454085088253139,-15.0,-19.941037172079398,-6.6,-8.57464598399414,-0.5,4.9410371720793975,3.9340872714355406,8.875124443514938
72,46.0,-0.36916685,-0.31522468,-0.23335247,-257.85,-106.03,-11.049518421202867,2.381796935654356,-257.85,-106.03,-25.402842850345397,5.475751155069366,-15.0,-19.71018681650122,-6.6,-8.475380331095526,-0.5,4.710186816501221,3.950481578797133,8.660668395298353
72,46.0,-0.37299594,-0.31677213,-0.23054582,-255.34,-108.56,-11.095457409890573,2.390422236372329,-255.34,-108.56,-25.508456585338426,5.495580721419984,-15.0,-19.51832112362001,-6.6,-8.392878083156605,-0.5,4.518321123620009,3.9045425901094273,8.422863713729436
72,47.0,-0.36329746,-0.32992208,-0.23903343,-240.33,-112.64,-11.761667898503232,1.5945390648134694,,,-27.040074498658928,3.6658453100061656,-15.0,-18.370948992087403,-6.6,,-0.5,3.3709489920874027,3.238332101496768,6.609281093584171
72,47.0,-0.36336318,-0.332203,-0.23994215,-240.83,-116.25,-11.78853102574015,1.5994424040259023,,,-27.101832828176605,3.6771180868555486,-15.0,-18.409169249633457,-6.6,,-0.5,3.4091692496334574,3.2114689742598497,6.620638223893307
72,47.0,-0.36337972,-0.33372653,-0.2384593,-239.36,-114.92,-11.86564808927054,1.606022305348672,,,-27.279124957232973,3.692245279996598,-15.0,-18.296801692448057,-6.6,,-0.5,3.2968016924480565,3.1343519107294604,6.431153603177517
72,48.0,-0.38087347,-0.27127296,-0.21950656,-75.40999999999997,-124.06,-5.230254989631032,1.3182002602255685,,,-12.024356221161742,3.030542398258582,-14.0,-5.764379243096204,-6.16,,-0.5,-8.235620756903796,8.769745010368968,0.5341242534651727
72,48.0,-0.37712893,-0.26973778,-0.21970728,-136.24,-121.88,-5.30384046848173,1.3225352573085265,,,-12.193529237039495,3.040508556552302,-11.0,-10.414255776149412,-4.84,,-0.5,-0.5857442238505879,5.69615953151827,5.110415307667682
72,48.0,-0.37748513,-0.2705406,-0.22036111,-140.04999999999995,-129.21,-5.320799481919964,1.3265028551022446,,,-12.232518008933996,3.04963006388006,-11.0,-10.705494138650357,-4.84,,-0.5,-0.2945058613496432,5.679200518080036,5.384694656730392
72,49.0,-0.32866174,-0.12654158,-0.20859233,0.0,0.0,11.930380450247728,5.356748088854594,336.23,-155.61,27.42794465511952,12.315163856276712,38.0,0.0,16.72,11.05168558745103,0.5,38.0,-26.06961954975227,11.930380450247728
72,49.0,-0.3321692,-0.12595488,-0.20685105,0.0,0.0,12.074700821490191,5.407133303558536,336.23,-155.61,27.75973718860595,12.430999464881074,38.0,0.0,16.72,11.05168558745103,0.5,38.0,-25.92529917850981,12.074700821490191
72,49.0,-0.33320239,-0.12439585,-0.2058007,336.23,-155.61,12.068373270224193,5.449032651742749,336.23,-155.61,27.745190148245417,12.52732606635658,32.0,25.701594389421,14.08,11.05168558745103,0.5,6.298405610579,-19.931626729775807,-13.633221119196808
72,50.0,-0.31930411,-0.08647493,-0.20854935,421.8599999999999,-167.92,16.37584646983738,6.18158852470222,421.8599999999999,-167.92,37.64807103415614,14.211472018290404,45.0,32.24719569675859,19.8,13.866294149606192,0.5,12.752804303241412,-28.62415353016262,-15.871349226921208
72,50.0,-0.31555754,-0.08697426,-0.20921135,428.97,-130.29,16.56390098203642,6.247026756878526,428.97,-130.29,38.08040835770173,14.36191451406373,-45.0,32.79068775906352,-19.8,14.099995736397313,0.5,-77.79068775906353,61.563900982036415,-16.226786777027105
72,50.0,-0.31240287,-0.0869134,-0.20793797,501.23,-144.12,16.87217964952117,6.321200881303147,501.23,-144.12,38.78914101424917,14.532440826115934,-45.0,38.31427937961957,-19.8,16.475140133236415,0.5,-83.31427937961956,61.87217964952117,-21.442099730098402
72,51.0,-0.34431684,-0.33555648,-0.22878751,-314.74,-118.48,-16.227956565178562,4.920439014416187,-314.74,-118.48,-37.30807214334551,11.312089294142815,-15.0,-24.0588877200915,-6.6,-10.345321719639346,-0.5,9.058887720091501,-1.2279565651785624,7.830931154912939
72,51.0,-0.34151369,-0.33491501,-0.22799245,-466.2,-140.62,-16.40851036654488,4.966072811821122,-466.2,-140.62,-37.72316533268668,11.417001394376758,-15.0,-35.63656813594286,-6.6,-15.32372429845543,-0.5,20.63656813594286,-1.4085103665448813,19.228057769397978
72,51.0,-0.34609792,-0.33897185,-0.22808342,-469.71,-145.69,-16.592633473793214,5.01244537600714,-469.71,-145.69,-38.1464643562506,11.523611919440413,-15.0,-35.90487434391618,-6.6,-15.439095967883956,-0.5,20.904874343916177,-1.5926334737932137,19.312240870122963
72,52.0,-0.35048535,-0.31428137,-0.22509678,-273.07,-133.14,-12.497613805518816,4.821887372332786,-273.07,-133.14,-28.73201413888776,11.085519068993076,-15.0,-20.873611456203168,-6.6,-8.975652926167362,-0.5,5.873611456203168,2.5023861944811845,8.375997650684353
72,52.0,-0.35240528,-0.31434286,-0.22523063,-205.18,-137.58,-12.62601603933737,4.86239831135576,-273.07,-133.14,-29.027210874436616,11.178653717806892,-15.0,-15.68406488659965,-6.6,-8.975652926167362,-0.5,0.6840648865996499,2.3739839606626294,3.0580488472622793
72,52.0,-0.3470633,-0.30577666,-0.22859003,-207.29,-141.69,-12.780907805054598,4.896027818719352,-273.07,-133.14,-29.38330704382052,11.255967955235793,-15.0,-15.845354373444009,-6.6,-8.975652926167362,-0.5,0.8453543734440085,2.219092194945402,3.0644465683894104
72,53.0,-0.32704842,-0.32707253,-0.25865203,-394.67,-121.28,-17.746409983116365,5.061812319084484,-394.67,-121.28,-40.79899655118452,11.637106521575229,-26.0,-30.168778091404054,-11.44,-12.972574579303744,-0.5,4.168778091404054,8.253590016883635,12.422368108287689
72,53.0,-0.32759181,-0.32687938,-0.25766832,-339.71,-145.94,-17.970865512536825,5.113758078560974,-339.71,-145.94,-41.31501981332216,11.75652982261168,-26.0,-25.967607381941544,-11.44,-11.166071174234864,-0.5,-0.032392618058455724,8.029134487463175,7.996741869404719
72,53.0,-0.32922459,-0.32857043,-0.25736362,-404.95,-131.05,-18.15855576095616,5.156919568079868,-404.95,-131.05,-41.746519694438206,11.855758087015616,-26.0,-30.95458658655097,-11.44,-13.310472232216917,-0.5,4.95458658655097,7.841444239043842,12.796030825594812
72,54.0,-0.36264884,-0.17518596,-0.20931605,0.0,0.0,8.21461573447575,4.362760597356059,,,18.885401573559747,10.029986613321578,18.0,0.0,7.92,,0.5,18.0,-9.78538426552425,8.21461573447575
72,54.0,-0.365376,-0.17449832,-0.20874739,0.0,0.0,8.218632650804604,4.38610862144888,,,18.894636464199785,10.083663720710977,18.0,0.0,7.92,,0.5,18.0,-9.781367349195396,8.218632650804604
72,54.0,-0.36558649,-0.17377886,-0.20794609,0.0,0.0,8.257239719191515,4.412333753887631,,,18.98339411442129,10.143955300187663,18.0,0.0,7.92,,0.5,18.0,-9.742760280808485,8.257239719191515
72,55.0,-0.37904817,-0.2848143,-0.221821,-103.26999999999998,-149.38,-8.294692604473873,3.363776095524593,,,-19.069498297685435,7.733321243611039,-15.0,-7.894011993562461,-6.6,,-0.5,-7.105988006437539,6.705307395526127,-0.4006806109114125
72,55.0,-0.37304819,-0.28333992,-0.22370906,-100.98000000000002,-152.1,-8.354904718073083,3.380388487781933,,,-19.20792594685002,7.771513133410663,-15.0,-7.718963214001524,-6.6,,-0.5,-7.281036785998476,6.645095281926917,-0.6359415040715595
72,55.0,-0.37516522,-0.29176873,-0.22345534,-104.92999999999996,-152.86,-8.31069196669172,3.4009422040430635,,,-19.106280831424264,7.818766127095002,-15.0,-8.020903248615364,-6.6,,-0.5,-6.9790967513846365,6.689308033308279,-0.2897887180763572
72,56.0,-0.34282893,-0.12403726,-0.2055786,327.84000000000003,-168.57999999999998,12.267201034650554,4.418305069211476,327.84000000000003,-168.57999999999998,28.202295178661625,10.15768335411718,32.0,25.06025846779817,14.08,10.775911141153214,0.5,6.939741532201829,-19.732798965349446,-12.793057433147617
72,56.0,-0.34342194,-0.12248682,-0.20652619,311.55999999999995,-182.11,12.366922290030567,4.453122722456909,311.55999999999995,-182.11,28.43155434478028,10.237729138928431,32.0,23.81580688209857,14.08,10.240796959302386,0.5,8.18419311790143,-19.633077709969434,-11.448884592068003
72,56.0,-0.33975533,-0.12585005,-0.2079813,315.62,-175.84,12.47997891852756,4.492407441458019,315.62,-175.84,28.691471533694852,10.328044707911982,38.0,24.126155373372555,16.72,10.3742468105502,0.5,13.873844626627445,-25.52002108147244,-11.646176454844994
72,57.0,-0.35654098,-0.15544377,-0.21589069,260.01,-187.1,9.56384185554958,3.578907112352109,260.01,-187.1,21.987272425908483,8.227907451297499,18.0,19.875298329100172,7.92,8.546378281513075,0.5,-1.875298329100172,-8.43615814445042,-10.311456473550592
72,57.0,-0.35369346,-0.15379784,-0.21446775,246.79999999999995,-169.74,9.626933002528403,3.60213458276963,260.01,-187.1,22.1323189728128,8.281307405787379,18.0,18.86551912473337,7.92,8.546378281513075,0.5,-0.8655191247333711,-8.373066997471597,-9.238586122204968
72,57.0,-0.35467428,-0.1530077,-0.21113764,245.69000000000003,-171.19,9.802623553723626,3.630927848127607,260.01,-187.1,22.536231550010616,8.347503122845367,18.0,18.78067015298113,7.92,8.546378281513075,0.5,-0.7806701529811306,-8.197376446276374,-8.978046599257505
72,58.0,-0.32130069,-0.12244463,-0.21901746,158.5,-200.41,13.894994403548298,7.556908587153291,,,31.94459213375753,17.37333284186542,-45.0,12.115821642099837,-19.8,,0.5,-57.11582164209984,58.894994403548296,1.7791727614484607
72,58.0,-0.32030761,-0.12233055,-0.21806236,164.75,-200.41,14.126028371394057,7.625316188350863,,,32.475739225834936,17.530601917018636,41.0,12.59357486142554,18.04,,0.5,28.406425138574463,-26.873971628605943,1.5324535099685175
72,58.0,-0.32224646,-0.12069725,-0.21589595,0.0,0.0,14.276856506503034,7.70269695978892,,,32.82249310845047,17.708500310554726,41.0,0.0,18.04,,0.5,41.0,-26.723143493496966,14.276856506503034
72,59.0,-0.35547671,-0.15471274,-0.21946773,272.67,-140.13,9.644968518371488,3.647493045379025,272.67,-140.13,22.17378262373605,8.385586511326377,20.0,20.84303525016632,8.8,8.962505157571517,0.5,-0.8430352501663201,-10.355031481628512,-11.198066731794832
72,59.0,-0.35740438,-0.15458408,-0.22033669,272.27,-144.49,9.7169779970088,3.674298473867284,272.27,-144.49,22.339332415123227,8.447212191420885,20.0,20.81245904412948,8.8,8.949357388975674,0.5,-0.8124590441294792,-10.2830220029912,-11.095481047120678
72,59.0,-0.35542119,-0.15406723,-0.22043544,270.04,-150.72,9.790430913499428,3.701487343226868,270.04,-150.72,22.508200670135185,8.50971940207857,20.0,20.641996695474063,8.8,8.876058579053847,0.5,-0.641996695474063,-10.209569086500572,-10.851565781974635
72,60.0,-0.33712471,-0.11017723,-0.21620873,398.5799999999999,-147.7,13.004307902052917,4.840277448997943,398.5799999999999,-147.7,29.89690386681965,11.127797855246271,38.0,30.46766050541421,16.72,13.10109401732811,0.5,7.532339494585791,-24.995692097947085,-17.463352603361294
72,60.0,-0.33986273,-0.11090416,-0.21276526,398.57,-142.54,13.133449142033824,4.886420800615801,398.57,-142.54,30.19379957753576,11.23388142061573,38.0,30.466896100263288,16.72,13.100765323113214,0.5,7.533103899736712,-24.866550857966175,-17.333446958229466
72,60.0,-0.34129739,-0.11065467,-0.21125047,399.21,-145.55,13.377546446154629,4.933325844814339,399.21,-145.55,30.75497927970949,11.341716117228165,38.0,30.515818029922244,16.72,13.121801752866563,0.5,7.484181970077756,-24.62245355384537,-17.138271583767615
72,61.0,-0.33390048,-0.14255062,-0.21447951,119.14,-63.25999999999999,10.528664802757463,5.10048989291826,258.92999999999995,-99.39,24.205400381539405,11.72602626381908,-45.0,9.107122968074284,-19.8,8.510879306304298,0.5,-54.107122968074286,55.52866480275746,1.421541834683179
72,61.0,-0.33593535,-0.14172895,-0.21427993,120.85000000000002,-64.66999999999999,10.604328026843849,5.138296522955876,258.92999999999995,-99.39,24.379350133714,11.812943706275558,45.0,9.2378362488818,19.8,8.510879306304298,0.5,35.7621637511182,-34.395671973156155,1.3664917779620485
72,61.0,-0.33688915,-0.14339364,-0.21463791,258.92999999999995,-99.39,10.702938823562688,5.185283991428467,258.92999999999995,-99.39,24.60605635537062,11.920967896294046,45.0,19.79274257280069,19.8,8.510879306304298,0.5,25.20725742719931,-34.29706117643731,-9.089803749238003
72,62.0,-0.32854739,-0.09447834,-0.22068754,396.46,-143.88,14.651182107045305,5.492311345280728,396.46,-143.88,33.68306766409715,12.626823782800397,41.0,30.30560661341893,18.04,13.03141084377014,0.5,10.69439338658107,-26.348817892954695,-15.654424506373626
72,62.0,-0.32684213,-0.09423152,-0.21824113,365.1199999999999,-156.46,14.840921321882613,5.545090835841498,365.1199999999999,-156.46,34.11927811900813,12.748163831599603,45.0,27.90996087043212,19.8,12.001283174285811,0.5,17.09003912956788,-30.15907867811739,-13.069039548549506
72,62.0,-0.33137968,-0.09228972,-0.21496935,108.49,-106.42,15.125053269397188,5.610863348680899,365.1199999999999,-156.46,34.772497466344134,12.899374838617389,38.0,8.293031482343288,16.72,12.001283174285811,0.5,29.706968517656712,-22.87494673060281,6.8320217870539
72,63.0,-0.33448598,-0.33552599,-0.23272549,-279.95,-118.65,-15.62116951064084,4.362182866780434,-279.95,-118.65,-35.91306870496329,10.028658410728216,-15.0,-21.399522200036905,-6.6,-9.201794546015869,-0.5,6.399522200036905,-0.6211695106408399,5.7783526893960655
72,63.0,-0.34542435,-0.33400699,-0.2316151,-273.54,-116.19,-15.6689119458699,4.394725381775883,-273.54,-116.19,-36.0228285635549,10.103473652702757,-15.0,-20.909538498296463,-6.6,-8.991101554267479,-0.5,5.909538498296463,-0.6689119458698993,5.240626552426564
72,63.0,-0.355645,-0.33538485,-0.22980857,-341.63,-116.42,-15.71542978247526,4.435110075514059,-341.63,-116.42,-36.12977306991062,10.19631806360682,-15.0,-26.114373170918405,-6.6,-11.229180463494917,-0.5,11.114373170918405,-0.71542978247526,10.398943388443145
72,64.0,-0.33333415,-0.21216993,-0.20095161,-186.41,-75.28999999999999,-13.852763442705337,4.470299478456197,-328.56,-117.75,-31.847503154779567,10.277218500970797,-15.0,-14.249276418320695,-6.6,-10.799577124625731,-0.5,-0.7507235816793045,1.1472365572946632,0.3965129756153587
72,64.0,-0.34205544,-0.23653342,-0.19300547,-328.56,-117.75,-13.988378397266006,4.509069576787746,-328.56,-117.75,-32.159281935314546,10.366350957035028,-15.0,-25.11529563866449,-6.6,-10.799577124625731,-0.5,10.115295638664492,1.0116216027339942,11.126917241398486
72,64.0,-0.34401223,-0.2613565,-0.18993479,-329.82,-110.1,-14.119025296926251,4.552430294592224,-329.82,-110.1,-32.459639157633454,10.466037247267522,-15.0,-25.211610687680555,-6.6,-10.84099259570264,-0.5,10.211610687680555,0.8809747030737487,11.092585390754303
72,65.0,-0.35512725,-0.29887331,-0.22427933,-134.37,-142.4,-10.144681506355898,4.1545980671479565,,,-23.32262278311221,9.55142095637315,-15.0,-10.271312012927162,-6.6,,-0.5,-4.728687987072838,4.855318493644102,0.12663050657126362
72,65.0,-0.35388666,-0.29773247,-0.22640842,-193.54999999999995,-124.01,-10.191051645339416,4.182455665914662,,,-23.429227732635315,9.615465575937808,-15.0,-14.795061696078376,-6.6,,-0.5,-0.20493830392162415,4.8089483546605845,4.60401005073896
72,65.0,-0.35822177,-0.30119574,-0.22511072,-193.95000000000005,-121.37,-10.316824801719829,4.210652523633508,,,-23.71838021915389,9.680290151833434,-15.0,-14.82563790211523,-6.6,,-0.5,-0.17436209788477086,4.683175198280171,4.5088131003954
72,66.0,-0.36086258,-0.1429569,-0.21115175,272.19000000000005,-126.88,10.094813302803926,3.7742811181323663,272.19000000000005,-126.88,23.207975783146225,8.677072290586311,38.0,20.806343802922115,16.72,8.946727835256508,0.5,17.193656197077885,-27.905186697196072,-10.711530500118188
72,66.0,-0.35578254,-0.14121158,-0.213201,254.38,-142.08,10.11897927523827,3.8019189521028034,254.38,-142.08,23.263533353772782,8.740611670884345,38.0,19.444938229131587,16.72,8.361323438526583,0.5,18.555061770868413,-27.88102072476173,-9.325958953893316
72,66.0,-0.35739627,-0.139369,-0.21236633,252.61,-148.05,10.206999896567824,3.836214717941934,252.61,-148.05,23.465892762209428,8.819457636548506,38.0,19.30963851741855,16.72,8.303144562489976,0.5,18.69036148258145,-27.793000103432178,-9.102638620850724
72,67.0,-0.31184512,-0.36430112,-0.25775185,0.0,0.0,-18.533797247821997,5.584112264784966,-393.69,-180.61,-42.60919987274277,12.837874096740636,-33.0,0.0,-14.52,-12.940362546243929,-0.5,-33.0,14.466202752178003,-18.533797247821997
72,67.0,-0.31126821,-0.37066439,-0.25398189,-393.69,-180.61,-18.755925788099383,5.640967693635872,-393.69,-180.61,-43.11987338684049,12.96858472766887,-35.0,-30.093866386613783,-15.4,-12.940362546243929,-0.5,-4.906133613386217,16.244074211900617,11.3379405985144
72,67.0,-0.30347052,-0.37036476,-0.25632831,-442.62,-253.32,-19.067473865974577,5.698590708813835,-442.62,-253.32,-43.83612241787555,13.101060039563006,-37.0,-33.83410079007085,-16.28,-14.548663339730464,-0.5,-3.165899209929151,17.932526134025423,14.766626924096272
72,68.0,-0.35583133,-0.20663156,-0.22044672,-263.89,-123.31,-12.492990242392365,4.031755132156866,-263.89,-123.31,-28.72138456726005,9.269005048828635,-10.0,-20.17188752765757,-4.4,-8.673911636892758,-0.5,10.17188752765757,-2.4929902423923647,7.678897285265206
72,68.0,-0.36541897,-0.24967363,-0.22589624,-266.41,-132.78,-12.583351812198275,4.06374568785701,-266.41,-132.78,-28.929125816243836,9.342551336383266,-14.0,-20.3645176256897,-6.16,-8.756742579046572,-0.5,6.3645176256897,1.4166481878017247,7.781165813491425
72,68.0,-0.35937044,-0.27887863,-0.23760188,-276.77,-141.65,-12.64464249613756,4.096261030730226,-276.77,-141.65,-29.07003309862025,9.41730410964879,-15.0,-21.15644136204398,-6.6,-9.097269785678913,-0.5,6.1564413620439815,2.3553575038624395,8.511798865906421
72,68.0,-0.33573079,-0.31510791,-0.25582731,-335.48,-149.27,-13.547966043875189,4.420001917837316,-335.48,-149.27,-31.146773934869053,10.161584409107988,-26.0,-25.644264003101917,-11.44,-11.027033521333822,-0.5,-0.35573599689808333,12.452033956124811,12.096297959226728
72,68.0,-0.33629537,-0.31890014,-0.2571305,-328.6,-112.79,-13.586187819621289,4.454275705947048,-328.6,-112.79,-31.23464579730934,10.240379847972264,-26.0,-25.118353259268183,-11.44,-10.800891901485318,-0.5,-0.8816467407318171,12.413812180378711,11.532165439646894
72,68.0,-0.33466151,-0.31707454,-0.25582054,-329.72,-113.02,-13.720494120557328,4.492943769773209,-329.72,-113.02,-31.543415983161296,10.329277726708607,-26.0,-25.203966636171348,-11.44,-10.83770565355368,-0.5,-0.7960333638286521,12.279505879442672,11.48347251561402
72,69.0,-0.33644319,-0.0999006,-0.22592914,231.92,-168.97,14.857222652659388,5.694188089745073,,,34.15675487846393,13.09093841832392,38.0,17.728084260162735,16.72,,0.5,20.271915739837265,-23.142777347340612,-2.870861607503347
72,69.0,-0.33773202,-0.0991185,-0.2250402,-164.39,-147.05,14.97049450437084,5.750801149525239,,,34.41716686554856,13.221091842758526,38.0,-12.566056275992375,16.72,,0.5,50.56605627599237,-23.02950549562916,27.536550780363214
72,69.0,-0.33409333,-0.0970791,-0.22049268,-159.95999999999998,-154.46,15.193058758625702,5.821398513174344,,,34.928842086080486,13.38339518178782,38.0,-12.227424794134318,16.72,,0.5,50.22742479413432,-22.806941241374297,27.420483552760018
72,70.0,-0.3160837,-0.13288242,-0.23196644,333.63,-147.82,10.730700979684393,4.05693486232438,333.63,-147.82,24.669881552294413,9.32689324848375,-45.0,25.502849050181503,-19.8,10.966225091578046,0.5,-70.50284905018151,55.73070097968439,-14.77214807049711
72,70.0,-0.32832453,-0.14058472,-0.23034059,342.4,-145.44,10.776911464062206,4.086617167959312,342.4,-145.44,24.77611945587901,9.395132869138456,-31.0,26.173232367539324,-13.64,11.254489918041909,0.5,-57.17323236753933,41.77691146406221,-15.396320903477118
72,70.0,-0.33465487,-0.14076972,-0.22844727,342.6,-140.67,10.876255685412827,4.123469271716987,342.6,-140.67,25.00451182076409,9.479855855677354,-31.0,26.18852047055776,-13.64,11.261063802339836,0.5,-57.18852047055776,41.87625568541283,-15.312264785144931
72,70.0,-0.32656044,-0.11961737,-0.22269981,355.72,-136.01,12.131334158054068,4.612750274379584,355.72,-136.01,27.889937229366303,10.604712880798663,-31.0,27.191420028566277,-13.64,11.692310612283498,0.5,-58.19142002856628,43.13133415805407,-15.060085870512209
72,70.0,-0.32610548,-0.11591946,-0.21728958,353.57000000000005,-142.36,12.30341271637893,4.650769511192008,353.57000000000005,-142.36,28.28554583495516,10.692119106230429,-31.0,27.02707292111823,-13.64,11.621641356080838,0.5,-58.02707292111823,43.30341271637893,-14.7236602047393
72,70.0,-0.32457283,-0.11484294,-0.21734883,353.92,-145.3,12.38500061148934,4.698029110849308,353.92,-145.3,28.47311640581399,10.80076892584256,-31.0,27.053827101400465,-13.64,11.6331456536022,0.5,-58.053827101400465,43.38500061148934,-14.668826489911124
72,71.0,-0.34974086,-0.31929749,-0.23091081,-234.37,-138.93,-12.707292126881972,4.203801147008885,-312.35,-125.47,-29.21406459970165,9.664538836973426,-15.0,-17.915363522138414,-6.6,-10.26676380227918,-0.5,2.9153635221384135,2.2927078731180277,5.208071395256441
72,71.0,-0.35164133,-0.32044628,-0.2302689,-235.08,-145.3,-12.670943765113078,4.238595206866897,-312.35,-125.47,-29.130499715994965,9.744530380586998,-15.0,-17.969636287853813,-6.6,-10.26676380227918,-0.5,2.969636287853813,2.329056234886922,5.298692522740735
72,71.0,-0.35191289,-0.32056257,-0.23041549,-312.35,-125.47,-12.87510523381766,4.270373182339216,-312.35,-125.47,-29.5998669325468,9.817587946197856,-15.0,-23.876194889021352,-6.6,-10.26676380227918,-0.5,8.876194889021352,2.12489476618234,11.001089655203693
72,72.0,-0.3184388,-0.33263886,-0.22706912,-366.1,-129.58,-15.359019925278725,4.877999243012179,-366.1,-129.58,-35.31038680821579,11.214520259684996,-42.0,-27.9848725752224,-18.48,-12.03349520734563,-0.5,-14.0151274247776,26.640980074721277,12.625852649943676
72,72.0,-0.31527281,-0.33565816,-0.22691511,-313.22,-122.3,-15.459259884895172,4.918829891120356,-313.22,-122.3,-35.540838475373995,11.308389919685698,-42.0,-23.94269813715149,-18.48,-10.29536019897514,-0.5,-18.05730186284851,26.54074011510483,8.483438252256317
72,72.0,-0.31421873,-0.33800587,-0.22757457,-309.78,-128.69,-15.658065635595,4.969608738560175,-309.78,-128.69,-35.997892896232905,11.42513048994984,-42.0,-23.67974276523461,-18.48,-10.182289389050885,-0.5,-18.32025723476539,26.341934364405,8.021677129639611
72,73.0,-0.3503783,-0.16551328,-0.2152248,251.73,-184.85,6.709174609138389,2.2996868884880364,251.73,-184.85,15.424392426409154,5.286980156633996,13.0,19.242370864137488,5.72,8.27421947157912,0.5,-6.242370864137488,-6.290825390861611,-12.5331962549991
72,73.0,-0.34773436,-0.16096632,-0.21183208,249.6,-188.33,6.782981621101909,2.310478025051399,251.73,-184.85,15.594074746913288,5.311788979593166,18.0,19.079552566991293,7.92,8.27421947157912,0.5,-1.0795525669912927,-11.217018378898091,-12.296570945889384
72,73.0,-0.34958982,-0.16348861,-0.21418215,242.51,-192.29,6.775390518175995,2.3213761949033724,251.73,-184.85,15.576622801286613,5.336843872082853,13.0,18.537589314988207,5.72,8.27421947157912,0.5,-5.537589314988207,-6.224609481824005,-11.76219879681221
72,74.0,-0.34728268,-0.14515971,-0.20986448,271.79,-150.98,8.66318059726762,2.71913041087552,271.79,-150.98,19.91665219311826,6.251280814602821,20.0,20.77576759688526,8.8,8.933580066660662,0.5,-0.7757675968852595,-11.33681940273238,-12.112586999617639
72,74.0,-0.34717083,-0.14348453,-0.2092595,272.82000000000005,-160.99,8.712564661749878,2.7333433541878915,272.82000000000005,-160.99,20.03018615736297,6.283956371277962,32.0,20.854501327430143,14.08,8.967435570794962,0.5,11.145498672569857,-23.28743533825012,-12.141936665680264
72,74.0,-0.34847391,-0.14280553,-0.20905726,279.83000000000004,-165.04,8.811059343723207,2.747701035396354,279.83000000000004,-165.04,20.25662543121965,6.316964680376218,32.0,21.39034933822585,14.08,9.197850215437116,0.5,10.60965066177415,-23.18894065627679,-12.579289994502643
72,75.0,-0.35923827,-0.28980932,-0.22727165,-139.99,-141.43,-9.196452008695845,3.095790956651017,,,-21.142643167991743,7.117223409340688,-15.0,-10.700907707744834,-6.6,,-0.5,-4.299092292255166,5.803547991304155,1.5044556990489895
72,75.0,-0.36160287,-0.29193091,-0.22648992,-144.49,-133.83,-9.295618113105853,3.115154514045715,,,-21.370626042030352,7.161740227791099,-15.0,-11.04489002565934,-6.6,,-0.5,-3.95510997434066,5.704381886894147,1.7492719125534872
72,75.0,-0.35917932,-0.29132435,-0.22692239,-144.17000000000002,-136.07,-9.313673673891255,3.1347465494736197,,,-21.412135776276,7.20678231723985,-15.0,-11.020429060829866,-6.6,,-0.5,-3.9795709391701344,5.686326326108745,1.7067553869386103
72,76.0,-0.37164858,-0.26891872,-0.21820647,-99.07000000000004,-154.63,-6.443334486390952,2.1459002131229323,,,-14.813225984212798,4.933424589969621,-11.0,-7.572961830175592,-4.84,,-0.5,-3.4270381698244083,4.556665513609048,1.12962734378464
72,76.0,-0.36833185,-0.2676003,-0.22053871,-97.58000000000004,-149.08,-6.471490308619563,2.155315256135118,,,-14.877956219516374,4.955069773854635,-11.0,-7.459065462688344,-4.84,,-0.5,-3.5409345373116556,4.528509691380437,0.9875751540687814
72,76.0,-0.36929029,-0.26602155,-0.22010094,-99.94000000000004,-157.35,-6.443822446877129,2.164812179045891,,,-14.814347805370518,4.976903199626504,-11.0,-7.639465078305731,-4.84,,-0.5,-3.360534921694269,4.556177553122871,1.1956426314286022
72,76.0,-0.36894521,-0.28172269,-0.22771557,-23.180000000000007,-136.64999999999998,-7.296815498128193,2.519357935053705,,,-16.775378830196715,5.792003892688467,-15.0,-1.7718911398351689,-6.6,,-0.5,-13.22810886016483,7.703184501871807,-5.524924358293024
72,76.0,-0.36829326,-0.27922839,-0.22577448,-41.06999999999999,-101.26,-7.334648151903555,2.5322849947989736,,,-16.862356101226272,5.82172320304284,-15.0,-3.139411954833061,-6.6,,-0.5,-11.860588045166939,7.665351848096445,-4.1952361970704946
72,76.0,-0.3700431,-0.2793352,-0.22556947,-48.54000000000002,-88.00999999999999,-7.372615648293754,2.5453425486522576,,,-16.949643375427343,5.851742519351539,-15.0,-3.710422602571144,-6.6,,-0.5,-11.289577397428856,7.627384351706246,-3.6621930457226104
72,77.0,-0.38209683,-0.29280502,-0.23166691,-124.95000000000005,-163.54000000000002,-7.284334328256504,2.345385551863328,,,-16.746684620661703,5.3920413837337895,-14.0,-9.551242360759463,-6.16,,-0.5,-4.448757639240537,6.715665671743496,2.2669080325029594
72,77.0,-0.37623233,-0.29039788,-0.23526005,-131.42999999999995,-61.93000000000001,-7.271532170987919,2.3554777529993736,,,-16.717252461101225,5.415243354145559,-14.0,-10.046576898556344,-6.16,,-0.5,-3.953423101443656,6.728467829012081,2.7750447275684254
72,77.0,-0.3716304,-0.28709468,-0.23489656,-126.60000000000002,-59.59,-7.306788407091057,2.366794009211872,,,-16.79830654790234,5.441259427178093,-14.0,-9.677369210661446,-6.16,,-0.5,-4.322630789338554,6.693211592908943,2.3705808035703893
72,78.0,-0.34770036,-0.13894416,-0.22406702,247.64,-111.12,8.794247171009404,3.0266083459170963,251.67,-108.32,20.21797424615062,6.958172587263404,41.0,18.929729157410744,18.04,8.272247306289742,0.5,22.070270842589256,-32.2057528289906,-10.13548198640134
72,78.0,-0.3490544,-0.13784246,-0.2221954,251.67,-108.32,8.851616059038511,3.045123775571064,251.67,-108.32,20.34986531972953,7.000739560037876,41.0,19.23778443323196,18.04,8.272247306289742,0.5,21.76221556676804,-32.14838394096149,-10.386168374193447
72,78.0,-0.34797484,-0.13744251,-0.22431578,252.92,-115.97,8.909729829302204,3.063860256600125,252.92,-115.97,20.48346887756577,7.043814729923687,41.0,19.3333350770971,18.04,8.313334083151753,0.5,21.6666649229029,-32.09027017069779,-10.423605247794896
72,79.0,-0.36968613,-0.31567243,-0.2413204,-172.65999999999997,-94.42,-9.536219936470712,3.281487267383737,,,-21.923769633946165,7.5441392277152115,-15.0,-13.198219335804149,-6.6,,-0.5,-1.8017806641958511,5.463780063529288,3.661999399333437
72,79.0,-0.37096253,-0.31605849,-0.24101827,-210.61,-46.24000000000001,-9.600139112127025,3.3031924783760718,,,-22.070719818780027,7.594039507786587,-15.0,-16.09913688354982,-6.6,,-0.5,1.0991368835498214,5.3998608878729755,6.498997771422797
72,79.0,-0.36928049,-0.31608674,-0.24165229,-211.51,-42.22,-9.608782905558195,3.325168703022602,,,-22.09059189987829,7.644562848248962,-15.0,-16.167933347132717,-6.6,,-0.5,1.167933347132717,5.391217094441805,6.559150441574522
72,80.0,-0.35125723,-0.321661,-0.2416767,-216.39,-161.49,-13.611167765630944,6.239672156214457,,,-31.292074693185537,14.345006287137036,-15.0,-16.54096306078223,-6.6,,-0.5,1.5409630607822287,1.3888322343690565,2.929795295151285
72,80.0,-0.34536621,-0.32451478,-0.24105461,-216.6,-165.28,-13.82437984807392,6.2919306619534,,,-31.782249270721938,14.465148591830864,-15.0,-16.557015568951577,-6.6,,-0.5,1.5570155689515772,1.1756201519260792,2.7326357208776564
72,80.0,-0.34745511,-0.33049613,-0.23961212,-166.80999999999997,-108.72,-14.000470635777743,6.345078228131417,,,-32.18708199165303,14.587334846474125,-15.0,-12.751042322515287,-6.6,,-0.5,-2.2489576774847126,0.9995293642222567,-1.249428313262456
72,82.0,-0.35094589,-0.13618481,-0.22291319,288.36,-126.72,8.798878633786428,2.942085617591101,288.36,-126.72,20.228621979075,6.763854834841941,20.0,22.04238693196157,8.8,9.478226380743475,0.5,-2.0423869319615697,-11.201121366213572,-13.243508298175142
72,82.0,-0.34905374,-0.13690022,-0.22451301,288.35,-126.97,8.96019449888906,2.9613241035586904,288.35,-126.97,20.599487152945947,6.80808411408143,32.0,22.04162252681065,14.08,9.47789768652858,0.5,9.958377473189351,-23.03980550111094,-13.08142802792159
72,82.0,-0.34810719,-0.13802011,-0.22152187,289.04999999999995,-128.29,9.025562068866948,2.9790289199923303,289.04999999999995,-128.29,20.749767196325116,6.848787487062366,32.0,22.095130887375124,14.08,9.500906281571304,0.5,9.904869112624876,-22.974437931133053,-13.069568818508175
72,83.0,-0.34276399,-0.11470869,-0.22720002,359.45000000000005,-88.94,11.358591662237773,3.916302794706468,359.45000000000005,-88.94,26.11340223148464,9.00358012503017,32.0,27.47654314985985,14.08,11.814913554439736,0.5,4.52345685014015,-20.64140833776223,-16.11795148762208
72,83.0,-0.33591437,-0.11374089,-0.22995079,366.3399999999999,-99.75,11.46583717901846,3.949877043859381,366.3399999999999,-99.75,26.35995967456344,9.080767323832715,32.0,28.00321829884449,14.08,12.041383868503132,0.5,3.996781701155509,-20.534162820981543,-16.53738111982603
72,83.0,-0.33580589,-0.11374337,-0.22821514,359.68000000000006,-123.63,11.521573027011026,3.980878625771615,359.68000000000006,-123.63,26.48809638909835,9.15203996064894,38.0,27.49412446833104,16.72,11.822473521382346,0.5,10.50587553166896,-26.478426972988974,-15.972551441320014
72,84.0,-0.32840675,-0.09736676,-0.21303664,381.8699999999999,-162.46,14.727325602283662,4.733515772971715,381.8699999999999,-162.46,33.85812155965014,10.882352762061972,-31.0,29.190339498225004,-13.64,12.551845984236753,0.5,-60.190339498225,45.72732560228366,-14.463013895941343
72,84.0,-0.32681647,-0.10006192,-0.21203049,389.57,-158.59,14.936594268678958,4.776591669366988,389.57,-158.59,34.33923022369292,10.981384247874704,-31.0,29.77893146443428,-13.64,12.80494052970674,0.5,-60.77893146443428,45.93659426867896,-14.842337195755322
72,84.0,-0.32653207,-0.09972783,-0.21227342,413.5999999999999,-114.78,15.089645923017196,4.815957775150929,413.5999999999999,-114.78,34.69109597701653,11.071886925071986,-31.0,31.615797042097736,-13.64,13.594792728102028,0.5,-62.61579704209774,46.089645923017194,-16.526151119080538
72,84.0,-0.4142876,-0.37340179,-0.52801418,-251.66000000000005,-95.79,79.53604199613486,39.98187808872584,-251.66000000000005,-95.79,182.85336054911403,91.9183377259807,-24.0,-19.23702002808104,-10.56,-8.271918612074847,0.5,-4.762979971918959,103.53604199613486,98.7730620242159
72,84.0,-0.41542083,-0.37203345,-0.52837306,-199.1,-124.7,81.84710279937364,41.101097489542376,-251.66000000000005,-95.79,188.16648933576,94.49142312845792,-24.0,-15.219306554839608,-10.56,-8.271918612074847,0.5,-8.780693445160392,105.84710279937364,97.06640935421325
72,84.0,-0.41637129,-0.37434423,-0.52983081,84.28999999999996,-135.71,84.2419680330897,42.936053067276205,-251.66000000000005,-95.79,193.67228450807323,98.709986001668,-24.0,6.443171017114162,-10.56,-8.271918612074847,0.5,-30.44317101711416,108.2419680330897,77.79879701597554
72,85.0,-0.35798916,-0.15167357,-0.21570604,246.91,-89.33000000000001,7.443040286440226,2.734482006915348,250.59000000000003,-88.19,17.11154961852608,6.286574133898386,18.0,18.873927581393502,7.92,8.236748331080967,0.5,-0.8739275813935024,-10.556959713559774,-11.430887294953276
72,85.0,-0.36083776,-0.15282662,-0.21683979,245.77,-85.94999999999999,7.481867805816475,2.748158299993315,250.59000000000003,-88.19,17.200814085572077,6.3180159316846325,13.0,18.78678539418849,5.72,8.236748331080967,0.5,-5.786785394188492,-5.518132194183525,-11.304917588372017
72,85.0,-0.36351612,-0.15389906,-0.2152584,250.59000000000003,-88.19,7.529970407552484,2.7650630765401387,250.59000000000003,-88.19,17.31140196696316,6.356880012965779,13.0,19.15522867693248,5.72,8.236748331080967,0.5,-6.155228676932481,-5.470029592447516,-11.625258269379998
72,86.0,-0.33544388,-0.14039741,-0.21992771,275.04999999999995,-142.88,9.09506189037568,3.298370819812259,275.04999999999995,-142.88,20.909547285973687,7.582954514748383,20.0,21.024963676085548,8.8,9.040734380716785,0.5,-1.024963676085548,-10.90493810962432,-11.929901785709868
72,86.0,-0.3361229,-0.14051694,-0.2208827,274.4,-140.05,9.152873058541342,3.3181032466009897,274.4,-140.05,21.042455161586545,7.628319363935675,20.0,20.975277341275675,8.8,9.01936925674854,0.5,-0.9752773412756746,-10.847126941458658,-11.822404282734333
72,86.0,-0.33420405,-0.13857923,-0.21790798,301.57000000000005,-119.73,9.22460186141699,3.3425413840853406,301.57000000000005,-119.73,21.20735967939766,7.684502642012198,20.0,23.052166136328378,8.8,9.9124314386212,0.5,-3.0521661363283776,-10.77539813858301,-13.827564274911389
72,87.0,-0.3525663,-0.12987107,-0.22715217,307.09000000000003,-97.36,10.424064480789186,3.9691396458752894,307.09000000000003,-97.36,23.964924241334337,9.125052045867292,20.0,23.47411777963684,8.8,10.09387064524384,0.5,-3.4741177796368383,-9.575935519210814,-13.050053298847653
72,87.0,-0.35470882,-0.13064021,-0.2251205,309.38,-101.13,10.504985205636345,3.9975071889483775,309.38,-101.13,24.150960987757955,9.190269027392318,20.0,23.649166559197774,8.8,10.169141620455042,0.5,-3.6491665591977736,-9.495014794363655,-13.144181353561429
72,87.0,-0.35130849,-0.12939596,-0.22430941,309.5,-105.77,10.627505656485322,4.035939090020081,309.5,-105.77,24.43263550425976,9.278623967956165,20.0,23.658339421008822,8.8,10.173085951033794,0.5,-3.6583394210088223,-9.372494343514678,-13.0308337645235
72,88.0,-0.33757955,-0.0941368,-0.22398783,364.49,-124.85,14.127377211671355,5.242458600404266,364.49,-124.85,32.478840209632445,12.052412322329408,-45.0,27.86180334592409,-19.8,11.98057543874736,0.5,-72.86180334592409,59.12737721167136,-13.734426134252736
72,88.0,-0.3450397,-0.09388936,-0.21854997,403.07,-108.97,14.396942634218444,5.290311248780744,403.07,-108.97,33.0985711160682,12.162425560946932,-45.0,30.810878418177797,-19.8,13.24867771981645,0.5,-75.8108784181778,59.39694263421845,-16.413935783959353
72,88.0,-0.34210864,-0.0941902,-0.21773054,417.97,-107.68,14.700275180111827,5.355247278269434,417.97,-107.68,33.795932639077094,12.311713492741426,-45.0,31.94984209305028,-19.8,13.73843210001162,0.5,-76.94984209305028,59.70027518011183,-17.24956691293845
72,89.0,-0.34244978,-0.14191455,-0.21496001,-53.71000000000004,-140.29,7.909386700651649,3.6870324593565775,,,18.18368002479814,8.47648762406077,20.0,-4.105620065597367,8.8,,0.5,24.105620065597368,-12.090613299348352,12.015006766249016
72,89.0,-0.33679855,-0.14087643,-0.21880665,-61.89999999999998,-150.97,7.95401214301616,3.706162933728517,,,18.28627391679415,8.520468584641861,20.0,-4.731667884201764,8.8,,0.5,24.731667884201762,-12.045987856983839,12.685680027217924
72,89.0,-0.33898801,-0.14149866,-0.21777681,-64.36000000000001,-151.88,8.009300426726947,3.729815271838616,,,18.41338168104525,8.574845309956977,20.0,-4.919711551328364,8.8,,0.5,24.919711551328362,-11.990699573273053,12.92901197805531
72,90.0,-0.39165175,-0.18384202,-0.21505432,-79.76999999999998,-138.05,6.3313009185049705,2.5466355812271666,,,14.555660811642928,5.854715201241255,18.0,-6.097659888897815,7.92,,0.5,24.097659888897816,-11.66869908149503,12.428960807402785
72,90.0,-0.38848117,-0.18164423,-0.21566351,-76.29999999999995,-135.89,6.358150695838852,2.5605326960949237,,,14.61738844973352,5.886664668322229,20.0,-5.832411301528182,8.8,,0.5,25.832411301528182,-13.641849304161148,12.190561997367034
72,90.0,-0.39016548,-0.18251708,-0.21738365,181.17,-113.36,6.397744774360865,2.572001991536997,,,14.708415236255629,5.913032578543556,18.0,13.848728119238023,7.92,,0.5,4.151271880761977,-11.602255225639135,-7.450983344877159
72,91.0,-0.3733041,-0.27432066,-0.23303041,-127.48000000000002,-143.56,-8.267969574284978,2.915802176000904,,,-19.008062051281165,6.703429202626077,-14.0,-9.744636863942508,-6.16,,-0.5,-4.2553631360574915,5.732030425715022,1.4766672896575308
72,91.0,-0.37698221,-0.28324121,-0.22989906,-8.460000000000036,-91.85,-8.310059146478789,2.934784057827936,,,-19.104825977754736,6.747068548946425,-15.0,-0.6466867576792747,-6.6,,-0.5,-14.353313242320725,6.689940853521211,-7.663372388799514
72,91.0,-0.37725997,-0.28541031,-0.22894099,-7.259999999999991,-99.93,-8.352892477764808,2.950490503011935,,,-19.20329980638129,6.783177666424439,-15.0,-0.5549581395687363,-6.6,,-0.5,-14.445041860431264,6.647107522235192,-7.797934338196072
72,91.0,-0.36541983,-0.29693937,-0.23534206,-123.73000000000002,-120.95,-9.205796037995064,3.2705670332944057,,,-21.16412509135065,7.519033609543838,-15.0,-9.457984932347085,-6.6,,-0.5,-5.542015067652915,5.794203962004936,0.2521888943520203
72,91.0,-0.36591259,-0.29754835,-0.2349249,-124.80999999999996,-117.68,-9.2621959485192,3.294312400524199,,,-21.29378848564564,7.573624208805133,-15.0,-9.54054068864656,-6.6,,-0.5,-5.45945931135344,5.737804051480801,0.2783447401273609
72,91.0,-0.36294967,-0.29735711,-0.23760071,-124.79999999999995,-113.58,-9.277985292482898,3.3140005633795004,,,-21.33008818741818,7.618887295209471,-15.0,-9.53977628349564,-6.6,,-0.5,-5.460223716504361,5.722014707517102,0.2617909910127416
72,92.0,-0.34393767,-0.28283459,-0.23450331,-166.35000000000002,-135.59,-6.489011946939254,2.234050634055431,,,-14.918238466013344,5.136082407693436,-15.0,-12.71587968557292,-6.6,,-0.5,-2.2841203144270796,8.510988053060746,6.226867738633667
72,92.0,-0.34061307,-0.28035784,-0.23612219,-111.64999999999998,-162.21,-6.527739495861978,2.2452741013647257,,,-15.007273100986684,5.161885159037504,-15.0,-8.534583510034363,-6.6,,-0.5,-6.465416489965637,8.472260504138022,2.006844014172385
72,92.0,-0.34172699,-0.27753189,-0.23868823,-113.86,-160.91,-6.517203004664357,2.254545273575787,,,-14.983049707723357,5.183199583950734,-15.0,-8.703517048387935,-6.6,,-0.5,-6.296482951612065,8.482796995335644,2.186314043723578
72,93.0,-0.3460989,-0.28999496,-0.23431015,-105.26,-128.16,-6.770806595321205,2.4655111506727443,,,-15.56608436264345,5.668210135396639,-15.0,-8.046128618595764,-6.6,,-0.5,-6.953871381404236,8.229193404678796,1.2753220232745592
72,93.0,-0.34394991,-0.28786916,-0.23359281,-104.26999999999998,-133.04,-6.8516073762621374,2.47791028201447,,,-15.751845358026651,5.6967157383512665,-15.0,-7.9704525086545726,-6.6,,-0.5,-7.0295474913454274,8.148392623737863,1.118845132392435
72,93.0,-0.3432036,-0.28799742,-0.23305181,-105.59000000000005,-132.72,-6.967491458359584,2.490427694152122,,,-16.018262862768683,5.725493268855728,-15.0,-8.071353988576163,-6.6,,-0.5,-6.928646011423837,8.032508541640416,1.1038625302165794
72,94.0,-0.331415,-0.30375186,-0.2351402,-662.25,-350.0,-8.288039455580897,2.7638554618550963,-662.25,-350.0,-19.054202708380483,6.354103706804866,-15.0,-49.77233038935177,-6.6,-21.40210206742126,-0.5,34.77233038935177,6.711960544419103,41.48429093377088
72,94.0,-0.33014071,-0.30487475,-0.23250015,-157.38,-130.05,-8.358374742034727,2.7871621778946234,-662.25,-350.0,-19.21590353193784,6.407685846979739,-15.0,-12.030208265196668,-6.6,-21.40210206742126,-0.5,-2.969791734803332,6.6416252579652735,3.6718335231619417
72,94.0,-0.3328121,-0.30577844,-0.23208319,-158.67000000000002,-139.8,-8.376028072022116,2.801332848469248,-662.25,-350.0,-19.256488537578843,6.4402642186308015,-15.0,-12.128816529665496,-6.6,-21.40210206742126,-0.5,-2.871183470334504,6.623971927977884,3.75278845764338
72,95.0,-0.32797951,-0.11810815,-0.2129837,348.23,-189.8,13.568225564965134,4.796818227216988,348.23,-189.8,31.193350573854843,11.027885104371856,38.0,26.618880570526347,16.72,11.44611864532633,0.5,11.381119429473653,-24.431774435034868,-13.050655005561213
72,95.0,-0.32805574,-0.11843788,-0.21221392,353.82000000000005,-198.31,13.752317787064449,4.837066332853705,353.82000000000005,-198.31,31.616578592461167,11.120415499230669,41.0,27.04618304989125,18.04,11.62985871145324,0.5,13.953816950108749,-27.24768221293555,-13.293865262826802
72,95.0,-0.33441141,-0.11431157,-0.2097242,354.99,-201.47,13.889930348790598,4.887101582173718,354.99,-201.47,31.932949871869585,11.235446537417378,41.0,27.13561845254903,18.04,11.668315934596082,0.5,13.864381547450972,-27.1100696512094,-13.24568810375843
72,96.0,-0.34543091,-0.29696906,-0.23224767,-143.0,-149.03,-11.328207191306946,5.296190165919257,,,-26.04354833281467,12.175941191448374,-15.0,-10.930993658172092,-6.6,,-0.5,-4.069006341827908,3.671792808693054,-0.3972135331348543
72,96.0,-0.34631792,-0.29848814,-0.2331956,-142.45999999999998,-147.31,-11.380738596221764,5.3439112810663225,,,-26.16431803271384,12.285652035171474,-15.0,-10.88971578002235,-6.6,,-0.5,-4.11028421997765,3.6192614037782356,-0.4910228161994148
72,96.0,-0.34900534,-0.3002432,-0.23398279,-144.32999999999998,-141.93,-11.467256849080409,5.388019740930212,,,-26.363223496035857,12.38705738439856,-15.0,-11.0326595432446,-6.6,,-0.5,-3.9673404567554,3.5327431509195915,-0.43459730583580836
72,96.0,-0.34229481,-0.3041254,-0.24714155,-2.3700000000000045,-92.32,-12.810460053570138,5.950315405879244,,,-29.451247663157744,13.67977511811638,-15.0,-0.181164020768307,-6.6,,-0.5,-14.818835979231693,2.1895399464298624,-12.62929603280183
72,96.0,-0.34184161,-0.3047201,-0.24618794,-57.450000000000045,-53.650000000000006,-12.961613557351166,5.999027237928317,,,-29.79874956835033,13.7917636199972,-15.0,-4.391507592041868,-6.6,,-0.5,-10.608492407958131,2.038386442648834,-8.570105965309299
72,96.0,-0.34138909,-0.30433649,-0.2479374,-0.5399999999999636,-83.08000000000001,-13.156961355467963,6.065197962296978,,,-30.24785415622085,13.943890115320752,-15.0,-0.0412778781497379,-6.6,,-0.5,-14.958722121850261,1.8430386445320366,-13.115683477318225
