Participant,trigger_no,fzd_hands0_fingerTip_coordinates_x,fzd_hands0_fingerTip_coordinates_y,fzd_hands0_fingerTip_coordinates_z,eyegaze_new_coordinates_x,eyegaze_new_coordinates_y,angle_center,Buidling_half_width,eyegaze_new_coordinates_x_without_tablet_&_road_gazes,eyegaze_new_coordinates_y_without_tablet_&_road_gazes,angle_center_scaled,Buidling_half_width_scaled,horizontal_angle_finger_pointing_unscaled,eyegaze_horiz_angle_x,horizontal_angle_finger_pointing,eyegaze_horiz_angle_x_scaled_without_tablet,side,difference,D_p,D_g
14,73.0,-0.39271504,-0.14838637,-0.19255723,93.01,225.84000000000003,9.040863361824613,3.048622219990228,,,21.273151490373312,7.173408083637006,9.0,6.983769338251934,4.59,,0.5,2.0162306617480663,0.04086336182461281,2.057094023572679
14,73.0,-0.38077632,-0.15536939,-0.18632478,136.69000000000003,213.52,9.100230114793147,3.067359254075374,,,21.41284146010828,7.217496324839356,9.0,10.26353543539036,4.59,,0.5,-1.2635354353903594,0.10023011479314725,-1.1633053205972121
14,73.0,-0.35803726,-0.16310604,-0.18562488,142.55999999999997,209.75,9.205493292658582,3.0844233302558126,,,21.66052571762565,7.257648096091928,9.0,10.704291547803413,4.59,,0.5,-1.7042915478034129,0.2054932926585824,-1.4987982551448304
14,74.0,-0.39927751,-0.14402808,-0.19433369,131.40999999999997,196.69000000000003,9.005967240678633,3.058035887705514,,,21.191040917316823,7.195558443771074,11.0,9.867080192879117,5.61,,0.5,1.1329198071208832,-1.9940327593213674,-0.8611129522004841
14,74.0,-0.39756,-0.14499247,-0.19375437,131.97000000000003,197.16,9.046193954829974,3.074220537263664,,,21.28569437571493,7.233640924181403,11.0,9.909128476175766,5.61,,0.5,1.0908715238242337,-1.953806045170026,-0.8629345213457924
14,74.0,-0.39534709,-0.1494322,-0.19505119,134.25,194.79999999999995,9.133187588358464,3.0924032885072723,,,21.49039039540747,7.2764249378576125,9.0,10.080325058169253,4.59,,0.5,-1.0803250581692527,0.13318758835846367,-0.9471374698107891
14,75.0,-0.28027093,-0.31149164,-0.17572711,-315.83,180.11,-10.86367242557664,3.6065809880132687,-315.83,180.11,-25.56222121738184,8.486285064795224,-15.0,-23.71448091710685,-7.65,-8.06292351181633,-0.5,8.714480917106851,4.13632757442336,12.850808491530211
14,75.0,-0.2749131,-0.31827441,-0.18250427,-355.4,192.97000000000003,-10.928393787508629,3.6326256497944014,-355.4,192.97000000000003,-25.714510582007804,8.54756815396623,-42.0,-26.685642649335957,-21.42,-9.073118500774225,-0.5,-15.314357350664043,31.07160621249137,15.757248861827328
14,75.0,-0.29556239,-0.33881873,-0.19158885,-321.21,193.63,-10.968562388148118,3.6590234013610488,-321.21,193.63,-25.809027299312525,8.609682063402547,-35.0,-24.118444781635347,-17.85,-8.200271225756019,-0.5,-10.881555218364653,24.03143761185188,13.149882393487228
14,75.0,-0.27582362,-0.33347341,-0.18592854,53.41999999999996,197.17,-11.624357900671228,3.84000570922596,-321.21,193.63,-27.3521141402794,9.035533433808684,-42.0,4.011105881619375,-21.42,-8.200271225756019,-0.5,-46.01110588161937,30.375642099328772,-15.635463782290604
14,75.0,-0.25587448,-0.31081161,-0.18573278,54.360000000000014,199.38,-11.7563728855564,3.869387080020508,-321.21,193.63,-27.66274539971421,9.104667799288256,-15.0,4.081686928581607,-7.65,-8.200271225756019,-0.5,-19.081686928581608,3.2436271144435995,-15.838059814138006
14,75.0,-0.25369793,-0.30018529,-0.18227173,17.33000000000004,220.74,-11.752006239792024,3.899188844773253,-321.21,193.63,-27.65247068223064,9.174791351751464,-15.0,1.3012441955908645,-7.65,-8.200271225756019,-0.5,-16.301244195590865,3.247993760207976,-13.053250435382889
14,76.0,-0.33413872,-0.34589717,-0.19966884,-314.07,192.77,-9.698988571474755,3.119413940347061,-314.07,192.77,-22.821720108680104,7.339981001636636,-16.0,-23.58232916960311,-8.16,-8.017991917665057,-0.5,7.58232916960311,6.3010114285252445,13.883340598128354
14,76.0,-0.34259418,-0.34940889,-0.20004994,-308.69,192.03,-9.81734334985105,3.139022845035186,-308.69,192.03,-23.10020890219952,7.386120754367793,-16.0,-23.17836530507461,-8.16,-7.880644203725368,-0.5,7.17836530507461,6.1826566501489495,13.36102195522356
14,76.0,-0.33891889,-0.35283515,-0.20143273,-310.18,189.32000000000005,-9.880153053572483,3.158880974752716,-310.18,189.32000000000005,-23.248000135056056,7.43284693359314,-24.0,-23.29024377313176,-12.24,-7.918682882864799,-0.5,-0.7097562268682402,14.119846946427517,13.410090719559276
14,78.0,-0.3982968,-0.16615683,-0.18563126,103.5,196.36,7.344305553599267,2.625332866909671,,,17.281150967619077,6.177408235838456,11.0,7.771423787862329,5.61,,0.5,3.2285762121376713,-3.655694446400733,-0.4271182342630615
14,78.0,-0.40116584,-0.1698734,-0.18995884,101.88,197.25,7.38537332236403,2.63939210930441,,,17.377783427522566,6.210489633193276,9.0,7.649784111182743,4.59,,0.5,1.3502158888172566,-1.61462667763597,-0.26441078881871327
14,78.0,-0.39342946,-0.17686163,-0.18996787,99.65999999999995,192.29,7.386508345969566,2.653599710467709,,,17.38045413806639,6.243920118730519,9.0,7.483092702399609,4.59,,0.5,1.5169072976003912,-1.613491654030434,-0.09658435643004282
14,79.0,-0.29634577,-0.34982458,-0.19639598,-330.71,206.83000000000004,-10.905364146244407,3.554432911667369,-330.71,206.83000000000004,-25.66032183611309,8.363580641153318,-34.0,-24.831763873274884,-17.34,-8.442799716913461,-0.5,-9.168236126725116,23.09463585375559,13.926399727030477
14,79.0,-0.26733121,-0.31767744,-0.20365994,-332.2,210.89,-10.92817027621852,3.579769668445804,-332.2,210.89,-25.71398465994218,8.423198029852974,-42.0,-24.94364234133204,-21.42,-8.480838396052894,-0.5,-17.05635765866796,31.07182972378148,14.01547206511352
14,79.0,-0.25376561,-0.28256026,-0.20376709,-92.01,273.29,-11.10551349224484,3.60544229864218,-332.2,210.89,-26.131273247252107,8.483605728705047,-15.0,-6.908683118079351,-7.65,-8.480838396052894,-0.5,-8.09131688192065,3.8944865077551594,-4.19683037416549
14,79.0,-0.4296619,-0.221286,-0.19891347,48.92999999999995,185.99,-16.545248792761623,5.441154749424075,-332.2,210.89,-38.9309704093681,12.803037125394848,-2.0,3.673968753044477,-1.02,-8.480838396052894,-0.5,-5.673968753044477,-14.545248792761623,-20.2192175458061
14,79.0,-0.43194279,-0.21918163,-0.19968696,50.690000000000055,192.53,-16.673830714923863,5.497676596672497,-332.2,210.89,-39.23352367221585,12.93603303197039,-1.0,3.806120500548231,-0.51,-8.480838396052894,-0.5,-4.80612050054823,-15.673830714923863,-20.479951215472095
14,79.0,-0.43046552,-0.21795858,-0.19887614,56.13,188.0,-16.862382930993085,5.555264137356162,-332.2,210.89,-39.677187036626734,13.071536515199051,-1.0,4.214589538287077,-0.51,-8.480838396052894,-0.5,-5.214589538287077,-15.862382930993085,-21.076972469280165
14,80.0,-0.28597009,-0.33423769,-0.17207938,173.14,207.38,-11.758708383539826,5.667132814618072,,,-27.66824082646921,13.334763512796323,-42.0,13.000428160681,-21.42,,-0.5,-55.000428160681,30.241291616460174,-24.759136544220826
14,80.0,-0.26862893,-0.31895542,-0.17204963,171.07000000000005,209.29999999999995,-11.793774714293338,5.710726681589055,,,-27.750751902732222,13.43733988177905,-42.0,12.84499968492376,-21.42,,-0.5,-54.84499968492376,30.20622528570666,-24.638774399217098
14,80.0,-0.25813422,-0.30095792,-0.17891097,11.08000000000004,228.74,-11.927184483108304,5.754990520503005,,,-28.06466508875384,13.541492694743573,-15.0,0.8319553195122215,-7.65,,-0.5,-15.831955319512222,3.072815516891696,-12.759139802620526
14,81.0,-0.30974984,-0.28204584,-0.2184412,-459.11,155.07999999999998,-13.911165016900885,4.609973405729772,-459.11,155.07999999999998,-32.73297128476778,10.847267423682151,-15.0,-34.47283454343453,-7.65,-11.72076374476774,-0.5,19.47283454343453,1.0888349830991153,20.561669526533645
14,81.0,-0.29988211,-0.32804626,-0.20297733,-464.58,138.5,-14.042716829780812,4.651582094388783,-464.58,138.5,-33.042512700474255,10.94517266809681,-15.0,-34.88355616777856,-7.65,-11.86040909704471,-0.5,19.883556167778558,0.9572831702191884,20.840839337997746
14,81.0,-0.29023272,-0.35687408,-0.20140319,-469.62,139.38,-14.274265982207844,4.693905301802452,-469.62,139.38,-33.58734785613506,11.044759175141168,-42.0,-35.26199071744838,-21.42,-11.989076843932448,-0.5,-6.738009282551623,27.725734017792156,20.987724735240533
14,81.0,-0.26280007,-0.34919232,-0.18953386,-360.2,201.45000000000005,-15.237995426685751,4.963423605465752,-360.2,201.45000000000005,-35.85500323899158,11.678935743660912,-45.0,-27.04605650616436,-22.95,-9.195659212095885,-0.5,-17.95394349383564,29.76200457331425,11.808061079478607
14,81.0,-0.24783503,-0.31994343,-0.18122172,-29.789999999999964,227.0,-15.490580071368816,5.011115103495698,-360.2,201.45000000000005,-36.449334907930826,11.791153838525378,-45.0,-2.2368184989412416,-22.95,-9.195659212095885,-0.5,-42.76318150105876,29.509419928631182,-13.253761572427575
14,81.0,-0.23222886,-0.27097517,-0.17548858,-15.139999999999986,230.04,-15.60875605496298,5.059636505676956,-360.2,201.45000000000005,-36.7274029973279,11.905324697857877,-31.0,-1.136805373412904,-15.81,-9.195659212095885,-0.5,-29.863194626587095,15.39124394503702,-14.471950681550076
14,82.0,-0.38550416,-0.16859376,-0.19112556,151.47000000000003,183.69,7.871721806138882,2.7666833612710047,,,18.52216140984479,6.510005949070674,9.0,11.373309769541132,4.59,,0.5,-2.373309769541132,-1.1282781938611182,-3.50158796340225
14,82.0,-0.37413216,-0.17513709,-0.19239454,152.54999999999995,177.22000000000003,7.999587256026195,2.7822577558581405,,,18.82302881342964,6.546652499534204,9.0,11.454402887327516,4.59,,0.5,-2.4544028873275163,-1.000412743973805,-3.4548156313013214
14,82.0,-0.35966378,-0.18375076,-0.19347747,153.83000000000004,176.73000000000002,8.047077687181028,2.7979939270327354,,,18.934773797936963,6.583679710308027,9.0,11.55051324914843,4.59,,0.5,-2.5505132491484304,-0.9529223128189717,-3.503435561967402
14,83.0,-0.35310182,-0.16965707,-0.19783911,129.45000000000005,155.42000000000002,9.58413357003541,3.217689440553188,,,22.551466290293323,7.571223253621651,11.0,9.719911201340858,5.61,,0.5,1.2800887986591416,-1.4158664299645896,-0.13577763130544795
14,83.0,-0.34994692,-0.16977319,-0.19762717,170.96000000000004,160.07999999999998,9.650705690800743,3.238536293750579,,,22.708110490454157,7.620275899195113,11.0,12.836740200704773,5.61,,0.5,-1.8367402007047726,-1.3492943091992569,-3.1860345099040295
14,83.0,-0.34973416,-0.1671818,-0.19664586,174.33000000000004,164.01,9.774517778031187,3.2596470563776703,,,22.999440331707387,7.669949523656658,11.0,13.08978076268638,5.61,,0.5,-2.089780762686379,-1.2254822219688126,-3.3152629846551918
14,84.0,-0.3248235,-0.14263333,-0.17835705,233.96000000000004,153.73000000000002,12.06972298746676,4.038932355033962,281.02,162.92000000000002,28.400058189509288,9.503607831394914,25.0,17.567172071577495,12.75,7.174248061585743,0.5,7.432827928422505,-12.93027701253324,-5.497449084110736
14,84.0,-0.32519567,-0.14177254,-0.17855249,281.02,162.92000000000002,12.136252552532063,4.071249986012363,281.02,162.92000000000002,28.556602256107947,9.579651217087092,25.0,21.10072959289924,12.75,7.174248061585743,0.5,3.8992704071007616,-12.863747447467937,-8.964477040367175
14,84.0,-0.32490516,-0.14007887,-0.17823602,52.71000000000004,201.08000000000004,12.245105415021822,4.104032121322673,281.02,162.92000000000002,28.81273304154635,9.65678758147225,25.0,3.957794665296847,12.75,7.174248061585743,0.5,21.04220533470315,-12.754894584978178,8.287310749724975
14,85.0,-0.37659812,-0.18934137,-0.1870731,126.33000000000004,132.63,7.898992676374877,2.7212855547789507,,,18.586329767510087,6.403184910394872,6.0,9.4856421944024,3.06,,0.5,-3.4856421944024003,1.8989926763748768,-1.5866495180275235
14,85.0,-0.36483505,-0.19563158,-0.18491814,127.08000000000004,129.79000000000002,8.018632597844814,2.737828463126286,,,18.86784250272885,6.442110373736153,6.0,9.541956859531837,3.06,,0.5,-3.5419568595318367,2.018632597844814,-1.5233242616870228
14,85.0,-0.34581518,-0.2024477,-0.18593149,137.77999999999997,134.92000000000002,7.990976163523846,2.751508243643443,,,18.80276691277161,6.474298897293022,9.0,10.345379415378469,4.59,,0.5,-1.3453794153784688,-1.0090238364761541,-2.354403251854623
14,86.0,-0.37671939,-0.17698276,-0.20093845,129.19000000000003,130.01999999999998,8.28361586529172,2.985005037154374,,,19.49134813103142,7.023716852424242,9.0,9.700388784095988,4.59,,0.5,-0.7003887840959884,-0.7163841347082798,-1.4167729188042681
14,86.0,-0.38030249,-0.17675383,-0.19830401,132.54999999999995,135.57,8.308650041910193,3.0067104956841137,,,19.550253548614684,7.07478979634472,9.0,9.95267848387586,4.59,,0.5,-0.9526784838758608,-0.6913499580898073,-1.644028441965668
14,86.0,-0.37615681,-0.18233325,-0.19121405,137.92999999999995,122.41000000000004,8.412650089815257,3.023189543533925,,,19.7949656613353,7.1135649959353255,9.0,10.356642348404351,4.59,,0.5,-1.3566423484043515,-0.5873499101847433,-1.9439922585890947
14,87.0,-0.33116314,-0.16551797,-0.19586073,170.82000000000005,126.89999999999998,9.897430866005308,3.713281103867725,,,23.288654827710488,8.737350437400757,11.0,12.826228129880612,5.61,,0.5,-1.8262281298806116,-1.1025691339946917,-2.9287972638753033
14,87.0,-0.32752305,-0.16588345,-0.19420175,172.52999999999997,118.85000000000002,9.987642236041127,3.738214066551766,,,23.50092218140478,8.796017698596307,13.0,12.954625566375723,6.63,,0.5,0.04537443362427673,-3.012357763958873,-2.966983330334596
14,87.0,-0.32600936,-0.16503283,-0.19354619,208.78,118.32999999999998,10.127978811658677,3.7691158240179607,,,23.831134143832863,8.868729533914262,13.0,15.676501047631854,6.63,,0.5,-2.676501047631854,-2.872021188341323,-5.548522235973177
14,88.0,-0.31415799,-0.11460374,-0.25092658,278.80999999999995,78.38,13.866963623773977,5.2104341014095095,278.80999999999995,78.38,32.628965406740164,12.260151440616578,32.0,20.93478904631783,16.32,7.117828275748063,0.5,11.065210953682168,-18.133036376226023,-7.067825422543855
14,88.0,-0.31116274,-0.11675913,-0.24989232,298.39,57.10000000000002,14.037422630412886,5.257894206313457,298.39,57.10000000000002,33.03005544936152,12.371825067455566,30.0,22.404977237297008,15.3,7.617692260680983,0.5,7.5950227627029925,-15.962577369587114,-8.367554606884122
14,88.0,-0.31002212,-0.11875287,-0.24640398,297.77,60.79000000000002,14.18466519212757,5.306149512315608,297.77,60.79000000000002,33.376517197076176,12.485369802478626,29.0,22.358423780790005,14.79,7.601864085468602,0.5,6.641576219209995,-14.81533480787243,-8.173758588662436
14,89.0,-0.32512242,-0.20479588,-0.19123384,81.39999999999998,183.42,7.120329206956447,3.47439821769552,,,16.754134623968522,8.175259006237557,9.0,6.112018322048245,4.59,,0.5,2.887981677951755,-1.8796707930435526,1.0083108849082025
14,89.0,-0.32110408,-0.2049666,-0.18928282,134.77999999999997,173.54999999999995,7.175285263942344,3.4915046843811126,,,16.883446226056336,8.215510522348758,9.0,10.12012075486072,4.59,,0.5,-1.1201207548607197,-1.8247147360576559,-2.9448354909183756
14,89.0,-0.31382862,-0.20621105,-0.18644841,101.04999999999995,175.20000000000005,7.144820386766659,3.510700745271178,,,16.81176237006195,8.260678853623084,11.0,7.587462548439498,5.61,,0.5,3.4125374515605023,-3.855179613233341,-0.4426421616728389
14,89.0,-0.35501796,-0.31310746,-0.206176,-149.14,122.36,13.41420028531593,5.951407391690427,,,31.563613271348387,14.003661592647576,-15.0,-11.19835887653901,-7.65,,0.5,-3.801641123460991,28.41420028531593,24.61255916185494
14,89.0,-0.35571021,-0.31200847,-0.20585597,-151.26,120.61,13.589675858501204,6.009444983140949,,,31.97650729505333,14.140224045330656,-15.0,-11.357541663304886,-7.65,,0.5,-3.642458336695114,28.589675858501202,24.94721752180609
14,89.0,-0.35526732,-0.31180549,-0.20496903,-156.45,119.01999999999998,13.652999296932938,6.0577165720935024,,,32.125507345683204,14.253807094136013,-15.0,-11.74723914600059,-7.65,,0.5,-3.25276085399941,28.65299929693294,25.400238442933528
14,90.0,-0.39137325,-0.18792261,-0.19553511,110.87,153.57000000000005,6.989341889470577,2.67511858076246,,,16.44592146592427,6.29455402053407,6.0,8.324809230534266,3.06,,0.5,-2.3248092305342656,0.9893418894705768,-1.3354673410636888
14,90.0,-0.38445309,-0.1895331,-0.19657576,112.33000000000004,147.35000000000002,6.968728723171479,2.6862136254711264,,,16.39741868562249,6.3206606607335605,6.0,8.43443511198624,3.06,,0.5,-2.4344351119862395,0.9687287231714787,-1.4657063888147608
14,90.0,-0.3790167,-0.19477575,-0.19689845,113.38,133.44,7.066885737870408,2.70301084247361,,,16.628382141209073,6.360184512340405,6.0,8.513275643167447,3.06,,0.5,-2.5132756431674466,1.0668857378704084,-1.4463899052970381
14,91.0,-0.27697015,-0.35912734,-0.22297259,-47.54999999999996,167.39,-7.802179233696052,2.768460105754192,,,-18.358527736886813,6.514186628839616,-26.0,-3.570349769206313,-13.26,,-0.5,-22.429650230793687,18.19782076630395,-4.2318294644897385
14,91.0,-0.27991396,-0.36088413,-0.22351417,-10.67999999999995,144.57999999999998,-7.897746779132349,2.782476267175205,,,-18.583398171298416,6.547166656663259,-26.0,-0.8019208314431815,-13.26,,-0.5,-25.19807916855682,18.102253220867652,-7.095825947689167
14,91.0,-0.27997005,-0.36048049,-0.2227928,-19.600000000000023,140.89999999999998,-7.852930088092615,2.79980921334989,,,-18.477944497281925,6.587951079012292,-26.0,-1.4716899153826264,-13.26,,-0.5,-24.528310084617374,18.147069911907387,-6.381240172709989
14,92.0,-0.32544205,-0.32938758,-0.2110832,-187.43,137.07,-6.153248885786507,2.029386056935049,,,-14.478594628255651,4.77514539196817,-15.0,-14.073410246947212,-7.65,,-0.5,-0.926589753052788,8.846751114213493,7.920161361160705
14,92.0,-0.32240447,-0.32897887,-0.21182659,-196.26,132.49,-6.084062033248383,2.038665536572489,,,-14.315797964233449,4.796980007555069,-15.0,-14.736421571071116,-7.65,,-0.5,-0.2635784289288843,8.915937966751617,8.652359537822733
14,92.0,-0.32111531,-0.33156109,-0.21292023,-198.01,123.99,-6.071913578252663,2.048031947193382,,,-14.287212649628517,4.819019171746028,-16.0,-14.867822456373135,-8.16,,-0.5,-1.1321775436268648,9.928086421747338,8.795908878120471
14,93.0,-0.30923519,-0.34453344,-0.20285729,0.0,0.0,-6.785578793925053,2.31880475126288,,,-15.966466902105651,5.456147579721557,-16.0,0.0,-8.16,,-0.5,-16.0,9.214421206074947,-6.785578793925053
14,93.0,-0.31014687,-0.34369984,-0.2029245,-235.09,118.07,-6.817833759042265,2.3297941096513606,,,-16.042362835026452,5.482005540009651,-16.0,-17.65201950037251,-8.16,,-0.5,1.6520195003725107,9.182166240957734,10.834185741330245
14,93.0,-0.30671036,-0.33991069,-0.20339361,-232.94,117.77999999999996,-6.848754547662449,2.342000518118148,,,-16.115119450649743,5.5107272191320025,-16.0,-17.49058412700146,-8.16,,-0.5,1.4905841270014584,9.151245452337552,10.64182957933901
14,94.0,-0.29390422,-0.35490254,-0.23742545,-265.46,103.81,-7.373952689821754,2.537006479811521,-265.46,103.81,-17.35091067915059,5.969576246996511,-24.0,-19.93238800701385,-12.24,-6.77701192238471,-0.5,-4.067611992986151,16.626047310178247,12.558435317192096
14,94.0,-0.29133561,-0.3554891,-0.23496528,-307.22,125.11,-7.502818892836267,2.5501264973894626,-307.22,125.11,-17.654132854843738,6.000447648357405,-24.0,-23.06798856142092,-12.24,-7.843116110883113,-0.5,-0.9320114385790816,16.497181107163733,15.565169668584652
14,94.0,-0.28881335,-0.35594627,-0.23365942,-269.66,104.60000000000002,-7.507640334220139,2.563374494882529,-269.66,104.60000000000002,-17.66547770641999,6.031620186458591,-24.0,-20.2477501317387,-12.24,-6.884235044791159,-0.5,-3.7522498682612984,16.492359665779862,12.740109797518564
14,94.0,-0.23029041,-0.21740116,-0.1951914,22.799999999999955,146.93,-12.274795398789298,4.273183199752667,-269.66,104.60000000000002,-28.88259357335122,10.054800069018029,18.0,1.7119658199348864,9.18,-6.884235044791159,-0.5,16.288034180065114,-30.274795398789298,-13.986761218724183
14,94.0,-0.20114131,-0.20618874,-0.18209581,-13.049999999999956,171.75,-12.323845690167678,4.309380733505464,-269.66,104.60000000000002,-28.99800890896455,10.139972865938358,20.0,-0.9798751732522032,10.2,-6.884235044791159,-0.5,20.979875173252204,-32.32384569016768,-11.343970516915475
14,94.0,-0.18745182,-0.19687839,-0.17139183,22.340000000000032,131.45,-12.38465368295582,4.353583169458316,-269.66,104.60000000000002,-29.14109011599505,10.243981197735415,-31.0,1.6774261586555042,-15.81,-6.884235044791159,-0.5,-32.67742615865551,18.615346317044178,-14.062079841611324
14,95.0,-0.32104704,-0.1559919,-0.18141672,223.27,88.29000000000002,11.73745103936283,4.317357921094342,,,27.61822229562074,10.158743188334984,20.0,16.76450037793258,10.2,,0.5,3.235499622067419,-8.26254896063717,-5.027049338569752
14,95.0,-0.31840619,-0.15633713,-0.17884611,229.79,83.14999999999998,11.723956631878105,4.354381992615549,,,27.586469954809186,10.245860828624386,20.0,17.25406253345782,10.2,,0.5,2.7459374665421805,-8.276043368121895,-5.530105901579715
14,95.0,-0.31710365,-0.15731314,-0.17835532,196.84000000000003,102.97000000000004,11.891584985945515,4.395782454359049,,,27.980899471929803,10.343276115106844,20.0,14.779971578771216,10.2,,0.5,5.220028421228784,-8.108415014054485,-2.8883865928257
14,96.0,-0.30337831,-0.3719874,-0.23087196,-306.98,114.18,-10.356222816954569,4.926777698061351,-306.98,114.18,-24.368192288294097,11.59270792353836,-26.0,-23.049967868579497,-13.26,-7.83698907531703,-0.5,-2.950032131420503,15.643777183045431,12.693745051624928
14,96.0,-0.29771253,-0.36910126,-0.22495288,-267.01,119.37,-10.490890212272069,4.964503663148745,-267.01,119.37,-24.68506466947618,11.681477119389,-26.0,-20.048771648281352,-13.26,-6.81658236041566,-0.5,-5.9512283517186475,15.509109787727931,9.557881436009284
14,96.0,-0.29170376,-0.36763203,-0.22511329,-303.06,137.31,-10.473533175571362,5.002803353018564,-303.06,137.31,-24.64422356211941,11.771596289652685,-33.0,-22.75562988550297,-16.830000000000002,-7.73691416107101,-0.5,-10.24437011449703,22.52646682442864,12.282096709931608
14,98.0,-0.30954179,-0.19909732,-0.18630888,122.11,143.71000000000004,9.555515573659935,3.631995724367109,,,22.48412814482183,8.546085939435807,18.0,9.1687783452741,9.18,,0.5,8.8312216547259,-8.444484426340065,0.3867372283858348
14,98.0,-0.30591604,-0.20640151,-0.18540531,117.32000000000004,140.05999999999997,9.635605974239036,3.65670657433177,,,22.672580857384453,8.604230569402656,13.0,8.80911535064743,6.63,,0.5,4.19088464935257,-3.364394025760964,0.8264906235916065
14,98.0,-0.28302798,-0.21203345,-0.18042766,120.08000000000004,143.07000000000005,9.602938838221297,3.687359102631336,,,22.595715086334717,8.676355968491535,18.0,9.016353318323755,9.18,,0.5,8.983646681676245,-8.397061161778703,0.5865855198975414
14,99.0,-0.34935877,-0.22274664,-0.19206022,-56.26999999999998,182.04,6.522047651313585,1.984904287485255,-436.1,134.94000000000003,15.346378123540866,4.670479788452805,9.0,-4.225101609111237,4.59,-11.133334209869556,0.5,13.225101609111238,-2.477952348686415,10.747149260424823
14,99.0,-0.34772748,-0.2201222,-0.19333974,-61.89999999999998,168.10000000000002,6.598449549347856,1.9938342071821695,-436.1,134.94000000000003,15.526151789615506,4.691491889499647,9.0,-4.647837028682879,4.59,-11.133334209869556,0.5,13.64783702868288,-2.4015504506521443,11.246286578030734
14,99.0,-0.34655103,-0.21683007,-0.19359221,-63.059999999999945,147.71000000000004,6.564853440481166,2.0028391722880468,-436.1,134.94000000000003,15.447100145452184,4.712680572393776,9.0,-4.734937044083073,4.59,-11.133334209869556,0.5,13.734937044083072,-2.4351465595188344,11.299790484564237
14,99.0,-0.3568922,-0.32500637,-0.20916374,-172.39999999999998,126.64,7.2029811143455245,2.1796577838684668,-436.1,134.94000000000003,16.94861456205502,5.128734765442504,-15.0,-12.94486435775329,-7.65,-11.133334209869556,0.5,-2.055135642246711,22.202981114345526,20.147845472098815
14,99.0,-0.36567542,-0.32855633,-0.21236394,-170.69,130.38,7.30773401660462,2.1903772315856327,-436.1,134.94000000000003,17.195098141070673,5.153957625920994,-15.0,-12.816466921258174,-7.65,-11.133334209869556,0.5,-2.183533078741826,22.30773401660462,20.124200937862796
14,99.0,-0.3658925,-0.32921371,-0.21390083,-167.76999999999998,122.97000000000004,7.390356627674394,2.2011766228992844,-436.1,134.94000000000003,17.38950914491785,5.179368593682017,-15.0,-12.59721515835423,-7.65,-11.133334209869556,0.5,-2.4027848416457704,22.390356627674393,19.987571786028624
14,99.0,-0.27928025,-0.31326443,-0.20053688,-436.1,134.94000000000003,7.7471019372477,2.303319068593149,-436.1,134.94000000000003,18.22893085834384,5.41970976839968,-34.0,-32.7451006172634,-17.34,-11.133334209869556,0.5,-1.2548993827366033,41.7471019372477,40.492202554511096
14,99.0,-0.23461409,-0.2877275,-0.21500596,301.30999999999995,173.11,7.725436460533017,2.3152445528005368,301.30999999999995,173.11,18.177951991634192,5.447770432739663,-15.0,22.624229000200945,-7.65,7.692237860068322,0.5,-37.62422900020094,22.725436460533018,-14.898792539667927
14,99.0,-0.20892121,-0.27886486,-0.25035945,275.64,154.30999999999997,7.836026672481324,2.327295079431356,275.64,154.30999999999997,18.43817076034856,5.476125321901981,20.0,20.696765728370742,10.2,7.036900347646054,0.5,-0.6967657283707425,-12.163973327518676,-12.860739055889418
14,100.0,-0.31988186,-0.19432977,-0.19222909,7.710000000000036,98.85000000000002,8.597049059579446,2.600513291440881,,,20.22885643719044,6.119007774760395,13.0,0.5789147575306168,6.63,,0.5,12.421085242469383,-4.4029509404205545,8.018134302048828
14,100.0,-0.30917212,-0.19426101,-0.19055119,27.32000000000005,91.85000000000002,8.762700223393018,2.6155847047834784,,,20.61863362564377,6.154470810355526,18.0,2.0513555351149684,9.18,,0.5,15.948644464885032,-9.237299776606982,6.71134468827805
14,100.0,-0.29622439,-0.194227,-0.18804237,56.02999999999997,104.36,8.71183089091904,2.630858921920457,,,20.498938086332505,6.190411043278836,20.0,4.207080916269817,10.2,,0.5,15.792919083730183,-11.28816910908096,4.504749974649224
14,101.0,-0.22853385,-0.30870938,-0.34049121,-189.5,189.09000000000003,-8.639768970927058,2.666817911076385,,,-20.32937638859137,6.275022544762735,-21.0,-14.228838722704458,-10.71,,-0.5,-6.771161277295542,12.360231029072942,5.5890697517774
14,101.0,-0.21053046,-0.31785917,-0.25626156,-212.99,192.99,-8.710974963083256,2.682815641620412,,,-20.496924088134904,6.312665204732828,-15.0,-15.992614034558432,-7.65,,-0.5,0.9926140345584322,6.289025036916744,7.281639071475176
14,101.0,-0.21698749,-0.31982824,-0.20174658,-233.32,190.33000000000004,-8.782975458762083,2.6990100633779983,,,-20.666341254467184,6.350770679128431,18.0,-17.51911689066704,9.18,,-0.5,35.519116890667036,-26.78297545876208,8.736141431904956
14,102.0,-0.25420108,-0.20676392,-0.20929487,63.39999999999998,130.87,8.724674462783874,2.5844338835618066,-271.72,139.67999999999995,20.529159010930456,6.081172928020932,18.0,4.760466358941754,9.18,-6.936825433400037,0.5,13.239533641058246,-9.275325537216126,3.96420810384212
14,102.0,-0.25490883,-0.20785941,-0.20826724,-178.66000000000005,161.71000000000004,8.694337301894032,2.599308084883696,-271.72,139.67999999999995,20.45777567135666,6.116171923731336,18.0,-13.41490409603366,9.18,-6.936825433400037,0.5,31.41490409603366,-9.305662698105968,22.10924139792769
14,102.0,-0.25442386,-0.20782028,-0.20762733,-271.72,139.67999999999995,8.751663126531295,2.614364081902432,-271.72,139.67999999999995,20.592663336728137,6.151598684716424,18.0,-20.402427745294226,9.18,-6.936825433400037,0.5,38.402427745294226,-9.248336873468705,29.15409087182552
14,103.0,-0.28520954,-0.21345589,-0.19475758,88.60000000000002,182.45000000000005,9.253788934713064,3.543703740713637,,,21.774165363379844,8.338334901899188,20.0,6.652639107290845,10.2,,0.5,13.347360892709155,-10.746211065286936,2.601149827422219
14,103.0,-0.28833205,-0.21162304,-0.19327416,80.80999999999995,163.61,9.318598459686124,3.565632770271974,,,21.92666217564145,8.389933908449956,20.0,6.067717452146419,10.2,,0.5,13.932282547853582,-10.681401540313876,3.2508810075397045
14,103.0,-0.28744721,-0.21185002,-0.19317545,82.41999999999996,139.04000000000002,9.36267278256405,3.587864080831113,,,22.03036905737321,8.442244182195612,20.0,6.188606266624278,10.2,,0.5,13.811393733375722,-10.63732721743595,3.1740665159397725
14,105.0,-0.26698288,-0.19999157,-0.19606516,130.16999999999996,124.14999999999998,9.40734030966438,2.7560341995321798,,,22.135471748640285,6.484948471499218,13.0,9.77397327986511,6.63,,0.5,3.2260267201348896,-3.592659690335619,-0.3666329702007296
14,105.0,-0.27097315,-0.19961284,-0.19903776,122.52999999999996,113.59000000000005,9.494715309577394,2.7728879311115584,,,22.34106512343561,6.524605301905498,13.0,9.200314557746578,6.63,,0.5,3.7996854422534216,-3.505284690422606,0.2944007518308158
14,105.0,-0.27184168,-0.19887625,-0.20015855,109.47000000000004,106.58000000000004,9.628259320942812,2.7899236801302063,,,22.65529418217844,6.564690419346375,13.0,8.219688522292651,6.63,,0.5,4.7803114777073485,-3.371740679057188,1.4085707986501603
14,106.0,-0.27015778,-0.14701544,-0.20576487,81.54999999999995,106.92999999999996,13.186854658726205,3.570889136449572,,,31.02866901198276,8.402302138065844,15.0,6.123281255074131,7.65,,0.5,8.876718744925869,-1.8131453412737955,7.063573403652073
14,106.0,-0.27180994,-0.14597142,-0.20643909,118.42999999999996,103.01999999999998,13.379089291855797,3.597746403700584,,,31.480997103736687,8.465497287907475,18.0,8.892461055038988,9.18,,0.5,9.107538944961012,-4.620910708144203,4.486628236816809
14,106.0,-0.26814088,-0.14519793,-0.2042017,170.89,119.15999999999995,13.529323386479051,3.624907359128457,,,31.83449792838521,8.529407016029262,18.0,12.831484165292688,9.18,,0.5,5.168515834707312,-4.470676613520949,0.6978392211863635
14,107.0,-0.29658222,-0.15817933,-0.21274813,41.38,133.90999999999997,11.905470634259686,3.71899628745582,,,28.013572402413043,8.750798264383544,20.0,3.10706779074148,10.2,,0.5,16.892932209258518,-8.094529365740314,8.798402843518206
14,107.0,-0.2962366,-0.15964642,-0.21058723,38.75,113.42999999999996,11.75964439174257,3.7460546496518967,,,27.67044325377027,8.814466590630914,20.0,2.909591031687587,10.2,,0.5,17.090408968312413,-8.24035560825743,8.850053360054984
14,107.0,-0.2895138,-0.16029622,-0.20670442,59.54999999999996,108.57000000000004,11.789991829320009,3.773515152265958,,,27.741850774389984,8.879081153281797,23.0,4.471384411277308,11.73,,0.5,18.528615588722694,-11.210008170679991,7.318607418042701
14,108.0,-0.28395212,-0.19899003,-0.20526582,153.10000000000002,143.52999999999997,9.002683762179966,2.507876352368261,314.24,233.65,21.183314892409463,5.901033057122518,11.0,11.49570030842244,5.61,8.022331901191034,0.5,-0.4957003084224407,-1.9973162378200335,-2.4930165462424743
14,108.0,-0.2859498,-0.20037663,-0.20533289,166.01999999999998,135.65999999999997,8.88428832735269,2.5218590017365696,314.24,233.65,20.904730434260884,5.933934231086149,11.0,12.46581427305221,5.61,8.022331901191034,0.5,-1.4658142730522101,-2.1157116726473095,-3.5815259456995197
14,108.0,-0.28629553,-0.20054495,-0.20467766,160.70000000000005,139.79999999999995,8.962432183100653,2.5359803512071872,314.24,233.65,21.08860292683584,5.967161766390513,11.0,12.066355581734074,5.61,8.022331901191034,0.5,-1.066355581734074,-2.0375678168993474,-3.1039233986334214
14,108.0,-0.23210335,-0.2652618,-0.39762577,219.30999999999997,95.06,9.271953530024218,2.7024732140738914,314.24,233.65,21.816906656146987,6.358919472715867,-15.0,16.46715894604915,-7.65,8.022331901191034,0.5,-31.46715894604915,24.27195353002422,-7.1952054160249315
14,108.0,-0.26146391,-0.26808804,-0.49546668,314.24,233.65,9.33579341417118,2.7186958261527248,314.24,233.65,21.967121903544783,6.397091278937363,-18.0,23.59509382703245,-9.18,8.022331901191034,0.5,-41.59509382703245,27.335793414171178,-14.25930041286127
14,108.0,-0.26146391,-0.26808804,-0.49546668,480.3800000000001,583.18,9.313026609779188,2.735118003774184,314.24,233.65,21.91355161281043,6.435732662880655,-18.0,36.069918446505376,-9.18,8.022331901191034,0.5,-54.069918446505376,27.313026609779186,-26.75689183672619
14,109.0,-0.28045341,-0.1429615,-0.19853461,291.53,84.91000000000003,13.102608417575995,4.004449109010912,291.53,84.91000000000003,30.830437606556323,9.42246875350268,32.0,21.88988576691309,16.32,7.44256116075045,0.5,10.110114233086911,-18.897391582424007,-8.787277349337094
14,109.0,-0.28368405,-0.14235702,-0.19710651,159.01999999999998,95.5,13.154472334245591,4.038487102009193,291.53,84.91000000000003,30.95247340247988,9.502560151027634,32.0,11.940210731844129,16.32,7.44256116075045,0.5,20.05978926815587,-18.84552766575441,1.2142616024014625
14,109.0,-0.27974534,-0.14618246,-0.19235581,-87.31,105.23000000000002,13.40388028719796,4.079940507389821,291.53,84.91000000000003,31.539330315776805,9.60010001388825,32.0,-6.555777883268212,16.32,7.44256116075045,0.5,38.55577788326821,-18.59611971280204,19.959658170466174
14,109.0,-0.30662233,-0.33987352,-0.22001219,-147.66000000000005,121.70000000000005,16.872679609285807,5.094071792720557,291.53,84.91000000000003,39.70141512064951,11.986350928271474,-16.0,-11.08723127068359,-8.16,7.44256116075045,0.5,-4.91276872931641,32.87267960928581,27.9599108799694
14,109.0,-0.30041397,-0.33983436,-0.21998045,-155.10000000000002,122.26,17.03440929420561,5.16006407304742,291.53,84.91000000000003,40.0819650692658,12.14163076388058,-16.0,-11.645872748767609,-8.16,7.44256116075045,0.5,-4.354127251232391,33.03440929420561,28.680282042973218
14,109.0,-0.30166313,-0.34027821,-0.2187169,-196.27,115.23000000000002,17.22750219110997,5.250573166729655,291.53,84.91000000000003,40.53631265568176,12.354598661314878,-16.0,-14.737172433272844,-8.16,7.44256116075045,0.5,-1.2628275667271556,33.22750219110997,31.964674624382816
14,110.0,-0.25129363,-0.18941827,-0.20162663,140.05999999999997,85.78999999999996,11.180043654255538,3.4905707777517048,,,26.306642718463284,8.21331304004976,20.0,10.516575997371955,10.2,,0.5,9.483424002628045,-8.819956345744462,0.6634676568835829
14,110.0,-0.25516406,-0.18692316,-0.2037209,147.28999999999996,79.69000000000005,11.249281668526342,3.5170693703231684,,,26.469559766042483,8.275664228370417,20.0,11.059449369219733,10.2,,0.5,8.940550630780267,-8.750718331473658,0.18983229930660883
14,110.0,-0.2560226,-0.18740338,-0.20720384,157.39999999999998,71.64999999999998,11.428974374752151,3.541214692137724,,,26.892376703791815,8.332478170600064,20.0,11.818571055164544,10.2,,0.5,8.181428944835456,-8.571025625247849,-0.38959668041239226
14,110.0,-0.21115646,-0.2791799,-0.40839934,-143.42999999999995,60.610000000000014,26.088427113862224,8.137516302174882,,,61.38606899891782,19.147575859017497,9.0,-10.769616559353558,4.59,,0.5,19.769616559353558,17.088427113862224,36.85804367321578
14,110.0,-0.25196517,-0.28406677,-0.50016296,-166.96000000000004,64.66999999999996,26.69040608268645,8.349080478960452,,,62.80252551256123,19.645386366993943,-8.0,-12.536395320014442,-4.08,,0.5,4.536395320014442,34.69040608268645,39.22680140270089
14,110.0,-0.25973266,-0.2852681,-0.52977437,-172.34000000000003,67.78999999999996,27.38998739653839,8.614360579687341,,,64.44864034405484,20.26959044400432,-21.0,-12.940359184542936,-10.71,,0.5,-8.059640815457064,48.38998739653839,40.33034658108133
14,111.0,-0.26168004,-0.35003662,-0.22188129,-258.87,70.98000000000002,-9.24052566815669,3.0840054624588045,-258.87,70.98000000000002,-21.742956897172697,7.256664853165567,-33.0,-19.43756981607653,-16.830000000000002,-6.608773737466022,-0.5,-13.562430183923471,23.759474331843307,10.197044147919838
14,111.0,-0.26596516,-0.35599461,-0.22109945,-271.93,69.35000000000002,-9.22226274024577,3.107014718834972,-271.93,69.35000000000002,-21.699984227798296,7.31080563341869,-26.0,-20.418195851530463,-13.26,-6.942186589520358,-0.5,-5.581804148469537,16.777737259754232,11.195933111284694
14,111.0,-0.26218185,-0.35828131,-0.21961619,-272.58,74.07999999999998,-9.302599055878469,3.126439047250912,-272.58,74.07999999999998,-21.88901557848204,7.356511078181396,-33.0,-20.46700189464264,-16.830000000000002,-6.958780644178499,-0.5,-12.532998105357361,23.697400944121533,11.16440283876417
14,111.0,-0.21233891,-0.25394207,-0.38070166,-6.009999999999991,177.23000000000002,-9.771482963502669,3.312470892527776,-272.58,74.07999999999998,-22.992299413121778,7.794244010117858,18.0,-0.4512681832372224,9.18,-6.958780644178499,-0.5,18.45126818323722,-27.77148296350267,-9.320214780265447
14,111.0,-0.24849838,-0.2610577,-0.4777227,-9.240000000000007,181.48,-9.958984303916637,3.330044410354432,-272.58,74.07999999999998,-23.433490067115848,7.835594497563978,-8.0,-0.6937966743946665,-4.08,-6.958780644178499,-0.5,-7.306203325605334,-1.9589843039166368,-9.26518762952197
14,111.0,-0.28099751,-0.25322255,-0.56831431,-14.200000000000044,168.26999999999998,-10.127555669450892,3.356750648695252,-272.58,74.07999999999998,-23.83013849021795,7.89843427637993,-21.0,-1.0662243264506803,-10.71,-6.958780644178499,-0.5,-19.93377567354932,10.872444330549108,-9.061331343000212
14,112.0,-0.23366824,-0.22753665,-0.19460712,96.72000000000004,130.59000000000003,8.171462107270827,2.676802794073025,-447.91,82.03999999999996,19.227450338408257,6.298516974453829,20.0,7.262339215092219,10.2,-11.434835418350543,0.5,12.737660784907781,-11.828537892729173,0.9091228921786083
14,112.0,-0.25629228,-0.22553758,-0.20362158,99.60000000000002,108.82000000000004,8.24241386044665,2.691219588728129,-447.91,82.03999999999996,19.39439981363097,6.332439692277289,18.0,7.478587529189257,9.18,-11.434835418350543,0.5,10.521412470810743,-9.75758613955335,0.763826331257393
14,112.0,-0.26411429,-0.22450721,-0.20520827,89.19000000000005,97.34000000000005,8.138799528938634,2.7107314196691257,-447.91,82.03999999999996,19.15059529159261,6.378351030481453,18.0,6.696939977192672,9.18,-11.434835418350543,0.5,11.303060022807328,-9.861200471061366,1.4418595517459618
14,112.0,-0.25680491,-0.2415403,-0.44725752,58.54999999999996,89.40999999999997,8.812900404809668,2.882271100180243,-447.91,82.03999999999996,20.73675465251715,6.781983898724112,13.0,4.396298191104725,6.63,-11.434835418350543,0.5,8.603701808895275,-4.1870995951903325,4.416602213704943
14,112.0,-0.28260574,-0.24241838,-0.52133489,59.22000000000003,69.73000000000002,8.81116050637875,2.9008044980386645,-447.91,82.03999999999996,20.7326606715092,6.825592983884978,0.0,4.446605958620361,0.0,-11.434835418350543,0.5,-4.446605958620361,8.81116050637875,4.364554547758389
14,112.0,-0.28260574,-0.24241838,-0.52133489,47.96000000000004,55.00999999999999,8.853496100681888,2.917654379741431,-447.91,82.03999999999996,20.832276324904484,6.865240755531588,0.0,3.601135119477078,0.0,-11.434835418350543,0.5,-3.601135119477078,8.853496100681888,5.252360981204809
14,112.0,-0.17251028,-0.26638228,-0.27820703,-447.91,82.03999999999996,14.81713342392871,4.46096514982901,-447.91,82.03999999999996,34.86471494650426,10.496650997547665,-31.0,-33.6318688775016,-15.81,-11.434835418350543,0.5,2.631868877501603,45.81713342392871,48.44900230143031
14,112.0,-0.21546297,-0.2873815,-0.34702241,-467.13,85.0,15.025185168608632,4.506815061653318,-467.13,85.0,35.35426070173612,10.604535840070255,18.0,-35.07502602921865,9.18,-11.92550884993434,0.5,53.07502602921865,-2.9748148313913685,50.10021119782728
14,112.0,-0.25011572,-0.28115159,-0.43070242,-466.65,84.28999999999996,15.1637806904716,4.56541200970219,-466.65,84.28999999999996,35.68037596467968,10.742414458829254,-3.0,-35.038984643535805,-1.53,-11.913254778802177,0.5,32.038984643535805,18.1637806904716,50.20276533400741
14,113.0,-0.20715916,-0.22765991,-0.2048324,107.29999999999995,74.43,9.158376807671145,3.0600624141748183,,,21.5496606284502,7.200326860553347,18.0,8.05675142451814,9.18,,0.5,9.94324857548186,-8.841623192328855,1.1016253831530047
14,113.0,-0.20998774,-0.22502653,-0.20350224,91.90999999999995,86.41000000000003,9.265986532548428,3.0787686467745226,,,21.80286631108645,7.244342625860453,18.0,6.901174496062092,9.18,,0.5,11.098825503937908,-8.734013467451572,2.3648120364863363
14,113.0,-0.20727202,-0.22428368,-0.20163044,129.91999999999996,87.88,9.368727510938026,3.104027133073929,,,22.044615833237177,7.303775844122957,18.0,9.755201724821966,9.18,,0.5,8.244798275178034,-8.631272489061974,-0.38647421388393965
14,113.0,-0.25710261,-0.24710259,-0.43590707,14.440000000000056,162.92999999999995,9.841649394568526,3.276038134422773,,,23.157401025419745,7.708517730296785,-15.0,1.084245019292101,-7.65,,0.5,-16.0842450192921,24.841649394568527,8.757404375276424
14,113.0,-0.28394875,-0.23952684,-0.52528745,13.309999999999944,161.67999999999995,9.968422814252351,3.30450626952216,,,23.455698881935785,7.775503252185643,-8.0,0.999397590497074,-4.08,,0.5,-8.999397590497074,17.96842281425235,8.969025223755278
14,113.0,-0.2951628,-0.23479007,-0.61464268,10.110000000000014,148.94000000000003,10.126903787319224,3.326121433419468,,,23.828604611562135,7.826363732836008,-21.0,0.759121685944814,-10.71,,0.5,-21.759121685944812,31.126903787319222,9.36778210137441
14,114.0,-0.20686613,-0.21488987,-0.20991983,530.25,77.76999999999998,9.400391452298583,3.081456227283741,530.25,77.76999999999998,22.119121087258574,7.250666502798643,20.0,39.81446824651208,10.2,13.536919203814108,0.5,-19.814468246512078,-10.599608547701417,-30.414076794213493
14,114.0,-0.20684461,-0.21319966,-0.20878868,546.06,66.63999999999999,9.516296019738704,3.1067475815275074,546.06,66.63999999999999,22.391844534445173,7.310177059334226,20.0,41.0015813874406,10.2,13.940537671729803,0.5,-21.001581387440602,-10.483703980261296,-31.4852853677019
14,114.0,-0.20647106,-0.21171856,-0.2076048,160.52999999999997,112.41999999999996,9.62262071114586,3.125956909439337,546.06,66.63999999999999,22.64202653332621,7.35537660791076,20.0,12.053590924304729,10.2,13.940537671729803,0.5,7.946409075695271,-10.37737928885414,-2.4309702131588686
14,114.0,-0.2046323,-0.24352051,-0.35419416,-184.95,204.05999999999997,10.234757322428305,3.26236107912169,546.06,66.63999999999999,24.082383979673804,7.676335619173336,13.0,-13.887196420919205,6.63,13.940537671729803,0.5,26.887196420919203,-2.7652426775716954,24.12195374334751
14,114.0,-0.24023744,-0.2500664,-0.43285564,-146.54000000000002,137.37,10.147240255114436,3.2834117162511705,546.06,66.63999999999999,23.87645632028427,7.725867768339006,-8.0,-11.003134704090298,-4.08,13.940537671729803,0.5,3.0031347040902983,18.147240255114436,21.150374959204733
14,114.0,-0.2754491,-0.25437751,-0.52653688,-260.74,113.51,10.339986075376412,3.309469294916173,-260.74,113.51,24.3299872353607,7.787181250937756,-21.0,-19.577981047799263,-10.71,-6.656513556251751,0.5,-1.4220189522007374,31.339986075376412,29.917967123175675
14,114.0,-0.18047352,-0.27702042,-0.32770672,130.95000000000005,67.03999999999996,16.370982931532904,4.975025494757073,-260.74,113.51,38.520922837896926,11.706234989163391,20.0,9.832540531599731,10.2,-6.656513556251751,0.5,10.167459468400269,-3.629017068467096,6.538442399933173
14,114.0,-0.2134134,-0.26982901,-0.38015431,134.98000000000002,30.480000000000015,16.439836361644826,5.038372723223764,-260.74,113.51,38.68293495895028,11.855291017745518,38.0,10.13513799889524,19.38,-6.656513556251751,0.5,27.86486200110476,-21.560163638355174,6.304698362749585
14,114.0,-0.25305155,-0.27653494,-0.49234518,253.1400000000001,-28.610000000000014,16.647352086622707,5.12521870467644,253.1400000000001,-28.610000000000014,39.171219459823234,12.059639612103664,-8.0,19.00732577448764,-4.08,6.462490763325798,0.5,-27.00732577448764,24.647352086622707,-2.359973687864933
14,115.0,-0.24754959,-0.22936703,-0.21780217,71.96000000000004,107.99,7.096526376998291,2.766304358162839,,,16.69812656507698,6.509114154757161,11.0,5.403204403619068,5.61,,0.5,5.596795596380932,-3.903473623001709,1.6933219733792235
14,115.0,-0.24688911,-0.22959852,-0.21515141,85.19000000000005,111.76,7.120833957665028,2.7834719487842143,,,16.755322302385814,6.549509495489258,13.0,6.39659509650234,6.63,,0.5,6.60340490349766,-5.879166042334972,0.7242388611626884
14,115.0,-0.24486582,-0.22894463,-0.21431489,97.62,116.94,7.184966126011367,2.799257421573094,,,16.906225294504747,6.586652712961492,13.0,7.329916813247543,6.63,,0.5,5.670083186752457,-5.815033873988633,-0.1449506872361761
14,115.0,-0.21748698,-0.23964758,-0.35515696,-90.0,146.47000000000003,7.580844260763605,2.9287562899844084,,,17.837726545576764,6.891363550333313,-31.0,-6.75775981553246,-15.81,,0.5,-24.24224018446754,38.580844260763605,14.338604076296065
14,115.0,-0.26005587,-0.24730775,-0.45182285,-86.27999999999997,146.21000000000004,7.566454285838534,2.949730703356216,,,17.803866934578075,6.940716344997177,-3.0,-6.478439076490449,-1.53,,0.5,3.4784390764904494,10.566454285838535,14.044893362328985
14,115.0,-0.28519309,-0.25210878,-0.55056536,-99.94,133.87,7.543537310298966,2.9656671405426405,,,17.74994329113347,6.978214781696833,-8.0,-7.504116844047934,-4.08,,0.5,-0.49588315595206556,15.543537310298966,15.047654154346901
14,115.0,-0.2642903,-0.31655601,-0.23175988,-196.97000000000003,113.05999999999996,17.500519845414228,6.906937571400366,,,41.17872319625968,16.252024105505065,-15.0,-14.789732787393651,-7.65,,0.5,-0.2102672126063485,32.50051984541423,32.29025263280788
14,115.0,-0.26152009,-0.31811082,-0.22898698,-213.63,98.26999999999998,17.79778888012221,6.993663450390381,,,41.87819723492756,16.456090098768566,-15.0,-16.04066921546888,-7.65,,0.5,1.0406692154688812,32.79778888012221,33.83845809559109
14,115.0,-0.23545061,-0.31795982,-0.22892195,-205.23,106.95000000000005,17.997840720617724,7.116202263559906,,,42.34891921561351,16.744423926156458,-15.0,-15.409944966019188,-7.65,,0.5,0.4099449660191876,32.997840720617724,33.40778568663691
14,116.0,-0.20755552,-0.31526217,-0.36521855,-321.51,104.41999999999996,-10.980019698644307,3.5876961983515288,-321.51,104.41999999999996,-25.83598635091006,8.441849154721147,-21.0,-24.140970647687123,-10.71,-8.207930020213622,-0.5,3.140970647687123,10.019980301355693,13.160950949042816
14,116.0,-0.18327256,-0.33479413,-0.28794917,-355.18,83.61000000000001,-11.0419729645058,3.6162084392158618,-355.18,83.61000000000001,-25.981762385482156,8.508938457474924,-26.0,-26.66912368089799,-13.26,-9.067502051505317,-0.5,0.6691236808979895,14.9580270354942,15.62715071639219
14,116.0,-0.17508622,-0.3466481,-0.24709372,-399.68,83.95000000000005,-11.050085021452922,3.6393303058610815,-399.68,83.95000000000005,-26.00085005547873,8.563344209691127,-42.0,-30.01046047857793,-21.42,-10.203556562716496,-0.5,-11.98953952142207,30.949914978547078,18.960375457125007
14,116.0,-0.17371589,-0.27794006,-0.27487326,-61.28999999999997,199.2,-12.170588015884698,3.992014515694433,-399.68,83.95000000000005,-28.637393601376697,9.393210155429005,-31.0,-4.602034434377602,-15.81,-10.203556562716496,-0.5,-26.3979655656224,18.829411984115303,-7.568553581507096
14,116.0,-0.20781422,-0.2700966,-0.33920002,-15.16999999999996,125.97000000000004,-12.383364341146638,4.0270250061298825,-399.68,83.95000000000005,-29.13805629471804,9.475589839423616,-31.0,-1.1390579600180792,-15.81,-10.203556562716496,-0.5,-29.86094203998192,18.61663565885336,-11.24430638112856
14,116.0,-0.25121573,-0.27170211,-0.44371372,3.789999999999964,122.65999999999995,-12.499113069566723,4.066209568363302,-399.68,83.95000000000005,-29.4104130526905,9.567791114358853,-1.0,0.2845767744540864,-0.51,-10.203556562716496,-0.5,-1.2845767744540864,-11.499113069566723,-12.78368984402081
14,117.0,-0.22324361,-0.35891131,-0.20831822,-286.46,82.41999999999996,-10.33416666700784,5.348417767354093,-286.46,82.41999999999996,-24.31629416746945,12.58482700658418,-45.0,-21.50919863063809,-22.95,-7.313127534416952,-0.5,-23.49080136936191,34.66583333299216,11.175031963630248
14,117.0,-0.22896014,-0.367744,-0.20824085,-223.91000000000005,100.11,-10.27026445651678,5.379379246521928,-286.46,82.41999999999996,-24.165932266183983,12.657679367066097,-42.0,-16.812555558843034,-21.42,-7.313127534416952,-0.5,-25.187444441156966,31.72973554348322,6.542291102326253
14,117.0,-0.22885692,-0.36956012,-0.20897041,91.78999999999996,110.28999999999996,-10.456906965647624,5.418551361393378,-286.46,82.41999999999996,-24.605102090168863,12.74985135335862,-42.0,6.89216414964138,-21.42,-7.313127534416952,-0.5,-48.89216414964138,31.543093034352374,-17.349071115289004
14,117.0,-0.19409518,-0.25657287,-0.31626081,43.63,126.08000000000004,-11.20950389689129,5.756809349677456,-286.46,82.41999999999996,-26.375962669385206,13.545772399791057,-31.0,3.276011786129791,-15.81,-7.313127534416952,-0.5,-34.27601178612979,19.79049610310871,-14.485515683021081
14,117.0,-0.22516136,-0.2491779,-0.38054085,27.129999999999995,127.84000000000005,-11.241168935518672,5.80583291876468,-286.46,82.41999999999996,-26.45047050527544,13.661124857853292,-31.0,2.037089153282173,-15.81,-7.313127534416952,-0.5,-33.037089153282174,19.758831064481328,-13.278258088800845
14,117.0,-0.25771096,-0.24464665,-0.45156133,-200.92,130.61,-11.29780932915153,5.84197251894337,-286.46,82.41999999999996,-26.58374535149355,13.746161337073753,-45.0,-15.086323357075356,-22.95,-7.313127534416952,-0.5,-29.913676642924642,33.702190670848466,3.788514027923826
14,118.0,-0.26384938,-0.20425241,-0.20498592,180.96000000000004,81.39999999999998,9.7010333183789,3.0047248094294687,-279.58,114.62,22.826531398145555,7.07011747658754,20.0,13.5876024024306,10.2,-7.137485848189247,0.5,6.4123975975694005,-10.2989666816211,-3.8865690840516987
14,118.0,-0.26544759,-0.20326556,-0.20508307,187.07000000000005,71.38,9.713002222564436,3.0226880774437284,-279.58,114.62,22.85469422969412,7.112385046225093,20.0,14.046379207685083,10.2,-7.137485848189247,0.5,5.953620792314917,-10.286997777435564,-4.333376985120648
14,118.0,-0.26088715,-0.20440385,-0.20477213,196.54,80.17000000000002,9.843455594330836,3.042860583902411,-279.58,114.62,23.161651013460457,7.159850953922374,20.0,14.75744571271944,10.2,-7.137485848189247,0.5,5.24255428728056,-10.156544405669164,-4.913990118388604
14,118.0,-0.26689279,-0.24799193,-0.46414196,-279.58,114.62,10.692476840067917,3.236142927038164,-279.58,114.62,25.159398004679804,7.614644307320798,-8.0,-20.992605435850724,-4.08,-7.137485848189247,0.5,12.992605435850724,18.69247684006792,31.68508227591864
14,118.0,-0.28922695,-0.24987261,-0.54729718,-166.08999999999995,129.26999999999998,10.781735667937824,3.259016004417253,-279.58,114.62,25.369424026657704,7.668464658393798,-21.0,-12.471070308464292,-10.71,-7.137485848189247,0.5,-8.528929691535708,31.781735667937824,23.252805976402115
14,118.0,-0.28922695,-0.24987261,-0.54729718,-120.57999999999998,120.51,10.826592392822391,3.2845514062381143,-279.58,114.62,25.474971900311093,7.728549458878282,-21.0,-9.053896428410043,-10.71,-7.137485848189247,0.5,-11.946103571589957,31.82659239282239,19.880488821232433
14,118.0,-0.29110688,-0.32132447,-0.21471629,-197.61,80.41000000000003,12.652357475860772,3.7048425943381647,-279.58,114.62,29.7709971407004,8.717494624477702,-15.0,-14.837787968304106,-7.65,-7.137485848189247,0.5,-0.16221203169589415,27.65235747586077,27.490145444164877
14,118.0,-0.29105744,-0.31995821,-0.21331058,-202.88,94.24,12.849517354857197,3.73401759443958,-279.58,114.62,30.234914335978985,8.78614339971633,-15.0,-15.233492348613616,-7.65,-7.137485848189247,0.5,0.23349234861361623,27.8495173548572,28.083009703470815
14,118.0,-0.29485741,-0.32142323,-0.21176082,-209.24,97.99,12.890445597076909,3.760630935233567,-279.58,114.62,30.33121848992197,8.848764590604583,-15.0,-15.711040708911248,-7.65,-7.137485848189247,0.5,0.7110407089112485,27.89044559707691,28.601486305988157
14,118.0,-0.25205436,-0.28602079,-0.40114927,-11.139999999999986,160.63,14.008211961196515,4.047111995993209,-279.58,114.62,32.96132274469541,9.522854526572022,-8.0,-0.8364604927225724,-4.08,-7.137485848189247,0.5,-7.163539507277427,22.008211961196515,14.844672453919088
14,118.0,-0.27688152,-0.27843636,-0.48180988,-19.139999999999983,137.12,14.106291910299918,4.08126255569227,-279.58,114.62,33.19210486493571,9.603210793543912,-8.0,-1.4371502541032355,-4.08,-7.137485848189247,0.5,-6.562849745896765,22.106291910299916,15.543442164403153
14,118.0,-0.28849941,-0.27120653,-0.55712581,-48.360000000000014,119.66999999999996,14.316878666082012,4.115927441035235,-279.58,114.62,33.68761550129098,9.68477726875591,-21.0,-3.631169607546109,-10.71,-7.137485848189247,0.5,-17.36883039245389,35.31687866608201,17.94804827362812
14,119.0,-0.23965913,-0.17942742,-0.21682991,184.91,102.54999999999995,11.504206221741107,4.107482951731459,254.67,108.34000000000005,27.06939723975683,9.66490738542412,32.0,13.8841929721123,16.32,6.501550615059573,0.5,18.115807027887698,-20.495793778258893,-2.3799867503711933
14,119.0,-0.23838893,-0.17986284,-0.21638604,197.25,107.64,11.622342843455344,4.137624681701234,254.67,108.34000000000005,27.347372710650426,9.735830876043003,32.0,14.810756929041975,16.32,6.501550615059573,0.5,17.189243070958025,-20.377657156544657,-3.188414085586631
14,119.0,-0.23108986,-0.18458383,-0.21097806,254.67,108.34000000000005,11.701785401490406,4.172082866113056,254.67,108.34000000000005,27.53430104970693,9.81691098396402,32.0,19.122207691351683,16.32,6.501550615059573,0.5,12.877792308648317,-20.298214598509595,-7.420422289861277
14,120.0,-0.19357917,-0.26339895,-0.35987327,0.0,0.0,-25.678169840991064,8.6469620022951,,,-60.42073363585198,20.346301591400373,-31.0,0.0,-15.81,,-0.5,-31.0,5.321830159008936,-25.678169840991064
14,120.0,-0.23298335,-0.25155595,-0.42986915,0.0,0.0,-26.12001370040928,8.7722479973018,,,-61.46039223706304,20.641099537651137,38.0,0.0,19.38,,-0.5,38.0,-64.12001370040929,-26.12001370040928
14,120.0,-0.28210041,-0.24204648,-0.53667307,0.0,0.0,-26.78947785672233,8.943476640062318,,,-63.03564139686765,21.04400053406664,0.0,0.0,0.0,,-0.5,0.0,-26.78947785672233,-26.78947785672233
14,1.0,-0.3005752,-0.3696298,-0.22729203,-325.58,142.87,-10.789365141653889,1.3759929324490372,-325.58,142.87,-25.3873761783116,3.2377113700525832,-26.0,-24.446571563789536,-13.26,-8.311834331688443,-0.5,-1.5534284362104636,15.210634858346111,13.657206422135648
14,1.0,-0.30087367,-0.36849359,-0.22936814,-328.55,129.70999999999998,-10.828425733165544,1.3817599354331094,-328.55,129.70999999999998,-25.47928575013853,3.2512811280741065,-26.0,-24.669577637702105,-13.26,-8.387656396818716,-0.5,-1.3304223622978952,15.171574266834456,13.841151904536561
14,1.0,-0.30095828,-0.36934194,-0.23004352,-330.14,138.14999999999998,-10.866950929479517,1.3875766044992588,-330.14,138.14999999999998,-25.5699355370653,3.264967750386756,-26.0,-24.788964727776516,-13.26,-8.428248007444015,-0.5,-1.2110352722234836,15.133049070520483,13.922013798297
14,2.0,-0.34443697,-0.17836875,-0.19946295,187.83000000000004,85.63,9.715164776115538,1.438588233008951,,,22.859782718199863,3.384998112270061,9.0,14.103444735016248,4.59,,0.5,-5.103444735016248,0.7151647761155377,-4.388279958900711
14,2.0,-0.34606361,-0.17805789,-0.20033918,190.99,96.20999999999998,9.819183664330495,1.4443346978179967,,,23.10453916216966,3.3985195439657456,9.0,14.340717190761607,4.59,,0.5,-5.340717190761607,0.8191836643304953,-4.521533526431112
14,2.0,-0.34500855,-0.17697196,-0.20064943,0.0,0.0,9.837352868402988,1.4501291093998976,,,23.147291299352236,3.412153794417959,9.0,0.0,4.59,,0.5,9.0,0.8373528684029878,9.837352868402988
14,3.0,-0.34736675,-0.22610387,-0.19865836,89.75999999999999,95.83999999999996,-16.37889521607661,3.380817989001893,,,-38.539540443428265,7.955064728121455,-3.0,6.73973912269104,-1.53,,-0.5,-9.73973912269104,-13.37889521607661,-23.11863433876765
14,3.0,-0.34400401,-0.22452158,-0.20122658,88.05999999999995,89.23000000000002,-16.384959042176256,3.404579856204487,,,-38.55380862624073,8.010976401649158,-3.0,6.612092548397645,-1.53,,-0.5,-9.612092548397644,-13.384959042176256,-22.9970515905739
14,3.0,-0.34427044,-0.22298329,-0.20167555,83.98000000000002,92.45999999999998,-16.556639588751747,3.431066151658994,,,-38.95777295233286,8.073298654853614,-3.0,6.305740770093513,-1.53,,-0.5,-9.305740770093513,-13.556639588751747,-22.862380358845257
14,4.0,-0.31415528,-0.14958301,-0.20833108,263.73,84.27999999999997,12.809500791408974,1.9464470653341808,263.73,84.27999999999997,30.14075536218532,4.579989944731329,20.0,19.802488846115285,10.2,6.732846207679198,0.5,0.19751115388471518,-7.190499208591026,-6.992988054706311
14,4.0,-0.31404841,-0.14950068,-0.20707783,266.66,81.92000000000002,12.81735011564649,1.9556483926064976,266.66,81.92000000000002,30.159224822116197,4.601640667803091,20.0,20.02249147122095,10.2,6.807647100215124,0.5,-0.022491471220948966,-7.182649884353509,-7.205141355574458
14,4.0,-0.31086901,-0.14878947,-0.20197242,270.36,86.26999999999998,12.814065405632636,1.966999889991878,270.36,86.26999999999998,30.1514958994536,4.628350741150888,23.0,20.300310485859512,11.73,6.902105565192235,0.5,2.6996895141404877,-10.185934594367364,-7.486245080226876
14,5.0,-0.26879114,-0.11385182,-0.2087158,364.88,97.05999999999996,17.30628441669046,2.696385434894239,364.88,97.05999999999996,40.721687232472654,6.344594928306144,41.0,27.39746001657204,20.91,9.315136405634494,0.5,13.60253998342796,-23.69371558330954,-10.09117559988158
14,5.0,-0.26615781,-0.11160367,-0.20823529,366.4500000000001,93.54999999999995,17.48915015856079,2.7132761467667024,366.4500000000001,93.54999999999995,41.15197032309354,6.384338773342051,41.0,27.515345382243005,20.91,9.355217429962622,0.5,13.484654617756995,-23.51084984143921,-10.026195223682215
14,5.0,-0.26295596,-0.11012139,-0.20707385,370.21,72.20999999999998,17.64962626784046,2.7322724434970667,370.21,72.20999999999998,41.52957060822861,6.429037059548602,45.0,27.797669570091912,22.95,9.45120765383125,0.5,17.202330429908088,-27.35037373215954,-10.148043302251452
14,6.0,-0.31540397,-0.16981094,-0.19459027,199.37,79.82000000000005,10.31664760449866,1.5884137689956432,,,24.275071813385345,3.7375375984467496,13.0,14.96993971580785,6.63,,0.5,-1.9699397158078504,-2.6833523955013394,-4.65329211130919
14,6.0,-0.3141295,-0.170775,-0.19344375,186.52,81.04999999999995,10.326490633841605,1.5960409841021086,,,24.298232461429297,3.755484435592262,13.0,14.00508178659016,6.63,,0.5,-1.0050817865901607,-2.6735093661583953,-3.678591152748556
14,6.0,-0.30015308,-0.17927356,-0.18792604,185.12,81.99000000000001,10.276767376350849,1.602333064464096,,,24.18123363655355,3.7702897006840175,13.0,13.899961078348545,6.63,,0.5,-0.8999610783485448,-2.7232326236491513,-3.623193701997696
14,7.0,-0.27110803,-0.17074904,-0.19468896,259.26,86.13,11.643345471880766,1.3965313113995848,259.26,86.13,27.396791895335443,3.286038175723224,23.0,19.46685344194384,11.73,6.618730170260905,0.5,3.53314655805616,-11.356654528119234,-7.8235079700630745
14,7.0,-0.2717413,-0.1690397,-0.1961775,267.32000000000005,99.70999999999998,11.727745437004012,1.403829390636746,267.32000000000005,99.70999999999998,27.595385013270445,3.3032105561682634,25.0,20.07204837653486,12.75,6.824496448021852,0.5,4.927951623465141,-13.272254562995988,-8.344302939530847
14,7.0,-0.27113107,-0.16866933,-0.19706453,271.9,96.95,11.88174257155984,1.411202381345042,271.9,96.95,27.957740270880308,3.3205592033048834,25.0,20.41594326492528,12.75,6.941420710074596,0.5,4.5840567350747214,-13.11825742844016,-8.534200693365438
14,8.0,-0.24968462,-0.17836158,-0.20222425,275.79999999999995,72.99000000000001,13.126562486852992,1.993350215576946,275.79999999999995,72.99000000000001,30.88680153156509,4.690353057252555,20.0,20.70877952359836,10.2,7.040985038023442,0.5,-0.7087795235983592,-6.8734375131470085,-7.582217036745368
14,8.0,-0.24880721,-0.17859028,-0.20680031,198.67,86.88999999999999,13.165741475787415,2.002993012837691,275.79999999999995,72.99000000000001,30.978989692527797,4.713042559207088,20.0,14.917379361687038,10.2,7.040985038023442,0.5,5.082620638312962,-6.834258524212585,-1.7516378858996227
14,8.0,-0.24615996,-0.18309112,-0.20489781,96.10000000000002,96.82999999999998,13.24614633412734,2.0138097903200025,275.79999999999995,72.99000000000001,31.16818232420163,4.738494436622966,20.0,7.215785758585217,10.2,7.040985038023442,0.5,12.784214241414784,-6.75385366587266,6.030360575542123
14,9.0,-0.25501847,-0.15339755,-0.18973579,301.48,78.68,15.020869379200828,2.354685661482038,301.48,78.68,35.34410564925955,5.540575361467237,32.0,22.63699365763029,16.32,7.6965778435943,0.5,9.363006342369712,-16.97913062079917,-7.61612427842946
14,9.0,-0.25955895,-0.15360846,-0.1900831,300.91,74.19999999999999,15.1382925481707,2.369342431650084,300.91,74.19999999999999,35.620402365845656,5.575062741672648,32.0,22.594194512131917,16.32,7.682026134124851,0.5,9.405805487868083,-16.8617074518293,-7.455901963961217
14,9.0,-0.25565034,-0.15570921,-0.19326252,306.08000000000004,77.75,15.187836535327468,2.384169102391203,306.08000000000004,77.75,35.73697936762554,5.609949897926503,32.0,22.98239027042417,16.32,7.814012691944219,0.5,9.017609729575831,-16.81216346467253,-7.7945537350967005
14,10.0,-0.23939885,-0.13141802,-0.20144036,368.93,21.579999999999984,18.040362558722293,2.910351705464481,368.93,21.579999999999984,42.44897310067356,6.848057562957923,41.0,27.701559208271004,20.91,9.418530130812142,0.5,13.298440791728996,-22.959637441277707,-9.66119664954871
14,10.0,-0.23812026,-0.13172233,-0.20183711,385.4,38.25,18.07297326295357,2.931936029943146,385.4,38.25,42.525706087729766,6.898845478456224,41.0,28.938229254513445,20.91,9.838997946534572,0.5,12.061770745486555,-22.92702673704643,-10.865255991559874
14,10.0,-0.24060407,-0.13162571,-0.20133236,392.3200000000001,38.38999999999999,18.2799014822688,2.9538117966864554,392.3200000000001,38.38999999999999,43.0126081877785,6.950319157603232,41.0,29.45782589810772,20.91,10.015660805356625,0.5,11.542174101892279,-22.7200985177312,-11.17792441583892
14,12.0,-0.2578721,-0.16587989,-0.19493228,68.63999999999999,106.30999999999996,13.79926399139876,2.1641677059220186,,,32.469668171761285,5.092286612034512,-31.0,5.153918152646089,-15.81,,0.5,-36.153918152646085,44.79926399139876,8.645345838752672
14,12.0,-0.25906813,-0.16729477,-0.19833896,39.620000000000005,100.38,13.915962538232408,2.1754025099421144,,,32.74425985246086,5.118722105893795,-45.0,2.974916043237734,-22.95,,0.5,-47.974916043237734,58.91596253823241,10.941046494994675
14,12.0,-0.25974172,-0.16750951,-0.19717821,44.88999999999999,100.80999999999996,14.00422695129608,2.1880091025748287,,,32.95194601639968,5.148385418358572,-45.0,3.370620423547245,-22.95,,0.5,-48.370620423547244,59.004226951296076,10.633606527748835
14,13.0,-0.28850904,-0.17535597,-0.20506315,202.15,73.07,10.862383666044318,1.777342693185414,,,25.559188766202283,4.18208735706528,18.0,15.178679407887628,9.18,,0.5,2.8213205921123716,-7.137616333955682,-4.3162957418433106
14,13.0,-0.28557771,-0.1758842,-0.2039485,167.62,148.27999999999997,10.905295281856436,1.7851841131173671,,,25.660159798208195,4.200538218165164,20.0,12.585952225328343,10.2,,0.5,7.414047774671657,-9.094704718143564,-1.6806569434719076
14,13.0,-0.28192028,-0.17947173,-0.20271875,35.450000000000045,185.29,10.958199820440958,1.7948584605181193,,,25.784644177497576,4.223301957599135,23.0,2.661806505118067,11.73,,0.5,20.338193494881935,-12.041800179559042,8.296393315322891
14,14.0,-0.25378743,-0.18544506,-0.20985745,215.54,105.49,12.030240229702809,1.8996209685321368,,,28.307155260490703,4.469808138956118,23.0,16.184083895998516,11.73,,0.5,6.815916104001484,-10.969759770297191,-4.153843666295707
14,14.0,-0.25304776,-0.18552367,-0.20924938,223.29,97.02999999999996,12.052105299501443,1.9085502805611665,,,28.3586037697269,4.490818810160425,25.0,16.76600210233603,12.75,,0.5,8.233997897663969,-12.947894700498557,-4.713896802834588
14,14.0,-0.25388247,-0.18554191,-0.20873877,223.79999999999995,94.59000000000005,12.137056883099394,1.91856511200369,,,28.55849484593288,4.514383708544683,25.0,16.804296074624048,12.75,,0.5,8.195703925375952,-12.862943116900606,-4.667239191524654
14,16.0,-0.20431437,-0.18894653,-0.21779437,366.93,97.32,15.48285099208102,2.6578621476054254,366.93,97.32,36.43114838436664,6.253949633315566,45.0,27.55138676792584,22.95,9.367471501094784,0.5,17.44861323207416,-29.51714900791898,-12.068535775844822
14,16.0,-0.20293114,-0.18434916,-0.21907514,372.7000000000001,107.2,15.650492606979473,2.680193446323413,372.7000000000001,107.2,36.8256091042227,6.306495179198993,45.0,27.98463425832165,22.95,9.514775647829362,0.5,17.01536574167835,-29.349507393020527,-12.334141651342176
14,16.0,-0.19823772,-0.17963788,-0.21651216,366.19000000000005,93.31,15.738303623796618,2.697159552898718,366.19000000000005,93.31,37.032228426793445,6.346416427970686,-45.0,27.495822964998133,-22.95,9.348579808099366,0.5,-72.49582296499813,60.73830362379662,-11.757519341201515
14,18.0,-0.17762855,-0.38407105,-0.26487929,-999.81,428.05,-19.434703717832928,3.028608738583248,-1345.93,360.65,-45.72985784806088,7.126316361886385,-45.0,-61.563567350601566,-22.95,-25.349716128647387,-0.5,16.563567350601566,25.565296282167072,42.12886363276864
14,18.0,-0.17663619,-0.38740245,-0.26629248,-999.81,428.05,-19.629324126614787,3.053876660844969,-1345.93,360.65,-46.187799669924594,7.185771782968214,-45.0,-61.563567350601566,-22.95,-25.349716128647387,-0.5,16.563567350601566,25.370675873385213,41.93424322398678
14,18.0,-0.17698918,-0.38737166,-0.26719525,-999.81,360.65,-19.699886008238305,3.074825692699056,-1345.93,360.65,-46.353831777384734,7.2350648549208785,-45.0,-74.55798861366878,-22.95,-25.349716128647387,-0.5,29.557988613668783,25.300113991761695,54.858102605430474
14,19.0,-0.23778407,-0.15960577,-0.20150389,330.20000000000005,97.17000000000002,15.027758992579171,2.952050176766564,330.20000000000005,97.17000000000002,35.360316909538795,6.946174065931727,32.0,24.79346990098687,16.32,8.429779766335537,0.5,7.206530099013129,-16.972241007420827,-9.7657109084077
14,19.0,-0.23701134,-0.15954022,-0.20089708,333.62,81.30000000000001,15.11616048236498,2.9693808267057777,333.62,81.30000000000001,35.568325615004795,6.986953085238694,32.0,25.0502647739771,16.32,8.517090023152216,0.5,6.949735226022899,-16.883839517635018,-9.93410429161212
14,19.0,-0.23353086,-0.15870593,-0.19837983,338.03,78.64999999999998,15.219726275410297,2.988859149221629,338.03,78.64999999999998,35.81201592604043,7.032785578118496,32.0,25.381395004938188,16.32,8.629674301678985,0.5,6.618604995061812,-16.780273724589705,-10.161668729527891
14,19.0,-0.19861409,-0.30559,-0.23823768,115.19000000000004,127.86,24.45063866470177,5.077431171288373,338.03,78.64999999999998,57.53235277804328,11.947195546041538,-45.0,8.649181701679828,-22.95,8.629674301678985,0.5,-53.64918170167983,69.45063866470177,15.801456963021943
14,19.0,-0.22389866,-0.24248169,-0.23827894,104.97000000000004,122.57999999999998,24.689473009962388,5.132912021253258,338.03,78.64999999999998,58.0943299924415,12.077741986008911,-31.0,7.881800531516028,-15.81,8.629674301678985,0.5,-38.88180053151603,55.689473009962384,16.80767247844636
14,19.0,-0.26084766,-0.20204416,-0.26030746,71.82000000000005,136.45999999999998,24.99612269265145,5.1842392144441565,338.03,78.64999999999998,58.81587669580888,12.198514871587104,-29.0,5.392692332794907,-14.79,8.629674301678985,0.5,-34.39269233279491,53.996122692651454,19.603430359856546
14,22.0,-0.23507431,-0.17944326,-0.20672667,280.1,86.13,12.644986790297787,2.1221627406445123,280.1,86.13,29.75365391757069,4.993448928736539,25.0,21.03165027034047,12.75,7.1507610919157605,0.5,3.968349729659529,-12.355013209702213,-8.386663480042683
14,22.0,-0.23403805,-0.17842795,-0.20559333,274.21000000000004,87.47000000000003,12.686957439230149,2.135562240203281,274.21000000000004,87.47000000000003,29.85241085450854,5.024977951198318,25.0,20.589392433523955,12.75,7.000393427398145,0.5,4.410607566476045,-12.313042560769851,-7.902434994293806
14,22.0,-0.22832717,-0.17817345,-0.20382801,290.98,93.94,12.68834076985046,2.146649454677644,290.98,93.94,29.855665831458136,5.051066166856497,32.0,21.84858834581817,16.32,7.428520037578179,0.5,10.151411654181828,-19.311659230149537,-9.16024757596771
14,23.0,-0.21810766,-0.36764523,-0.22335656,-332.24,50.370000000000005,-12.842264007133632,1.897047187629565,-332.24,50.370000000000005,-30.21784720878544,4.463752032492366,-42.0,-24.94664579013894,-21.42,-8.481859568647241,-0.5,-17.05335420986106,29.157735992866368,12.104381783005309
14,23.0,-0.21483694,-0.36285019,-0.22479258,-311.24,41.05000000000001,-12.907321663097694,1.9077230676882728,-311.24,41.05000000000001,-30.37092787326888,4.488872378270505,-42.0,-23.3698351665147,-21.42,-7.945743956614999,-0.5,-18.6301648334853,29.092678336902306,10.462513503417007
14,23.0,-0.21472932,-0.35969123,-0.22291712,-391.9,94.02999999999996,-12.966405116936764,1.917525451729154,-391.9,94.02999999999996,-30.50995124015221,4.511937387918701,-42.0,-29.426289685635236,-21.42,-10.00493849311598,-0.5,-12.573710314364764,29.033594883063238,16.45988456869847
14,24.0,-0.26234454,-0.24640967,-0.20874153,38.72000000000003,86.31,4.322188996532071,1.2444632079317028,,,10.170110708839964,2.928221928263297,9.0,2.907338445082412,4.59,,0.5,6.092661554917588,-4.677811003467929,1.4148505514496588
14,24.0,-0.25835657,-0.24839826,-0.20769286,56.42999999999995,86.75999999999999,4.320973852734179,1.2494051421181516,,,10.167251475483525,2.9398502994040108,9.0,4.237115404338849,4.59,,0.5,4.762884595661151,-4.679026147265821,0.08385844839532997
14,24.0,-0.25764337,-0.24796338,-0.20752056,66.25,92.3,4.324169948195628,1.253929342325776,,,10.174771888104312,2.9504957424925515,11.0,4.974462086433617,5.61,,0.5,6.025537913566383,-6.675830051804372,-0.6502921382379885
14,25.0,-0.22631972,-0.16763081,-0.19919038,0.0,0.0,15.478515054756096,2.6277831592948893,,,36.420945923841096,6.183173773820874,25.0,0.0,12.75,,0.5,25.0,-9.521484945243904,15.478515054756096
14,25.0,-0.22534713,-0.16872074,-0.19667926,0.0,0.0,15.637141230418615,2.6440101041434767,,,36.79419331517501,6.221355775049602,32.0,0.0,16.32,,0.5,32.0,-16.362858769581386,15.637141230418615
14,25.0,-0.2198272,-0.16667157,-0.19838998,0.0,0.0,15.593725130565389,2.657432976689183,,,36.69203523222036,6.252939794149649,32.0,0.0,16.32,,0.5,32.0,-16.40627486943461,15.593725130565389
14,26.0,-0.26009482,-0.16145377,-0.20806852,336.51,63.43000000000001,15.113900032457831,2.5065361043093963,336.51,63.43000000000001,35.56300677637328,5.897879453440012,25.0,25.267263950275865,12.75,8.590869743093794,0.5,-0.2672639502758649,-9.886099967542169,-10.153363917818034
14,26.0,-0.25621116,-0.16232917,-0.20656011,335.38,68.20999999999998,15.213567867099751,2.5200689435157555,335.38,68.20999999999998,35.79752519128572,5.929722224092572,25.0,25.18241652148085,12.75,8.56202161730349,0.5,-0.18241652148084953,-9.786432132900249,-9.968848654381098
14,26.0,-0.25341117,-0.1632203,-0.20843674,348.63,71.07999999999998,15.206532676760787,2.533730621348174,348.63,71.07999999999998,35.78097138841814,5.961868152032254,25.0,26.17730893876757,12.75,8.900285039180975,0.5,-1.1773089387675704,-9.793467323239213,-10.970776262006783
14,26.0,-0.26121444,-0.35598066,-0.21308644,-322.53,57.52999999999997,18.34560382432154,3.036981942864238,-322.53,57.52999999999997,43.167205798628586,7.146018511559554,-15.0,-24.21755859226316,-7.65,-8.233969921369473,0.5,9.21755859226316,33.34560382432154,42.5631624165847
14,26.0,-0.25849873,-0.35381955,-0.2133892,-324.6,49.44999999999999,18.547045821800737,3.0562227223269307,-324.6,49.44999999999999,43.641198818697134,7.19129206563527,-15.0,-24.37298706802041,-7.65,-8.286815603126941,0.5,9.37298706802041,33.54704582180074,42.920032889821144
14,26.0,-0.25954419,-0.3530829,-0.21407166,0.0,0.0,18.72932168842424,3.0756666957376204,-324.6,49.44999999999999,44.07009393286223,7.237043735070621,-15.0,0.0,-7.65,-8.286815603126941,0.5,-15.0,33.729321688424236,18.72932168842424
14,27.0,-0.25628948,-0.14784297,-0.19446275,258.88,138.0,15.746723574418716,2.7040449267911884,258.88,138.0,37.05204057060724,6.362617712739665,41.0,19.43832067827826,20.91,6.609029030614608,0.5,21.56167932172174,-25.253276425581284,-3.691597103859543
14,27.0,-0.25196421,-0.14377403,-0.1930424,350.95000000000005,123.44000000000004,15.83515007566382,2.7196405839115183,350.95000000000005,123.44000000000004,37.260108128036975,6.399314293943803,45.0,26.351508969567966,22.95,8.95951304965311,0.5,18.648491030432034,-29.16484992433618,-10.516358893904146
14,27.0,-0.25354981,-0.14302485,-0.1953273,346.47,112.87,15.92443876202498,2.7353944259967014,346.47,112.87,37.47020440704478,6.436383084370238,45.0,26.0151227031948,22.95,8.845141719086232,0.5,18.9848772968052,-29.07556123797502,-10.090683941169818
14,27.0,-0.28505754,-0.32640484,-0.21281806,-250.76,19.19999999999999,20.43849529774333,3.4377261717632277,-250.76,19.19999999999999,48.09177943559006,8.088969682158872,-15.0,-18.828620570476883,-7.65,-6.401730993962141,0.5,3.8286205704768825,35.43849529774333,39.267115868220216
14,27.0,-0.28272307,-0.32457441,-0.21237917,-223.28,62.38,20.627007628881355,3.4617346155403936,-250.76,19.19999999999999,48.53534895075783,8.145461550366548,-15.0,-16.765251240134305,-7.65,-6.401730993962141,0.5,1.7652512401343046,35.62700762888136,37.39225886901566
14,27.0,-0.28096822,-0.32410753,-0.21239142,-255.13,-58.29000000000002,20.772557570277225,3.4860272370660805,-255.13,-58.29000000000002,48.87782796286231,8.20262208881649,-15.0,-19.156747352631072,-7.65,-6.513294099894565,0.5,4.156747352631072,35.77255757027723,39.9293049229083
14,28.0,-0.24683782,-0.35608447,-0.25776586,122.96000000000004,104.35000000000002,-17.850720503014564,2.1051858114214728,,,-42.00274534359328,4.9535022142747245,-45.0,9.232601632420794,-22.95,,-0.5,-54.232601632420796,27.149279496985436,-27.08332213543536
14,28.0,-0.273186,-0.29423022,-0.26636535,139.79999999999995,89.12,-17.88275139603755,2.11877046285799,,,-42.07811403487636,4.98546689910485,-15.0,10.497053580127083,-7.65,,-0.5,-25.497053580127083,-2.8827513960375484,-28.379804976164632
14,28.0,-0.29974404,-0.24103811,-0.2813907,164.39,89.41000000000003,-18.009536553136293,2.131252094225622,,,-42.3764395095297,5.014836177712887,-3.0,12.3434237341709,-1.53,,-0.5,-15.3434237341709,-15.009536553136293,-30.35296028730719
14,28.0,-0.26011997,-0.20647709,-0.19746567,51.35000000000002,7.149999999999977,-20.48157646327276,2.4431970838903005,,,-48.19314941808081,5.748842738393876,20.0,3.855677405862133,10.2,,-0.5,16.14432259413787,-40.48157646327276,-24.33725386913489
14,28.0,-0.26177439,-0.20720169,-0.19564733,0.0,0.0,-20.662778716761487,2.459250401052504,,,-48.61951832053978,5.78661619367654,20.0,0.0,10.2,,-0.5,20.0,-40.66277871676149,-20.662778716761487
14,28.0,-0.25943628,-0.20552059,-0.19364481,132.64,129.63,-20.82371277431952,2.4754743330338336,,,-48.99819615797384,5.824791105628609,20.0,9.959436243691393,10.2,,-0.5,10.040563756308607,-40.82371277431952,-30.783149018010914
14,29.0,-0.25479382,-0.18861474,-0.20856224,0.0,0.0,12.79260388651516,2.1841200389708506,,,30.100996944970174,5.139234451698412,18.0,0.0,9.18,,0.5,18.0,-5.20739611348484,12.79260388651516
14,29.0,-0.2527017,-0.18708679,-0.20705996,0.0,0.0,12.785521467380722,2.194555005647392,,,30.08433201274684,5.163787928288313,18.0,0.0,9.18,,0.5,18.0,-5.214478532619278,12.785521467380722
14,29.0,-0.25172672,-0.18610045,-0.20562486,0.0,0.0,12.844654290793518,2.2050771823362405,,,30.22347154623715,5.188546610037175,18.0,0.0,9.18,,0.5,18.0,-5.1553457092064825,12.844654290793518
14,30.0,-0.26375234,-0.15917735,-0.19801472,0.0,0.0,13.500566059625283,2.458660854827244,,,31.7668319382983,5.7852289914085055,38.0,0.0,19.38,,0.5,38.0,-24.499433940374715,13.500566059625283
14,30.0,-0.25927299,-0.15822151,-0.19817157,0.0,0.0,13.569796365535352,2.471727738133126,,,31.92973084810469,5.815975367827248,41.0,0.0,20.91,,0.5,41.0,-27.430203634464647,13.569796365535352
14,30.0,-0.2612834,-0.15905564,-0.19637585,0.0,0.0,13.6397291992696,2.4849264133897933,,,32.09428280588137,5.847031850706184,41.0,0.0,20.91,,0.5,41.0,-27.360270800730397,13.6397291992696
14,31.0,-0.28227356,-0.175643,-0.20181184,253.32000000000005,67.70999999999998,12.463571073479056,3.5370736129277462,253.32000000000005,67.70999999999998,29.32678273589622,8.322734211218986,38.0,19.020841294118696,19.38,6.467086040000357,0.5,18.979158705881304,-25.536428926520944,-6.557270220639641
14,31.0,-0.28106743,-0.17419299,-0.20178764,251.17999999999995,63.93000000000001,12.433000399670457,3.553410157770136,251.17999999999995,63.93000000000001,29.25484994042458,8.36117410123313,38.0,18.860156782949367,19.38,6.412453306202785,0.5,19.139843217050633,-25.566999600329545,-6.427156383278911
14,31.0,-0.27967423,-0.17488007,-0.20341407,256.47,55.43000000000001,12.446309183844152,3.5698962735608086,256.47,55.43000000000001,29.28616550958529,8.399965931688586,38.0,19.25736288766234,19.38,6.547503381805195,0.5,18.74263711233766,-25.55369081615585,-6.811053703818187
14,31.0,-0.30152774,-0.24067868,-0.21116523,-39.47000000000003,36.079999999999984,22.307349139238067,6.194671851316241,256.47,55.43000000000001,52.48919252462718,14.576062866147115,-3.0,-2.9636531102118484,-1.53,6.547503381805195,0.5,-0.03634688978815159,25.307349139238067,25.271002249449914
14,31.0,-0.29803944,-0.24430482,-0.20903777,-40.39999999999998,34.139999999999986,22.482682370162703,6.239954372847396,256.47,55.43000000000001,52.90175161699285,14.68261263930992,-3.0,-3.033483294972347,-1.53,6.547503381805195,0.5,0.03348329497234692,25.482682370162703,25.51616566513505
14,31.0,-0.29407227,-0.24459909,-0.20705402,-36.610000000000014,37.63,22.682439647239686,6.285787014272445,256.47,55.43000000000001,53.371780489954986,14.790456844583062,-3.0,-2.7489065205182603,-1.53,6.547503381805195,0.5,-0.25109347948173966,25.682439647239686,25.431346167757948
14,32.0,-0.27472058,-0.17733854,-0.20567201,235.20000000000005,72.66000000000003,10.796873450935536,1.866934930151766,,,25.40504323005132,4.392897890647106,20.0,17.660278984591496,10.2,,0.5,2.3397210154085037,-9.203126549064464,-6.8634055336559605
14,32.0,-0.27492821,-0.17672317,-0.20513929,0.0,0.0,10.839598750584583,1.874660816096581,,,25.50557586012553,4.411076900275255,20.0,0.0,10.2,,0.5,20.0,-9.160401249415417,10.839598750584583
14,32.0,-0.27566308,-0.17682834,-0.20679998,238.63,61.52999999999997,10.795399512168313,1.882449665814721,,,25.40157505213204,4.429404063662039,20.0,17.917824719783454,10.2,,0.5,2.0821752802165463,-9.204600487831687,-7.122425207615141
14,33.0,-0.26106584,-0.17859441,-0.20054868,289.01,80.19,12.093421891794303,2.113380485883876,289.01,80.19,28.455821711392,4.972784283284758,20.0,21.70066849207818,10.2,7.378227287306582,0.5,-1.7006684920781794,-7.9065781082056965,-9.607246600283876
14,33.0,-0.26245072,-0.17557922,-0.19825406,287.87,77.42000000000002,12.168936199306048,2.123188850459094,287.87,77.42000000000002,28.63350687696713,4.9958633651302495,25.0,21.615070201081437,12.75,7.349123868367688,0.5,3.384929798918563,-12.831063800693952,-9.44613400177539
14,33.0,-0.26196676,-0.17375132,-0.19800362,290.24,78.12,12.28911450119231,2.133081248978224,290.24,78.12,28.916286421305507,5.01914017884576,32.0,21.79302454289046,16.32,7.409628344582757,0.5,10.20697545710954,-19.71088549880769,-9.50391004169815
14,34.0,-0.29643616,-0.156038,-0.24115415,346.84000000000003,64.44,14.034239843911228,2.52523377170694,346.84000000000003,64.44,33.022566352723125,5.94187506482643,15.0,26.04290460465865,7.65,8.854587565583943,0.5,-11.042904604658649,-0.9657601560887716,-12.00866476074742
14,34.0,-0.27723274,-0.15442626,-0.21644318,345.84000000000003,56.079999999999984,14.108037503126576,2.5389698504435314,345.84000000000003,56.079999999999984,33.19621224485683,5.974196058093629,27.0,25.96781838448607,13.77,8.829058250725264,0.5,1.032181615513931,-12.891962496873424,-11.859780881359493
14,34.0,-0.2673164,-0.1559528,-0.20438701,351.05999999999995,39.360000000000014,14.182601253315266,2.5528470528362304,351.05999999999995,39.360000000000014,33.371660749050825,6.006849115323652,38.0,26.359768453786945,19.38,8.962321274287563,0.5,11.640231546213055,-23.817398746684734,-12.177167200471679
14,35.0,-0.26482278,-0.1573094,-0.22411741,149.46000000000004,72.5,17.03261113325251,3.039131782096653,,,40.07773399654316,7.151077083273428,32.0,11.22238646699424,16.32,,0.5,20.77761353300576,-14.967388866747491,5.810224666258268
14,35.0,-0.27903512,-0.15366678,-0.24359339,140.76,67.77999999999997,17.139367639721865,3.0585124563438173,,,40.32893205626555,7.196679809777002,38.0,10.569136351492766,19.38,,0.5,27.430863648507234,-20.860632360278135,6.570231288229099
14,35.0,-0.311598,-0.15285818,-0.27908924,126.78999999999996,68.20999999999998,17.26922272825046,3.0781192722866413,,,40.63448107957333,7.242814647690469,32.0,9.520181855681782,16.32,,0.5,22.479818144318216,-14.730777271749542,7.749040872568676
14,36.0,-0.25686181,-0.17316225,-0.20769596,279.5,76.62,14.124427313752264,3.455980537487771,279.5,76.62,33.23477746925908,8.131922204708726,32.0,20.986598538236915,16.32,7.135443503000552,0.5,11.013401461763085,-17.875572686247736,-6.862171224484651
14,36.0,-0.25950333,-0.17244521,-0.20677891,282.15,64.73000000000002,14.220608477913537,3.473865967423431,282.15,64.73000000000002,33.46109174853056,8.174006621347335,32.0,21.185577021694257,16.32,7.203096187376048,0.5,10.814422978305743,-17.779391522086463,-6.964968543780721
14,36.0,-0.26101142,-0.17047006,-0.21049756,256.41,57.71000000000004,14.27334865046578,3.491921003341859,256.41,57.71000000000004,33.58518937454598,8.216490120863392,32.0,19.252857714451974,16.32,6.545971622913672,0.5,12.747142285548026,-17.726651349534222,-4.979509063986194
14,37.0,-0.25997871,-0.16542977,-0.19786344,0.0,0.0,14.695397031579594,2.6544707254519078,,,34.57826921530679,6.245969616988338,41.0,0.0,20.91,,0.5,41.0,-26.304602968420404,14.695397031579594
14,37.0,-0.25980252,-0.1656429,-0.19607334,236.17999999999995,110.81,14.714738781053796,2.6712324002681287,,,34.62378035181958,6.2854098378309065,41.0,17.733863480360625,20.91,,0.5,23.266136519639375,-26.285261218946204,-3.019124699306829
14,37.0,-0.26056325,-0.16362831,-0.19526422,228.07000000000005,91.49,14.703088654120622,2.6866314802808717,,,34.59636760314583,6.321643873100891,41.0,17.12491423476098,20.91,,0.5,23.87508576523902,-26.29691134587938,-2.4218255806403572
14,38.0,-0.27584204,-0.15216336,-0.23144752,321.73,48.76999999999998,15.410690436706316,3.1208629200327094,321.73,48.76999999999998,36.26135459756996,7.343390450836965,38.0,24.15748961612509,19.38,8.213546469482532,0.5,13.84251038387491,-22.589309563293682,-8.746799179418774
14,38.0,-0.27504823,-0.15071866,-0.22913034,0.0,0.0,15.510353844186696,3.14063003135242,321.73,48.76999999999998,36.4958625953713,7.389902463772247,41.0,0.0,20.91,8.213546469482532,0.5,41.0,-25.489646155813304,15.510353844186696
14,38.0,-0.27740791,-0.15190452,-0.23405659,0.0,0.0,15.619554876131318,3.156993431636701,321.73,48.76999999999998,36.752812623537,7.4284055446411585,38.0,0.0,19.38,8.213546469482532,0.5,38.0,-22.380445123868682,15.619554876131318
14,39.0,-0.26847473,-0.16032645,-0.2137465,266.91,76.11000000000001,13.473336250137242,2.3895699860628463,266.91,76.11000000000001,31.70276019657293,5.622658177205878,32.0,20.04126302626409,16.32,6.814029428929793,0.5,11.95873697373591,-18.526663749862756,-6.567926776126848
14,39.0,-0.26281604,-0.16154186,-0.21156448,269.07000000000005,79.49000000000001,13.45412191263041,2.403293097047752,269.07000000000005,79.49000000000001,31.65754886041936,5.654948657353359,32.0,20.20344926183688,16.32,6.86917274902454,0.5,11.79655073816312,-18.54587808736959,-6.749327349206471
14,39.0,-0.2648828,-0.16282186,-0.20950627,273.44000000000005,72.31,13.51550646809002,2.414634339404686,273.44000000000005,72.31,31.80198671941582,5.681634600619228,32.0,20.53157604399107,16.32,6.980735854956964,0.5,11.46842395600893,-18.48449353190998,-7.016069575901049
14,39.0,-0.29020479,-0.31136563,-0.21042451,-182.22000000000003,71.75,21.025387803450243,3.692355930263293,273.44000000000005,72.31,49.47273750151843,8.688113503909527,-15.0,-13.682211039848056,-7.65,6.980735854956964,0.5,-1.317788960151944,36.02538780345024,34.7075988432983
14,39.0,-0.29210311,-0.31391692,-0.2080095,-187.52,68.75999999999999,21.160282996803154,3.719930186580101,273.44000000000005,72.31,49.79014589147783,8.752995729022977,-15.0,-14.080168006762742,-7.65,6.980735854956964,0.5,-0.9198319932372581,36.160282996803154,35.240451003565894
14,39.0,-0.29140577,-0.31210172,-0.20951787,-186.0,64.42000000000002,21.30403311673505,3.745039939379131,273.44000000000005,72.31,50.12838992367757,8.812078977359096,-15.0,-13.966036952100415,-7.65,6.980735854956964,0.5,-1.0339630478995847,36.30403311673505,35.270070068835466
14,40.0,-0.25809515,-0.13507393,-0.21310331,416.97,62.56,15.986838043325454,2.963275994173178,416.97,62.56,37.6170299159448,6.97258841428949,41.0,31.30870122536189,20.91,10.644958416623044,0.5,9.69129877463811,-25.013161956674544,-15.321863182036436
14,40.0,-0.25822991,-0.13242023,-0.20933251,435.08,56.660000000000025,16.142151091902072,2.983863028063288,435.08,56.660000000000025,37.98248151924558,7.021029705032918,41.0,32.66851267268736,20.91,11.107294308713705,0.5,8.331487327312637,-24.857848908097928,-16.52636158078529
14,40.0,-0.2556541,-0.13373998,-0.20707104,434.84,51.22000000000003,16.25701769044212,2.998989777485849,434.84,51.22000000000003,38.25276262561031,7.056622946424206,45.0,32.650491979845945,22.95,11.101167273147622,0.5,12.349508020154055,-28.74298230955788,-16.393474289403827
14,40.0,-0.24933746,-0.3953079,-0.28458661,-767.83,59.13,24.95021265317254,4.5812224522472125,-767.83,59.13,58.70785037291499,10.77961643013769,-45.0,-52.85431667278368,-22.95,-17.970467668746455,0.5,7.854316672783682,69.95021265317254,77.80452932595622
14,40.0,-0.26421466,-0.39263371,-0.30616146,-739.21,60.110000000000014,25.31218458001157,4.625074479831385,-739.21,60.110000000000014,59.55957031676724,10.88280025104325,-35.0,-51.77983286211403,-17.85,-17.60514317311877,0.5,16.779832862114027,60.312184580011575,77.0920174421256
14,40.0,-0.27249777,-0.41464952,-0.31766874,-724.9,47.23000000000002,25.53131586240108,4.669583647226499,-724.9,47.23000000000002,60.07518622422974,10.987530321923956,-31.0,-51.2425909567792,-15.81,-17.422480925304928,0.5,20.242590956779203,56.53131586240108,76.77390681918028
14,40.0,-0.29077893,-0.32140237,-0.21974659,-247.36,199.59,37.49375366413405,6.42846890908101,-724.9,47.23000000000002,88.22280237170742,15.12618734306762,-15.0,-18.573327421890102,-7.65,-17.422480925304928,0.5,3.5733274218901023,52.49375366413405,56.067081086024146
14,40.0,-0.29355645,-0.32330242,-0.21772672,-223.36,88.69,38.014449472226815,6.493431109443687,-724.9,47.23000000000002,89.4479996081497,15.279043400520996,-15.0,-16.771258137748116,-7.65,-17.422480925304928,0.5,1.7712581377481165,53.014449472226815,54.785707609974935
14,40.0,-0.29369161,-0.32193011,-0.21742702,-232.85,82.56,38.44461995290016,6.546741664482534,-724.9,47.23000000000002,90.46019074917407,15.404483136527404,-15.0,-17.48382636718593,-7.65,-17.422480925304928,0.5,2.48382636718593,53.44461995290016,55.928446320086096
14,41.0,-0.27327761,-0.14906283,-0.20277397,300.42999999999995,92.24,13.712796089584089,3.4157153905487885,300.42999999999995,92.24,32.266209198791366,8.0371783139613,41.0,22.55815312644908,20.91,7.669772062992687,0.5,18.44184687355092,-27.28720391041591,-8.845357036864993
14,41.0,-0.27435717,-0.14829445,-0.201538,262.05999999999995,124.70999999999998,13.833477264461926,3.431644830306181,262.05999999999995,124.70999999999998,32.55017200327892,8.074660285710445,41.0,19.67709485842707,20.91,6.690212251865204,0.5,21.32290514157293,-27.166522735538074,-5.843617593965142
14,41.0,-0.27483821,-0.14874731,-0.20162244,258.23,129.89999999999998,13.947786317979793,3.4513276709123604,258.23,129.89999999999998,32.81914120620645,8.120974009656782,41.0,19.38951463516608,20.91,6.592434975956468,0.5,21.61048536483392,-27.05221368202021,-5.441728317186287
14,41.0,-0.26147759,-0.36162165,-0.30492666,-482.61,134.25,17.008434429908696,4.233126963143182,-482.61,134.25,40.02084621357517,9.960547744275908,-31.0,-36.23736071749023,-15.81,-12.320702643946678,0.5,5.237360717490233,48.0084344299087,53.24579514739893
14,41.0,-0.23852095,-0.38243684,-0.27442995,-505.93,237.58,17.041337032197898,4.262238934391833,-505.93,237.58,40.09826603676166,10.029048212623984,-32.0,-37.98837137191486,-16.32,-12.916046266451051,0.5,5.988371371914859,49.0413370321979,55.02970840411275
14,41.0,-0.22340019,-0.39157885,-0.24823608,-523.15,219.08,17.163294723148226,4.289006322230463,-523.15,219.08,40.385232483567776,10.09203187620828,-35.0,-39.28135608328674,-17.85,-13.355661068317492,0.5,4.281356083286738,52.163294723148226,56.444650806434964
14,41.0,-0.31201956,-0.24692953,-0.20278561,41.67999999999995,85.08999999999997,22.22080239991985,5.414079512096706,-523.15,219.08,52.28554804701142,12.739329091963551,9.0,3.129593656793251,4.59,-13.355661068317492,0.5,5.870406343206749,13.220802399919851,19.0912087431266
14,41.0,-0.30836779,-0.24566148,-0.20330696,38.60000000000002,74.82,22.41969487645783,5.450604137037482,-523.15,219.08,52.75354204430528,12.8252715344492,9.0,2.8983280986617013,4.59,-13.355661068317492,0.5,6.101671901338299,13.419694876457829,19.52136677779613
14,41.0,-0.30431348,-0.24433169,-0.20220691,37.309999999999945,83.10000000000002,22.603374717636907,5.491648050984802,-523.15,219.08,53.185740710599646,12.92184786396724,9.0,2.8014668746390634,4.59,-13.355661068317492,0.5,6.198533125360937,13.603374717636907,19.801907842997842
14,42.0,-0.22984926,-0.38317549,-0.22124918,-537.6,198.31,-14.741631442712029,1.8943330699008556,-537.6,198.31,-34.6870587847014,4.4573657134767135,-42.0,-40.36635196478056,-21.42,-13.72455966802539,-0.5,-1.6336480352194371,27.258368557287973,25.624720522068536
14,42.0,-0.22500536,-0.38472176,-0.21956617,-531.55,198.15,-14.922011049843375,1.9016392253793224,-531.55,198.15,-35.111492000281466,4.474557097317547,-42.0,-39.91208033273642,-21.42,-13.570107313130384,-0.5,-2.087919667263577,27.077988950156623,24.990069282893046
14,42.0,-0.22546645,-0.38269684,-0.21627681,-536.99,190.88,-14.898081355555146,1.909742582590393,-536.99,190.88,-35.05518542962126,4.493624296835197,-42.0,-40.32054937047528,-21.42,-13.708986785961596,-0.5,-1.6794506295247231,27.101918644444854,25.42246801492013
14,43.0,-0.22337608,-0.39905208,-0.24115925,-441.85,70.02999999999997,-19.471986509700848,2.3765327847896103,-441.85,70.02999999999997,-45.8175842573261,5.591981642609952,-39.0,-33.17684638325575,-19.89,-11.280127770306956,-0.5,-5.82315361674425,19.528013490299152,13.704859873554902
14,43.0,-0.2226999,-0.40145323,-0.23893437,-458.22,62.02999999999997,-19.5443747882988,2.3919418391086307,-458.22,62.02999999999997,-45.98791387686707,5.628239147422608,-42.0,-34.40600780748093,-21.42,-11.698042654543515,-0.5,-7.593992192519067,22.4556252117012,14.861633019182133
14,43.0,-0.22836842,-0.39770657,-0.2440111,-476.47,55.18000000000001,-19.727810496467168,2.4075349569028948,-476.47,55.18000000000001,-46.419538098187246,5.66492975359251,-42.0,-35.77633132563057,-21.42,-12.163952650714396,-0.5,-6.223668674369428,22.272189503532832,16.048520829163404
14,43.0,-0.28772426,-0.18158868,-0.2031568,180.98,116.7,-22.225921792587872,2.9153138816637068,-476.47,55.18000000000001,-52.29759397795927,6.859733563554705,18.0,13.589104126834052,9.18,-12.163952650714396,-0.5,4.4108958731659484,-40.22592179258787,-35.81502591942193
14,43.0,-0.28719449,-0.1814536,-0.20185056,238.17999999999995,63.23000000000002,-22.386984103627945,2.941117941426487,-476.47,55.18000000000001,-52.67657359583656,6.920450516176526,20.0,17.88403592070579,10.2,-12.163952650714396,-0.5,2.1159640792942085,-42.386984103627945,-40.27102002433374
14,43.0,-0.29062033,-0.18191487,-0.20473698,117.53999999999996,110.89,-22.48865799435623,2.970226031448304,-476.47,55.18000000000001,-52.915812260720216,6.988941851997858,20.0,8.82563431908539,10.2,-12.163952650714396,-0.5,11.17436568091461,-42.48865799435623,-31.31429231344162
14,44.0,-0.23647307,-0.38612893,-0.23326032,-479.66,82.10000000000002,-15.593934341715238,1.985595348921292,-479.66,82.10000000000002,-36.69252750605596,4.6721058560118,-37.0,-36.0158563679811,-18.87,-12.245391165113576,-0.5,-0.984143632018899,21.40606565828476,20.42192202626586
14,44.0,-0.22702266,-0.3836872,-0.22657496,-494.94,49.69999999999999,-15.697302505961732,1.9934897184858225,-494.94,49.69999999999999,-36.93575279652796,4.690681307597142,-42.0,-37.163173812218176,-21.42,-12.63547909615418,-0.5,-4.836826187781824,26.30269749403827,21.465871306256446
14,44.0,-0.23045573,-0.3855429,-0.22660765,-516.73,176.39,-15.766023310295346,2.0014435285522447,-516.73,176.39,-37.09745284912495,4.709396622683432,-42.0,-38.79930254977876,-21.42,-13.191762866924778,-0.5,-3.2006974502212415,26.233976689704654,23.033279239483413
14,45.0,-0.27558088,-0.38274997,-0.22754572,0.0,0.0,-13.598335327376288,1.8278145022167167,-514.56,193.27,-31.99688302531641,4.300847523715936,-33.0,0.0,-16.830000000000002,-13.136364253681442,-0.5,-33.0,19.40166467262371,-13.598335327376288
14,45.0,-0.27485278,-0.38391167,-0.22335258,0.0,0.0,-13.673554260543034,1.8355102195002184,-514.56,193.27,-32.173873175057764,4.318955546484013,-34.0,0.0,-17.34,-13.136364253681442,-0.5,-34.0,20.326445739456965,-13.673554260543034
14,45.0,-0.27765059,-0.3777959,-0.22548449,-514.56,193.27,-13.704407526562925,1.8425590037322823,-514.56,193.27,-32.24647091000256,4.335541335782059,-34.0,-38.63636545200424,-17.34,-13.136364253681442,-0.5,4.636365452004242,20.295592473437075,24.931957925441317
14,46.0,-0.28662604,-0.33889169,-0.22302178,0.0,0.0,-9.435812254376556,1.9831049419686209,-372.86,81.13,-22.20246623454804,4.666245928452165,-15.0,0.0,-7.65,-9.518860338206748,-0.5,-15.0,5.564187745623444,-9.435812254376556
14,46.0,-0.28375521,-0.34049022,-0.21847236,-372.86,81.13,-9.483602550847923,1.988582631596833,-372.86,81.13,-22.31491680214517,4.679134932147349,-15.0,-27.996648053549254,-7.65,-9.518860338206748,-0.5,12.996648053549254,5.516397449152077,18.51304550270133
14,46.0,-0.28336313,-0.33977151,-0.21860455,-385.43,70.14999999999998,-9.61035316155958,1.9953145313389715,-385.43,70.14999999999998,-22.61316098914969,4.6949750922406,-15.0,-28.940481841118626,-7.65,-9.839763825980333,-0.5,13.940481841118626,5.38964683844042,19.330128679559046
14,46.0,-0.29456165,-0.17893183,-0.19972819,209.96000000000004,181.71,-13.38998621694397,2.710241581994004,-385.43,70.14999999999998,-31.506637568469166,6.377198442431892,13.0,15.765102787435504,6.63,-9.839763825980333,-0.5,-2.765102787435504,-26.38998621694397,-29.155089004379477
14,46.0,-0.29415432,-0.17506994,-0.20074372,208.88,188.98,-13.44819233019074,2.720055507413231,-385.43,70.14999999999998,-31.643596552938813,6.400290608943333,18.0,15.684009669649114,9.18,-9.839763825980333,-0.5,2.3159903303508855,-31.44819233019074,-29.132201999839854
14,46.0,-0.29440627,-0.17227918,-0.20223987,207.71000000000004,179.8,-13.523486249710071,2.732132782653247,-385.43,70.14999999999998,-31.8207631455678,6.42870843758309,18.0,15.596158792047191,9.18,-9.839763825980333,-0.5,2.4038412079528086,-31.52348624971007,-29.119645041757263
14,47.0,-0.28105846,-0.37465754,-0.22458564,-354.55,111.04000000000002,-10.853389533885151,1.5122239340943509,-354.55,111.04000000000002,-25.538025573231764,3.558262916924008,-26.0,-26.62181936218926,-13.26,-9.051418583144349,-0.5,0.6218193621892603,15.146610466114849,15.768429828304109
14,47.0,-0.2792688,-0.37844363,-0.22231689,-353.28,114.02999999999996,-10.830227412134947,1.5172208412290438,-353.28,114.02999999999996,-25.48352510075353,3.5700206394119416,-26.0,-26.52645986257008,-13.26,-9.018996353273828,-0.5,0.5264598625700785,15.169772587865053,15.696232450435131
14,47.0,-0.2802566,-0.37446299,-0.22050087,-352.74,117.56,-10.807062934044142,1.5222570252166276,-352.74,117.56,-25.42901908380587,3.581870780334725,-26.0,-26.48591330367689,-13.26,-9.005210523250144,-0.5,0.4859133036768917,15.192937065955858,15.67885036963275
14,48.0,-0.22238581,-0.05886371,-0.20180202,627.4,105.26,-4.213337462892681,1.2144701027044595,627.4,105.26,-9.91398305018648,2.857648151663594,-45.0,47.109094536278505,-22.95,16.017092142334693,-0.5,-92.1090945362785,40.78666253710732,-51.32243199917119
14,48.0,-0.22086391,-0.05978042,-0.2016367,633.64,99.36,-4.313175684312964,1.2175275838725512,633.64,99.36,-10.148902385188403,2.864842404852113,-45.0,47.57763255015542,-22.95,16.176395067052844,-0.5,-92.57763255015541,40.68682431568703,-51.89080823446839
14,48.0,-0.22518358,-0.06482151,-0.20488071,641.93,95.32999999999998,-4.303043520087479,1.2209392555799774,641.93,95.32999999999998,-10.125061402765835,2.8728700683796866,-45.0,48.12763911291959,-22.95,16.363397298392663,-0.5,-93.12763911291958,40.69695647991252,-52.430682633007066
14,48.0,-0.30174905,-0.31352943,-0.22198777,-160.26999999999998,63.80000000000001,-4.42886955889185,1.2786190667884685,641.93,95.32999999999998,-10.421130072072524,3.008590664153266,-15.0,-12.03406850705986,-7.65,16.363397298392663,-0.5,-2.9659314929401397,10.57113044110815,7.6051989481680105
14,48.0,-0.29996723,-0.31631771,-0.21853319,-205.99,115.69,-4.386081360520015,1.2820082605474117,641.93,95.32999999999998,-10.320449441303596,3.016565437068059,-15.0,-15.467010493350353,-7.65,16.363397298392663,-0.5,0.4670104933503527,10.613918639479985,11.080929132830338
14,48.0,-0.2921606,-0.31446707,-0.21828978,-161.05,60.51999999999998,-4.399797290230569,1.2857952257505718,641.93,95.32999999999998,-10.35272302391253,3.025476166191096,-15.0,-12.092635758794476,-7.65,16.363397298392663,-0.5,-2.9073642412055243,10.60020270976943,7.692838468563907
14,49.0,-0.28648326,-0.17546479,-0.21183623,199.1,30.33999999999997,10.3862723029259,4.710109192490876,-412.35,196.02,24.438898728784647,11.082886929931032,20.0,14.949666436361255,10.2,-10.52701298197595,0.5,5.050333563638745,-9.6137276970741,-4.563394133435356
14,49.0,-0.28269413,-0.17553101,-0.21022394,23.360000000000014,60.10000000000002,10.53179082081147,4.746065105345137,-412.35,196.02,24.78130380136939,11.167491192877108,25.0,1.7540141032315375,12.75,-10.52701298197595,0.5,23.245985896768463,-14.46820917918853,8.777776717579933
14,49.0,-0.28240383,-0.17205301,-0.21080311,-412.35,196.02,10.589666026308072,4.782552838311924,-412.35,196.02,24.91748415990289,11.253346828547958,32.0,-30.96180288816456,16.32,-10.52701298197595,0.5,62.961802888164556,-21.410333973691927,41.55146891447263
14,49.0,-0.3065019,-0.28170028,-0.21595906,-221.86,210.26,12.177005931272683,5.649852576062749,-412.35,196.02,28.65249495628463,13.29410311147565,-15.0,-16.65862880748924,-7.65,-10.52701298197595,0.5,1.6586288074892401,27.17700593127268,28.835634738761925
14,49.0,-0.30942914,-0.28201786,-0.21180943,-221.08,222.68,12.28252159496309,5.700909453517975,-412.35,196.02,28.900773312948157,13.414239944127797,-15.0,-16.600061555754625,-7.65,-10.52701298197595,0.5,1.6000615557546247,27.28252159496309,28.882583150717714
14,49.0,-0.30985397,-0.2847237,-0.21020326,-218.12,232.34,12.385799659989951,5.747595067284438,-412.35,196.02,29.14378659995636,13.524091193320285,-15.0,-16.37780634404378,-7.65,-10.52701298197595,0.5,1.3778063440437798,27.38579965998995,28.763606004033733
14,50.0,-0.26156178,-0.16795805,-0.21235333,140.04999999999995,199.03,12.784888092415075,4.751950917487957,-344.18,256.12,30.08284168145268,11.181340508849164,18.0,10.51582513517023,9.18,-8.786679588059856,0.5,7.48417486482977,-5.215111907584925,2.269062957244845
14,50.0,-0.26173925,-0.1656345,-0.2123899,-344.18,256.12,12.875870576286706,4.801301704751258,-344.18,256.12,30.29692346600262,11.29746291127971,18.0,-25.843175258999576,9.18,-8.786679588059856,0.5,43.84317525899958,-5.124129423713294,38.71904583528628
14,50.0,-0.26684028,-0.16889417,-0.21862379,-483.26,235.87,12.940026655344104,4.842388623932787,-483.26,235.87,30.44788272002468,11.39414043211385,18.0,-36.286166760602406,9.18,-12.33729669860482,0.5,54.286166760602406,-5.059973344655896,49.22619341594651
14,51.0,-0.2217706,-0.36616081,-0.23886544,-539.24,-3.3799999999999955,-14.604049450339676,4.340396121647806,-539.24,-3.3799999999999955,-34.363328356649255,10.21295207423729,-42.0,-40.4894933658636,-21.42,-13.766427744393622,-0.5,-1.510506634136398,27.395950549660324,25.885443915523926
14,51.0,-0.22314778,-0.36739376,-0.23888461,-566.08,122.68,-14.77011969484752,4.37678778473553,-566.08,122.68,-34.75409164197622,10.298581657482702,-42.0,-42.50480751529573,-21.42,-14.451634555200547,-0.5,0.504807515295731,27.22988030515248,27.73468782044821
14,51.0,-0.23110618,-0.36014214,-0.24578857,-445.11,146.10000000000002,-14.955928165512455,4.41370120589561,-445.11,146.10000000000002,-35.19129897345081,10.385438937472372,-42.0,-33.421627461018375,-21.42,-11.363353336746249,-0.5,-8.578372538981625,27.044071834487546,18.46569929550592
14,51.0,-0.31598976,-0.23008361,-0.20397201,59.40999999999997,-11.810000000000002,-19.465211598732463,5.550987294868965,-445.11,146.10000000000002,-45.80164289181749,13.061473104826677,9.0,4.460872340453147,4.59,-11.363353336746249,-0.5,4.539127659546853,-28.465211598732463,-23.92608393918561
14,51.0,-0.31848055,-0.22920798,-0.20077409,58.940000000000055,9.319999999999991,-19.70949773376688,5.606419901975631,-445.11,146.10000000000002,-46.37644816755347,13.191906029348662,9.0,4.42558181697204,4.59,-11.363353336746249,-0.5,4.57441818302796,-28.70949773376688,-24.135079550738922
14,51.0,-0.32252723,-0.22992674,-0.19965263,59.57000000000005,26.0,-19.97209440618985,5.662709898220184,-445.11,146.10000000000002,-46.99433813776472,13.324356390512094,9.0,4.472886135680766,4.59,-11.363353336746249,-0.5,4.527113864319234,-28.97209440618985,-24.444980541870617
14,52.0,-0.25778449,-0.34551448,-0.23412123,-363.06,73.73000000000002,-11.947940782691632,4.401159592607585,-363.06,73.73000000000002,-28.11350466167341,10.355928521405648,-26.0,-27.26080309585794,-13.26,-9.2686730525917,-0.5,1.2608030958579413,14.052059217308368,15.31286231316631
14,52.0,-0.25277266,-0.35026801,-0.22934547,-447.61,183.58,-11.999812735062472,4.432129086246914,-447.61,183.58,-28.235559365602,10.428799739938992,-16.0,-33.60934301144983,-8.16,-11.427176623892944,-0.5,17.60934301144983,4.000187264937528,21.60953027638736
14,52.0,-0.24879213,-0.3454698,-0.22643924,-413.56,97.07999999999998,-12.094293877636352,4.463488248495467,-413.56,97.07999999999998,-28.457873494078346,10.502587848709837,-15.0,-31.05265721457338,-7.65,-10.55790345295495,-0.5,16.05265721457338,2.9057061223636484,18.958363336937026
14,52.0,-0.31356168,-0.34725937,-0.3218489,-735.24,93.41000000000004,-13.512233531888707,5.02893248183671,-735.24,93.41000000000004,-31.79428550053413,11.83307812976178,-24.0,-51.63078671507144,-12.24,-17.55446748312429,-0.5,27.630786715071437,10.487766468111293,38.118553183182726
14,52.0,-0.294498,-0.38786888,-0.30253428,-840.25,49.19999999999999,-13.626436305928744,5.0687661987094215,-840.25,49.19999999999999,-32.06300462785034,11.92680686556327,-30.0,-55.57318870523291,-15.3,-18.894884159779192,-0.5,25.57318870523291,16.373563694071258,41.94675239930417
14,52.0,-0.25591025,-0.41406268,-0.27555805,-854.33,37.18000000000001,-13.750211302329973,5.109183392530718,-854.33,37.18000000000001,-32.354247194382424,12.02190852262478,-35.0,-56.10179569524789,-17.85,-19.074610536384284,-0.5,21.101795695247887,21.249788697670027,42.351584392917914
14,52.0,-0.30634072,-0.28231812,-0.21990372,-307.98,-87.68,-27.51944808107164,8.664733746215349,-307.98,-87.68,-64.75326133476156,20.38811850484472,-14.0,-23.12505408875208,-7.140000000000001,-7.862518390175707,-0.5,9.12505408875208,-13.51944808107164,-4.394393992319561
14,52.0,-0.30383772,-0.28063366,-0.21632996,-208.66,281.7,-28.098417325500535,8.750670571961155,-307.98,-87.68,-66.11557596690277,20.5903278558246,-14.0,-15.667490701211143,-7.140000000000001,-7.862518390175707,-0.5,1.6674907012111433,-14.098417325500535,-12.430926624289391
14,52.0,-0.30346861,-0.28139043,-0.21722886,-169.3,66.66000000000003,-28.596590364423808,8.860693788574606,-307.98,-87.68,-67.28777712748922,20.84921248451605,-14.0,-12.712097075218283,-7.140000000000001,-7.862518390175707,-0.5,-1.2879029247817169,-14.596590364423808,-15.884493289205524
14,53.0,-0.2296325,-0.37883633,-0.22594818,-565.61,-65.93,-15.321144398168922,4.4402437762025055,-565.61,-65.93,-36.050652768891474,10.4478936054045,-42.0,-42.46951699181461,-21.42,-14.439635777216967,-0.5,0.4695169918146078,26.678855601831078,27.148372593645686
14,53.0,-0.22861092,-0.37994924,-0.223691,-585.87,-82.25999999999999,-15.43268677455866,4.478056675677781,-585.87,-82.25999999999999,-36.31311198053653,10.536867357869818,-42.0,-43.99076381251113,-21.42,-14.956859696253789,-0.5,1.9907638125111333,26.56731322544134,28.558077037952472
14,53.0,-0.22462365,-0.36860022,-0.22631091,-599.46,169.51,-15.587899141404854,4.516443408720838,-599.46,169.51,-36.67832667972562,10.627191340720133,-42.0,-45.01118554465654,-21.42,-15.303803085183224,-0.5,3.0111855446565414,26.412100858595146,29.423286403251687
14,54.0,-0.31465709,-0.2095935,-0.21217319,78.17999999999995,31.579999999999984,6.779841891057176,3.8573114554158,,,15.952967969657536,9.076253854593377,9.0,5.870240693092526,4.59,,0.5,3.1297593069074736,-2.220158108942824,0.9096011979646494
14,54.0,-0.31081042,-0.20553386,-0.20746195,96.39,55.20999999999998,6.8719427996274,3.8777570365491902,,,16.169681407523274,9.124362307000249,13.0,7.237560762435264,6.63,,0.5,5.762439237564736,-6.1280572003726,-0.36561796280786396
14,54.0,-0.31324053,-0.20182529,-0.2090746,94.89,53.410000000000025,6.876582448152223,3.898424904994849,,,16.18059850050218,9.17299380145288,18.0,7.124931432176389,9.18,,0.5,10.875068567823611,-11.123417551847776,-0.24834898402416616
14,54.0,-0.30376801,-0.2624467,-0.21854033,-85.14999999999998,46.920000000000016,12.258366092718289,6.458684599207102,,,28.843935416166133,15.197284861934312,-6.0,-6.393591647695431,-3.06,,0.5,0.3935916476954313,18.25836609271829,18.65195774041372
14,54.0,-0.30055827,-0.26417294,-0.21544451,-52.04000000000002,64.14999999999998,12.369391642109544,6.5149395643609065,,,29.105178533883755,15.329652794941214,-6.0,-3.907486897781216,-3.06,,0.5,-2.092513102218784,18.369391642109544,16.27687853989076
14,54.0,-0.29896101,-0.26139328,-0.21354963,-42.38999999999999,79.08999999999997,12.426187367556324,6.572168437191173,,,29.23881887586004,15.464312332710833,-6.0,-3.1829048731157874,-3.06,,0.5,-2.8170951268842126,18.426187367556324,15.609092240672112
14,55.0,-0.28222975,-0.30724469,-0.22321583,0.0,0.0,-7.5102835043239375,2.833037927430475,,,-17.671697085674225,6.666138243243908,-15.0,0.0,-7.65,,-0.5,-15.0,7.4897164956760625,-7.5102835043239375
14,55.0,-0.28176975,-0.30605221,-0.22301738,0.0,0.0,-7.491303614333975,2.846233080287344,,,-17.627037404527844,6.697186437916121,-15.0,0.0,-7.65,,-0.5,-15.0,7.508696385666025,-7.491303614333975
14,55.0,-0.28223905,-0.30084977,-0.2234676,0.0,0.0,-7.584084956435504,2.8595491241037894,,,-17.84535190249274,6.728519089016216,-15.0,0.0,-7.65,,-0.5,-15.0,7.415915043564496,-7.584084956435504
14,56.0,-0.28509966,-0.17461696,-0.21466412,184.66,-54.94,10.30378979239528,3.659307047119755,,,24.244817381506092,8.610349481872785,20.0,13.865421417069154,10.2,,0.5,6.134578582930846,-9.69621020760472,-3.5616316246738737
14,56.0,-0.28378668,-0.16983233,-0.21585588,0.0,0.0,10.381296198190649,3.6863599703634535,,,24.4271899543426,8.674005010265205,32.0,0.0,16.32,,0.5,32.0,-21.618703801809353,10.381296198190649
14,56.0,-0.29166892,-0.16815367,-0.22631834,-179.37,44.80000000000001,10.403965288312405,3.7137901388884775,,,24.480530323399087,8.73854819680459,25.0,-13.468215312356191,12.75,,0.5,38.46821531235619,-14.596034711687595,23.872180600668596
14,57.0,-0.31818312,-0.21518728,-0.20307449,104.54999999999995,-45.35000000000002,6.714389520305659,2.3892809142563407,355.09000000000003,14.199999999999989,15.798958541279216,5.621977991245169,9.0,7.8502643190435375,4.59,9.065204413168038,0.5,1.1497356809564625,-2.2856104796943413,-1.1358747987378788
14,57.0,-0.31915626,-0.21798824,-0.20206399,108.64,-5.129999999999996,6.706722442175195,2.4010012856645897,355.09000000000003,14.199999999999989,15.780917906438235,5.64955602516878,9.0,8.157366959549403,4.59,9.065204413168038,0.5,0.8426330404505968,-2.293277557824805,-1.450644517374208
14,57.0,-0.32275301,-0.215876,-0.20395477,355.09000000000003,14.199999999999989,6.795960817454182,2.412840989735509,355.09000000000003,14.199999999999989,15.99089580346969,5.677414848847653,9.0,26.66236592108246,4.59,9.065204413168038,0.5,-17.66236592108246,-2.2040391825458183,-19.86640510362828
14,58.0,-0.29546937,-0.19301873,-0.19776843,228.80999999999997,-12.699999999999989,11.18077150262249,6.238518031543051,-607.6,75.64999999999998,26.30835534567072,14.6792329282208,20.0,17.180478037688687,10.2,-15.511611708132865,0.5,2.8195219623113132,-8.81922849737751,-5.999706535066197
14,58.0,-0.2983982,-0.19314736,-0.20324819,238.77,-12.810000000000002,11.13937081063284,6.291178268880894,-607.6,75.64999999999998,26.210939517419074,14.803142466676745,20.0,17.928336790607613,10.2,-15.511611708132865,0.5,2.071663209392387,-8.86062918936716,-6.788965979974773
14,58.0,-0.29618979,-0.17865528,-0.2154326,-63.74000000000001,37.63999999999999,11.181886419331905,6.34472694564499,-607.6,75.64999999999998,26.310978744687976,14.929142503102666,23.0,-4.785995673800434,11.73,-15.511611708132865,0.5,27.785995673800436,-11.818113580668095,15.967882093132339
14,58.0,-0.28030789,-0.40358993,-0.22609812,-607.6,75.64999999999998,26.015593848629564,13.420773312604306,-607.6,75.64999999999998,61.21469232582537,31.579079604557936,-33.0,-45.62238737686136,-16.830000000000002,-15.511611708132865,0.5,12.622387376861361,59.015593848629564,71.63798122549093
14,58.0,-0.28075674,-0.40461171,-0.22453858,-632.78,42.579999999999984,26.45607361549984,13.64131428671212,-632.78,42.579999999999984,62.25114121727112,32.098012516633624,-34.0,-47.513058400807,-17.34,-16.15443985627438,0.5,13.513058400806997,60.45607361549984,73.96913201630684
14,58.0,-0.27893466,-0.39593461,-0.2262985,-678.69,28.430000000000007,27.02597265876011,13.86795154001856,-678.69,28.430000000000007,63.59211366606255,32.63128997366368,-34.0,-49.50772383969167,-17.34,-16.83262610549517,0.5,15.507723839691671,61.02597265876011,76.53369649845177
14,59.0,-0.3064144,-0.20872577,-0.20860471,114.74,-7.560000000000002,7.900261190303572,2.785208086669209,,,18.589314580784308,6.553594627932649,9.0,8.615392902602162,4.59,,0.5,0.38460709739783816,-1.0997388096964276,-0.7151317122985894
14,59.0,-0.30653176,-0.20885146,-0.20432542,111.28999999999996,-2.1499999999999773,7.945512666639157,2.801065999061206,,,18.69579130460194,6.590908295791019,9.0,8.356345443006747,4.59,,0.5,0.643654556993253,-1.0544873333608429,-0.41083277636758986
14,59.0,-0.30211401,-0.20517012,-0.20831929,63.92999999999995,129.72000000000003,7.950690861298185,2.8171084436824883,,,18.70797559663463,6.628656167984895,13.0,4.80026205563322,6.63,,0.5,8.199737944366781,-5.049309138701815,3.1504288056649647
14,60.0,-0.27204743,-0.16865407,-0.20508064,224.67,-62.00999999999999,12.667485657981684,4.603957152433913,,,29.806593753230903,10.833111179676996,20.0,16.86962108617419,10.2,,0.5,3.1303789138258082,-7.332514342018316,-4.202135428192507
14,60.0,-0.27073109,-0.16732168,-0.20387165,248.6,-53.88,12.787713033199244,4.646053833195092,,,30.08948876711782,10.932164669508053,20.0,18.66643433490411,10.2,,0.5,1.3335656650958896,-7.212286966800756,-5.878721301704866
14,60.0,-0.27228981,-0.16718191,-0.20664173,170.19000000000003,7.139999999999986,12.91020154721508,4.688883879743666,,,30.377704240597083,11.032943769036848,20.0,12.778923811171886,10.2,,0.5,7.221076188828114,-7.089798452784921,0.13127773604319337
14,61.0,-0.27657819,-0.20397599,-0.21272679,0.0,0.0,9.650536731503296,4.322372714509537,-653.57,69.58999999999997,22.707712929227256,10.170542997240943,18.0,0.0,9.18,-16.511977910870172,0.5,18.0,-8.349463268496704,9.650536731503296
14,61.0,-0.27648592,-0.20369121,-0.21071348,0.0,0.0,9.662244224062905,4.349868658209477,-653.57,69.58999999999997,22.735260659220017,10.2352409527669,18.0,0.0,9.18,-16.511977910870172,0.5,18.0,-8.337755775937095,9.662244224062905
14,61.0,-0.27821779,-0.20252603,-0.21384318,109.04999999999995,73.63,9.69748293915701,4.380831161239184,-653.57,69.58999999999997,22.818177355836447,10.308095722395802,18.0,8.188152309820161,9.18,-16.511977910870172,0.5,9.811847690179839,-8.30251706084299,1.5093306293368496
14,61.0,-0.23028257,-0.38122344,-0.23789816,-653.57,69.58999999999997,11.142131285025634,5.025657604254534,-653.57,69.58999999999997,26.21743491366532,11.825372342810924,-35.0,-48.56464091432403,-17.85,-16.511977910870172,0.5,13.56464091432403,46.142131285025634,59.706772199349665
14,61.0,-0.22381407,-0.38269821,-0.23661594,-685.09,67.50999999999999,11.20865939187569,5.062534387656448,-685.09,67.50999999999999,26.3739755490835,11.912143414155622,-42.0,-49.747999744243934,-21.42,-16.914319913042938,0.5,7.747999744243934,53.20865939187569,60.956659136119626
14,61.0,-0.22567299,-0.38615125,-0.23458405,-671.41,66.89999999999998,11.352912827457605,5.104094191249991,-671.41,66.89999999999998,26.713403883007743,12.00993363201123,-42.0,-49.23440999826346,-21.42,-16.739699399409577,0.5,7.234409998263459,53.3529128274576,60.58732282572106
14,61.0,-0.25400814,-0.33491206,-0.25854784,-399.84,95.72000000000004,45.05303538623099,18.175666432496328,-399.84,95.72000000000004,106.00979226380151,42.76734311566386,-24.0,-30.022474273805543,-12.24,-10.207641253093886,0.5,6.022474273805543,69.05303538623099,75.07550966003653
14,61.0,-0.2448438,-0.34579122,-0.24090934,-363.01,144.27999999999997,46.24947900208082,18.661686357396214,-363.01,144.27999999999997,108.82502409189615,43.91094799895329,-26.0,-27.25704878484931,-13.26,-9.267396586848768,0.5,1.2570487848493102,72.24947900208082,73.50652778693012
14,61.0,-0.24232113,-0.34987432,-0.23619059,-357.5,146.95999999999998,47.69025495643177,19.260749487501396,-357.5,146.95999999999998,112.21516991248396,45.32054354409079,-26.0,-26.843323711698385,-13.26,-9.126730061977453,0.5,0.8433237116983854,73.69025495643177,74.53357866813016
14,62.0,-0.2623395,-0.16959202,-0.21928327,0.0,0.0,12.340247091722114,4.509134299892349,,,29.036601406822136,10.609993007646697,18.0,0.0,9.18,,0.5,18.0,-5.659752908277886,12.340247091722114
14,62.0,-0.26913819,-0.16988379,-0.22546506,0.0,0.0,12.341940863029553,4.545605361069249,,,29.040586850708536,10.695809414595942,18.0,0.0,9.18,,0.5,18.0,-5.658059136970447,12.341940863029553
14,62.0,-0.27945048,-0.16956761,-0.23798168,0.0,0.0,12.397152159300832,4.586819289000464,,,29.17049903083486,10.792785787018092,9.0,0.0,4.59,,0.5,9.0,3.3971521593008323,12.397152159300832
14,62.0,-0.29116148,-0.30419344,-0.2202799,-231.94,-62.51999999999998,15.681934837863066,5.922170227768356,,,36.8995926734918,13.934866545938943,-15.0,-17.415497906828875,-7.65,,0.5,2.4154979068288753,30.681934837863068,33.09743274469194
14,62.0,-0.28896374,-0.30532089,-0.21917881,-233.58,-78.13,15.79510331465567,5.976358736165103,,,37.16587809938479,14.062372106196488,-15.0,-17.53863930791191,-7.65,,0.5,2.538639307911911,30.79510331465567,33.333742622567584
14,62.0,-0.28807405,-0.30458817,-0.21836418,-237.64,-69.77999999999997,16.060721626610334,6.04529908741722,,,37.79087798741412,14.22458875269272,-15.0,-17.843489361812594,-7.65,,0.5,2.843489361812594,31.060721626610334,33.90421098842293
14,63.0,-0.21239009,-0.33369645,-0.2367004,-594.86,19.410000000000025,-14.954648106990112,4.245913918987141,-594.86,19.410000000000025,-35.18828699574774,9.990635451376743,-35.0,-44.66578893186266,-17.85,-15.186368236833305,-0.5,9.665788931862657,20.045351893009887,29.711140824872544
14,63.0,-0.21182674,-0.33945057,-0.23737188,-562.51,74.43,-15.06368668739298,4.284168712846888,-562.51,74.43,-35.44485477543568,10.080648981328729,-42.0,-42.2367497092796,-21.42,-14.360494901155064,-0.5,0.23674970927960004,26.93631331260702,27.17306302188662
14,63.0,-0.21892418,-0.34429765,-0.24242553,-355.43,98.52999999999996,-15.28116464647742,4.315914774301966,-355.43,98.52999999999996,-35.956580413161376,10.155347463932529,-42.0,-26.68789523594113,-21.42,-9.073884380219988,-0.5,-15.31210476405887,26.71883535352258,11.406730589463711
14,64.0,-0.28106627,-0.34119609,-0.22213657,-456.72,31.079999999999984,-11.745982676274467,3.8460381604022778,-456.72,31.079999999999984,-27.63829723727383,9.04972779142656,-15.0,-34.29337847722206,-7.65,-11.659748682255502,-0.5,19.293378477222063,3.2540173237255328,22.547395800947598
14,64.0,-0.27816638,-0.33325824,-0.22313011,-468.21,7.1200000000000045,-11.778187360172891,3.878461663084479,-468.21,7.1200000000000045,-27.71407485848682,9.12602029323778,-15.0,-35.15611914700504,-7.65,-11.953080509981714,-0.5,20.156119147005043,3.2218126398271085,23.37793178683215
14,64.0,-0.27636066,-0.3204166,-0.23129869,-456.5,8.529999999999973,-11.792217099583109,3.908444171696994,-456.5,8.529999999999973,-27.747086835319056,9.19656913600303,-15.0,-34.276859508784085,-7.65,-11.65413223298659,-0.5,19.276859508784085,3.207782900416891,22.484642409200976
14,65.0,-0.2224388,-0.32179317,-0.23059905,-303.38,19.50999999999999,-8.298064717474178,3.4387586905692857,-303.38,19.50999999999999,-19.52534628021674,8.09139919890953,-15.0,-22.7796574759582,-7.65,-7.745083541825787,-0.5,7.779657475958199,6.701935282525822,14.481592758484021
14,65.0,-0.22079527,-0.3274937,-0.22630386,-290.58000000000004,75.36000000000001,-8.314956620977192,3.456208021025229,-290.58000000000004,75.36000000000001,-19.56509292915933,8.132457473472364,-15.0,-21.818553857749137,-7.65,-7.418308311634707,-0.5,6.818553857749137,6.685043379022808,13.503597236771945
14,65.0,-0.22630793,-0.33059299,-0.22945076,-273.61,85.57,-8.36041498785041,3.4738304028412874,-273.61,85.57,-19.672056466412016,8.17392293788555,-15.0,-20.544340701420406,-7.65,-6.985075838482938,-0.5,5.544340701420406,6.63958501214959,12.183925713569996
14,65.0,-0.30883774,-0.25731745,-0.23610207,-141.33999999999995,23.850000000000023,-10.802676887016688,4.393164742597967,-273.61,85.57,-25.418698715150267,10.337116639333017,-3.0,-10.612686359192866,-1.53,-6.985075838482938,-0.5,7.612686359192866,-7.802676887016688,-0.18999052782382186
14,65.0,-0.3080399,-0.25468042,-0.2321219,-146.42000000000002,20.56,-10.90617393788689,4.424299538565481,-273.61,85.57,-25.66222727584785,10.410376814244575,-3.0,-10.994124357669588,-1.53,-6.985075838482938,-0.5,7.9941243576695875,-7.906173937886891,0.0879504197826968
14,65.0,-0.30493104,-0.2536284,-0.22201499,-143.24,31.579999999999984,-10.936478824844338,4.452680048754775,-273.61,85.57,-25.733534674858728,10.477156154719989,-3.0,-10.755350177520771,-1.53,-6.985075838482938,-0.5,7.755350177520771,-7.936478824844338,-0.18112864732356648
14,65.0,-0.32598475,-0.27225611,-0.3315028,-709.41,80.48000000000002,-12.22765192951039,4.982624617596981,-709.41,80.48000000000002,-28.77166499013795,11.724115725205696,-18.0,-50.66104818154253,-9.18,-17.22475638172446,-0.5,32.66104818154253,5.77234807048961,38.43339625203214
14,65.0,-0.29329237,-0.34973833,-0.31200805,-730.41,68.87,-12.382233356148328,5.022179427944392,-730.41,68.87,-29.135395087017017,11.817188193953156,-26.0,-51.44945349335465,-13.26,-17.492814187740585,-0.5,25.449453493354653,13.617766643851672,39.06722013720633
14,65.0,-0.26869568,-0.38463345,-0.29218751,-771.77,34.94,-12.46554445849678,5.066395363528772,-771.77,34.94,-29.331426110842926,11.9212282903832,-31.0,-53.00223652652368,-15.81,-18.02076041901805,-0.5,22.00223652652368,18.53445554150322,40.5366920680269
14,66.0,-0.26772815,-0.19620416,-0.21628042,0.0,0.0,9.159075411471358,3.5053325729251976,,,21.55130444319211,8.24804754409299,11.0,0.0,5.61,,0.5,11.0,-1.840924588528642,9.159075411471358
14,66.0,-0.26644418,-0.19550227,-0.21368328,0.0,0.0,9.127886379013754,3.529350537759073,,,21.477916649819363,8.3045618153471,13.0,0.0,6.63,,0.5,13.0,-3.872113620986246,9.127886379013754
14,66.0,-0.26862761,-0.1943949,-0.21391402,0.0,0.0,9.229067719733504,3.559153078319255,,,21.71599634453294,8.374687193285208,18.0,0.0,9.18,,0.5,18.0,-8.770932280266496,9.229067719733504
14,67.0,-0.21588032,-0.3518711,-0.22865878,-496.36,77.82,-14.23468762768243,4.463855506714107,-496.36,77.82,-33.49421998793676,10.503452007298296,-42.0,-37.26979624486324,-21.42,-12.671730723253502,-0.5,-4.730203755136763,27.76531237231757,23.035108617180807
14,67.0,-0.21673691,-0.35212767,-0.22778566,-494.9,87.57,-14.37330995264119,4.498662372711306,-494.9,87.57,-33.82039831856472,10.585352562989703,-42.0,-37.16017036341128,-21.42,-12.634457923559834,-0.5,-4.839829636588718,27.62669004735881,22.786860410770092
14,67.0,-0.21903068,-0.34760699,-0.23155074,-490.1,101.87,-14.513672628245098,4.537925460325979,-490.1,101.87,-34.15067169426072,10.677738608147028,-42.0,-36.79975650658287,-21.42,-12.511917212238176,-0.5,-5.200243493417133,27.486327371754903,22.28608387833777
14,68.0,-0.24776267,-0.3501403,-0.23148409,-462.88,3.879999999999996,-11.815595566095492,3.731275554630253,-462.88,3.879999999999996,-27.802096367022692,8.779691380044987,-34.0,-34.75590959348517,-17.34,-11.81700926178496,-0.5,0.7559095934851712,22.184404433904508,22.94031402738968
14,68.0,-0.2428606,-0.34592426,-0.23151472,-463.3,5.550000000000011,-12.033668679405602,3.7589201106932384,-463.3,5.550000000000011,-28.315222402641385,8.844739020461189,-15.0,-34.78744580595765,-7.65,-11.827731574025602,-0.5,19.787445805957653,2.9663313205943975,22.753777126552052
14,68.0,-0.24522349,-0.34581515,-0.23280293,-439.19,40.420000000000016,-12.019171839417456,3.789814819324201,-439.19,40.420000000000016,-28.28111133814928,8.917434269869846,-15.0,-32.97711703759668,-7.65,-11.212219792782872,-0.5,17.977117037596678,2.9808281605825435,20.95794519817922
14,69.0,-0.27788439,-0.19234043,-0.22126308,239.20000000000005,45.10000000000002,11.010645770532202,4.180161101253602,,,25.908049498062272,9.835919071249725,18.0,17.96062386528183,9.18,,0.5,0.039376134718171585,-6.989354229467798,-6.949978094749627
14,69.0,-0.27906856,-0.19111633,-0.22312963,15.659999999999968,82.22000000000003,11.116263914465884,4.211770548090708,,,26.15656899073823,9.910296099657437,18.0,1.1758502079026456,9.18,,0.5,16.824149792097355,-6.883736085534116,9.94041370656324
14,69.0,-0.29660988,-0.19494408,-0.24096099,15.289999999999964,75.83999999999997,11.226244848921974,4.247438983150507,,,26.415354129513407,9.994223927353143,11.0,1.1480683064387895,5.61,,0.5,9.85193169356121,0.22624484892197394,10.078176542483185
14,70.0,-0.2514587,-0.18759558,-0.21333396,191.02,0.4599999999999795,11.514392193934407,4.347781274426453,269.51,61.93000000000001,27.093364832327666,10.230329338725442,41.0,14.342969777366784,20.91,6.880405647562356,0.5,26.657030222633217,-29.485607806065595,-2.828577583432377
14,70.0,-0.25609803,-0.18887627,-0.21455827,241.02,47.670000000000016,11.652180894457274,4.385666395964841,269.51,61.93000000000001,27.417581644657968,10.319473029705271,38.0,18.097280785995927,19.38,6.880405647562356,0.5,19.902719214004073,-26.347819105542726,-6.4450998915386535
14,70.0,-0.2679325,-0.19175272,-0.22308013,269.51,61.93000000000001,11.824577006373817,4.428060263713928,269.51,61.93000000000001,27.82322969599759,10.419225800518875,20.0,20.23648719871281,10.2,6.880405647562356,0.5,-0.23648719871280832,-8.175422993626183,-8.411910192338992
14,71.0,-0.25858206,-0.34814984,-0.25220662,-301.46,80.68,-10.779687938325182,3.607544784503367,-301.46,80.68,-25.364605718879154,8.488552877936423,-26.0,-22.635491933226835,-13.26,-7.696067257297124,-0.5,-3.3645080667731655,15.220312061674818,11.855803994901652
14,71.0,-0.2533257,-0.34624428,-0.24777104,-317.43,75.18,-10.810119630470746,3.633713326678069,-317.43,75.18,-25.43621149049767,8.550127457673495,-33.0,-23.834618869382982,-16.830000000000002,-8.103770415590215,-0.5,-9.165381130617018,22.189880369529256,13.024499238912236
14,71.0,-0.25288492,-0.34145692,-0.24985689,-324.24,82.85000000000002,-10.799840547989897,3.660262285286068,-324.24,82.85000000000002,-25.412024809420227,8.612597157278119,-33.0,-24.34595602875828,-16.830000000000002,-8.277625049777814,-0.5,-8.65404397124172,22.200159452010105,13.546115480768384
14,72.0,-0.2484235,-0.34058112,-0.23842335,-343.1,-31.08999999999997,-12.37771534465706,3.9740250858546022,-343.1,-31.08999999999997,-29.12476420597806,9.35088102701588,-34.0,-25.76208214121319,-17.34,-8.759107928012487,-0.5,-8.237917858786808,21.622284655342938,13.384366796556131
14,72.0,-0.24514204,-0.33708659,-0.23833048,0.0,0.0,-12.445428184303196,4.005308514871005,-343.1,-31.08999999999997,-29.284092517665425,9.424490935491477,-35.0,0.0,-17.85,-8.759107928012487,-0.5,-35.0,22.554571815696804,-12.445428184303196
14,72.0,-0.25287548,-0.33537394,-0.24188767,-414.72,31.430000000000007,-12.585053549512075,4.033827116640351,-414.72,31.430000000000007,-29.61263100200192,9.491595205454749,-35.0,-31.13975722997358,-17.85,-10.587517458191018,-0.5,-3.860242770026421,22.414946450487925,18.554703680461504
14,72.0,-0.25725135,-0.15652283,-0.23301613,223.76,47.110000000000014,-24.261191585671785,7.119145897919676,-414.72,31.430000000000007,-57.08658380108572,16.751350297804997,20.0,16.801292625817144,10.2,-10.587517458191018,-0.5,3.198707374182856,-44.26119158567178,-41.06248421148893
14,72.0,-0.25414097,-0.15338418,-0.22990929,284.84000000000003,6.639999999999986,-24.706320640365977,7.20879291587697,284.84000000000003,6.639999999999986,-58.133972466781145,16.962289731058508,20.0,21.387558953958514,10.2,7.271770044345895,-0.5,-1.3875589539585143,-44.70632064036597,-46.09387959432449
14,72.0,-0.24500471,-0.14201093,-0.21715289,303.66,26.30000000000001,-25.1211486632387,7.282936234497372,303.66,26.30000000000001,-59.110062804600666,17.136748959772316,32.0,22.80068161760652,16.32,7.752231749986216,-0.5,9.199318382393479,-57.1211486632387,-47.92183028084522
