Participant,trigger_no,fzd_hands0_fingerTip_coordinates_x,fzd_hands0_fingerTip_coordinates_y,fzd_hands0_fingerTip_coordinates_z,eyegaze_new_coordinates_x,eyegaze_new_coordinates_y,angle_center,Buidling_half_width,eyegaze_new_coordinates_x_without_tablet_&_road_gazes,eyegaze_new_coordinates_y_without_tablet_&_road_gazes,angle_center_scaled,Buidling_half_width_scaled,horizontal_angle_finger_pointing_unscaled,eyegaze_horiz_angle_x,horizontal_angle_finger_pointing,eyegaze_horiz_angle_x_scaled_without_tablet,side,difference,D_p,D_g
39,73.0,-0.25170916,-0.18625535,-0.3384909,52.85000000000002,-58.089999999999975,6.898927441496711,2.3347492117086603,,,14.998268257813848,5.075744786254628,32.0,4.270812010069861,15.04,,0.5,27.72918798993014,-25.10107255850329,2.62811543142685
39,73.0,-0.25350535,-0.18102726,-0.33939382,49.08000000000004,-52.48000000000002,6.957291353818287,2.34706998759278,,,15.125151403200956,5.102530153026703,32.0,3.966158059682665,15.04,,0.5,28.033841940317334,-25.042708646181712,2.991133294135622
39,73.0,-0.25538164,-0.1799181,-0.34244308,55.50999999999999,-39.44,6.992241400368946,2.3583847068877115,,,15.201132804402087,5.127128352773886,32.0,4.485766786735627,15.04,,0.5,27.514233213264372,-25.007758599631053,2.506474613633319
39,74.0,-0.23658168,-0.18725613,-0.35946369,145.72000000000003,-17.069999999999993,8.462249621759096,2.8327565998770776,,,18.396930677704272,6.158412848132766,25.0,11.77564287809612,11.75,,0.5,13.22435712190388,-16.537750378240904,-3.313393256337024
39,74.0,-0.23768352,-0.19009365,-0.36157244,149.37,-13.579999999999984,8.553550733882828,2.8483687647219558,,,18.595419295461262,6.19235369450553,23.0,12.070599620513432,10.81,,0.5,10.929400379486568,-14.446449266117172,-3.5170488866306044
39,74.0,-0.23826702,-0.18951793,-0.36208519,152.83000000000004,-14.0,8.623962811597469,2.8657192058649823,,,18.748495152412897,6.230073553550472,23.0,12.350202450311764,10.81,,0.5,10.649797549688236,-14.376037188402531,-3.7262396387142953
39,75.0,-0.29780531,-0.31772128,-0.38300288,119.19000000000004,12.579999999999984,-8.69547531413256,2.904330809025571,,,-18.903963332924185,6.314015178821591,-21.0,9.631751816087544,-9.87,,-0.5,-30.631751816087544,12.30452468586744,-18.327227130220102
39,75.0,-0.28719392,-0.22220528,-0.3249844,-30.58000000000004,58.38,-8.747470290210964,2.921541165565197,,,-19.01700041091864,6.351430493938739,13.0,-2.471171830992175,6.109999999999999,,-0.5,15.471171830992175,-21.747470290210963,-6.27629845921879
39,75.0,-0.29996938,-0.20645015,-0.32704705,-43.700000000000045,68.82999999999998,-8.800085893158904,2.9389516196067405,,,-19.131386731727456,6.389280821025055,18.0,-3.531399902366188,8.459999999999999,,-0.5,21.53139990236619,-26.800085893158904,-5.268685990792717
39,82.0,-0.23699528,-0.19501784,-0.3802855,164.90999999999997,-74.22000000000003,8.072322902098154,2.6912044958045587,,,17.549229989161386,5.850678573879111,4.0,13.32638805261344,1.88,,0.5,-9.32638805261344,4.072322902098154,-5.254065150515286
39,82.0,-0.23653154,-0.19817337,-0.3781935,183.23,-71.12,8.174976704239555,2.705999630897417,,,17.77239935501679,5.882843197570984,4.0,14.806828469349108,1.88,,0.5,-10.806828469349108,4.174976704239555,-6.631851765109554
39,82.0,-0.24517679,-0.1998401,-0.37101138,186.25,-69.01999999999998,8.263455763510239,2.7209444678288297,,,17.96475282987126,5.915333273059875,4.0,15.050874869924526,1.88,,0.5,-11.050874869924526,4.263455763510239,-6.787419106414287
39,83.0,-0.2643342,-0.13528639,-0.39592049,95.61,-9.680000000000009,72.86256782466965,37.476844367088816,,,158.40322245083183,81.47465965405108,9.0,7.726250450005284,4.23,,0.5,1.273749549994716,63.862567824669654,65.13631737466437
39,83.0,-0.26519352,-0.14213228,-0.40282357,84.98000000000002,-10.810000000000002,75.13969981031293,38.336870329211706,,,163.35370738762032,83.34435609570625,29.0,6.867239444006371,13.63,,0.5,22.132760555993627,46.13969981031293,68.27246036630656
39,83.0,-0.26391456,-0.14003953,-0.40091842,314.59000000000003,473.72,77.38402502757872,39.16854141589947,,,168.23287040995612,85.15240903816544,41.0,25.422038793715743,19.27,,0.5,15.577961206284257,36.384025027578716,51.96198623386297
39,85.0,-0.38406429,-0.110925,-0.44981709,-406.45,23.379999999999995,-55.78839038996375,1.4070977882619218,-406.45,23.379999999999995,-121.2839607077812,3.059030591681413,0.0,-32.84525149466214,0.0,-14.780363172597966,-0.5,32.84525149466214,-55.78839038996375,-22.943138895301608
39,85.0,-0.38259926,-0.10976797,-0.44638959,-271.78,96.05999999999996,-55.41651730764249,1.4108484434897548,-271.78,96.05999999999996,-120.47550862681476,3.0671845161467246,0.0,-21.962559850459527,0.0,-9.883151932706788,-0.5,21.962559850459527,-55.41651730764249,-33.453957457182966
39,85.0,-0.38373312,-0.11184244,-0.44821283,-287.92999999999995,98.29999999999995,-55.207316333047686,1.4150338337603614,-287.92999999999995,98.29999999999995,-120.02070570804568,3.0762835545950225,0.0,-23.26764242307312,0.0,-10.470439090382904,-0.5,23.26764242307312,-55.207316333047686,-31.939673909974566
39,85.0,-0.39709276,-0.11530567,-0.44289705,662.3599999999999,448.4,-45.123208215598765,1.537749979528968,-287.92999999999995,98.29999999999995,-98.09785466071172,3.343068455495974,0.0,52.62189904857693,0.0,-10.470439090382904,-0.5,-52.62189904857693,-45.123208215598765,-97.74510726417569
39,85.0,-0.39740664,-0.11576148,-0.44281799,361.1300000000001,1189.23,-44.79555448498383,1.5426912471079106,-287.92999999999995,98.29999999999995,-97.38553545035484,3.353810771212593,0.0,29.182939284702528,0.0,-10.470439090382904,-0.5,-29.182939284702528,-44.79555448498383,-73.97849376968637
39,85.0,-0.39195088,-0.11499789,-0.43934131,170.1500000000001,748.22,-44.35994673032258,1.547669455019502,-287.92999999999995,98.29999999999995,-96.43852419172129,3.364633395212401,0.0,13.74983280063173,0.0,-10.470439090382904,-0.5,-13.74983280063173,-44.35994673032258,-58.109779530954306
39,85.0,-0.39220425,-0.11505206,-0.439886,-197.11,86.34000000000003,-25.84087986263776,1.732932237169596,-287.92999999999995,98.29999999999995,-56.178072821374485,3.7673946836067,0.0,-15.928472191199054,0.0,-10.470439090382904,-0.5,15.928472191199054,-25.84087986263776,-9.912407671438705
39,85.0,-0.39254096,-0.11657622,-0.44054869,-194.33000000000004,88.23000000000002,-25.15201613820423,1.7395308251391055,-287.92999999999995,98.29999999999995,-54.680483084456,3.781740013852417,0.0,-15.703820206563403,0.0,-10.470439090382904,-0.5,15.703820206563403,-25.15201613820423,-9.448195931640829
39,85.0,-0.39052814,-0.11599066,-0.43724129,-242.51,40.35000000000002,-24.45181473148333,1.7455510193007466,-287.92999999999995,98.29999999999995,-53.15824522624476,3.794827915959825,0.0,-19.597249206471925,0.0,-10.470439090382904,-0.5,19.597249206471925,-24.45181473148333,-4.854565525011406
39,85.0,-0.37864101,-0.10841478,-0.50130314,-206.11,31.970000000000027,1.745873745677722,2.038545337082918,-287.92999999999995,98.29999999999995,3.795529523103368,4.431797562818264,0.0,-16.655762788940372,0.0,-10.470439090382904,0.5,16.655762788940372,1.745873745677722,18.401636534618095
39,85.0,-0.37629798,-0.10738636,-0.50117803,-188.38,33.129999999999995,2.5559929118884592,2.047274615794949,-287.92999999999995,98.29999999999995,5.55672859044551,4.45077501473822,0.0,-15.223000311389972,0.0,-10.470439090382904,0.5,15.223000311389972,2.5559929118884592,17.77899322327843
39,85.0,-0.37799582,-0.10700236,-0.50161546,-164.01999999999998,30.230000000000015,3.053710175700865,2.0551704009544984,-287.92999999999995,98.29999999999995,6.638765921973681,4.46794045167508,0.0,-13.254467093503466,0.0,-10.470439090382904,0.5,13.254467093503466,3.053710175700865,16.308177269204332
39,85.0,-0.24164236,-0.16204484,-0.33225495,123.55999999999996,-106.64999999999998,6.736628418913262,2.5775193758796355,-287.92999999999995,98.29999999999995,14.645430182717432,5.603527123162328,32.0,9.984891806324152,15.04,-10.470439090382904,0.5,22.01510819367585,-25.263371581086737,-3.2482633874108897
39,85.0,-0.24311747,-0.15958191,-0.33518997,110.14999999999998,-115.27999999999996,6.727597753841919,2.591182675739104,-287.92999999999995,98.29999999999995,14.625797516852332,5.633231137056812,32.0,8.90122881568959,15.04,-10.470439090382904,0.5,23.098771184310408,-25.27240224615808,-2.1736310618476713
39,85.0,-0.24490339,-0.15683374,-0.33911222,97.39999999999998,-110.20999999999998,6.882029868694022,2.6022058254228124,-287.92999999999995,98.29999999999995,14.961532934540802,5.657195464469194,32.0,7.870900468889388,15.04,-10.470439090382904,0.5,24.12909953111061,-25.117970131305977,-0.9888706001953667
39,86.0,-0.24712944,-0.11415633,-0.34406057,98.22000000000004,-111.39,8.031166897435373,2.913876031740847,,,17.4597568350245,6.334766493004602,41.0,7.937164723350268,19.27,,0.5,33.062835276649736,-32.96883310256463,0.09400217408510514
39,86.0,-0.24823812,-0.11551557,-0.34435421,87.39999999999998,-111.64999999999998,8.14709794172845,2.934702621366013,,,17.71179092531765,6.380043498849712,41.0,7.062799804732366,19.27,,0.5,33.937200195267636,-32.85290205827155,1.0842981369960842
39,86.0,-0.2501497,-0.11592048,-0.34561044,100.19000000000004,-100.95,8.15841619095592,2.9505119264264765,,,17.73639679913817,6.414412928051159,38.0,8.096360554189204,17.86,,0.5,29.903639445810796,-29.84158380904408,0.06205563676671666
39,87.0,-0.27105993,-0.09756381,-0.3545292,143.45000000000005,-3.589999999999975,10.567704096133546,3.80188079277825,,,22.97418870499433,8.265288843499915,38.0,11.592204027332478,17.86,,0.5,26.40779597266752,-27.432295903866454,-1.0244999311989318
39,87.0,-0.31286302,-0.08746468,-0.35753134,152.11,-8.230000000000018,10.638137520590302,3.836832652854008,,,23.127310969763315,8.341274187304611,22.0,12.292019202492456,10.34,,0.5,9.707980797507544,-11.361862479409698,-1.6538816819021545
39,87.0,-0.33952671,-0.09117487,-0.35780343,-37.52999999999997,1.6299999999999957,10.71825722337926,3.863448250417509,,,23.301491203626508,8.399136496407664,11.0,-3.0328017925813,5.17,,0.5,14.0328017925813,-0.28174277662074054,13.751059015960559
39,88.0,-0.25017637,-0.1465603,-0.34816411,462.5700000000001,-97.18,13.652692557603014,4.994809897951846,462.5700000000001,-97.18,29.68095362022895,10.858716718147315,38.0,37.38031242191135,17.86,16.821140589860107,0.5,0.6196875780886515,-24.347307442396986,-23.727619864308334
39,88.0,-0.27846044,-0.13985214,-0.3379418,567.99,376.14,13.81919519876798,5.048690234430876,462.5700000000001,-97.18,30.042930362121584,10.975852569652726,20.0,45.89930962345466,9.4,16.821140589860107,0.5,-25.899309623454663,-6.18080480123202,-32.080114424686684
39,88.0,-0.31765401,-0.13798757,-0.32951778,578.58,368.9,13.944883679480414,5.093610567698364,462.5700000000001,-97.18,30.31617711919042,11.073509374176243,1.0,46.75508822679696,0.47,16.821140589860107,0.5,-45.75508822679696,12.944883679480414,-32.810204547316545
39,89.0,-0.26411206,-0.18995957,-0.32394326,167.64,-102.82999999999998,7.744667520315905,3.361461908736349,,,16.836907189166777,7.307818189592823,23.0,13.546999533928307,10.81,,0.5,9.453000466071693,-15.255332479684096,-5.802332013612403
39,89.0,-0.26587325,-0.18884999,-0.32526276,168.39,-91.0,7.784467336468085,3.3774405231021114,,,16.923431989481617,7.3425556972239905,22.0,13.607607083740085,10.34,,0.5,8.392392916259915,-14.215532663531915,-5.823139747272
39,89.0,-0.26519853,-0.18831298,-0.32655597,157.57000000000005,-112.35000000000002,7.848796579170832,3.3935675336138478,,,17.06328376311739,7.377615818076504,22.0,12.733242165122194,10.34,,0.5,9.266757834877806,-14.151203420829168,-4.884445585951362
39,90.0,-0.37533489,-0.13889073,-0.32817695,-62.200000000000045,35.98000000000002,5.79841058215796,2.3663155680682246,-331.0,136.26,12.605744605611404,5.144370044980319,0.0,-5.026386131056678,0.0,-12.036659392618835,0.5,5.026386131056678,5.79841058215796,10.824796713214639
39,90.0,-0.34675074,-0.17260081,-0.28650656,-68.80999999999995,-25.54000000000002,5.817835573679074,2.379544455070948,-331.0,136.26,12.647974537178303,5.173129645324241,0.0,-5.560540670064461,0.0,-12.036659392618835,0.5,5.560540670064461,5.817835573679074,11.378376243743535
39,90.0,-0.30971685,-0.19928843,-0.2478071,-73.37,-48.329999999999984,5.857921354507846,2.389565824532048,-331.0,136.26,12.735121024700058,5.194916102532671,6.0,-5.929034572920068,2.82,-12.036659392618835,0.5,11.929034572920068,-0.14207864549215365,11.786955927427915
39,90.0,-0.30884409,-0.13939244,-0.30266652,-331.0,136.26,8.822667926505016,3.119317706882508,-331.0,136.26,19.180480072221904,6.781396694762571,30.0,-26.74813198359741,14.1,-12.036659392618835,0.5,56.74813198359741,-21.177332073494984,35.57079991010242
39,90.0,-0.30986604,-0.1409999,-0.30197883,-315.37,137.25,8.921074680998235,3.145572838878872,-315.37,137.25,19.39441635649016,6.838475351722668,27.0,-25.485070645519983,12.69,-11.468281790483994,0.5,52.48507064551998,-18.078925319001765,34.406145326518214
39,90.0,-0.30532736,-0.14123324,-0.29727629,-207.5,124.39999999999998,9.075171273110143,3.1684000229483797,-315.37,137.25,19.72942234774145,6.888101649889776,29.0,-16.768088781258196,13.63,-11.468281790483994,0.5,45.7680887812582,-19.924828726889857,25.84326005436834
39,94.0,-0.39438102,-0.12294478,-0.41192302,522.8699999999999,602.2,-7.831109800716987,2.4509067287297013,,,-17.02483270675873,5.32827122825837,15.0,42.253159426778176,7.05,,-0.5,-27.253159426778176,-22.831109800716987,-50.08426922749516
39,94.0,-0.38745967,-0.12187632,-0.40941375,520.53,591.44,-7.862044648549791,2.463212634151552,,,-17.092085065947245,5.355024266645473,20.0,42.06406387136544,9.4,,-0.5,-22.06406387136544,-27.86204464854979,-49.92610851991523
39,94.0,-0.39244145,-0.1214594,-0.41121,544.49,583.3,-7.901862891076744,2.4756509688385058,,,-17.17864992520084,5.382065206254912,13.0,44.00027306268567,6.109999999999999,,-0.5,-31.00027306268567,-20.901862891076746,-51.90213595376242
39,94.0,-0.27261594,-0.10733613,-0.34642875,226.45000000000005,-167.38,-21.73464718739818,7.117553460867128,,,-47.25112298540365,15.473561223925136,32.0,18.29943953983576,15.04,,-0.5,13.70056046016424,-53.73464718739818,-40.03408672723394
39,95.0,-0.25274053,-0.10899051,-0.35629097,0.0,0.0,11.13861705303852,3.969763767588794,253.9,-183.43,24.21535347330574,8.63026643073804,32.0,0.0,15.04,9.232954138326049,0.5,32.0,-20.86138294696148,11.13861705303852
39,95.0,-0.24380754,-0.11252793,-0.36361706,0.0,0.0,11.234976491209338,4.001316198027053,253.9,-183.43,24.4248388918891,8.698861414510812,32.0,0.0,15.04,9.232954138326049,0.5,32.0,-20.765023508790662,11.234976491209338
39,95.0,-0.23939736,-0.12314059,-0.36488926,242.76,-163.62,11.639546636752772,4.1290919589589326,253.9,-183.43,25.304374388300527,8.976645918776718,32.0,19.61745172307585,15.04,9.232954138326049,0.5,12.382548276924151,-20.360453363247228,-7.9779050863230765
39,95.0,-0.23978052,-0.12336329,-0.3664428,246.03,-162.31,11.74505652380298,4.16310105652401,253.9,-183.43,25.53375288274768,9.050581696883198,32.0,19.8817006402552,15.04,9.232954138326049,0.5,12.1182993597448,-20.25494347619702,-8.13664411645222
39,95.0,-0.23813088,-0.12173039,-0.36291617,253.9,-183.43,11.852598657366196,4.197618259794426,253.9,-183.43,25.76754948111411,9.12562209679308,35.0,20.51767586294677,16.45,9.232954138326049,0.5,14.48232413705323,-23.147401342633806,-8.665077205580575
39,95.0,-0.24357292,-0.12122446,-0.36643514,351.80999999999995,-200.23,12.673944594525004,4.575747612206712,351.80999999999995,-200.23,27.55315554849736,9.947675308937391,29.0,28.42978946570817,13.63,12.793405259568678,0.5,0.5702105342918316,-16.326055405474996,-15.755844871183164
39,95.0,-0.24520853,-0.12120461,-0.37006184,354.52,-199.84,12.688494123270868,4.600549836414384,354.52,-199.84,27.584786223990864,10.001595344364873,29.0,28.648784745694726,13.63,12.891953135562629,0.5,0.35121525430527356,-16.311505876729132,-15.960290622423859
39,95.0,-0.25221497,-0.12012674,-0.37380865,355.75,-198.25,12.769668488788666,4.638209309163638,355.75,-198.25,27.76125929462656,10.083467038121748,26.0,28.74818112738604,12.22,12.93668150732372,0.5,-2.74818112738604,-13.230331511211334,-15.978512638597374
39,98.0,-0.26186642,-0.19596015,-0.36012638,129.41999999999996,-134.82999999999998,9.630131032569867,3.683844009310053,,,20.93590486480689,8.008676876240052,4.0,10.458438795520168,1.88,,0.5,-6.458438795520168,5.630131032569867,-0.8283077629503008
39,98.0,-0.26179123,-0.19543424,-0.35983476,138.11,-155.42000000000002,9.716006294960737,3.712164906969993,,,21.12259768524464,8.070246507752767,4.0,11.160678272672628,1.88,,0.5,-7.160678272672628,5.716006294960737,-1.4446719777118915
39,98.0,-0.26210466,-0.19518088,-0.36075708,157.83000000000004,-150.5,9.823852986601423,3.755469845907008,,,21.35705639287149,8.164391445001836,4.0,12.754252782390276,1.88,,0.5,-8.754252782390276,5.823852986601423,-2.930399795788853
39,99.0,-0.2875351,-0.27166373,-0.384642,78.37,-24.45999999999998,6.376771033495417,1.9236187910843603,292.41,-139.29000000000002,13.863100226819036,4.1819472518174,-21.0,6.333084904998579,-9.87,10.633352184276958,0.5,-27.33308490499858,27.376771033495416,0.04368612849683817
39,99.0,-0.27996656,-0.26137677,-0.36003411,481.32,493.56,6.4068094059617495,1.9320410580331824,292.41,-139.29000000000002,13.928403648560844,4.200257260164139,-18.0,38.89550116720575,-8.459999999999999,10.633352184276958,0.5,-56.89550116720575,24.40680940596175,-32.488691761244
39,99.0,-0.26644814,-0.23357087,-0.31995621,508.27,504.26,6.3714621540176255,1.9405321840505927,292.41,-139.29000000000002,13.851558722834318,4.21871696812599,-10.0,41.073332457108926,-4.699999999999999,10.633352184276958,0.5,-51.073332457108926,16.371462154017625,-34.7018703030913
39,99.0,-0.26840705,-0.23292819,-0.35382572,178.94000000000003,-78.85000000000002,10.60804528242176,3.053988453109447,292.41,-139.29000000000002,23.061890443984908,6.639370897059939,-5.0,14.460153284425749,-2.35,10.633352184276958,0.5,-19.46015328442575,15.60804528242176,-3.8521080020039893
39,99.0,-0.25864527,-0.27208298,-0.37985045,292.41,-139.29000000000002,10.66430552246263,3.0765743152531217,292.41,-139.29000000000002,23.18420020583376,6.688472561360285,-18.0,23.629671520615464,-8.459999999999999,10.633352184276958,0.5,-41.62967152061546,28.66430552246263,-12.965365998152834
39,99.0,-0.26502153,-0.31095642,-0.44130334,306.01,-145.3,10.832364492509628,3.095255215079173,306.01,-145.3,23.54956040671593,6.729084837582121,-30.0,24.728688423869013,-14.1,11.127909790741056,0.5,-54.728688423869016,40.832364492509626,-13.896323931359385
39,101.0,-0.25947052,-0.36067566,-0.32322344,-250.12,-155.08999999999995,-9.6676925049697,3.034386297928859,-250.12,-155.08999999999995,-21.017563505804127,6.596755811697339,-26.0,-20.212213811895424,-12.22,-9.095496215352942,-0.5,-5.787786188104576,16.3323074950303,10.544521306925724
39,101.0,-0.26163271,-0.36337173,-0.32522628,-230.8,-149.79000000000002,-9.818192844262644,3.055063342524005,-250.12,-155.08999999999995,-21.344751243426987,6.641707706647186,-26.0,-18.65096332874405,-12.22,-9.095496215352942,-0.5,-7.3490366712559485,16.181807155737356,8.832770484481408
39,101.0,-0.25982183,-0.35837451,-0.3228941,-211.1,-153.94,-9.886449314859776,3.078106098608356,-250.12,-155.08999999999995,-21.49314081050515,6.6918026583745664,-26.0,-17.05900502035473,-12.22,-9.095496215352942,-0.5,-8.940994979645271,16.113550685140225,7.172555705494952
39,101.0,-0.24646644,-0.43712258,-0.48316985,-374.88,129.76999999999998,-12.77062079596965,4.034625688131552,-374.88,129.76999999999998,-27.763329610438017,8.771276245997992,-31.0,-30.29407769791842,-14.57,-13.63233496406329,-0.5,-0.7059223020815786,18.22937920403035,17.52345690194877
39,101.0,-0.1998871,-0.45202842,-0.42869732,-426.5,96.75,-12.9459105523519,4.070391745373111,-426.5,96.75,-28.14440954081303,8.849031654441143,-39.0,-34.46549332629697,-18.33,-15.509471996833636,-0.5,-4.534506673703028,26.0540894476481,21.51958277394507
39,101.0,-0.1998871,-0.45202842,-0.42869732,-481.27,47.75999999999999,-13.07898549415775,4.106784419154836,-481.27,47.75999999999999,-28.433714464298948,8.928149327242611,-39.0,-38.89146066388497,-18.33,-17.501157298748236,-0.5,-0.10853933611502953,25.92101450584225,25.81247516972722
39,103.0,-0.28415486,-0.16951577,-0.33456236,119.19000000000004,-123.48000000000002,10.951772316908167,4.182401132362978,,,23.809153016958355,9.092540061757116,11.0,9.631751816087544,5.17,,0.5,1.3682481839124563,-0.048227683091832674,1.3200205008206236
39,103.0,-0.28322867,-0.16906485,-0.33417192,125.14999999999998,-125.70999999999998,11.0055891847778,4.218669571930787,,,23.92615088770694,9.17138764937753,11.0,10.113379811925125,5.17,,0.5,0.8866201880748754,0.005589184777800682,0.8922093728526761
39,103.0,-0.27631283,-0.16754468,-0.33561307,128.13,-137.67000000000002,11.03306795867992,4.2518313468784665,,,23.985889742170144,9.243481348113784,11.0,10.354193809843917,5.17,,0.5,0.6458061901560832,0.033067958679920295,0.6788741488360035
39,104.0,-0.26686752,-0.39812469,-0.39061454,272.92999999999995,397.18,-14.33947870268451,4.509387376258619,272.92999999999995,397.18,-31.174026699636123,9.803408155986236,-29.0,22.055491426837587,-13.63,9.924971142076917,-0.5,-51.05549142683759,14.66052129731549,-36.39497012952209
39,104.0,-0.25402111,-0.41480833,-0.38476878,375.93000000000006,440.21,-14.409530867231917,4.553620959151095,272.92999999999995,397.18,-31.326320105362186,9.89957196519448,-30.0,30.378928267654917,-14.1,9.924971142076917,-0.5,-60.37892826765491,15.590469132768083,-44.788459134886835
39,104.0,-0.24428545,-0.42314833,-0.3902089,376.05,437.37,-14.575116652355629,4.598689323714286,272.92999999999995,397.18,-31.68630360222113,9.997550589754857,-31.0,30.38862547562479,-14.57,9.924971142076917,-0.5,-61.38862547562479,16.42488334764437,-44.96374212798042
39,104.0,-0.21143273,-0.45849037,-0.38218334,-502.61,301.9,-21.86917272169256,7.010421735457605,-502.61,301.9,-47.543581496959625,15.240656852884833,-45.0,-40.61594748119606,-21.15,-18.277176366538228,-0.5,-4.384052518803941,23.13082727830744,18.7467747595035
39,104.0,-0.21019201,-0.45969713,-0.38283032,-600.53,55.30000000000001,-22.16134385941692,7.108459984800303,-600.53,55.30000000000001,-48.17876155037238,15.453792006955856,-45.0,-48.52886918462161,-21.15,-21.83799113307973,-0.5,3.5288691846216125,22.83865614058308,26.367525325204692
39,104.0,-0.20713738,-0.45830145,-0.38662231,-617.3199999999999,66.04000000000002,-22.48298201069829,7.208855530737376,-617.3199999999999,66.04000000000002,-48.87800289125808,15.67205192382306,-45.0,-49.88567019974125,-21.15,-22.44855158988356,-0.5,4.885670199741249,22.51701798930171,27.40268818904296
39,105.0,-0.28925651,-0.1510015,-0.36547047,137.77999999999997,-77.98000000000002,10.619048270941926,3.005682767911148,273.42,38.84000000000003,23.085810941027745,6.534354337438835,15.0,11.13401095075544,7.05,9.942789761721578,0.5,3.8659890492445594,-4.380951729058074,-0.5149626798135145
39,105.0,-0.28571719,-0.15073445,-0.3652176,167.87,-94.27999999999996,10.729693072978694,3.02352363434664,273.42,38.84000000000003,23.326352740655683,6.573140381069594,26.0,13.565585849203922,12.22,9.942789761721578,0.5,12.434414150796078,-15.270306927021306,-2.8358927762252275
39,105.0,-0.28450963,-0.15231627,-0.36602661,173.42999999999995,-111.85000000000002,10.749156519599495,3.04563144769544,273.42,38.84000000000003,23.368666273609307,6.621202767289885,22.0,14.01488981847522,10.34,9.942789761721578,0.5,7.98511018152478,-11.250843480400505,-3.265733298875725
39,105.0,-0.29203877,-0.13951977,-0.36917642,273.42,38.84000000000003,13.359924130156235,3.6651010783492106,273.42,38.84000000000003,29.04447505895966,7.967929744331185,15.0,22.095088359381283,7.05,9.942789761721578,0.5,-7.095088359381283,-1.6400758698437645,-8.735164229225047
39,105.0,-0.28763655,-0.13507108,-0.36569339,272.5,16.299999999999955,13.558055038579685,3.6935587831801504,272.5,16.299999999999955,29.475211653872236,8.029796794633645,15.0,22.02074309827884,7.05,9.909334394225478,0.5,-7.020743098278839,-1.4419449614203153,-8.462688059699154
39,105.0,-0.28932154,-0.12841901,-0.36729911,309.25,25.289999999999964,13.693188448398692,3.722419752014912,309.25,25.289999999999964,29.76899168681876,8.09254054088042,15.0,24.99051303905589,7.05,11.245730867575151,0.5,-9.990513039055891,-1.3068115516013084,-11.2973245906572
39,105.0,-0.29380882,-0.18892406,-0.39261523,143.61,76.01999999999998,19.35588436801379,5.109425088428234,309.25,25.289999999999964,42.079692616061976,11.10789014224298,0.0,11.60513363795899,0.0,11.245730867575151,0.5,-11.60513363795899,19.35588436801379,7.750750730054801
39,105.0,-0.29116711,-0.21497065,-0.39818284,94.30999999999996,-5.779999999999973,19.64083075004136,5.181098882691764,309.25,25.289999999999964,42.69916605058991,11.263708970971896,4.0,7.621197363664865,1.88,11.245730867575151,0.5,-3.621197363664865,15.64083075004136,12.019633386376494
39,105.0,-0.29972583,-0.3042956,-0.48477086,114.69000000000004,-16.810000000000002,19.647839730946075,5.254687857725703,309.25,25.289999999999964,42.714403575076766,11.42369140269568,-24.0,9.268106517216884,-11.28,11.245730867575151,0.5,-33.268106517216886,43.647839730946075,10.37973321372919
39,106.0,-0.27194837,-0.12541696,-0.36106017,168.13,332.88,11.766211914758465,3.281928738805604,528.0999999999999,195.99,25.579744702684906,7.134913078163384,37.0,13.586596466472002,17.39,19.204108233359538,0.5,23.413403533527998,-25.233788085241535,-1.8203845517135377
39,106.0,-0.27485254,-0.1242869,-0.36494255,295.30999999999995,550.22,11.823008126883485,3.3053338208935914,528.0999999999999,195.99,25.703219667844696,7.185795726622667,37.0,23.864020713221,17.39,19.204108233359538,0.5,13.135979286779001,-25.176991873116513,-12.041012586337514
39,106.0,-0.27603272,-0.1247597,-0.36610413,331.44000000000005,530.99,11.826969163943906,3.331481231283271,528.0999999999999,195.99,25.71183096241405,7.24264019680983,37.0,26.783688412820325,17.39,19.204108233359538,0.5,10.216311587179675,-25.173030836056093,-14.95671924887642
39,106.0,-0.27145296,-0.09680913,-0.37846124,420.1099999999999,584.8399999999999,13.08488318388407,3.614561322860248,528.0999999999999,195.99,28.446536041763967,7.858056315898176,29.0,33.949117001900625,13.63,19.204108233359538,0.5,-4.949117001900625,-15.91511681611593,-20.864233818016555
39,106.0,-0.27063766,-0.09295367,-0.37532979,368.55,486.67,13.2297865747911,3.6423794841940778,528.0999999999999,195.99,28.761556013595847,7.918532998637923,29.0,29.782549977507024,13.63,19.204108233359538,0.5,-0.7825499775070242,-15.7702134252089,-16.552763402715925
39,106.0,-0.26326752,-0.09295835,-0.37086427,528.0999999999999,195.99,13.372949083943212,3.6677173885888488,528.0999999999999,195.99,29.07279130849254,7.973617602792157,29.0,42.67579607413231,13.63,19.204108233359538,0.5,-13.675796074132307,-15.627050916056788,-29.302846990189096
39,106.0,-0.26108605,-0.09205052,-0.38255385,439.81,-36.02999999999997,15.131280735157288,4.081011237189259,439.81,-36.02999999999997,32.89540431823195,8.872118429649447,30.0,35.54107531028996,14.1,15.993483889630484,0.5,-5.541075310289962,-14.868719264842712,-20.409794575132672
39,106.0,-0.25923878,-0.0899667,-0.37937963,448.54,-35.64999999999998,15.292349342217854,4.124043530599876,448.54,-35.64999999999998,33.245567469981616,8.96567063552413,30.0,36.24654719009904,14.1,16.31094623554457,0.5,-6.246547190099037,-14.707650657782146,-20.954197847881183
39,106.0,-0.25883588,-0.08752776,-0.37568387,453.62,-38.839999999999975,15.508259053770573,4.17287667974807,453.62,-38.839999999999975,33.71495518289722,9.071833901772305,43.0,36.65706232749081,20.21,16.495678047370866,0.5,6.342937672509187,-27.491740946229427,-21.14880327372024
39,106.0,-0.29459402,-0.13160089,-0.40314779,223.86,-23.680000000000007,19.506543533697105,5.27097435408114,453.62,-38.839999999999975,42.40722564225751,11.4590982457724,0.0,18.090141467819087,0.0,16.495678047370866,0.5,-18.090141467819087,19.506543533697105,1.4164020658780174
39,106.0,-0.30562535,-0.20718201,-0.434715,121.04999999999995,-20.08999999999997,19.84504375650977,5.34692463491476,453.62,-38.839999999999975,43.14312512665224,11.624214156304689,-8.0,9.782058539620742,-3.76,16.495678047370866,0.5,-17.782058539620742,27.84504375650977,10.062985216889029
39,106.0,-0.31471622,-0.28638333,-0.50871491,126.87,-11.389999999999986,20.08768527905789,5.432670878029011,453.62,-38.839999999999975,43.67062779667185,11.81062648883507,-21.0,10.252373126160132,-9.87,16.495678047370866,0.5,-31.25237312616013,41.087685279057894,9.835312152897759
39,107.0,-0.28364915,-0.12407267,-0.37585887,0.0,0.0,11.447855941994796,3.684657347453645,,,24.887638817896686,8.010445073364224,30.0,0.0,14.1,,0.5,30.0,-18.552144058005204,11.447855941994796
39,107.0,-0.28726688,-0.12191936,-0.3769421,33.860000000000014,-127.60000000000002,11.530743584785071,3.71152467512292,,,25.06783655332275,8.068854643717229,30.0,2.736228848835676,14.1,,0.5,27.263771151164324,-18.46925641521493,8.794514735949395
39,107.0,-0.29144374,-0.12213617,-0.37902167,38.59000000000003,-138.25,11.60835824534211,3.738742664161574,,,25.236570825373747,8.128026551887263,29.0,3.118460462981949,13.63,,0.5,25.88153953701805,-17.39164175465789,8.489897782360162
39,107.0,-0.29810899,-0.13598038,-0.38467601,68.44000000000005,-134.42000000000002,14.54620553007443,4.481049167787212,,,31.62345082238181,9.7418008907694,4.0,5.53064094549066,1.88,,0.5,-1.53064094549066,10.54620553007443,9.01556458458377
39,107.0,-0.29566893,-0.18045712,-0.37785885,70.05999999999995,-132.44,14.666274780987916,4.519383278095045,,,31.88448137386773,9.825139246578628,0.0,5.661553253084088,0.0,,0.5,-5.661553253084088,14.666274780987916,9.004721527903827
39,107.0,-0.30323154,-0.27642024,-0.42999348,66.85000000000002,-129.75,14.755026930245709,4.558395591665202,,,32.07742854635416,9.909952016280153,-21.0,5.402152939889691,-9.87,,0.5,-26.40215293988969,35.755026930245705,9.352873990356018
39,108.0,-0.2905727,-0.27737293,-0.39568433,518.79,418.8,9.250117268533788,2.371768146204868,264.42999999999995,322.74,20.109754941792456,5.156223949849383,-18.0,41.923454355802114,-8.459999999999999,9.615872638036851,0.5,-59.923454355802114,27.25011726853379,-32.67333708726832
39,108.0,-0.28127387,-0.23447715,-0.35333318,264.42999999999995,322.74,8.976985350177188,2.3842800951205194,264.42999999999995,322.74,19.515966151285205,5.18342492679201,0.0,21.36860586230412,0.0,9.615872638036851,0.5,-21.36860586230412,8.976985350177188,-12.39162051212693
39,108.0,-0.2811453,-0.20699155,-0.3497659,179.60000000000002,-108.57,8.899604670647935,2.3969469785223554,264.42999999999995,322.74,19.34774055398861,5.210962731307601,0.0,14.513487928260108,0.0,9.615872638036851,0.5,-14.513487928260108,8.899604670647935,-5.613883257612173
39,108.0,-0.28445888,-0.18522668,-0.34877956,429.48,-215.06,7.842874007912608,2.520413208053161,429.48,-215.06,17.05040809320201,5.4793783143075725,13.0,34.706307324215764,6.109999999999999,15.617838295897094,0.5,-21.706307324215764,-5.157125992087392,-26.86343331630316
39,108.0,-0.28408423,-0.17993951,-0.34854054,435.03,-204.67,7.710899852881548,2.534919428252884,435.03,-204.67,16.763496280164485,5.510914837021768,13.0,35.154803192822904,6.109999999999999,15.819661436770309,0.5,-22.154803192822904,-5.289100147118452,-27.443903339941357
39,108.0,-0.28725228,-0.18136838,-0.35094747,449.88,-199.79,7.6337541260563535,2.5496213240765604,449.88,-199.79,16.59578147004651,5.542876758542443,7.0,36.35483267909608,3.29,16.35967470559324,0.5,-29.354832679096077,0.6337541260563535,-28.721078553039725
39,108.0,-0.27604392,-0.14152111,-0.35413432,29.25,9.889999999999986,10.408337169659262,2.7882783542380007,449.88,-199.79,22.627725006839235,6.061717142113414,15.0,2.363694442659288,7.05,16.35967470559324,0.5,12.636305557340712,-4.591662830340738,8.044642726999975
39,108.0,-0.27631918,-0.14494804,-0.35660306,113.39999999999998,-83.39999999999998,10.617797195026478,2.803598164745278,449.88,-199.79,23.083091101987563,6.0950224101562345,15.0,9.163861531540622,7.05,16.35967470559324,0.5,5.836138468459378,-4.382202804973522,1.453935663485856
39,108.0,-0.27549967,-0.14425807,-0.35563022,0.0,0.0,10.829778380100826,2.822500888793528,449.88,-199.79,23.543938198339195,6.13611693223713,22.0,0.0,10.34,16.35967470559324,0.5,22.0,-11.170221619899174,10.829778380100826
39,108.0,-0.28235218,-0.13452886,-0.35760015,201.29999999999995,-157.5,11.303027815422258,3.374868167009444,449.88,-199.79,24.572782470727983,7.336963395078529,22.0,16.26706636948084,10.34,16.35967470559324,0.5,5.73293363051916,-10.696972184577742,-4.9640385540585825
39,108.0,-0.28070453,-0.13136961,-0.35571402,328.87,-161.31,11.272151405239365,3.400035301348864,328.87,-161.31,24.505657154990374,7.391676745132431,22.0,26.576006542131967,10.34,11.959202943959385,0.5,-4.576006542131967,-10.727848594760635,-15.303855136892603
39,108.0,-0.28359148,-0.12761033,-0.35797787,340.46000000000004,-160.56,11.297715184134049,3.423050082590535,340.46000000000004,-160.56,24.56123281030742,7.441710879551822,26.0,27.51259521188996,12.22,12.380667845350482,0.5,-1.512595211889959,-14.702284815865951,-16.21488002775591
39,108.0,-0.28290343,-0.12635043,-0.37075517,494.7000000000001,-46.75999999999999,16.434672756657122,4.010962605281168,494.7000000000001,-46.75999999999999,35.72897857297258,8.719832703881261,15.0,39.97673985584787,7.05,17.989532935131543,0.5,-24.976739855847867,1.4346727566571218,-23.542067099190746
39,108.0,-0.2803551,-0.18503956,-0.36904883,509.04,-39.51999999999998,16.660902162016118,4.052242216676744,509.04,-39.51999999999998,36.22080130022304,8.809574579055242,0.0,41.13555620824902,0.0,18.51100029371206,0.5,-41.13555620824902,16.660902162016118,-24.474654046232903
39,108.0,-0.27362648,-0.28297809,-0.43372893,503.76,-145.58,17.081895916681905,4.10373021313672,503.76,-145.58,37.13604172286646,8.921509483359229,-24.0,40.70887905757412,-11.28,18.318995575908357,0.5,-64.70887905757412,41.0818959166819,-23.626983140892218
39,109.0,-0.26980257,-0.09120721,-0.37444186,110.39999999999998,-116.01999999999998,14.56055678858433,4.338102924424312,256.32000000000005,-130.86,31.65465045838233,9.431035757698451,37.0,8.921431332293515,17.39,9.32095630065275,0.5,28.078568667706485,-22.43944321141567,5.639125456290815
39,109.0,-0.26709688,-0.09216252,-0.3733013,136.04999999999995,-166.26999999999998,14.621180619411003,4.387203072239705,256.32000000000005,-130.86,31.786446666599524,9.537779479049115,39.0,10.994209535856276,18.33,9.32095630065275,0.5,28.005790464143722,-24.378819380588997,3.626971083554727
39,109.0,-0.26730689,-0.09181506,-0.37265068,256.32000000000005,-130.86,14.87654906158089,4.459994245029352,256.32000000000005,-130.86,32.34161765987685,9.696027488693812,39.0,20.713236223672777,18.33,9.32095630065275,0.5,18.286763776327223,-24.12345093841911,-5.836687162091886
39,110.0,-0.29363763,-0.16014348,-0.37716964,269.14,-156.63,9.631405158240312,3.1476109980481075,269.14,-156.63,20.93867481401444,6.842906309756586,5.0,21.749221275122075,2.35,9.787149573804934,0.5,-16.749221275122075,4.631405158240312,-12.117816116881762
39,110.0,-0.2955766,-0.15796466,-0.37847677,256.77,-173.5,9.701452695429552,3.169602633991476,256.77,-173.5,21.090958159863845,6.890716126297468,7.0,20.74960075355984,3.29,9.337320339101929,0.5,-13.74960075355984,2.701452695429552,-11.048148058130288
39,110.0,-0.29573774,-0.15635274,-0.37715727,263.77,-178.81,9.801798205387051,3.1918604495308016,263.77,-178.81,21.30910929851145,6.939104617279962,11.0,21.31527121846976,5.17,9.59187204831139,0.5,-10.31527121846976,-1.1982017946129488,-11.51347301308271
39,110.0,-0.27994213,-0.11297296,-0.37108091,140.76,-121.99,12.78667808533558,3.999893269604071,263.77,-178.81,27.798238157519556,8.69576796811925,45.0,11.374824948674236,21.15,9.59187204831139,0.5,33.62517505132576,-32.21332191466442,1.4118531366613443
39,110.0,-0.28543574,-0.1122387,-0.37499785,273.04999999999995,-101.07999999999998,13.010383658611,4.0340412087742905,273.04999999999995,-101.07999999999998,28.284574073820316,8.770005587875309,43.0,22.065188634807477,20.21,9.929334885663364,0.5,20.934811365192523,-29.989616341389002,-9.054804976196477
39,110.0,-0.28113511,-0.11366685,-0.37108308,287.64,-105.54000000000002,13.128649982546964,4.068712824931159,287.64,-105.54000000000002,28.5416850620571,8.845381681400339,42.0,23.244207503812564,19.74,10.459893376715652,0.5,18.755792496187436,-28.871350017453036,-10.1155575212656
39,111.0,-0.28293508,-0.37664503,-0.37345943,-133.82000000000005,-45.75,-10.483972209689291,3.473828893376231,,,-22.79215558386452,7.552104014199926,-24.0,-10.814003087749269,-11.28,,-0.5,-13.185996912250731,13.516027790310709,0.33003087805997744
39,111.0,-0.28478676,-0.37875783,-0.37358961,-141.38,-22.360000000000014,-10.61297241087446,3.497976751695179,,,-23.072602021241075,7.60460145818532,-26.0,-11.424927189851967,-12.22,,-0.5,-14.575072810148033,15.38702758912554,0.8119547789775066
39,111.0,-0.28585538,-0.37657478,-0.37212065,-150.0,-5.660000000000025,-10.681132278226052,3.5200124452074544,,,-23.22078157286344,7.652507055881005,-24.0,-12.121509962355324,-11.28,,-0.5,-11.878490037644676,13.318867721773948,1.4403776841292721
39,112.0,-0.2572937,-0.35104379,-0.51037645,-393.29,-62.589999999999975,6.735883986571746,2.301940464342456,-393.29,-62.589999999999975,14.643811786806976,5.0044185694805,-24.0,-31.7817910206315,-11.28,-14.301805959284174,0.5,7.781791020631498,30.735883986571746,38.517675007203245
39,112.0,-0.26187667,-0.35020763,-0.51582444,-396.46,-65.61000000000001,6.7743769018427935,2.3139483076020317,-396.46,-65.61000000000001,14.727495384606232,5.030523620726815,-24.0,-32.03795893116928,-11.28,-14.417081519026176,0.5,8.037958931169278,30.774376901842793,38.81233583301207
39,112.0,-0.26928419,-0.34246451,-0.52634656,-49.700000000000045,74.98000000000002,6.900582177835361,2.3260666283466294,-396.46,-65.61000000000001,15.001865654614074,5.056868850025572,-24.0,-4.0162603008604005,-11.28,-14.417081519026176,0.5,-19.983739699139598,30.90058217783536,10.916842478695761
39,112.0,-0.28726852,-0.15018637,-0.36588797,-91.87,-99.32,10.64666686596196,3.4238536615624384,-396.46,-65.61000000000001,23.145853766601302,7.443457860236742,7.0,-7.424020801610558,3.29,-14.417081519026176,0.5,14.424020801610558,3.6466668659619597,18.070687667572518
39,112.0,-0.28645778,-0.14897202,-0.36522603,-75.87,-95.92000000000002,10.807158862600613,3.4495570018001107,-396.46,-65.61000000000001,23.49476336729373,7.49933692191344,7.0,-6.131059738959323,3.29,-14.417081519026176,0.5,13.131059738959323,3.8071588626006125,16.938218601559935
39,112.0,-0.28514257,-0.14931987,-0.36470222,-83.5,-97.76,10.925853056198642,3.4756084253127666,-396.46,-65.61000000000001,23.75280454417585,7.555972716629955,7.0,-6.74764054571113,3.29,-14.417081519026176,0.5,13.74764054571113,3.925853056198642,17.673493601909772
39,113.0,-0.26676592,-0.15756725,-0.34283972,90.36,-46.44,10.78505003116432,3.5525780418919743,,,23.44669876775123,7.723304663073152,22.0,7.301997601322848,10.34,,0.5,14.698002398677152,-11.21494996883568,3.4830524298414716
39,113.0,-0.26620182,-0.15870659,-0.3428795,92.76,-96.69,10.884488795049444,3.58023929769933,,,23.66287864043749,7.783440233198343,22.0,7.495941760720531,10.34,,0.5,14.50405823927947,-11.115511204950556,3.388547034328913
39,113.0,-0.26346463,-0.15751588,-0.34109443,106.25,-118.29000000000002,10.934869370039683,3.594230932907762,,,23.772406010466277,7.813858048141474,23.0,8.586069556668354,10.81,,0.5,14.413930443331646,-12.065130629960317,2.348799813371329
39,114.0,-0.28008276,-0.19479395,-0.33818829,225.94000000000003,-147.01999999999998,8.995558424644424,2.9351174208592776,277.28,-142.37,19.556344015176972,6.38094527294807,15.0,18.25822640596375,7.05,10.08315684708565,0.5,-3.2582264059637502,-6.004441575355576,-9.262667981319327
39,114.0,-0.27734619,-0.19528486,-0.3405301,231.36,-144.08999999999995,9.121135447214412,2.952369158558499,277.28,-142.37,19.82934846224413,6.418450550706177,15.0,18.69621696593685,7.05,10.08315684708565,0.5,-3.6962169659368485,-5.878864552785588,-9.575081518722437
39,114.0,-0.27989998,-0.19502281,-0.34087107,11.059999999999944,-125.48000000000002,9.054637936399596,2.9757135922468256,277.28,-142.37,19.68478287373272,6.469201349544598,15.0,0.8937593345576614,7.05,10.08315684708565,0.5,14.10624066544234,-5.945362063600404,8.160878601841935
39,114.0,-0.27800575,-0.18037412,-0.343808,277.28,-142.37,10.65661628236499,3.417787187684429,277.28,-142.37,23.16748379786149,7.430269346025948,11.0,22.40701521574589,5.17,10.08315684708565,0.5,-11.40701521574589,-0.3433837176350103,-11.7503989333809
39,114.0,-0.27838689,-0.18016183,-0.34382915,279.94000000000005,-140.69,10.729013641215902,3.4434196156335366,279.94000000000005,-140.69,23.32487565600337,7.485994244387308,11.0,22.621969992411664,5.17,10.17988649658525,0.5,-11.621969992411664,-0.27098635878409816,-11.892956351195762
39,114.0,-0.28078279,-0.18164456,-0.34406352,284.22,-141.11,10.86590412779069,3.4746345155702327,284.22,-141.11,23.62247557381696,7.553855436849687,11.0,22.96783707667087,5.17,10.335526684501891,0.5,-11.967837076670872,-0.13409587220930952,-12.101932948880181
39,114.0,-0.27341306,-0.16858582,-0.34104139,377.4,-133.0,12.76486353970064,3.962811080721559,377.4,-133.0,27.75081333530919,8.615151289488667,26.0,30.49771906528599,12.22,13.723973579378695,0.5,-4.497719065285992,-13.23513646029936,-17.73285552558535
39,114.0,-0.27238905,-0.16889258,-0.34262064,383.69000000000005,-136.60000000000002,12.99205596144307,3.9929668244208143,383.69000000000005,-136.60000000000002,28.24472966017723,8.68070987629085,26.0,31.006014383040764,12.22,13.952706472368344,0.5,-5.006014383040764,-13.00794403855693,-18.013958421597692
39,114.0,-0.27440384,-0.16590735,-0.34104183,392.56,-133.38,13.050055632039422,4.023500586975548,392.56,-133.38,28.3708209440537,8.74709027608484,27.0,31.722799672148035,12.69,14.275259852466617,0.5,-4.722799672148035,-13.949944367960578,-18.67274404010861
39,114.0,-0.26971069,-0.14550224,-0.34540102,546.47,418.78,15.081792259909244,4.579572194782139,392.56,-133.38,32.787816373042695,9.95598995145637,23.0,44.16027699418876,10.81,14.275259852466617,0.5,-21.160276994188763,-7.918207740090756,-29.07848473427952
39,114.0,-0.26634488,-0.13943897,-0.35052779,545.6400000000001,413.27,15.270976889896462,4.6524163848953295,392.56,-133.38,33.199103758634905,10.114353220762446,18.0,44.09320463906373,8.459999999999999,14.275259852466617,0.5,-26.093204639063728,-2.7290231101035385,-28.82222774916727
39,114.0,-0.26041159,-0.13076831,-0.34803247,548.5799999999999,414.34,15.36935341612465,4.708491405338597,392.56,-133.38,33.41297432665499,10.23626031520611,18.0,44.330786234325885,8.459999999999999,14.275259852466617,0.5,-26.330786234325885,-2.6306465838753503,-28.961432818201235
39,115.0,-0.2674782,-0.17711456,-0.35110006,40.99000000000001,-78.91000000000003,8.760068935712525,3.3658013498010617,,,19.04438986623903,7.317252134467508,11.0,3.312404622379632,5.17,,0.5,7.687595377620368,-2.2399310642874752,5.447664313332893
39,115.0,-0.26666993,-0.17786627,-0.35154685,24.19000000000005,-54.44,8.80537634803096,3.38876090258567,,,19.142888180619305,7.367166202221247,13.0,1.95479550659584,6.109999999999999,,0.5,11.04520449340416,-4.1946236519690405,6.85058084143512
39,115.0,-0.26528114,-0.177587,-0.35227022,25.100000000000023,-63.94999999999999,8.86950379996038,3.41202969808868,,,19.282301261113865,7.4177525636447905,13.0,2.028332667034125,6.109999999999999,,0.5,10.971667332965875,-4.1304962000396195,6.841171132926256
39,116.0,-0.23390147,-0.36314678,-0.37603554,-435.39,-86.94,-11.80986465197969,3.886840016606784,-435.39,-86.94,-25.674645753403848,8.449990196103148,-29.0,-35.18389481673256,-13.63,-15.832752667529652,-0.5,6.183894816732561,17.19013534802031,23.37403016475287
39,116.0,-0.23418419,-0.36207989,-0.37704498,-436.87,-93.05,-11.916994682405123,3.926896439960984,-436.87,-93.05,-25.907546439548742,8.537072860475178,-29.0,-35.303493715027805,-13.63,-15.886572171762513,-0.5,6.303493715027805,17.083005317594875,23.38649903262268
39,116.0,-0.23279399,-0.3645525,-0.37880269,-434.71,-97.70999999999998,-12.138367980546535,3.957456605310699,-434.71,-97.70999999999998,-26.38881198970817,8.603510659945458,-29.0,-35.12894397156989,-13.63,-15.80802478720645,-0.5,6.128943971569889,16.861632019453467,22.990575991023356
39,116.0,-0.24123381,-0.37967801,-0.37496662,-363.08,-104.64,-13.29222895829538,4.395999358412756,-363.08,-104.64,-28.897305755334155,9.55690260518933,-29.0,-29.34051891421313,-13.63,-13.203233511395911,-0.5,0.3405189142131313,15.70777104170462,16.048289955917753
39,116.0,-0.2358893,-0.37987515,-0.37733802,-367.54,-103.99,-13.426560233131555,4.4169715054690455,-367.54,-103.99,-29.189341946828005,9.602496052889704,-30.0,-29.700931810427168,-14.1,-13.365419314692224,-0.5,-0.2990681895728322,16.573439766868447,16.27437157729561
39,116.0,-0.22751197,-0.37904137,-0.38014036,-372.46,-100.38,-13.473619224006516,4.455200857598541,-372.46,-100.38,-29.291648192990163,9.685606664419227,-31.0,-30.098517337192423,-14.57,-13.544332801736592,-0.5,-0.9014826628075774,17.526380775993484,16.624898113185907
39,116.0,-0.22619432,-0.41119722,-0.38158765,-387.06,-88.11000000000001,-16.011744147250603,5.290183675350187,-387.06,-88.11000000000001,-34.80953177612281,11.500859310211307,-34.0,-31.27834430686168,-15.98,-14.075254938087754,-0.5,-2.7216556931383202,17.988255852749397,15.266600159611077
39,116.0,-0.22951642,-0.41520718,-0.38439879,-392.63,-84.35000000000002,-16.254353297214596,5.349749351818508,-392.63,-84.35000000000002,-35.33696406814453,11.630355090853437,-31.0,-31.728456376797133,-14.57,-14.27780536955871,-0.5,0.7284563767971335,14.745646702785404,15.474103079582537
39,116.0,-0.22653106,-0.41414395,-0.38407677,-398.01,-84.31,-16.406195564157027,5.40445376718072,-398.01,-84.31,-35.667069156477375,11.749282489850884,-31.0,-32.163214534113614,-14.57,-14.473446540351128,-0.5,1.1632145341136138,14.593804435842973,15.757018969956587
39,117.0,-0.27050617,-0.37387171,-0.34270647,-310.73,-90.08999999999996,-9.689367027690302,5.055997296969219,-310.73,-90.08999999999996,-21.06468391819872,10.991738123611082,-29.0,-25.11011193735113,-13.63,-11.29955037180801,-0.5,-3.8898880626488683,19.310632972309698,15.42074490966083
39,117.0,-0.26780146,-0.37400109,-0.34441486,-239.97000000000003,-93.70999999999998,-9.84652653147644,5.094387145260269,-310.73,-90.08999999999996,-21.406348679429776,11.075197653795822,-31.0,-19.39199163777605,-14.57,-11.29955037180801,-0.5,-11.608008362223948,21.153473468523558,9.545465106299611
39,117.0,-0.2716006,-0.37411216,-0.34336007,-268.37,-146.82999999999998,-9.931986689581487,5.133344017871451,-268.37,-146.82999999999998,-21.59213906315016,11.159889894852537,-31.0,-21.686997523981987,-14.57,-9.759148885791896,-0.5,-9.313002476018013,21.068013310418515,11.7550108344005
39,117.0,-0.27785885,-0.39262658,-0.3460134,-319.19,-98.99,-11.267093441464914,5.811365060837652,-319.19,-98.99,-24.49466114174472,12.633907642261054,-29.0,-25.79376509922797,-13.63,-11.607194294652588,-0.5,-3.2062349007720314,17.732906558535085,14.526671657763055
39,117.0,-0.26610965,-0.39180103,-0.35001537,-321.16,-104.60000000000002,-11.36691157139977,5.861364133706034,-321.16,-104.60000000000002,-24.7116657562231,12.742605626676916,-30.0,-25.952960930066904,-14.1,-11.678832418530106,-0.5,-4.047039069933096,18.63308842860023,14.586049358667134
39,117.0,-0.26013106,-0.38783225,-0.35000327,-310.71,-105.77999999999996,-11.441246674918478,5.912174405343476,-310.71,-105.77999999999996,-24.87327027127277,12.853067157216715,-31.0,-25.10849573602281,-14.57,-11.298823081210266,-0.5,-5.89150426397719,19.558753325081522,13.667249061104332
39,117.0,-0.26140907,-0.39060211,-0.35140464,-367.39,-99.75,-12.054740100416767,6.199315152449769,-367.39,-99.75,-26.207004978306056,13.477311141425796,-33.0,-29.68881030046481,-15.51,-13.359964635209163,-0.5,-3.3111896995351913,20.945259899583235,17.634070200048043
39,117.0,-0.26067373,-0.39053777,-0.34877777,-379.87,-100.87,-12.138672452294124,6.245401197855776,-379.87,-100.87,-26.389473911287425,13.577502204138456,-35.0,-30.69731992933278,-16.45,-13.813793968199752,-0.5,-4.302680070667218,22.861327547705876,18.558647477038658
39,117.0,-0.2622093,-0.39378637,-0.35135454,-382.0,-98.2,-12.25463189450344,6.30259308668636,-382.0,-98.2,-26.64156973865048,13.701837370456149,-35.0,-30.869445370798225,-16.45,-13.8912504168592,-0.5,-4.130554629201775,22.74536810549656,18.614813476294785
39,117.0,-0.26213148,-0.40916055,-0.35202211,-415.63,-107.91000000000004,-13.23785002246188,6.779384554123179,-415.63,-107.91000000000004,-28.77908594883213,14.73838202066379,-31.0,-33.587087904358285,-14.57,-15.114189556961229,-0.5,2.5870879043582846,17.762149977538122,20.349237881896407
39,117.0,-0.25966635,-0.407594,-0.35391295,-425.47,-108.45999999999998,-13.391569475677604,6.839827234664893,-425.47,-108.45999999999998,-29.113272040123107,14.869784408161475,-31.0,-34.3822589578888,-14.57,-15.47201653104996,-0.5,3.3822589578888014,17.608430524322394,20.990689482211195
39,117.0,-0.25996676,-0.40484887,-0.35518315,-428.51,-109.97000000000004,-13.48172194185884,6.907453497493942,-428.51,-109.97000000000004,-29.30926350160112,15.016803903551828,-31.0,-34.62792155979253,-14.57,-15.58256470190664,-0.5,3.627921559792533,17.51827805814116,21.146199617933693
39,117.0,-0.25742218,-0.41707423,-0.34588307,-450.92,-83.33999999999997,-16.13023973966311,8.120138939942208,-450.92,-83.33999999999997,-35.0671411940276,17.653182055434364,-31.0,-36.43887514816842,-14.57,-16.39749381667579,-0.5,5.438875148168421,14.86976026033689,20.30863540850531
39,117.0,-0.26193985,-0.41785696,-0.34664598,-461.59,-81.18,-16.260089640700162,8.212019785068117,-461.59,-81.18,-35.34943487888215,17.85293101273809,-31.0,-37.30111855682395,-14.57,-16.785503350570778,-0.5,6.301118556823951,14.739910359299838,21.04102891612379
39,117.0,-0.25910985,-0.41592258,-0.34749413,-370.35,-82.73000000000002,-16.339609752120893,8.280009292374507,-370.35,-82.73000000000002,-35.52231160111082,18.00074020162218,-32.0,-29.928008097055294,-15.04,-13.467603643674884,-0.5,-2.0719919029447063,15.660390247879107,13.5883983449344
39,117.0,-0.24921876,-0.41974798,-0.3540552,-419.31,-61.04000000000002,-18.58236639611042,9.26885089033195,-419.31,-61.04000000000002,-40.39806454514405,20.15048183558166,-37.0,-33.88446894876807,-17.39,-15.24801102694563,-0.5,-3.115531051231933,18.41763360388958,15.302102552657647
39,117.0,-0.25518736,-0.4295601,-0.36352569,-66.63,-54.02999999999997,-18.94261088269238,9.38373130545537,-419.31,-61.04000000000002,-41.181236058973234,20.40023185805998,-37.0,-5.384374725278234,-17.39,-15.24801102694563,-0.5,-31.615625274721765,18.05738911730762,-13.558236157414147
39,117.0,-0.25992519,-0.42673984,-0.39923552,-92.63,-36.77999999999997,-19.159867238699,9.479476453254032,-419.31,-61.04000000000002,-41.65355137693162,20.608381809374272,-35.0,-7.485436452086489,-16.45,-15.24801102694563,-0.5,-27.51456354791351,15.840132761301,-11.674430786612511
39,118.0,-0.27127972,-0.14680311,-0.35186562,288.67,-86.19,9.618990818550747,2.9711846020308093,288.67,-86.19,20.911686039529325,6.45935532481498,22.0,23.32744187222074,10.34,10.497348842499331,0.5,-1.3274418722207386,-12.381009181449253,-13.708451053669991
39,118.0,-0.27054128,-0.14572945,-0.35099471,301.08000000000004,-85.61000000000001,9.721166920714332,2.9907407019621,301.08000000000004,-85.61000000000001,21.13381688563296,6.501870286065604,23.0,24.33029479643961,10.81,10.948632658397823,0.5,-1.3302947964396097,-13.278833079285668,-14.609127875725278
39,118.0,-0.26936916,-0.1462058,-0.35051662,304.54999999999995,-87.64999999999998,9.769676191578554,3.008552667990638,304.54999999999995,-87.64999999999998,21.239276040491777,6.540593500211647,26.0,24.61070572690209,12.22,11.07481757710594,0.5,1.38929427309791,-16.230323808421446,-14.841029535323536
39,118.0,-0.27014014,-0.14086331,-0.34667912,308.54,-82.64999999999998,10.692466284975412,3.245631899595016,308.54,-82.64999999999998,23.245421703536543,7.056003749719565,30.0,24.93313789190074,14.1,11.219912051355331,0.5,5.0668621080992615,-19.30753371502459,-14.240671606925327
39,118.0,-0.27132198,-0.14019501,-0.34760177,309.95000000000005,-83.13,10.80060305830521,3.2686923420023666,309.95000000000005,-83.13,23.480511048755528,7.1061371515131455,30.0,25.047080085546884,14.1,11.2711860384961,0.5,4.9529199144531155,-19.19939694169479,-14.246477027241674
39,118.0,-0.2708132,-0.13974443,-0.35012427,311.29,-83.61000000000001,10.844568484658746,3.2920870568053813,311.29,-83.61000000000001,23.57609188564811,7.156997261494899,30.0,25.15536557454392,14.1,11.319914508544764,0.5,4.8446344254560785,-19.155431515341256,-14.310797089885176
39,118.0,-0.26141974,-0.13119847,-0.35354391,-237.22,-17.060000000000002,12.330655002575591,3.654821217292443,311.29,-83.61000000000001,26.80684397559933,7.94558132639377,34.0,-19.169763955132865,15.98,11.319914508544764,0.5,53.169763955132865,-21.66934499742441,31.500418957708455
39,118.0,-0.26201272,-0.13190521,-0.35536751,-237.44,-19.44999999999999,12.458710238538778,3.683485387946981,311.29,-83.61000000000001,27.085236058583305,8.007897233396738,30.0,-19.18754216974432,14.1,11.319914508544764,0.5,49.18754216974432,-17.541289761461222,31.646252408283097
39,118.0,-0.26299605,-0.13041992,-0.35420907,-489.0,-441.0,12.589054989948872,3.712552256901443,311.29,-83.61000000000001,27.36860554814885,8.071088606503736,34.0,-39.51612247727835,15.98,11.319914508544764,0.5,73.51612247727834,-21.41094501005113,52.10517746722722
39,118.0,-0.26746833,-0.11259977,-0.35605112,348.75,-55.39999999999998,15.507205840998026,4.439091630137005,348.75,-55.39999999999998,33.712665498329706,9.65058520391785,41.0,28.18251066247613,19.27,12.682129798114255,0.5,12.81748933752387,-25.492794159001974,-12.675304821478104
39,118.0,-0.26981089,-0.1116716,-0.35763019,360.36,-71.57999999999998,15.637849412561312,4.495749439530384,360.36,-71.57999999999998,33.99668462290829,9.773759281539052,41.0,29.120715533562432,19.27,13.104321990103095,0.5,11.879284466437568,-25.362150587438688,-13.48286612100112
39,118.0,-0.2699936,-0.1104787,-0.35722846,365.77,-66.32,15.86215951071031,4.542071093907856,365.77,-66.32,34.484334776284214,9.874462558155676,41.0,29.55789799287137,19.27,13.301054096792118,0.5,11.442102007128629,-25.13784048928969,-13.695738482161062
39,119.0,-0.27908954,-0.11647576,-0.37008688,0.0,0.0,14.319188991776064,5.219220152010286,,,31.129916868121164,11.346584610470362,30.0,0.0,14.1,,0.5,30.0,-15.680811008223936,14.319188991776064
39,119.0,-0.27444094,-0.11749867,-0.36777496,0.0,0.0,14.4793623896037,5.283375872796953,,,31.47813383499844,11.486059147460574,30.0,0.0,14.1,,0.5,30.0,-15.5206376103963,14.4793623896037
39,119.0,-0.27313015,-0.1191875,-0.37060782,518.5899999999999,494.15,14.59689849173694,5.349004465591703,,,31.73365732103611,11.628735708196364,30.0,41.90729234251898,14.1,,0.5,-11.907292342518979,-15.40310150826306,-27.310393850782038
39,120.0,-0.17187779,-0.4618544,-0.42270613,0.0,0.0,-19.597095350384908,6.61955855371381,-293.86,283.55999999999995,-42.60408529173679,14.390920295773824,-45.0,0.0,-21.15,-10.686080752613208,-0.5,-45.0,25.402904649615092,-19.597095350384908
39,120.0,-0.17240995,-0.46080068,-0.42149878,0.0,0.0,-19.802097305472163,6.691122451796229,-293.86,283.55999999999995,-43.04975954209648,14.546500210205002,-45.0,0.0,-21.15,-10.686080752613208,-0.5,-45.0,25.197902694527837,-19.802097305472163
39,120.0,-0.17210938,-0.45804417,-0.41865614,-293.86,283.55999999999995,-20.3237339367706,6.801025554094693,-293.86,283.55999999999995,-44.18379757853928,14.785429554601864,-45.0,-23.74684611691824,-21.15,-10.686080752613208,-0.5,-21.25315388308176,24.6762660632294,3.423112180147637
39,120.0,-0.40646693,-0.1257609,-0.41644892,38.38,126.63,-38.569051016603424,12.385075867053414,-293.86,283.55999999999995,-83.84911691009584,26.92515493497412,0.0,3.1014903490346484,0.0,-10.686080752613208,-0.5,-3.1014903490346484,-38.569051016603424,-41.67054136563807
39,120.0,-0.41120458,-0.12656219,-0.4196738,-55.85000000000002,61.870000000000005,-39.467993101005845,12.578763654270482,-293.86,283.55999999999995,-85.80341700158671,27.34623218438403,0.0,-4.513242209316967,0.0,-10.686080752613208,-0.5,4.513242209316967,-39.467993101005845,-34.954750891688875
39,120.0,-0.41196579,-0.12616086,-0.42033273,19.620000000000005,-3.25,-40.50798553440286,12.773571307184898,-293.86,283.55999999999995,-88.06436055179182,27.769744021819967,0.0,1.5854935030760766,0.0,-10.686080752613208,-0.5,-1.5854935030760766,-40.50798553440286,-42.09347903747894
39,120.0,-0.39679974,-0.36694965,-0.55606031,117.54999999999995,71.25,-82.87849839475538,41.43924919737769,-293.86,283.55999999999995,-180.17785551019816,90.08892775509908,-24.0,9.499223307165783,-11.28,-10.686080752613208,-0.5,-33.499223307165785,-58.87849839475538,-92.37772170192116
39,120.0,-0.39234653,-0.36416832,-0.56195664,124.16999999999996,72.69,-84.99136541371202,42.49568270685601,-293.86,283.55999999999995,-184.77122840940996,92.38561420470496,-24.0,10.034185946837733,-11.28,-10.686080752613208,-0.5,-34.03418594683773,-60.99136541371202,-95.02555136054976
39,120.0,-0.39652628,-0.36162442,-0.56510788,113.01,45.25999999999999,-87.446183503812,43.723091751906,-293.86,283.55999999999995,-190.10800293728727,95.05400146864363,-24.0,9.1323456056385,-11.28,-10.686080752613208,-0.5,-33.1323456056385,-63.446183503811994,-96.5785291094505
39,2.0,-0.2866495,-0.15305042,-0.31825945,237.59000000000003,-76.82999999999998,9.094844740798017,1.5389321438174002,,,19.77219246649489,3.345638480659028,26.0,19.19966367970668,12.22,,0.5,6.800336320293319,-16.905155259201983,-10.104818938908664
39,2.0,-0.28579369,-0.15227862,-0.31780598,240.01,-74.88,9.129734896616668,1.54543390113666,,,19.848043665244635,3.3597733010710997,27.0,19.395224040432677,12.69,,0.5,7.604775959567323,-17.870265103383332,-10.265489143816009
39,2.0,-0.28783825,-0.15197344,-0.31831354,240.73,-77.81,9.235451434161249,1.551994876178595,,,20.077871417866557,3.374036860812266,26.0,19.45340728825198,12.22,,0.5,6.546592711748019,-16.76454856583875,-10.217955854090732
39,4.0,-0.28029138,-0.09798881,-0.37708297,346.45000000000005,-97.5,14.187201570539866,2.200561611464547,346.45000000000005,-97.5,30.84297621435367,4.784020943323926,27.0,27.996647509720013,12.69,12.598491379374009,0.5,-0.9966475097200131,-12.812798429460134,-13.809445939180147
39,4.0,-0.28320837,-0.0977261,-0.37777498,350.26,-100.82,14.26162097149134,2.2134752473289288,350.26,-100.82,31.004763992022173,4.812095187693089,27.0,28.304533862763837,12.69,12.737040238243726,0.5,-1.3045338627638365,-12.73837902850866,-14.042912891272497
39,4.0,-0.28318685,-0.09730262,-0.37837726,352.1,-100.10000000000002,14.335748884957107,2.2265209769143866,352.1,-100.10000000000002,31.16591807589675,4.840456603811875,26.0,28.45322438496873,12.22,12.803950973235931,0.5,-2.453224384968731,-11.664251115042893,-14.117475500011624
39,5.0,-0.26256609,-0.09588463,-0.35307541,-431.53,-89.01999999999998,14.466961628244746,2.217827099281351,-431.53,-89.01999999999998,31.45117457980408,4.821556113837657,29.0,-34.87196796036795,13.63,-15.692385582165576,0.5,63.87196796036795,-14.533038371755254,49.33892958861269
39,5.0,-0.25371689,-0.10099899,-0.34827513,83.45000000000005,265.17,14.612256232043537,2.230980562992784,-431.53,-89.01999999999998,31.767045048462645,4.850151743946313,29.0,6.743600042390349,13.63,-15.692385582165576,0.5,22.256399957609652,-14.387743767956463,7.868656189653188
39,5.0,-0.25037491,-0.10058817,-0.34568551,469.53,564.26,14.689297963039678,2.244277677491993,-431.53,-89.01999999999998,31.93453377164826,4.879059670867594,37.0,37.94275048416463,17.39,-15.692385582165576,0.5,-0.9427504841646268,-22.310702036960322,-23.25345252112495
39,5.0,-0.24945314,-0.08499079,-0.35291505,161.57000000000005,-117.35000000000002,16.993513465723595,2.5449701453978832,-431.53,-89.01999999999998,36.9438982744831,5.532765096094998,37.0,13.056482430785,17.39,-15.692385582165576,0.5,23.943517569215,-20.006486534276405,3.9370310349385953
39,5.0,-0.24471022,-0.08596294,-0.35142624,159.57000000000005,-119.54000000000002,17.162107233935103,2.5619712722482006,-431.53,-89.01999999999998,37.31042112657492,5.569725545867588,39.0,12.894862297953598,18.33,-15.692385582165576,0.5,26.105137702046402,-21.837892766064897,4.2672449359815054
39,5.0,-0.24356072,-0.0880862,-0.34987643,344.17,-59.98000000000002,17.263747464154733,2.579179886665827,344.17,-59.98000000000002,37.53138698707239,5.607137073611508,39.0,27.812400558292207,18.33,12.515580251231494,0.5,11.187599441707793,-21.736252535845267,-10.548653094137475
39,5.0,-0.24285096,-0.08445083,-0.35387555,2.730000000000018,-107.02999999999996,18.566090968627577,2.8856192947040142,344.17,-59.98000000000002,40.36268176579635,6.273336346686527,37.0,0.2206114813148683,17.39,12.515580251231494,0.5,36.77938851868513,-18.433909031372423,18.34547948731271
39,5.0,-0.24415365,-0.08404949,-0.35714757,5.190000000000055,-104.45999999999998,18.688045462333942,2.9069280673303126,344.17,-59.98000000000002,40.627810835114,6.319661618376099,37.0,0.4194042446974986,17.39,12.515580251231494,0.5,36.580595755302504,-18.311954537666058,18.268641217636443
39,5.0,-0.24293731,-0.08287773,-0.35718802,4.460000000000036,-103.01,18.81111296332085,2.9285161138045908,344.17,-59.98000000000002,40.89535958225953,6.366594031411179,37.0,0.3604128962140345,17.39,12.515580251231494,0.5,36.63958710378596,-18.18888703667915,18.450700067106816
39,5.0,-0.243178,-0.07647169,-0.35703519,-65.38999999999999,-66.52999999999997,20.658296180756206,3.3439484455369044,344.17,-59.98000000000002,44.91113589696399,7.269743920597229,29.0,-5.284170242922762,13.63,12.515580251231494,0.5,34.28417024292276,-8.341703819243794,25.94246642367897
39,5.0,-0.24555027,-0.07595422,-0.3586427,-66.65999999999997,-66.75,20.811713336365678,3.371597426867165,344.17,-59.98000000000002,45.24466479325898,7.329852806009217,29.0,-5.386799027270703,13.63,12.515580251231494,0.5,34.386799027270705,-8.188286663634322,26.198512363636382
39,5.0,-0.24654008,-0.07500267,-0.35997874,-66.01999999999998,-66.79000000000002,20.96697874679841,3.399629232777457,344.17,-59.98000000000002,45.58221179553975,7.390793952058189,29.0,-5.335080584764655,13.63,12.515580251231494,0.5,34.335080584764654,-8.03302125320159,26.302059331563065
39,5.0,-0.24768855,-0.07135988,-0.36602136,0.4099999999999681,-119.07,23.10898599146489,3.838840631932309,344.17,-59.98000000000002,50.23893554544467,8.345639533820837,30.0,0.0331321272304353,14.1,12.515580251231494,0.5,29.966867872769566,-6.891014008535109,23.075853864234457
39,5.0,-0.24419084,-0.0724992,-0.36483771,1.9700000000000275,-121.76,23.300973618390444,3.873895596126168,344.17,-59.98000000000002,50.65631664638082,8.42184902597829,30.0,0.1591958308389354,14.1,12.515580251231494,0.5,29.840804169161064,-6.699026381609556,23.141777787551508
39,5.0,-0.24754347,-0.07468083,-0.36172688,3.039999999999964,-120.45999999999998,23.495482769629238,3.909468900342521,344.17,-59.98000000000002,51.07917954117395,8.499185389344639,30.0,0.2456626019037316,14.1,12.515580251231494,0.5,29.75433739809627,-6.504517230370762,23.249820167725506
39,6.0,-0.23102568,-0.08618895,-0.36538342,551.5799999999999,-172.70999999999998,17.601580582560587,2.860908716605028,551.5799999999999,-172.70999999999998,38.26583618648672,6.219615549899331,26.0,44.57321643357299,12.22,20.05794739510785,0.5,-18.573216433572988,-8.398419417439413,-26.9716358510124
39,6.0,-0.23338221,-0.0881868,-0.36362875,574.6099999999999,9.069999999999991,17.785853929631507,2.8819125864504453,574.6099999999999,9.069999999999991,38.6664464430189,6.265277962943266,22.0,46.434272263126616,10.34,20.895422518406978,0.5,-24.434272263126616,-4.214146070368493,-28.64841833349511
39,6.0,-0.24260312,-0.09622089,-0.35964367,567.9200000000001,529.78,17.90251459515997,2.9031946102593054,574.6099999999999,9.069999999999991,38.920066729877774,6.311545082703731,26.0,45.89365291880557,12.22,20.895422518406978,0.5,-19.89365291880557,-8.097485404840029,-27.9911383236456
39,7.0,-0.28760526,-0.12348834,-0.33360589,358.29,-69.23000000000002,21.800158130501572,3.1038509116708024,358.29,-69.23000000000002,47.39354377571043,6.747771881972323,4.0,28.95343869608192,1.88,13.029047413236864,0.5,-24.95343869608192,17.800158130501572,-7.153280565580349
39,7.0,-0.30323148,-0.12956949,-0.32320639,364.88,-68.24000000000001,21.90181836732664,3.13454094378138,364.88,-68.24000000000001,47.614553130568105,6.814492011780718,4.0,29.4859770337614,1.88,13.268689665192628,0.5,-25.4859770337614,17.90181836732664,-7.58415866643476
39,7.0,-0.32466722,-0.1306199,-0.3209694,375.46,-55.48000000000002,22.074897583190985,3.165746884959205,375.46,-55.48000000000002,47.9908273458572,6.882333727901308,4.0,30.340947536439533,1.88,13.65342639139779,0.5,-26.340947536439533,18.074897583190985,-8.266049953248547
39,8.0,-0.29760021,-0.16144127,-0.28728253,359.86,-115.5,12.26540891692591,1.8965838890360576,359.86,-115.5,26.664998985396927,4.12317337476439,6.0,29.080310500354575,2.82,13.08613972515956,0.5,-23.080310500354575,6.26540891692591,-16.814901583428664
39,8.0,-0.27468306,-0.17496456,-0.2911559,379.92,-34.06,12.32161146401805,1.9063477666621005,379.92,-34.06,26.78718332277524,4.144400044723406,18.0,30.70136043265356,8.459999999999999,13.815612194694102,0.5,-12.701360432653559,-5.67838853598195,-18.37974896863551
39,8.0,-0.27047345,-0.18527856,-0.3153072,377.39,-35.77999999999997,12.30934174074756,1.916211264652314,377.39,-35.77999999999997,26.760508944385197,4.165843289354129,20.0,30.496910964621836,9.4,13.723609934079825,0.5,-10.496910964621836,-7.690658259252441,-18.187569223874277
39,8.0,-0.27084565,-0.15766142,-0.34590858,60.39999999999998,-52.360000000000014,12.83563449259014,2.020410626591403,377.39,-35.77999999999997,27.90466938689096,4.392372702209711,38.0,4.880928011508408,17.86,13.723609934079825,0.5,33.11907198849159,-25.164365507409862,7.954706481081732
39,8.0,-0.27257141,-0.15776412,-0.34491152,59.10000000000002,-45.85000000000002,12.898154453819853,2.031421014317861,377.39,-35.77999999999997,28.040587782604355,4.416309285127031,37.0,4.775874925167999,17.39,13.723609934079825,0.5,32.224125074832,-24.101845546180147,8.122279528651854
39,8.0,-0.26966822,-0.15659814,-0.34603962,56.01999999999998,-41.14999999999998,13.03030004464025,2.0425473724789525,377.39,-35.77999999999997,28.3278722970479,4.440497987769245,38.0,4.5269799206076335,17.86,13.723609934079825,0.5,33.47302007939237,-24.96969995535975,8.503320124032616
39,8.0,-0.28697872,-0.11428669,-0.35302454,-18.860000000000014,-28.149999999999977,22.49889681478586,3.688340078800508,377.39,-35.77999999999997,48.912601675344455,8.018451331312303,26.0,-1.5240778526001435,12.22,13.723609934079825,0.5,27.524077852600144,-3.5011031852141414,24.022974667386002
39,8.0,-0.30919325,-0.11763436,-0.34543797,33.85000000000002,-29.870000000000005,22.68000768930349,3.721066495956146,377.39,-35.77999999999997,49.306336716545786,8.08959856220866,4.0,2.73542074817152,1.88,13.723609934079825,0.5,1.2645792518284802,18.68000768930349,19.94458694113197
39,8.0,-0.32437965,-0.12018052,-0.32383531,41.09000000000003,-24.889999999999983,22.862946275468143,3.754268476871952,377.39,-35.77999999999997,49.70404520286774,8.161779668719621,4.0,3.320485629021204,1.88,13.723609934079825,0.5,0.6795143709787959,18.862946275468143,19.54246064644694
39,9.0,-0.28498265,-0.11804208,-0.36174396,31.33000000000004,-43.110000000000014,22.05532405804997,3.667042299617025,,,47.94827450220063,7.97214995936741,4.0,2.531779380803952,1.88,,0.5,1.4682206191960478,18.05532405804997,19.523544677246015
39,9.0,-0.32512146,-0.12975778,-0.35676,28.980000000000015,-35.24000000000001,22.22706244525957,3.702772537422604,,,48.3216337559943,8.049827496356741,0.0,2.34187572472705,0.0,,0.5,-2.34187572472705,22.22706244525957,19.88518672053252
39,9.0,-0.34364772,-0.14857987,-0.33248165,29.789999999999964,-31.670000000000016,22.34189140110205,3.732442080756849,,,48.57127190599585,8.11432908356539,0.0,2.407331878523764,0.0,,0.5,-2.407331878523764,22.34189140110205,19.934559522578287
39,10.0,-0.26166004,-0.09765679,-0.36632714,575.06,-108.58999999999996,21.36173307745196,3.4104477168614267,575.06,-108.58999999999996,46.44040771038056,7.41431333645674,4.0,46.47063679301368,1.88,20.911786556856157,0.5,-42.47063679301368,17.36173307745196,-25.108903715561723
39,10.0,-0.25004044,-0.09296745,-0.35710165,609.05,-107.01999999999998,21.53877928421838,3.442061968057544,609.05,-107.01999999999998,46.82530616389075,7.483042718557101,4.0,49.217370950483385,1.88,22.147816927717525,0.5,-45.217370950483385,17.53877928421838,-27.678591666265007
39,10.0,-0.24200751,-0.0901033,-0.34914097,614.21,-106.22000000000004,21.633690832588115,3.4712306721108632,614.21,-106.22000000000004,47.03164387004656,7.546455481169016,7.0,49.634350893188426,3.29,22.33545790193479,0.5,-42.634350893188426,14.633690832588115,-28.00066006060031
39,10.0,-0.23843516,-0.07830311,-0.36263448,799.46,-49.89999999999998,29.031022759966262,4.8760495572981934,799.46,-49.89999999999998,63.11344348016665,10.600531737566277,29.0,58.16142910137332,13.63,26.172643095617996,0.5,-29.161429101373322,0.03102275996626247,-29.13040634140706
39,10.0,-0.23696733,-0.07576998,-0.35872462,774.48,-57.98000000000002,29.323607725776213,4.927575526679311,774.48,-57.98000000000002,63.74952319583748,10.712549195000822,29.0,57.1521113718412,13.63,25.718450117328537,0.5,-28.1521113718412,0.32360772577621333,-27.828503646064988
39,10.0,-0.24098431,-0.07966623,-0.36605406,916.97,-167.01,29.62109178917037,4.979879782731402,916.97,-167.01,64.3962535496564,10.826258647658072,29.0,62.90942455362789,13.63,28.309241049132552,0.5,-33.90942455362789,0.6210917891703716,-33.28833276445752
39,10.0,-0.24082695,-0.07647201,-0.35900179,5.17999999999995,-24.480000000000015,30.92595745537233,5.203037495776297,916.97,-167.01,67.23303150797945,11.31140351581767,29.0,0.4185961440333331,13.63,28.309241049132552,0.5,28.581403855966666,1.9259574553723304,30.507361311338997
39,10.0,-0.2433227,-0.07639115,-0.3611021,4.889999999999986,-29.670000000000016,31.36937870261022,5.259612437441916,916.97,-167.01,68.19702929947462,11.434397438998726,29.0,0.3951612247727824,13.63,28.309241049132552,0.5,28.60483877522722,2.36937870261022,30.97421747783744
39,10.0,-0.24456003,-0.0747693,-0.36099586,5.340000000000032,-32.97000000000003,31.60105659500865,5.311253025139084,916.97,-167.01,68.7006970375488,11.546664076652366,29.0,0.4315257546598521,13.63,28.309241049132552,0.5,28.56847424534015,2.60105659500865,31.1695308403488
39,10.0,-0.23819962,-0.07549091,-0.35852748,40.950000000000045,-57.360000000000014,33.886982028067564,5.6734796685105096,916.97,-167.01,73.67029892901888,12.33414479934185,30.0,3.309172219723007,14.1,28.309241049132552,0.5,26.690827780276994,3.886982028067564,30.577809808344558
39,10.0,-0.23855375,-0.07566106,-0.36004341,42.65999999999997,-57.05000000000001,34.27085259868659,5.736964508856886,916.97,-167.01,74.50483354954464,12.472160842254867,30.0,3.4473574332938512,14.1,28.309241049132552,0.5,26.552642566706147,4.270852598686588,30.823495165392735
39,10.0,-0.23703513,-0.07776326,-0.36020681,39.41999999999996,-54.51999999999998,34.69011540416085,5.807720330378061,916.97,-167.01,75.41631088864568,12.625983998241905,30.0,3.185532818106976,14.1,28.309241049132552,0.5,26.814467181893022,4.690115404160849,31.50458258605387
39,10.0,-0.2409856,-0.07191598,-0.36490306,511.8699999999999,450.44000000000005,37.73117197706336,6.28236213501782,916.97,-167.01,82.02756787813573,13.65785528152874,30.0,41.36424869620545,14.1,28.309241049132552,0.5,-11.36424869620545,7.731171977063362,-3.633076719142089
39,10.0,-0.23925005,-0.07058763,-0.36311409,514.99,446.05,38.20483568859805,6.34628905216303,916.97,-167.01,83.05731278701217,13.796832399402426,30.0,41.61637610342245,14.1,28.309241049132552,0.5,-11.616376103422454,8.204835688598052,-3.411540414824401
39,10.0,-0.24039966,-0.07091425,-0.36673379,547.4300000000001,514.72,38.641714253249575,6.417940245277151,916.97,-167.01,84.00708678656457,13.95260209323252,30.0,44.23785465794784,14.1,28.309241049132552,0.5,-14.237854657947842,8.641714253249575,-5.596140404698268
39,10.0,-0.27795997,-0.09550115,-0.35541755,372.3200000000001,-25.079999999999984,41.83535449027937,6.86947169895825,372.3200000000001,-25.079999999999984,90.95006066186735,14.934231473535236,29.0,30.087203927894222,13.63,13.539241767552404,0.5,-1.0872039278942225,12.835354490279371,11.748150562385149
39,10.0,-0.31023586,-0.113256,-0.34528935,301.49,-10.269999999999982,42.38340749836419,6.945458026512284,301.49,-10.269999999999982,92.14152790144377,15.099425749637703,11.0,24.363426923670044,5.17,10.96354211565152,0.5,-13.363426923670044,31.383407498364193,18.01998057469415
39,10.0,-0.34252295,-0.12768786,-0.33206385,76.33000000000004,-13.350000000000025,42.86401610069208,7.014085806455427,301.49,-10.269999999999982,93.1863710029046,15.248622543234092,7.0,6.168232369510549,3.29,10.96354211565152,0.5,0.831767630489451,35.86401610069208,36.695783731181535
39,12.0,-0.2767216,-0.12099567,-0.34897128,0.0,0.0,16.38031971305429,2.525798107919144,393.01,-97.29000000000002,35.61081505618003,5.49108508661622,45.0,0.0,21.15,14.291623890915798,0.5,45.0,-28.61968028694571,16.38031971305429
39,12.0,-0.27573282,-0.1171874,-0.34823346,0.0,0.0,16.407032391404904,2.5424871401512243,393.01,-97.29000000000002,35.66888841891426,5.527367042688761,45.0,0.0,21.15,14.291623890915798,0.5,45.0,-28.592967608595096,16.407032391404904
39,12.0,-0.27368617,-0.11522035,-0.34986305,393.01,-97.29000000000002,16.50356395255433,2.559368934309922,393.01,-97.29000000000002,35.87874803285311,5.5640680631897705,45.0,31.759164202035105,21.15,14.291623890915798,0.5,13.240835797964895,-28.49643604744567,-15.255600249480775
39,12.0,-0.37716866,-0.11023139,-0.52504379,949.77,194.69000000000003,21.866420101615176,3.5083780301366687,949.77,194.69000000000003,47.53759730091139,7.627213837517118,0.0,64.2347096428454,0.0,28.90561933928043,0.5,-64.2347096428454,21.866420101615176,-42.368289541230226
39,12.0,-0.37933755,-0.11084355,-0.52588624,-38.74000000000001,67.27999999999997,22.10417875586853,3.538388998379986,949.77,194.69000000000003,48.05448461525818,7.692457682478089,0.0,-3.1305819729443023,0.0,28.90561933928043,0.5,3.1305819729443023,22.10417875586853,25.234760728812834
39,12.0,-0.3799926,-0.11058454,-0.52562988,-27.649999999999977,57.64999999999998,22.275578247802343,3.5688604144867497,949.77,194.69000000000003,48.4271071107223,7.758702541094191,0.0,-2.234398336394163,0.0,28.90561933928043,0.5,2.234398336394163,22.275578247802343,24.509976584196508
39,12.0,-0.37652779,-0.10925698,-0.52273589,-278.22,-11.269999999999982,31.281673998450856,4.495428002141665,-278.22,-11.269999999999982,68.00635927263215,9.77306047665598,0.0,-22.48297667817666,0.0,-10.117339505179496,0.5,22.48297667817666,31.281673998450856,53.76465067662751
39,12.0,-0.37603608,-0.11026124,-0.52111638,-276.99,-23.519999999999985,31.84868740316961,4.5396530136816295,-276.99,-23.519999999999985,69.23904641449072,9.869205651743858,0.0,-22.38358029648534,0.0,-10.072611133418404,0.5,22.38358029648534,31.84868740316961,54.232267699654955
39,12.0,-0.37328237,-0.10893616,-0.51809633,-273.73,-26.25,32.4183790647146,4.584462735932476,-273.73,-26.25,70.47755608668953,9.966621987917204,0.0,-22.120139479970156,0.0,-9.954062765986569,0.5,22.120139479970156,32.4183790647146,54.538518544684756
39,12.0,-0.38234225,-0.10879624,-0.50651157,-321.63,-13.899999999999975,40.61192489302766,5.263599261049393,-321.63,-13.899999999999975,88.29032471744213,11.44306479352138,0.0,-25.990941661282285,0.0,-11.695923747577028,0.5,25.990941661282285,40.61192489302766,66.60286655430994
39,12.0,-0.38283718,-0.10988417,-0.50763059,-319.16,-10.509999999999993,41.23439016986112,5.315352691787041,-319.16,-10.509999999999993,89.64356422927806,11.555576751945033,0.0,-25.791340797235492,0.0,-11.606103358755972,0.5,25.791340797235492,41.23439016986112,67.02573096709662
39,12.0,-0.38513288,-0.11064513,-0.50997877,-317.73,-2.159999999999968,41.87430561427561,5.367419403741735,-317.73,-2.159999999999968,91.0347404054352,11.668769783734533,0.0,-25.67578240226105,0.0,-11.55410208101747,0.5,25.67578240226105,41.87430561427561,67.55008801653666
39,13.0,-0.29278645,-0.16373248,-0.36439863,206.49,32.579999999999984,10.159546943170168,1.645768183877513,285.69000000000005,-80.73000000000002,22.08685505445194,3.5779000317497136,25.0,16.68647061417834,11.75,10.38898254343588,0.5,8.31352938582166,-14.840453056829832,-6.526923671008172
39,13.0,-0.29300418,-0.16201642,-0.36432159,209.1,37.02999999999997,10.283537997674635,1.6525525293221357,285.69000000000005,-80.73000000000002,22.35641160694466,3.5926491987463223,26.0,16.897384887523323,12.22,10.38898254343588,0.5,9.102615112476677,-15.716462002325365,-6.613846889848688
39,13.0,-0.29357356,-0.16396432,-0.36541855,285.69000000000005,-80.73000000000002,10.309854119569936,1.66168321721395,285.69000000000005,-80.73000000000002,22.41362285594504,3.612499314223127,25.0,23.086627874301957,11.75,10.38898254343588,0.5,1.913372125698043,-14.690145880430064,-12.776773754732021
39,13.0,-0.29610035,-0.14500327,-0.37559432,156.62,-38.25999999999999,12.573047988409764,1.9457711095453505,285.69000000000005,-80.73000000000002,27.333806326802826,4.230106392151591,7.0,12.656472602027272,3.29,10.38898254343588,0.5,-5.6564726020272715,5.573047988409764,-0.08342461361750786
39,13.0,-0.29544291,-0.14342412,-0.37415403,157.67999999999995,-13.920000000000016,12.667364477846526,1.9572587685818703,285.69000000000005,-80.73000000000002,27.538850374838347,4.255080562896985,11.0,12.74213127242791,5.17,10.38898254343588,0.5,-1.74213127242791,1.667364477846526,-0.07476679458138413
39,13.0,-0.29824701,-0.1423603,-0.37552083,159.99,-12.899999999999975,12.693504881746202,1.9667499224332976,285.69000000000005,-80.73000000000002,27.595679612916243,4.27571433136999,7.0,12.92880252584819,3.29,10.38898254343588,0.5,-5.928802525848189,5.693504881746202,-0.23529764410198695
39,13.0,-0.29041013,-0.11463907,-0.38052875,414.03,-70.97000000000003,15.11419470701842,2.4997621349508226,414.03,-70.97000000000003,32.85825929305805,5.43448288138309,7.0,33.45779179809316,3.29,15.056006309141925,0.5,-26.45779179809316,8.11419470701842,-18.34359709107474
39,13.0,-0.28829902,-0.11408795,-0.37915018,417.01,-67.0,15.15497374339007,2.5147303272214803,417.01,-67.0,32.94691291813001,5.467023731379497,7.0,33.698605796011954,3.29,15.16437260820538,0.5,-26.698605796011954,8.15497374339007,-18.543632052621884
39,13.0,-0.28507417,-0.11526792,-0.37627822,458.05,59.85000000000002,15.235657775173411,2.5298625806313524,458.05,59.85000000000002,33.122320003227,5.4999212502925605,7.0,37.015050921712366,3.29,16.656772914770563,0.5,-30.015050921712366,8.235657775173411,-21.779393146538954
39,14.0,-0.32533279,-0.14400223,-0.29291591,324.08000000000004,-88.60000000000002,11.05226245816304,1.7443412599204755,324.08000000000004,-88.60000000000002,24.027618584046447,3.792197899067116,6.0,26.18892632400076,2.82,11.78501684580034,0.5,-20.18892632400076,5.052262458163041,-15.13666386583772
39,14.0,-0.30037805,-0.16291392,-0.31197768,309.45000000000005,-93.89,11.05908244655964,1.7527898382546985,309.45000000000005,-93.89,24.042445238820655,3.810565108365715,6.0,25.006675052339038,2.82,11.253003773552566,0.5,-19.006675052339038,5.059082446559639,-13.947592605779398
39,14.0,-0.29128405,-0.18102483,-0.33660737,306.38,-121.41000000000004,11.113186676248596,1.760467116119658,306.38,-121.41000000000004,24.160067834164447,3.827255510444136,13.0,24.758588148442826,6.109999999999999,11.141364666799271,0.5,-11.758588148442826,-1.8868133237514044,-13.64540147219423
39,14.0,-0.28901079,-0.13568929,-0.36611584,-72.75,-18.49000000000001,15.40112764594505,2.421912856639942,306.38,-121.41000000000004,33.482051502284534,5.2652385503352335,26.0,-5.878932331742332,12.22,11.141364666799271,0.5,31.878932331742334,-10.59887235405495,21.28005997768738
39,14.0,-0.29043549,-0.13365234,-0.36707339,24.92999999999995,-82.79000000000002,15.567127691596989,2.4361009588665192,306.38,-121.41000000000004,33.84293560153185,5.296083484575812,26.0,2.0145949557434504,12.22,11.141364666799271,0.5,23.98540504425655,-10.432872308403011,13.55253273585354
39,14.0,-0.29054794,-0.1331657,-0.36656949,37.03999999999997,-122.61,15.638403999944764,2.452050380570973,306.38,-121.41000000000004,33.99789029587991,5.330757527361294,26.0,2.9932048600376047,12.22,11.141364666799271,0.5,23.006795139962396,-10.361596000055236,12.64519913990716
39,14.0,-0.2923409,-0.13089676,-0.36844,482.46,-151.82999999999998,16.678600487814517,2.624606595694215,482.46,-151.82999999999998,36.25927746050876,5.705894739039223,26.0,38.98762464291966,12.22,17.54443108931385,0.5,-12.987624642919663,-9.321399512185483,-22.309024155105146
39,14.0,-0.29112738,-0.13372631,-0.37080762,486.6700000000001,-161.11,16.770535081358428,2.6410570705799348,486.6700000000001,-161.11,36.45914326687322,5.741658071440778,26.0,39.327835022529776,12.22,17.6975257601384,0.5,-13.327835022529776,-9.229464918641572,-22.557299941171348
39,14.0,-0.30698046,-0.14791223,-0.37181538,319.82000000000005,-127.62,16.8843486600544,2.66142716794124,319.82000000000005,-127.62,36.70657398695826,5.785942663104256,7.0,25.844675441069864,3.29,11.63010394848144,0.5,-18.844675441069864,9.8843486600544,-8.960326781015464
39,15.0,-0.29536635,-0.07377043,-0.39396071,48.27999999999997,6.5,15.949397153008253,2.666930887496208,,,34.67398941063994,5.797907749416755,45.0,3.9015100065500974,21.15,,0.5,41.0984899934499,-29.050602846991747,12.047887146458155
39,15.0,-0.2966103,-0.07277862,-0.39573738,38.24000000000001,-2.769999999999982,16.05646524961329,2.6894911003803204,,,34.90675545265929,5.846953652226816,45.0,3.090176939736452,21.15,,0.5,41.90982306026355,-28.94353475038671,12.966288309876838
39,15.0,-0.29688022,-0.07180816,-0.39390782,33.190000000000055,-18.45999999999998,16.17674495908668,2.7066537721065016,,,35.16824354105444,5.884265300559534,45.0,2.682086104337159,21.15,,0.5,42.31791389566284,-28.82325504091332,13.49465885474952
39,16.0,-0.31766424,-0.10858009,-0.35863173,361.54,-48.69,15.302343033129638,2.5105785294756267,361.54,-48.69,33.26729375402383,5.4579977230800125,4.0,29.216071411932955,1.88,13.14723213536983,0.5,-25.216071411932955,11.302343033129638,-13.913728378803317
39,16.0,-0.29839742,-0.11385585,-0.3718687,350.91,-49.13,15.315347845896383,2.5257155431328773,350.91,-49.13,33.29556621697874,5.490905590770874,7.0,28.35706040593404,3.29,12.760677182670316,0.5,-21.35706040593404,8.315347845896383,-13.041712560037656
39,16.0,-0.28861415,-0.11966359,-0.37878111,338.95000000000005,11.379999999999995,15.494346695085518,2.5461704376148946,338.95000000000005,11.379999999999995,33.684709715115915,5.5353745313747815,11.0,27.39057201160225,5.17,12.325757405221012,0.5,-16.39057201160225,4.494346695085518,-11.89622531651673
39,17.0,-0.31564015,-0.13589199,-0.38053879,-210.92,-97.88,12.991002699049623,1.719953000189978,-598.6,-6.6200000000000045,28.24243986773389,3.739177822413012,4.0,-17.0444592083999,1.88,-21.76780759039769,0.5,21.0444592083999,8.991002699049623,30.035461907449523
39,17.0,-0.31463528,-0.13523288,-0.38074923,-598.6,-6.6200000000000045,13.146882263215952,1.7332071174302408,-598.6,-6.6200000000000045,28.58132204023148,3.767992273293345,4.0,-48.37290575643931,1.88,-21.76780759039769,0.5,52.37290575643931,9.146882263215952,61.51978801965526
39,17.0,-0.31539381,-0.13495627,-0.38206133,-599.89,0.410000000000025,13.169123926171403,1.743270635160898,-599.89,0.410000000000025,28.629675415496635,3.789870360839791,4.0,-48.47715074211557,1.88,-21.81471783395201,0.5,52.47715074211557,9.169123926171403,61.64627466828697
39,17.0,-0.30707344,-0.09889147,-0.38626066,262.5,-109.02999999999996,19.905317043348944,2.830766378042741,262.5,-109.02999999999996,43.2741592522406,6.154086105864916,15.0,21.21264243412181,7.05,9.545689095354817,0.5,-6.212642434121811,4.905317043348944,-1.307325390772867
39,17.0,-0.34742397,-0.11442779,-0.3882975,270.63,-95.44,19.95589271239903,2.855160344322261,270.63,-95.44,43.38411075675549,6.207118588556597,0.0,21.869628274081474,0.0,9.841332723336665,0.5,-21.869628274081474,19.95589271239903,-1.9137355616824436
39,17.0,-0.35839719,-0.13491559,-0.3536604,284.51,-78.69,20.210997774568245,2.8854908350744246,284.51,-78.69,43.93870916191136,6.273057075451799,0.0,22.991271995931417,0.0,10.346072398169138,0.5,-22.991271995931417,20.210997774568245,-2.7802742213631717
39,25.0,-0.31016934,-0.1250771,-0.32348686,339.22,450.81,15.812523761297516,2.7675684760913484,326.04999999999995,-159.64,34.3764266570608,6.0166938670225925,4.0,27.41239072953449,1.88,11.85665496967786,0.5,-23.41239072953449,11.812523761297516,-11.599866968236974
39,25.0,-0.30760625,-0.12996991,-0.36161965,346.12,459.92,15.969019478251331,2.783855312408769,326.04999999999995,-159.64,34.71664834571839,6.052101449176664,0.0,27.96998018780283,0.0,11.85665496967786,0.5,-27.96998018780283,15.969019478251331,-12.000960709551498
39,25.0,-0.30315787,-0.12691979,-0.37217334,351.03,473.5700000000001,16.03567554307631,2.8003107457947136,326.04999999999995,-159.64,34.86155863064789,6.087875561357706,0.0,28.366757613903925,0.0,11.85665496967786,0.5,-28.366757613903925,16.03567554307631,-12.331082070827616
39,25.0,-0.27959532,-0.10340501,-0.3713975,326.04999999999995,-159.64,16.54930300477516,2.902971598314931,326.04999999999995,-159.64,35.9781847323812,6.311060254736661,7.0,26.34812215483969,3.29,11.85665496967786,0.5,-19.34812215483969,9.549303004775162,-9.798819150064528
39,25.0,-0.28016773,-0.10373148,-0.37217611,372.64,-12.899999999999975,16.736442469378936,2.920757173255449,372.64,-12.899999999999975,36.385025928429805,6.349726094657347,15.0,30.113063149147248,7.05,13.550878417116262,0.5,-15.113063149147248,1.736442469378936,-13.376620679768312
39,25.0,-0.28419989,-0.09917101,-0.3757655,380.15,-11.060000000000002,16.83735789759662,2.938747840888726,380.15,-11.060000000000002,36.60441606937505,6.388837806092091,15.0,30.71994674792917,7.05,13.823976036568128,0.5,-15.719946747929171,1.8373578975966183,-13.882588850332553
39,25.0,-0.27727851,-0.07674127,-0.37750077,459.1199999999999,-40.69,18.79851268351046,3.1689966974538804,459.1199999999999,-40.69,40.86796657395174,6.889398820264734,30.0,37.101517692777165,14.1,16.695682961749725,0.5,-7.101517692777165,-11.20148731648954,-18.303005009266705
39,25.0,-0.27626833,-0.07896134,-0.37719545,470.3800000000001,-37.19999999999999,19.02386390629548,3.189806985943621,470.3800000000001,-37.19999999999999,41.35788013228637,6.93464038744143,30.0,38.01143904061799,14.1,17.105147568278095,0.5,-8.011439040617987,-10.976136093704518,-18.987575134322505
39,25.0,-0.27572957,-0.07825107,-0.37673408,475.32,-32.49000000000001,19.194167880689623,3.2129696709997635,475.32,-32.49000000000001,41.72812097261925,6.984996064753485,35.0,38.41064076871154,16.45,17.28478834592019,0.5,-3.410640768711538,-15.805832119310377,-19.216472888021915
39,26.0,-0.26691657,-0.1167002,-0.36456391,453.12,-44.77999999999997,19.4111218100967,3.163441907027913,453.12,-44.77999999999997,42.19977881515023,6.877322705878683,26.0,36.616657294282966,12.22,16.477495782427336,0.5,-10.616657294282966,-6.588878189903301,-17.205535484186267
39,26.0,-0.2644445,-0.11492337,-0.36230409,459.73,-42.44,19.39209165487561,3.1820622998013395,459.73,-42.44,42.15840725769957,6.917803439768111,26.0,37.15081183329076,12.22,16.717865324980842,0.5,-11.15081183329076,-6.60790834512439,-17.75872017841515
39,26.0,-0.26352167,-0.11472503,-0.36241525,458.05,-40.24000000000001,19.46537995027205,3.205101915545676,458.05,-40.24000000000001,42.31773601189144,6.9678915643963,27.0,37.015050921712366,12.69,16.656772914770563,0.5,-10.015050921712366,-7.534620049727948,-17.549670971440314
39,26.0,-0.26242629,-0.10679419,-0.36570263,544.99,-71.52999999999997,22.77315705457837,4.000456283021814,544.99,-71.52999999999997,49.508843436653365,8.696991959289424,30.0,44.04067809589352,14.1,19.818305143152084,0.5,-14.040678095893519,-7.22684294542163,-21.26752104131515
39,26.0,-0.2680859,-0.10763779,-0.36738506,552.46,-67.32999999999998,22.94679933519133,4.031711299225771,552.46,-67.32999999999998,49.886341754705946,8.764940364516825,30.0,44.64432929201882,14.1,20.089948181408467,0.5,-14.644329292018817,-7.053200664808671,-21.697529956827488
39,26.0,-0.2636022,-0.10750307,-0.36533925,443.0700000000001,-59.25,23.10137188087448,4.063384725556071,443.0700000000001,-59.25,50.22238246902112,8.833798393358897,30.0,35.804516126805154,14.1,16.11203225706232,0.5,-5.804516126805154,-6.898628119125519,-12.703144245930673
39,26.0,-0.28156313,-0.11251158,-0.37446728,35.59000000000003,-1.5500000000000114,23.59061968466233,4.160918192592394,443.0700000000001,-59.25,51.28600719445591,9.045836150695866,15.0,2.876030263734842,7.05,16.11203225706232,0.5,12.123969736265158,8.590619684662329,20.71458942092749
39,26.0,-0.30201906,-0.12185164,-0.38557097,46.28999999999997,12.600000000000025,23.788435842827987,4.194283117131198,443.0700000000001,-59.25,51.71605952230804,9.118371496643224,4.0,3.74069797438285,1.88,16.11203225706232,0.5,0.2593020256171501,19.788435842827987,20.047737868445136
39,26.0,-0.31120142,-0.13174964,-0.37347397,81.13,37.329999999999984,23.92405608621668,4.228129339395258,443.0700000000001,-59.25,52.01089793143505,9.191953183845293,0.0,6.556120688305915,0.0,16.11203225706232,0.5,-6.556120688305915,23.92405608621668,17.367935397910763
39,27.0,-0.34481612,-0.12438899,-0.36581168,60.940000000000055,-2.430000000000007,12.170288742345164,2.016216421061282,,,26.458207725858387,4.383254499387226,0.0,4.924565447372894,0.0,,0.5,-4.924565447372894,12.170288742345164,7.2457232949722705
39,27.0,-0.32192153,-0.14961772,-0.3461276,102.09000000000005,-5.079999999999984,12.0036706483055,2.0251841481506725,,,26.095979989416158,4.402750338079562,0.0,8.249899680379034,0.0,,0.5,-8.249899680379034,12.0036706483055,3.7537709679264655
39,27.0,-0.29976511,-0.16989374,-0.31925055,233.5,135.20000000000005,11.836753916899209,2.0342302998437995,,,25.73310301533888,4.422416671860422,0.0,18.86915050806645,0.0,,0.5,-18.86915050806645,11.836753916899209,-7.032396591167242
39,27.0,-0.26920921,-0.13750702,-0.3443701,64.14999999999998,-62.55000000000001,14.061802703608253,2.243685537791051,,,30.57035907764434,4.877772359157744,38.0,5.183965760567292,17.86,,0.5,32.81603423943271,-23.93819729639175,8.877836943040961
39,27.0,-0.26964858,-0.13876167,-0.34742823,57.77999999999997,-69.93,14.432766755775225,2.254691281666907,,,31.37683492705533,4.901698846343857,38.0,4.669205637499268,17.86,,0.5,33.33079436250073,-23.567233244224774,9.763561118275955
39,27.0,-0.27274182,-0.14034526,-0.34781513,14.08000000000004,-63.23000000000002,14.851674083019317,2.2657931522025097,,,32.28753945648399,4.925834312888254,35.0,1.1378057351330897,16.45,,0.5,33.86219426486691,-20.14832591698068,13.713868347886226
39,27.0,-0.27838156,-0.13609029,-0.35215899,0.0,0.0,15.024628149121003,2.3584220032563925,,,32.66354159618906,5.127209435079395,29.0,0.0,13.63,,0.5,29.0,-13.975371850878997,15.024628149121003
39,27.0,-0.27993211,-0.13726526,-0.35449949,0.0,0.0,14.861663703379518,2.370499131421404,,,32.30925689114707,5.153465111710132,29.0,0.0,13.63,,0.5,29.0,-14.138336296620482,14.861663703379518
39,27.0,-0.28091916,-0.13792667,-0.35538757,2.7799999999999727,-52.29000000000002,14.78294951217564,2.3826972834771336,,,32.13813223946984,5.179983894279287,26.0,0.2246519846356497,12.22,,0.5,25.77534801536435,-11.21705048782436,14.55829752753999
39,27.0,-0.28345877,-0.12728076,-0.36014754,0.0,0.0,14.15081054941592,2.458452220234302,,,30.763862134430205,5.344675126789372,26.0,0.0,12.22,,0.5,26.0,-11.84918945058408,14.15081054941592
39,27.0,-0.28467095,-0.12726401,-0.35948414,-9.850000000000025,-77.04000000000002,14.074263878180943,2.4702074503379725,,,30.59744967116537,5.370230997034751,26.0,-0.795979154194668,12.22,,0.5,26.79597915419467,-11.925736121819057,14.870243032375612
39,27.0,-0.28702277,-0.12715934,-0.36245003,-12.730000000000018,-79.07999999999998,13.990104537981663,2.4847232229280385,,,30.41448726557213,5.401788286645557,26.0,-1.02871214547189,12.22,,0.5,27.02871214547189,-12.009895462018337,15.018816683453553
39,27.0,-0.30617395,-0.11007208,-0.37402359,69.65999999999997,-70.00999999999999,21.65515664060386,3.8030742117166856,,,47.07831053667279,8.267883336272075,4.0,5.629229226517809,1.88,,0.5,-1.6292292265178094,17.65515664060386,16.02592741408605
39,27.0,-0.32557839,-0.11306221,-0.37283936,82.84000000000003,-55.88,21.82218133640036,3.8319076150790856,,,47.44142222533439,8.330567155181932,4.0,6.694305901876769,1.88,,0.5,-2.6943059018767688,17.82218133640036,15.12787543452359
39,27.0,-0.34196946,-0.11984184,-0.36612263,368.89,347.72,21.98459829210445,3.8610877568847535,,,47.79451668703508,8.394004783467455,0.0,29.810025400088367,0.0,,0.5,-29.810025400088367,21.98459829210445,-7.825427107983916
39,29.0,-0.30894774,-0.12468961,-0.35871419,-423.89,418.63,13.353561438458488,2.3166919085835875,-804.01,-9.720000000000027,29.03064256720875,5.036488209260721,26.0,-34.25457905295198,12.22,-26.255372401111067,0.5,60.25457905295198,-12.646438561541512,47.60814049141047
39,29.0,-0.30984426,-0.12392168,-0.35903075,-804.01,-9.720000000000027,13.397053462503075,2.328389895510626,-804.01,-9.720000000000027,29.12519422748169,5.0619196328401,26.0,-58.34527200246904,12.22,-26.255372401111067,0.5,84.34527200246904,-12.602946537496925,71.74232546497211
39,29.0,-0.30955917,-0.12447295,-0.35870948,-692.75,-428.25,13.46270405467172,2.3402068654665307,-804.01,-9.720000000000027,29.26791861485632,5.087609725524239,26.0,-53.84980800776352,12.22,-26.255372401111067,0.5,79.84980800776353,-12.53729594532828,67.31251206243525
39,29.0,-0.30377761,-0.1094508,-0.37018055,407.82,-152.51,17.136280381110158,3.076817304991565,407.82,-152.51,37.25427354853348,6.689000821051662,15.0,32.95596128565165,7.05,14.83018257854324,0.5,-17.955961285651647,2.136280381110158,-15.819680904541489
39,29.0,-0.30426782,-0.10859925,-0.36899534,410.8699999999999,-150.59,17.223280864823124,3.096677116485385,410.8699999999999,-150.59,37.44341260012547,6.732176051239225,15.0,33.20243198821954,7.05,14.941094394698792,0.5,-18.202431988219537,2.223280864823124,-15.979151123396413
39,29.0,-0.30471766,-0.10999887,-0.36887583,414.21,-148.56,17.333573371953474,3.1167711409803784,414.21,-148.56,37.68318851062685,6.775860460491343,15.0,33.472337610047994,7.05,15.062551924521598,0.5,-18.472337610047994,2.3335733719534737,-16.13876423809452
39,30.0,-0.28108054,-0.11135859,-0.38302323,298.21000000000004,-52.55000000000001,13.871046951319135,2.399853280747175,298.21000000000004,-52.55000000000001,30.155656072167805,5.217281032344358,29.0,24.09836990582654,13.63,10.844266457621943,0.5,4.901630094173459,-15.128953048680865,-10.227322954507406
39,30.0,-0.27988699,-0.10776526,-0.38441503,297.34000000000003,-67.24000000000001,13.962285609845546,2.412387686450314,297.34000000000003,-67.24000000000001,30.35400891580421,5.244530830342983,29.0,24.02806514804488,13.63,10.812629316620196,0.5,4.971934851955119,-15.037714390154454,-10.065779538199335
39,30.0,-0.28069597,-0.10302306,-0.38630959,300.89,-66.57999999999998,14.032930827024584,2.4250386309913745,300.89,-66.57999999999998,30.507591617951444,5.272033983775247,29.0,24.31494088382062,13.63,10.94172339771928,0.5,4.6850591161793815,-14.967069172975416,-10.282010056796034
39,30.0,-0.26950714,-0.07208789,-0.39169344,462.98,-110.76999999999998,19.418558986883664,3.2616272830146187,462.98,-110.76999999999998,42.21594723748508,7.090777713273781,29.0,37.413444549141786,13.63,16.836050047113805,0.5,-8.413444549141786,-9.581441013116336,-17.994885562258123
39,30.0,-0.26586166,-0.0726484,-0.38997149,456.04,-121.57999999999998,19.548600967864992,3.283597842427513,456.04,-121.57999999999998,42.49865850413849,7.138541709437412,29.0,36.852622688216805,13.63,16.58368020969756,0.5,-7.852622688216805,-9.451399032135008,-17.304021720351813
39,30.0,-0.2654846,-0.07053241,-0.3880839,429.6400000000001,-146.12,19.746094210433697,3.305830657662346,429.6400000000001,-146.12,42.928008813482855,7.186875849757943,29.0,34.71923693484228,13.63,15.623656620679023,0.5,-5.719236934842279,-9.253905789566303,-14.973142724408582
39,31.0,-0.27575538,-0.12762287,-0.34938052,57.21000000000004,-42.910000000000025,14.906734501013773,4.092533824745185,,,32.40724080520394,8.897168534996032,37.0,4.623143899642323,17.39,,0.5,32.37685610035768,-22.093265498986227,10.28359060137145
39,31.0,-0.27813965,-0.12570456,-0.35159558,62.5,-44.48000000000002,14.985215370252982,4.114103050702559,,,32.57785821492998,8.94406003222736,37.0,5.0506291509813845,17.39,,0.5,31.949370849018614,-22.01478462974702,9.934586219271598
39,31.0,-0.27885905,-0.12656505,-0.35226542,21.07000000000005,-60.80000000000001,15.064609686976413,4.135897537506307,,,32.75046145948672,8.991441246538711,37.0,1.7026680993788486,17.39,,0.5,35.29733190062115,-21.93539031302359,13.361941587597563
39,32.0,-0.265306,-0.15315759,-0.35382164,270.49,-52.30000000000001,11.25301229903261,1.9516179533618008,270.49,-52.30000000000001,24.464048738096896,4.242817430608556,15.0,21.85831486478328,7.05,9.836241689152477,0.5,-6.8583148647832815,-3.7469877009673898,-10.605302565750671
39,32.0,-0.26647952,-0.15421234,-0.3556428,277.61,-47.51999999999998,11.299763661745432,1.9600610363144837,277.61,-47.51999999999998,24.56568620063457,4.261172692947687,15.0,22.43368253766308,7.05,10.095157141948386,0.5,-7.433682537663081,-3.7002363382545678,-11.133918875917649
39,32.0,-0.2652418,-0.15312229,-0.35226727,307.41,-54.70999999999998,11.412596726821514,1.968572103603777,307.41,-54.70999999999998,24.81098528410997,4.279675753234612,22.0,24.841822516851,10.34,11.178820132582947,0.5,-2.841822516851,-10.587403273178486,-13.429225790029486
39,32.0,-0.28121069,-0.12521043,-0.36073971,28.350000000000023,-42.5,18.69266962340798,3.311413796169526,307.41,-54.70999999999998,40.63786376128895,7.1990135928725465,15.0,2.2909653828851577,7.05,11.178820132582947,0.5,12.709034617114842,3.69266962340798,16.40170424052282
39,32.0,-0.30009437,-0.12131958,-0.34615138,26.840000000000032,-38.81,18.81957489769993,3.33409328248273,307.41,-54.70999999999998,40.91375582759964,7.248318796117456,7.0,2.1689421825974486,3.29,11.178820132582947,0.5,4.831057817402551,11.81957489769993,16.650632715102482
39,32.0,-0.33523592,-0.12055396,-0.33855197,19.909999999999968,-36.829999999999984,18.94820003272839,3.3570317062906367,307.41,-54.70999999999998,41.19338687115152,7.298186929475843,7.0,1.6089284223366274,3.29,11.178820132582947,0.5,5.391071577663372,11.94820003272839,17.339271610391762
39,33.0,-0.26133442,-0.15983641,-0.34804806,330.13,-158.07,11.902147874512275,2.1114057761253564,330.13,-158.07,25.875269479189686,4.590196157296523,45.0,26.677827225815754,21.15,12.00502225161709,0.5,18.322172774184246,-33.09785212548773,-14.775679351303479
39,33.0,-0.26214796,-0.1614553,-0.34971663,333.15,-82.32,11.889688814883517,2.1212067386722917,333.15,-82.32,25.84818348355676,4.61150344987356,45.0,26.921873626391168,21.15,12.114843131876023,0.5,18.078126373608832,-33.11031118511649,-15.032184811507651
39,33.0,-0.26122832,-0.16026351,-0.34805349,326.92,-156.55,11.94309582894001,2.1310951266970517,326.92,-156.55,25.96429033211558,4.633000805439389,45.0,26.418426912621342,21.15,11.888292110679606,0.5,18.581573087378658,-33.05690417105999,-14.475331083681333
39,33.0,-0.26452643,-0.15208405,-0.3563388,353.62,-72.13999999999999,13.266952478685983,2.3856191788882466,353.62,-72.13999999999999,28.842354688663328,5.18633609490305,23.0,28.5760556859206,10.81,12.859225058664268,0.5,-5.5760556859206005,-9.733047521314017,-15.309103207234617
39,33.0,-0.26445425,-0.15127365,-0.35610732,355.27,-69.99000000000001,13.333399778012607,2.39799602899057,355.27,-69.99000000000001,28.98681111739941,5.2132433670255,23.0,28.709392295506504,10.81,12.919226532977929,0.5,-5.709392295506504,-9.666600221987393,-15.375992517493897
39,33.0,-0.26462421,-0.1513838,-0.35553738,8.259999999999991,-12.810000000000002,13.378710187895791,2.410492487553017,355.27,-69.99000000000001,29.08531594848545,5.240410667940258,23.0,0.6674911485936991,10.81,12.919226532977929,0.5,22.332508851406303,-9.621289812104209,12.711219039302092
39,33.0,-0.29050422,-0.10973272,-0.36113295,34.77999999999997,19.620000000000005,25.728685507798843,4.314898503554579,355.27,-69.99000000000001,55.934162293954685,9.380589346727652,27.0,2.810574109938119,12.69,12.919226532977929,0.5,24.18942589006188,-1.2713144922011566,22.918111397860724
39,33.0,-0.30922267,-0.10476687,-0.35401788,29.850000000000023,26.389999999999983,26.017168015096537,4.3500196724434,355.27,-69.99000000000001,56.56132326481987,9.456942767891952,29.0,2.412180482508711,13.63,12.919226532977929,0.5,26.58781951749129,-2.982831984903463,23.604987532587828
39,33.0,-0.3425307,-0.10351925,-0.35774514,378.51,408.06,26.177592073506137,4.3855972425340255,355.27,-69.99000000000001,56.91008516780234,9.534288405268969,15.0,30.587418239007423,7.05,12.919226532977929,0.5,-15.587418239007423,11.177592073506137,-4.409826165501286
39,34.0,-0.31210992,-0.12802202,-0.35030603,343.57000000000005,-44.089999999999975,14.132809708471838,2.4090769106621925,343.57000000000005,-44.089999999999975,30.724728306217774,5.237333203779608,4.0,27.76391451844279,1.88,12.493761533299256,0.5,-23.76391451844279,10.132809708471838,-13.631104809970951
39,34.0,-0.28984937,-0.13505501,-0.34678206,347.96000000000004,-47.410000000000025,14.138466607626578,2.421667170833308,347.96000000000004,-47.410000000000025,30.737026404980178,5.264704429391612,7.0,28.118670710007724,3.29,12.653401819503475,0.5,-21.118670710007724,7.138466607626578,-13.980204102381146
39,34.0,-0.27142745,-0.14430833,-0.34339014,351.88,-55.23000000000002,14.276065906653857,2.434379032243433,351.88,-55.23000000000002,31.036167281065485,5.292340016097226,7.0,28.435446170357277,3.29,12.795950776660774,0.5,-21.435446170357277,7.276065906653857,-14.15938026370342
39,34.0,-0.2771956,-0.14960591,-0.35523829,396.9500000000001,-82.44999999999999,14.320422628059898,2.568847690113487,396.9500000000001,-82.44999999999999,31.132598793402217,5.584674878306721,7.0,32.07755586371297,3.29,14.43490013867084,0.5,-25.077555863712973,7.320422628059898,-17.757133235653075
39,34.0,-0.27250662,-0.14569649,-0.34964871,357.20000000000005,-69.16000000000003,14.37510640488018,2.583073706248687,357.20000000000005,-69.16000000000003,31.25148132420951,5.615602237384644,11.0,28.86535572368881,5.17,12.989410075659965,0.5,-17.86535572368881,3.3751064048801798,-14.490249318808631
39,34.0,-0.270982,-0.14392619,-0.34637725,355.25,-68.25999999999999,14.452766898357694,2.5974450021768,355.25,-68.25999999999999,31.420315237029627,5.646845434732363,15.0,28.70777609417819,7.05,12.918499242380186,0.5,-13.70777609417819,-0.5472331016423055,-14.255009195820495
39,34.0,-0.26168677,-0.11787754,-0.35436028,546.98,-220.4,19.498665327503826,3.392287544348692,546.98,-220.4,42.39009842199332,7.374833121414053,32.0,44.20149012806077,15.04,19.890670557627345,0.5,-12.201490128060769,-12.501334672496174,-24.702824800556943
39,34.0,-0.25854012,-0.12009683,-0.35402021,553.47,-222.68,19.63404242266198,3.4159064521836555,553.47,-222.68,42.68440822686715,7.426180627047266,32.0,44.72594745909868,15.04,20.126676356594405,0.5,-12.725947459098677,-12.365957577338019,-25.091905036436696
39,34.0,-0.25971401,-0.12041233,-0.35507491,576.53,-215.92,19.83697342348058,3.439808819757557,576.53,-215.92,43.125580222646775,7.478144374152929,32.0,46.58942759064476,15.04,20.965242415790144,0.5,-14.58942759064476,-12.163026576519421,-26.75245416716418
39,35.0,-0.26328254,-0.09004878,-0.34829274,222.89,-40.610000000000014,16.897750524638514,3.0499603594268594,371.9500000000001,-45.76999999999998,36.73570964056413,6.630613821393993,29.0,18.011755703395853,13.63,13.52578689149419,0.5,10.988244296604147,-12.102249475361486,-1.1140051787573384
39,35.0,-0.26633871,-0.08923393,-0.34663177,371.9500000000001,-45.76999999999998,17.09177156574858,3.0695618835783005,371.9500000000001,-45.76999999999998,37.15751138393741,6.673227534899226,30.0,30.057304203320424,14.1,13.52578689149419,0.5,-0.05730420332042385,-12.90822843425142,-12.965532637571844
39,35.0,-0.26957509,-0.08970355,-0.34792817,489.6,-60.63999999999999,17.244182726688965,3.089367328372095,489.6,-60.63999999999999,37.48885324782181,6.716284571880934,30.0,39.56460851712777,14.1,17.8040738327075,0.5,-9.564608517127773,-12.755817273311035,-22.320425790438808
39,35.0,-0.26324859,-0.08262558,-0.34479561,0.0,0.0,21.777367807008854,3.7807503978282018,489.6,-60.63999999999999,47.343997612437256,8.21935136487851,40.0,0.0,18.8,17.8040738327075,0.5,40.0,-18.222632192991146,21.777367807008854
39,35.0,-0.26178649,-0.0801217,-0.34540242,0.0,0.0,21.944296661857027,3.809313866067926,489.6,-60.63999999999999,47.706900942877176,8.28144834483167,42.0,0.0,19.74,17.8040738327075,0.5,42.0,-20.055703338142973,21.944296661857027
39,35.0,-0.26066825,-0.07745161,-0.34499469,0.0,0.0,22.114063660258644,3.838249219449851,489.6,-60.63999999999999,48.07597439740229,8.344353803083976,43.0,0.0,20.21,17.8040738327075,0.5,43.0,-20.885936339741356,22.114063660258644
39,35.0,-0.25365815,-0.07181774,-0.33735359,448.08,-28.649999999999977,26.428850440339964,4.501293558727021,448.08,-28.649999999999977,57.45632085729908,9.78581219667254,45.0,36.20937455954783,21.15,16.294218551796522,0.5,8.790625440452168,-18.571149559660036,-9.780524119207868
39,35.0,-0.25571218,-0.07501637,-0.33872688,52.78999999999997,25.860000000000014,26.667306888899912,4.539048892238663,448.08,-28.649999999999977,57.9747251764684,9.867892291726854,45.0,4.265963406084913,21.15,16.294218551796522,0.5,40.734036593915086,-18.332693111100088,22.401343482814998
39,35.0,-0.27151138,-0.08129402,-0.33133489,51.610000000000014,-1.670000000000016,26.90954229103999,4.577298343489192,448.08,-28.649999999999977,58.50134494072094,9.951046598745506,45.0,4.170607527714389,21.15,16.294218551796522,0.5,40.82939247228561,-18.09045770896001,22.738934763325602
39,35.0,-0.26597482,-0.1519901,-0.31848434,329.34000000000003,-61.95999999999998,64.49897160909751,7.418058689022278,329.34000000000003,-61.95999999999998,140.22076427817797,16.126859589934433,20.0,26.61398727334735,9.4,11.976294273006308,0.5,-6.613987273347352,44.49897160909751,37.88498433575016
39,35.0,-0.26052296,-0.15970939,-0.32463601,333.04,-60.02999999999997,65.56566362806248,7.444057660377716,333.04,-60.02999999999997,142.53975272740783,16.183381353661147,27.0,26.91298451908544,12.69,12.110843033588448,0.5,0.08701548091455891,38.56566362806248,38.65267910897704
39,35.0,-0.25352001,-0.1584022,-0.32878891,334.98,-61.39999999999998,66.58385040854434,7.528142259141948,334.98,-61.39999999999998,144.75329078817538,16.366181271374593,27.0,27.06975604793191,12.69,12.18139022156936,0.5,-0.06975604793191081,39.583850408544336,39.514094360612425
39,36.0,-0.26088393,-0.11335842,-0.35101789,-45.63999999999999,18.19999999999999,21.126972084371538,4.862345705912892,,,45.930037311423725,10.570739564654628,29.0,-3.688171431212645,13.63,,0.5,32.688171431212645,-7.873027915628462,24.815143515584182
39,36.0,-0.25828218,-0.11656171,-0.34628323,-42.110000000000014,16.100000000000023,21.17368839402539,4.8952033677896,,,46.0315985686112,10.642172121574587,27.0,-3.402911896765219,12.69,,0.5,30.402911896765218,-5.82631160597461,24.57660029079061
39,36.0,-0.26298049,-0.12616259,-0.34188038,-90.97000000000004,-3.6999999999999886,21.330386920301716,4.928431799717464,,,46.37226116473592,10.714410732585764,18.0,-7.351291741836428,8.459999999999999,,0.5,25.351291741836427,3.3303869203017165,28.681678662138143
39,39.0,-0.23869219,-0.05071089,-0.36236531,-2.730000000000018,-32.56999999999999,21.986350703636017,3.7410383372010183,546.56,-91.18,47.7983264297047,8.133017345075015,45.0,-0.2206114813148683,21.15,19.87539745507477,0.5,45.22061148131487,-23.013649296363983,22.206962184950886
39,39.0,-0.23910573,-0.05064016,-0.36686912,-3.8899999999999855,-23.29000000000002,22.15355927038594,3.769189178448105,546.56,-91.18,48.16183785381904,8.19421727394618,45.0,-0.3143511583570803,21.15,19.87539745507477,0.5,45.31435115835708,-22.84644072961406,22.46791042874302
39,39.0,-0.24051124,-0.04679098,-0.36987638,134.83000000000004,-39.77999999999997,22.35277117568697,3.800573744371299,546.56,-91.18,48.59492453594349,8.262447320263202,45.0,10.895621254829123,21.15,19.87539745507477,0.5,34.10437874517088,-22.64722882431303,11.457149920857848
39,39.0,-0.24498811,-0.05137587,-0.37310207,546.56,-91.18,22.713203034807645,4.07226788184486,546.56,-91.18,49.37850339767182,8.853110375130726,45.0,44.16754990016616,21.15,19.87539745507477,0.5,0.8324500998338422,-22.286796965192355,-21.454346865358513
39,39.0,-0.24530086,-0.05184864,-0.37518579,554.3499999999999,-86.20999999999998,22.703366048283844,4.108269703976006,554.3499999999999,-86.20999999999998,49.35711778896908,8.931378336443839,45.0,44.797060317544485,21.15,20.15867714289502,0.5,0.20293968245551497,-22.296633951716156,-22.09369426926064
39,39.0,-0.24564655,-0.05024603,-0.37518051,555.5999999999999,-92.49,22.80184968977889,4.141494926369457,555.5999999999999,-92.49,49.57122122557932,9.0036099699272,44.0,44.89807290056412,20.68,20.20413280525385,0.5,-0.8980729005641166,-21.19815031022111,-22.096223210785226
39,41.0,-0.28741002,-0.13096809,-0.37455678,335.33000000000004,-141.64999999999998,18.15848018432433,4.500727253298248,335.33000000000004,-141.64999999999998,39.47653592072109,9.784581048670391,30.0,27.09803957117741,14.1,12.194117807029834,0.5,2.9019604288225906,-11.841519815675671,-8.93955938685308
39,41.0,-0.28469443,-0.13164531,-0.37518567,341.99,-143.07,18.1993618443144,4.527351568604634,341.99,-143.07,39.565412649539496,9.842462310146471,34.0,27.636234613505984,15.98,12.436305576077691,0.5,6.363765386494016,-15.8006381556856,-9.436872769191584
39,41.0,-0.2832264,-0.13130379,-0.37443548,270.19000000000005,-78.0,18.336601960242625,4.560275051926177,270.19000000000005,-78.0,39.86377266156747,9.914037962887509,35.0,21.83407184485857,16.45,9.825332330186358,0.5,13.16592815514143,-16.663398039757375,-3.4974698846159455
39,42.0,-0.22680721,-0.40687054,-0.37794986,-248.12,-94.0,-26.362870586116426,3.643023222327315,-250.82000000000005,-101.99,-57.312880654217096,7.919932485339583,-37.0,-20.05059367906402,-17.39,-9.120951386273887,-0.5,-16.94940632093598,10.637129413883574,-6.312276907052407
39,42.0,-0.22782935,-0.40798718,-0.37943679,-249.35,-100.45999999999998,-26.55006512101188,3.68053806352042,-250.82000000000005,-101.99,-57.71984157307983,8.001489750093391,-37.0,-20.149990060755336,-17.39,-9.120951386273887,-0.5,-16.850009939244664,10.44993487898812,-6.400075060256544
39,42.0,-0.23002827,-0.41038513,-0.3791253,-250.82000000000005,-101.99,-26.81853087089218,3.7229327028672503,-250.82000000000005,-101.99,-58.30348611331959,8.093655696033402,-37.0,-20.26878085838641,-17.39,-9.120951386273887,-0.5,-16.73121914161359,10.181469129107821,-6.549750012505768
39,46.0,-0.24528481,-0.36151272,-0.31279483,-281.53,-28.680000000000007,-9.750197496408733,2.0571002432055105,-281.53,-28.680000000000007,-21.19692935719258,4.472135928728779,-15.0,-22.750457998012624,-7.05,-10.23770609910568,-0.5,7.7504579980126245,5.249802503591267,13.000260501603892
39,46.0,-0.24548566,-0.36187923,-0.31108734,-281.57,-30.660000000000025,-9.884004341757535,2.062996153159592,-281.57,-30.660000000000025,-21.48782543898088,4.484953636968953,-15.0,-22.753690400669257,-7.05,-10.239160680301168,-0.5,7.753690400669257,5.115995658242465,12.869686058911721
39,46.0,-0.24582601,-0.36339849,-0.31079033,-287.37,-34.910000000000025,-9.885793687564425,2.070238459011651,-287.37,-34.910000000000025,-21.49171547676506,4.50069840989133,-15.0,-23.222388785880327,-7.05,-10.450074953646148,-0.5,8.222388785880327,5.114206312435575,13.336595098315902
39,46.0,-0.23559272,-0.37265092,-0.32507825,-270.99,-100.75,-12.52725694761964,2.5431150001964085,-270.99,-100.75,-27.234256604125093,5.528732010426992,-26.0,-21.89871989799113,-12.22,-9.854423954096008,-0.5,-4.101280102008872,13.47274305238036,9.37146295037149
39,46.0,-0.23704784,-0.36986029,-0.32544917,-270.87,-102.63,-12.51787289730748,2.552845303721277,-270.87,-102.63,-27.213855678746462,5.549885690290058,-26.0,-21.889022690021243,-12.22,-9.85006021050956,-0.5,-4.110977309978757,13.48212710269252,9.371149792713762
39,46.0,-0.23957258,-0.37251472,-0.32649383,-317.9,-106.05,-12.64052585326298,2.562647286475125,-317.9,-106.05,-27.48050320499372,5.571195200796922,-26.0,-25.68952011355171,-12.22,-11.56028405109827,-0.5,-0.3104798864482916,13.35947414673702,13.048994260288728
39,47.0,-0.23906949,-0.37251505,-0.35046178,-273.49,-86.47000000000003,-10.77085045475265,1.486661757046642,-273.49,-86.47000000000003,-23.41582888863226,3.2320026598194005,-18.0,-22.100745064030384,-8.459999999999999,-9.945335278813673,-0.5,4.100745064030384,7.229149545247351,11.329894609277735
39,47.0,-0.23758589,-0.37688363,-0.34504673,-241.1,-72.45999999999998,-10.899231515064606,1.4914994309989131,-273.49,-86.47000000000003,-23.694929313750453,3.2425197629916376,-16.0,-19.483307012825797,-7.52,-9.945335278813673,-0.5,3.4833070128257972,5.100768484935394,8.58407549776119
39,47.0,-0.24163744,-0.3801302,-0.34098414,-70.05999999999995,-77.64999999999998,-10.87569824112552,1.496372272558932,-273.49,-86.47000000000003,-23.64376797620688,3.253113320543118,-16.0,-5.661553253084088,-7.52,-9.945335278813673,-0.5,-10.338446746915912,5.124301758874481,-5.214144988041431
39,47.0,-0.24481252,-0.39095792,-0.35314569,-2.8500000000000227,-91.58999999999996,-13.295311399759932,1.7564320816346992,-273.49,-86.47000000000003,-28.90400698307809,3.8184833454738367,-29.0,-0.2303086892847529,-13.63,-9.945335278813673,-0.5,-28.769691310715245,15.704688600240068,-13.065002710475179
39,47.0,-0.244412,-0.3907401,-0.3524476,-1.8500000000000227,-92.07,-13.35828134236533,1.7629395242266286,-273.49,-86.47000000000003,-29.04090363830223,3.832630525668691,-29.0,-0.1494986228690508,-13.63,-9.945335278813673,-0.5,-28.85050137713095,15.64171865763467,-13.20878271949628
39,47.0,-0.24309382,-0.3904559,-0.35457671,-7.129999999999996,-91.13,-13.39576700528608,1.7668612015679734,-273.49,-86.47000000000003,-29.122397469491936,3.841156252208776,-29.0,-0.576175773543956,-13.63,-9.945335278813673,-0.5,-28.423824226456045,15.60423299471392,-12.819591231742125
39,47.0,-0.23819108,-0.39106318,-0.35846406,-497.15,-61.06,-15.413194843046886,1.9868735389746828,-497.15,-61.06,-33.50828558878393,4.31946307373096,-29.0,-40.17472451856633,-13.63,-18.078626033354848,-0.5,11.174724518566329,13.586805156953114,24.76152967551944
39,47.0,-0.23776481,-0.3930749,-0.35871455,-406.13,-103.32,-15.57302636452498,1.9988705231635944,-406.13,-103.32,-33.855759316477304,4.345544517357654,-29.0,-32.819392273409115,-13.63,-14.768726523034102,-0.5,3.8193922734091146,13.42697363547502,17.246365908884137
39,47.0,-0.24022773,-0.39605275,-0.3589192,-194.37,-14.879999999999995,-15.531635755214865,2.0090818289064494,-406.13,-103.32,-33.76577613183711,4.367743896042622,-29.0,-15.707052609220026,-13.63,-14.768726523034102,-0.5,-13.292947390779974,13.468364244785135,0.17541685400516194
39,47.0,-0.23202126,-0.40437204,-0.35801938,-488.14,-100.63,-16.559460699797995,2.1549630369814228,-488.14,-100.63,-36.00026756136084,4.6848896423976125,-26.0,-39.44662582016085,-12.22,-17.750981619072384,-0.5,13.446625820160847,9.440539300202005,22.88716512036285
39,47.0,-0.23455589,-0.40683058,-0.3569065,-477.92,-129.83999999999995,-16.64186020072708,2.1679993040643533,-477.92,-129.83999999999995,-36.17940407638067,4.713230487035904,-26.0,-38.62074694139237,-12.22,-17.379336123626565,-0.5,12.620746941392369,9.35813979927292,21.97888674066529
39,47.0,-0.2358574,-0.40513274,-0.35574758,-585.76,-55.55000000000001,-16.772486081326054,2.182507055751911,-585.76,-55.55000000000001,-36.46338474080284,4.744770339204655,-26.0,-47.335304503661696,-12.22,-21.300887026647764,-0.5,21.335304503661696,9.227513918673946,30.562818422335642
39,47.0,-0.27588314,-0.2692019,-0.31956175,-56.02999999999997,-32.43000000000001,-18.915534250691977,2.4053444082621382,-585.76,-55.55000000000001,-41.12237146100436,5.229218743561887,-31.0,-4.527788021271789,-14.57,-21.300887026647764,-0.5,-26.47221197872821,12.084465749308023,-14.387746229420188
39,47.0,-0.3007853,-0.19853002,-0.30733266,35.75999999999999,-58.5,-19.04096888573393,2.4211952251641886,-585.76,-55.55000000000001,-41.39506635758557,5.263678419506945,-31.0,2.8897679750255083,-14.57,-21.300887026647764,-0.5,-33.88976797502551,11.959031114266072,-21.93073686075944
39,47.0,-0.3377991,-0.15965988,-0.32422704,29.090000000000032,-64.83999999999997,-19.201818251411535,2.438827048356586,-585.76,-55.55000000000001,-41.74475287856868,5.302010003127219,25.0,2.350764832032778,11.75,-21.300887026647764,-0.5,22.649235167967223,-44.20181825141154,-21.55258308344431
39,49.0,-0.26820388,-0.15757357,-0.35282195,244.12,-53.910000000000025,10.137810794109242,4.688235392142612,258.4,-70.80000000000001,22.039600666393493,10.192223742518038,32.0,19.72735341340121,15.04,9.396594522817844,0.5,12.272646586598789,-21.862189205890758,-9.589542619291969
39,49.0,-0.26806989,-0.15579729,-0.35233399,238.97000000000003,-63.81999999999999,10.260878949325184,4.723992375096291,258.4,-70.80000000000001,22.30715083583295,10.269959423459332,32.0,19.311181571360347,15.04,9.396594522817844,0.5,12.688818428639653,-21.739121050674818,-9.050302622035163
39,49.0,-0.26819721,-0.15626672,-0.35330841,258.4,-70.80000000000001,10.344310799411822,4.763945194066723,258.4,-70.80000000000001,22.4885316779213,10.356816851901057,32.0,20.881321161817432,15.04,9.396594522817844,0.5,11.118678838182568,-21.655689200588178,-10.53701036240561
39,49.0,-0.26834232,-0.14937755,-0.31920186,642.5,-201.26,16.820829312145175,7.62161102927253,642.5,-201.26,36.56848292460361,16.569382377638483,37.0,51.81945508906901,17.39,23.31875479008105,0.5,-14.81945508906901,-20.179170687854825,-34.99862577692383
39,49.0,-0.27580783,-0.14506261,-0.28635308,639.51,-189.69,17.025521004153475,7.701653363787599,639.51,-189.69,37.013482663029656,16.74339441287424,-45.0,51.67884557350568,-21.15,23.25548050807756,0.5,-96.67884557350568,62.025521004153475,-34.65332456935221
39,49.0,-0.32859316,-0.14408103,-0.29908168,321.23,-116.44,17.213966050414292,7.79242235382428,321.23,-116.44,37.42316219360067,16.940726197213984,-45.0,25.958617634716006,-21.15,11.681377935622203,0.5,-70.958617634716,62.21396605041429,-8.744651584301714
39,50.0,-0.36768094,-0.08486918,-0.37108895,201.17,-115.16000000000004,12.62473409102464,4.733261419017543,,,27.446171913887564,10.29011032494414,41.0,16.2565610608468,19.27,,0.5,24.7434389391532,-28.375265908975358,-3.631826969822159
39,50.0,-0.34369093,-0.07908649,-0.36941242,55.51999999999998,-80.66000000000003,12.80740649538394,4.7824021625872914,,,27.84330172096468,10.396942301464772,-31.0,4.486574887399782,-14.57,,0.5,-35.48657488739978,43.807406495383944,8.320831607984157
39,50.0,-0.30854267,-0.07536341,-0.36184984,50.88,-69.36000000000001,12.933716439603351,4.827909270577382,,,28.117899539697685,10.495874754235226,-31.0,4.111616179230925,-14.57,,0.5,-35.11161617923092,43.93371643960335,8.822100260372427
39,52.0,-0.28269595,-0.44954515,-0.4902572,-379.75,-141.92,-14.072239129074434,5.032414508974555,-379.75,-141.92,-30.59304786660782,10.940469142510684,-31.0,-30.68762272136289,-14.57,-13.8094302246133,-0.5,-0.3123772786371113,16.927760870925567,16.615383592288453
39,52.0,-0.28141207,-0.44923431,-0.49368227,-380.04,-144.1,-14.181017059665749,5.072117172855048,-380.04,-144.1,-30.82953108771333,11.026782733786874,20.0,-30.711057640623444,9.4,-13.81997593828055,-0.5,50.711057640623444,-34.18101705966575,16.530040580957696
39,52.0,-0.28525496,-0.45443973,-0.4900302,-386.13,-145.05,-14.380117570866854,5.112359910572565,-386.13,-145.05,-31.26237559906454,11.114270445584754,-15.0,-31.20319094509507,-7.05,-14.04143592529278,-0.5,16.20319094509507,0.6198824291331455,16.823073374228215
39,53.0,-0.13911152,-0.46352082,-0.40026793,-784.74,-49.48000000000002,-30.834717101858608,7.09352105758445,-784.74,-49.48000000000002,-67.03467497944061,15.421314779188592,-45.0,-57.566667012553744,-21.15,-25.905000155649184,-0.5,12.566667012553744,14.165282898141392,26.731949910695135
39,53.0,-0.14090551,-0.47803479,-0.40423232,-819.56,-41.81,-31.42090386726286,7.231132430832636,-819.56,-41.81,-68.30904500742946,15.720481904630148,-45.0,-58.97357026885111,-21.15,-26.538106620983,-0.5,13.973570268851113,13.579096132737138,27.55266640158825
39,53.0,-0.13883983,-0.47712243,-0.40285465,-838.69,-33.77999999999997,-32.0163113629429,7.372415064222116,-838.69,-33.77999999999997,-69.60346090303787,16.02763034961888,-45.0,-59.74651855411732,-21.15,-26.885933349352797,-0.5,14.746518554117323,12.9836886370571,27.730207191174422
39,54.0,-0.26472721,-0.219787,-0.33415502,82.23000000000002,-157.63,7.823009146258157,4.004952249838998,,,17.007221883965233,8.706766191149981,41.0,6.64501176136319,19.27,,0.5,34.35498823863681,-33.17699085374184,1.177997384894967
39,54.0,-0.2666221,-0.22121581,-0.33584705,80.48000000000002,-176.55,7.848224365193536,4.024837866828015,,,17.062039769930745,8.749997522484104,41.0,6.503594145135711,19.27,,0.5,34.49640585486429,-33.15177563480646,1.3446302200578248
39,54.0,-0.26512641,-0.21997571,-0.33499241,95.49,-179.95,7.920042132544443,4.049403598561296,,,17.218171596151617,8.803403423272258,41.0,7.7165532420354,19.27,,0.5,33.2834467579646,-33.079957867455555,0.20348889050904262
39,54.0,-0.26736751,-0.20882258,-0.33698481,-688.0,-465.5,9.65906195737104,5.02093304285715,,,20.99880069532464,10.915508435171445,20.0,-53.65788410002623,9.4,,0.5,73.65788410002622,-10.34093804262896,63.316946057397274
39,54.0,-0.26484239,-0.20899476,-0.33669493,62.0,-153.06,9.72670867073921,5.055424039814372,,,21.145864650187043,10.990491862556445,20.0,5.010224117773533,9.4,,0.5,14.989775882226468,-10.27329132926079,4.716484552965677
39,54.0,-0.26508769,-0.20816791,-0.33611727,52.559999999999945,-144.26999999999998,9.732628035626858,5.086883822096471,,,21.15873334945279,11.058885429237726,20.0,4.247377090809301,9.4,,0.5,15.752622909190698,-10.267371964373142,5.485250944817557
39,54.0,-0.26309457,-0.20412384,-0.33255422,220.61,-207.41000000000005,11.53035263167592,6.252578737913666,,,25.066986621263453,13.593106176224309,18.0,17.827508751968054,8.459999999999999,,0.5,0.17249124803194604,-6.469647368324081,-6.297156120292135
39,54.0,-0.26294369,-0.2051587,-0.33246952,239.6,-183.93,11.575951825531751,6.30560108946225,,,25.166119268706023,13.708376768490933,20.0,19.36209191320224,9.4,,0.5,0.6379080867977613,-8.424048174468249,-7.786140087670487
39,54.0,-0.26348683,-0.20396426,-0.33451226,191.33000000000004,-146.11,11.678494273892236,6.359523979355156,,,25.389046551441723,13.82560513111811,18.0,15.461390007316298,8.459999999999999,,0.5,2.5386099926837016,-6.321505726107764,-3.7828957334240627
39,54.0,-0.25966245,-0.18715876,-0.34130168,-72.75,-53.13,13.092476503198464,7.15107003494632,,,28.46304391795346,15.5464262559733,18.0,-5.878932331742332,8.459999999999999,,0.5,23.878932331742334,-4.907523496801536,18.971408834940796
39,54.0,-0.25777394,-0.18320175,-0.34075814,1.4099999999999682,-176.14,13.321078329079466,7.219902635249703,,,28.96002428741876,15.696068329032856,18.0,0.1139421936461374,8.459999999999999,,0.5,17.88605780635386,-4.678921670920534,13.207136135433329
39,54.0,-0.25595069,-0.17774098,-0.33945435,3.3700000000000045,-176.35000000000002,13.442285392458368,7.282943519178452,,,29.22352844320449,15.833119210693951,18.0,0.2723299238209166,8.459999999999999,,0.5,17.727670076179084,-4.557714607541632,13.169955468637452
39,54.0,-0.26588038,-0.14469473,-0.3444486,415.96,337.67999999999995,14.887727045030164,8.061334799913865,,,32.36591859589557,17.525341855012744,23.0,33.61375522627547,10.81,,0.5,-10.613755226275472,-8.112272954969836,-18.726028181245308
39,54.0,-0.28802112,-0.13492359,-0.3380928,415.3800000000001,334.82000000000005,15.062330011896025,8.15680769956853,,,32.74550544586196,17.732899938861983,22.0,33.56688538775437,10.34,,0.5,-11.566885387754368,-6.937669988103975,-18.504555375858345
39,54.0,-0.32725897,-0.13085523,-0.33600679,393.8399999999999,318.41,15.212800045664354,8.24540481301487,,,33.0726272992743,17.92551006349433,15.0,31.82623655716013,7.05,,0.5,-16.82623655716013,0.21280004566435373,-16.613436511495777
39,55.0,-0.27211976,-0.33728811,-0.34879529,-258.77,-107.20999999999998,-12.200176307823748,4.215502524531052,-258.77,-107.20999999999998,-26.523183293208827,9.164502488330507,-45.0,-20.911220886391245,-21.15,-9.41004939887606,-0.5,-24.088779113608755,32.799823692176254,8.711044578567497
39,55.0,-0.2848174,-0.34517846,-0.3625344,-261.65,-112.57999999999998,-12.318105184006882,4.246627416836974,-261.65,-112.57999999999998,-26.77956067003096,9.23216800420358,-26.0,-21.143953877668466,-12.22,-9.51477924495081,-0.5,-4.856046122331534,13.681894815993118,8.825848693661584
39,55.0,-0.27533913,-0.3390401,-0.35423127,-261.06,-112.42000000000002,-12.433830840220846,4.275290881473428,-261.06,-112.42000000000002,-27.03114824664012,9.294482376323232,0.0,-21.096275938483203,0.0,-9.493324172317442,-0.5,21.096275938483203,-12.433830840220846,8.662445098262356
39,55.0,-0.27649251,-0.3351596,-0.35757053,-270.39,-124.64999999999998,-13.5758079655123,4.612634318383666,-270.39,-124.64999999999998,-29.513806517023745,10.027867008166089,-15.0,-21.850233858141703,-7.05,-9.832605236163769,-0.5,6.850233858141703,1.4241920344876995,8.274425892629402
39,55.0,-0.2752907,-0.3351385,-0.356383,-272.98,-126.37,-13.594167622827191,4.646109088496121,-272.98,-126.37,-29.55372041202632,10.100641158390566,-15.0,-22.05953193015837,-7.05,-9.926789368571267,-0.5,7.059531930158371,1.4058323771728087,8.46536430733118
39,55.0,-0.28018537,-0.3389945,-0.36126292,-273.2,-125.20999999999998,-13.7181349546095,4.68345506480854,-273.2,-125.20999999999998,-29.823225391321053,10.181831310893765,-15.0,-22.07731014476983,-7.05,-9.934789565146422,-0.5,7.077310144769829,1.2818650453905,8.359175190160329
39,55.0,-0.27808911,-0.15177818,-0.3529582,215.39,-128.72000000000003,-20.93617867307799,7.088471935234439,-273.2,-125.20999999999998,-45.51525243527155,15.41033798719967,7.0,17.405680205278085,3.29,-9.934789565146422,-0.5,-10.405680205278085,-27.93617867307799,-38.34185887835608
39,56.0,-0.27654225,-0.15314735,-0.35158804,213.03,-145.47000000000003,9.686864576000003,3.4971650915422168,266.99,-117.60000000000002,21.05924358822401,7.602836909012778,11.0,17.21496844853703,5.17,9.708965834547744,0.5,-6.214968448537029,-1.3131354239999968,-7.5281038725370255
39,56.0,-0.27542672,-0.15612979,-0.35271567,211.39,-129.77999999999997,9.790401698555437,3.519498569935372,266.99,-117.60000000000002,21.28433329265952,7.651389891039497,11.0,17.082439939615277,5.17,9.708965834547744,0.5,-6.082439939615277,-1.2095983014445633,-7.29203824105984
39,56.0,-0.28185984,-0.13409035,-0.35738641,266.99,-117.60000000000002,10.50410486769136,3.84925416378574,266.99,-117.60000000000002,22.835923982361017,8.368278552070198,26.0,21.57547963232832,12.22,9.708965834547744,0.5,4.424520367671679,-15.49589513230864,-11.07137476463696
39,56.0,-0.28086269,-0.13209818,-0.35653952,271.99,-125.14999999999998,10.58512858135309,3.876185077889651,271.99,-125.14999999999998,23.012069535861617,8.426826359332102,26.0,21.979529964406836,12.22,9.890788483983076,0.5,4.0204700355931635,-15.41487141864691,-11.394401383053747
39,56.0,-0.28133535,-0.13186347,-0.35688123,280.37,-121.10000000000002,10.682174353246218,3.909580927203381,280.37,-121.10000000000002,23.22304704395728,8.499428935740148,26.0,22.656718320970413,12.22,10.195523244436686,0.5,3.3432816790295874,-15.317825646753782,-11.974543967724195
39,56.0,-0.28218278,-0.13148583,-0.35797292,209.67999999999995,-92.02999999999996,11.676038482215606,4.101723242076002,280.37,-121.10000000000002,25.38370766033673,8.917146328273224,26.0,16.944254726044424,12.22,10.195523244436686,0.5,9.055745273955576,-14.323961517784394,-5.268216243828817
39,56.0,-0.28239125,-0.13094944,-0.35910743,288.1,-126.95999999999998,11.784070007386722,4.135491414080029,288.1,-126.95999999999998,25.61856819605873,8.99055833420998,26.0,23.2813801343638,12.22,10.476621060463708,0.5,2.7186198656361995,-14.215929992613278,-11.497310126977078
39,56.0,-0.28115085,-0.12779774,-0.35924551,120.01999999999998,-99.89,11.921330718987548,4.166339998530605,288.1,-126.95999999999998,25.916972983078928,9.057623156805532,26.0,9.698824171212571,12.22,10.476621060463708,0.5,16.30117582878743,-14.078669281012452,2.2225065477749766
39,56.0,-0.27436066,-0.12161046,-0.36218801,46.059999999999945,-112.13,14.411892974099272,5.082880359782768,288.1,-126.95999999999998,31.331455325691817,11.050181902167738,29.0,3.7221116591072367,13.63,10.476621060463708,0.5,25.277888340892762,-14.588107025900728,10.689781314992036
39,56.0,-0.27410805,-0.12169173,-0.36228597,109.89999999999998,-90.39,14.66022394654918,5.133571809207574,288.1,-126.95999999999998,31.87132685979792,11.160385113217266,29.0,8.881026299085665,13.63,10.476621060463708,0.5,20.118973700914335,-14.33977605345082,5.779197647463516
39,56.0,-0.27396894,-0.1211897,-0.36229783,199.58000000000004,-123.19,14.67838090181103,5.1904788517868425,288.1,-126.95999999999998,31.91080008053718,11.284101023784595,29.0,16.12807305524584,13.63,10.476621060463708,0.5,12.871926944754161,-14.32161909818897,-1.4496921534348086
39,56.0,-0.27505416,-0.10988799,-0.36393738,476.51,-163.6,19.44087552674966,6.785662077717499,476.51,-163.6,42.26446339515376,14.752029356957843,29.0,38.50680474774624,13.63,17.32806213648581,0.5,-9.506804747746237,-9.559124473250339,-19.065929220996576
39,56.0,-0.28346556,-0.11347546,-0.36841324,483.3599999999999,-158.63,19.743841850248984,6.879685693547135,483.3599999999999,-158.63,42.92311218244129,14.95643669777147,29.0,39.06035370269379,13.63,17.577159166212205,0.5,-10.060353702693789,-9.256158149751016,-19.316511852444805
39,56.0,-0.29282925,-0.11489818,-0.36083433,491.3299999999999,-153.58,20.01330103665305,6.958269833629437,491.3299999999999,-153.58,43.50891645368373,15.127278618310395,26.0,39.70440993202693,12.22,17.86698446941212,0.5,-13.704409932026927,-5.986698963346949,-19.691108895373876
39,58.0,-0.27842703,-0.10997032,-0.35426754,-62.39999999999998,-55.05000000000001,13.597157310813936,7.160364650224408,,,29.56021999370949,15.56663274958786,38.0,-5.042548144339813,17.86,,0.5,43.04254814433981,-24.402842689186066,18.63970545515375
39,58.0,-0.2755543,-0.1065836,-0.35213831,-63.04999999999996,-58.55000000000001,13.742492016605686,7.229341092051281,,,29.87617764410076,15.716587534119483,38.0,-5.095074687510017,17.86,,0.5,43.09507468751002,-24.257507983394312,18.8375667041157
39,58.0,-0.27833834,-0.10200067,-0.3552829,-62.88,-55.29000000000002,13.880701611688972,7.2925543990572,,,30.176645303811824,15.854013263550351,38.0,-5.081336976219351,17.86,,0.5,43.08133697621935,-24.11929838831103,18.962038587908324
39,58.0,-0.39562619,-0.12594172,-0.38776159,-75.09000000000003,-86.79000000000002,40.58259432717975,21.09084066450628,,,88.22656006728877,45.85148760463665,0.0,-6.068027887155077,0.0,,0.5,6.068027887155077,40.58259432717975,46.650622214334824
39,58.0,-0.39478156,-0.12674937,-0.37935403,37.870000000000005,-49.23000000000002,41.66710605079161,21.84602227632078,,,90.58428855442097,47.49325242872137,4.0,3.060277215162641,1.88,,0.5,0.9397227848373588,37.66710605079161,38.60682883562897
39,58.0,-0.40375057,-0.13041243,-0.38248554,111.01999999999998,-60.110000000000014,42.79875321443982,22.635613892574558,,,93.04448948819216,49.20982460245708,0.0,8.971533573471254,0.0,,0.5,-8.971533573471254,42.79875321443982,33.827219640968565
39,59.0,-0.30852285,-0.23048089,-0.2750918,116.45000000000005,-95.35000000000002,6.182080384519204,2.4473122616212626,281.04999999999995,-188.83,13.439842755944747,5.320456856764625,-45.0,9.41033223410852,-21.15,10.22025112475989,0.5,-54.41033223410852,51.1820803845192,-3.2282518495893155
39,59.0,-0.29847708,-0.2419599,-0.27085736,139.21000000000004,-83.64999999999998,6.180937657796015,2.459657784896459,281.04999999999995,-188.83,13.437358468048537,5.347296024364902,20.0,11.2495693457299,9.4,10.22025112475989,0.5,8.7504306542701,-13.819062342203985,-5.068631687933886
39,59.0,-0.29617733,-0.2470552,-0.26849857,189.13,-175.42000000000002,6.2091969010307695,2.470874323463961,281.04999999999995,-188.83,13.498794062840892,5.371680779210652,13.0,15.28360786120175,6.109999999999999,10.22025112475989,0.5,-2.28360786120175,-6.7908030989692305,-9.07441096017098
39,59.0,-0.3139582,-0.19183016,-0.27762964,157.95000000000005,-85.0,9.523422402150638,3.1356867863042006,281.04999999999995,-188.83,20.70392030227549,6.816983073425332,22.0,12.76394999036016,10.34,10.22025112475989,0.5,9.23605000963984,-12.476577597849362,-3.240527588209522
39,59.0,-0.31505159,-0.1907939,-0.27776641,158.70000000000005,-85.04000000000002,9.471718719301997,3.1557313890057457,281.04999999999995,-188.83,20.59151649576254,6.86056003969849,22.0,12.824557540171936,10.34,10.22025112475989,0.5,9.175442459828064,-12.528281280698003,-3.3528388208699393
39,59.0,-0.31488544,-0.19324268,-0.27757093,0.0,0.0,9.493142835684274,3.1760175943651165,281.04999999999995,-188.83,20.63809252477761,6.904662250149762,22.0,0.0,10.34,10.22025112475989,0.5,22.0,-12.506857164315726,9.493142835684274
39,59.0,-0.3223395,-0.18488549,-0.28499007,191.66,-118.44,10.362609514150808,3.5642741855634825,281.04999999999995,-188.83,22.52831308376385,7.74873207941501,18.0,15.488057329233474,8.459999999999999,10.22025112475989,0.5,2.511942670766526,-7.637390485849192,-5.125447815082666
39,59.0,-0.32027671,-0.18438055,-0.28442338,281.04999999999995,-188.83,10.391653490965922,3.589998459191158,281.04999999999995,-188.83,22.591454689359917,7.8046566502815775,18.0,22.71166916613309,8.459999999999999,10.22025112475989,0.5,-4.711669166133088,-7.608346509034078,-12.320015675167166
39,59.0,-0.31943622,-0.18310329,-0.28446037,290.70000000000005,-225.81,10.459109831965492,3.616083463057336,290.70000000000005,-225.81,22.738104774692975,7.861365448686649,18.0,23.491486307044617,8.459999999999999,10.571168838170076,0.5,-5.491486307044617,-7.540890168034508,-13.032376475079126
39,59.0,-0.32041755,-0.18247011,-0.28394786,110.82000000000004,-88.69,11.327801528639322,3.991872794754152,290.70000000000005,-225.81,24.626640523261884,8.678331455795526,15.0,8.955371560188118,7.05,10.571168838170076,0.5,6.044628439811882,-3.6721984713606783,2.372429968451204
39,59.0,-0.31659085,-0.17954552,-0.28330296,200.21000000000004,-153.62,11.419208741899116,4.023891690487009,290.70000000000005,-225.81,24.82535980488868,8.747940535118756,15.0,16.17898339708773,7.05,10.571168838170076,0.5,-1.1789833970877304,-3.5807912581008843,-4.759774655188615
39,59.0,-0.32143557,-0.18016928,-0.28335917,201.11,-154.27999999999997,11.46882297108923,4.056449997827537,290.70000000000005,-225.81,24.933221139147985,8.818722295277063,15.0,16.251712456861863,7.05,10.571168838170076,0.5,-1.2517124568618634,-3.5311770289107702,-4.782889485772634
39,59.0,-0.30160058,-0.11981775,-0.29583597,347.78,-142.99,14.162463249108216,5.071005285841425,347.78,-142.99,30.78919510356126,11.024365491419257,27.0,28.10412489805289,12.69,12.646856204123802,0.5,-1.1041248980528913,-12.837536750891784,-13.941661648944676
39,59.0,-0.30271098,-0.11649358,-0.29866377,366.2000000000001,-155.68,14.310862126477682,5.12151253204001,366.2000000000001,-155.68,31.11181426296248,11.134168244654983,27.0,29.59264632143013,12.69,13.31669084464356,0.5,-2.5926463214301307,-12.689137873522318,-15.281784194952449
39,59.0,-0.29940751,-0.11373329,-0.29934865,367.3,-161.12,14.503380197775405,5.172981307101792,367.3,-161.12,31.53034854996373,11.246061361639295,29.0,29.6815373944874,13.63,13.35669182751933,0.5,-0.6815373944873997,-14.496619802224595,-15.178157196711995
39,60.0,-0.30954188,-0.13170761,-0.28122512,293.55999999999995,-152.99,13.270054460850044,4.728895927476632,293.55999999999995,-152.99,28.849098397888,10.2806197463342,27.0,23.72260309699352,12.69,10.675171393647084,0.5,3.27739690300648,-13.729945539149956,-10.452548636143476
39,60.0,-0.310276,-0.13095069,-0.27968001,316.54,-153.5,13.399152937959997,4.773228304295695,316.54,-153.5,29.129758487125027,10.37699833353884,27.0,25.57961842322636,12.69,11.510828290451862,0.5,1.4203815767736394,-13.600847062040003,-12.180465485266364
39,60.0,-0.30948815,-0.13095357,-0.27873996,96.66999999999996,-122.8,13.530750150098244,4.818348206459518,316.54,-153.5,29.41585082631358,10.475089000842992,27.0,7.811909120405923,12.69,11.510828290451862,0.5,19.18809087959408,-13.469249849901756,5.718841029692322
39,61.0,-0.29321778,-0.14808391,-0.34460476,151.72000000000003,46.49000000000001,11.258518773646571,4.945354034779935,,,24.476019813907648,10.75119967161158,20.0,12.260503276590333,9.4,,0.5,7.739496723409667,-8.741481226353429,-1.0019845029437615
39,61.0,-0.31385902,-0.13628849,-0.33591571,152.53999999999996,45.00999999999999,11.301916292580447,4.981150775202548,,,24.57036602006989,10.82902178529034,15.0,12.326767531051203,7.05,,0.5,2.6732324689487967,-3.6980837074195527,-1.024851238470756
39,61.0,-0.31839216,-0.13110843,-0.31898931,95.77999999999996,44.02999999999997,11.451532698255516,5.025584979961364,,,24.89563208600749,10.925621746436004,15.0,7.73998816129595,7.05,,0.5,7.26001183870405,-3.548467301744484,3.7115445369595657
39,62.0,-0.29894879,-0.12403814,-0.37891144,420.9500000000001,-106.70999999999998,11.54298250611554,4.376972157700788,420.9500000000001,-106.70999999999998,25.09444396829518,9.515537470841512,4.0,34.016997457689826,1.88,15.30764885596042,0.5,-30.016997457689826,7.542982506115541,-22.474014951574283
39,62.0,-0.29760176,-0.12029323,-0.37897494,456.86,-89.35000000000002,11.780991980853097,4.419385356903847,456.86,-89.35000000000002,25.611876566374622,9.607743765908964,4.0,36.91888694267769,1.88,16.61349912420496,0.5,-32.91888694267769,7.780991980853097,-25.137894961824593
39,62.0,-0.29393387,-0.11886646,-0.37641543,471.9500000000001,-91.18,11.902233420485535,4.45861052477463,471.9500000000001,-91.18,25.87545545613555,9.693019280860046,4.0,38.13831084489064,1.88,17.16223988020079,0.5,-34.13831084489064,7.902233420485535,-26.236077424405103
39,62.0,-0.28147089,-0.10364527,-0.37872058,0.0,0.0,15.136710694118245,5.515653991040025,471.9500000000001,-91.18,32.90720904901306,11.991031776521012,4.0,0.0,1.88,17.16223988020079,0.5,4.0,11.136710694118245,15.136710694118245
39,62.0,-0.30087799,-0.11128052,-0.39940897,0.0,0.0,15.269483734737706,5.581121828397783,471.9500000000001,-91.18,33.195857639319776,12.13335885493678,0.0,0.0,0.0,17.16223988020079,0.5,0.0,15.269483734737706,15.269483734737706
39,62.0,-0.27905646,-0.10314911,-0.38016459,0.0,0.0,15.437332533662182,5.666603590139447,471.9500000000001,-91.18,33.56076092818159,12.31919620496316,4.0,0.0,1.88,17.16223988020079,0.5,4.0,11.437332533662182,15.437332533662182
39,62.0,-0.25285614,-0.09048276,-0.3528595,393.8299999999999,-266.93,20.60742670513082,7.686824210269439,393.8299999999999,-266.93,44.8005456569544,16.71115583312576,-31.0,31.825428456495978,-14.57,14.32144280542319,0.5,-62.82542845649598,51.60742670513082,-11.218001751365158
39,62.0,-0.25646585,-0.09051381,-0.35850707,403.05,-268.39,20.91436209873815,7.783922301847143,403.05,-268.39,45.46782320265673,16.922247084215687,-31.0,32.57049726884875,-14.57,14.656723770981936,0.5,-63.57049726884875,51.91436209873815,-11.656135170110598
39,62.0,-0.257359,-0.09003515,-0.35875651,414.23,-270.63,21.222361152910256,7.871861298482728,414.23,-270.63,46.137413146426894,17.11342646290145,-31.0,33.47395381137631,-14.57,15.06327921511934,0.5,-64.4739538113763,52.22236115291025,-12.251592658466055
39,65.0,-0.28862062,-0.1561895,-0.31200606,234.35,-100.64,-43.94951732393531,13.795226980284069,,,-95.54625066223537,29.99082345513757,0.0,18.937839064519803,0.0,,-0.5,-18.937839064519803,-43.94951732393531,-62.88735638845512
39,66.0,-0.26257765,-0.16862097,-0.30719665,234.25,-85.58999999999997,7.793651234183588,3.0233245493727363,276.64,-162.75,16.94339778311512,6.57270757033633,1.0,18.929758057878228,0.47,10.059883547957927,0.5,-17.929758057878228,6.793651234183588,-11.13610682369464
39,66.0,-0.25360569,-0.17997216,-0.31360087,233.85,-84.07,7.778895456676999,3.0413662432887656,276.64,-162.75,16.911318722815796,6.611930212909777,7.0,18.897434031311956,3.29,10.059883547957927,0.5,-11.897434031311956,0.7788954566769988,-11.118538574634957
39,66.0,-0.25425404,-0.18143407,-0.31850258,-73.07000000000005,-36.420000000000016,7.959610527441279,3.160651362408785,276.64,-162.75,17.30419328665734,6.871256061876699,23.0,-5.90479155299536,10.81,10.059883547957927,0.5,28.90479155299536,-15.040389472558722,13.864402080436639
39,66.0,-0.25253475,-0.17764898,-0.31774351,13.340000000000032,-100.25,7.97556748446096,3.182516819990576,276.64,-162.75,17.338883711218127,6.918791566659511,32.0,1.078006285985469,15.04,10.059883547957927,0.5,30.92199371401453,-24.02443251553904,6.897561198475491
39,66.0,-0.25348133,-0.17542313,-0.31874502,0.0,0.0,8.023806161426911,3.202453393232289,276.64,-162.75,17.443754594942106,6.962133676886998,32.0,0.0,15.04,10.059883547957927,0.5,32.0,-23.97619383857309,8.023806161426911
39,66.0,-0.26074052,-0.16038668,-0.32896006,276.64,-162.75,10.20289004735391,3.813140816486696,276.64,-162.75,22.1810829629474,8.289768135042078,22.0,22.355296773239843,10.34,10.059883547957927,0.5,-0.3552967732398429,-11.79710995264609,-12.152406725885934
39,66.0,-0.2609449,-0.16130233,-0.33184156,205.98,-81.92000000000002,10.306327311354805,3.841540421056495,276.64,-162.75,22.40595557488534,8.35150887537682,22.0,16.64525748030633,10.34,10.059883547957927,0.5,5.354742519693669,-11.693672688645195,-6.338930168951526
39,66.0,-0.26069406,-0.16076408,-0.33384383,290.46000000000004,-161.32,10.43279019067764,3.860681933909245,290.46000000000004,-161.32,22.68088587453319,8.393122524318699,22.0,23.47209189110485,10.34,10.562441350997185,0.5,-1.4720918911048493,-11.56720980932236,-13.03930170042721
39,66.0,-0.25337571,-0.11266306,-0.33429646,62.29999999999996,9.54000000000002,12.764251257829894,4.530547813025764,290.46000000000004,-161.32,27.74948223452219,9.84941094551801,37.0,5.034467137698241,17.39,10.562441350997185,0.5,31.96553286230176,-24.235748742170106,7.7297841201316535
39,66.0,-0.25298712,-0.11030963,-0.33453396,-42.41999999999996,67.67000000000002,12.871977011042626,4.570077039845182,290.46000000000004,-161.32,27.983678022006668,9.935347484623424,37.0,-3.4279630173540823,17.39,10.562441350997185,0.5,40.42796301735408,-24.128022988957376,16.29994002839671
39,66.0,-0.25350451,-0.10553561,-0.33598599,31.409999999999968,-35.01999999999998,13.165805964658034,4.641996197416312,290.46000000000004,-161.32,28.622462167166564,10.091699733183065,32.0,2.5382441861172023,15.04,10.562441350997185,0.5,29.461755813882796,-18.834194035341966,10.627561778540832
39,66.0,-0.24767408,-0.09329773,-0.34237477,275.46000000000004,-68.69999999999999,14.67450947575365,5.084160748980109,275.46000000000004,-68.69999999999999,31.902383600288434,11.052965468282755,30.0,22.25994089486932,14.1,10.016973402691194,0.5,7.74005910513068,-15.32549052424635,-7.58543141911567
39,66.0,-0.24845617,-0.09463681,-0.34232891,276.47,-72.13999999999999,14.672612936988154,5.122284563506529,276.47,-72.13999999999999,31.898260525012244,11.135846641063194,30.0,22.34155906194918,14.1,10.053701577877131,0.5,7.65844093805082,-15.327387063011846,-7.6689461249610265
39,66.0,-0.24908073,-0.09463504,-0.34450591,254.85,-65.67000000000002,14.833497918441603,5.166451053229773,254.85,-65.67000000000002,32.248024474692045,11.231864589721528,30.0,20.5944454260417,14.1,9.267500441718765,0.5,9.405554573958302,-15.166502081558397,-5.760947507600095
39,67.0,-0.4313654,-0.36580971,-0.36592507,17.850000000000023,-87.19999999999999,-15.832597502624962,4.929193920725049,253.97000000000003,-98.88,-34.420066970706664,10.716067583656256,-21.0,1.4424596855202854,-9.87,9.235499655418144,-0.5,-22.442459685520284,5.167402497375038,-17.275057188145247
39,67.0,-0.43072036,-0.36532265,-0.36427379,-95.32000000000004,-95.81,-15.868264077000502,4.975695991685813,253.97000000000003,-98.88,-34.49760610339909,10.817163085924957,-18.0,-7.702815530744734,-8.459999999999999,9.235499655418144,-0.5,-10.297184469255267,2.131735922999498,-8.165448546255767
39,67.0,-0.42918581,-0.36714587,-0.36534369,-97.30999999999996,-97.87,-16.03290327879106,5.027861448997525,253.97000000000003,-98.88,-34.85553172809176,10.93057079012062,-18.0,-7.863627562911971,-8.459999999999999,9.235499655418144,-0.5,-10.136372437088028,1.9670967212089394,-8.169275715879088
39,67.0,-0.42990646,-0.36901116,-0.36884236,174.45000000000005,-89.41000000000003,-26.61418062687777,7.2784424577737905,253.97000000000003,-98.88,-57.859228682832274,15.823333903200222,-18.0,14.097316086219244,-8.459999999999999,9.235499655418144,-0.5,-32.097316086219244,-8.614180626877769,-40.71149671309701
39,67.0,-0.42939979,-0.36862779,-0.36872622,178.21000000000004,-93.02999999999996,-27.09568079279405,7.357260907979592,253.97000000000003,-98.88,-58.906010043534266,15.994685213947632,-18.0,14.401161935942284,-8.459999999999999,9.235499655418144,-0.5,-32.401161935942284,-9.095680792794049,-41.49684272873633
39,67.0,-0.42745379,-0.36491194,-0.36796123,253.97000000000003,-98.88,-27.640917929579626,7.436242877356831,253.97000000000003,-98.88,-60.0913555789061,16.16639201537375,-18.0,20.52333256759588,-8.459999999999999,9.235499655418144,-0.5,-38.52333256759588,-9.640917929579626,-48.1642504971755
39,69.0,-0.2550855,-0.12305044,-0.33751771,206.64,-16.389999999999986,12.131424280785948,4.632730755596613,281.30999999999995,-45.05000000000001,26.37371638642865,10.071556662667035,38.0,16.698592124140692,17.86,10.229705902530526,0.5,21.301407875859308,-25.86857571921405,-4.567167843354744
39,69.0,-0.25555739,-0.12295353,-0.33865348,281.30999999999995,-45.05000000000001,12.31796234603466,4.675707056843381,281.30999999999995,-45.05000000000001,26.779250140279352,10.16498714157751,37.0,22.732679783401167,17.39,10.229705902530526,0.5,14.267320216598833,-24.682037653965338,-10.414717437366507
39,69.0,-0.25438675,-0.12016017,-0.33672905,233.5,-20.069999999999997,12.547401867716497,4.723855070427189,281.30999999999995,-45.05000000000001,27.278051660415663,10.269660923108708,38.0,18.86915050806645,17.86,10.229705902530526,0.5,19.13084949193355,-25.452598132283505,-6.321748640349954
39,69.0,-0.23215477,-0.09253296,-0.33640954,541.6600000000001,-132.14999999999998,19.628729910051387,7.308906575200403,541.6600000000001,-132.14999999999998,42.67285882445172,15.889562894485676,45.0,43.77158057472924,21.15,19.697211258628155,0.5,1.2284194252707579,-25.371270089948613,-24.142850664677855
39,69.0,-0.23449686,-0.08982115,-0.34018999,548.22,-128.51999999999998,19.80055420224381,7.397933748590189,548.22,-128.51999999999998,43.04640483567803,16.08310796943507,45.0,44.30169461041624,21.15,19.93576257468731,0.5,0.6983053895837585,-25.19944579775619,-24.501140408172432
39,69.0,-0.23742865,-0.0885872,-0.34394076,562.8499999999999,-131.68,20.15561268716197,7.509291055574493,562.8499999999999,-131.68,43.81830198189012,16.32519875481895,45.0,45.483945882077954,21.15,20.46777564693508,0.5,-0.4839458820779541,-24.84438731283803,-25.328333194915984
39,69.0,-0.23439091,-0.07981534,-0.35066772,482.6300000000001,466.64,23.547075313045024,8.65067014092773,562.8499999999999,-131.68,51.19134173055989,18.80655688637689,45.0,39.00136235421034,21.15,20.46777564693508,0.5,5.998637645789657,-21.452924686954976,-15.454287041165319
39,69.0,-0.23641582,-0.07972302,-0.34655035,484.8399999999999,457.4500000000001,24.000805636088835,8.794289674117032,562.8499999999999,-131.68,52.17775145285712,19.11878575153042,45.0,39.17995260098903,21.15,20.46777564693508,0.5,5.820047399010967,-20.999194363911165,-15.179146964900198
39,69.0,-0.23899736,-0.08060038,-0.34391096,490.55,468.17,24.400961255781752,8.914595784704696,562.8499999999999,-131.68,53.047689770069525,19.38033123594801,45.0,39.64137808022268,21.15,20.46777564693508,0.5,5.35862191977732,-20.599038744218248,-15.240416824440928
39,70.0,-0.25235677,-0.13710171,-0.33859423,265.38,-38.76999999999998,10.8232651418521,4.071373181072067,265.38,-38.76999999999998,23.529778418386467,8.851165295650674,41.0,21.44537542539904,19.27,9.650418941429567,0.5,19.55462457460096,-30.1767348581479,-10.622110283546938
39,70.0,-0.24998409,-0.13774312,-0.34006661,252.77,-42.99000000000001,10.928490762883332,4.1014682215197205,252.77,-42.99000000000001,23.758538918508368,8.91659191358387,41.0,20.426360487897032,19.27,9.191862219553665,0.5,20.573639512102968,-30.07150923711667,-9.4978697250137
39,70.0,-0.24964239,-0.13758327,-0.34191486,249.67,-51.120000000000005,11.08763020634733,4.138827463802252,252.77,-42.99000000000001,24.10450806859909,8.997810906306096,41.0,20.175849282008357,19.27,9.191862219553665,0.5,20.824150717991643,-29.912369793652672,-9.088219075661028
39,70.0,-0.24582505,-0.10577857,-0.3408159,610.56,524.75,13.870421697225687,5.151826308224084,252.77,-42.99000000000001,30.15429676976865,11.200070394079155,41.0,49.3393941507711,19.27,9.191862219553665,0.5,-8.3393941507711,-27.129578302774313,-35.46897245354541
39,70.0,-0.24704197,-0.10522735,-0.34191588,615.2,523.71,14.059831919265855,5.1988991759960745,252.77,-42.99000000000001,30.56607459248397,11.302406808615464,41.0,49.714352858939975,19.27,9.191862219553665,0.5,-8.714352858939975,-26.940168080734146,-35.65452093967412
39,70.0,-0.2422384,-0.10461146,-0.34105441,601.8599999999999,382.51,14.251533785959854,5.252168688109253,252.77,-42.99000000000001,30.982834450676723,11.418214727949517,41.0,48.636346572954494,19.27,9.191862219553665,0.5,-7.636346572954494,-26.748466214040146,-34.384812786994644
39,70.0,-0.23679778,-0.080844,-0.35754976,406.59,-52.05000000000001,15.735416544378149,5.7876000764708495,406.59,-52.05000000000001,34.20879556747809,12.582242566247627,29.0,32.85656490396034,13.63,14.785454206782154,0.5,-3.85656490396034,-13.264583455621851,-17.121148359582193
39,70.0,-0.23611186,-0.08212799,-0.35822716,413.28,-58.44,15.9686235996959,5.846000144595779,413.28,-58.44,34.71578770573888,12.709204314351222,29.0,33.397184248281384,13.63,15.028732911726625,0.5,-4.397184248281384,-13.0313764003041,-17.428560648585485
39,70.0,-0.23827456,-0.08094087,-0.35413718,417.93,-60.44,16.11134838227069,5.912156316666751,417.93,-60.44,35.02607138305648,12.853027832433517,30.0,33.7729510571144,14.1,15.19782797570148,0.5,-3.7729510571143976,-13.888651617729309,-17.661602674843706
