Participant,trigger_no,fzd_hands0_fingerTip_coordinates_x,fzd_hands0_fingerTip_coordinates_y,fzd_hands0_fingerTip_coordinates_z,eyegaze_new_coordinates_x,eyegaze_new_coordinates_y,angle_center,Buidling_half_width,eyegaze_new_coordinates_x_without_tablet_&_road_gazes,eyegaze_new_coordinates_y_without_tablet_&_road_gazes,angle_center_scaled,Buidling_half_width_scaled,horizontal_angle_finger_pointing_unscaled,eyegaze_horiz_angle_x,horizontal_angle_finger_pointing,eyegaze_horiz_angle_x_scaled_without_tablet,side,difference,D_p,D_g
11,2.0,-0.37760401,-0.0704712,-0.28348571,377.0,-172.8,14.027020298061675,2.2591361579637037,377.0,-172.8,32.24811966524379,5.193754027158553,27.0,28.14039953948712,11.34,12.663179792769204,0.5,-1.1403995394871203,-12.972979701938325,-14.113379241425445
11,2.0,-0.37628156,-0.06759862,-0.27911422,355.24,-127.23,14.102218573944914,2.272713399024707,355.24,-127.23,32.42100050149936,5.224968104357801,29.0,26.51616852097455,12.18,11.932275834438547,0.5,2.4838314790254508,-14.897781426055086,-12.413949947029636
11,2.0,-0.37018776,-0.07164488,-0.26825091,376.69000000000005,-150.28,14.24733222841384,2.286446237355867,376.69000000000005,-150.28,32.75461679312342,5.2565398996811386,30.0,28.11726021891089,12.6,12.6527670985099,0.5,1.8827397810891107,-15.75266777158616,-13.869927990497048
11,4.0,-0.35885093,-0.06743463,-0.25981942,390.76,-177.92000000000002,15.195061985814968,2.381507864699408,390.76,-177.92000000000002,34.933447505388614,5.475086580943939,32.0,29.1674868011936,13.44,13.12536906053712,0.5,2.8325131988063994,-16.804938014185034,-13.972424815378632
11,4.0,-0.35668671,-0.06484371,-0.2577911,411.9000000000001,-212.47,15.349192580308356,2.396456731432909,411.9000000000001,-212.47,35.28779374212891,5.50945402556426,37.0,30.745439178553703,15.54,13.835447630349169,0.5,6.254560821446297,-21.650807419691645,-15.396246598245346
11,4.0,-0.35501203,-0.06643842,-0.25620669,421.19000000000005,-225.64,15.504256698523838,2.4115799856498743,421.19000000000005,-225.64,35.6442861499063,5.544222387009059,38.0,31.43887236614478,15.96,14.14749256476515,0.5,6.561127633855222,-22.49574330147616,-15.93461566762094
11,4.0,-0.3357524,-0.02090278,-0.3476747,629.52,-230.5,17.904347909908218,2.7949827306403643,629.52,-230.5,41.16209584487899,6.425665297742196,45.0,46.98924222307143,18.9,21.145159000382144,0.5,-1.9892422230714288,-27.095652090091782,-29.08489431316321
11,4.0,-0.33253995,-0.02343474,-0.32657534,670.52,-256.21000000000004,18.01834376576542,2.8150284195841024,670.52,-256.21000000000004,41.42417231749469,6.4717503366238525,45.0,48.91055226059504,18.9,22.00974851726777,0.5,-3.91055226059504,-26.98165623423458,-30.89220849482962
11,4.0,-0.32599494,-0.03071418,-0.3187519,-713.75,-74.75,18.13411997423608,2.835348629933005,-713.75,-74.75,41.69034182076874,6.518466500215979,-45.0,-50.5239600485155,-18.9,-22.735782021831973,0.5,5.523960048515498,63.13411997423608,68.65808002275158
11,4.0,-0.28257173,-0.01740101,-0.28164154,617.22,-291.56,22.122887442686103,3.622816043341565,617.22,-291.56,50.86051823073535,8.328854083642259,-45.0,46.07113369698207,-18.9,20.73201016364193,0.5,-91.07113369698207,67.1228874426861,-23.94824625429597
11,4.0,-0.28045222,-0.01269941,-0.2838946,601.05,-275.57,22.298671822421543,3.654499061606053,601.05,-275.57,51.26464651974712,8.401693342632313,45.0,44.86415687853774,18.9,20.188870595341985,0.5,0.1358431214622584,-22.701328177578457,-22.5654850561162
11,4.0,-0.27816644,-0.00729935,-0.28408021,100.72000000000004,-168.29,22.475834090593995,3.68663805548918,601.05,-275.57,51.67194257427559,8.475580889569624,-45.0,7.518039898188709,-18.9,20.188870595341985,0.5,-52.51803989818871,67.47583409059399,14.957794192405286
11,5.0,-0.33129668,0.00318836,-0.35896754,407.72,-61.79,21.802975495228974,3.5462253149825878,407.72,-61.79,50.12504066353142,8.152771999144967,45.0,30.43343156562252,18.9,13.695044204530134,0.5,14.56656843437748,-23.197024504771026,-8.630456070393546
11,5.0,-0.31821811,0.00628924,-0.34662554,443.06,-79.36,22.041693117498728,3.5767375011378952,443.06,-79.36,50.67385247712957,8.222919515116022,45.0,33.07131411131343,18.9,14.882091350091043,0.5,11.928685888686573,-22.958306882501272,-11.0296209938147
11,5.0,-0.28941065,0.00351758,-0.32279056,477.7000000000001,-147.31,22.214779958976965,3.6077396867865694,477.7000000000001,-147.31,51.07177912568804,8.294193539922325,-31.0,35.65694657828382,-13.02,16.04562596022772,0.5,-66.65694657828382,53.21477995897696,-13.442166619306857
11,6.0,-0.36379296,-0.04276787,-0.29215667,491.5999999999999,-197.89,16.069599128101228,2.5951143231061726,491.5999999999999,-197.89,36.94400839550472,5.96616782882109,38.0,36.6944838557344,15.96,16.51251773508048,0.5,1.305516144265603,-21.930400871898772,-20.62488472763317
11,6.0,-0.35926789,-0.04250479,-0.28704795,506.82,-216.12,16.166380863714277,2.6126493485839277,506.82,-216.12,37.16650960567912,6.00648085239445,41.0,37.83054985305798,17.22,17.023747433876093,0.5,3.169450146942019,-24.833619136285723,-21.664168989343704
11,6.0,-0.35708028,-0.04336616,-0.28626603,473.48,-193.83,16.333097850838488,2.6303922346889186,473.48,-193.83,37.54979195907768,6.047271747549821,41.0,35.3419532465686,17.22,15.90387896095587,0.5,5.6580467534314,-24.666902149161512,-19.008855395730112
11,7.0,-0.36165249,-0.06065664,-0.24157093,432.5799999999999,-188.27,15.77168124528274,2.012279245971218,432.5799999999999,-188.27,36.25909518290502,4.626229986487829,38.0,32.289055789897446,15.96,14.530075105453852,0.5,5.710944210102554,-22.228318754717257,-16.517374544614704
11,7.0,-0.36425877,-0.05781261,-0.24238408,438.1500000000001,-181.07,15.722387113681028,2.0265877560356,438.1500000000001,-181.07,36.14576797435268,4.659125251125845,38.0,32.704817130573694,15.96,14.717167708758163,0.5,5.295182869426306,-22.27761288631897,-16.982430016892664
11,7.0,-0.35874954,-0.05731267,-0.24787787,442.28,-182.38,15.674035523900324,2.041070787954898,442.28,-182.38,36.03460766944684,4.69242174150831,41.0,33.01309259502483,17.22,14.855891667761174,0.5,7.98690740497517,-25.325964476099678,-17.339057071124508
11,7.0,-0.31585896,-0.01110571,-0.28607124,485.0899999999999,-180.99,19.14236365325261,2.580191204470923,485.0899999999999,-180.99,44.00829403882775,5.931859579078651,45.0,36.20855812363344,18.9,16.293851155635046,0.5,8.791441876366562,-25.85763634674739,-17.06619447038083
11,7.0,-0.31126937,-0.01420887,-0.28680989,503.3399999999999,-191.71,19.273227027191563,2.602524201794869,503.3399999999999,-191.71,44.309148935513406,5.983203139926406,-45.0,37.57079231884733,-18.9,16.9068565434813,0.5,-82.57079231884734,64.27322702719157,-18.29756529165577
11,7.0,-0.31315958,-0.01086202,-0.28649506,-725.75,-163.75,19.475328284187864,2.625214871278944,-725.75,-163.75,44.7737797253479,6.035368989070289,-45.0,-50.97181786612007,-18.9,-22.937318039754032,0.5,5.97181786612007,64.47532828418787,70.44714615030793
11,8.0,-0.30166307,0.02448502,-0.25610054,419.4500000000001,-175.2,21.830681200041635,3.5245154175395044,419.4500000000001,-175.2,50.18873607889572,8.102860944923318,-45.0,31.308993599039454,-18.9,14.089047119567754,0.5,-76.30899359903945,66.83068120004164,-9.478312398997819
11,8.0,-0.30238825,0.02358634,-0.26072389,422.19000000000005,-166.32999999999998,21.999211747969355,3.5547579008712376,422.19000000000005,-166.32999999999998,50.57618780858154,8.172388414102976,-45.0,31.513515335745534,-18.9,14.181081901085491,0.5,-76.51351533574554,66.99921174796935,-9.51430358777618
11,8.0,-0.3097859,0.02540799,-0.26654583,423.71,-175.42000000000002,22.17025319639694,3.585466381078037,423.71,-175.42000000000002,50.96941209851656,8.242987210098406,-45.0,31.626972649538697,-18.9,14.232137692292412,0.5,-76.6269726495387,67.17025319639694,-9.456719453141758
11,9.0,-0.27622691,0.08317686,-0.24669832,587.51,-154.54,29.05600626149916,4.827113603726964,587.51,-154.54,66.79975839518656,11.097534174968295,-31.0,43.85349107014344,-13.02,19.73407098156455,0.5,-74.85349107014343,60.056006261499164,-14.797484808644281
11,9.0,-0.27246791,0.08892696,-0.24131565,672.6099999999999,-176.02,29.34523630782897,4.877546519907455,672.6099999999999,-176.02,67.4646982716988,11.213479449267236,-31.0,48.98855416382784,-13.02,22.044849373722528,0.5,-79.98855416382784,60.34523630782897,-19.643317855998873
11,9.0,-0.26702988,0.09272495,-0.23528519,600.0,-147.75,29.640325136946597,4.928755149725031,600.0,-147.75,68.14310748984022,11.331208089217846,-45.0,44.78578176045696,-18.9,20.15360179220563,0.5,-89.78578176045696,74.6403251369466,-15.145456623510366
11,10.0,-0.29652798,0.08068392,-0.26117626,559.2,-177.6,27.356010249987836,4.476198338600739,559.2,-177.6,62.89146756472203,10.290779980443098,-31.0,41.74034860074589,-13.02,18.78315687033565,0.5,-72.74034860074589,58.35601024998783,-14.384338350758053
11,10.0,-0.29504287,0.08490186,-0.26039413,499.5799999999999,-154.44,27.54351638222863,4.521165905783533,499.5799999999999,-154.44,63.32254416274362,10.394160417396344,-45.0,37.29013475314847,-18.9,16.780560638916814,0.5,-82.29013475314846,72.54351638222863,-9.74661837091984
11,10.0,-0.29331556,0.08693985,-0.25917515,497.53,-154.9,27.87358733913993,4.566887069759531,497.53,-154.9,64.0813772926827,10.49927337337716,-45.0,37.13711666546691,-18.9,16.71170249946011,0.5,-82.13711666546692,72.87358733913993,-9.263529326326982
11,10.0,-0.23061848,0.13257369,-0.25145155,557.57,218.09,35.91974603657164,5.96394779978912,557.57,218.09,82.5794961380782,13.71111599171519,-45.0,41.61868056029664,-18.9,18.72840625213349,0.5,-86.61868056029664,80.91974603657164,-5.698934523725001
11,10.0,-0.22981457,0.13658497,-0.24802957,525.74,410.02,36.203015562758615,6.030782401090495,557.57,218.09,83.23073277878206,13.864768740107046,-45.0,39.2427948379044,-18.9,18.72840625213349,0.5,-84.2427948379044,81.20301556275862,-3.039779275145783
11,10.0,-0.23147543,0.13793011,-0.24929796,572.78,412.81,36.632539124987,6.0983964767219625,557.57,218.09,84.21820744834511,14.02021349998379,-39.0,42.75400012792422,-16.38,18.72840625213349,0.5,-81.75400012792423,75.632539124987,-6.121461002937224
11,10.0,-0.17065732,0.1597698,-0.26127163,416.44000000000005,335.72,43.89773984160849,7.197115041281666,557.57,218.09,100.92090389585792,16.54616747990655,-31.0,31.08431826054116,-13.02,18.72840625213349,0.5,-62.08431826054116,74.89773984160848,12.813421581067331
11,10.0,-0.15880571,0.16615704,-0.25076571,422.86,322.63,44.4944388369281,7.274020628811268,557.57,218.09,102.29271488609773,16.7229734256371,-31.0,31.563526125378047,-13.02,18.72840625213349,0.5,-62.56352612537805,75.4944388369281,12.93091271155005
11,10.0,-0.15653481,0.16619416,-0.24785022,443.67,314.2,45.1030086724389,7.350929837122258,557.57,218.09,103.69181693793703,16.89978769554407,-29.0,33.116846322769895,-12.18,18.72840625213349,0.5,-62.116846322769895,74.1030086724389,11.986162349669002
11,10.0,-0.20032282,0.02597782,-0.28740847,388.44000000000005,56.93000000000001,57.24784282055921,8.540259222886899,388.44000000000005,56.93000000000001,131.6127906444656,19.634055953416976,0.0,28.994315111719835,0.0,13.047441800273926,0.5,-28.994315111719835,57.24784282055921,28.25352770883937
11,10.0,-0.16170189,0.14791963,-0.38129079,187.24,-59.59,58.13070162088096,8.592456491795296,388.44000000000005,56.93000000000001,133.64248302640533,19.754057474637385,-21.0,13.976149628046604,-8.82,13.047441800273926,0.5,-34.976149628046606,79.13070162088096,44.15455199283436
11,10.0,-0.16170189,0.14791963,-0.38129079,312.5,-70.27,58.95864307947308,8.64111497659859,312.5,-70.27,135.5459204397086,19.865923331200165,-21.0,23.325928000238,-8.82,10.4966676001071,0.5,-44.325928000238,79.95864307947308,35.632715079235076
11,11.0,-0.24262092,0.12509097,-0.27952346,788.6600000000001,-244.92,33.91684734473478,5.640754744220459,788.6600000000001,-244.92,77.97483204554526,12.968095156962832,-45.0,53.31971247491203,-18.9,23.993870613710413,0.5,-98.31971247491202,78.91684734473478,-19.402865130177254
11,11.0,-0.27551341,0.10676066,-0.34988689,796.3,-244.43,34.229622040291254,5.703370351191181,796.3,-244.43,78.6939010706296,13.11204843738853,45.0,53.60484861878694,18.9,24.12218187845412,0.5,-8.604848618786939,-10.770377959708746,-19.375226578495685
11,11.0,-0.31364557,0.08171807,-0.4293631,777.23,-237.23,34.61821232397767,5.766822896646684,777.23,-237.23,79.58727013282467,13.257925839390722,45.0,52.89312790364367,18.9,23.80190755663965,0.5,-7.8931279036436734,-10.381787676022327,-18.274915579666
11,11.0,-0.07363149,0.16117702,-0.30055034,628.34,-199.22,47.15268294603669,7.667126492278001,628.34,-199.22,108.40401809293834,17.62672380574712,-45.0,46.90116351894254,-18.9,21.105523583524143,0.5,-91.90116351894254,92.15268294603669,0.2515194270941521
11,11.0,-0.06579424,0.16024253,-0.28731915,625.46,-215.23,47.82657634717083,7.743984243811159,625.46,-215.23,109.95329902214571,17.80341977652185,-31.0,46.68619176649234,-13.02,21.00878629492156,0.5,-77.68619176649234,78.82657634717083,1.1403845806784858
11,11.0,-0.0613041,0.15931457,-0.28712696,631.97,-219.56,48.51551591745287,7.820274677187964,631.97,-219.56,111.53717109422414,17.978811482855136,-31.0,47.1721174985933,-13.02,21.227452874366985,0.5,-78.17211749859331,79.51551591745287,1.3433984188595716
11,12.0,-0.38804775,-0.05327224,-0.26800185,378.3299999999999,-172.73,15.642631932979066,2.4021744341128644,378.3299999999999,-172.73,35.96241081391887,5.5225990240254745,45.0,28.23967468905613,18.9,12.70785361007526,0.5,16.76032531094387,-29.357368067020936,-12.597042756077064
11,12.0,-0.39050433,-0.05127446,-0.25332704,386.06,-192.28,15.660981254180468,2.4173687323757047,386.06,-192.28,36.004595903360894,5.557530715731746,37.0,28.81666484407001,15.54,12.967499179831506,0.5,8.183335155929989,-21.33901874581953,-13.155683589889543
11,12.0,-0.38764614,-0.0480148,-0.24725068,382.94000000000005,-130.78,15.749186838283965,2.4327483140799435,382.94000000000005,-130.78,36.20738054121483,5.592888374069791,37.0,28.583778778915647,15.54,12.862700450512042,0.5,8.416221221084353,-21.250813161716035,-12.834591940631682
11,12.0,-0.27773038,0.0871544,-0.26418224,445.57,-193.81,26.295831383342037,3.9761111580177726,445.57,-193.81,60.45411635030333,9.141079552282855,-45.0,33.25866796501134,-18.9,14.966400584255103,0.5,-78.25866796501134,71.29583138334203,-6.962836581669304
11,12.0,-0.26683897,0.09821529,-0.26024404,0.0,0.0,26.587757253188613,4.012936906883482,445.57,-193.81,61.12525392508062,9.225741948925124,-45.0,0.0,-18.9,14.966400584255103,0.5,-45.0,71.58775725318861,26.587757253188613
11,12.0,-0.24629335,0.11792879,-0.25803339,23.33000000000004,-143.69,26.88204759123255,4.050300261970875,445.57,-193.81,61.801827412243625,9.311640302271044,-45.0,1.7414204807857707,-18.9,14.966400584255103,0.5,-46.74142048078577,71.88204759123255,25.14062711044678
11,13.0,-0.40141565,-0.06527661,-0.28891724,376.49,-171.97,14.159034744811452,2.268189241577306,376.49,-171.97,32.55162087832153,5.214567066386227,41.0,28.10233162499073,17.22,12.646049231245827,0.5,12.897668375009271,-26.84096525518855,-13.943296880179277
11,13.0,-0.39954171,-0.06344268,-0.28063411,373.23,-203.98,14.141481925015675,2.280684080181035,373.23,-203.98,32.51126694561104,5.243292700336202,41.0,27.85899554409225,17.22,12.536547994841516,0.5,13.141004455907751,-26.858518074984325,-13.717513619076573
11,13.0,-0.39527437,-0.06391316,-0.27612752,381.92,-209.86,14.19708921390962,2.297557325074988,381.92,-209.86,32.639108102778216,5.282084290347395,45.0,28.507642949922865,18.9,12.82843932746529,0.5,16.492357050077135,-30.80291078609038,-14.310553736013244
11,13.0,-0.33564383,-0.02671453,-0.28472167,244.54999999999995,-244.52,19.230546642121748,3.3136694364734627,381.92,-209.86,44.2110267302379,7.618126034452491,43.0,18.25393821586625,18.06,12.82843932746529,0.5,24.74606178413375,-23.769453357878252,0.976608426255499
11,13.0,-0.33270901,-0.02657154,-0.26073107,202.23,119.19,19.45793623550743,3.344220733422553,381.92,-209.86,44.73379540543158,7.688363466138448,45.0,15.095047742362018,18.9,12.82843932746529,0.5,29.90495225763798,-25.54206376449257,4.362888493145411
11,13.0,-0.33207047,-0.02417364,-0.24754009,231.21000000000004,319.21,19.59926223570154,3.3752915699300967,381.92,-209.86,45.05870387987784,7.759795319269291,45.0,17.258201001392088,18.9,12.82843932746529,0.5,27.741798998607912,-25.40073776429846,2.3410612343094535
11,14.0,-0.30407235,-0.02199319,-0.35321829,400.21,-71.77,10.909544591919047,1.7393796137574975,400.21,-71.77,25.08104301682189,3.998833732028487,29.0,29.8728628639208,12.18,13.442788288764358,0.5,-0.8728628639208011,-18.090455408080953,-18.963318272001754
11,14.0,-0.30057624,0.00498079,-0.31863198,411.04,-89.49,10.961925784337886,1.7469220676508987,411.04,-89.49,25.2014673781928,4.016173833529415,40.0,30.68124622469704,16.8,13.806560801113667,0.5,9.318753775302959,-29.038074215662114,-19.719320440359155
11,14.0,-0.28911892,0.01557972,-0.30920878,427.83,-109.1,11.053465959664354,1.7562281141276692,427.83,-109.1,25.41191824126835,4.03756843437951,41.0,31.93450168429383,17.22,14.370525757932224,0.5,9.065498315706169,-29.946534040335646,-20.881035724629477
11,14.0,-0.40358084,-0.11150485,-0.28662521,442.35,-76.81,11.833260516468757,1.8777216381746855,442.35,-76.81,27.204665927361667,4.316882046163602,11.0,33.018317602896886,4.62,14.8582429213036,0.5,-22.018317602896886,0.8332605164687568,-21.18505708642813
11,14.0,-0.41479811,-0.10922433,-0.26014453,-438.25,-254.25,11.882638294339085,1.8864619497957795,-438.25,-254.25,27.318185438685557,4.336976022580496,11.0,-32.71228142753377,4.62,-14.720526642390196,0.5,43.71228142753377,0.8826382943390847,44.594919721872856
11,14.0,-0.41725907,-0.10805542,-0.25342047,427.14,-128.76,12.029621956560543,1.8972552079706213,427.14,-128.76,27.65610087813269,4.36178972312446,11.0,31.882998035269303,4.62,14.347349115871186,0.5,-20.882998035269303,1.0296219565605433,-19.85337607870876
11,14.0,-0.44085136,-0.06895445,-0.38377324,291.08000000000004,-289.26,14.06099645477572,2.146140107237727,291.08000000000004,-289.26,32.326230849529374,4.933976106539534,7.0,21.727075591389685,2.94,9.77718401612536,0.5,-14.727075591389685,7.0609964547757205,-7.6660791366139645
11,14.0,-0.44112682,-0.06849158,-0.37179706,-41.5,-175.13,14.210211881348474,2.1599712545212624,291.08000000000004,-289.26,32.66927711522014,4.965773914144382,11.0,-3.097683238431606,4.62,9.77718401612536,0.5,14.097683238431607,3.2102118813484743,17.30789511978008
11,14.0,-0.44377503,-0.06963012,-0.36443177,54.5,-170.73000000000002,14.27644223085263,2.171406814874961,291.08000000000004,-289.26,32.821540688730195,4.992064267397534,7.0,4.068041843241507,2.94,9.77718401612536,0.5,2.931958156758493,7.276442230852631,10.208400387611125
11,14.0,-0.31965968,0.08032175,-0.2921434,783.81,-301.2,24.882243988090547,4.3835748988750645,783.81,-301.2,57.20427892862016,10.077838692513772,45.0,53.13870327363018,18.9,23.91241647313358,0.5,-8.138703273630178,-20.117756011909453,-28.25645928553963
11,14.0,-0.31621966,0.07998512,-0.28989068,791.98,-308.47,25.238386601120453,4.432887808902716,791.98,-308.47,58.02305079597592,10.191209072667345,45.0,53.44361980444929,18.9,24.04962891200218,0.5,-8.443619804449291,-19.761613398879547,-28.205233203328838
11,14.0,-0.3165409,0.08267273,-0.29011819,814.19,-299.8,25.416271509285597,4.469318985684151,814.19,-299.8,58.43200819984758,10.27496434808786,-45.0,54.27252998186575,-18.9,24.42263849183959,0.5,-99.27252998186574,70.4162715092856,-28.856258472580155
11,15.0,-0.39642915,-0.09541169,-0.27187496,463.28,-261.7,13.310384987555844,2.157329016319764,463.28,-261.7,30.600575086390887,4.959699408519136,25.0,34.58059495664082,10.5,15.561267730488373,0.5,-9.580594956640823,-11.689615012444156,-21.27020996908498
11,15.0,-0.40049708,-0.09791048,-0.25842813,92.28999999999996,-132.82,13.48761564463641,2.1687188743383423,463.28,-261.7,31.008028367019104,4.985884692103848,18.0,6.888799664454284,7.56,15.561267730488373,0.5,11.111200335545716,-4.51238435536359,6.598815980182126
11,15.0,-0.39607936,-0.09689769,-0.25145826,130.88,-189.09,13.478615493960328,2.182796620997782,463.28,-261.7,30.987337020614795,5.018249431673901,20.0,9.769271861347676,8.4,15.561267730488373,0.5,10.230728138652324,-6.521384506039672,3.7093436326126525
11,15.0,-0.37247482,-0.04571239,-0.23890287,185.95000000000005,-261.32,16.210971281485225,2.662399245214055,463.28,-261.7,37.26902297613453,6.120855864747112,38.0,13.87986019726162,15.96,15.561267730488373,0.5,24.12013980273838,-21.789028718514775,2.331111084223606
11,15.0,-0.36927286,-0.04151148,-0.23663688,235.15,-283.88,16.379926672469438,2.683014929785325,463.28,-261.7,37.657451420007234,6.168251323576461,41.0,17.55229430161908,17.22,15.561267730488373,0.5,23.44770569838092,-24.620073327530562,-1.1723676291496439
11,15.0,-0.36546743,-0.03765091,-0.23660938,52.98000000000002,-201.81,16.327675716569157,2.70010914238041,463.28,-261.7,37.53732647239249,6.2075509183325615,45.0,3.95458452944835,18.9,15.561267730488373,0.5,41.04541547055165,-28.672324283430843,12.373091187120806
11,15.0,-0.30342251,0.06830293,-0.27675873,417.5899999999999,-305.53,23.88444237234394,4.188461987914497,417.5899999999999,-305.53,54.91033301401872,9.62927411021543,-45.0,31.170157675582026,-18.9,14.02657095401191,0.5,-76.17015767558203,68.88444237234394,-7.285715303238085
11,15.0,-0.29728103,0.07147779,-0.28140759,-725.5,-140.25,24.12203592622489,4.234313132367296,-725.5,-140.25,55.45656059439102,9.734685891312417,-45.0,-50.962487494919976,-18.9,-22.93311937271399,0.5,5.962487494919976,69.1220359262249,75.08452342114487
11,15.0,-0.29173568,0.07757151,-0.28371191,-60.13999999999999,-88.66,24.32013038777804,4.272436983628957,-725.5,-140.25,55.91197976150171,9.822332625362971,-45.0,-4.489028191789801,-18.9,-22.93311937271399,0.5,-40.5109718082102,69.32013038777804,28.809158579567843
11,16.0,-0.29233423,0.0557612,-0.28824848,235.5,-91.59,25.11572965293955,4.421407600198339,252.14,-92.72,57.74106247210802,10.164816072855984,-45.0,17.578419340979355,-18.9,8.469215259811211,0.5,-62.57841934097935,70.11572965293955,7.537310311960194
11,16.0,-0.29059488,0.05589626,-0.29055393,252.14,-92.72,25.46355637697553,4.471417928298164,252.14,-92.72,58.54071611066675,10.27978981715748,-45.0,18.820478355136025,-18.9,8.469215259811211,0.5,-63.820478355136025,70.46355637697553,6.643078021839504
11,16.0,-0.29305604,0.06016351,-0.29290602,195.67999999999995,-49.33,25.594753294612776,4.5130176650905085,252.14,-92.72,58.84233782431477,10.375427612043076,-45.0,14.606136291477023,-18.9,8.469215259811211,0.5,-59.60613629147702,70.59475329461277,10.988617003135753
11,17.0,-0.37474138,-0.11308986,-0.36161405,-657.0,-198.75,12.543014828610586,1.6045454147527467,-657.0,-198.75,28.83639109097573,3.6888499085165662,4.0,-48.40596578609389,1.68,-21.78268460374225,0.5,52.40596578609389,8.543014828610586,60.948980614704475
11,17.0,-0.3760201,-0.10726698,-0.30377278,369.1500000000001,-255.56,12.629433888773043,1.6162119137835358,369.1500000000001,-255.56,29.035068510289225,3.715671189788349,13.0,27.554452228121143,5.46,12.399503502654516,0.5,-14.554452228121143,-0.3705661112269567,-14.9250183393481
11,17.0,-0.37987137,-0.10519681,-0.27411884,98.62,-137.31,12.680974256226026,1.6290327290002686,369.1500000000001,-255.56,29.153559815063637,3.745146243971616,15.0,7.361289662027109,6.3,12.399503502654516,0.5,7.638710337972891,-2.319025743773974,5.319684594198917
11,17.0,-0.34927809,-0.06778366,-0.27772343,465.8,-294.5,17.71656568467774,2.439510952398601,465.8,-294.5,40.73038450907412,5.608435679564384,27.0,34.76869524003474,11.34,15.645912858015633,0.5,-7.768695240034738,-9.28343431532226,-17.052129555357
11,17.0,-0.34916705,-0.06166521,-0.2599566,431.72,-267.01,17.78749837798186,2.456171949881771,431.72,-267.01,40.89345877098029,5.646739312778191,34.0,32.2248628360408,14.28,14.50118827621836,0.5,1.7751371639592008,-16.21250162201814,-14.43736445805894
11,17.0,-0.34536847,-0.05885664,-0.25774756,426.97,-246.67,17.921553654920732,2.4794135280644047,426.97,-246.67,41.20165185266276,5.700171701020068,37.0,31.87030873043718,15.54,14.341638928696732,0.5,5.129691269562819,-19.078446345079268,-13.948755075516448
11,18.0,-0.21531801,-0.43310681,-0.37203312,80.51999999999998,89.88999999999999,-21.32756911611977,3.402441182567223,-557.89,-314.49,-49.03208139795935,7.822212278722045,-37.0,6.010251912253322,-15.54,-18.739154839756,-0.5,-43.010251912253324,15.672430883880232,-27.337821028373092
11,18.0,-0.21522585,-0.43271938,-0.36703593,-557.89,-314.49,-21.590753351551196,3.433601166718635,-557.89,-314.49,-49.637141955216194,7.893849082286138,-39.0,-41.64256631056888,-16.38,-18.739154839756,-0.5,2.6425663105688812,17.409246648448804,20.051812959017685
11,18.0,-0.21954203,-0.43665528,-0.36994803,-512.86,-340.08,-21.806039162774383,3.4594448473250985,-512.86,-340.08,-50.13208403521831,7.953263704000403,-39.0,-38.281393389446585,-16.38,-17.226627025250963,-0.5,-0.7186066105534152,17.193960837225617,16.475354226672202
11,19.0,-0.33745137,-0.11835454,-0.29814556,346.9000000000001,127.51999999999998,14.108462965038148,2.754222088246804,346.9000000000001,127.51999999999998,32.435356356622705,6.331956580879401,26.0,25.8936461545042,10.92,11.65214076952689,0.5,0.10635384549579996,-11.891537034961852,-11.785183189466052
11,19.0,-0.33362967,-0.11575918,-0.2624712,287.15,-197.41,14.270183310919224,2.771205901195132,287.15,-197.41,32.8071514318033,6.371002366847607,37.0,21.433728720858685,15.54,9.645177924386408,0.5,15.566271279141315,-22.729816689080778,-7.163545409939461
11,19.0,-0.32295674,-0.10928108,-0.24626215,347.95000000000005,-159.76,14.153664539730276,2.7900952138783888,347.95000000000005,-159.76,32.5392747768399,6.414428896706415,41.0,25.972021272585,17.22,11.687409572663247,0.5,15.027978727415,-26.846335460269724,-11.818356732854724
11,19.0,-0.28266525,-0.01331243,-0.32773498,372.48,-319.97,16.215664986021782,3.447447180902921,372.48,-319.97,37.27981380286408,7.925681068895818,45.0,27.803013316891683,18.9,12.511355992601258,0.5,17.196986683108317,-28.784335013978218,-11.5873483308699
11,19.0,-0.27841297,-0.01209849,-0.32913026,200.59000000000003,-259.12,16.679133902980062,3.473129270357539,372.48,-319.97,38.34532884295116,7.984724192551983,45.0,14.972633272216768,18.9,12.511355992601258,0.5,30.02736672778323,-28.320866097019938,1.7065006307632942
11,19.0,-0.27671954,-0.01207482,-0.33201823,179.26,-154.01999999999998,17.13456097000911,3.499202601945063,372.48,-319.97,39.39235567005095,8.0446667818717,-45.0,13.38049873063252,-18.9,12.511355992601258,0.5,-58.38049873063252,62.13456097000911,3.7540622393765926
11,19.0,-0.24505059,0.02637706,-0.3127408,294.76,-138.29,24.081372306739997,5.094953972967877,294.76,-138.29,55.36307493319524,11.713299183853152,-45.0,22.001761719520484,-18.9,9.900792773784218,0.5,-67.00176171952049,69.08137230674,2.0796105872195128
11,19.0,-0.24561559,0.02555847,-0.31452206,325.51,-178.95,24.267663542090894,5.150879024250118,325.51,-178.95,55.79135848326696,11.841870876751024,-45.0,24.2970330347439,-18.9,10.933664865634755,0.5,-69.2970330347439,69.2676635420909,-0.029369492653007256
11,19.0,-0.24410491,0.02689688,-0.31341892,309.92999999999995,-263.75,24.490796051900155,5.192191741572653,309.92999999999995,-263.75,56.30434012331845,11.936848813875532,-45.0,23.13409556836404,-18.9,10.410343005763815,0.5,-68.13409556836405,69.49079605190016,1.356700483536116
11,19.0,-0.21767561,0.0389155,-0.31150541,236.16,-183.07,26.95898258906383,5.819527446078782,309.92999999999995,-263.75,61.97870097225774,13.37909359853512,-45.0,17.627683700915853,-18.9,10.410343005763815,0.5,-62.62768370091585,71.95898258906382,9.331298888147977
11,19.0,-0.2148478,0.03949299,-0.31094581,243.67999999999995,-196.32,27.138485231059004,5.882499620301619,309.92999999999995,-263.75,62.39137754620465,13.52386662707342,-45.0,18.188998832313583,-18.9,10.410343005763815,0.5,-63.18899883231359,72.13848523105901,8.949486398745421
11,19.0,-0.21406135,0.0419296,-0.31915501,218.95000000000005,-204.76,27.48807511926787,5.9529814530266965,309.92999999999995,-263.75,63.195084699196826,13.68590436050837,-45.0,16.343078194086754,-18.9,10.410343005763815,0.5,-61.34307819408676,72.48807511926788,11.144996925181115
11,19.0,-0.16025455,0.06709619,-0.33986205,288.69000000000005,-181.29,30.900951665763376,6.8047162990142205,288.69000000000005,-181.29,71.04128787959,15.644042771433696,-31.0,21.548678894043867,-13.02,9.69690550231974,0.5,-52.54867889404387,61.90095166576337,9.352272771719509
11,19.0,-0.15671645,0.06951739,-0.33950263,359.65,-244.07,31.29787737328179,6.892247238357342,359.65,-244.07,71.95382008117483,15.845276400983533,-31.0,26.845344016913906,-13.02,12.080404807611256,0.5,-57.845344016913906,62.29787737328179,4.4525333563678835
11,19.0,-0.15163654,0.0725126,-0.3379266,721.1800000000001,299.34,31.66196018710621,6.973201958689968,721.1800000000001,299.34,72.79084647015718,16.031391303028233,-29.0,50.801258680582336,-12.18,22.86056640626205,0.5,-79.80125868058234,60.66196018710621,-19.139298493476126
11,20.0,-0.3346158,-0.46545497,-0.33730164,380.9,289.94,-18.417904456931257,2.816373847133796,380.9,289.94,-42.34276234648496,6.474843474560597,-31.0,28.43150712093009,-13.02,12.79417820441854,-0.5,-59.43150712093009,12.582095543068743,-46.849411577861346
11,20.0,-0.35088265,-0.47878802,-0.32805738,411.78,355.92,-18.57488956038184,2.828498318014541,380.9,289.94,-42.70367109931785,6.502717633115431,-31.0,30.736482022201603,-13.02,12.79417820441854,-0.5,-61.7364820222016,12.425110439618159,-49.31137158258345
11,20.0,-0.34831971,-0.47951823,-0.32633501,248.9300000000001,265.61,-18.69395825902257,2.8488898953936834,380.9,289.94,-42.97741003749289,6.549597869510077,-31.0,18.580874422717585,-13.02,12.79417820441854,-0.5,-49.580874422717585,12.306041740977431,-37.27483268174015
11,20.0,-0.21963151,-0.42165765,-0.37559414,-234.21,-86.02,-21.931242434972088,3.2689125419710567,380.9,289.94,-50.41992635800083,7.51522993399146,-39.0,-17.48212991019437,-16.38,12.79417820441854,-0.5,-21.51787008980563,17.068757565027912,-4.449112524777718
11,20.0,-0.22107267,-0.42164692,-0.3746894,-55.98000000000002,-5.170000000000002,-22.154742464873664,3.292582433700097,380.9,289.94,-50.93375292674455,7.569647015076523,-39.0,-4.178513438250636,-16.38,12.79417820441854,-0.5,-34.82148656174937,16.845257535126336,-17.976229026623027
11,20.0,-0.22119722,-0.42146692,-0.37535781,441.89,71.87,-22.291585254702746,3.319256759718785,441.89,71.87,-51.2483545005616,7.630971290593486,-42.0,32.98398183688054,-17.64,14.842791826596242,-0.5,-74.98398183688053,19.708414745297254,-55.275567091583284
11,21.0,-0.38759488,-0.45223004,-0.33036453,-512.7,-141.15,-15.857779777947847,2.5020760145896395,-512.7,-141.15,-36.4570357095021,5.752272757541579,-29.0,-38.26945051431048,-12.18,-17.221252731439716,-0.5,9.269450514310478,13.142220222052153,22.41167073636263
11,21.0,-0.40164462,-0.45914638,-0.32820272,-463.88,-153.91,-15.949174664941982,2.5183425040061724,-463.88,-153.91,-36.667152554701616,5.78966941671019,-29.0,-34.62538073840128,-12.18,-15.581421332280575,-0.5,5.625380738401283,13.050825335058018,18.6762060734593
11,21.0,-0.40437168,-0.45666063,-0.32428038,257.87,217.5,-16.119159187126858,2.53315541898482,257.87,217.5,-37.05794697120464,5.823724308246099,-29.0,19.24818257094839,-12.18,8.661682156926776,-0.5,-48.24818257094839,12.880840812873142,-35.36734175807525
11,21.0,-0.35003889,-0.42834058,-0.31279975,285.38,11.5,-18.70828986724225,2.858708231002951,285.38,11.5,-43.01035840478993,6.572170223075784,-31.0,21.301610664665343,-13.02,9.585724799099404,-0.5,-52.30161066466535,12.29171013275775,-40.00990053190759
11,21.0,-0.35659766,-0.43411693,-0.31005657,163.66999999999996,-66.09,-18.82954648323437,2.879498914293194,285.38,11.5,-43.28912736495582,6.61996800396005,-31.0,12.216814834556644,-13.02,9.585724799099404,-0.5,-43.216814834556644,12.17045351676563,-31.046361317791014
11,21.0,-0.36117584,-0.43309626,-0.30308172,134.23000000000002,-113.65,-18.99748500312076,2.8984361509025955,285.38,11.5,-43.67521802217462,6.663504710925068,-29.0,10.01932580951023,-12.18,9.585724799099404,-0.5,-39.01932580951023,10.002514996879238,-29.016810812630993
11,22.0,-0.37415323,-0.04357723,-0.2651456,231.29,-212.9,15.91458083775079,2.619513069461985,305.80999999999995,-186.15,36.58762134598906,6.022260546693103,29.0,17.264172438960145,12.18,10.271954940124004,0.5,11.735827561039855,-13.08541916224921,-1.3495916012093545
11,22.0,-0.37149438,-0.04291087,-0.26370046,305.80999999999995,-186.15,16.114843889465618,2.6395320868888072,305.80999999999995,-186.15,37.048026101881455,6.068284267757367,29.0,22.826566533608897,12.18,10.271954940124004,0.5,6.173433466391103,-12.885156110534382,-6.711722644143279
11,22.0,-0.36759004,-0.04230927,-0.26320973,-9.399999999999975,-115.19,16.30464179778268,2.6598501667510925,305.80999999999995,-186.15,37.48437149310238,6.11499553336076,29.0,-0.7016439142471572,12.18,10.271954940124004,0.5,29.701643914247157,-12.69535820221732,17.006285712029836
11,22.0,-0.29977411,0.00352001,-0.2746186,28.16999999999996,-155.78,19.742657525210813,3.2628803488647424,305.80999999999995,-186.15,45.38836965045966,7.501361922040044,-45.0,2.102692453653451,-18.9,10.271954940124004,0.5,-47.102692453653454,64.74265752521082,17.639965071557363
11,22.0,-0.29942718,0.00954221,-0.27995008,34.48000000000002,-201.89,19.832627193044008,3.292665919102617,305.80999999999995,-186.15,45.59520991680817,7.5698389480169155,-45.0,2.573689591834261,-18.9,10.271954940124004,0.5,-47.57368959183426,64.832627193044,17.258937601209748
11,22.0,-0.29940253,0.01288799,-0.28745356,36.58000000000004,-205.17,19.95008625547344,3.314615635013997,305.80999999999995,-186.15,45.86524830133344,7.620301344897179,45.0,2.730439827995862,18.9,10.271954940124004,0.5,42.26956017200414,-25.04991374452656,17.219646427477578
11,22.0,-0.24721901,0.0536806,-0.29324731,244.69000000000003,-234.84,25.661787593593047,4.602608090907605,305.80999999999995,-186.15,58.99644967767041,10.581396000996584,-45.0,18.26438823161036,-18.9,10.271954940124004,0.5,-63.26438823161036,70.66178759359305,7.397399361982686
11,22.0,-0.25070179,0.05251094,-0.29656526,248.29999999999995,-262.94,25.912377172435782,4.65119709457333,305.80999999999995,-186.15,59.572555119429865,10.693102120424085,-45.0,18.5338493518691,-18.9,10.271954940124004,0.5,-63.5338493518691,70.91237717243578,7.378527820566681
11,22.0,-0.25237477,0.05223124,-0.30077556,218.26,-233.76,26.167734535170187,4.70064741775928,305.80999999999995,-186.15,60.159621696356254,10.806788413428585,45.0,16.291574545062222,18.9,10.271954940124004,0.5,28.708425454937778,-18.832265464829813,9.876159990107965
11,23.0,-0.34094113,-0.43224418,-0.29784283,-417.18,-148.61,-13.609491802970068,2.172881866408308,-417.18,-148.61,-31.288221655028185,4.995455410872701,-26.0,-31.13955405804572,-10.92,-14.012799326120572,-0.5,5.1395540580457215,12.390508197029932,17.530062255075656
11,23.0,-0.33643675,-0.4281207,-0.29615909,-170.04999999999995,-44.30000000000001,-13.619267489217952,2.1841057916298308,-417.18,-148.61,-31.31069595771207,5.021259214956981,-26.0,-12.693036980609504,-10.92,-14.012799326120572,-0.5,-13.306963019390496,12.380732510782048,-0.9262305086084481
11,23.0,-0.33434054,-0.42661095,-0.30137116,-228.70000000000005,-75.15,-13.60274855155725,2.1967086304181764,-417.18,-148.61,-31.272718920030115,5.050233141331388,-26.0,-17.070847147694177,-10.92,-14.012799326120572,-0.5,-8.929152852305823,12.39725144844275,3.4680985961369277
11,23.0,-0.32067898,-0.51092958,-0.33134755,-118.82000000000004,-222.82,-19.88208705334613,3.062622934780233,-417.18,-148.61,-45.70891813564275,7.040970127059754,-35.0,-8.869077647962497,-14.7,-14.012799326120572,-0.5,-26.1309223520375,15.11791294665387,-11.013009405383633
11,23.0,-0.31456441,-0.51021165,-0.32807249,-139.70000000000005,-211.24,-20.087690381486127,3.0861497042388937,-417.18,-148.61,-46.1816001870366,7.095058170045217,-34.0,-10.427622853226396,-14.28,-14.012799326120572,-0.5,-23.572377146773604,13.912309618513873,-9.66006752825973
11,23.0,-0.29871023,-0.50326616,-0.32919356,-171.21000000000004,-197.01,-20.22958923677957,3.10758851783098,-417.18,-148.61,-46.50782565535624,7.144346002493425,-42.0,-12.779622825346394,-17.64,-14.012799326120572,-0.5,-29.220377174653606,21.77041076322043,-7.449966411433177
11,23.0,-0.28146565,-0.51589745,-0.3239556,-862.05,-144.29,-21.75750194008836,3.312939667445985,-862.05,-144.29,-50.02049696026313,7.616448295458319,-45.0,-56.058736244411975,-18.9,-25.22643130998539,-0.5,11.058736244411975,23.24249805991164,34.301234304323614
11,23.0,-0.28495154,-0.5128153,-0.32166824,-780.32,-166.44,-21.917790342477225,3.3372065416091807,-780.32,-166.44,-50.38899999735514,7.672237839159507,-45.0,-53.008451291676856,-18.9,-23.853803081254583,-0.5,8.008451291676856,23.082209657522775,31.09066094919963
11,23.0,-0.29274836,-0.51693487,-0.32116544,0.0,0.0,-22.094840110529343,3.367289149379907,-780.32,-166.44,-50.79603741410696,7.741397754424405,-45.0,0.0,-18.9,-23.853803081254583,-0.5,-45.0,22.905159889470657,-22.094840110529343
11,23.0,-0.26509523,-0.5032143,-0.30926311,418.26,54.77,-23.27180632101732,3.679355279484934,418.26,54.77,-53.50188273201881,8.458837787535863,-45.0,31.22016846521454,-18.9,14.049075809346544,-0.5,-76.22016846521454,21.72819367898268,-54.491974786231864
11,23.0,-0.26252881,-0.50536615,-0.31306913,405.23,39.75,-23.38616497193473,3.708373266543864,405.23,39.75,-53.76479327047793,8.525550139784347,-45.0,30.247570571316626,-18.9,13.61140675709248,-0.5,-75.24757057131663,21.61383502806527,-53.633735543251355
11,23.0,-0.25812241,-0.50377649,-0.31387323,94.17999999999996,-71.38,-23.50592932527671,3.744372871880424,405.23,39.75,-54.04013151881116,8.608313232453096,-45.0,7.029874876999723,-18.9,13.61140675709248,-0.5,-52.02987487699972,21.49407067472329,-30.535804202276434
11,24.0,-0.33731893,-0.41011071,-0.28084746,102.67999999999996,-238.04,-1.3633922234756444,1.7154927935619382,,,-3.1344387217705063,3.943917932398896,-24.0,7.664340118606196,-10.08,,-0.5,-31.664340118606198,22.636607776524357,-9.02773234208184
11,24.0,-0.33900177,-0.40773267,-0.27828303,97.80999999999996,-236.74,-2.0646095858001314,1.72318803274834,,,-4.746537437754502,3.9616092872884336,-24.0,7.300828856650486,-10.08,,-0.5,-31.300828856650487,21.93539041419987,-9.365438442450618
11,24.0,-0.34274274,-0.41096124,-0.28247622,101.51,-221.38,-2.837116863202417,1.730861626969484,,,-6.522531668502356,3.979250880402844,-24.0,7.577007844173308,-10.08,,-0.5,-31.57700784417331,21.162883136797582,-10.414124707375725
11,24.0,-0.27116048,-0.40571895,-0.31637946,93.30999999999996,-218.44,-13.2647545008607,1.841701307185084,,,-30.49567059747875,4.234071305218508,-45.0,6.964935493447059,-18.9,,-0.5,-51.96493549344706,31.7352454991393,-20.22968999430776
11,24.0,-0.27998286,-0.40854707,-0.30703676,101.88,-140.0,-13.502057957811514,1.8495388738441232,,,-31.04123124500867,4.252089870967637,-37.0,7.604625742925589,-15.54,,-0.5,-44.60462574292559,23.497942042188484,-21.106683700737104
11,24.0,-0.27180764,-0.40287551,-0.30847928,101.80999999999996,-152.23,-13.79536214680078,1.8559672610342792,,,-31.71553757549499,4.266868733117809,-42.0,7.599400735053532,-17.64,,-0.5,-49.599400735053536,28.20463785319922,-21.394762881854312
11,25.0,-0.37183535,-0.0202157,-0.30065742,553.4,-89.14,18.009082734367947,3.065580989725963,553.4,-89.14,41.40288120631191,7.047770695379992,30.0,41.30741937706146,12.6,18.588338719677655,0.5,-11.307419377061457,-11.990917265632053,-23.29833664269351
11,25.0,-0.3804521,-0.02215038,-0.27886015,-344.25,-125.0,18.12294870414259,3.087146804683374,-344.25,-125.0,41.66465907082382,7.097350503967075,30.0,-25.695842285062177,12.6,-11.56312902827798,0.5,55.69584228506218,-11.87705129585741,43.81879098920477
11,25.0,-0.37800241,-0.02594943,-0.26842916,369.19000000000005,37.860000000000014,18.171598118442173,3.105000148070835,369.19000000000005,37.860000000000014,41.77650407429856,7.138395340414849,35.0,27.55743794690517,14.7,12.400847076107327,0.5,7.442562053094829,-16.828401881557827,-9.385839828462998
11,25.0,-0.25286075,0.0759729,-0.28150061,629.51,-180.26,27.77346623965559,4.750552589339549,629.51,-180.26,63.8511988849682,10.92152040289162,-29.0,46.98849579337543,-12.18,21.144823107018944,0.5,-75.98849579337542,56.77346623965559,-19.215029553719837
11,25.0,-0.25144964,0.08256269,-0.28905582,658.02,-187.49,27.99197273653853,4.787081881813599,658.02,-187.49,64.35354532130208,11.005501246289462,-31.0,48.44403370059028,-13.02,21.799815165265628,0.5,-79.44403370059028,58.99197273653853,-20.452060964051753
11,25.0,-0.2469402,0.08558723,-0.29245296,672.24,-190.11,28.305298400647,4.824028369486886,672.24,-190.11,65.07388102308744,11.090441221450348,-31.0,48.974745214451694,-13.02,22.038635346503263,0.5,-79.9747452144517,59.305298400647004,-20.669446813804694
11,26.0,-0.31628621,-0.03485053,-0.257909,398.84,-240.22,21.608909683617817,3.761904751685465,398.84,-240.22,49.67888336263736,8.648619024124887,45.0,29.770601995567755,18.9,13.39677089800549,0.5,15.229398004432245,-23.391090316382183,-8.161692311949938
11,26.0,-0.3136923,-0.03164701,-0.25677893,444.69000000000005,-250.72,21.826513757308245,3.787201486509636,444.69000000000005,-250.72,50.17915512805165,8.70677621748565,45.0,33.19298215176268,18.9,14.936841968293203,0.5,11.807017848237322,-23.173486242691755,-11.366468394454433
11,26.0,-0.30898091,-0.03046562,-0.25622138,499.8599999999999,-260.32,21.967440446830658,3.8185447581910807,499.8599999999999,-260.32,50.50314558726368,8.778834399081294,45.0,37.31103478463668,18.9,16.789965653086508,0.5,7.688965215363318,-23.032559553169342,-15.343594337806024
11,27.0,-0.2943615,-0.06212718,-0.26929021,502.83,-53.73,18.153303539350727,3.379763979779969,502.83,-53.73,41.73444483696732,7.770077389514146,-31.0,37.53272440435095,-13.02,16.889725981957927,0.5,-68.53272440435094,49.15330353935073,-19.379420865000224
11,27.0,-0.29379731,-0.05905559,-0.2723996,517.39,-118.54,18.24542788509156,3.403281049942775,517.39,-118.54,41.94623870782549,7.824143133818438,-45.0,38.61952604173804,-18.9,17.37878671878212,0.5,-83.61952604173804,63.24542788509156,-20.374098156646482
11,27.0,-0.29382738,-0.05609656,-0.27516577,569.58,-138.67000000000002,18.38530150801044,3.4294910416527093,569.58,-138.67000000000002,42.267808166916,7.884399904759579,-45.0,42.51514262520179,-18.9,19.131814181340808,0.5,-87.51514262520179,63.38530150801044,-24.12984111719135
11,28.0,-0.27688032,-0.50505728,-0.32203403,101.24,-63.69,-22.60093739356373,2.803652405322641,,,-51.95955506780301,6.445596879836753,-45.0,7.556854242381104,-18.9,,-0.5,-52.55685424238111,22.39906260643627,-30.157791635944832
11,28.0,-0.27495915,-0.50334865,-0.32477495,94.26,-86.58,-22.752061192023856,2.8304135393663774,,,-52.30698868046285,6.507120727003301,-45.0,7.035846314567786,-18.9,,-0.5,-52.035846314567785,22.247938807976144,-29.787907506591644
11,28.0,-0.27750248,-0.5070278,-0.32273626,219.42000000000007,-128.06,-22.99971350434561,2.8603576561677877,,,-52.87634134649056,6.575962251529742,-45.0,16.378160389799113,-18.9,,-0.5,-61.37816038979911,22.00028649565439,-39.37787389414473
11,29.0,-0.34498987,-0.10890936,-0.31540227,68.75,-95.57,15.767587439102964,2.7392436327410143,256.76,-250.07,36.24968352249771,6.297521111671591,5.0,5.131704160052359,2.1,8.624397993611195,0.5,-0.13170416005235897,10.767587439102964,10.635883279050606
11,29.0,-0.34312013,-0.10495263,-0.27040341,42.28999999999997,-109.05,15.901274600299269,2.75525760604788,256.76,-250.07,36.557030306088016,6.334337236304076,15.0,3.1566511844162046,6.3,8.624397993611195,0.5,11.843348815583795,0.9012746002992689,12.744623415883064
11,29.0,-0.34114698,-0.10439514,-0.25458121,51.33000000000004,-129.52,15.992503331672664,2.771450498089089,256.76,-250.07,36.76676515951546,6.371564695106814,20.0,3.831423629607096,8.4,8.624397993611195,0.5,16.168576370392906,-4.007496668327336,12.161079702065567
11,29.0,-0.27941486,-0.05282015,-0.28193855,256.76,-250.07,20.79342699067719,3.623024771761989,256.76,-250.07,47.80408865156686,8.329333950280812,45.0,19.165328874691543,18.9,8.624397993611195,0.5,25.834671125308457,-24.20657300932281,1.6280981159856474
11,29.0,-0.27788678,-0.04895265,-0.28337419,11.039999999999964,-121.7,20.95188977142206,3.649510550624456,256.76,-250.07,48.16839458449932,8.390224755885622,45.0,0.8240583843924052,18.9,8.624397993611195,0.5,44.17594161560759,-24.04811022857794,20.127831387029655
11,29.0,-0.27949601,-0.0480332,-0.28354847,-112.91999999999996,-113.5,21.10745713740325,3.6763316163488335,256.76,-250.07,48.52604395889007,8.451886385985969,45.0,-8.428684127317995,18.9,8.624397993611195,0.5,53.42868412731799,-23.89254286259675,29.536141264721245
11,30.0,-0.26530433,-0.03394723,-0.26045495,261.07000000000005,-131.61,21.77557204496783,3.8150735556179294,261.07000000000005,-131.61,50.06204013138104,8.770854104365622,45.0,19.48704007367083,18.9,8.769168033151873,0.5,25.51295992632917,-23.22442795503217,2.288531971297001
11,30.0,-0.26508474,-0.03265353,-0.26141566,240.26,-180.54,21.9441235484797,3.8440642217309353,261.07000000000005,-131.61,50.449540037954826,8.83750364575942,45.0,17.93371987627898,18.9,8.769168033151873,0.5,27.06628012372102,-23.0558764515203,4.01040367220072
11,30.0,-0.26565179,-0.03276749,-0.26269853,310.73,-235.87,22.110134538235872,3.873403417219079,310.73,-235.87,50.83119930340427,8.904954456186662,45.0,23.19380994404465,18.9,10.437214474820092,0.5,21.80619005595535,-22.889865461764128,-1.0836754058087763
11,31.0,-0.30779231,-0.03512251,-0.2798329,-34.33000000000004,-239.83,20.16331908828804,5.575351609184982,,,46.3554705839742,12.817733349516272,45.0,-2.5624931463941483,18.9,,0.5,47.56249314639415,-24.83668091171196,22.725812234682188
11,31.0,-0.30874109,-0.03666966,-0.28114849,-17.730000000000018,-253.31,20.32846757655477,5.613247236207121,,,46.73514695849942,12.904855396040173,45.0,-1.3234198510215045,18.9,,0.5,46.323419851021505,-24.67153242344523,21.651887427576277
11,31.0,-0.30562261,-0.03472466,-0.28003114,-8.580000000000041,-268.14,20.452637552482216,5.651572994026795,,,47.020613733156615,12.992966313267605,45.0,-0.6404366791745375,18.9,,0.5,45.640436679174535,-24.547362447517784,21.093074231656754
11,32.0,-0.31748286,-0.03472857,-0.25371423,464.1400000000001,-32.72,18.8293735688535,3.1930030575275543,464.1400000000001,-32.72,43.2887298347942,7.3407140292558495,45.0,34.644787910497485,18.9,15.590154559723867,0.5,10.355212089502515,-26.1706264311465,-15.815414341643983
11,32.0,-0.31639695,-0.03480886,-0.25659001,553.6600000000001,-373.55,18.988413386094557,3.212049316329166,553.6600000000001,-373.55,43.654362374631376,7.384501378240753,45.0,41.32682654915767,18.9,18.59707194712095,0.5,3.6731734508423273,-26.011586613905443,-22.338413163063116
11,32.0,-0.31544194,-0.034123,-0.25820997,559.71,-385.39,19.179655938417262,3.2334407557298466,559.71,-385.39,44.094029002421294,7.433680297422917,45.0,41.77841651524227,18.9,18.800287431859022,0.5,3.22158348475773,-25.820344061582738,-22.598760576825008
11,33.0,-0.32948709,-0.08512394,-0.23061056,458.04,-294.78,14.9807000847533,2.564090069222249,458.04,-294.78,34.44062949484783,5.894843069141952,41.0,34.18946579593283,17.22,15.385259608169775,0.5,6.810534204067167,-26.019299915246698,-19.20876571117953
11,33.0,-0.33085057,-0.08242067,-0.23193803,425.01,-305.29,15.158641444681002,2.5782532354470917,425.01,-305.29,34.849716681321624,5.927404188292861,45.0,31.724008510019683,18.9,14.275803829508858,0.5,13.275991489980317,-29.841358555318998,-16.56536706533868
11,33.0,-0.33377528,-0.08100688,-0.23420213,127.52999999999996,-212.76,15.316463355186723,2.592567632108921,425.01,-305.29,35.21254925357428,5.96031298621841,41.0,9.519217913185123,17.22,14.275803829508858,0.5,31.480782086814877,-25.683536644813277,5.7972454420016
11,33.0,-0.34235555,-0.01413104,-0.27529538,609.6500000000001,-334.81,19.6357201033037,3.478095746797788,609.6500000000001,-334.81,45.14252051749521,7.996142121888113,-31.0,45.50608641710431,-13.02,20.477738887696937,0.5,-76.50608641710431,50.6357201033037,-25.870366313800606
11,33.0,-0.34101501,-0.01288582,-0.27286685,86.10000000000002,-158.12,19.693290905461392,3.50278971074378,609.6500000000001,-334.81,45.27487579165574,8.052913544999953,-31.0,6.426759682625574,-13.02,20.477738887696937,0.5,-37.42675968262557,50.693290905461396,13.266531222835818
11,33.0,-0.33664522,-0.0113231,-0.27544436,112.63,-198.09,19.83440516267634,3.5277933431974446,609.6500000000001,-334.81,45.5992974689929,8.110396896010926,-31.0,8.407037666133776,-13.02,20.477738887696937,0.5,-39.407037666133775,50.83440516267634,11.427367496542564
11,34.0,-0.3478694,-0.02667603,-0.31946149,410.46,-211.46,20.13860223027656,3.527911354780768,410.46,-211.46,46.298646527405815,8.110668204640987,0.0,30.637953302328604,0.0,13.787078986047872,0.5,-30.637953302328604,20.13860223027656,-10.499351072052043
11,34.0,-0.34849223,-0.02582345,-0.31420824,404.0899999999999,-243.04,20.247290696570357,3.5506540759259835,404.0899999999999,-243.04,46.54852131141524,8.162953720553837,0.0,30.162477585971743,0.0,13.573114913687284,0.5,-30.162477585971743,20.247290696570357,-9.915186889401387
11,34.0,-0.35003948,-0.02829753,-0.31363678,110.74,-177.93,20.350044629847574,3.5762484931832894,404.0899999999999,-243.04,46.78475260401957,8.221795285828382,0.0,8.265962453588338,0.0,13.573114913687284,0.5,-8.265962453588338,20.350044629847574,12.084082176259235
11,35.0,-0.30413985,-0.00860917,-0.33694711,215.09000000000003,-162.28,22.83780888179067,4.006420311118065,253.16,-258.34000000000003,52.50412261923675,9.210760295260432,-45.0,16.05495633142781,-18.9,8.503476382857961,0.5,-61.05495633142781,67.83780888179066,6.782852550362861
11,35.0,-0.30267453,-0.00371636,-0.33594561,235.61,-231.01,23.04075894313521,4.034769010164016,253.16,-258.34000000000003,52.97070481026785,9.275933954367073,-45.0,17.58663006763544,-18.9,8.503476382857961,0.5,-62.58663006763544,68.04075894313522,5.454128875499769
11,35.0,-0.304506987,0.000124293583,-0.335489273,253.16,-258.34000000000003,23.32083925943209,4.069839519325715,253.16,-258.34000000000003,53.614609457434376,9.35656105492982,-45.0,18.8966141841288,-18.9,8.503476382857961,0.5,-63.8966141841288,68.32083925943209,4.424225075303291
11,36.0,-0.28885201,-0.00228121,-0.31719536,229.71000000000004,-258.85,23.419439980438334,5.350143885159554,,,53.841292515027725,12.299980791981811,45.0,17.14623654699095,18.9,,0.5,27.85376345300905,-21.580560019561666,6.273203433447385
11,36.0,-0.28686947,-0.00185671,-0.31554067,82.44000000000005,-244.45,23.69643299753127,5.388509757975317,,,54.47809946132439,12.38818393358525,45.0,6.153566413886789,18.9,,0.5,38.84643358611321,-21.30356700246873,17.542866583644482
11,36.0,-0.28738314,0.00081455,-0.31332022,90.12,-254.72,23.9514935480719,5.423400322201475,,,55.06448366701729,12.468397340741188,45.0,6.726824420420635,18.9,,0.5,38.273175579579366,-21.0485064519281,17.224669127651264
11,37.0,-0.34975293,-0.13788281,-0.35799018,535.32,-78.39,13.314136795383565,2.3950315448944783,535.32,-78.39,30.60920049258681,5.506177521712406,22.0,39.95787448667969,9.24,17.981043519005862,0.5,-17.957874486679692,-8.685863204616435,-26.643737691296128
11,37.0,-0.34610099,-0.12829748,-0.31115797,557.4,-108.9,13.329901329413408,2.4063494308605358,557.4,-108.9,30.645443156321424,5.53219734154837,23.0,41.60599125546451,9.66,18.72269606495903,0.5,-18.60599125546451,-9.670098670586592,-28.2760899260511
11,37.0,-0.34725472,-0.12406869,-0.30112058,550.16,-124.85,13.410339539646936,2.420311967592103,550.16,-124.85,30.83037060164831,5.564297213494244,23.0,41.06557615555499,9.66,18.47950926999975,0.5,-18.065576155554993,-9.589660460353064,-27.65523661590806
11,37.0,-0.32440221,-0.03477589,-0.33877924,203.96000000000004,-93.36,18.64126032300188,3.473815045196913,550.16,-124.85,42.85625748258132,7.986300788907705,45.0,15.224180079771337,18.9,18.47950926999975,0.5,29.775819920228663,-26.35873967699812,3.4170802432305436
11,37.0,-0.31818515,-0.03632569,-0.34137133,371.84,-139.99,18.81500546175101,3.5013591007529588,371.84,-139.99,43.25569755656557,8.049624572631053,45.0,27.75524181634719,18.9,12.489858817356236,0.5,17.24475818365281,-26.18499453824899,-8.94023635459618
11,37.0,-0.32176045,-0.03666745,-0.34247819,517.29,-158.75,18.91357140022712,3.5267454611628093,517.29,-158.75,43.48230064912215,8.1079878152133,42.0,38.61206174477796,17.64,17.375427785150084,0.5,3.387938255222039,-23.08642859977288,-19.69849034455084
11,38.0,-0.26655528,-0.03791008,-0.33704722,124.03999999999996,-154.54,21.90052776066792,4.323253666886027,,,50.34931332177554,9.939160180170976,-31.0,9.258713949278464,-13.02,,0.5,-40.258713949278466,52.90052776066792,12.641813811389456
11,38.0,-0.25595045,-0.02784782,-0.332185,126.57000000000004,-177.94,22.064520170179502,4.358608395351315,,,50.72633187124268,10.020440700912673,-45.0,9.4475606623684,-18.9,,0.5,-54.4475606623684,67.0645201701795,12.616959507811103
11,38.0,-0.25016788,-0.02832416,-0.34049153,114.79999999999995,-202.31,22.241474071555977,4.391141178651219,,,51.1331488905072,10.095233569719152,-45.0,8.569012910167427,-18.9,,0.5,-53.56901291016743,67.24147407155598,13.67246116138855
11,39.0,-0.26160431,-0.01130888,-0.30417159,557.74,-308.97,22.63830615058808,4.115052475353295,557.74,-308.97,52.04546584020199,9.460505640837225,45.0,41.63136986512877,18.9,18.734116439307947,0.5,3.368630134871232,-22.36169384941192,-18.99306371454069
11,39.0,-0.26376238,-0.01338082,-0.30865157,574.51,-329.85,22.82270176543825,4.1517784963937885,574.51,-329.85,52.46939135874253,9.54493876320932,45.0,42.88313246533354,18.9,19.29740960940009,0.5,2.1168675346664614,-22.17729823456175,-20.06043069989529
11,39.0,-0.26458505,-0.01136018,-0.31388611,364.1600000000001,-261.73,22.998882601470097,4.178851738173238,364.1600000000001,-261.73,52.87443110077975,9.607180146060273,45.0,27.18198380981335,18.9,12.231892714416007,0.5,17.81801619018665,-22.001117398529903,-4.183101208343253
11,40.0,-0.27985248,-0.01596862,-0.28814983,502.48,-294.16,24.14827751132169,4.361599008031762,502.48,-294.16,55.516889998528576,10.02731611946502,45.0,37.50659936499069,18.9,16.877969714245808,0.5,7.4934006350093085,-20.85172248867831,-13.358321853669
11,40.0,-0.27686021,-0.01526898,-0.29121,510.5899999999999,-299.16,24.354654153266807,4.402222375166222,510.5899999999999,-299.16,55.99134989836039,10.120709240507145,45.0,38.111953848452856,18.9,17.150379231803786,0.5,6.888046151547144,-20.645345846733193,-13.757299695186049
11,40.0,-0.27360651,-0.01115966,-0.2914167,510.56,-298.97,24.57287398692586,4.435888018904375,510.56,-298.97,56.49303729594255,10.19810655546116,45.0,38.109714559364825,18.9,17.14937155171417,0.5,6.890285440635175,-20.42712601307414,-13.536840572438965
11,41.0,-0.3420698,-0.06933554,-0.35316578,423.96,-225.2,18.84901663205085,4.713311666197132,423.96,-225.2,43.3338892370849,10.835903520587204,-31.0,31.645633391938887,-13.02,14.2405350263725,0.5,-62.64563339193889,49.84901663205085,-12.796616759888035
11,41.0,-0.35294771,-0.05341323,-0.37222266,434.1300000000001,-245.48,18.936689504338396,4.742259295081556,434.1300000000001,-245.48,43.53544917047396,10.902454119392496,40.0,32.40475239277863,16.8,14.582138576750385,0.5,7.595247607221367,-21.063310495661604,-13.468062888440237
11,41.0,-0.36157376,-0.04871274,-0.38840297,433.4200000000001,-236.34,19.160742123262096,4.774778421271072,433.4200000000001,-236.34,44.05054614137956,10.97721559050219,27.0,32.35175588436209,11.34,14.55829014796294,0.5,-5.351755884362092,-7.8392578767379035,-13.191013761099995
11,41.0,-0.19327307,0.06194289,-0.36715829,129.65999999999997,-211.32,29.652468844137527,6.981006048678424,433.4200000000001,-236.34,68.17102587267217,16.049332905911697,-21.0,9.678207438434749,-8.82,14.55829014796294,0.5,-30.678207438434747,50.65246884413753,19.974261405702777
11,41.0,-0.18539073,0.06623157,-0.3567937,126.91999999999996,-219.12,30.037831580016945,7.046485842191469,433.4200000000001,-236.34,69.05697480245895,16.199870951198186,-21.0,9.473685701728655,-8.82,14.55829014796294,0.5,-30.473685701728655,51.03783158001694,20.56414587828829
11,41.0,-0.18211684,0.06561963,-0.352902,196.5,-207.32,30.42231912497087,7.106546845510827,433.4200000000001,-236.34,69.94091166830803,16.33795119782939,0.0,14.667343526549653,0.0,14.55829014796294,0.5,-14.667343526549653,30.42231912497087,15.754975598421217
11,42.0,-0.20399001,-0.42259783,-0.35643917,-69.79999999999995,-91.83,-22.281969572781843,2.931001782759377,-467.41,-121.42,-51.22624804782546,6.738373098563809,-45.0,-5.210079278133155,-18.9,-15.699991689491393,-0.5,-39.78992072186684,22.718030427218157,-17.07189029464869
11,42.0,-0.20388679,-0.4227618,-0.35551992,-467.41,-121.42,-22.428113537783297,2.9601041194278537,-467.41,-121.42,-51.5622330233638,6.805279370564637,-45.0,-34.88887042109198,-18.9,-15.699991689491393,-0.5,-10.11112957890802,22.571886462216703,12.460756883308683
11,42.0,-0.20380493,-0.42244437,-0.35720468,-478.23,-135.27,-22.55731579091346,2.9926571869345526,-478.23,-135.27,-51.85926900331004,6.880118872762537,-45.0,-35.69650735217222,-18.9,-16.063428308477498,-0.5,-9.303492647827781,22.44268420908654,13.139191561258759
11,43.0,-0.23832032,-0.49471319,-0.37011379,71.60000000000002,-24.430000000000007,-25.54407063873927,3.3896564092108594,-780.9300000000001,-206.29,-58.725818398461584,7.792820084775762,-45.0,5.344436623414532,-18.9,-23.86404782883229,-0.5,-50.34443662341453,19.45592936126073,-30.8885072621538
11,43.0,-0.23208879,-0.49533543,-0.37129188,66.83000000000004,-57.71,-25.818061670346683,3.4266683890466467,-780.9300000000001,-206.29,-59.35572378012702,7.877910626418242,-45.0,4.9883896584189,-18.9,-23.86404782883229,-0.5,-49.988389658418896,19.181938329653317,-30.806451328765583
11,43.0,-0.22868223,-0.49105671,-0.37499541,26.75999999999999,-110.83,-26.018174524962934,3.4605346077325763,-780.9300000000001,-206.29,-59.815783232889785,7.95576906317719,-45.0,1.9974458665163797,-18.9,-23.86404782883229,-0.5,-46.99744586651638,18.981825475037066,-28.015620391479313
11,43.0,-0.19692791,-0.52116662,-0.38683921,-780.9300000000001,-206.29,-33.47530819873715,4.946438915356458,-780.9300000000001,-206.29,-76.95973354889671,11.371863066404494,-45.0,-53.031217397405086,-18.9,-23.86404782883229,-0.5,8.031217397405086,11.524691801262847,19.555909198667933
11,43.0,-0.19635423,-0.52602464,-0.38585818,-800.14,-190.1,-33.867479622425634,5.005173006953784,-800.14,-190.1,-77.86133565195654,11.50689274298675,-45.0,-53.7481631204204,-18.9,-24.186673404189182,-0.5,8.7481631204204,11.132520377574366,19.880683497994767
11,43.0,-0.19739288,-0.53189129,-0.39063674,-360.25,-145.13,-34.27716241796808,5.07152676076138,-360.25,-145.13,-78.80319639890861,11.65944002299041,-45.0,-26.89012979867436,-18.9,-12.100558409403464,-0.5,-18.10987020132564,10.722837582031921,-7.38703261929372
11,44.0,-0.27102923,-0.45990917,-0.40186784,-93.01,-88.5,-21.177319296153154,2.758808529843682,,,-48.6866570618561,6.342500810110625,-31.0,-6.942542602566834,-13.02,,-0.5,-24.057457397433165,9.822680703846846,-14.23477669358632
11,44.0,-0.27891466,-0.46643212,-0.39131945,25.549999999999955,-93.56,-21.344831048363133,2.782467115509771,,,-49.07176658018684,6.396891898556966,-31.0,1.9071278732994552,-13.02,,-0.5,-32.90712787329946,9.655168951636867,-23.251958921662588
11,44.0,-0.28200674,-0.47319445,-0.39095095,20.5,-121.82,-21.37859868280111,2.809152308499442,,,-49.149398371759744,6.4582411572402165,-31.0,1.5301808768156129,-13.02,,-0.5,-32.53018087681561,9.621401317198892,-22.908779559616722
11,44.0,-0.19584078,-0.49461758,-0.39539528,18.149999999999977,-56.36,-28.79417236727185,4.168393046661308,,,-66.19780227235799,9.583135614274347,-45.0,1.3547698982538212,-18.9,,-0.5,-46.35476989825382,16.20582763272815,-30.148942265525672
11,44.0,-0.19703072,-0.51255947,-0.39890867,-0.3099999999999454,-38.64,-29.04375277763416,4.230125544563405,,,-66.77158763578093,9.72505862695127,-45.0,-0.023139320576232,-18.9,,-0.5,-44.976860679423766,15.956247222365839,-29.02061345705793
11,44.0,-0.18480417,-0.50009573,-0.40464899,28.950000000000045,-74.67,-29.317584691753463,4.282649641286314,,,-67.40112720634122,9.845811525317233,-45.0,2.1609139699420514,-18.9,,-0.5,-47.16091396994205,15.682415308246537,-31.478498661695514
11,44.0,-0.16204776,-0.50044882,-0.39544874,65.40999999999997,-201.01,-35.253689572624126,5.378399645172243,,,-81.04823232746286,12.36494078425099,-45.0,4.882396641585813,-18.9,,-0.5,-49.882396641585814,9.746310427375874,-40.13608621420994
11,44.0,-0.16647895,-0.50263906,-0.39889151,56.96000000000004,-202.79,-35.686065920957695,5.444749957171023,,,-82.04226555228173,12.517480151536184,-45.0,4.251663548459383,-18.9,,-0.5,-49.25166354845938,9.313934079042305,-39.93772946941708
11,44.0,-0.17158894,-0.50922954,-0.39872614,499.4500000000001,307.83,-36.17372327027388,5.51967403579925,,,-83.16338979835966,12.689730608302476,-45.0,37.28043116710038,-18.9,,-0.5,-82.28043116710037,8.826276729726118,-73.45415443737426
11,45.0,-0.17797901,-0.45163125,-0.38863778,-45.23000000000002,-142.01999999999998,-23.33879689509732,3.101565854256382,,,-53.65589406182873,7.130499898935423,-45.0,-3.376101515042448,-18.9,,-0.5,-41.62389848495755,21.66120310490268,-19.962695380054875
11,45.0,-0.18220627,-0.45802981,-0.39876184,46.559999999999945,-136.37,-23.566565761811862,3.1367074923694656,,,-54.17953468640548,7.211290524957402,-45.0,3.4753766646114554,-18.9,,-0.5,-48.47537666461145,21.433434238188138,-27.04194242642332
11,45.0,-0.18932012,-0.46387753,-0.4065977,54.26999999999998,-144.19,-23.738640941913868,3.1659611998662687,,,-54.575135525459984,7.27854479849255,-45.0,4.05087396023333,-18.9,,-0.5,-49.05087396023333,21.261359058086132,-27.789514902147197
11,47.0,-0.2909869,-0.43667862,-0.31163836,-428.47,-147.73000000000002,-14.381517965827085,1.8625229725770105,-428.47,-147.73000000000002,-33.06310980343646,4.281940313954546,-29.0,-31.98227318483832,-12.18,-14.392022933177245,-0.5,2.98227318483832,14.618482034172915,17.600755219011234
11,47.0,-0.29040283,-0.43546498,-0.30979365,-430.21,-169.62,-14.38139616422113,1.868985451374656,-430.21,-169.62,-33.06282978154437,4.296797552710334,-30.0,-32.112151951943645,-12.6,-14.45046837837464,-0.5,2.1121519519436447,15.61860383577887,17.730755787722515
11,47.0,-0.29049459,-0.43597627,-0.31067622,-435.4,-173.69,-14.44205894523897,1.8769327771175552,-435.4,-173.69,-33.20229351510439,4.315068454593259,-30.0,-32.499548964171595,-12.6,-14.624797033877218,-0.5,2.499548964171595,15.55794105476103,18.057490018932626
11,48.0,-0.34176624,-0.3395924,-0.27827922,747.99,-165.46,-4.62551100640723,1.2159133932507755,747.99,-165.46,-10.63404980373022,2.795384891083533,-11.0,51.801847688080535,-4.62,23.31083145963624,-0.5,-62.801847688080535,6.37448899359277,-56.427358694487765
11,48.0,-0.34591651,-0.33956254,-0.27658004,659.78,-174.79,-4.556783542761668,1.2196527368172128,659.78,-174.79,-10.476045364809076,2.803981641942772,-11.0,48.50971951383895,-4.62,21.829373781227527,-0.5,-59.50971951383895,6.443216457238332,-53.066503056600624
11,48.0,-0.34167051,-0.3368181,-0.27587819,579.48,-139.92000000000002,-4.588209185388565,1.2230707037224449,579.48,-139.92000000000002,-10.548292917208313,2.811839547857901,-10.0,43.25410802424933,-4.2,19.4643486109122,-0.5,-53.25410802424933,5.411790814611435,-47.84231720963789
11,48.0,-0.18572761,0.01316477,-0.2837089,531.95,-61.67,-5.410101264804254,1.398087498397118,531.95,-61.67,-12.43782280778498,3.214203158814975,45.0,39.70632767912514,18.9,17.867847455606313,-0.5,5.293672320874862,-50.410101264804254,-45.11642894392939
11,48.0,-0.18422279,0.01456263,-0.28395325,576.77,-68.55,-5.428591155098242,1.402558499621747,576.77,-68.55,-12.480331065570857,3.2244819906303963,45.0,43.05182557663126,18.9,19.373321509484068,-0.5,1.9481744233687408,-50.42859115509824,-48.4804167317295
11,48.0,-0.18434459,0.01644818,-0.28190756,660.9000000000001,-79.7,-5.502156008105124,1.4070521455184857,660.9000000000001,-79.7,-12.64945666263368,3.234812882546998,45.0,48.55151957681537,18.9,21.84818380956692,-0.5,-3.551519576815373,-50.502156008105125,-54.0536755849205
11,48.0,-0.33616281,-0.37508568,-0.27686584,3.629999999999996,-223.54,-6.097830946076164,1.6330063761752296,660.9000000000001,-79.7,-14.018913345029102,3.754281658826853,-21.0,0.2709539796507642,-8.82,21.84818380956692,-0.5,-21.270953979650763,14.902169053923835,-6.368784925726929
11,48.0,-0.33462307,-0.37351984,-0.27241695,-297.57,-169.68,-6.173469888571535,1.6427838250181934,-297.57,-169.68,-14.19280727382596,3.776760013716826,-21.0,-22.21150846409863,-8.82,-9.995178808844384,-0.5,1.2115084640986282,14.826530111428465,16.038038575527093
11,48.0,-0.33470729,-0.37734282,-0.27163416,-314.35,-167.34,-6.350593699330799,1.6483239779304242,-314.35,-167.34,-14.600014914761507,3.789496825262044,-21.0,-23.46401749399941,-8.82,-10.558807872299734,-0.5,2.4640174939994104,14.6494063006692,17.113423794668613
11,48.0,-0.12992124,0.00778365,-0.27262476,-198.56,-131.54,-7.730597584098457,1.7324387635213323,-314.35,-167.34,-17.772643845842353,3.982876717335544,-45.0,-14.821108043927223,-18.9,-10.558807872299734,-0.5,-30.178891956072775,37.269402415901546,7.090510459828766
11,48.0,-0.135186,-0.02076298,-0.27089164,-49.31999999999999,-172.89,-7.669598961763764,1.7384917980142798,-314.35,-167.34,-17.632408013094892,3.996792643634829,-31.0,-3.681391260709561,-13.02,-10.558807872299734,-0.5,-27.31860873929044,23.330401038236236,-3.988207701054203
11,48.0,-0.14644784,-0.10402751,-0.25618345,-13.20999999999998,-210.47,-7.585709654306766,1.7459646144900105,-314.35,-167.34,-17.439546495251253,4.013972648712533,-45.0,-0.9860336284260592,-18.9,-10.558807872299734,-0.5,-44.01396637157394,37.41429034569323,-6.599676025880706
11,49.0,-0.33788881,-0.10342052,-0.2575691,-456.91,-152.29,11.946481424746086,5.438040067920442,-456.91,-152.29,27.46496079549125,12.502054116149097,45.0,-34.105119240283976,18.9,-15.347303658127789,0.5,79.10511924028398,-33.05351857525392,46.051600665030065
11,49.0,-0.33748731,-0.10236479,-0.25773174,117.57000000000004,-164.04,12.098483184750386,5.480688729131306,-456.91,-152.29,27.81441284174113,12.60010338827287,45.0,8.775773935961544,18.9,-15.347303658127789,0.5,36.224226064038454,-32.901516815249614,3.3227092487888417
11,49.0,-0.33882728,-0.10249167,-0.25769609,94.09000000000005,-179.18,12.218457820439438,5.533734486075679,-456.91,-152.29,28.090234529190266,12.722055583487986,45.0,7.023157009735659,18.9,-15.347303658127789,0.5,37.976842990264345,-32.78154217956056,5.195300810703779
11,49.0,-0.21397451,-0.0036404,-0.2552309,699.0799999999999,-241.39,20.64959313157949,9.270473499234374,699.0799999999999,-241.39,47.47341460950125,21.31281857473983,-31.0,49.97645386649391,-13.02,22.489404239922266,0.5,-80.97645386649391,51.64959313157949,-29.326860734914423
11,49.0,-0.21431868,-0.00320264,-0.25613582,837.26,-391.48,20.999273854570355,9.408362228863105,837.26,-391.48,48.27733059165725,21.629824764156275,-29.0,55.13353663621053,-12.18,24.810091486294738,0.5,-84.13353663621052,49.999273854570355,-34.134262781640174
11,49.0,-0.21524338,-0.00245779,-0.25907302,856.3,-356.65,21.42493463364896,9.53653130385434,856.3,-356.65,49.25592472275896,21.92448546756112,-29.0,55.84413770680978,-12.18,25.129861968064404,0.5,-84.84413770680979,50.42493463364896,-34.41920307316082
11,49.0,-0.20533384,0.01739609,-0.28596526,490.1099999999999,-241.87,27.62910613944064,11.647612426362612,490.1099999999999,-241.87,63.51931501457402,26.777860968207644,-29.0,36.58326583102926,-12.18,16.462469623963166,0.5,-65.58326583102925,56.62910613944064,-8.954159691588618
11,49.0,-0.20507641,0.01495472,-0.29350361,595.8299999999999,-251.16,28.228542530848927,11.821484874765162,595.8299999999999,-251.16,64.89741927842168,27.17759372708511,-24.0,44.474520577221774,-10.08,20.0135342597498,0.5,-68.47452057722177,52.22854253084893,-16.245978046372848
11,49.0,-0.2038096,0.01647272,-0.29560503,638.77,-273.21,28.834009586938613,11.998057049598652,638.77,-273.21,66.28938804037188,27.5835331570273,-21.0,47.67968969187847,-8.82,21.455860361345312,0.5,-68.67968969187848,49.83400958693861,-18.84568010493986
11,50.0,-0.29004586,-0.0150595,-0.32994008,-192.62,-212.29,18.561251119418102,6.582827939471627,,,42.67231632354223,15.133921432845268,37.0,-14.377728804498696,15.54,,0.5,51.377728804498695,-18.438748880581898,32.9389799239168
11,50.0,-0.28459844,-0.01149485,-0.33197048,-211.81,-196.21,18.81524912142584,6.664137664420503,,,43.256257730158005,15.320852490502736,44.0,-15.810127391137314,18.48,,0.5,59.810127391137314,-25.18475087857416,34.62537651256315
11,50.0,-0.28634188,-0.01003555,-0.33573622,-220.24,-165.43,19.06089713985619,6.747279152686217,,,43.82100252452938,15.511994772025616,44.0,-16.439367624871736,18.48,,0.5,60.439367624871736,-24.93910286014381,35.50026476472793
11,51.0,-0.27112728,-0.46551153,-0.34424141,-1.3700000000000043,-171.66,-19.46228907812056,5.540239054837399,,,-44.74380259059917,12.73700958707118,-39.0,-0.1022608683530437,-16.38,,-0.5,-38.89773913164696,19.53771092187944,-19.360028209767517
11,51.0,-0.27079135,-0.46682444,-0.34453979,0.0,0.0,-19.67227963002376,5.595551880246017,,,-45.22657086942462,12.864173772685591,-39.0,0.0,-16.38,,-0.5,-39.0,19.32772036997624,-19.67227963002376
11,51.0,-0.26913232,-0.46307522,-0.34320515,0.0,0.0,-19.83129800575353,5.651792540706293,,,-45.592154115227366,12.993471051083768,-39.0,0.0,-16.38,,-0.5,-39.0,19.16870199424647,-19.83129800575353
11,52.0,-0.34506908,-0.402998,-0.28555095,-473.36,-204.55,-13.278758774622258,4.8451097264799685,-473.36,-204.55,-30.52786642285657,11.13890726117745,-26.0,-35.332996090216504,-10.92,-15.899848240597429,-0.5,9.332996090216504,12.721241225377742,22.054237315594246
11,52.0,-0.34476674,-0.40312454,-0.29027033,-468.99,-205.23,-13.393395163190888,4.882195566822934,-468.99,-205.23,-30.79141548017585,11.224167608125924,-26.0,-35.006806313061176,-10.92,-15.75306284087753,-0.5,9.006806313061176,12.606604836809112,21.613411149870288
11,52.0,-0.34219062,-0.40058729,-0.29703188,-465.19,-210.88,-13.45445589611155,4.919807927080639,-465.19,-210.88,-30.931794105160453,11.31063842435839,-26.0,-34.723163028578284,-10.92,-15.625423362860229,-0.5,8.723163028578284,12.54554410388845,21.268707132466734
11,52.0,-0.34147626,-0.42529628,-0.31162918,-395.67,-97.5,-15.267677499586496,5.754030185782984,-395.67,-97.5,-35.100390571549354,13.22851539711508,-29.0,-29.533983781933337,-12.18,-13.29029270187,-0.5,0.5339837819333368,13.732322500413504,14.266306282346841
11,52.0,-0.3338525,-0.4179242,-0.31662554,-253.65,-40.5,-15.331394447872457,5.805315809939039,-253.65,-40.5,-35.24687583565878,13.346421047049848,-29.0,-18.93318923923317,-12.18,-8.519935157654928,-0.5,-10.066810760766831,13.668605552127543,3.601794791360712
11,52.0,-0.34214008,-0.4250319,-0.31610748,466.96,330.53,-15.494124963393464,5.857462682620434,-253.65,-40.5,-35.620993290841575,13.466306707344378,-29.0,34.85528108477163,-12.18,-8.519935157654928,-0.5,-63.85528108477163,13.505875036606536,-50.34940604816509
11,52.0,-0.36052078,-0.43713829,-0.49619478,-87.79999999999995,-126.26,-31.25145536420349,9.74599850378491,-253.65,-40.5,-71.84709588230382,22.406050560201507,-29.0,-6.553652730946864,-12.18,-8.519935157654928,-0.5,-22.446347269053135,-2.2514553642034905,-24.697802633256625
11,52.0,-0.35936171,-0.43653244,-0.49618894,-90.38,-137.13,-31.947867382093342,9.977882327762366,-253.65,-40.5,-73.4481471114326,22.939151471525683,-26.0,-6.746231592516832,-10.92,-8.519935157654928,-0.5,-19.253768407483168,-5.947867382093342,-25.20163578957651
11,52.0,-0.36190346,-0.43820569,-0.49296811,-39.25999999999999,-47.47,-32.52723556985371,10.217578522359036,-253.65,-40.5,-74.78011457509368,23.490213022903426,-29.0,-2.9304829865258992,-12.18,-8.519935157654928,-0.5,-26.0695170134741,-3.5272355698537083,-29.59675258332781
11,53.0,-0.26775166,-0.41879106,-0.33262056,149.84000000000003,182.53,-17.130626125796173,4.693301461664884,,,-39.3833094632054,10.789900060367568,-37.0,11.184502564978118,-15.54,,-0.5,-48.18450256497812,19.869373874203827,-28.31512869077429
11,53.0,-0.27235401,-0.42100218,-0.334723,192.20000000000005,240.85,-17.367263591839283,4.734474941495517,,,-39.92733899763851,10.884557890498192,-35.0,14.34637875726638,-14.7,,-0.5,-49.34637875726638,17.632736408160717,-31.713642349105662
11,53.0,-0.2712585,-0.42074066,-0.34039566,201.58000000000004,238.96,-17.497730433549457,4.776261851676495,,,-40.2272822667302,10.980625997004264,-34.0,15.046529812121523,-14.28,,-0.5,-49.04652981212152,16.502269566450543,-32.54426024567098
11,54.0,-0.3661423,-0.18889004,-0.33251178,132.28999999999996,166.18,7.687862530097284,4.083476382225966,264.84000000000003,-119.08,17.674395956693655,9.387912202737496,0.0,9.874518448484748,0.0,8.895799831079566,0.5,-9.874518448484748,7.687862530097284,-2.186655918387464
11,54.0,-0.3560445,-0.19267316,-0.29378471,-140.91999999999996,36.260000000000005,7.828356627953707,4.106420929171873,264.84000000000003,-119.08,17.99739188766557,9.440661716166137,1.0,-10.51868727613932,0.42,8.895799831079566,0.5,11.51868727613932,6.828356627953707,18.347043904093027
11,54.0,-0.34551954,-0.18602403,-0.28033692,-89.77999999999997,-16.680000000000007,7.929164270421813,4.129625187913024,264.84000000000003,-119.08,18.22914865769975,9.494008307012042,6.0,-6.701445810756374,2.52,8.895799831079566,0.5,12.701445810756374,1.929164270421813,14.630610081178187
11,54.0,-0.36152998,-0.13783847,-0.33820033,-150.24,-142.87,11.447926474527383,6.38529567694596,264.84000000000003,-119.08,26.318782964938453,14.679794761298758,38.0,-11.21435975281842,15.96,8.895799831079566,0.5,49.21435975281842,-26.552073525472615,22.662286227345803
11,54.0,-0.35947627,-0.13887736,-0.33714089,-143.47000000000003,-142.78,11.55041103493418,6.440537877546971,264.84000000000003,-119.08,26.55439496931368,14.806796580480489,38.0,-10.709026848621267,15.96,8.895799831079566,0.5,48.709026848621264,-26.44958896506582,22.25943788355545
11,54.0,-0.36363223,-0.13340026,-0.3458603,264.84000000000003,-119.08,11.80751539736127,6.4967018580309,264.84000000000003,-119.08,27.14547789853356,14.93591757161304,38.0,19.7684440690657,15.96,8.895799831079566,0.5,18.2315559309343,-26.19248460263873,-7.960928671704432
11,55.0,-0.32456374,-0.34422973,-0.31851292,-142.37,-124.01,-8.902736592911339,3.269544590614736,362.6600000000001,-191.13,-20.467391427103166,7.516683013823276,-21.0,-10.62691958206043,-8.82,12.181508709935493,-0.5,-10.37308041793957,12.097263407088661,1.7241829891490905
11,55.0,-0.33440253,-0.3424291,-0.32248691,-123.92999999999996,-187.15,-8.953260070863305,3.28702511755296,362.6600000000001,-191.13,-20.58354490291474,7.556870745254255,-21.0,-9.25050322262238,-8.82,12.181508709935493,-0.5,-11.74949677737762,12.046739929136695,0.29724315175907456
11,55.0,-0.33440933,-0.33719394,-0.32035458,-127.15999999999995,-202.87,-8.94879761378103,3.3046861401171914,362.6600000000001,-191.13,-20.573285714082587,7.597473436129423,-21.0,-9.491600014432844,-8.82,12.181508709935493,-0.5,-11.508399985567156,12.05120238621897,0.542802400651814
11,55.0,-0.32641843,-0.34614256,-0.32098258,21.220000000000027,-35.64,-8.969803181998987,3.4338739271665224,362.6600000000001,-191.13,-20.62157751541567,7.894476158555835,-21.0,1.583923814928163,-8.82,12.181508709935493,-0.5,-22.583923814928163,12.030196818001013,-10.55372699692715
11,55.0,-0.33330902,-0.35272825,-0.32692,33.42999999999995,-69.74,-8.967782880005574,3.4531509788557866,362.6600000000001,-191.13,-20.61693284113281,7.938794100389453,-21.0,2.495314473753456,-8.82,12.181508709935493,-0.5,-23.495314473753456,12.032217119994426,-11.46309735375903
11,55.0,-0.32711899,-0.35069287,-0.3240537,33.96000000000004,-86.03999999999999,-8.98139496051771,3.472665613930644,362.6600000000001,-191.13,-20.648227014230216,7.98365824642655,-21.0,2.534875247641866,-8.82,12.181508709935493,-0.5,-23.534875247641867,12.01860503948229,-11.516270208159575
11,55.0,-0.30884445,-0.36063439,-0.32653517,41.27999999999997,-174.39,-11.358010390770444,4.17550680188233,362.6600000000001,-191.13,-26.11206588838125,9.59949013752748,-24.0,3.081261785119436,-10.08,12.181508709935493,-0.5,-27.081261785119437,12.641989609229556,-14.43927217588988
11,55.0,-0.3065179,-0.36234885,-0.32878387,362.6600000000001,-191.13,-11.441765382457024,4.203509476799078,362.6600000000001,-191.13,-26.30461861426869,9.66386828716108,-24.0,27.070019355412207,-10.08,12.181508709935493,-0.5,-51.07001935541221,12.558234617542976,-38.511784737869235
11,55.0,-0.30467117,-0.36356246,-0.33134842,386.79,-227.31,-11.526981822456522,4.231870735952182,386.79,-227.31,-26.500531209827543,9.729070821954068,-24.0,28.87115421187857,-10.08,12.992019395345356,-0.5,-52.87115421187857,12.473018177543478,-40.39813603433509
11,55.0,-0.27301973,-0.35290077,-0.31379908,-362.16,-168.32,-13.83422492330756,5.122880591419171,-362.16,-168.32,-31.804883098684083,11.777502479672671,-30.0,-27.032697870611816,-12.6,-12.164714041775316,-0.5,-2.967302129388184,16.16577507669244,13.198472947304257
11,55.0,-0.28837991,-0.37165418,-0.33284083,-362.59,-162.6,-13.962065632737618,5.164131818473877,-362.59,-162.6,-32.09878888966378,11.872339050671444,-30.0,-27.064794347540143,-12.6,-12.179157456393066,-0.5,-2.9352056524598567,16.03793436726238,13.102728714802526
11,55.0,-0.23152223,-0.296996,-0.26692486,-363.04,-161.75,-14.132763648358214,5.205992271016525,-363.04,-161.75,-32.491223627575536,11.96857623106699,-33.0,-27.098383683860487,-13.86,-12.19427265773722,-0.5,-5.901616316139513,18.867236351641786,12.965620035502273
11,56.0,-0.3494094,-0.11236675,-0.30817902,0.3600000000000136,-33.349999999999994,13.405432110843428,4.723922876924327,,,30.81908842282904,10.860298694049028,26.0,0.0268714690562751,10.92,,0.5,25.973128530943725,-12.594567889156572,13.378560641787153
11,56.0,-0.35127628,-0.10675684,-0.30635077,142.83000000000004,-110.26,13.495026680018888,4.7680477684518,,,31.025066337363423,10.961741819670689,27.0,10.661255348076782,11.34,,0.5,16.338744651923218,-13.504973319981112,2.8337713319421063
11,56.0,-0.347215,-0.10318766,-0.30681691,142.40999999999997,-131.82,13.57215336648112,4.81299245714727,,,31.2023805895401,11.065069658981573,29.0,10.629905300844456,12.18,,0.5,18.370094699155544,-15.42784663351888,2.9422480656366634
11,57.0,-0.35640973,-0.13119538,-0.35791457,0.0,0.0,6.6589668770821895,2.239370871575663,,,15.308964850411954,5.148313633752448,-31.0,0.0,-13.02,,0.5,-31.0,37.65896687708219,6.6589668770821895
11,57.0,-0.36747944,-0.12366769,-0.35801655,216.22000000000003,280.01,6.746168228732058,2.2497053384023333,,,15.509440757855002,5.1720725729869645,-31.0,16.139302887076674,-13.02,,0.5,-47.139302887076674,37.74616822873206,-9.393134658344616
11,57.0,-0.37330842,-0.11951714,-0.36894643,216.23,275.38,6.737173287550933,2.260128493682666,,,15.488761388079594,5.19603540697645,-31.0,16.14004931677268,-13.02,,0.5,-47.140049316772675,37.73717328755093,-9.402876029221746
11,57.0,-0.37627584,-0.16769752,-0.26957339,160.51,-265.65,9.372152608782216,3.3835072747478807,,,21.54657884759032,7.778683224645377,11.0,11.980943050618242,4.62,,0.5,-0.9809430506182419,-1.6278473912177844,-2.6087904418360264
11,57.0,-0.37662417,-0.16750467,-0.27003664,151.73000000000002,-291.42,9.437640904454746,3.4067933295194863,,,21.69713643934146,7.832217864565299,11.0,11.325577777523558,4.62,,0.5,-0.32557777752355754,-1.5623590955452542,-1.8879368730688117
11,57.0,-0.37817514,-0.16507617,-0.26962492,177.85000000000002,-299.59000000000003,9.559927038464052,3.4303721335113537,,,21.97827226142885,7.886425534942601,11.0,13.275252143495448,4.62,,0.5,-2.2752521434954485,-1.4400729615359484,-3.715325105031397
11,58.0,-0.37333444,-0.13673083,-0.29917005,54.04999999999996,-94.94,12.861697094981178,7.241384655346085,491.8699999999999,-201.36,29.569041621361727,16.64794332264065,32.0,4.034452506921161,13.44,16.521586855886966,0.5,27.965547493078837,-19.138302905018822,8.827244588060017
11,58.0,-0.37358779,-0.10485872,-0.28717095,491.8699999999999,-201.36,12.978866419723476,7.31200959205996,491.8699999999999,-201.36,29.838413898944275,16.810310052145844,27.0,36.71463745752659,11.34,16.521586855886966,0.5,-9.714637457526592,-14.021133580276524,-23.73577103780312
11,58.0,-0.36547911,-0.0731612,-0.27582473,390.52,-251.52,13.11269101792914,7.383973730599223,390.52,-251.52,30.14607665021909,16.975755606647613,29.0,29.14957248848941,12.18,13.117307619820236,0.5,-0.14957248848941163,-15.88730898207086,-16.03688147056027
11,59.0,-0.34653598,-0.08160371,-0.25963801,531.1700000000001,262.96,12.832604174988782,4.451454767139483,531.1700000000001,262.96,29.50215699829921,10.233894509653672,25.0,39.64810616283654,10.5,17.841647773276446,0.5,-14.648106162836541,-12.167395825011218,-26.81550198784776
11,59.0,-0.34973988,-0.0824071,-0.26159546,-572.0,-178.75,12.950304779862927,4.490842940868057,-572.0,-178.75,29.772750688904868,10.324447921055665,23.0,-42.69577861163563,9.66,-19.213100375236035,0.5,65.69577861163563,-10.049695220137073,55.64608339149856
11,59.0,-0.34502071,-0.0815998,-0.26280305,344.62,-167.79,13.08574249193114,4.530858560389913,344.62,-167.79,30.084121988949686,10.416443830336409,23.0,25.723460183814456,9.66,11.575557082716506,0.5,-2.7234601838144563,-9.91425750806886,-12.637717691883317
11,60.0,-0.35368001,-0.06546579,-0.26246956,297.97,-234.87,13.030626820742674,4.866331905669255,297.97,-234.87,29.95741106088741,11.187697051133618,35.0,22.24136565193893,14.7,10.008614543372522,0.5,12.758634348061069,-21.969373179257325,-9.210738831196258
11,60.0,-0.35477325,-0.06362568,-0.26075053,356.12,-267.93,13.258719516417091,4.913259630595169,356.12,-267.93,30.48179616824289,11.295583890738293,35.0,26.581854334223216,14.7,11.961834450400447,0.5,8.418145665776784,-21.74128048358291,-13.323134817806125
11,60.0,-0.35438451,-0.06136217,-0.25975242,197.03,-179.6,13.393008531225096,4.961045897579932,356.12,-267.93,30.79052661328649,11.405444518536262,35.0,14.706904300438053,14.7,11.961834450400447,0.5,20.293095699561945,-21.606991468774904,-1.313895769212957
11,60.0,-0.135768712,6.48906571e-05,-0.363225549,44.26999999999998,-133.07,24.858776879858045,8.592221710010527,356.12,-267.93,57.150328046793646,19.7535177113142,45.0,3.3044442642257144,18.9,11.961834450400447,0.5,41.695555735774285,-20.141223120141955,21.55433261563233
11,60.0,-0.1343841,0.00246841,-0.36002615,49.77999999999997,-140.96,25.409437448229188,8.717183332779241,356.12,-267.93,58.4162966934789,20.040804482059475,-45.0,3.715727026725909,-18.9,11.961834450400447,0.5,-48.71572702672591,70.40943744822918,21.69371042150328
11,60.0,-0.12912068,0.00703561,-0.35776418,52.08000000000004,-151.35,25.8373675063692,8.844737275890802,356.12,-267.93,59.40010789714279,20.334050997272957,45.0,3.8874058568076655,18.9,11.961834450400447,0.5,41.11259414319233,-19.1626324936308,21.949961649561537
11,61.0,-0.36817849,-0.16482009,-0.27056885,393.51,-84.33,9.440073089892737,4.248069376308549,393.51,-84.33,21.7027280336634,9.766311496133357,7.0,29.372754967595693,2.94,13.217739735418062,0.5,-22.372754967595693,2.4400730898927367,-19.932681877702954
11,61.0,-0.36579722,-0.16023709,-0.27438965,427.84,-118.22,9.52852026696107,4.274696115035073,427.84,-118.22,21.9060680937435,9.82752636846563,13.0,31.93524811398984,5.46,14.370861651295428,0.5,-18.93524811398984,-3.4714797330389295,-22.40672784702877
11,61.0,-0.37778908,-0.17039226,-0.31766686,444.16,-243.43,9.532515961447215,4.301687046161023,444.16,-243.43,21.91525419536715,9.88957851912419,0.0,33.15342137787427,0.0,14.91903962004342,0.5,-33.15342137787427,9.532515961447215,-23.62090541642705
11,61.0,-0.34995514,-0.07558793,-0.28068715,227.39,6.530000000000001,13.223692510126329,6.122916683802748,444.16,-243.43,30.401269080780423,14.07658545606252,43.0,16.973064857517176,18.06,14.91903962004342,0.5,26.026935142482824,-29.776307489873673,-3.749372347390848
11,61.0,-0.35124317,-0.07386805,-0.28284797,249.52,6.459999999999994,13.301039030441444,6.188934853792965,444.16,-243.43,30.57908873098488,14.228361228870025,43.0,18.62491377478203,18.06,14.91903962004342,0.5,24.37508622521797,-29.698960969558556,-5.323874744340586
11,61.0,-0.35986623,-0.06800372,-0.29058567,259.29999999999995,1.3700000000000043,13.504084408776864,6.256252922476726,259.29999999999995,1.3700000000000043,31.04589005577801,14.383125468773992,44.0,19.35492201747748,18.48,8.709714907864866,0.5,24.64507798252252,-30.495915591223138,-5.850837608700617
11,62.0,-0.32939699,-0.07532319,-0.30066913,236.14,-150.17,12.867622068618406,4.758198734959187,300.56999999999994,-152.16,29.58266313575372,10.93909889167117,45.0,17.62619084152384,18.9,10.095946817805409,0.5,27.37380915847616,-32.1323779313816,-4.758568772905434
11,62.0,-0.33158371,-0.07437581,-0.29962102,168.72000000000003,-95.73,13.10191548139844,4.798691733154975,300.56999999999994,-152.16,30.12130369173501,11.032192294523288,45.0,12.593761831040498,18.9,10.095946817805409,0.5,32.406238168959504,-31.89808451860156,0.5081536503579418
11,62.0,-0.33317029,-0.06965107,-0.29877308,142.32000000000005,-15.799999999999995,13.315674185287673,4.849043514973085,300.56999999999994,-152.16,30.612734951976357,11.147951040923122,45.0,10.623187433580394,18.9,10.095946817805409,0.5,34.3768125664196,-31.684325814712327,2.6924867517072784
11,62.0,-0.16014677,0.01187885,-0.34550124,135.95000000000005,-156.01,27.331873033388376,9.56534117997568,300.56999999999994,-152.16,62.83597610375988,21.990719372764083,-45.0,10.147711717223542,-18.9,10.095946817805409,0.5,-55.147711717223544,72.33187303338838,17.184161316164833
11,62.0,-0.15992965,0.01511553,-0.35740495,142.94000000000003,-153.5,27.994268292500216,9.727837394505809,300.56999999999994,-152.16,64.358822804458,22.36429816996885,-45.0,10.669466074732863,-18.9,10.095946817805409,0.5,-55.66946607473287,72.99426829250021,17.324802217767353
11,62.0,-0.15336344,0.02068606,-0.36444354,146.80999999999997,-170.75,28.557491463998968,9.863027860459551,300.56999999999994,-152.16,65.65367287573362,22.67510105119651,-45.0,10.958334367087804,-18.9,10.095946817805409,0.5,-55.9583343670878,73.55749146399897,17.599157096911163
11,62.0,-0.07233444,0.11759531,-0.45182359,300.56999999999994,-152.16,33.61924647030711,10.952989844823168,300.56999999999994,-152.16,77.29064763523604,25.18092365324846,45.0,22.435437372900907,18.9,10.095946817805409,0.5,22.564562627099093,-11.380753529692889,11.183809097406204
11,62.0,-0.06216469,0.12104565,-0.44526815,-811.0,-146.0,34.57436745748899,11.13142852370722,-811.0,-146.0,79.48647078476718,25.5911541760029,45.0,-54.15347444535253,18.9,-24.36906350040864,0.5,99.15347444535253,-10.42563254251101,88.72784190284152
11,62.0,-0.05970986,0.11560397,-0.44193989,57.02999999999997,-30.069999999999997,35.5408928443485,11.309561385540622,-811.0,-146.0,81.7085126491572,26.00068162535789,45.0,4.256888556331432,18.9,-24.36906350040864,0.5,40.74311144366857,-9.459107155651502,31.284004288017066
11,64.0,-0.28999391,-0.42935055,-0.35127419,-44.29999999999996,-108.5,-15.209100394805356,4.862300778907029,-288.61,-58.47999999999999,-34.96572180765751,11.17842949070726,-31.0,-3.306683553313735,-13.02,-9.694218355414112,-0.5,-27.693316446686264,15.790899605194644,-11.902416841491622
11,64.0,-0.28441176,-0.42913264,-0.35521734,-288.61,-58.47999999999999,-15.311848711664728,4.903247149415451,-288.61,-58.47999999999999,-35.201940188117206,11.27256519650612,-31.0,-21.542707456475803,-13.02,-9.694218355414112,-0.5,-9.457292543524197,15.688151288335272,6.230858744811075
11,64.0,-0.28231013,-0.42757571,-0.35561159,-339.29,-84.99000000000001,-15.63756659188414,4.972862983524555,-339.29,-84.99000000000001,-35.95076559474164,11.432611999122951,-31.0,-25.3256131558424,-13.02,-11.39652592012908,-0.5,-5.674386844157599,15.36243340811586,9.688046563958261
11,64.0,-0.21290945,-0.4742201,-0.39636129,-197.51,-90.95,-23.63131752810209,6.886260591830897,-339.29,-84.99000000000001,-54.32839899710672,15.831513100619231,-45.0,-14.742732925846418,-18.9,-11.39652592012908,-0.5,-30.25726707415358,21.36868247189791,-8.888584602255673
11,64.0,-0.20841557,-0.47502756,-0.39581504,-195.56,-98.87,-24.063971666136197,6.971904840852524,-339.29,-84.99000000000001,-55.32307086044711,16.02840922911995,-45.0,-14.597179135124938,-18.9,-11.39652592012908,-0.5,-30.40282086487506,20.936028333863803,-9.46679253101126
11,64.0,-0.20550981,-0.46984398,-0.38983425,-195.0,-98.99,-24.38839745262217,7.04288629505616,-339.29,-84.99000000000001,-56.06892574357837,16.19159559233411,-45.0,-14.55537907214851,-18.9,-11.39652592012908,-0.5,-30.44462092785149,20.61160254737783,-9.833018380473659
11,64.0,-0.19776478,-0.4842523,-0.38441771,-261.43,-117.93,-32.53510297609311,8.900664349462334,-261.43,-117.93,-74.79820174203805,20.462627339413903,-45.0,-19.5139115427271,-18.9,-8.781260194227196,-0.5,-25.4860884572729,12.464897023906893,-13.021191433366006
11,64.0,-0.19978644,-0.49145436,-0.38620639,-266.2,-122.01,-33.17031563200952,9.063351568907006,-266.2,-122.01,-76.25855563798989,20.836645256917205,-45.0,-19.869958507722732,-18.9,-8.94148132847523,-0.5,-25.130041492277268,11.829684367990481,-13.300357124286787
11,64.0,-0.19523719,-0.49125499,-0.39015639,-268.29,-127.02,-33.56796036220612,9.208635441547004,-268.29,-127.02,-77.17274087271187,21.170652880116563,-45.0,-20.025962314188327,-18.9,-9.011683041384748,-0.5,-24.974037685811673,11.432039637793878,-13.541998048017795
11,65.0,-0.34830499,-0.33733684,-0.30442086,409.8800000000001,317.88,-8.472683676026318,3.530960132860383,465.8699999999999,253.0,-19.478699771184505,8.117677345446019,-18.0,30.594660379960168,-7.56,15.648264111558058,-0.5,-48.59466037996017,9.527316323973682,-39.06734405598648
11,65.0,-0.349029,-0.3432425,-0.29463205,420.0799999999999,319.16,-8.616674774011724,3.5493619886108325,465.8699999999999,253.0,-19.809735305452957,8.159983211816304,-18.0,31.356018669887927,-7.56,15.648264111558058,-0.5,-49.35601866988793,9.383325225988276,-39.97269344389965
11,65.0,-0.34174335,-0.33858779,-0.29470274,465.8699999999999,253.0,-8.716289505796334,3.572087635809651,465.8699999999999,253.0,-20.03874957382577,8.212229474726389,-16.0,34.773920247906794,-6.72,15.648264111558058,-0.5,-50.773920247906794,7.283710494203666,-43.49020975370313
11,65.0,-0.37251106,-0.40702933,-0.33136061,-195.52,9.28,-12.817516566062366,4.932583249478558,465.8699999999999,253.0,-29.46747058537738,11.340008890551204,-26.0,-14.594193416340904,-10.92,15.648264111558058,-0.5,-11.405806583659096,13.182483433937634,1.7766768502785375
11,65.0,-0.37230587,-0.4042626,-0.33579049,-191.11,9.420000000000002,-12.8228747199824,4.975087852176522,465.8699999999999,253.0,-29.479788981239537,11.437726972153822,-26.0,-14.265017920401547,-10.92,15.648264111558058,-0.5,-11.734982079598453,13.1771252800176,1.4421432004191477
11,65.0,-0.36685023,-0.40105364,-0.3334873,-198.84,-4.58,-12.89285449860197,5.018336277914021,465.8699999999999,253.0,-29.64067249228593,11.537155102924334,-26.0,-14.842008075415434,-10.92,15.648264111558058,-0.5,-11.157991924584566,13.10714550139803,1.9491535768134636
11,65.0,-0.2338084,-0.50063682,-0.3324208,-599.86,-115.82,-23.618461038436543,8.186185088062222,-599.86,-115.82,-54.298841927365615,18.820039517455047,-45.0,-44.77533174471285,-18.9,-20.14889928512078,-0.5,-0.22466825528714907,21.381538961563457,21.156870706276308
11,65.0,-0.2344449,-0.5017001,-0.33070418,-608.26,-120.48,-23.95825411671621,8.25633438335166,-608.26,-120.48,-55.08002621433056,18.981312747325468,-45.0,-45.40233268935925,-18.9,-20.431049710211663,-0.5,0.40233268935924826,21.04174588328379,21.44407857264304
11,65.0,-0.23601426,-0.50430375,-0.33019379,-14.269999999999982,-51.17,-24.325678784920665,8.353717934083178,-608.26,-120.48,-55.92473552653261,19.205197530457223,-45.0,-1.0651551762028666,-18.9,-20.431049710211663,-0.5,-43.934844823797135,20.674321215079335,-23.260523608717797
11,66.0,-0.35531694,-0.16584499,-0.27581111,246.94000000000003,-43.66,9.84435113327453,3.3169569458758525,,,22.632163255398144,7.625684018568584,20.0,18.43233491321207,8.4,,0.5,1.5676650867879296,-10.15564886672547,-8.58798377993754
11,66.0,-0.36631995,-0.15903969,-0.28218269,102.0,-42.78,9.741247983052787,3.3361820215676348,,,22.39512911303836,7.669882467583992,20.0,7.613582899277682,8.4,,0.5,12.38641710072232,-10.258752016947213,2.1276650837751054
11,66.0,-0.36388385,-0.16055509,-0.29332584,103.12,-70.01,9.695807662511518,3.3629617762217854,,,22.29066181611398,7.731449123533885,20.0,7.697183025230537,8.4,,0.5,12.302816974769463,-10.304192337488482,1.9986246372809813
11,66.0,-0.29074782,-0.05262254,-0.27044657,652.69,329.17,16.280760460674372,6.113293124595806,,,37.42946829909038,14.05446089344576,45.0,48.24511018660425,18.9,,0.5,-3.2451101866042507,-28.719239539325628,-31.96434972592988
11,66.0,-0.28573465,-0.04331508,-0.27183014,636.8199999999999,328.72,16.547621648848953,6.190356384195897,,,38.04298217070374,14.231629327266369,45.0,47.534135901156986,18.9,,0.5,-2.5341359011569864,-28.452378351151047,-30.986514252308034
11,66.0,-0.27516583,-0.03904055,-0.27315155,578.4300000000001,398.81,16.784629937222505,6.253278239125631,,,38.58786422567454,14.376286671749824,45.0,43.17573290616853,18.9,,0.5,1.8242670938314731,-28.215370062777495,-26.391102968946022
11,67.0,-0.32170084,-0.4515093,-0.30308527,-283.65,-98.64,-16.015417883028533,4.983680205246287,-283.65,-98.64,-36.819445713082594,11.457480791861212,-34.0,-21.17247832725602,-14.28,-9.527615247265208,-0.5,-12.82752167274398,17.984582116971467,5.157060444227486
11,67.0,-0.32065722,-0.45025903,-0.30719879,0.0,0.0,-16.215097518158778,5.035709110755434,-283.65,-98.64,-37.27850919424703,11.57709524562674,-34.0,0.0,-14.28,-9.527615247265208,-0.5,-34.0,17.784902481841222,-16.215097518158778
11,67.0,-0.32160652,-0.45491683,-0.31191245,0.0,0.0,-16.434079063290156,5.083832065238966,-283.65,-98.64,-37.78194776650407,11.687729917984385,-33.0,0.0,-13.86,-9.527615247265208,-0.5,-33.0,16.565920936709844,-16.434079063290156
11,67.0,-0.15357372,-0.4935647,-0.3779282,-604.78,-161.12,-21.619290031718293,6.327218346790932,-604.78,-161.12,-49.70274778292036,14.546274979272354,-45.0,-45.14257515514859,-18.9,-20.314158819816868,-0.5,0.14257515514859165,23.380709968281707,23.5232851234303
11,67.0,-0.14889564,-0.49225047,-0.37851614,-617.62,-165.94,-21.86231089268052,6.396377037538785,-617.62,-165.94,-50.26145274227251,14.705270809301666,-45.0,-46.10099088482237,-18.9,-20.74544589817007,-0.5,1.100990884822373,23.13768910731948,24.238679992141854
11,67.0,-0.14385435,-0.494221,-0.38388273,-631.69,-183.43,-22.228334086081556,6.466462475975323,-631.69,-183.43,-51.102940063901485,14.866397232267268,-45.0,-47.1512174671051,-18.9,-21.21804786019729,-0.5,2.1512174671050985,22.771665913918444,24.922883381023542
11,68.0,-0.35124943,-0.4294824,-0.30578029,410.02,262.21,-14.957615096736566,4.814964015848872,410.02,262.21,-34.38755710739736,11.069602272436557,-29.0,30.605110395704266,-12.18,13.772299678066918,-0.5,-59.605110395704266,14.042384903263434,-45.56272549244083
11,68.0,-0.35161799,-0.42738706,-0.30391991,416.6099999999999,252.68,-15.095814841114697,4.868827137558005,416.6099999999999,252.68,-34.70527831972269,11.193433589245856,-29.0,31.09700756537328,-12.18,13.993653404417977,-0.5,-60.097007565373275,13.904185158885303,-46.19282240648798
11,68.0,-0.35073349,-0.42854235,-0.30474821,-164.41999999999996,39.91999999999999,-15.211021188126209,4.909964676436984,416.6099999999999,252.68,-34.970137711502154,11.288008791128629,-29.0,-12.272797061757217,-12.18,13.993653404417977,-0.5,-16.727202938242783,13.788978811873791,-2.9382241263689917
11,69.0,-0.35725263,-0.13561055,-0.31194767,106.5,-174.38,12.954076006733024,4.757165167812498,250.54999999999995,-240.36,29.78142073947922,10.936722720800931,-31.0,7.949476262481109,-13.02,8.415808215061867,0.5,-38.949476262481106,43.954076006733025,5.004599744251915
11,69.0,-0.35947457,-0.13732156,-0.31503832,70.12,-137.07,13.142443835373566,4.797595223926075,250.54999999999995,-240.36,30.21447837752383,11.029671419806048,-31.0,5.233965028405403,-13.02,8.415808215061867,0.5,-36.2339650284054,44.14244383537357,7.908478806968163
11,69.0,-0.35890436,-0.13698381,-0.3158451,68.87,-137.09,13.245976403731069,4.838695395652984,250.54999999999995,-240.36,30.45249975217773,11.124160714606209,-31.0,5.140661316404451,-13.02,8.415808215061867,0.5,-36.14066131640445,44.24597640373107,8.105315087326618
11,69.0,-0.1270726,0.09955428,-0.34766841,246.51,-236.14,20.94208135215715,7.79079829562201,250.54999999999995,-240.36,48.14584502860929,17.911045281634998,-31.0,18.400238436283736,-13.02,8.415808215061867,0.5,-49.400238436283736,51.942081352157146,2.5418429158734135
11,69.0,-0.12388471,0.095311,-0.35297579,250.54999999999995,-240.36,21.21448670152172,7.889886739581899,250.54999999999995,-240.36,48.772104926798434,18.138849614298785,-31.0,18.701796033470814,-13.02,8.415808215061867,0.5,-49.70179603347081,52.21448670152172,2.512690668050908
11,69.0,-0.12437586,0.08807039,-0.35282078,242.13,-243.45,21.55380407410752,8.013881942698559,250.54999999999995,-240.36,49.55219556637319,18.423914586263983,-31.0,18.073302229432404,-13.02,8.415808215061867,0.5,-49.0733022294324,52.55380407410752,3.4805018446751177
11,70.0,-0.3212629,-0.06241282,-0.29160118,-28.379999999999995,-142.57,17.16996013074598,6.246264760544582,,,39.47373834058501,14.360162684491996,45.0,-2.1183674772696137,18.9,,0.5,47.118367477269615,-27.83003986925402,19.288327608015596
11,70.0,-0.32001907,-0.06147644,-0.29115787,50.059999999999945,-152.1,17.432098323514506,6.32079129771353,,,40.07639404575985,14.531499193443404,45.0,3.736627058214121,18.9,,0.5,41.26337294178588,-27.567901676485494,13.695471265300384
11,70.0,-0.31960982,-0.06037381,-0.29312056,48.17999999999995,-167.85,17.56303275239088,6.396935635288509,,,40.37741229774663,14.706555025528283,45.0,3.5962982753646897,18.9,,0.5,41.40370172463531,-27.43696724760912,13.966734477026188
11,71.0,-0.3368102,-0.39748079,-0.32535374,0.0,0.0,-14.561858692678603,4.666082973093472,,,-33.47771313446811,10.72732475514189,-26.0,0.0,-10.92,,-0.5,-26.0,11.438141307321397,-14.561858692678603
11,71.0,-0.33817914,-0.39946032,-0.32109439,-75.72000000000003,-152.67000000000002,-14.67451722990314,4.708333221248619,,,-33.73671511154732,10.824458075650574,-26.0,-5.65196565816967,-10.92,,-0.5,-20.34803434183033,11.32548277009686,-9.02255157173347
11,71.0,-0.33523285,-0.3972204,-0.32289705,-69.35000000000002,-150.95999999999998,-14.845529829189967,4.755628131786957,,,-34.129873077307735,10.933189074978214,-26.0,-5.176489941812818,-10.92,,-0.5,-20.823510058187182,11.154470170810033,-9.66903988737715
11,72.0,-0.28866255,-0.42168117,-0.34330812,-113.74,-171.18,-16.453662754866635,5.261740752367233,,,-37.82697067343839,12.09674198969227,-37.0,-8.489891362390624,-15.54,,-0.5,-28.510108637609378,20.546337245133365,-7.96377139247601
11,72.0,-0.28926265,-0.41958946,-0.34141645,-137.80999999999997,-247.43,-16.66161342190752,5.319498923986592,,,-38.30504925696539,12.229528026245177,-37.0,-10.28654764068095,-15.54,,-0.5,-26.71345235931905,20.33838657809248,-6.375065781226571
11,72.0,-0.28945506,-0.41874683,-0.3419565,-113.46000000000004,-246.26,-16.80745221094459,5.367595199816724,,,-38.64033263296161,12.340101364378649,-37.0,-8.468991330902412,-15.54,,-0.5,-28.531008669097588,20.19254778905541,-8.338460880042177
11,72.0,-0.16948386,-0.49512082,-0.38347647,-81.92000000000007,-3.3600000000000136,-31.420342349386992,8.700977825544589,,,-72.2353670612407,20.00354802092701,-45.0,-6.114752069694394,-18.9,,-0.5,-38.8852479303056,13.579657650613008,-25.3055902796926
11,72.0,-0.16951096,-0.49550867,-0.38409543,-143.47000000000003,-36.81,-32.01437952458215,8.879619697891368,,,-73.60105852701436,20.414245685452254,-45.0,-10.709026848621267,-18.9,,-0.5,-34.290973151378736,12.985620475417853,-21.30535267596088
11,72.0,-0.16909379,-0.49542829,-0.38355514,-76.46000000000004,-62.71,-32.66637739060639,9.083854231770882,,,-75.1000016210041,20.88378087884125,-45.0,-5.707201455674234,-18.9,,-0.5,-39.29279854432576,12.333622609393608,-26.95917593493216
11,73.0,-0.35725924,-0.18169089,-0.34690079,18.730000000000015,42.22999999999999,6.460418235919811,2.1042209708261157,-666.5,-106.5,14.852501524379644,4.837604011929239,0.0,1.3980628206222658,0.0,-21.94223395126388,0.5,-1.3980628206222658,6.460418235919811,5.062355415297545
11,73.0,-0.35192299,-0.18804696,-0.30634141,-666.5,-106.5,6.5332620609349865,2.1142366998023845,-666.5,-106.5,15.019969478089534,4.860630172845681,0.0,-48.76051989169751,0.0,-21.94223395126388,0.5,48.76051989169751,6.5332620609349865,55.2937819526325
11,73.0,-0.34840804,-0.18939315,-0.2893804,83.48000000000002,-45.040000000000006,6.452934093648638,2.122506172821617,-666.5,-106.5,14.83529548129822,4.879641691316896,0.0,6.231195102271578,0.0,-21.94223395126388,0.5,-6.231195102271578,6.452934093648638,0.22173899137705977
11,73.0,-0.40104359,-0.13899669,-0.34634736,-23.309999999999945,-138.3,8.431833012209843,3.0094269941518466,-666.5,-106.5,19.38478409507043,6.918672659555095,20.0,-1.7399276213937485,8.4,-21.94223395126388,0.5,21.739927621393747,-11.568166987790157,10.171760633603592
11,73.0,-0.40325499,-0.13833062,-0.34774718,49.50999999999999,-154.06,8.487095548405648,3.0279217114331893,-666.5,-106.5,19.511832665784585,6.961192014584902,20.0,3.695573424933706,8.4,-21.94223395126388,0.5,16.304426575066294,-11.512904451594352,4.7915221234719425
11,73.0,-0.40342873,-0.13645926,-0.34879217,57.39999999999998,-164.65,8.63368060043656,3.044751289827406,-666.5,-106.5,19.84883170040365,6.999883215313206,20.0,4.284506455083713,8.4,-21.94223395126388,0.5,15.715493544916287,-11.36631939956344,4.349174145352846
11,74.0,-0.34379384,-0.0649146,-0.30694109,0.0,0.0,10.918592244153528,3.612038240883278,,,25.10184356930896,8.304075915790657,22.0,0.0,9.24,,0.5,22.0,-11.081407755846472,10.918592244153528
11,74.0,-0.34209979,-0.06415195,-0.30699292,51.309999999999945,-124.63,10.947808451558585,3.637038475604636,,,25.16901163013318,8.361551455415057,22.0,3.829930770215073,9.24,,0.5,18.17006922978493,-11.052191548441415,7.117877681343511
11,74.0,-0.34048143,-0.06316147,-0.3087886,54.64999999999998,-145.52,11.00296921168873,3.664938355673023,,,25.295826217672392,8.42569327969228,22.0,4.079238288681619,9.24,,0.5,17.92076171131838,-10.99703078831127,6.923730923007112
11,78.0,-0.35434291,-0.10735133,-0.29944268,407.9500000000001,342.74,10.150894564733129,3.429753300284581,382.08,287.81,23.336906604321463,7.885002837354252,15.0,30.45059944863069,6.3,12.833813621276546,0.5,-15.45059944863069,-4.849105435266871,-20.29970488389756
11,78.0,-0.35456726,-0.1063535,-0.29617321,382.08,287.81,10.193050497899238,3.4535446128054854,382.08,287.81,23.43382309467035,7.93969906483981,15.0,28.51958582505899,6.3,12.833813621276546,0.5,-13.51958582505899,-4.806949502100762,-18.326535327159753
11,78.0,-0.356188,-0.10771288,-0.29578349,360.83,275.53,10.25404981721658,3.4776193805099127,360.83,275.53,23.57406052978092,7.995046955792288,15.0,26.93342272104281,6.3,12.120040224469262,0.5,-11.93342272104281,-4.745950182783419,-16.679372903826227
11,79.0,-0.37443948,-0.43154284,-0.48364457,-866.25,-188.5,-21.60708592646398,6.744889511532691,-866.25,-188.5,-49.67469054494069,15.506500987013656,-24.0,-56.21548648057357,-10.08,-25.29696891625811,-0.5,32.21548648057357,2.3929140735360193,34.608400554109586
11,79.0,-0.37334573,-0.42888549,-0.48535258,-646.96,-66.7,-21.81356893978305,6.826896421365388,-646.96,-66.7,-50.14939499256123,15.695034872719027,-24.0,-48.03125807869807,-10.08,-21.61406613541413,-0.5,24.031258078698073,2.1864310602169503,26.217689138915024
11,79.0,-0.373988,-0.4294669,-0.48509654,-663.27,-97.95,-22.12507333800189,6.910478696199853,-663.27,-97.95,-50.865543604066346,15.887190522563465,-24.0,-48.63997149579228,-10.08,-21.887987173106527,-0.5,24.63997149579228,1.87492666199811,26.51489815779039
11,81.0,-0.37093031,-0.42587572,-0.48643151,821.6300000000001,-113.32,-31.16739622590949,8.851274983275047,821.6300000000001,-113.32,-71.65384392336593,20.349081186549338,-24.0,54.55020182878059,-10.08,24.547590822951264,-0.5,-78.55020182878059,-7.1673962259094885,-85.71759805469007
11,81.0,-0.37022623,-0.43131983,-0.48287025,142.65999999999997,163.38,-31.70279270585722,8.965619918248732,821.6300000000001,-113.32,-72.88472043076575,20.611960192053832,-24.0,10.648566043244646,-10.08,24.547590822951264,-0.5,-34.64856604324464,-7.70279270585722,-42.35135874910186
11,81.0,-0.37045908,-0.43182984,-0.48252377,61.64999999999998,-37.85,-32.25845484875396,9.080922900341555,821.6300000000001,-113.32,-74.16218769728535,20.87704174788524,-24.0,4.60173907588695,-10.08,24.547590822951264,-0.5,-28.60173907588695,-8.258454848753964,-36.86019392464091
11,82.0,-0.37521461,-0.42446208,-0.48476395,237.24,-115.75,7.704134419776126,2.660745129051875,304.67999999999995,-102.23,17.711805031065314,6.11705305169026,-24.0,17.70829810808468,-10.08,10.233998990082018,0.5,-41.708298108084676,31.704134419776125,-10.004163688308555
11,82.0,-0.37512583,-0.42689142,-0.48481345,304.67999999999995,-102.23,7.683828331026621,2.675245049530858,304.67999999999995,-102.23,17.665121333030203,6.150388368871443,-24.0,22.74221997796004,-10.08,10.233998990082018,0.5,-46.74221997796004,31.68382833102662,-15.05839164693342
11,82.0,-0.37526515,-0.42647395,-0.4862276,496.49,466.42,7.792484357449703,2.68989080135394,304.67999999999995,-102.23,17.914921537776866,6.184058952312707,-24.0,37.05948797708212,-10.08,10.233998990082018,0.5,-61.05948797708212,31.792484357449702,-29.26700361963242
11,82.0,-0.37532783,-0.42422232,-0.48583314,495.01,333.17,7.966998694511588,2.750105210820188,304.67999999999995,-102.23,18.31612999868214,6.322491879675612,-24.0,36.949016382073,-10.08,10.233998990082018,0.5,-60.949016382073,31.966998694511588,-28.98201768756141
11,82.0,-0.3760924,-0.42314181,-0.48543456,419.07,261.16,7.957950902151447,2.765573054848344,419.07,261.16,18.295329124046177,6.358052453096343,-24.0,31.28062927059116,-10.08,14.07628317176602,0.5,-55.28062927059116,31.957950902151445,-23.32267836843971
11,82.0,-0.37419164,-0.42232144,-0.48515114,149.65999999999997,-20.629999999999995,8.045993291843496,2.781203399267415,419.07,261.16,18.4977385779482,6.3939866149157885,-24.0,11.171066830449975,-10.08,14.07628317176602,0.5,-35.17106683044997,32.045993291843494,-3.125073538606479
11,82.0,-0.37697417,-0.14527419,-0.35468942,275.32000000000005,-132.86,8.51443029609582,2.9476067153924403,275.32000000000005,-132.86,19.57467525072429,6.77654783868722,-45.0,20.55070239048168,-18.9,9.247816075716758,0.5,-65.55070239048167,53.514430296095824,-12.036272094385858
11,82.0,-0.36701,-0.1399008,-0.35262239,265.83000000000004,-128.52,8.568839231223937,2.965322217868352,265.83000000000004,-128.52,19.69976139258383,6.817275778879341,38.0,19.842340608970456,15.96,8.929053274036706,0.5,18.157659391029544,-29.431160768776063,-11.27350137774652
11,82.0,-0.37238437,-0.14467837,-0.36120915,443.69000000000005,234.0,8.680325731707018,2.983237964182362,443.69000000000005,234.0,19.956068857194435,6.85846407965525,15.0,33.11833918216191,6.3,14.90325263197286,0.5,-18.11833918216191,-6.319674268292982,-24.438013450454893
11,82.0,-0.29743728,-0.05075839,-0.33098766,320.49,-166.12,13.600646702673986,4.426692751037037,320.49,-166.12,31.267886769447493,10.176966634634146,30.0,23.922325327348084,12.6,10.765046397306635,0.5,6.077674672651916,-16.399353297326016,-10.321678624674098
11,82.0,-0.2954241,-0.04967502,-0.33457312,225.32000000000005,-153.3,13.678709989376962,4.465131254487508,320.49,-166.12,31.447354265577637,10.26533675406678,35.0,16.818553910443605,14.7,10.765046397306635,0.5,18.181446089556395,-21.321290010623038,-3.1398439210666425
11,82.0,-0.29326466,-0.04965555,-0.33580244,227.74,-147.24,13.871331166666462,4.504185611976668,320.49,-166.12,31.890190352166197,10.35512272193436,39.0,16.999189896877446,16.38,10.765046397306635,0.5,22.000810103122554,-25.12866883333354,-3.127858730210985
11,83.0,-0.36857626,-0.13972382,-0.37865785,203.83000000000004,-160.15,9.533255524487648,3.174710227833395,271.66,-196.3,21.9169544507971,7.2986588137889745,4.0,15.214476493723238,1.68,9.1248791047843,0.5,-11.214476493723238,5.5332555244876485,-5.681220969235589
11,83.0,-0.34093714,-0.13877299,-0.34768307,164.78999999999996,-151.26,9.600661835512026,3.1951262881882183,271.66,-196.3,22.07192155984215,7.345595336544713,13.0,12.3004149605095,5.46,9.1248791047843,0.5,0.6995850394905005,-3.3993381644879737,-2.699753124997473
11,83.0,-0.34147906,-0.12869366,-0.32563478,166.34000000000003,-137.11,9.682063843862544,3.2137248845255337,271.66,-196.3,22.25906477703999,7.388353509524202,18.0,12.416111563390684,7.56,9.1248791047843,0.5,5.583888436609316,-8.317936156137456,-2.7340477195281405
11,83.0,-0.34722671,-0.04999356,-0.2961598,271.66,-196.3,14.34628523995058,4.754885451719273,271.66,-196.3,32.98210976664638,10.931481653502608,29.0,20.277509121742888,12.18,9.1248791047843,0.5,8.722490878257112,-14.65371476004942,-5.931223881792308
11,83.0,-0.34880653,-0.05266912,-0.30060264,-641.75,-167.0,14.499798231015186,4.798886773951895,-641.75,-167.0,33.33503613310391,11.032640693315406,26.0,-47.83681314288808,10.92,-21.52656591429964,0.5,73.83681314288808,-11.500201768984814,62.33661137390327
11,83.0,-0.34497786,-0.05235868,-0.29701808,28.850000000000023,-109.03,14.656906219448585,4.843626328178093,-641.75,-167.0,33.6962273985123,11.135496928481436,27.0,2.153449672981973,11.34,-21.52656591429964,0.5,24.846550327018026,-12.343093780551415,12.503456546466612
11,83.0,-0.12918667,0.00221967,-0.37286752,766.19,-160.24,27.92144075003568,7.7529271924569105,766.19,-160.24,64.19139228433203,17.823979615458434,-45.0,52.48109871144747,-18.9,23.61649442015136,0.5,-97.48109871144747,72.92144075003569,-24.559657961411794
11,83.0,-0.1263568,0.00216054,-0.3674584,-623.0,-125.5,28.56160950626909,7.837849850500026,-623.0,-125.5,65.66314025491263,18.01921680629956,-45.0,-46.50257006127447,-18.9,-20.92615652757351,0.5,1.5025700612744686,73.5616095062691,75.06417956754356
11,83.0,-0.12428811,0.00267501,-0.36977068,97.45000000000005,14.009999999999993,29.165084143370493,7.958764141603096,-623.0,-125.5,67.05052844560876,18.29719876154552,-45.0,7.27395738759422,-18.9,-20.92615652757351,0.5,-52.27395738759422,74.16508414337049,21.891126755776273
11,84.0,-0.33401749,-0.08513778,-0.2893407,-66.5,-64.65,16.094274686284823,4.996136272191232,388.99,-193.28,37.00073750376881,11.48611728976764,45.0,-4.9637574784506455,18.9,13.065915935250112,0.5,49.963757478450646,-28.905725313715177,21.05803216473547
11,84.0,-0.33029652,-0.08315247,-0.28892386,-22.07000000000005,-82.3,16.333757255646283,5.043603239085706,388.99,-193.28,37.5513079307308,11.595243846658038,45.0,-1.647370339088812,18.9,13.065915935250112,0.5,46.64737033908881,-28.666242744353717,17.981127594735096
11,84.0,-0.32996932,-0.08157443,-0.28644332,388.99,-193.28,16.46330737083568,5.091865519568516,388.99,-193.28,37.84914364555122,11.706198829488018,45.0,29.03536874500025,18.9,13.065915935250112,0.5,15.964631254999752,-28.53669262916432,-12.57206137416457
11,85.0,-0.36325267,-0.13980602,-0.29200235,41.74000000000001,-97.41,8.25501882607523,2.870628748165798,-770.0,-107.75,18.978288281146952,6.599575492033169,18.0,3.115597551135789,7.56,-23.680482105841616,0.5,14.884402448864211,-9.74498117392477,5.139421274939441
11,85.0,-0.36384627,-0.14040793,-0.29445386,-225.13,-209.78,8.293694463093386,2.8874394701067314,-770.0,-107.75,19.067203570651696,6.638223341775375,15.0,-16.804371746219456,6.3,-23.680482105841616,0.5,31.804371746219456,-6.706305536906614,25.09806620931284
11,85.0,-0.36378297,-0.13913339,-0.29341927,-220.56,-230.23,8.223102927190643,2.906157156884185,-770.0,-107.75,18.90491362961129,6.681255303676743,15.0,-16.463253375143978,6.3,-23.680482105841616,0.5,31.463253375143978,-6.776897072809357,24.686356302334623
11,85.0,-0.29249603,-0.08722017,-0.32786784,-770.0,-107.75,13.5253058993423,4.948146890943562,-770.0,-107.75,31.09467826258795,11.37578970227925,45.0,-52.62329356853692,18.9,-23.680482105841616,0.5,97.62329356853692,-31.4746941006577,66.14859946787922
11,85.0,-0.29648542,-0.09396098,-0.33242768,66.19000000000005,-68.72999999999999,13.714069718512436,5.001118551378046,-770.0,-107.75,31.528646282860088,11.497571549618128,41.0,4.940618157874414,17.22,-23.680482105841616,0.5,36.05938184212559,-27.285930281487566,8.773451560638023
11,85.0,-0.28978381,-0.09644641,-0.33489177,156.5,-148.31,13.835121183933106,5.020639354108875,-770.0,-107.75,31.80694360186221,11.5424498750963,38.0,11.681624742519189,15.96,-23.680482105841616,0.5,26.31837525748081,-24.164878816066896,2.1534964414139175
11,85.0,-0.25826782,-0.06619108,-0.34713817,52.63,-52.41,14.978195171992716,5.385411377690351,-770.0,-107.75,34.43487070041125,12.381060757310118,32.0,3.928459490088082,13.44,-23.680482105841616,0.5,28.07154050991192,-17.021804828007284,11.049735681904634
11,85.0,-0.26708513,-0.07907355,-0.35259578,56.99000000000001,-44.150000000000006,15.174306853088405,5.43579223562387,-770.0,-107.75,34.88573145525024,12.496886349699276,23.0,4.253902837547404,9.66,-23.680482105841616,0.5,18.746097162452596,-7.825693146911595,10.920404015541001
11,85.0,-0.2922352,-0.09857239,-0.37211335,500.81,477.42,15.47618731885828,5.498495322939126,-770.0,-107.75,35.579754646055186,12.64104074743705,0.0,37.3819456057574,0.0,-23.680482105841616,0.5,-37.3819456057574,15.47618731885828,-21.905758286899122
11,86.0,-0.39186752,-0.16545536,-0.34712887,251.58000000000004,-122.89,9.292960478270471,3.229530697316744,251.58000000000004,-122.89,21.364516139543813,7.424691073131194,13.0,18.7786782921596,5.46,8.450405231471821,0.5,-5.778678292159601,-3.707039521729529,-9.48571781388913
11,86.0,-0.38413236,-0.16654088,-0.36204904,254.49,-155.36,9.351246343264156,3.248529552517308,254.49,-155.36,21.498515343164296,7.468369441237291,5.0,18.995889333697814,2.1,8.548150200164018,0.5,-13.995889333697814,4.351246343264156,-9.644642990433658
11,86.0,-0.38516769,-0.16369803,-0.35494506,276.74,-187.21,9.423243660212696,3.272058776266425,276.74,-187.21,21.664037174828984,7.52246312663651,13.0,20.656695407314764,5.46,9.295512933291644,0.5,-7.656695407314764,-3.5767563397873037,-11.233451747102068
11,86.0,-0.2862657,-0.02897598,-0.31875843,61.72000000000003,-51.18,16.52495629127056,5.400607107731116,276.74,-187.21,37.99087451363101,12.415995740673836,45.0,4.606964083759007,18.9,9.295512933291644,0.5,40.39303591624099,-28.47504370872944,11.917992207511553
11,86.0,-0.28405091,-0.03213353,-0.31745493,124.58000000000004,-57.49,16.63203730244281,5.450198262413596,276.74,-187.21,38.23705375831602,12.530005805288855,45.0,9.299021152862885,18.9,9.295512933291644,0.5,35.700978847137115,-28.36796269755719,7.333016149579926
11,86.0,-0.28373134,-0.03723,-0.3144232,130.08000000000004,-80.84,16.856586015809246,5.511903031677809,276.74,-187.21,38.753291250345455,12.67186506982728,45.0,9.709557485667071,18.9,9.295512933291644,0.5,35.29044251433293,-28.143413984190754,7.147028530142174
11,87.0,-0.34200647,-0.12489726,-0.32635951,163.22000000000003,-112.87,10.949856643342905,3.720833125822498,-530.25,-47.0,25.17372042304533,8.554195356265923,25.0,12.18322549823631,10.5,-17.810745583861724,0.5,12.81677450176369,-14.050143356657095,-1.2333688548934045
11,87.0,-0.33738717,-0.12199332,-0.32358998,233.04999999999995,-142.54,11.089406310957784,3.751298841731151,-530.25,-47.0,25.49454510889194,8.624236037139916,32.0,17.395544065457486,13.44,-17.810745583861724,0.5,14.604455934542514,-20.910593689042216,-6.3061377544997015
11,87.0,-0.33305091,-0.11898971,-0.32484379,249.80999999999997,-141.16,11.170244167583492,3.776597417656242,-530.25,-47.0,25.680391341274447,8.682397463191698,38.0,18.64656023596625,15.96,-17.810745583861724,0.5,19.35343976403375,-26.82975583241651,-7.476316068382756
11,87.0,-0.25671649,-0.13175173,-0.31248611,158.13,-99.59,13.488390704716286,5.003166417702139,-530.25,-47.0,31.00981023014274,11.502279594297216,27.0,11.803292782968429,11.34,-17.810745583861724,0.5,15.196707217031571,-13.511609295283714,1.6850979217478574
11,87.0,-0.25634173,-0.130588,-0.31427088,-530.25,-47.0,13.638300362011613,5.057328368430083,-530.25,-47.0,31.35445253226469,11.62679791902076,34.0,-39.57943463080383,14.28,-17.810745583861724,0.5,73.57943463080383,-20.361699637988387,53.217734992815444
11,87.0,-0.25797981,-0.13283385,-0.31690994,-531.83,51.25,13.735702082020769,5.1024673045029685,-531.83,51.25,31.578379086565747,11.730572333052326,38.0,-39.69737052277304,15.96,-17.863816735247866,0.5,77.69737052277304,-24.26429791797923,53.43307260479381
11,87.0,-0.18773592,-0.09264965,-0.35681137,-104.57999999999991,-352.98,19.109152196996675,6.766827851918451,-531.83,51.25,43.93194090089536,15.556937231560516,45.0,-7.806161760847641,18.9,-17.863816735247866,0.5,52.806161760847644,-25.890847803003325,26.915313957844315
11,87.0,-0.18352439,-0.0857756,-0.35656133,654.95,-380.79,19.480462176746403,6.858673135771353,654.95,-380.79,44.78558254433998,15.76808953913834,45.0,48.32945674225312,18.9,21.748255534013904,0.5,-3.3294567422531216,-25.519537823253597,-28.848994565506718
11,87.0,-0.18127091,-0.07945149,-0.36045963,688.19,-318.88,19.759933215563883,6.935240300592031,688.19,-318.88,45.42808646258137,15.94411745106108,45.0,49.57002289701777,18.9,22.306510303658,0.5,-4.570022897017772,-25.240066784436117,-29.81008968145389
11,88.0,-0.2007672,-0.0732532,-0.31236532,347.8299999999999,-229.83,18.15386207359561,6.359241600142655,347.8299999999999,-229.83,41.73572890719631,14.619896438727965,-45.0,25.963064116232896,-18.9,11.683378852304804,0.5,-70.9630641162329,63.15386207359561,-7.809202042637285
11,88.0,-0.19771458,-0.07047549,-0.31430137,360.1600000000001,-221.3,18.348807329574463,6.44174545807015,360.1600000000001,-221.3,42.18390805069169,14.809572808103272,-45.0,26.8834119314103,-18.9,12.097535369134636,0.5,-71.88341193141031,63.34880732957446,-8.534604601835838
11,88.0,-0.19619158,-0.06843965,-0.31375143,270.07000000000005,-139.64,18.552699196839647,6.510629563763746,270.07000000000005,-139.64,42.65265545353435,14.96793736709285,-45.0,20.158826800077684,-18.9,9.071472060034958,0.5,-65.15882680007769,63.55269919683965,-1.6061276032380363
11,89.0,-0.30175263,-0.08641381,-0.30685458,-644.0,-126.75,13.741576581125669,5.7988805160427015,-644.0,-126.75,31.59188456000791,13.331626306382171,-45.0,-47.92078648368894,-18.9,-21.564353917660025,0.5,2.920786483688943,58.74157658112567,61.66236306481461
11,89.0,-0.30088991,-0.08573772,-0.30743203,95.62,-118.61,13.89650693815361,5.874186224457778,-644.0,-126.75,31.94806945081515,13.50475413002843,-45.0,7.137360753224824,-18.9,-21.564353917660025,0.5,-52.137360753224826,58.89650693815361,6.759146184928786
11,89.0,-0.29848754,-0.08613586,-0.31043279,93.58000000000004,-177.84,14.116446650509236,5.920186749732841,-644.0,-126.75,32.45371084952073,13.610509337635802,-45.0,6.985089095239274,-18.9,-21.564353917660025,0.5,-51.985089095239275,59.11644665050923,7.131357555269962
11,90.0,-0.33274516,-0.13477735,-0.29263291,-83.14999999999998,-179.75,8.238078624864729,3.1728554575402943,,,18.93934275856401,7.294394696885136,23.0,-6.206562922303324,9.66,,0.5,29.206562922303323,-14.761921375135271,14.444641547168054
11,90.0,-0.32456729,-0.13111806,-0.28877327,65.74000000000001,-142.35,8.386273174062987,3.194320625418484,,,19.280042027170808,7.343743117837094,32.0,4.907028821554068,13.44,,0.5,27.092971178445932,-23.613726825937015,3.4792443525089194
11,90.0,-0.32311726,-0.12950625,-0.28591102,99.71000000000004,-154.31,8.492494461966276,3.2100944966584413,,,19.524244768060463,7.3800072478177565,32.0,7.442650498891941,13.44,,0.5,24.55734950110806,-23.507505538033726,1.049843963074335
11,91.0,-0.30444166,-0.39079699,-0.30226758,-390.62,-192.14,-12.913656707578577,4.419238250278529,-390.62,-192.14,-29.68849677072314,10.159828737390338,-29.0,-29.157036785449492,-12.18,-13.120666553452272,-0.5,0.15703678544949184,16.086343292421425,16.243380077870917
11,91.0,-0.29992732,-0.39285657,-0.298971,-227.39,-180.53,-12.962685111256224,4.45801809494428,-390.62,-192.14,-29.801213070778054,10.2489836002769,-29.0,-16.973064857517176,-12.18,-13.120666553452272,-0.5,-12.026935142482824,16.037314888743776,4.010379746260952
11,91.0,-0.29503459,-0.38954037,-0.30133313,-214.73,-178.42,-13.175010361995986,4.50142884440069,-390.62,-192.14,-30.28934882222877,10.348784913277186,-29.0,-16.028084862371536,-12.18,-13.120666553452272,-0.5,-12.971915137628464,15.824989638004014,2.85307450037555
11,91.0,-0.29402742,-0.40177879,-0.3020485,655.8299999999999,242.61,-14.548864313660069,4.935422586437873,655.8299999999999,242.61,-33.447839057104495,11.346536526220673,-33.0,48.36229964887744,-13.86,21.76303484199485,-0.5,-81.36229964887744,18.45113568633993,-62.91116396253751
11,91.0,-0.28932461,-0.40576336,-0.30421177,562.3900000000001,332.39,-14.685731455165,4.978295246061358,655.8299999999999,242.61,-33.76249661542433,11.445100770695062,-33.0,41.97845967377231,-13.86,21.76303484199485,-0.5,-74.9784596737723,18.314268544835002,-56.66419112893731
11,91.0,-0.28445321,-0.40479016,-0.30139363,0.0,0.0,-14.83283500402234,5.026782572736404,655.8299999999999,242.61,-34.10068767424736,11.55657313472099,-34.0,0.0,-14.28,21.76303484199485,-0.5,-34.0,19.16716499597766,-14.83283500402234
11,93.0,-0.36660147,-0.35905442,-0.26970461,424.3900000000001,363.72,-8.358376593846712,2.865762156109484,,,-19.215907789253592,6.588387196895703,-16.0,31.677729868867218,-6.72,,-0.5,-47.67772986886722,7.641623406153288,-40.03610646271393
11,93.0,-0.36364567,-0.35828668,-0.27630845,481.1199999999999,309.45,-8.407839059815792,2.8825274619914483,,,-19.329621998516505,6.626930635118338,-16.0,35.91222553431841,-6.72,,-0.5,-51.91222553431841,7.592160940184208,-44.3200645941342
11,93.0,-0.36181891,-0.35705218,-0.27520064,-18.41999999999996,14.909999999999997,-8.521466013396623,2.897791244628245,,,-19.59085036479884,6.662022071400335,-16.0,-1.3749235000460254,-6.72,,-0.5,-14.625076499953975,7.478533986603377,-7.146542513350598
11,94.0,-0.35485208,-0.33360586,-0.28617787,0.0,0.0,-7.954430813386402,2.499811461166015,-563.85,-117.8,-18.287236439975334,5.747066549220668,-16.0,0.0,-6.72,-18.93934728422524,-0.5,-16.0,8.045569186613598,-7.954430813386402
11,94.0,-0.34703574,-0.33098742,-0.28911281,-113.25,-173.19,-8.04750150890768,2.511324277211131,-563.85,-117.8,-18.501205968978752,5.77353451330839,-16.0,-8.45331630728625,-6.72,-18.93934728422524,-0.5,-7.546683692713749,7.952498491092321,0.4058147983785716
11,94.0,-0.34726039,-0.33191386,-0.29094523,71.95000000000005,-169.76999999999998,-8.113426027326755,2.5242391540203086,-563.85,-117.8,-18.65276643682421,5.803225815092689,-16.0,5.3705616627748,-6.72,-18.93934728422524,-0.5,-21.3705616627748,7.886573972673245,-13.483987690101554
11,94.0,-0.33695638,-0.35079953,-0.30680552,98.77999999999996,-130.5,-8.831515700845983,2.928013842486075,-563.85,-117.8,-20.303654596244915,6.731503823875487,-24.0,7.3732325371632275,-10.08,-18.93934728422524,-0.5,-31.373232537163226,15.168484299154017,-16.20474823800921
11,94.0,-0.33659279,-0.35105771,-0.30710936,100.41999999999996,-135.01,-8.865976596741827,2.945485930754435,-563.85,-117.8,-20.38288019590946,6.771672154804446,-24.0,7.495647007308475,-10.08,-18.93934728422524,-0.5,-31.495647007308474,15.134023403258173,-16.3616236040503
11,94.0,-0.34110487,-0.3511675,-0.30646974,103.84000000000005,-136.06,-8.887858659168161,2.964938465949037,-563.85,-117.8,-20.4331870574276,6.816393533216837,-24.0,7.750925963343085,-10.08,-18.93934728422524,-0.5,-31.750925963343086,15.112141340831839,-16.638784622511245
11,94.0,-0.34133297,-0.3531636,-0.3083812,-209.58000000000004,-179.57,-9.010259623140335,3.073745588505639,-563.85,-117.8,-20.71458687359963,7.066541107974463,-24.0,-15.643673568927618,-10.08,-18.93934728422524,-0.5,-8.356326431072382,14.989740376859665,6.633413945787282
11,94.0,-0.34223494,-0.35024545,-0.3070263,-211.76,-180.87,-9.119216796870314,3.0968385772883087,-563.85,-117.8,-20.96507941600485,7.119631889185822,-24.0,-15.80639524265727,-10.08,-18.93934728422524,-0.5,-8.19360475734273,14.880783203129686,6.687178445786957
11,94.0,-0.34418038,-0.351726,-0.30713189,-185.1,-184.54,-9.183101466442986,3.11437698196842,-563.85,-117.8,-21.111950271352423,7.159952681545397,-24.0,-13.816413673100971,-10.08,-18.93934728422524,-0.5,-10.183586326899029,14.816898533557014,4.633312206657985
11,94.0,-0.31405136,-0.38841933,-0.30827308,-563.85,-117.8,-12.879066373778008,4.44219147602791,-563.85,-117.8,-29.60897359331564,10.212598203388165,-29.0,-42.08743840938942,-12.18,-18.93934728422524,-0.5,13.08743840938942,16.12093362622199,29.20837203561141
11,94.0,-0.3105163,-0.3855491,-0.30736813,-579.5699999999999,-123.47,-12.979703458721303,4.47736259511331,-579.5699999999999,-123.47,-29.84033825160028,10.2934566061655,-29.0,-43.260825891513385,-12.18,-19.467371651181026,-0.5,14.260825891513385,16.020296541278697,30.28112243279208
11,94.0,-0.30615571,-0.38464129,-0.31011286,-837.25,-237.5,-13.087169157156984,4.521104777164174,-837.25,-237.5,-30.087401892303905,10.394019882700434,-32.0,-55.133163421362525,-13.44,-24.809923539613138,-0.5,23.133163421362525,18.912830842843015,42.04599426420554
11,95.0,-0.32031044,-0.09816402,-0.29145688,174.01999999999998,-142.99,12.299504212174366,4.615782304044647,283.67999999999995,-170.52,28.276560183788867,10.61168351699864,38.0,12.98936956992453,15.96,9.52862292735482,0.5,25.01063043007547,-25.700495787825634,-0.6898653577501648
11,95.0,-0.31295872,-0.09076508,-0.28343177,212.49,-148.52,12.421772194488325,4.662404753127224,283.67999999999995,-170.52,28.55765427512865,10.718868527439488,45.0,15.860884610465831,18.9,9.52862292735482,0.5,29.13911538953417,-32.57822780551167,-3.4391124159775064
11,95.0,-0.30490997,-0.08563024,-0.28453699,230.83000000000004,-120.3,12.52322999448055,4.701216495361123,283.67999999999995,-170.52,28.790905757310785,10.808096722835222,45.0,17.2298366729438,18.9,9.52862292735482,0.5,27.7701633270562,-32.47677000551945,-4.706606678463251
11,95.0,-0.27779421,-0.08290388,-0.33024025,283.67999999999995,-170.52,18.376169065060733,6.496897739679997,283.67999999999995,-170.52,42.24681268057462,14.936367903524314,15.0,21.174717616344047,6.3,9.52862292735482,0.5,-6.174717616344047,3.3761690650607328,-2.7985485512833144
11,95.0,-0.29483387,-0.09539378,-0.34684807,293.47,-197.65,18.67730548665964,6.5589610646247625,293.47,-197.65,42.93912531383051,15.079051487572327,0.0,21.905472288735503,0.0,9.857462529930975,0.5,-21.905472288735503,18.67730548665964,-3.2281668020758616
11,95.0,-0.27849552,-0.08027002,-0.35003111,303.56999999999994,-212.64,19.118107477962056,6.645680026569945,303.56999999999994,-212.64,43.95252909183476,15.278418381084304,4.0,22.659366281703196,1.68,10.196714826766437,0.5,-18.659366281703196,15.118107477962056,-3.5412588037411403
11,96.0,-0.32695904,-0.43575028,-0.31259939,-242.58,-112.25,-15.034004046399112,6.949278098337759,,,-34.56317530267156,15.976390348078509,-31.0,-18.106891565752743,-13.02,,-0.5,-12.893108434247257,15.965995953600888,3.072887519353632
11,96.0,-0.3080917,-0.44360158,-0.31519371,-232.29,-106.92,-15.216824137705048,7.029746928730335,,,-34.9834786925839,16.16138818915104,-33.0,-17.338815408560908,-13.86,,-0.5,-15.661184591439092,17.783175862294954,2.12199127085586
11,96.0,-0.29407895,-0.44280088,-0.32165584,-209.28,-119.76,-15.261511234502386,7.096941657802809,,,-35.08621432812098,16.315868871288657,-34.0,-15.621280678047382,-14.28,,-0.5,-18.378719321952616,18.738488765497614,0.3597694435449963
11,97.0,-0.18493561,-0.09841524,-0.30123973,543.26,-47.11,19.49085154472985,6.428229806670842,543.26,-47.11,44.80946770133392,14.778500325536266,-45.0,40.55053966530974,-18.9,18.247742849389383,0.5,-85.55053966530974,64.49085154472985,-21.059688120579892
11,97.0,-0.18281753,-0.09639809,-0.30376118,561.12,-54.85,19.717197822334708,6.531093882933421,561.12,-54.85,45.32983779354749,15.014984836863936,-45.0,41.883663102379344,-18.9,18.847648396070703,0.5,-86.88366310237934,64.71719782233471,-22.166465280044637
11,97.0,-0.17937696,-0.0980427,-0.30424836,569.96,-65.28999999999999,20.03081275936582,6.6270347834749375,569.96,-65.28999999999999,46.05083853378202,15.23555296720888,-45.0,42.54350695365008,-18.9,19.144578129142538,0.5,-87.54350695365008,65.03081275936582,-22.51269419428426
11,97.0,-0.08720084,-0.04896026,-0.33922321,723.73,-69.87,27.24351266158712,9.30241801629015,723.73,-69.87,62.63283560898879,21.386259019451053,-45.0,50.8964284668233,-18.9,22.90339281007049,0.5,-95.8964284668233,72.24351266158712,-23.652915805236184
11,97.0,-0.08367474,-0.05358358,-0.34254634,739.8900000000001,-65.56,27.830495014657824,9.526114479909223,739.8900000000001,-65.56,63.982308038698335,21.900537189311308,-45.0,51.49954366119746,-18.9,23.174794647538857,0.5,-96.49954366119746,72.83049501465783,-23.669048646539633
11,97.0,-0.08094601,-0.04986345,-0.34343854,380.35,63.150000000000006,28.393119486596085,9.736673769133532,380.35,63.150000000000006,65.2757816996844,22.384612995237987,-45.0,28.39045348764967,-18.9,12.775704069442352,0.5,-73.39045348764967,73.39311948659608,0.0026659989464157263
11,98.0,-0.22211616,-0.19936901,-0.29842389,-229.43,-33.18,10.350685032155628,3.937806883973412,,,23.79622488892579,9.053018026254872,32.0,-17.12533651550273,13.44,,0.5,49.12533651550273,-21.649314967844372,27.47602154765836
11,98.0,-0.21645288,-0.20029277,-0.29529956,191.63,0.3299999999999983,10.365125225739806,3.970053548914428,,,23.829422893975813,9.127153108954268,32.0,14.303832264593945,13.44,,0.5,17.696167735406057,-21.634874774260194,-3.9387070388541385
11,98.0,-0.21094507,-0.20021857,-0.29117134,194.87,-29.28,10.446581634673482,4.002839018719763,,,24.016691178114336,9.202526904036736,38.0,14.54567548610041,15.96,,0.5,23.45432451389959,-27.553418365326518,-4.099093851426929
11,99.0,-0.20859562,-0.18163116,-0.3091931,125.67999999999996,-213.0,11.350017164978343,3.2463240137449207,,,26.093689462285216,7.463298907599574,41.0,9.381128419423712,17.22,,0.5,31.61887158057629,-29.649982835021657,1.9688887455546311
11,99.0,-0.20897329,-0.18087651,-0.30798885,137.80999999999997,-211.55,11.425461098285544,3.269330226745538,,,26.267135064958463,7.516190191287992,41.0,10.28654764068095,17.22,,0.5,30.71345235931905,-29.574538901714455,1.138913457604593
11,99.0,-0.20709126,-0.18027057,-0.30592179,139.09000000000003,-166.26999999999998,11.544537268415136,3.2926285733921565,,,26.540891180086398,7.569753090228566,41.0,10.382090641769931,17.22,,0.5,30.61790935823007,-29.455462731584866,1.1624466266452043
11,100.0,-0.27054551,-0.18116866,-0.28866863,200.69000000000003,-71.91,11.521825109837478,3.335654075631738,406.39,-36.2,26.48867592751636,7.668668719877365,13.0,14.980097569176849,5.46,13.650370387224076,0.5,-1.9800975691768485,-1.4781748901625225,-3.458272459339371
11,100.0,-0.26770377,-0.1809777,-0.28777325,406.39,-36.2,11.64417231259542,3.359869642433959,406.39,-36.2,26.769952146656863,7.724340307955671,13.0,30.3341564160535,5.46,13.650370387224076,0.5,-17.3341564160535,-1.3558276874045792,-18.68998410345808
11,100.0,-0.27193621,-0.18048197,-0.28242257,434.11,-18.64,11.725996766490972,3.384425749102657,434.11,-18.64,26.958066566162746,7.780794797187008,13.0,32.40325953338662,5.46,14.581466790023978,0.5,-19.403259533386617,-1.2740032335090277,-20.677262766895645
11,101.0,-0.22391544,-0.37932888,-0.36904567,224.79,27.169999999999987,-12.068918657276836,3.535160049928036,266.31999999999994,336.94000000000005,-27.74644399307945,8.127332954784555,-33.0,16.778993136555197,-13.86,8.945512048833672,-0.5,-49.7789931365552,20.931081342723164,-28.847911793832033
11,101.0,-0.21636036,-0.37962419,-0.34153143,380.79,369.02,-12.20587511408276,3.5629552433876475,266.31999999999994,336.94000000000005,-28.061306887276263,8.191234104548203,-42.0,28.423296394274,-17.64,8.945512048833672,-0.5,-70.423296394274,29.794124885917242,-40.62917150835676
11,101.0,-0.21457341,-0.38044268,-0.32758728,266.31999999999994,336.94000000000005,-12.3191489955823,3.5911866764478635,266.31999999999994,336.94000000000005,-28.32172354084371,8.256138169153639,-42.0,19.878915664074825,-17.64,8.945512048833672,-0.5,-61.878915664074825,29.6808510044177,-32.19806465965712
11,102.0,-0.24855122,-0.2170931,-0.28867915,315.28,-237.92,9.125177063539422,2.740870211891969,315.28,-237.92,20.97878206907713,6.301260617139636,32.0,23.53343545572811,13.44,10.59004595507765,0.5,8.46656454427189,-22.87482293646058,-14.408258392188689
11,102.0,-0.25117153,-0.21758445,-0.28518474,310.21000000000004,-243.31,9.173106069342753,2.757648534575119,310.21000000000004,-243.31,21.08897085341899,6.339833980988198,32.0,23.154995599852256,13.44,10.419748019933516,0.5,8.845004400147744,-22.82689393065725,-13.981889530509504
11,102.0,-0.24724473,-0.21570332,-0.28589854,362.93000000000006,-259.33,9.253609339528188,2.774623311951402,362.93000000000006,-259.33,21.274047871575306,6.378858994176274,32.0,27.090172957204405,13.44,12.190577830741985,0.5,4.909827042795595,-22.74639066047181,-17.83656361767622
11,102.0,-0.1394432,-0.11966266,-0.38942587,375.46,-96.18,13.457428725910054,3.775144670851242,375.46,-96.18,30.93862864086721,8.679057598287006,25.0,28.02544936630195,10.5,12.611452214835875,0.5,-3.025449366301949,-11.542571274089946,-14.568020640391895
11,102.0,-0.13285509,-0.12588638,-0.38825139,437.66,-72.63,13.54992744513008,3.805309025651765,437.66,-72.63,31.15128319635405,8.748405449973406,32.0,32.668242075469315,13.44,14.700708933961192,0.5,-0.6682420754693155,-18.45007255486992,-19.118314630339235
11,102.0,-0.12767713,-0.1223221,-0.38877705,489.29,-86.22,13.755533850179624,3.8358683438277126,489.29,-86.22,31.62397232156296,8.81866132245991,32.0,36.52205859595664,13.44,16.434926368180488,0.5,-4.5220585959566435,-18.244466149820376,-22.76652474577702
11,102.0,-0.12826011,-0.02495736,-0.41486967,552.22,-57.83,17.264656877333945,4.841034692196496,552.22,-57.83,39.691446160990736,11.129538757359745,45.0,41.21934067293257,18.9,18.548703302819657,0.5,3.7806593270674327,-27.735343122666055,-23.954683795598623
11,102.0,-0.14273885,-0.04502574,-0.4140465,576.79,-54.09,17.488026787725982,4.906926939584835,576.79,-54.09,40.20497358498203,11.281025034105538,45.0,43.05331843602328,18.9,19.373993296210475,0.5,1.9466815639767177,-27.511973212274018,-25.5652916482973
11,102.0,-0.1505505,-0.05880602,-0.40522608,606.11,-51.58,17.651089832848765,4.974450306491081,606.11,-51.58,40.57985552571931,11.436261254622996,44.0,45.2418503047176,18.48,20.358832637122923,0.5,-1.2418503047176017,-26.348910167151235,-27.590760471868837
11,103.0,-0.32457918,-0.16487232,-0.2934339,32.049999999999955,-286.11,11.73461318190034,4.573383347937531,,,26.97787570518888,10.514208316908384,4.0,2.392307175704405,1.68,,0.5,1.607692824295595,7.73461318190034,9.342306006195935
11,103.0,-0.32694283,-0.16924833,-0.29212222,89.22000000000003,-299.41,11.943653170087387,4.612172855075066,,,27.4584586380309,10.603385393817575,4.0,6.659645747779951,1.68,,0.5,-2.659645747779951,7.943653170087387,5.284007422307436
11,103.0,-0.32573053,-0.16897026,-0.29247195,-45.700000000000045,-197.91,11.968214148936998,4.660421044319822,,,27.51492432840616,10.71430798089127,4.0,-3.4111837107548078,1.68,,0.5,7.411183710754807,7.9682141489369975,15.379397859691805
11,104.0,-0.19487724,-0.48424655,-0.34713984,0.0,0.0,-19.25686449164863,6.15590186267065,,,-44.2715314663002,14.15241838227982,-45.0,0.0,-18.9,,-0.5,-45.0,25.74313550835137,-19.25686449164863
11,104.0,-0.19007167,-0.48375791,-0.35203612,226.69000000000003,-155.13,-19.46642249593931,6.226189438350103,,,-44.75330531816447,14.314009518766886,-45.0,16.920814778796647,-18.9,,-0.5,-61.92081477879665,25.53357750406069,-36.38723727473595
11,104.0,-0.186894,-0.48430398,-0.35370198,219.1099999999999,-156.8,-19.82590402346033,6.305980928761733,,,-45.5797533499353,14.497450155223223,-45.0,16.355021069222865,-18.9,,-0.5,-61.355021069222865,25.17409597653967,-36.1809250926832
11,105.0,-0.24313399,-0.18507215,-0.31244186,254.30999999999997,-134.84,10.900392618000776,3.1328576121460694,254.30999999999997,-134.84,25.060002628783785,7.202439650323814,18.0,18.98245359916968,7.56,8.542104119626355,0.5,-0.9824535991696806,-7.099607381999224,-8.082060981168905
11,105.0,-0.24336985,-0.18372191,-0.31159294,276.4,-134.66,10.989575325453542,3.154413392466875,276.4,-134.66,25.26503367321769,7.251996389281345,18.0,20.6313167976505,7.56,9.284092558942724,0.5,-2.6313167976504985,-7.010424674546458,-9.641741472196957
11,105.0,-0.245196,-0.18150857,-0.31053761,302.38,-154.8,11.014341405388771,3.176237182049593,302.38,-154.8,25.321970890988784,7.302169281532015,20.0,22.57054114787829,8.4,10.156743516545232,0.5,-2.5705411478782914,-8.985658594611229,-11.55619974248952
11,106.0,-0.19943242,-0.15992507,-0.32038867,526.47,347.77,13.316249134921495,3.649440146698328,,,30.61405676118452,8.390062897259456,-45.0,39.29728420571296,-18.9,,0.5,-84.29728420571297,58.31624913492149,-25.981035070791467
11,106.0,-0.19718024,-0.15790382,-0.32325575,518.5799999999999,356.12,13.44728346173444,3.6777137533063007,,,30.91530467852748,8.455063918851184,-45.0,38.70835117556294,-18.9,,0.5,-83.70835117556294,58.44728346173444,-25.2610677138285
11,106.0,-0.19723175,-0.15645818,-0.32066756,522.73,379.86,13.580901089208892,3.7063410002735617,,,31.22249160409125,8.520877959628919,-45.0,39.01811949940611,-18.9,,0.5,-84.01811949940611,58.58090108920889,-25.437218410197218
11,107.0,-0.20748726,-0.16507928,-0.3184703,78.14999999999998,-9.38,13.097902947216827,3.8274768842678935,285.98,-26.33,30.112078875651484,8.799369356931887,-45.0,5.833348074299517,-18.9,9.60587840089161,0.5,-50.833348074299515,58.097902947216824,7.26455487291731
11,107.0,-0.20869233,-0.16582929,-0.31914163,81.79999999999995,-26.01,13.231504899206964,3.8558501729093706,285.98,-26.33,30.41922976327681,8.864599547518642,-45.0,6.105794913342295,-18.9,9.60587840089161,0.5,-51.105794913342294,58.23150489920697,7.1257099858646695
11,107.0,-0.20659409,-0.16653311,-0.32187688,285.98,-26.33,13.409610806197424,3.884603685920097,285.98,-26.33,30.82869524344788,8.930703873930304,-45.0,21.3463964464258,-18.9,9.60587840089161,0.5,-66.3463964464258,58.40961080619742,-7.936785640228376
11,107.0,-0.20369259,-0.1548104,-0.32729515,420.61,-74.86,13.893619848161276,4.77594921078034,420.61,-74.86,31.941432030922773,10.979907235584,-45.0,31.39557944377633,-18.9,14.128010749699351,0.5,-76.39557944377633,58.89361984816128,-17.501959595615055
11,107.0,-0.20345119,-0.15054855,-0.3267253,434.94000000000005,-79.74,13.95842858489285,4.820105448776889,434.94000000000005,-79.74,32.09042731666866,11.081422426738069,-45.0,32.46521319815525,-18.9,14.60934593916986,0.5,-77.46521319815525,58.95842858489285,-18.506784613262397
11,107.0,-0.19920155,-0.14587089,-0.32791662,493.39,-64.03,14.113547343255606,4.865078276644213,493.39,-64.03,32.447045342144634,11.184814958005044,-45.0,36.82809477131976,-18.9,16.572642647093893,0.5,-81.82809477131977,59.113547343255604,-22.714547428064158
11,108.0,-0.17821479,-0.20190869,-0.30392191,193.91,-76.74,8.84397488526555,2.6585235390570414,264.6,-52.66,20.3322982612255,6.111945616292138,20.0,14.474018235283678,8.4,8.887738390362683,0.5,5.525981764716322,-11.15602511473445,-5.630043350018127
11,108.0,-0.18203983,-0.19974792,-0.30546913,238.54,-38.71,8.990821685675813,2.674396537335856,264.6,-52.66,20.669899055368692,6.148437639335132,32.0,17.805333968565666,13.44,8.887738390362683,0.5,14.194666031434334,-23.00917831432419,-8.814512282889853
11,108.0,-0.1822097,-0.2003707,-0.30594876,264.6,-52.66,9.184499325721564,2.6904251074948915,264.6,-52.66,21.115163949833875,6.185287322130755,32.0,19.75052975636152,13.44,8.887738390362683,0.5,12.24947024363848,-22.815500674278436,-10.566030430639955
11,108.0,-0.17596734,-0.18420507,-0.31283498,293.64,-31.430000000000007,12.436279180526116,3.300904572696023,293.64,-31.430000000000007,28.59100583602954,7.588779612628157,45.0,21.918161593567632,18.9,9.863172717105437,0.5,23.081838406432368,-32.563720819473886,-9.481882413041516
11,108.0,-0.17595638,-0.18141255,-0.31470683,294.75,-82.36,12.52418803865522,3.324305902246918,294.75,-82.36,28.79310830086835,7.642579269265665,45.0,22.00101528982448,18.9,9.900456880421016,0.5,22.99898471017552,-32.47581196134478,-9.47682725116926
11,108.0,-0.17781138,-0.17986935,-0.31620494,300.48,-50.15,12.37060970138865,3.348132156716349,300.48,-50.15,28.440031703492505,7.697355828290885,45.0,22.42871950563684,18.9,10.09292377753658,0.5,22.57128049436316,-32.62939029861135,-10.058109804248188
11,109.0,-0.22703479,-0.17722543,-0.30609152,-102.76,60.27000000000001,12.53493838635192,3.859571366122189,651.8399999999999,-116.42,28.817823350223065,8.873154570714911,20.0,-7.67031155617426,8.4,21.696024116035765,0.5,27.670311556174262,-7.46506161364808,20.20524994252618
11,109.0,-0.22263841,-0.17540567,-0.3021116,-79.47000000000003,38.620000000000005,12.513093180454623,3.8883177405651015,651.8399999999999,-116.42,28.767601221865178,8.93924248555917,23.0,-5.931876794172525,9.66,21.696024116035765,0.5,28.931876794172524,-10.486906819545377,18.44496997462715
11,109.0,-0.21741484,-0.17478025,-0.30523169,-71.62,34.870000000000005,12.77991438292859,3.920620197903196,651.8399999999999,-116.42,29.38102316635283,9.013505834979446,32.0,-5.345929482806545,13.44,21.696024116035765,0.5,37.34592948280655,-19.220085617071412,18.125843865735135
11,109.0,-0.17444751,-0.1320174,-0.34531873,505.33,419.99,15.42922075202549,4.659810195557851,651.8399999999999,-116.42,35.4717785089066,10.7129036395875,45.0,37.71933182835286,18.9,21.696024116035765,0.5,7.280668171647143,-29.57077924797451,-22.290111076327367
11,109.0,-0.17488129,-0.12962125,-0.34920788,208.22000000000003,122.94,15.622413400311451,4.722287024149254,651.8399999999999,-116.42,35.915928407316024,10.856537868519135,-45.0,15.54215913027058,-18.9,21.696024116035765,0.5,-60.542159130270576,60.62241340031145,0.08025427004087149
11,109.0,-0.17603812,-0.12707922,-0.34728646,196.42999999999995,36.81999999999999,15.798700379938996,4.786329726606026,651.8399999999999,-116.42,36.32121217347975,11.003772041467252,-45.0,14.662118518677596,-18.9,21.696024116035765,0.5,-59.662118518677595,60.79870037993899,1.1365818612613996
11,109.0,-0.16866536,-0.09560345,-0.377267,651.8399999999999,-116.42,19.76506645107976,6.035010573740813,651.8399999999999,-116.42,45.43988777103237,13.874489309030128,-31.0,48.21338692452392,-13.02,21.696024116035765,0.5,-79.21338692452392,50.76506645107976,-28.448320473444156
11,109.0,-0.17009829,-0.09799669,-0.39009303,653.27,-124.95,20.046063366854582,6.124557852269338,653.27,-124.95,46.08589968039868,14.080358502367208,-31.0,48.26675664778847,-13.02,21.72004049150481,0.5,-79.26675664778847,51.04606336685458,-28.220693280933887
11,109.0,-0.16874106,-0.09271956,-0.39135006,663.5899999999999,-110.77,20.24719461259373,6.216416510100689,663.5899999999999,-110.77,46.548300414352994,14.291541556721487,-29.0,48.6519143709284,-12.18,21.893361466917774,0.5,-77.65191437092841,49.24719461259373,-28.40471975833467
11,109.0,-0.17466778,-0.35577598,-0.3284297,-84.22000000000003,-166.68,65.22246387786095,19.987728328635203,663.5899999999999,-110.77,149.9464444552023,45.95178742753232,-45.0,-6.286430899776143,-18.9,21.893361466917774,0.5,-38.71356910022386,110.22246387786095,71.5088947776371
11,109.0,-0.1756328,-0.3536725,-0.32547882,-87.44,-171.54,67.34207252347366,20.25024442710442,663.5899999999999,-110.77,154.81942473146594,46.555311937913054,-45.0,-6.5267812618905925,-18.9,21.893361466917774,0.5,-38.47321873810941,112.34207252347366,73.86885378536425
11,109.0,-0.17457682,-0.35424387,-0.32521385,-86.72000000000003,-166.9,70.02841121182601,20.54458100639642,663.5899999999999,-110.77,160.995317375988,47.23199173370537,-45.0,-6.473038323778047,-18.9,21.893361466917774,0.5,-38.52696167622195,115.02841121182601,76.50144953560405
11,110.0,-0.20176798,-0.20110047,-0.32598266,285.67,-79.17,12.27574477992856,3.798472238460408,285.67,-79.17,28.22193724905576,8.732687676220479,41.0,21.32325712584956,17.22,9.595465706632304,0.5,19.67674287415044,-28.72425522007144,-9.047512345920998
11,110.0,-0.20139974,-0.19999342,-0.3258664,285.65,-85.17,12.232727129502743,3.8264267238293614,285.65,-85.17,28.123039670726808,8.7969550380837,38.0,21.321764266457546,15.96,9.594793919905896,0.5,16.678235733542454,-25.76727287049726,-9.089037136954802
11,110.0,-0.19759148,-0.197685,-0.32666072,388.25,-69.96000000000001,12.37814000097613,3.857907008572391,388.25,-69.96000000000001,28.45734386224412,8.869328212707925,41.0,28.980132947495687,17.22,13.04105982637306,0.5,12.019867052504313,-28.62185999902387,-16.60199294651956
11,111.0,-0.20006205,-0.37360388,-0.33628163,-103.59000000000005,-66.52,-11.164723539780768,3.724898868980585,345.19000000000005,-72.27,-25.667699417955983,8.563542499786365,-45.0,-7.732265220942894,-18.9,11.594703004419104,-0.5,-37.26773477905711,33.835276460219234,-3.432458318837874
11,111.0,-0.19839643,-0.37252593,-0.3349961,-99.89,-65.82,-11.290050565719032,3.749765455052548,345.19000000000005,-72.27,-25.955826250588053,8.620710781165808,-45.0,-7.456086233420074,-18.9,11.594703004419104,-0.5,-37.54391376657993,33.70994943428097,-3.833964332298957
11,111.0,-0.19854154,-0.37274781,-0.33466744,345.19000000000005,-72.27,-11.38827042435521,3.783399978617051,345.19000000000005,-72.27,-26.181633705592628,8.6980365508406,-45.0,25.766006676486896,-18.9,11.594703004419104,-0.5,-70.7660066764869,33.61172957564479,-37.15427710084211
11,111.0,-0.14188403,-0.42380565,-0.34587008,0.0,0.0,-20.67506389939409,6.652473894907406,345.19000000000005,-72.27,-47.53197190470701,15.294037484392128,-45.0,0.0,-18.9,11.594703004419104,-0.5,-45.0,24.32493610060591,-20.67506389939409
11,111.0,-0.14141244,-0.42707902,-0.34722227,0.0,0.0,-21.028106664969915,6.748112081284405,345.19000000000005,-72.27,-48.34361722276584,15.513909674872842,-45.0,0.0,-18.9,11.594703004419104,-0.5,-45.0,23.971893335030085,-21.028106664969915
11,111.0,-0.14247282,-0.43157256,-0.35016477,-491.98,-151.9,-21.28092423103183,6.821348929044506,-491.98,-151.9,-48.92484480714217,15.682281187873318,-45.0,-36.72284818418269,-18.9,-16.52528168288221,-0.5,-8.277151815817312,23.71907576896817,15.441923953150859
11,112.0,-0.20016982,-0.23144004,-0.31714675,228.58000000000004,-218.42,11.012511000561055,3.493434077583623,261.94000000000005,-222.55,25.31776279028987,8.03140494436475,9.0,17.061889991342085,3.78,8.798390755750573,0.5,-8.061889991342085,2.012511000561055,-6.04937899078103
11,112.0,-0.19879389,-0.23043317,-0.31533995,261.94000000000005,-222.55,11.230801145565732,3.538944877884349,261.94000000000005,-222.55,25.819611833655618,8.136034274256119,9.0,19.551979457223496,3.78,8.798390755750573,0.5,-10.551979457223496,2.2308011455657315,-8.321178311657764
11,112.0,-0.20077835,-0.23022947,-0.31594726,265.12,-221.88,11.381204604946952,3.566233564198153,265.12,-221.88,26.165389386773043,8.198770964091555,9.0,19.78934410055391,3.78,8.90520484524926,0.5,-10.789344100553912,2.3812046049469515,-8.40813949560696
11,113.0,-0.14613573,-0.22784233,-0.3525956,300.79,-262.86,12.251168552039196,3.904413362365779,300.79,-262.86,28.16543650113811,8.976246320078927,38.0,22.45185882621308,15.96,10.103336471795885,0.5,15.54814117378692,-25.748831447960804,-10.200690274173883
11,113.0,-0.14565709,-0.23004594,-0.35694999,302.33000000000004,-258.29,12.29832741165606,3.933960944854771,302.33000000000004,-258.29,28.27385471939728,9.044176212221116,38.0,22.56680899939825,15.96,10.155064049729214,0.5,15.433191000601749,-25.70167258834394,-10.26848158774219
11,113.0,-0.14959428,-0.22599533,-0.36006042,304.80999999999995,-255.32,12.360248462388476,3.967273570093328,304.80999999999995,-255.32,28.4162112150311,9.12076193764456,38.0,22.75192356400813,15.96,10.23836560380366,0.5,15.24807643599187,-25.639751537611524,-10.391675101619654
11,114.0,-0.18236603,-0.22762564,-0.31696543,288.34000000000003,-187.42,9.4078963414742,3.067745170413098,288.34000000000003,-187.42,21.628753689049184,7.052746146779712,20.0,21.5225538546836,8.4,9.68514923460762,0.5,-1.5225538546836006,-10.5921036585258,-12.114657513209401
11,114.0,-0.17765449,-0.22536926,-0.31862673,315.38,-184.3,9.485107430852516,3.092854275916508,315.38,-184.3,21.80626198352993,7.110471980332052,38.0,23.54089975268819,15.96,10.593404888709689,0.5,14.45910024731181,-28.514892569147484,-14.055792321835675
11,114.0,-0.1788047,-0.22012198,-0.31657732,0.0,0.0,9.617753788968097,3.111949375118983,315.38,-184.3,22.11121596083765,7.154371613398541,38.0,0.0,15.96,10.593404888709689,0.5,38.0,-28.382246211031905,9.617753788968097
11,114.0,-0.14855434,-0.1544168,-0.34739894,-191.99,-56.62,13.683312787082649,4.192043942932723,315.38,-184.3,31.45793609750301,9.637509024802329,45.0,-14.33070373365022,18.9,10.593404888709689,0.5,59.33070373365022,-31.31668721291735,28.014016520732866
11,114.0,-0.148295,-0.15554145,-0.34677842,-197.57,-71.47999999999999,13.97406421385706,4.232700560939142,315.38,-184.3,32.12637362765738,9.730978589599085,45.0,-14.747211504022466,18.9,10.593404888709689,0.5,59.74721150402247,-31.025935786142938,28.72127571787953
11,114.0,-0.1480712,-0.15502338,-0.34532803,-52.18000000000001,-64.28999999999999,14.058013811683924,4.274052596115714,315.38,-184.3,32.31937375306134,9.826046918470029,45.0,-3.894870153767741,18.9,10.593404888709689,0.5,48.89487015376774,-30.941986188316076,17.952883965451665
11,115.0,-0.11262844,-0.24096379,-0.37423667,323.01,-88.16,8.733680365705915,3.392418847237052,323.01,-88.16,20.078731160757897,7.799170929797983,38.0,24.110425610742,15.96,10.8496915248339,0.5,13.889574389258001,-29.266319634294085,-15.376745245036084
11,115.0,-0.11238559,-0.23427285,-0.37245917,388.34,-54.15,8.826039035157441,3.418089246371476,388.34,-54.15,20.29106374182696,7.8581871774080225,38.0,28.98685081475976,15.96,13.044082866641892,0.5,9.013149185240241,-29.173960964842557,-20.16081177960232
11,115.0,-0.11315624,-0.23250948,-0.374798,504.07,156.79,8.900936966361241,3.4441561962668628,504.07,156.79,20.46325408566449,7.918115095217517,38.0,37.62528168665589,15.96,16.93137675899515,0.5,0.3747183133441112,-29.099063033638757,-28.724344720294646
11,116.0,-0.19565089,-0.35100093,-0.43768084,-7.259999999999991,-178.19,-11.775078855182093,3.836478113748611,-292.02,-175.36,-27.070906288063632,8.820063183508058,-15.0,-0.5419079593015285,-6.3,-9.80875799226648,-0.5,-14.458092040698471,3.224921144817907,-11.233170895880564
11,116.0,-0.16920047,-0.36085382,-0.38069963,-162.01,-155.9,-11.8306990446754,3.872255761124218,-292.02,-175.36,-27.19877710370874,8.902315994824574,-45.0,-12.092907505019385,-18.9,-9.80875799226648,-0.5,-32.90709249498062,33.1693009553246,0.2622084603439845
11,116.0,-0.16463272,-0.37069008,-0.35283458,-292.02,-175.36,-11.838311534323951,3.898671890486965,-292.02,-175.36,-27.216278217410768,8.963046676229531,-42.0,-21.7972399828144,-17.64,-9.80875799226648,-0.5,-20.2027600171856,30.16168846567605,9.958928448490449
11,116.0,-0.16162583,-0.39904332,-0.34426454,-297.15,-153.32,-13.656433607338563,4.474840441845791,-297.15,-153.32,-31.39614086327136,10.287658175803474,-45.0,-22.180158416866306,-18.9,-9.981071287589836,-0.5,-22.819841583133694,31.343566392661437,8.523724809527742
11,116.0,-0.16287982,-0.39707318,-0.34241056,-295.0,-138.71,-13.723792988342208,4.509629685138614,-295.0,-138.71,-31.551000080198733,10.367638646133672,-45.0,-22.01967603222467,-18.9,-9.9088542145011,-0.5,-22.98032396777533,31.276207011657792,8.295883043882462
11,116.0,-0.16269442,-0.39230779,-0.33885121,-295.07,-173.28,-13.867409970262134,4.558315045328528,-295.07,-173.28,-31.881175521632645,10.479566289210286,-45.0,-22.02490104009672,-18.9,-9.911205468043525,-0.5,-22.97509895990328,31.132590029737866,8.157491069834585
11,116.0,-0.14973885,-0.43715572,-0.35967267,-310.14,-140.59,-16.541416325735245,5.457414481708089,-310.14,-140.59,-38.02871613286533,12.5465958934469,-45.0,-23.1497705919802,-18.9,-10.41739676639109,-0.5,-21.8502294080198,28.458583674264755,6.608354266244955
11,116.0,-0.14776111,-0.44070116,-0.35537779,-291.64,-150.64,-16.748758487492033,5.52687161158928,-291.64,-150.64,-38.505395762744186,12.706277835043752,-45.0,-21.76887565436611,-18.9,-9.795994044464749,-0.5,-23.23112434563389,28.251241512507967,5.020117166874076
11,116.0,-0.1471633,-0.44308478,-0.35429266,0.0,0.0,-16.95144073411402,5.584929752980734,-291.64,-150.64,-38.97136224772813,12.839753502102704,-45.0,0.0,-18.9,-9.795994044464749,-0.5,-45.0,28.04855926588598,-16.95144073411402
11,117.0,-0.18988335,-0.38400933,-0.32204905,-237.33000000000004,-163.6,-10.117575005349462,5.233500227616258,-276.91,-175.63,-23.26030493729841,12.031817023289776,-45.0,-17.71501597534875,-18.9,-9.3012231204661,-0.5,-27.28498402465125,34.882424994650535,7.597440969999287
11,117.0,-0.18900672,-0.38457996,-0.31819487,-240.87,-169.51,-10.19976429217089,5.270759037015666,-276.91,-175.63,-23.449258107700874,12.117475026099015,-45.0,-17.979252087735443,-18.9,-9.3012231204661,-0.5,-27.020747912264557,34.80023570782911,7.7794877955645525
11,117.0,-0.18928441,-0.38793489,-0.32014436,-191.42999999999995,-137.59,-10.281801866819675,5.312318335629215,-276.91,-175.63,-23.63786249181844,12.213019853611565,-45.0,-14.288903670673788,-18.9,-9.3012231204661,-0.5,-30.71109632932621,34.71819813318032,4.007101803854113
11,117.0,-0.19988446,-0.40658849,-0.33499444,-276.91,-175.63,-12.514542683004125,6.472292209179292,-276.91,-175.63,-28.770933628226484,14.879799788903192,-35.0,-20.669384712146886,-14.7,-9.3012231204661,-0.5,-14.330615287853114,22.485457316995877,8.154842029142761
11,117.0,-0.19593237,-0.41142523,-0.33400917,-275.80999999999995,-169.19,-12.709440082943852,6.527799076313273,-275.80999999999995,-169.19,-29.219002750687917,15.007410076444213,-37.0,-20.58727744558605,-15.54,-9.264274850513722,-0.5,-16.41272255441395,24.29055991705615,7.8778373626421985
11,117.0,-0.19375661,-0.41397741,-0.33514759,-423.69000000000005,-164.02,-12.836178061773412,6.589890389470503,-423.69000000000005,-164.02,-29.510373364017077,15.150158005392688,-39.0,-31.62547979014668,-16.38,-14.231465905566006,-0.5,-7.374520209853319,26.16382193822659,18.789301728373268
11,117.0,-0.16049397,-0.42468813,-0.33105451,-239.84000000000003,-174.9,-15.612504899018264,7.859254634156263,-423.69000000000005,-164.02,-35.89314876284299,18.068426403925248,-45.0,-17.902369829046663,-18.9,-14.231465905566006,-0.5,-27.097630170953337,29.387495100981738,2.289864930028399
11,117.0,-0.15937623,-0.42328161,-0.33054721,-239.61,-171.59,-15.79524619053624,7.946004678185782,-423.69000000000005,-164.02,-36.31327099204282,18.267864755149112,-45.0,-17.885201946038485,-18.9,-14.231465905566006,-0.5,-27.114798053961515,29.20475380946376,2.0899557555022454
11,117.0,-0.16046721,-0.42329472,-0.330823,-242.4,-174.81,-15.930113184415706,8.026376413065545,-423.69000000000005,-164.02,-36.62333021097171,18.452639373637687,-45.0,-18.09345583122461,-18.9,-14.231465905566006,-0.5,-26.90654416877539,29.069886815584294,2.1633426468089034
11,119.0,-0.1214297,-0.20493869,-0.34818697,307.09000000000003,-74.5,12.66031181831102,4.602910423570631,307.09000000000003,-74.5,29.10605687029703,10.58209106378888,-45.0,22.92210953469788,-18.9,10.314949290614043,0.5,-67.92210953469788,57.66031181831102,-10.26179771638686
11,119.0,-0.12163614,-0.2038061,-0.34737343,314.9,-74.72,12.84749062484872,4.648299812174391,314.9,-74.72,29.53638094652721,10.686441268188922,-45.0,23.50507112727982,-18.9,10.57728200727592,0.5,-68.50507112727982,57.84749062484872,-10.657580502431099
11,119.0,-0.12032892,-0.20469636,-0.34762648,313.49,-85.03999999999999,12.958918385334496,4.699771801661655,313.49,-85.03999999999999,29.792553367884004,10.804775372020146,-45.0,23.399824540142752,-18.9,10.529921043064238,0.5,-68.39982454014276,57.9589183853345,-10.440906154808257
11,120.0,-0.14000644,-0.43430567,-0.39003155,0.0,0.0,-19.70956270143939,6.696197353614652,-265.01,166.32999999999998,-45.31228465060915,15.394557715960088,-45.0,0.0,-18.9,-8.901510018254022,-0.5,-45.0,25.29043729856061,-19.70956270143939
11,120.0,-0.13136572,-0.44765469,-0.37070641,-265.01,166.32999999999998,-20.25053818535761,6.806233815999635,-265.01,166.32999999999998,-46.55598728813714,15.64753154298316,-45.0,-19.781133373897827,-18.9,-8.901510018254022,-0.5,-25.218866626102173,24.74946181464239,-0.46940481145978197
11,120.0,-0.12754616,-0.45769122,-0.36092705,-412.2000000000001,220.53,-20.31149972631476,6.8909184903506375,-412.2000000000001,220.53,-46.69613787079763,15.842221609316114,-45.0,-30.767832069433933,-18.9,-13.84552443124527,-0.5,-14.232167930566067,24.68850027368524,10.456332343119172
