Participant,trigger_no,fzd_hands0_fingerTip_coordinates_x,fzd_hands0_fingerTip_coordinates_y,fzd_hands0_fingerTip_coordinates_z,eyegaze_new_coordinates_x,eyegaze_new_coordinates_y,angle_center,Buidling_half_width,eyegaze_new_coordinates_x_without_tablet_&_road_gazes,eyegaze_new_coordinates_y_without_tablet_&_road_gazes,angle_center_scaled,Buidling_half_width_scaled,horizontal_angle_finger_pointing_unscaled,eyegaze_horiz_angle_x,horizontal_angle_finger_pointing,eyegaze_horiz_angle_x_scaled_without_tablet,side,difference,D_p,D_g
53,49.0,-0.37451032,-0.12249114,-0.23262544,270.42,22.590000000000003,8.49010017507318,3.7792711809588218,270.42,22.590000000000003,16.326462636665728,7.267538480983815,18.0,20.6159244567034,9.72,10.307962228351698,0.5,-2.6159244567034,-9.50989982492682,-12.12582428163022
53,49.0,-0.37524596,-0.12009337,-0.23108095,272.51,23.460000000000008,8.537363185184994,3.8020783096889073,272.51,23.460000000000008,16.417349405110745,7.311396589531768,18.0,20.775259129118567,9.72,10.387629564559283,0.5,-2.7752591291185666,-9.462636814815006,-12.237895943933573
53,49.0,-0.3719084,-0.11767734,-0.23192598,277.77,23.22,8.667477617568386,3.825475788881341,277.77,23.22,16.667559458584005,7.356389942018819,18.0,21.176264094144305,9.72,10.588132047072152,0.5,-3.1762640941443046,-9.332522382431614,-12.508786476575919
53,49.0,-0.34950784,-0.09579047,-0.21273677,339.15,20.31,49.27383211595475,20.76126426223857,339.15,20.31,94.75357915898098,39.923911176284776,32.0,25.85567184191612,17.28,12.927835920958058,0.5,6.14432815808388,17.273832115954747,23.418160274038627
53,49.0,-0.34972125,-0.09458388,-0.21236426,385.79,-71.53999999999999,50.8294787347689,21.288866622649483,385.79,-71.53999999999999,97.7450876069606,40.93849051535495,32.0,29.41135084739148,17.28,14.70567542369574,0.5,2.5886491526085216,18.829478734768898,21.41812788737742
53,49.0,-0.34861693,-0.09291837,-0.21423048,388.63,-69.88,52.41991241203414,21.846584461079733,388.63,-69.88,100.80349156834164,42.010981918656334,32.0,29.62786303383123,17.28,14.813931516915614,0.5,2.372136966168771,20.419912412034137,22.792049378202908
53,51.0,-0.36250108,-0.36445442,-0.2445233,-270.99,-32.34,-74.2864391097224,37.95553984248093,-270.99,-32.34,-142.85282240799617,72.98850311709083,-16.0,-20.659379367362085,-8.64,-10.329689683681044,-0.5,4.659379367362085,-58.286439109722394,-53.62705974236031
53,51.0,-0.36093342,-0.36377865,-0.24507816,-276.91,-34.59,-76.22663110702727,38.68858781134661,-276.91,-34.59,-146.58381161881346,74.39815436121953,-16.0,-21.110700544729447,-8.64,-10.555350272364723,-0.5,5.110700544729447,-60.22663110702727,-55.11593056229783
53,51.0,-0.36264974,-0.36656189,-0.24484819,-283.04,-36.34,-78.24244797778996,39.45118858847344,-283.04,-36.34,-150.46022746129012,75.86463565563443,-16.0,-21.578031426023703,-8.64,-10.789015713011851,-0.5,5.578031426023703,-62.242447977789965,-56.664416551766266
53,52.0,-0.32669932,-0.4244287,-0.26096973,-399.74,-68.53999999999999,-52.686272840992174,16.42710821420823,-399.74,-68.53999999999999,-101.31570267322796,31.589329095922423,-29.0,-30.47485260824871,-15.66,-15.237426304124355,-0.5,1.4748526082487103,-23.686272840992174,-22.211420232743464
53,52.0,-0.32683328,-0.42629412,-0.26238811,-406.06,-71.05000000000001,-54.086054422311925,16.970923456438864,-406.06,-71.05000000000001,-104.00748265410584,32.63508580673194,-29.0,-30.956668459762525,-15.66,-15.478334229881265,-0.5,1.9566684597625255,-25.086054422311925,-23.1293859625494
53,52.0,-0.33292562,-0.43203601,-0.26321489,-415.02,-71.9,-55.577662601330495,17.515078417840435,-415.02,-71.9,-106.87584518235856,33.681495797507154,-29.0,-31.639749160642864,-15.66,-15.819874580321432,-0.5,2.6397491606428645,-26.577662601330495,-23.93791344068763
53,54.0,-0.41876352,-0.33730766,-0.2284157,-98.60000000000002,-99.77,15.655422899028476,8.228129551147475,,,30.10537823483176,15.822693126856596,-14.0,-7.516937177098423,-7.56,,0.5,-6.483062822901577,29.655422899028476,23.1723600761269
53,54.0,-0.41934279,-0.3379983,-0.22928044,-115.49,-101.7,15.893522373017449,8.318017036955428,,,30.563243523312558,15.99554676206529,-14.0,-8.804574792932016,-7.56,,0.5,-5.195425207067984,29.893522373017447,24.698097165949463
53,54.0,-0.41754401,-0.33757576,-0.22869916,-124.38,-101.6,16.064812497999128,8.409857929042373,,,30.89263443365232,16.17215679754848,-14.0,-9.48231892583673,-7.56,,0.5,-4.517681074163271,30.064812497999128,25.547131423835857
53,55.0,-0.3786402,-0.13093641,-0.1987336,290.53,-107.24,-15.965085859489491,5.65358559920723,290.53,-107.24,-30.70086010779829,10.871845107275504,20.0,22.14904419941586,10.8,11.07452209970793,-0.5,-2.1490441994158616,-35.96508585948949,-38.11413005890535
53,55.0,-0.3793771,-0.1298742,-0.19741082,293.87,-105.72,-16.129807661808808,5.702522198905323,293.87,-105.72,-31.01762013365834,10.965950188494936,20.0,22.40367472853867,10.8,11.201837364269336,-0.5,-2.4036747285386717,-36.12980766180881,-38.53348239034748
53,55.0,-0.38155675,-0.12700763,-0.19901097,297.67999999999995,-107.19,-16.33862465552834,5.752158741751287,297.67999999999995,-107.19,-31.419175212581,11.061401260387726,20.0,22.69413649978355,10.8,11.347068249891777,-0.5,-2.69413649978355,-36.338624655528335,-39.03276115531189
53,56.0,-0.38294387,-0.2092246,-0.22932856,205.85,-107.48,65.55777621990686,16.568442310259968,,,126.06760367088089,31.861114562629915,7.0,15.693321682613696,3.78,,0.5,-8.693321682613696,58.557776219906856,49.864454537293156
53,56.0,-0.37848124,-0.2085131,-0.23019186,207.65,-105.45,67.67743647809834,16.652221983981473,,,130.14371034738312,32.02222287519638,7.0,15.830547716272688,3.78,,0.5,-8.830547716272688,60.67743647809834,51.84688876182565
53,56.0,-0.38047066,-0.20779477,-0.22893666,213.28,-112.21,69.8204748044311,17.143928764915266,,,134.264773048921,32.96777501493205,7.0,16.259760254883886,3.78,,0.5,-9.259760254883886,62.8204748044311,53.560714549547214
53,57.0,-0.36608925,-0.15212154,-0.21626668,278.30999999999995,-240.83,14.005812560311275,5.115313321099467,278.30999999999995,-240.83,26.933177553478583,9.836747516474274,18.0,21.217431904242,9.72,10.608715952121,0.5,-3.2174319042420017,-3.9941874396887247,-7.211619343930726
53,57.0,-0.36725882,-0.14705548,-0.21726264,283.96000000000004,-247.18,14.16053882958362,5.166835678330307,283.96000000000004,-247.18,27.2307161692893,9.935825009429182,18.0,21.64816917656053,9.72,10.824084588280265,0.5,-3.648169176560529,-3.8394611704163797,-7.487630346976909
53,57.0,-0.36747757,-0.14374124,-0.21702722,286.44000000000005,-252.0,14.36752461482897,5.219313509072947,286.44000000000005,-252.0,27.62874983431611,10.036739877947278,20.0,21.83723615626848,10.8,10.91861807813424,0.5,-1.8372361562684816,-5.6324753851710305,-7.469711541439512
53,58.0,-0.39442366,-0.18667582,-0.21821365,208.92,-119.13,84.04636094676444,42.02318047338222,,,161.62115210062802,80.81057605031401,11.0,15.927368306687644,5.94,,0.5,-4.927368306687644,73.04636094676444,68.1189926400768
53,58.0,-0.39589795,-0.18715908,-0.21851587,206.66,-112.33,86.60828143173069,43.304140715865344,,,166.54772519321813,83.27386259660906,11.0,15.75507339776024,5.94,,0.5,-4.75507339776024,75.60828143173069,70.85320803397045
53,58.0,-0.39651743,-0.18634123,-0.21692835,206.59000000000003,-101.89,89.13984306520187,44.56992153260094,,,171.4159182143832,85.7079591071916,11.0,15.749736829784617,5.94,,0.5,-4.7497368297846165,78.13984306520187,73.39010623541725
53,59.0,-0.35549366,-0.11941943,-0.2043346,379.28,-166.66,15.627554784264962,5.594085049001696,379.28,-166.66,30.051787850141523,10.757425549230264,23.0,28.915050025658104,12.420000000000002,14.457525012829052,0.5,-5.915050025658104,-7.372445215735038,-13.287495241393142
53,59.0,-0.35587415,-0.1185267,-0.20414138,385.89,-165.9,15.752131183062463,5.65478853359522,385.89,-165.9,30.29134826502912,10.874158350103608,23.0,29.41897451592809,12.420000000000002,14.709487257964046,0.5,-6.418974515928092,-7.247868816937537,-13.666843332865628
53,59.0,-0.35683358,-0.11446005,-0.20489132,390.23,-168.62,15.952090825022406,5.716669842313296,390.23,-168.62,30.67587065651809,10.993156106768469,25.0,29.74984173041701,13.5,14.874920865208509,0.5,-4.74984173041701,-9.047909174977594,-13.797750905394604
53,61.0,-0.39241666,-0.1405478,-0.21227331,87.58000000000004,-46.74000000000001,6.958322616523407,3.3776923888356736,328.61,-99.91,13.380854391574513,6.495302463731001,15.0,6.676808904363895,8.100000000000001,12.526068589078664,0.5,8.323191095636105,-8.041677383476593,0.28151371215951215
53,61.0,-0.3925038,-0.14035562,-0.21319053,84.19000000000005,-58.72,7.1380701246132325,3.406132381517879,328.61,-99.91,13.726508849631246,6.549992569658881,15.0,6.418366540972785,8.100000000000001,12.526068589078664,0.5,8.581633459027216,-7.8619298753867675,0.719703583640448
53,61.0,-0.39245173,-0.14230996,-0.21262012,87.99000000000001,-61.400000000000006,7.252742862014219,3.4272893351692906,328.61,-99.91,13.947024523653344,6.590677391530547,15.0,6.708065945363998,8.100000000000001,12.526068589078664,0.5,8.291934054636002,-7.747257137985781,0.5446769166502206
53,61.0,-0.33527035,-0.12886404,-0.22210355,328.61,-99.91,37.43512359276272,14.970719772051805,328.61,-99.91,71.9877426688827,28.78869412165562,32.0,25.052137178157327,17.28,12.526068589078664,0.5,6.947862821842673,5.4351235927627215,12.382986414605394
53,61.0,-0.33410066,-0.12852819,-0.22134236,350.73,-107.4,38.364626974373415,15.394799141076714,350.73,-107.4,73.77517767172007,29.604198748290525,37.0,26.738492658455677,19.98,13.369246329227837,0.5,10.261507341544323,1.3646269743734152,11.626134315917739
53,61.0,-0.33360147,-0.12787744,-0.22043973,385.08,-116.76,39.26975587879214,15.882259077949204,385.08,-116.76,75.51574055491729,30.54158420689632,38.0,29.357222800781543,20.520000000000003,14.678611400390771,0.5,8.642777199218457,1.2697558787921395,9.912533078010597
53,64.0,-0.38792837,-0.42801097,-0.27483556,-402.12,-106.75,-10.38750720695651,3.393465663904548,-402.12,-106.75,-19.975176358977368,6.525634471688448,-26.0,-30.656295919420057,-14.04,-15.328147959710028,-0.5,4.656295919420057,15.61249279304349,20.268788712463547
53,64.0,-0.38167879,-0.4320944,-0.27554291,-401.84,-109.16,-10.378640028107869,3.412022966162003,-401.84,-109.16,-19.958124774051427,6.561320163929533,-26.0,-30.63494964751754,-14.04,-15.31747482375877,-0.5,4.634949647517541,15.621359971892131,20.25630961940967
53,64.0,-0.38465774,-0.43458593,-0.27549008,-401.92,-111.2,-10.50206531139407,3.4402020843729524,-401.92,-111.2,-20.1954715938108,6.615508608249188,-26.0,-30.641048582346837,-14.04,-15.320524291173417,-0.5,4.641048582346837,15.49793468860593,20.138983270952767
53,64.0,-0.35011685,-0.35933459,-0.27370837,-120.35000000000002,-90.55,-45.06279546871917,11.877413213504976,-401.92,-111.2,-86.65575568634698,22.840265609570068,-16.0,-9.17508508381131,-8.64,-15.320524291173417,-0.5,-6.824914916188691,-29.062795468719173,-35.88771038490786
53,64.0,-0.34824535,-0.35814467,-0.27368218,-130.49,-93.83,-46.44610590318956,12.174413489062315,-401.92,-111.2,-89.31586165183353,23.411397139466835,-16.0,-9.948125073423665,-8.64,-15.320524291173417,-0.5,-6.051874926576335,-30.44610590318956,-36.49798082976589
53,64.0,-0.3503204,-0.35935813,-0.27282551,-143.76999999999998,-93.48,-47.49357624838683,12.509384877501958,-401.92,-111.2,-91.33014712564788,24.05554711943627,-16.0,-10.960548255085598,-8.64,-15.320524291173417,-0.5,-5.039451744914402,-31.49357624838683,-36.53302799330123
53,65.0,-0.3631368,-0.15859321,-0.21721995,268.38,-121.67,-29.29814334180772,9.1781191326898,268.38,-121.67,-56.34032964629625,17.64952309216249,20.0,20.46040161855653,10.8,10.230200809278267,-0.5,-0.4604016185565314,-49.298143341807716,-49.75854496036425
53,65.0,-0.35853928,-0.15742217,-0.2195864,276.73,-112.89,-29.951182900743557,9.27531716640331,276.73,-112.89,-57.59612471812986,17.836434910993567,20.0,21.09697794136355,10.8,10.548488970681776,-0.5,-1.0969779413635514,-49.95118290074356,-51.04816084210711
53,65.0,-0.35492283,-0.15553488,-0.22132859,278.47,-116.87,-30.52108772897062,9.36249041282352,278.47,-116.87,-58.6920517028105,18.004069063859628,20.0,21.229629773900587,10.8,10.614814886950294,-0.5,-1.2296297739005873,-50.52108772897062,-51.75071750287121
53,66.0,-0.3313874,-0.43739784,-0.27309933,106.83000000000004,24.56,37.0037329221696,13.004714379303383,-382.86,-103.77,71.15817840933215,25.00806575140041,-29.0,8.14436509766151,-15.66,-14.593988679634393,0.5,-37.144365097661506,66.0037329221696,28.859367824508087
53,66.0,-0.33179238,-0.43788141,-0.27347466,-150.80999999999997,-42.920000000000016,37.9169586835241,13.231828471794504,-382.86,-103.77,72.91431154841685,25.44480615126083,-29.0,-11.497254520063008,-15.66,-14.593988679634393,0.5,-17.50274547993699,66.9169586835241,49.41421320358711
53,66.0,-0.33152455,-0.44032279,-0.27449766,-382.86,-103.77,38.81795516669574,13.436066412524776,-382.86,-103.77,74.6469277855559,25.837555711285148,-29.0,-29.187977359268785,-15.66,-14.593988679634393,0.5,0.18797735926878545,67.81795516669574,68.00593252596452
53,68.0,-0.34531766,-0.42763051,-0.26693133,5.350000000000023,-75.05000000000001,-10.578921774254932,3.464243720618653,310.84000000000003,-127.64,-20.343266571892237,6.661740674749669,-26.0,0.4078662667086889,-14.04,11.84870563960078,-0.5,-26.407866266708687,15.421078225745068,-10.98678804096362
53,68.0,-0.34657809,-0.42776728,-0.26801071,12.139999999999986,-68.03999999999999,-10.691274720314745,3.485969850104446,310.84000000000003,-127.64,-20.55932128716525,6.70352002175085,-26.0,0.9255133603445712,-14.04,11.84870563960078,-0.5,-26.92551336034457,15.308725279685255,-11.616788080659315
53,68.0,-0.34365493,-0.42542481,-0.2720452,7.080000000000041,-65.88999999999999,-10.702394254697596,3.510429339928043,310.84000000000003,-127.64,-20.580704151783475,6.750555620681627,-26.0,0.5397557323920602,-14.04,11.84870563960078,-0.5,-26.53975573239206,15.297605745302404,-11.242149987089656
53,68.0,-0.31445175,-0.14050783,-0.23602241,310.84000000000003,-127.64,-58.63766572837147,15.565520942891936,310.84000000000003,-127.64,-112.76023119565836,29.932496773181192,41.0,23.69741127920156,22.14,11.84870563960078,-0.5,17.30258872079844,-99.63766572837147,-82.33507700757303
53,68.0,-0.31199038,-0.13877234,-0.2366468,335.97,-123.3,-60.53661167962355,16.02986105949958,335.97,-123.3,-116.41190425991608,30.825422817417696,41.0,25.6132391824519,22.14,12.80661959122595,-0.5,15.386760817548101,-101.53661167962355,-86.14985086207545
53,68.0,-0.31220296,-0.13745783,-0.23643257,127.69000000000004,-391.48,-62.37595398759146,16.440435416629214,335.97,-123.3,-119.94895951813838,31.614957306177985,45.0,9.73466235439856,24.3,12.80661959122595,-0.5,35.26533764560144,-107.37595398759146,-72.11061634199002
53,70.0,-0.30744326,-0.11847289,-0.23822151,302.95000000000005,-136.38,9.776303005995867,3.668575918561484,302.95000000000005,-136.38,18.799830680530057,7.054671491393734,30.0,23.09590383166295,16.200000000000003,11.547951915831476,0.5,6.904096168337048,-20.223696994004133,-13.319600825667084
53,70.0,-0.30359313,-0.11378905,-0.24015577,311.67,-131.11,9.841671779993671,3.698676372577165,311.67,-131.11,18.925534832927838,7.112554664465888,37.0,23.760687728055423,19.98,11.880343864027711,0.5,13.239312271944577,-27.15832822000633,-13.919015948061752
53,70.0,-0.30453828,-0.10937171,-0.24145216,327.75,-134.22,9.933118332994844,3.7236599943093305,327.75,-134.22,19.101386554349087,7.160598169056843,41.0,24.98657362874247,22.14,12.493286814371237,0.5,16.01342637125753,-31.066881667005156,-15.053455295747625
53,71.0,-0.3330816,-0.4092896,-0.26249495,18.639999999999983,-81.13,-9.341484735172182,3.051455178771476,,,-17.963675145736108,5.867948308777549,-24.0,1.4210518152242848,-12.96,,-0.5,-25.421051815224285,14.658515264827818,-10.762536550396467
53,71.0,-0.32748058,-0.41059449,-0.26515669,-183.08000000000004,-90.54,-9.388098195833509,3.078000872698982,,,-18.053312830587835,5.918995678200143,-26.0,-13.957412356827378,-14.04,,-0.5,-12.042587643172622,16.611901804166493,4.569314160993869
53,71.0,-0.32809377,-0.41264549,-0.26629806,-213.74,-109.19,-9.418419431396831,3.099175767946155,,,-18.111620566576107,5.959715001760457,-26.0,-16.2948291301523,-14.04,,-0.5,-9.705170869847699,16.58158056860317,6.87640969875547
53,71.0,-0.35357791,-0.40940067,-0.27106988,-160.5,-120.62,-43.62394843878127,11.259345853205737,,,-83.88885284777638,21.65172207571463,-26.0,-12.235988001260615,-14.04,,-0.5,-13.764011998739385,-17.62394843878127,-31.387960437520654
53,71.0,-0.35000885,-0.40928611,-0.2717813,-165.8,-117.31,-44.79242505921928,11.499172956259716,,,-86.13583338887868,22.112909594887437,-24.0,-12.640042433701,-12.96,,-0.5,-11.359957566299,-20.792425059219283,-32.152382625518285
53,71.0,-0.35119522,-0.41017026,-0.27281243,53.120000000000005,-62.05000000000001,-45.80880249683639,11.690683079197631,,,-88.09032720141639,22.481183561297044,-24.0,4.04969272664775,-12.96,,-0.5,-28.04969272664775,-21.808802496836392,-49.85849522348414
53,73.0,-0.36404452,-0.19431025,-0.23285735,186.6,-146.54,5.900387009359742,1.7496338081388392,,,11.346444218998784,3.3645458130509875,11.0,14.225765489316082,5.94,,0.5,-3.225765489316082,-5.099612990640258,-8.32537847995634
53,73.0,-0.36483401,-0.19343892,-0.23217234,185.04,-143.61,5.825628420482263,1.755931174148384,,,11.202683452587392,3.376655647887343,11.0,14.106836260144949,5.94,,0.5,-3.1068362601449486,-5.174371579517737,-8.281207839662684
53,73.0,-0.3656933,-0.19545022,-0.23195326,194.02,-133.58,5.8473244212912885,1.7622762273340964,,,11.244404862143147,3.3888571851634675,11.0,14.791441694732612,5.94,,0.5,-3.7914416947326117,-5.1526755787087115,-8.944117273441323
53,73.0,-0.36172938,-0.17609631,-0.23564494,208.99,-139.05,11.752504481156627,3.97903166246411,,,22.600066117264195,7.651677886918484,15.0,15.93270487466328,8.100000000000001,,0.5,-0.9327048746632798,-3.2474955188433725,-4.180200393506652
53,73.0,-0.35656488,-0.17687751,-0.23539896,215.72000000000003,-129.31,11.885633279518691,4.007421801393158,,,22.856072796514447,7.706272124079043,18.0,16.445777767177198,9.72,,0.5,1.5542222328228021,-6.114366720481309,-4.560144487658507
53,73.0,-0.35696119,-0.17441778,-0.23701841,219.97000000000003,-125.43,12.009504423772364,4.042630407165789,,,23.09427700691425,7.773978272979812,18.0,16.769783679983163,9.72,,0.5,1.2302163200168366,-5.9904955762276355,-4.760279256210799
53,74.0,-0.35201517,-0.36326283,-0.25962648,-141.11,-136.75,17.25029507314565,5.411821894299016,,,33.17231742565909,10.406933502737008,-16.0,-10.757758672011748,-8.64,,0.5,-5.242241327988252,33.25029507314565,28.008053745157397
53,74.0,-0.35006118,-0.36343786,-0.25985044,-148.17999999999995,-128.87,17.433421205976348,5.463831964573873,,,33.52446897909252,10.506948867875556,-16.0,-11.29675203755014,-8.64,,0.5,-4.7032479624498595,33.433421205976344,28.730173243526487
53,74.0,-0.35079145,-0.36393625,-0.26062623,-154.87,-127.63,17.682557021019594,5.5220337444891205,,,34.00355715142068,10.61887089065258,-18.0,-11.80677546264942,-9.72,,0.5,-6.193224537350581,35.68255702101959,29.489332483669013
53,75.0,-0.35303462,-0.3210251,-0.26391581,-56.39999999999998,-135.97,-18.76400849178683,5.936693798427216,,,-36.08318832970608,11.416262174375536,-11.0,-4.299749054648588,-5.94,,-0.5,-6.700250945351412,-7.764008491786829,-14.46425943713824
53,75.0,-0.35468674,-0.3251124,-0.2644023,-63.78999999999997,-131.96,-19.008005156541483,6.00268525548374,,,-36.55239391602928,11.543163746295232,-12.0,-4.863138159504138,-6.48,,-0.5,-7.136861840495862,-7.008005156541483,-14.144866997037344
53,75.0,-0.35504299,-0.32745376,-0.26537675,-75.32000000000005,-136.59,-19.221295134868324,6.063139854776732,,,-36.962550544351785,11.659417940735656,-12.0,-5.742147141775391,-6.48,,-0.5,-6.257852858224609,-7.221295134868324,-13.479147993092933
53,76.0,-0.34883192,-0.3408179,-0.2703878,-117.03999999999996,-126.94,-5.436214748503917,1.7961525820754942,,,-10.453840961373032,3.454001415331176,-16.0,-8.922741655249483,-8.64,,-0.5,-7.077258344750517,10.563785251496082,3.486526906745566
53,76.0,-0.35183272,-0.33961633,-0.27068391,-118.67999999999996,-133.52,-5.400436801898839,1.802819020462338,,,-10.385039970051468,3.466820976349076,-16.0,-9.0477698192499,-8.64,,-0.5,-6.9522301807500995,10.599563198101162,3.6473330173510616
53,76.0,-0.34513715,-0.34022021,-0.27090862,-122.12,-136.88,-5.420511255447335,1.809534667276159,,,-10.423643144225224,3.4797351651720536,-16.0,-9.310024016909324,-8.64,,-0.5,-6.689975983090676,10.579488744552666,3.8895127614619893
53,76.0,-0.32696199,-0.34309569,-0.27647969,72.62,-98.85,-10.74398152708391,3.406036472508669,,,-20.66067647658236,6.549808136634171,-16.0,5.536308091286891,-8.64,,-0.5,-21.53630809128689,5.2560184729160895,-16.2802896183708
53,76.0,-0.32844391,-0.34602112,-0.27555504,87.38999999999999,-92.75,-10.763182716614056,3.429460853268996,,,-20.697600364048828,6.59485322083628,-16.0,6.6623239341443306,-8.64,,-0.5,-22.662323934144332,5.236817283385944,-17.425506650758386
53,76.0,-0.32642147,-0.345411,-0.27733767,68.16999999999996,-95.83,-10.831742511117127,3.4508018314143034,,,-20.829440848878235,6.635891921809705,-16.0,5.197054841407699,-8.64,,-0.5,-21.1970548414077,5.1682574888828725,-16.028797352524826
53,77.0,-0.34678891,-0.14018558,-0.23716134,261.92,-128.03,-14.79245193771183,4.666001311299332,261.92,-128.03,-28.44588507621985,8.972720521628613,18.0,19.967912631091465,9.72,9.983956315545733,-0.5,-1.9679126310914654,-32.79245193771183,-34.7603645688033
53,77.0,-0.3436875,-0.14035785,-0.23667236,266.94000000000005,-126.14,-14.991432422674665,4.708532194448048,266.94000000000005,-126.14,-28.82852454880338,9.054507409923598,18.0,20.350620791629343,9.72,10.175310395814671,-0.5,-2.3506207916293427,-32.99143242267466,-35.34205321430401
53,78.0,-0.3411606,-0.14202556,-0.23673783,269.99,-135.88,6.822578746400759,2.4265067683624757,269.99,-135.88,13.11981892932866,4.6661725155610405,20.0,20.583142681995973,10.8,10.291571340997988,0.5,-0.5831426819959731,-13.177421253599242,-13.760563935595215
53,78.0,-0.35013208,-0.37153941,-0.27561605,-4.539999999999964,-111.07,20.952917362625413,6.429244040817833,269.99,-135.88,40.292460088328674,12.363436290492691,-21.0,-0.3461145515621355,-11.34,10.291571340997988,0.5,-20.653885448437865,41.95291736262541,21.299031914187548
53,78.0,-0.3534497,-0.37303144,-0.275693,57.75999999999999,-106.83,21.33695341911968,6.501710707974884,269.99,-135.88,41.03096142496714,12.502789691435703,-21.0,4.403430946746498,-11.34,10.291571340997988,0.5,-25.403430946746496,42.33695341911968,16.933522472373184
53,78.0,-0.35286313,-0.37259075,-0.27504694,53.71000000000004,-109.25,21.704469993706148,6.575180391773642,269.99,-135.88,41.737695797896926,12.644071893380714,-21.0,4.094672371013758,-11.34,10.291571340997988,0.5,-25.094672371013758,42.70446999370615,17.60979762269239
53,79.0,-0.31352961,-0.36884749,-0.27546003,258.14,-39.56999999999999,-26.41997010282171,7.941076912467809,258.14,-39.56999999999999,-50.80560250772615,15.2706909026756,-21.0,19.679737960407568,-11.34,9.839868980203784,-0.5,-40.679737960407564,-5.419970102821711,-46.09970806322928
53,79.0,-0.31548518,-0.37409133,-0.27710891,254.95000000000005,-46.41,-26.863718003766746,8.044926627796729,254.95000000000005,-46.41,-51.65892972124345,15.470393905253108,-24.0,19.436542934089683,-12.96,9.718271467044842,-0.5,-43.43654293408969,-2.8637180037667456,-46.30026093785643
53,79.0,-0.31222624,-0.37716883,-0.27576983,98.70000000000005,-91.42,-27.29037972486979,8.150462566650024,254.95000000000005,-46.41,-52.47940021092461,15.673339515667998,-24.0,7.524560845635036,-12.96,9.718271467044842,-0.5,-31.524560845635037,-3.2903797248697906,-34.814940570504824
53,80.0,-0.28580707,-0.40589511,-0.28982666,43.39999999999998,-86.82,-10.810209602373485,5.331809971649735,-286.42,-112.69,-20.788033065364207,10.25307057548244,-29.0,3.3086721448891616,-15.66,-10.91785571128058,-0.5,-32.30867214488916,18.189790397626517,-14.118881747262646
53,80.0,-0.28331754,-0.39721423,-0.29753876,41.32000000000005,-86.22,-10.848695472420628,5.370726359789837,-286.42,-112.69,-20.862041393464867,10.327906789875858,-29.0,3.150099839327659,-15.66,-10.91785571128058,-0.5,-32.15009983932766,18.15130452757937,-13.998795311748287
53,80.0,-0.2994715,-0.35836434,-0.31107181,44.870000000000005,-78.96000000000001,-10.90115640239192,5.410209387554455,-286.42,-112.69,-20.962923761799665,10.403832652267218,-24.0,3.420740072377345,-12.96,-10.91785571128058,-0.5,-27.420740072377345,13.09884359760808,-14.321896474769265
53,80.0,-0.30078557,-0.42363322,-0.3038789,-286.42,-112.69,-48.28660212887672,18.69118499756722,-286.42,-112.69,-92.85513589382994,35.94314875032177,-29.0,-21.83571142256116,-15.66,-10.91785571128058,-0.5,-7.164288577438839,-19.286602128876723,-26.450890706315562
53,80.0,-0.30255428,-0.42355207,-0.30422136,-348.59,-109.1,-49.48629512891081,18.946709937412063,-348.59,-109.1,-95.1621455328955,36.4345232096434,-29.0,-26.5753461517722,-15.66,-13.2876730758861,-0.5,-2.4246538482277984,-20.48629512891081,-22.91094897713861
53,80.0,-0.29985148,-0.42131227,-0.30446395,-314.03,-121.32,-50.76746947541135,19.19818859120645,-314.03,-121.32,-97.62584380121604,36.91811666088999,-29.0,-23.94060630551944,-15.66,-11.97030315275972,-0.5,-5.059393694480558,-21.767469475411353,-26.82686316989191
53,81.0,-0.33948097,-0.16232024,-0.23203059,256.97,-130.83,-89.47603102530388,44.73801551265194,256.97,-130.83,-172.06240766165936,86.03120383082968,15.0,19.590541038529228,8.100000000000001,9.795270519264614,-0.5,-4.590541038529228,-104.47603102530388,-109.0665720638331
53,82.0,-0.31365287,-0.14670148,-0.24434821,257.54999999999995,-138.58,7.244618964383095,2.5849815504817197,257.54999999999995,-138.58,13.931402268508691,4.970919521576346,23.0,19.63475831604157,12.420000000000002,9.817379158020785,0.5,3.3652416839584305,-15.755381035616905,-12.390139351658474
53,82.0,-0.31073385,-0.14490402,-0.24259257,257.45000000000005,-136.25,7.340881544480923,2.5987086650307827,257.45000000000005,-136.25,14.116515210036816,4.997316762854195,25.0,19.62713464750496,13.5,9.813567323752478,0.5,5.37286535249504,-17.659118455519078,-12.286253103024038
53,82.0,-0.3160713,-0.12801647,-0.24908692,302.12,-122.44,22.659644062157927,6.924858115672434,302.12,-122.44,43.57449553152969,13.31650215643809,45.0,23.03262738280908,24.3,11.51631369140454,0.5,21.96737261719092,-22.340355937842073,-0.3729833206511515
53,82.0,-0.3145225,-0.12847182,-0.24758045,306.75,-127.47,23.035407894813225,7.005749205368119,306.75,-127.47,44.29708938172583,13.472055721922892,45.0,23.38560323605417,24.3,11.692801618027085,0.5,21.61439676394583,-21.964592105186775,-0.3501953412409442
53,82.0,-0.31321535,-0.13016717,-0.24869023,310.41,-130.39,23.463531546107674,7.087673953801063,310.41,-130.39,45.12037116316506,13.629597013159444,42.0,23.66462950449413,22.68,11.832314752247065,0.5,18.33537049550587,-18.536468453892326,-0.2010979583864554
53,83.0,-0.29459998,-0.09325492,-0.24062462,386.03,-123.38,41.89552628362451,11.664515180990144,386.03,-123.38,80.56509704340993,22.430862693044045,45.0,29.429647651879343,24.3,14.714823825939671,0.5,15.570352348120657,-3.1044737163754874,12.46587863174517
53,83.0,-0.29280993,-0.09260357,-0.24299693,390.54,-133.57,42.95878528506441,11.918376498091902,390.54,-133.57,82.60974410317885,22.91903800583073,45.0,29.7734751028805,24.3,14.88673755144025,0.5,15.2265248971195,-2.0412147149355917,13.185310182183908
53,83.0,-0.29184353,-0.08983541,-0.24384658,398.52,-138.14,44.12699211260626,12.169105963372203,398.52,-138.14,84.85620583254185,23.40119076756475,45.0,30.38184385210205,24.3,15.190921926051027,0.5,14.618156147897949,-0.8730078873937401,13.745148260504209
53,85.0,-0.386112,-0.15923487,-0.22266586,85.25,-75.1,5.539006299595351,2.230899897208541,251.79999999999995,-123.99,10.65150911412186,4.290020502332025,11.0,6.4991774274608565,5.94,9.598198687593216,0.5,4.5008225725391435,-5.460993700404649,-0.9601711278655056
53,85.0,-0.38559034,-0.15936142,-0.22239771,89.41999999999996,-73.52000000000001,5.56253423289719,2.240149419587124,251.79999999999995,-123.99,10.696753329861297,4.307807333866039,11.0,6.817084405437531,5.94,9.598198687593216,0.5,4.182915594562469,-5.43746576710281,-1.2545501725403412
53,85.0,-0.388136,-0.15854244,-0.2226125,96.30999999999996,-71.12,5.547257019798652,2.2515566197715566,251.79999999999995,-123.99,10.667375249072808,4.329743379820704,11.0,7.342355167610025,5.94,9.598198687593216,0.5,3.657644832389975,-5.452742980201348,-1.7950981478113732
53,85.0,-0.34343371,-0.16639473,-0.2410876,239.03,-117.36,14.28647180835786,4.991965791641947,251.79999999999995,-123.99,27.472885287472167,9.599550217327463,20.0,18.22285490306121,10.8,9.598198687593216,0.5,1.7771450969387885,-5.7135281916421405,-3.936383094703352
53,85.0,-0.34119329,-0.16483618,-0.24189427,244.82000000000005,-123.42,14.43773703916586,5.045358317321735,251.79999999999995,-123.99,27.76376832631595,9.702224044209697,23.0,18.66426531133099,12.420000000000002,9.598198687593216,0.5,4.33573468866901,-8.56226296083414,-4.22652827216513
53,85.0,-0.33914047,-0.16378655,-0.24152277,251.79999999999995,-123.99,14.537419062339874,5.089822558849154,251.79999999999995,-123.99,27.95545685687958,9.787728780666924,25.0,19.196397375186432,13.5,9.598198687593216,0.5,5.803602624813568,-10.462580937660126,-4.658978312846559
53,86.0,-0.32931378,-0.12918945,-0.23738296,308.48,-114.92,24.8637265474498,7.858444313043906,308.48,-114.92,47.812946150745965,15.111788413983431,35.0,23.517492701737535,18.9,11.758746350868767,0.5,11.482507298262465,-10.1362734525502,1.3462338457122662
53,86.0,-0.3285923,-0.12903164,-0.23826392,314.86,-117.9,25.282378875665525,7.967348419293767,314.86,-117.9,48.61801457790481,15.321211010301914,30.0,24.00388275437332,16.200000000000003,12.00194137718666,0.5,5.996117245626682,-4.717621124334475,1.278496121292207
53,86.0,-0.32705277,-0.12888278,-0.24053517,119.37,-84.03999999999999,25.70500640739636,8.057286436552923,314.86,-117.9,49.430727321423205,15.494161817491271,30.0,9.100373132152525,16.200000000000003,12.00194137718666,0.5,20.899626867847473,-4.294993592603639,16.604633275243835
53,87.0,-0.32723904,-0.10813659,-0.23120145,362.99,-128.95,45.72847061095615,13.921099517893412,362.99,-128.95,87.93584898486868,26.77027437290904,38.0,27.67315442104418,20.520000000000003,13.83657721052209,0.5,10.326845578955819,7.728470610956151,18.05531618991197
53,87.0,-0.32389405,-0.10736309,-0.23181315,368.35,-129.82,46.95752228921998,14.185735116226924,368.35,-129.82,90.29931536217002,27.27916862850437,38.0,28.08178305460653,20.520000000000003,14.040891527303264,0.5,9.918216945393471,8.95752228921998,18.87573923461345
53,87.0,-0.32043487,-0.10311104,-0.23207478,370.89,-133.03,48.573142624096135,14.519716488477968,370.89,-133.03,93.40615326613688,27.921414807343133,40.0,28.275424235436443,21.6,14.13771211771822,0.5,11.724575764563557,8.573142624096135,20.297718388659693
53,89.0,-0.36851206,-0.15650465,-0.22971559,241.64,-111.62,6.388385279725139,3.1923854693302145,,,12.28486489291144,6.138957257522002,15.0,18.42183265186676,8.100000000000001,,0.5,-3.4218326518667617,-8.611614720274861,-12.033447372141623
53,89.0,-0.36614037,-0.15504262,-0.23020151,242.15,-115.25,6.431108125856011,3.203722615421481,,,12.367020926021109,6.16075858945551,15.0,18.46071336140347,8.100000000000001,,0.5,-3.460713361403471,-8.56889187414399,-12.02960523554746
53,89.0,-0.36775079,-0.1558217,-0.23025765,187.39,-98.14,6.555339658646684,3.218401567242275,,,12.605918163577574,6.188986213806896,15.0,14.285992470755303,8.100000000000001,,0.5,0.7140075292446966,-8.444660341353316,-7.7306528121086195
53,90.0,-0.37999654,-0.17900528,-0.24065711,180.49,-114.53,5.292989802236054,2.043864097872002,,,10.178419389699933,3.930350660207861,9.0,13.75995934172915,4.86,,0.5,-4.75995934172915,-3.707010197763946,-8.466969539493096
53,90.0,-0.38077444,-0.17943446,-0.2401436,177.14999999999998,-122.21,5.396246859034804,2.05371064597876,,,10.376982709923928,3.949285572217156,9.0,13.505328812606342,4.86,,0.5,-4.505328812606342,-3.603753140965196,-8.109081953571538
53,90.0,-0.37872404,-0.17815943,-0.24025743,176.21000000000004,-117.86,5.407465477552419,2.060333383433569,,,10.398556113333305,3.962021096342753,9.0,13.433666328362202,4.86,,0.5,-4.433666328362202,-3.592534522447581,-8.026200850809783
53,90.0,-0.33922681,-0.34297094,-0.26199597,-121.46000000000004,-107.19,8.109544191361058,3.0874280315513896,,,15.594653479987317,5.937124104673322,-15.0,-9.259707804567691,-8.100000000000001,,0.5,-5.740292195432309,23.10954419136106,17.36925199592875
53,90.0,-0.33739749,-0.34432206,-0.26213804,-125.39,-109.91,8.180268637986641,3.109627123174624,,,15.73065659084831,5.9798129578648025,-15.0,-9.5593179780565,-8.100000000000001,,0.5,-5.4406820219435,23.180268637986643,17.73958661604314
53,90.0,-0.33536482,-0.34340557,-0.26075548,-135.04999999999995,-114.25,8.21508875557004,3.124589928536629,,,15.797615676961188,6.008586432575937,-15.0,-10.295764358693118,-8.100000000000001,,0.5,-4.704235641306882,23.21508875557004,18.510853114263156
53,91.0,-0.37390926,-0.3318277,-0.25778168,-89.0,-131.29,-26.058795124137458,8.139521879864148,,,-50.11106302371633,15.652300574978756,-14.0,-6.785064997583768,-7.56,,-0.5,-7.214935002416232,-12.058795124137458,-19.27373012655369
53,91.0,-0.37295231,-0.33216426,-0.25622615,-94.64999999999998,-125.02,-26.60266828626093,8.260167435695966,,,-51.15693111447977,15.88430197884334,-14.0,-7.215802269902286,-7.56,,-0.5,-6.784197730097714,-12.60266828626093,-19.386866016358642
53,91.0,-0.37135598,-0.33369237,-0.25690436,-68.0,-123.5,-26.97407860326562,8.36065482393405,,,-51.87115315407979,16.07753922642518,-14.0,-5.184094604895464,-7.56,,-0.5,-8.815905395104537,-12.974078603265621,-21.789983998370158
53,92.0,-0.3649368,-0.33324566,-0.27353725,-94.52999999999996,-153.57999999999998,-10.259065234660524,3.366761835444833,,,-19.72818244625219,6.474283009560415,-13.0,-7.206653867658352,-7.0200000000000005,,-0.5,-5.793346132341648,2.7409347653394764,-3.052411367002172
53,92.0,-0.36351889,-0.33472008,-0.2743879,-106.84000000000005,-153.28,-10.356044351419817,3.391972384817058,,,-19.914673287780303,6.522762896003203,-13.0,-8.145127464515168,-7.0200000000000005,,-0.5,-4.854872535484832,2.6439556485801834,-2.2109168869046485
53,92.0,-0.36706832,-0.3374033,-0.27362406,-113.85000000000002,-157.51,-10.446514202667814,3.41757021317164,,,-20.088646811730207,6.571987519929063,-13.0,-8.679546628931597,-7.0200000000000005,,-0.5,-4.320453371068403,2.5534857973321863,-1.766967573736217
53,93.0,-0.3421554,-0.34526616,-0.27750769,-114.45000000000005,-108.97,-12.043470464688372,4.114048273703473,,,-23.15959370359574,7.9113148303317775,-16.0,-8.725288640151264,-8.64,,-0.5,-7.274711359848736,3.9565295353116277,-3.318181824537108
53,93.0,-0.34313947,-0.34562525,-0.27778083,-123.89,-117.99,-12.259350671339396,4.154667991562771,,,-23.574731340985657,7.989426547775209,-16.0,-9.444962950007335,-8.64,,-0.5,-6.555037049992665,3.740649328660604,-2.8143877213320607
53,93.0,-0.34507942,-0.34542325,-0.27762172,-129.5,-124.03,-12.410791430688237,4.189103797995097,,,-23.86595192121348,8.055646603544572,-16.0,-9.872650754911213,-8.64,,-0.5,-6.127349245088787,3.5892085693117632,-2.538140675777024
53,94.0,-0.30123672,-0.12333325,-0.26064324,74.39999999999998,-100.32,-17.019031365230877,5.583486536831488,,,-32.727597315338976,10.737044610326953,41.0,5.672009391238563,22.14,,-0.5,35.32799060876144,-58.01903136523087,-22.69104075646944
53,94.0,-0.30077162,-0.12043846,-0.26085347,81.84000000000003,-111.24,-17.178372996379718,5.643001411889707,,,-33.0340112720382,10.851491715063906,41.0,6.2392103303624245,22.14,,-0.5,34.760789669637575,-58.17837299637972,-23.417583326742143
53,94.0,-0.29950657,-0.11932774,-0.25944856,76.04999999999995,-113.3,-17.359109912766503,5.697528826639901,,,-33.381568362249986,10.95634793362853,38.0,5.797799922092644,20.520000000000003,,-0.5,32.20220007790736,-55.3591099127665,-23.156909834859146
53,95.0,-0.33496931,-0.36280558,-0.29122531,-123.5,-101.36,89.47369896429717,44.736849482148585,,,172.05792310834346,86.02896155417173,-18.0,-9.415230642714556,-9.72,,0.5,-8.584769357285444,107.47369896429717,98.88892960701173
53,96.0,-0.31876144,-0.39412823,-0.30774885,-129.08999999999995,-110.76,-10.00046721693742,4.471989329261737,,,-19.230898458170657,8.59963548017032,-24.0,-9.841393713911108,-12.96,,-0.5,-14.158606286088892,13.99953278306258,-0.1590735030263115
53,96.0,-0.32073483,-0.39582437,-0.31008011,-129.29000000000002,-112.49,-10.058162022364638,4.50342682223992,,,-19.3418455690072,8.660089779167366,-24.0,-9.856641050984331,-12.96,,-0.5,-14.143358949015669,13.941837977635362,-0.20152097138030634
53,97.0,-0.32132998,-0.0836552,-0.28060836,56.99000000000001,19.079999999999984,10.537131740742725,3.554460061333471,258.36,-119.33,20.26290433744825,6.8352266979442655,34.0,4.344728699014596,18.36,9.84825501559406,0.5,29.655271300985405,-23.462868259257277,6.192403041728128
53,97.0,-0.31754744,-0.08139879,-0.28111359,73.17999999999995,31.04000000000002,9.90341708128697,3.5772292294837538,258.36,-119.33,19.044271047314844,6.879011808297259,35.0,5.579000635091908,18.9,9.84825501559406,0.5,29.42099936490809,-25.096582918713032,4.324416446195062
53,97.0,-0.31500033,-0.08425983,-0.28714684,95.39999999999998,34.339999999999975,9.256865837923446,3.603059502433242,258.36,-119.33,17.800953006326786,6.928683423179124,35.0,7.272979783926869,18.9,9.84825501559406,0.5,27.727020216073132,-25.743134162076554,1.983886053996577
53,97.0,-0.35400617,-0.16150334,-0.23510607,216.28,-121.42,60.8699858077558,18.83726660433449,258.36,-119.33,117.05298270831442,36.22406368013523,18.0,16.488470310982215,9.72,9.84825501559406,0.5,1.5115296890177845,42.8699858077558,44.38151549677359
53,97.0,-0.35219029,-0.16192549,-0.23489188,238.24,-112.52,62.82466895873163,19.10793316817734,258.36,-119.33,120.81183840764092,36.74455548240502,20.0,18.16262792162199,10.8,9.84825501559406,0.5,1.83737207837801,42.82466895873163,44.66204103710964
53,97.0,-0.35108495,-0.16138859,-0.23529993,258.36,-119.33,64.87329850916547,19.35102589058389,258.36,-119.33,124.7513530331252,37.21202278759284,20.0,19.69651003118812,10.8,9.84825501559406,0.5,0.3034899688118813,44.873298509165465,45.17678847797735
53,98.0,-0.33741584,-0.19962916,-0.24358985,190.82000000000005,-114.78,47.26747664329406,19.970325105235737,,,90.89535758505448,38.40293517736833,13.0,14.547484301561065,7.0200000000000005,,0.5,-1.5474843015610649,34.26747664329406,32.719992341733
53,98.0,-0.33504719,-0.20041715,-0.2448241,191.72000000000003,-121.94,48.56238393200187,20.433717799821487,,,93.3854643012396,39.29403932905672,13.0,14.616097318390564,7.0200000000000005,,0.5,-1.6160973183905636,35.56238393200187,33.946286613611306
53,98.0,-0.33511657,-0.19854039,-0.24545504,196.44000000000003,-122.52,50.02601425337882,20.896966137705512,,,96.20002540924747,40.1848658828077,13.0,14.975934473318604,7.0200000000000005,,0.5,-1.9759344733186044,37.02601425337882,35.050079780060216
53,99.0,-0.35778943,-0.17884848,-0.22201741,230.96000000000004,-103.71,14.139305938272674,3.888213801199435,,,27.18988531929835,7.477035139706514,13.0,17.60762485215671,7.0200000000000005,,0.5,-4.607624852156711,1.139305938272674,-3.468318913884037
53,99.0,-0.36038816,-0.17725351,-0.225127,237.33000000000004,-106.93,14.267375707414118,3.922616058491844,,,27.436163485357348,7.543190680479814,13.0,18.09325253793883,7.0200000000000005,,0.5,-5.093252537938831,1.2673757074141179,-3.825876830524713
53,99.0,-0.35080898,-0.17794906,-0.22703777,247.20000000000005,-117.09,14.360935949720298,3.96719093881838,,,27.61607983131213,7.628908175347744,13.0,18.84570862250233,7.0200000000000005,,0.5,-5.845708622502329,1.3609359497202984,-4.4847726727820305
53,101.0,-0.3930074,-0.35007259,-0.24210905,-132.51,-121.32,-7.061863248169019,2.1501737173190945,-281.73,-96.71,-13.579963026229024,4.134784058404619,-15.0,-10.102123177863202,-8.100000000000001,-10.73908068409705,-0.5,-4.897876822136798,7.938136751830981,3.040259929694183
53,101.0,-0.39767465,-0.35339507,-0.24218495,-141.88,-125.85,-7.116584799390048,2.1607039259044023,-281.73,-96.71,-13.685192569227064,4.155033649514166,-15.0,-10.816460919743651,-8.100000000000001,-10.73908068409705,-0.5,-4.183539080256349,7.883415200609952,3.6998761203536032
53,101.0,-0.39352956,-0.35280007,-0.24250577,-141.48000000000002,-135.94,-7.215880979731223,2.171329468242958,-281.73,-96.71,-13.876139124023142,4.175466567431209,-15.0,-10.785966245597209,-8.100000000000001,-10.73908068409705,-0.5,-4.2140337544027915,7.784119020268777,3.570085265865986
53,101.0,-0.37065372,-0.37122497,-0.25203958,-281.73,-96.71,-8.065981010564307,2.4611907519493816,-281.73,-96.71,-15.510881483315163,4.7328698159986615,-18.0,-21.4781613681941,-9.72,-10.73908068409705,-0.5,3.478161368194101,9.934018989435693,13.412180357629794
53,101.0,-0.37062094,-0.37123236,-0.25201157,-270.95,-106.55,-8.10931039892425,2.4749179838681745,-270.95,-106.55,-15.594203897131337,4.7592672829785,-18.0,-20.65632989994744,-9.72,-10.32816494997372,-0.5,2.6563298999474405,9.89068960107575,12.54701950102319
53,101.0,-0.37087959,-0.37336105,-0.25251758,181.9,434.99,-8.131740281676297,2.4887969251348947,-270.95,-106.55,-15.63733656166352,4.785956487034402,-18.0,13.867453068095363,-9.72,-10.32816494997372,-0.5,-31.867453068095365,9.868259718323703,-21.99919334977166
53,101.0,-0.20564573,-0.4413608,-0.3278262,-526.61,-42.5,-9.660668512349336,2.9697816307176628,-526.61,-42.5,-18.577465549247776,5.710890075870066,-45.0,-40.147000880647056,-24.3,-20.073500440323528,-0.5,-4.852999119352944,35.33933148765067,30.48633236829772
53,101.0,-0.19883935,-0.45771745,-0.32486042,-506.24,-43.46000000000001,-9.722677175015397,2.9895990232754994,-506.24,-43.46000000000001,-18.696708207554607,5.748998921758784,-45.0,-38.5940595997394,-24.3,-19.2970297998697,-0.5,-6.405940400260597,35.2773228249846,28.871382424724004
53,101.0,-0.20674551,-0.47124308,-0.32082918,-554.27,-29.930000000000007,-9.829872629870524,3.0096744889763136,-554.27,-29.930000000000007,-18.90284506724102,5.78760404230145,-45.0,-42.255707597873645,-24.3,-21.127853798936822,-0.5,-2.744292402126355,35.17012737012948,32.42583496800312
53,102.0,-0.28846389,-0.21983267,-0.2737408,196.74,-108.31,15.18790966573485,4.247724754705677,280.94000000000005,-142.18,29.20635028720812,8.168374703299017,6.0,14.998805478928436,3.24,10.70896719337744,0.5,-8.998805478928436,9.18790966573485,0.18910418680641428
53,102.0,-0.29836941,-0.22652638,-0.25519338,219.16,-103.38,15.362780847985684,4.299532654480516,280.94000000000005,-142.18,29.542627570676476,8.268001294566032,9.0,16.70803196483661,4.86,10.70896719337744,0.5,-7.708031964836611,6.362780847985684,-1.3452511168509265
53,102.0,-0.30205512,-0.22729219,-0.25105771,234.26,-112.69,15.563156523009022,4.3525258745458935,280.94000000000005,-142.18,29.92794999374635,8.369907256751754,9.0,17.85920591386487,4.86,10.70896719337744,0.5,-8.85920591386487,6.563156523009022,-2.2960493908558472
53,102.0,-0.30382302,-0.19231579,-0.23681957,280.94000000000005,-142.18,20.299193549554303,5.728506378565097,280.94000000000005,-142.18,39.035349195792925,11.015917765980683,25.0,21.41793438675488,13.5,10.70896719337744,0.5,3.5820656132451205,-4.700806450445697,-1.1187408372005763
53,102.0,-0.29897794,-0.19199686,-0.23637405,283.29,-143.44,20.539461939971797,5.817187999753935,283.29,-143.44,39.49738531056576,11.18645252352682,25.0,21.597090597365227,13.5,10.798545298682614,0.5,3.402909402634773,-4.4605380600282025,-1.0576286573934297
53,102.0,-0.29858428,-0.19174813,-0.23601042,283.23,-142.81,20.92026179844965,5.90821227108094,283.23,-142.81,40.22966343841868,11.36149219728865,25.0,21.592516396243266,13.5,10.796258198121633,0.5,3.4074836037567344,-4.079738201550349,-0.6722545977936143
53,104.0,-0.20224696,-0.47642326,-0.3173089,88.90999999999997,-43.77000000000001,-15.71608685265569,4.980785224025748,272.77,-141.68,-30.222035017656893,9.578049985801515,-45.0,6.778203695900816,-24.3,10.397540333656876,-0.5,-51.778203695900814,29.283913147344308,-22.494290548556506
53,104.0,-0.20198447,-0.46985176,-0.32326433,-35.700000000000045,-46.53,-15.798379507084164,5.0394002557715805,272.77,-141.68,-30.38028379212285,9.69076669184875,-45.0,-2.7216496675701216,-24.3,10.397540333656876,-0.5,-42.27835033242988,29.201620492915836,-13.076729839514043
53,104.0,-0.21539116,-0.43915966,-0.32846618,18.00999999999999,-54.6,-15.937226242263495,5.088332665745674,272.77,-141.68,-30.647286063872706,9.78486371622893,-45.0,1.373022703443636,-24.3,10.397540333656876,-0.5,-46.37302270344364,29.062773757736505,-17.31024894570713
53,104.0,-0.29355028,-0.13291526,-0.34669268,272.77,-141.68,-81.16301778911031,44.88085921666334,272.77,-141.68,-156.07648320845914,86.30589227364361,15.0,20.795080667313755,8.100000000000001,10.397540333656876,-0.5,-5.795080667313755,-96.16301778911031,-101.95809845642407
53,104.0,-0.29033348,-0.16664244,-0.29183984,231.29,-87.97999999999999,-83.34383723513412,41.67191861756706,272.77,-141.68,-160.2701990031629,80.13509950158145,7.0,17.63278295832752,3.78,10.397540333656876,-0.5,-10.632782958327521,-90.34383723513412,-100.97662019346164
53,104.0,-0.29341137,-0.1843252,-0.25632709,231.69000000000003,-68.82,-85.52293205843046,42.76146602921523,272.77,-141.68,-164.46059834836177,82.23029917418089,13.0,17.66327763247397,7.0200000000000005,10.397540333656876,-0.5,-4.663277632473971,-98.52293205843046,-103.18620969090443
53,105.0,-0.28051674,-0.14174668,-0.23159169,311.61,-145.33,35.75759829636595,10.781772683569717,311.61,-145.33,68.76186152391172,20.733348870504564,20.0,23.75611352693346,10.8,11.87805676346673,0.5,-3.7561135269334613,15.757598296365948,12.001484769432487
53,105.0,-0.27721232,-0.13726856,-0.23074239,348.41,-125.31,36.605009965395695,11.107247335360626,348.41,-125.31,70.39143416345593,21.35923662589848,25.0,26.561623548406292,13.5,13.280811774203148,0.5,-1.561623548406292,11.605009965395695,10.043386416989403
53,105.0,-0.27347159,-0.13428216,-0.23159046,378.85,-125.92,37.49627824683778,11.382184373796049,378.85,-125.92,72.10534306866906,21.8879405508098,25.0,28.88226825095068,13.5,14.44113412547534,0.5,-3.8822682509506805,12.496278246837782,8.614009995887102
53,106.0,-0.21870594,-0.10766863,-0.24823427,450.71,-123.28,11.59757244180082,3.24000958100829,450.71,-123.28,22.30213180558298,6.230538424278943,45.0,34.36063646135933,24.3,17.180318230679664,0.5,10.639363538640673,-33.40242755819918,-22.763064019558506
53,106.0,-0.21868874,-0.10559503,-0.24884954,456.56,-117.42,11.846625391822975,3.262767790479031,456.56,-117.42,22.781060628475583,6.274302461091176,45.0,34.80662107075106,24.3,17.40331053537553,0.5,10.193378929248937,-33.153374608177025,-22.959995678928088
53,106.0,-0.21610288,-0.10545345,-0.25121137,475.59,-121.96,11.853204878707157,3.285828196118864,475.59,-121.96,22.793712981753863,6.318647621136575,45.0,36.25740519326814,24.3,18.12870259663407,0.5,8.742594806731859,-33.14679512129284,-24.404200314560985
53,106.0,-0.31009105,-0.14322779,-0.24995369,264.80999999999995,-95.27,73.53326642860546,39.38869979355973,264.80999999999995,-95.27,141.4044713422083,75.74446970301537,18.0,20.18823665179952,9.72,10.09411832589976,0.5,-2.188236651799521,55.53326642860546,53.34502977680594
53,106.0,-0.30698019,-0.14470005,-0.24825548,291.25,-76.81,75.41737619651343,40.92877307575316,291.25,-76.81,145.02761442589534,78.70603062467333,20.0,22.203934612879465,10.8,11.101967306439732,0.5,-2.203934612879465,55.41737619651343,53.213441583633966
53,106.0,-0.30647004,-0.14517602,-0.24788576,300.72,-74.72,77.69579941994012,42.67271273035857,300.72,-74.72,149.40902228454485,82.05962658047953,20.0,22.925896023296527,10.8,11.462948011648264,0.5,-2.925896023296527,57.695799419940116,54.769903396643585
53,107.0,-0.31671309,-0.16435423,-0.22753313,283.04,-72.47,68.6328668250811,18.652990967140813,283.04,-72.47,131.98100290463094,35.86970162981178,25.0,21.578031426023703,13.5,10.789015713011851,0.5,3.4219685739762973,43.632866825081095,47.054835399057396
53,107.0,-0.32006347,-0.16411655,-0.2271868,281.65,-85.88999999999999,70.59930804496449,18.77052537632333,281.65,-85.88999999999999,135.7624693704667,36.09572029866977,25.0,21.47206243336481,13.5,10.736031216682404,0.5,3.5279375666351918,45.59930804496449,49.127245611599676
53,107.0,-0.32126972,-0.15943144,-0.22745551,341.22,-157.35,72.75227978065337,18.848695413739645,341.22,-157.35,139.90263401819644,36.24604128062133,25.0,26.013481780623973,13.5,13.006740890311988,0.5,-1.013481780623973,47.75227978065337,46.73879800002939
53,109.0,-0.30431983,-0.1376249,-0.25034544,331.67999999999995,-62.16,9.058003524567804,2.9027667931216383,331.67999999999995,-62.16,17.418540777743885,5.582020543172911,45.0,25.28618380223128,24.3,12.64309190111564,0.5,19.71381619776872,-35.9419964754322,-16.228180277663476
53,109.0,-0.30054325,-0.14002623,-0.25249767,349.94000000000005,-61.150000000000006,9.042354415433906,2.921529187725267,349.94000000000005,-61.150000000000006,17.3884475408794,5.618100627995688,41.0,26.67826567701645,22.14,13.339132838508226,0.5,14.321734322983549,-31.957645584566094,-17.635911261582546
53,109.0,-0.29738677,-0.14282537,-0.25322592,364.63,-57.6,9.2074187594341,2.942415901527457,364.63,-57.6,17.705866274391774,5.6582657786373005,41.0,27.7981825850446,22.14,13.899091292522298,0.5,13.2018174149554,-31.7925812405659,-18.5907638256105
53,109.0,-0.23230369,-0.12156172,-0.25654441,510.1300000000001,-155.11,10.87840101998682,3.429729078086199,510.1300000000001,-155.11,20.919165161434652,6.5953690171597605,45.0,38.89062030581358,24.3,19.44531015290679,0.5,6.109379694186423,-34.12159898001318,-28.01221928582676
53,109.0,-0.23132655,-0.12219983,-0.25607899,523.5699999999999,-153.28,10.95293821057008,3.455482184056542,523.5699999999999,-153.28,21.062500178926264,6.644892239940731,45.0,39.91524135713408,24.3,19.95762067856704,0.5,5.084758642865921,-34.04706178942992,-28.962303146563997
53,109.0,-0.23166001,-0.12226172,-0.25711083,534.6500000000001,-151.38,11.062713948628526,3.478950806664589,534.6500000000001,-151.38,21.273598923212656,6.690022401216004,45.0,40.75994383099058,24.3,20.37997191549529,0.5,4.240056169009421,-33.93728605137147,-29.697229882362052
53,110.0,-0.26199311,-0.11214134,-0.27944013,47.83000000000004,-110.14,10.048966547893972,3.2556254120025505,,,19.32416267160011,6.260567667280904,45.0,3.646400661061032,24.3,,0.5,41.35359933893897,-34.95103345210603,6.4025658868329405
53,110.0,-0.26642066,-0.1168028,-0.28448865,88.04999999999995,-146.14,10.243173925154975,3.2789719098449197,,,19.697623458073014,6.305462982631779,45.0,6.712640146485961,24.3,,0.5,38.28735985351404,-34.75682607484502,3.5305337786690147
53,110.0,-0.2754342,-0.11981219,-0.30421102,89.22000000000003,-149.14,10.393671296173368,3.3049798372655603,,,19.987029902541387,6.355476227061673,35.0,6.801837068364314,18.9,,0.5,28.198162931635686,-24.606328703826634,3.591834227809054
53,110.0,-0.26631719,-0.2533088,-0.36087,-130.79999999999995,-107.14,60.10315411426304,19.229013116580408,,,115.57836536172782,36.97739222318412,-9.0,-9.971758445887152,-4.86,,0.5,0.9717584458871524,69.10315411426305,70.0749125601502
53,110.0,-0.26898146,-0.28755909,-0.31174362,-153.22000000000003,-110.96,62.185369131957216,19.6092996161756,,,119.58246484075372,37.70868316190569,-13.0,-11.680984931795338,-7.0200000000000005,,0.5,-1.3190150682046617,75.18536913195722,73.86635406375255
53,110.0,-0.28695887,-0.31583625,-0.28555188,-168.88,-103.83,64.50582590892625,19.9914436047469,,,124.0447032228652,38.44354605192829,-16.0,-12.874851424628613,-8.64,,0.5,-3.1251485753713872,80.50582590892625,77.38067733355487
53,111.0,-0.31214753,-0.37572715,-0.26965097,-212.54,-130.47,-7.969814872608055,2.68555065756674,-305.31,-117.3,-15.32595400002529,5.164313914500841,-18.0,-16.203345107712966,-9.72,-11.637911204563483,-0.5,-1.7966548922870338,10.030185127391945,8.233530235104912
53,111.0,-0.31017673,-0.37586764,-0.27025989,-305.31,-117.3,-8.057126068696194,2.7001892312165428,-305.31,-117.3,-15.49385343010278,5.192463891629413,-18.0,-23.275822409126967,-9.72,-11.637911204563483,-0.5,5.275822409126967,9.942873931303806,15.218696340430773
53,111.0,-0.30682957,-0.375754,-0.2711924,-307.56,-117.23,-8.058702160207849,2.7135064537723044,-307.56,-117.23,-15.496884254079694,5.218072910604141,-18.0,-23.447354951200715,-9.72,-11.723677475600358,-0.5,5.447354951200715,9.941297839792151,15.388652790992866
53,111.0,-0.33070785,-0.1977334,-0.22042143,236.03,-122.9,-23.57278143690151,7.448224982461168,-307.56,-117.23,-45.33045870316161,14.322936641272824,15.0,17.994144846962882,8.100000000000001,-11.723677475600358,-0.5,-2.9941448469628824,-38.57278143690151,-41.56692628386439
53,111.0,-0.32565221,-0.19698611,-0.21956956,244.72000000000003,-130.07,-24.011250155322173,7.533588995538281,-307.56,-117.23,-46.17363404868454,14.487091638420114,18.0,18.656641642794384,9.72,-11.723677475600358,-0.5,-0.6566416427943835,-42.01125015532217,-42.66789179811656
53,111.0,-0.32625026,-0.19505163,-0.22059041,249.54999999999995,-132.85,-24.40430143771835,7.63010546328791,-307.56,-117.23,-46.92947166473239,14.672692805902653,18.0,19.024864833112687,9.72,-11.723677475600358,-0.5,-1.0248648331126873,-42.404301437718345,-43.42916627083103
53,112.0,-0.2960552,-0.16991176,-0.23900014,285.83000000000004,-172.11,7.373796534298413,2.395954563780438,285.83000000000004,-172.11,14.179810735455847,4.607420626149782,25.0,21.790731778195152,13.5,10.895365889097576,0.5,3.209268221804848,-17.626203465701586,-14.416935243896738
53,112.0,-0.29526991,-0.16658975,-0.24103776,290.92,-176.46,7.38272178376102,2.404985867557993,290.92,-176.46,14.196973990172442,4.62478782331402,25.0,22.178776506708648,13.5,11.089388253354324,0.5,2.8212234932913525,-17.61727821623898,-14.796054722947627
53,112.0,-0.30036822,-0.16743267,-0.24518034,293.29,-173.99,7.365846129096131,2.4219621475625908,293.29,-173.99,14.16452210625186,4.657433209762862,23.0,22.359457451026326,12.420000000000002,11.179728725513163,0.5,0.6405425489736736,-15.63415387090387,-14.993611321930196
53,112.0,-0.29441038,-0.16187218,-0.23865388,280.55999999999995,-152.36,26.548160487615142,8.22397624709973,280.55999999999995,-152.36,51.05211261768392,15.814706323172778,32.0,21.388964446315747,17.28,10.694482223157872,0.5,10.611035553684253,-5.451839512384858,5.159196041299396
53,112.0,-0.29387838,-0.16422518,-0.23841988,285.62,-159.54,27.122266783600416,8.395399162097165,285.62,-159.54,52.1561190248636,16.14435258871285,32.0,21.774722074268265,17.28,10.887361037134133,0.5,10.225277925731735,-4.877733216399584,5.347544709332151
53,112.0,-0.29206228,-0.1595892,-0.23731373,291.23,-177.98,27.48546713759012,8.617255216081622,291.23,-177.98,52.8545533055858,16.57098178052496,32.0,22.202409879172144,17.28,11.101204939586072,0.5,9.797590120827856,-4.5145328624098795,5.283057258417976
53,113.0,-0.30141839,-0.18353848,-0.21996531,296.82000000000005,-150.49,55.54235460292025,18.715552268559804,296.82000000000005,-150.49,106.80794790141564,35.99000701244051,32.0,22.628572950368696,17.28,11.314286475184348,0.5,9.371427049631304,23.54235460292025,32.91378165255155
53,113.0,-0.30250192,-0.18031842,-0.21933502,301.36,-152.53,57.54943767579265,19.164666349988472,301.36,-152.53,110.66756865054928,36.85365339102784,32.0,22.97468750193084,17.28,11.48734375096542,0.5,9.025312498069159,25.549437675792653,34.574750173861815
53,113.0,-0.30184531,-0.18037386,-0.22041091,308.87,-154.0,59.496949188193824,19.5517232842536,308.87,-154.0,114.41263328889671,37.59796387561967,32.0,23.54722500903032,17.28,11.77361250451516,0.5,8.45277499096968,27.496949188193824,35.9497241791635
53,114.0,-0.27620628,-0.17393067,-0.23082371,331.17999999999995,-190.02,7.321282974632112,2.417039189965917,331.17999999999995,-190.02,14.078827160217552,4.647966362304459,22.0,25.248065459548226,11.88,12.624032729774113,0.5,-3.2480654595482257,-14.678717025367888,-17.926782484916114
53,114.0,-0.27397043,-0.17341329,-0.23255654,332.17999999999995,-191.56,7.233835218500627,2.4302199918729004,332.17999999999995,-191.56,13.910665125176706,4.673313044371587,23.0,25.324302144914338,12.420000000000002,12.662151072457169,0.5,-2.3243021449143377,-15.766164781499374,-18.09046692641371
53,114.0,-0.27570212,-0.17615445,-0.2344647,331.58000000000004,-192.45,7.277578762867091,2.4435512774501817,331.58000000000004,-192.45,13.994783960993416,4.698949106536699,22.0,25.278560133694675,11.88,12.639280066847338,0.5,-3.2785601336946755,-14.72242123713291,-18.000981370827585
53,114.0,-0.27040398,-0.17090271,-0.24014558,365.37,-192.86,7.702155163123705,2.5687208159759107,365.37,-192.86,14.811244378686885,4.9396501291216754,32.0,27.854597732215524,17.28,13.927298866107762,0.5,4.145402267784476,-24.297844836876294,-20.152442569091818
53,114.0,-0.26872385,-0.16992609,-0.24156226,369.65,-192.95,7.7613035230128675,2.5865685354213457,369.65,-192.95,14.924986674753743,4.973971293615247,32.0,28.18089074558247,17.28,14.090445372791237,0.5,3.81910925441753,-24.238696476987133,-20.419587222569604
53,114.0,-0.26995358,-0.16840085,-0.24068633,369.91,-189.45,7.860998993273141,2.6000926147633123,369.91,-189.45,15.11670106406425,4.99997809818985,32.0,28.20071228377765,17.28,14.100356141888827,0.5,3.7992877162223486,-24.139001006726858,-20.339713290504513
53,114.0,-0.24297947,-0.13874517,-0.26104692,465.4,-181.76,9.212810357397368,3.0209222385206127,465.4,-181.76,17.716234317275138,5.809233464675139,32.0,35.48055336938748,17.28,17.74027668469374,0.5,-3.4805533693874793,-22.787189642602634,-26.267743011990113
53,114.0,-0.24258159,-0.13764611,-0.26328433,471.73,-181.37,9.363697771607454,3.0391647864114044,471.73,-181.37,18.006390814801133,5.844313884269131,32.0,35.96313158775496,17.28,17.98156579387748,0.5,-3.963131587754958,-22.636302228392545,-26.599433816147503
53,114.0,-0.24037164,-0.13599478,-0.26406085,408.91,-110.16,9.37751433522757,3.06175368626958,408.91,-110.16,18.032960066642616,5.887752338696402,37.0,31.173943013055936,19.98,15.586971506527968,0.5,5.826056986944064,-27.62248566477243,-21.796428677828366
53,114.0,-0.32008976,-0.19865136,-0.23214237,203.6,-137.15,34.98190748311731,11.621847647120124,408.91,-110.16,67.27020809003459,22.348813025412,18.0,15.521789140539948,9.72,15.586971506527968,0.5,2.4782108594600523,16.98190748311731,19.460118342577363
53,114.0,-0.32071066,-0.19680722,-0.2335804,205.88,-137.79,35.97909977292383,12.009728005821136,408.91,-110.16,69.18780886333253,23.094706955194045,20.0,15.695608783174675,10.8,15.586971506527968,0.5,4.304391216825325,15.979099772923831,20.283490989749154
53,114.0,-0.31796286,-0.19735131,-0.23435554,207.29,-134.39,36.91960119400208,12.375764212166429,408.91,-110.16,70.99639309606602,23.79859457999604,20.0,15.80310250954089,10.8,15.586971506527968,0.5,4.19689749045911,16.919601194002077,21.116498684461185
53,117.0,-0.28460115,-0.17530484,-0.22683071,306.17999999999995,-174.01,-37.61986049212433,15.063830227667884,306.17999999999995,-174.01,-72.3429917263551,28.96774552780534,25.0,23.342148325395485,13.5,11.671074162697742,-0.5,1.6578516746045153,-62.61986049212433,-60.962008817519816
53,117.0,-0.28212026,-0.1727991,-0.22715053,308.44000000000005,-172.9,-38.55809423210033,15.223316233477188,308.44000000000005,-172.9,-74.14721520832894,29.27443711697663,25.0,23.514443234322897,13.5,11.757221617161449,-0.5,1.485556765677103,-63.55809423210033,-62.07253746642323
53,117.0,-0.28685269,-0.17419107,-0.23016657,311.95000000000005,-172.19,-39.58211569789092,15.394437623834683,311.95000000000005,-172.19,-76.11640848704424,29.6035035506341,25.0,23.78203399995794,13.5,11.89101699997897,-0.5,1.2179660000420611,-64.58211569789091,-63.36414969784886
53,118.0,-0.25773412,-0.13812779,-0.24202189,419.9500000000001,-94.47,9.637743864991494,2.968663049864875,419.9500000000001,-94.47,18.53338145237864,5.708739044890154,45.0,32.0155960194978,24.3,16.0077980097489,0.5,12.9844039805022,-35.36225613500851,-22.377852154506307
53,118.0,-0.25619218,-0.13562405,-0.24230322,427.74,-90.64,9.681406747113003,2.988180633182959,427.74,-90.64,18.617345174698308,5.746271357610831,45.0,32.609479798499784,24.3,16.304739899249892,0.5,12.390520201500216,-35.318593252887,-22.928073051386782
53,118.0,-0.25498486,-0.13307601,-0.24231929,434.1,-90.81,9.78601620664743,3.005963940577326,434.1,-90.81,18.81850916538301,5.780468657730198,45.0,33.09434511742825,24.3,16.547172558714124,0.5,11.905654882571753,-35.21398379335257,-23.308328910780816
53,118.0,-0.27715147,-0.16964477,-0.23311573,351.69000000000005,-168.32,27.53716839992263,8.256620598620282,351.69000000000005,-168.32,52.95397483305122,15.877481411146803,20.0,26.811679876407144,10.8,13.405839938203572,0.5,-6.811679876407144,7.537168399922631,0.7254885235154873
53,118.0,-0.27657264,-0.16923693,-0.23248316,291.79,-89.88,28.10781259976596,8.468530656309504,291.79,-89.88,54.05132362934994,16.28498445208318,23.0,22.24510242297716,12.420000000000002,11.12255121148858,0.5,0.7548975770228417,5.1078125997659605,5.862710176788802
53,118.0,-0.27264711,-0.16915989,-0.23261645,298.24,-89.97999999999999,28.60843678349429,8.688812515409113,298.24,-89.97999999999999,55.01402393465952,16.708586467131727,20.0,22.73682904358857,10.8,11.368414521794287,0.5,-2.736829043588571,8.608436783494291,5.87160773990572
53,118.0,-0.24865055,-0.14190347,-0.26398686,365.86,-107.53,51.5262484924814,16.40706082626372,365.86,-107.53,99.08497585104172,31.55077796890513,35.0,27.89195370804492,18.9,13.945976854022458,0.5,7.10804629195508,16.5262484924814,23.63429478443648
53,118.0,-0.24762471,-0.1408084,-0.26644301,369.0,-107.13,53.36449288324469,16.90699054270071,369.0,-107.13,102.61991981447954,32.51214281361347,37.0,28.1313369000945,19.98,14.06566845004725,0.5,8.8686630999055,16.364492883244687,25.233155983150187
53,118.0,-0.24469815,-0.13734294,-0.26814783,372.84,-105.77,55.08358779388408,17.316107327885316,372.84,-105.77,105.92573932763908,33.29887439152346,38.0,28.42408577190036,20.520000000000003,14.21204288595018,0.5,9.575914228099641,17.083587793884078,26.65950202198372
53,119.0,-0.19476774,-0.11514156,-0.27493823,803.6500000000001,-185.66,11.892323208640988,4.2298866198224045,803.6500000000001,-185.66,22.86893753021662,8.134071969918484,45.0,55.02954541439218,24.3,27.51477270719609,0.5,-10.029545414392182,-33.10767679135901,-43.13722220575119
53,119.0,-0.19355129,-0.11538541,-0.27530405,721.54,-105.72,11.983589303428948,4.272798697516814,721.54,-105.72,23.044442230493868,8.216591895324834,43.0,51.899648296686536,23.22,25.949824148343268,0.5,-8.899648296686536,-31.01641069657105,-39.916058993257586
53,119.0,-0.19320622,-0.11490333,-0.27588692,-475.75,-268.25,12.00437576123481,4.320976398044818,-475.75,-268.25,23.08441458885454,8.309237613440185,41.0,-36.26960306292671,22.14,-18.13480153146336,0.5,77.2696030629267,-28.99562423876519,48.273978824161524
53,119.0,-0.26732296,-0.3129921,-0.34441173,-355.08000000000004,233.61,44.2138724627105,16.75652160326107,-355.08000000000004,233.61,85.02327674579229,32.22279104307104,-24.0,-27.07012223979825,-12.96,-13.535061119899126,0.5,3.0701222397982484,68.2138724627105,71.28399470250875
53,119.0,-0.25840387,-0.37299579,-0.33407474,-354.21000000000004,235.91,45.4930876362291,17.13620541546391,-354.21000000000004,235.91,87.48320752446855,32.952923013937095,-29.0,-27.003796323529738,-15.66,-13.501898161764869,0.5,-1.9962036764702624,74.49308763622909,72.49688395975883
53,119.0,-0.2571803,-0.4084433,-0.32884648,-521.85,-91.89,46.997680957678895,17.60241655291531,-521.85,-91.89,90.37654048161652,33.84944703125615,-30.0,-39.78411425830437,-16.200000000000003,-19.892057129152185,0.5,9.78411425830437,76.9976809576789,86.78179521598327
53,1.0,-0.3375248,-0.36816677,-0.25610945,-266.25,-94.8,-8.80960386482533,1.1533971525337423,-266.25,-94.8,-16.94086823205911,2.217982724322387,-16.0,-20.29801747872672,-8.64,-10.14900873936336,-0.5,4.29801747872672,7.1903961351746695,11.48841361390139
53,1.0,-0.33212033,-0.36352783,-0.25620273,-267.05,-94.88,-8.836849783696122,1.1574924572265015,-267.05,-94.88,-16.993262134047644,2.225857995246562,-16.0,-20.35900682701961,-8.64,-10.179503413509805,-0.5,4.359006827019609,7.163150216303878,11.522157043323487
53,1.0,-0.32963893,-0.36255068,-0.2568762,-277.11,-90.92,-8.864429142073638,1.1616159116322016,-277.11,-90.92,-17.046297240207604,2.233787398068724,-16.0,-21.12594788180268,-8.64,-10.56297394090134,-0.5,5.125947881802681,7.135570857926362,12.261518739729043
53,1.0,-0.33211228,-0.36784434,-0.26199487,-286.3,-94.0,-9.728383449233265,1.231339668547406,-286.3,-94.0,-18.70768137287557,2.3678661826166625,-16.0,-21.82656302031722,-8.64,-10.91328151015861,-0.5,5.82656302031722,6.271616550766735,12.098179571083955
53,1.0,-0.33107227,-0.36866769,-0.261253,-288.07,-93.56,-9.711603486991294,1.2364739911297704,-288.07,-93.56,-18.675413505484254,2.3777394849425484,-16.0,-21.96150195341524,-8.64,-10.980750976707618,-0.5,5.96150195341524,6.288396513008706,12.249898466423947
53,1.0,-0.33323684,-0.36812422,-0.26009583,-290.66,-92.97,-9.743468075501369,1.241177341094101,-290.66,-92.97,-18.736689109189133,2.386784026923956,-16.0,-22.15895496851346,-8.64,-11.07947748425673,-0.5,6.158954968513459,6.256531924498631,12.41548689301209
53,1.0,-0.31936336,-0.14826092,-0.23517244,316.86,-143.67,-17.710025007109266,2.550342344261253,316.86,-143.67,-34.05637808867112,4.904308328014389,27.0,24.15635612510554,14.580000000000002,12.07817806255277,-0.5,2.843643874894461,-44.710025007109266,-41.866381132214805
53,1.0,-0.31790918,-0.1476586,-0.23493814,319.79999999999995,-146.21,-17.81500721617465,2.568530226982517,319.79999999999995,-146.21,-34.25825887670385,4.939283626487383,27.0,24.380491980081896,14.580000000000002,12.190245990040948,-0.5,2.6195080199181042,-44.81500721617465,-42.19549919625655
53,1.0,-0.31822047,-0.14701304,-0.23506728,318.89,-147.75,-17.92120039880865,2.5869522856351352,318.89,-147.75,-34.46246836690904,4.974709245276365,29.0,24.311116596398737,15.66,12.155558298199368,-0.5,4.688883403601263,-46.92120039880865,-42.232316995207384
53,2.0,-0.30731729,-0.3894465,-0.2658658,316.67999999999995,-95.35,16.97424714817903,2.736772997546071,316.67999999999995,-95.35,32.641477265948275,5.262814474281095,-26.0,24.14263352173964,-14.04,12.071316760869818,0.5,-50.14263352173964,42.97424714817903,-7.168386373560612
53,2.0,-0.3064186,-0.39073256,-0.26579571,299.72,-79.00999999999999,17.150215547809818,2.756182733711242,299.72,-79.00999999999999,32.97986449843828,5.300139396926719,-26.0,22.84965933793042,-14.04,11.42482966896521,0.5,-48.84965933793042,43.15021554780982,-5.6994437901206005
53,2.0,-0.30582836,-0.39172819,-0.26803145,304.71000000000004,-88.49000000000001,17.258635763342912,2.775844162038596,304.71000000000004,-88.49000000000001,33.18835657290842,5.337948323600221,-26.0,23.230080397907305,-14.04,11.615040198953652,0.5,-49.2300803979073,43.25863576334291,-5.971444634564392
53,5.0,-0.26235661,-0.10017514,-0.24710804,418.22,-136.02,13.730857586108586,2.104768023670599,418.22,-136.02,26.40443913808681,4.047468909518562,45.0,31.883706553814424,24.3,15.941853276907212,0.5,13.116293446185576,-31.269142413891416,-18.152848967705836
53,5.0,-0.25825009,-0.09949774,-0.24591927,-237.83,-81.44,13.730965217087498,2.116684470758288,418.22,-136.02,26.404646112459258,4.070384237268188,45.0,-18.13137088062188,24.3,15.941853276907212,0.5,63.13137088062188,-31.269034782912502,31.862336097709377
53,5.0,-0.25502348,-0.09880842,-0.24675529,-548.4,-69.74000000000001,13.800537774142931,2.128727994012329,-548.4,-69.74000000000001,26.53843413967686,4.093543932485709,45.0,-41.80819825477459,24.3,-20.90409912738729,0.5,86.8081982547746,-31.19946222585707,55.60873602891752
53,6.0,-0.31819007,-0.1471055,-0.25270113,330.37,-134.59,9.685514733992967,1.4347814961375611,330.37,-134.59,18.62524483346848,2.75908481707253,22.0,25.18631374440168,11.88,12.593156872200838,0.5,-3.18631374440168,-12.314485266007033,-15.500799010408713
53,6.0,-0.31756225,-0.14653113,-0.25439423,331.51,-135.47,9.72030871808055,1.440517589910156,331.51,-135.47,18.6921536648689,2.7701153253972306,22.0,25.273223565719043,11.88,12.63661178285952,0.5,-3.273223565719043,-12.27969128191945,-15.552914847638492
53,6.0,-0.31938279,-0.14728001,-0.25551504,331.67999999999995,-131.59,9.75566270379538,1.4463032395569728,331.67999999999995,-131.59,18.76013937939852,2.781241129668059,20.0,25.28618380223128,10.8,12.64309190111564,0.5,-5.286183802231282,-10.24433729620462,-15.530521098435901
53,6.0,-0.30655938,-0.11100549,-0.2478081,362.59,-143.01,19.139120784156685,3.083664126134039,362.59,-143.01,36.8045292679333,5.929886114555757,38.0,27.64265974689774,20.520000000000003,13.82132987344887,0.5,10.357340253102262,-18.860879215843315,-8.503538962741054
53,6.0,-0.30620924,-0.11102593,-0.24755332,364.62,-145.22,19.272164500243772,3.107723919533612,364.62,-145.22,37.06037233396878,5.976153097263136,38.0,27.79742021819094,20.520000000000003,13.89871010909547,0.5,10.20257978180906,-18.727835499756228,-8.525255717947168
53,7.0,-0.30558339,-0.10943559,-0.24978191,363.94000000000005,-145.31,10.863190543746258,1.280690101860282,363.94000000000005,-145.31,20.889915415624056,2.462767065877322,40.0,27.74557927214199,21.6,13.872789636070994,0.5,12.254420727858012,-29.136809456253744,-16.882388728395732
53,7.0,-0.2836329,-0.11496612,-0.2386167,407.18,-135.21,22.38364195121699,3.1938177369687395,407.18,-135.21,43.04374347219027,6.141711508190884,41.0,31.042053547372568,22.14,15.521026773686284,0.5,9.957946452627432,-18.61635804878301,-8.658411596155577
53,7.0,-0.28374714,-0.11258937,-0.23797664,411.18,-134.7,22.562625233278897,3.226128048290421,411.18,-134.7,43.38792832359532,6.20384423686248,45.0,31.347000288837005,24.3,15.673500144418504,0.5,13.652999711162995,-22.437374766721103,-8.784375055558108
53,7.0,-0.28431264,-0.11212539,-0.23794831,410.55,-134.38,22.74460810027074,3.2589947823736978,410.55,-134.38,43.73788137682063,6.267046966504623,45.0,31.29897117705635,24.3,15.649485588528176,0.5,13.701028822943648,-22.25539189972926,-8.554363076785613
53,8.0,-0.24032627,-0.09393398,-0.249074,438.6600000000001,-133.77,32.17899924138183,5.426678309155804,438.6600000000001,-133.77,61.88021554117727,10.435502388506611,45.0,33.44198440269771,24.3,16.720992201348857,0.5,11.558015597302287,-12.821000758618169,-1.262985161315882
53,8.0,-0.24127811,-0.09207054,-0.24876313,184.74,-111.38,32.53107365997808,5.486466160550517,438.6600000000001,-133.77,62.55725464813784,10.550474426738642,45.0,14.083965254535116,24.3,16.720992201348857,0.5,30.916034745464884,-12.468926340021923,18.44710840544296
53,8.0,-0.24149562,-0.09027711,-0.2513442,46.92999999999995,-84.57,32.960320081114354,5.547152927945286,438.6600000000001,-133.77,63.3826955159829,10.667175080438785,45.0,3.577787644231527,24.3,16.720992201348857,0.5,41.42221235576847,-12.039679918885646,29.382532436882826
53,9.0,-0.24986085,-0.08093851,-0.2572712,67.34000000000003,-106.04,40.220327772417534,6.667365141778561,,,77.34369030635892,12.821343167640173,45.0,5.133778392553833,24.3,,0.5,39.866221607446164,-4.779672227582466,35.0865493798637
53,9.0,-0.24554998,-0.07762711,-0.25511548,63.190000000000055,-104.8,40.66641352115249,6.742192271704056,,,78.20151320117624,12.965235738486896,45.0,4.817396148284479,24.3,,0.5,40.18260385171552,-4.333586478847508,35.84901737286801
53,9.0,-0.24412715,-0.07761025,-0.25465003,58.92999999999995,-107.98,41.26205060461507,6.817516429896585,,,79.34692331267478,13.110084094691132,45.0,4.492627868624844,24.3,,0.5,40.507372131375156,-3.7379493953849305,36.769422735990226
53,10.0,-0.27109015,-0.08387473,-0.25331569,648.9100000000001,-176.5,45.59119746054512,7.397666661005758,648.9100000000001,-176.5,87.67187271662826,14.225712989114072,45.0,49.13111306761626,24.3,24.56555653380813,0.5,-4.131113067616262,0.5911974605451178,-3.539915607071144
53,10.0,-0.26936218,-0.08160435,-0.25289986,660.54,-183.82,46.15316790248437,7.475160439378527,660.54,-183.82,88.75254187647745,14.374733524924906,45.0,49.57442939302019,24.3,24.78721469651009,0.5,-4.574429393020189,1.1531679024843697,-3.4212614905358194
53,10.0,-0.26542804,-0.0800565,-0.25099695,77.14999999999998,106.19,46.797720657456125,7.5524492733079,660.54,-183.82,89.99201682428813,14.523359952571091,45.0,5.881660275995365,24.3,24.78721469651009,0.5,39.118339724004635,1.797720657456125,40.91606038146076
53,10.0,-0.23028056,-0.06103372,-0.25071573,53.98000000000002,-103.03,56.38311115057109,8.470760491417042,660.54,-183.82,108.4247227425482,16.28927242499497,45.0,4.115256276062606,24.3,24.78721469651009,0.5,40.88474372393739,11.38311115057109,52.26785487450849
53,10.0,-0.2312776,-0.06147229,-0.25272071,57.59000000000003,-101.68,57.173955723159786,8.52789805445266,660.54,-183.82,109.94551685563628,16.39914795871246,45.0,4.390470710234263,24.3,24.78721469651009,0.5,40.60952928976574,12.173955723159786,52.783485012925524
53,10.0,-0.22693732,-0.06047577,-0.25213057,62.25999999999999,-104.23,58.05129998587056,8.581754110491783,660.54,-183.82,111.63264987282908,16.502713154475693,45.0,4.746496030893993,24.3,24.78721469651009,0.5,40.253503969106006,13.051299985870557,53.30480395497656
53,10.0,-0.22131759,-0.05600058,-0.25601256,776.1300000000001,-154.52,63.6687791161808,8.821319987580843,776.1300000000001,-154.52,122.43506224041568,16.96339833611796,-45.0,53.98052862375451,-24.3,26.99026431187725,0.5,-98.98052862375451,108.6687791161808,9.688250492426292
53,10.0,-0.21861304,-0.05531798,-0.25493187,792.53,-159.83,64.66480500390671,8.844373880589814,792.53,-159.83,124.3504200225126,17.007730972374205,-45.0,54.60566944375661,-24.3,27.302834721878305,0.5,-99.60566944375661,109.66480500390671,10.059135560150096
53,10.0,-0.21859512,-0.05669739,-0.25520992,804.0899999999999,-146.11,65.60745809675109,8.861687908332861,804.0899999999999,-146.11,126.16314192005234,17.0410258477241,-45.0,55.04631748517272,-24.3,27.52315874258636,0.5,-100.04631748517272,110.60745809675109,10.561140611578367
53,12.0,-0.26469997,-0.0734825,-0.25577611,407.02,-110.45,13.998060377547915,2.1199462282215507,407.02,-110.45,26.918270106024643,4.076656596870041,45.0,31.029855677713982,24.3,15.514927838856991,0.5,13.970144322286018,-31.001939622452085,-17.031795300166067
53,12.0,-0.26246047,-0.07637091,-0.255651,412.04,-113.92,13.999517350524115,2.132018803717898,412.04,-113.92,26.92107186505788,4.099872159549518,45.0,31.41256383825186,24.3,15.70628191912593,0.5,13.58743616174814,-31.000482649475885,-17.413046487727744
53,12.0,-0.26077238,-0.0782136,-0.25619465,417.26,-113.88,14.139699616159136,2.1442154628707613,417.26,-113.88,27.190642361874016,4.123326335100474,45.0,31.81051933586296,24.3,15.905259667931478,0.5,13.18948066413704,-30.860300383840865,-17.67081971970382
53,13.0,-0.32308203,-0.14818025,-0.25281015,66.70000000000005,-75.52000000000001,9.371958012139494,1.4497874448275412,,,18.022275257344248,2.7879412564033617,15.0,5.084986913919524,8.100000000000001,,0.5,9.915013086080476,-5.628041987860506,4.28697109821997
53,13.0,-0.3225753,-0.14678551,-0.2514371,60.14999999999998,-75.52000000000001,9.40990626248253,1.4563020402884086,,,18.095249742753904,2.8004688234746107,18.0,4.5856366247715,9.72,,0.5,13.4143633752285,-8.59009373751747,4.824269637711029
53,13.0,-0.32030627,-0.14836562,-0.25115275,61.46000000000004,-77.71000000000001,9.4189879421047,1.4628697971253888,,,18.112713812667337,2.8130986198721226,18.0,4.685506682601108,9.72,,0.5,13.314493317398892,-8.5810120578953,4.733481259503591
53,13.0,-0.3016831,-0.13686523,-0.26001886,227.83000000000004,-114.16,19.479370803492337,3.3576982111233957,,,37.45883005511576,6.456853659990289,27.0,17.369004026960788,14.580000000000002,,0.5,9.630995973039212,-7.520629196507663,2.1103667765315492
53,13.0,-0.29958877,-0.13652921,-0.26089343,245.34000000000003,-106.9,19.631354581886285,3.3890760135505147,,,37.75109486096733,6.517193174057638,29.0,18.70390838772137,15.66,,0.5,10.29609161227863,-9.368645418113715,0.927446194164915
53,13.0,-0.29889211,-0.13799602,-0.26208073,246.96000000000004,-110.61,19.77571780390625,3.415128655372982,,,38.02870533691172,6.567292404282245,27.0,18.82741181801447,14.580000000000002,,0.5,8.172588181985532,-7.22428219609375,0.9483059858917819
53,14.0,-0.27249229,-0.11513775,-0.25765553,390.8299999999999,-96.38,27.356535897900294,4.798417744150861,390.8299999999999,-96.38,52.60661853166226,9.227357322002106,41.0,29.795583741636676,22.14,14.897791870818336,0.5,11.204416258363324,-13.643464102099706,-2.4390478437363825
53,15.0,-0.28101027,-0.11906897,-0.26662618,394.1500000000001,-100.75,12.616329551562664,2.024630846834316,394.1500000000001,-100.75,24.261201727655003,3.893365118462389,26.0,30.04868953705217,14.04,15.024344768526085,0.5,-4.048689537052169,-13.383670448437336,-17.432359985489505
53,15.0,-0.27171278,-0.11455298,-0.26213446,401.3499999999999,-106.36,12.655826500754582,2.0381349984904293,401.3499999999999,-106.36,24.33715436095106,3.919333602097096,25.0,30.59759367168814,13.5,15.29879683584407,0.5,-5.597593671688141,-12.344173499245418,-17.94176717093356
53,15.0,-0.24781699,-0.09930041,-0.24334504,377.83,-115.4,36.27430959206343,6.508223650708203,377.83,-115.4,69.75549734553796,12.515314080311878,45.0,28.80450683187725,24.3,14.402253415938626,0.5,16.19549316812275,-8.725690407936568,7.46980276018618
53,15.0,-0.24812931,-0.09975041,-0.24398585,-563.75,-303.0,36.78679397807786,6.5954676128927705,-563.75,-303.0,70.74100481984372,12.6830842195928,45.0,-42.978431375144375,24.3,-21.489215687572187,0.5,87.97843137514437,-8.21320602192214,79.76522535322223
53,15.0,-0.24740547,-0.09662675,-0.24463323,74.03999999999996,-105.55,37.12875573277186,6.66777594124693,-563.75,-303.0,71.39859727412028,12.822133135017848,-31.0,5.644564184506764,-16.740000000000002,-21.489215687572187,0.5,-36.64456418450676,68.12875573277185,31.484191548265095
53,17.0,-0.30737853,-0.12030934,-0.24997254,-113.24,-96.58,10.086872476706958,1.2502022200978669,,,19.39705577270748,2.4041388692481966,37.0,-8.633042250858269,19.98,,0.5,45.63304225085827,-26.913127523293042,18.719914727565225
53,17.0,-0.30443442,-0.1210726,-0.24972078,-130.57999999999998,-95.27,10.14375905031347,1.2555910777259598,,,19.5064486537528,2.4145016424670214,37.0,-9.95498637510661,19.98,,0.5,46.954986375106614,-26.85624094968653,20.09874542542008
53,17.0,-0.30438808,-0.12115795,-0.24950615,-190.38,-98.53,10.15085209855186,1.2600335288240396,,,19.52008858551523,2.423044475928629,38.0,-14.513940159999976,20.520000000000003,,0.5,52.513940159999976,-27.84914790144814,24.664792258551834
53,17.0,-0.25171027,-0.42567217,-0.29943874,-136.22000000000003,-38.52000000000001,22.21269005677337,3.3163230485710926,,,42.71500297917519,6.377289222402212,-39.0,-10.384961280571472,-21.06,,0.5,-28.615038719428526,61.21269005677337,32.59765133734484
53,17.0,-0.25150004,-0.42663306,-0.30096802,36.92999999999995,-45.63999999999999,22.4221891592117,3.3555216460932407,,,43.1178697531641,6.452668125437299,-39.0,2.815420790570429,-21.06,,0.5,-41.81542079057043,61.4221891592117,19.606768368641273
53,17.0,-0.25379694,-0.42931965,-0.30132437,39.75999999999999,-44.06999999999999,22.596307469788844,3.388170733484152,,,43.45269926440395,6.515452320490024,-39.0,3.031170610156523,-21.06,,0.5,-42.03117061015652,61.59630746978884,19.56513685963232
53,19.0,-0.26585987,-0.09449607,-0.2483726,451.9,-119.98,13.468985154459082,2.687403907356096,451.9,-119.98,25.900858452024814,5.1678777138457725,45.0,34.451358116944995,24.3,17.225679058472497,0.5,10.548641883055005,-31.531014845540916,-20.98237296248591
53,19.0,-0.29955086,-0.11632586,-0.28005746,461.13,-119.51,13.592175655823825,2.703643270332893,461.13,-119.51,26.13775378614921,5.199106008850153,26.0,35.15502272287419,14.04,17.577511361437097,0.5,-9.155022722874193,-12.407824344176175,-21.56284706705037
53,19.0,-0.27725714,-0.10324644,-0.26126343,471.4500000000001,-121.82,13.658970597299913,2.721713413157019,471.4500000000001,-121.82,26.26620045860773,5.233854893500947,29.0,35.94178531585245,15.66,17.970892657926225,0.5,-6.941785315852449,-15.341029402700087,-22.282814718552537
53,20.0,-0.28176287,-0.43577424,-0.28201672,-249.19,-92.91,-13.47786348456104,2.015210361940028,,,-25.91793148081088,3.875249526010675,-34.0,-18.99741962638089,-18.36,,-0.5,-15.00258037361911,20.52213651543896,5.51955614181985
53,20.0,-0.28123847,-0.43750179,-0.28244591,3.840000000000032,-71.24000000000001,-13.5490581538609,2.0271765656507066,,,-26.05483882987451,3.898260535746308,-35.0,0.2927488718058639,-18.9,,-0.5,-35.29274887180586,21.450941846139102,-13.841807025666764
53,20.0,-0.28160056,-0.43702281,-0.2820687,8.57000000000005,-82.97999999999999,-13.614513750589952,2.0381746316077445,,,-26.18070994238448,3.919409816581693,-35.0,0.6533483935875644,-18.9,,-0.5,-35.653348393587564,21.38548624941005,-14.267862144177515
53,20.0,-0.27237371,-0.4404082,-0.29254082,29.799999999999955,-99.49,-15.151501656059471,2.2990736830675083,,,-29.136337684602367,4.421118692538819,-34.0,2.271853223910067,-18.36,,-0.5,-36.271853223910064,18.848498343940527,-17.423354879969537
53,20.0,-0.26712871,-0.4387663,-0.29138419,30.980000000000015,-102.78,-15.175921075128263,2.312980022636409,,,-29.18329622747165,4.447860583529813,-35.0,2.3618125126420817,-18.9,,-0.5,-37.36181251264208,19.824078924871735,-17.537733587770344
53,20.0,-0.2629123,-0.43526876,-0.28980142,-31.33000000000004,-90.74,-15.257458865973412,2.3270344290889886,,,-29.340093399266877,4.474887207138126,-34.0,-2.3884953525202217,-18.36,,-0.5,-31.611504647479777,18.742541134026588,-12.86896351345319
53,20.0,-0.25393927,-0.44912624,-0.29316849,43.71000000000004,-97.84,-16.46015183897276,2.540068267759815,,,-31.652871986344618,4.884551278902125,-37.0,3.33230551735266,-19.98,,-0.5,-40.33230551735266,20.53984816102724,-19.79245735632542
53,20.0,-0.25190684,-0.4484247,-0.294368,42.54999999999996,-96.31,-16.45969211515996,2.555100892857574,,,-31.651987937452603,4.913459016965117,-37.0,3.2438709623279665,-19.98,,-0.5,-40.24387096232797,20.54030788484004,-19.703563077487928
53,20.0,-0.25219482,-0.44679946,-0.29360217,42.92999999999995,-95.53,-16.566806902148915,2.5737018885624403,,,-31.857969672832365,4.949228731705572,-37.0,3.272840902767088,-19.98,,-0.5,-40.272840902767086,20.433193097851085,-19.839647804916005
53,20.0,-0.24872267,-0.43541405,-0.29308674,75.59000000000003,-85.16,-17.854013174531648,2.756852758569588,,,-34.33326733462436,5.301427854729319,-35.0,5.762731046824238,-18.9,,-0.5,-40.762731046824236,17.145986825468352,-23.616744221355887
53,20.0,-0.25317118,-0.43620822,-0.29735681,68.23000000000002,-87.19,-17.931742164046234,2.7743141148695347,,,-34.48274018146091,5.335006042894117,-35.0,5.20162904252967,-18.9,,-0.5,-40.20162904252967,17.068257835953766,-23.133371206575905
53,20.0,-0.25265867,-0.38941228,-0.31134838,76.60000000000002,-83.22999999999999,-18.096307229843084,2.7939611494099346,,,-34.79919880298825,5.372787290315305,-18.0,5.839730099044009,-9.72,,-0.5,-23.839730099044008,-0.09630722984308449,-23.936037328887092
53,21.0,-0.25344756,-0.42013955,-0.31725517,-3.090000000000032,-101.73,-15.829952757983026,2.413919581890908,,,-30.44099915360136,4.6419673559762185,-34.0,-0.2355713577812815,-18.36,,-0.5,-33.76442864221872,18.170047242016974,-15.594381400201744
53,21.0,-0.25249466,-0.42235181,-0.31810629,-3.67999999999995,-102.57,-15.93525407814212,2.429156087007919,,,-30.64349359226729,4.671267155316228,-34.0,-0.28055100214728,-18.36,,-0.5,-33.71944899785272,18.064745921857877,-15.65470307599484
53,21.0,-0.2496649,-0.42096868,-0.31820968,42.75,-105.81,-16.066390046970145,2.44457038405992,,,-30.89566806032359,4.7009088485472255,-34.0,3.259118299401192,-18.36,,-0.5,-37.259118299401194,17.933609953029855,-19.325508346371336
53,21.0,-0.23787239,-0.41847071,-0.32352039,40.82000000000005,-64.30000000000001,-17.0496868226932,2.678910601095219,,,-32.78654776003903,5.151545085906106,-35.0,3.111981496644604,-18.9,,-0.5,-38.1119814966446,17.9503131773068,-20.161668319337803
53,21.0,-0.2390507,-0.40662739,-0.33406681,-7.850000000000023,-63.900000000000006,-17.135117473339786,2.699182348341818,,,-32.95083090123241,5.190527655861315,-31.0,-0.5984579801239633,-16.740000000000002,,-0.5,-30.401542019876036,13.864882526660214,-16.536659493215822
53,21.0,-0.24885954,-0.37480679,-0.33532518,-2.009999999999991,-67.11000000000001,-17.183248264921268,2.717855427677124,,,-33.0433864134436,5.226435987423109,-26.0,-0.1532357375858799,-14.04,,-0.5,-25.84676426241412,8.816751735078732,-17.030012527335387
53,22.0,-0.27178612,-0.12703681,-0.26580045,399.05,-98.76,12.459392029910704,2.033095780537195,399.05,-98.76,23.959410873518284,3.9096431859730254,32.0,30.42224929534609,17.28,15.211124647673046,0.5,1.5777507046539085,-19.540607970089297,-17.96285726543539
53,22.0,-0.27100778,-0.12751052,-0.26491928,304.0,-91.13,12.549264809955524,2.0432590946993736,304.0,-91.13,24.132236229544475,3.9291872391068967,32.0,23.175952351297365,17.28,11.587976175648684,0.5,8.824047648702635,-19.450735190044476,-10.626687541341841
53,22.0,-0.26815057,-0.12831511,-0.26425782,-40.870000000000005,775.0999999999999,12.548727153999502,2.05581479157829,304.0,-91.13,24.13120231714104,3.953331844205051,37.0,-3.115793330912906,19.98,11.587976175648684,0.5,40.11579333091291,-24.4512728460005,15.664520484912408
53,22.0,-0.28721577,-0.394757,-0.28895178,-241.98,-95.39,29.49851826708292,5.234274806160572,304.0,-91.13,56.72565062760046,10.065510452246784,-26.0,-18.44775312489124,-14.04,11.587976175648684,0.5,-7.552246875108761,55.498518267082915,47.94627139197416
53,22.0,-0.28729793,-0.39770097,-0.28878206,-32.50999999999999,-57.03999999999999,29.817173893937017,5.293689633029569,304.0,-91.13,57.33842539804088,10.17976516431586,-26.0,-2.4784546412522275,-14.04,11.587976175648684,0.5,-23.521545358747773,55.81717389393702,32.295628535189245
53,22.0,-0.28486446,-0.39841619,-0.28915936,-28.539999999999964,-69.11000000000001,30.176163200032747,5.360133042410251,304.0,-91.13,58.028761833662976,10.307535840554907,-29.0,-2.1757950003487694,-15.66,11.587976175648684,0.5,-26.82420499965123,59.17616320003275,32.35195820038152
53,23.0,-0.26419082,-0.4136048,-0.29713526,-30.99000000000001,-100.87,-12.03235187647194,1.822829405993976,,,-23.138212658455544,3.5053009477264165,-32.0,-2.362574879495742,-17.28,,-0.5,-29.637425120504258,19.967648123528058,-9.669776996976198
53,23.0,-0.26498443,-0.41615719,-0.29899985,-23.94000000000005,-100.81,-12.155344759714186,1.8318180964244608,,,-23.37472797293038,3.5225861994242376,-32.0,-1.825106247664672,-17.28,,-0.5,-30.17489375233533,19.844655240285814,-10.330238512049513
53,23.0,-0.26364949,-0.41552582,-0.30044371,-8.600000000000023,-100.99,-12.208323490032305,1.8408877455973185,,,-23.47660607133212,3.540027134783644,-32.0,-0.6556354941485456,-17.28,,-0.5,-31.344364505851456,19.791676509967694,-11.552687995883758
53,23.0,-0.32983372,-0.21693265,-0.23711656,169.32000000000005,-119.39,-25.647222453675933,4.112297146866519,,,-49.31960877841882,7.9079474134243135,11.0,12.908395566189707,5.94,,-0.5,-1.9083955661897072,-36.64722245367594,-38.55561801986564
53,23.0,-0.33099398,-0.218284,-0.23645435,167.42999999999995,-119.19,-25.847772592179247,4.147056877674103,,,-49.705266694760695,7.974790375767302,11.0,12.764308230847751,5.94,,-0.5,-1.7643082308477513,-36.84777259217925,-38.612080823027
53,23.0,-0.33105987,-0.21841325,-0.23528987,169.45000000000005,-115.74,-26.096753431863583,4.190196277745102,,,-50.18405684947367,8.057747442103832,11.0,12.9183063352873,5.94,,-0.5,-1.9183063352872995,-37.09675343186358,-39.01505976715088
53,25.0,-0.27762339,-0.11079304,-0.24353623,54.16999999999996,-104.93,13.659982794123549,2.2651835768394024,,,26.26814691309958,4.355948018262172,45.0,4.129741246282162,24.3,,0.5,40.870258753717835,-31.34001720587645,9.530241547841387
53,25.0,-0.27693123,-0.10850911,-0.24384491,53.65999999999997,-104.14,13.659326370534464,2.276377111010758,,,26.26688461053777,4.377473184473688,45.0,4.090860536745447,24.3,,0.5,40.909139463254554,-31.340673629465535,9.568465833789016
53,25.0,-0.27103615,-0.11089373,-0.24477386,53.40999999999997,-106.59,13.724851665771398,2.2876754486364765,,,26.3928897532784,4.399199887727944,41.0,4.071801365403919,22.14,,0.5,36.92819863459608,-27.275148334228604,9.653050300367479
53,25.0,-0.26791629,-0.13704693,-0.26104236,54.440000000000055,-90.07,42.58777915309426,6.562226418849175,,,81.89629931140027,12.61916140344696,45.0,4.150325151331019,24.3,,0.5,40.84967484866898,-2.41222084690574,38.43745400176324
53,25.0,-0.26619291,-0.13684371,-0.26163188,54.78999999999997,-93.4,43.07246091041414,6.612404653651602,,,82.82834233072639,12.715654148972028,45.0,4.177007991209151,24.3,,0.5,40.82299200879085,-1.9275390895858635,38.895452919204985
53,25.0,-0.26597932,-0.13509165,-0.26254329,53.01999999999998,-95.37,43.63407809041232,6.662032051388831,,,83.90833216786288,12.811087634820716,45.0,4.042069058111138,24.3,,0.5,40.95793094188886,-1.3659219095876765,39.592009032301185
53,27.0,-0.2811822,-0.10881994,-0.26359475,78.53999999999996,-89.41999999999999,12.276666505554532,2.186091744775826,-397.25,-101.37,23.608029690181365,4.203854425203913,45.0,5.987629268654257,24.3,-15.142511630843549,0.5,39.01237073134574,-32.72333349444547,6.289037236900275
53,27.0,-0.28073213,-0.10821677,-0.26341933,78.39999999999998,-91.82,12.26772908468596,2.1965698303990875,-397.25,-101.37,23.590843029851104,4.224003783857446,45.0,5.976956132703003,24.3,-15.142511630843549,0.5,39.023043867297,-32.73227091531404,6.290772951982958
53,27.0,-0.28029135,-0.10836912,-0.26348439,65.78999999999996,-100.63,12.324726298766352,2.2071423298773727,-397.25,-101.37,23.700448672527692,4.244334700354187,45.0,5.015611530236358,24.3,-15.142511630843549,0.5,39.984388469763644,-32.67527370123365,7.309114768529994
53,27.0,-0.27173072,-0.4228358,-0.31425688,-397.25,-101.37,25.57954365488504,4.406222494034404,-397.25,-101.37,49.18946244834392,8.47316585602816,-32.0,-30.285023261687098,-17.28,-15.142511630843549,0.5,-1.7149767383129024,57.57954365488504,55.86456691657214
53,27.0,-0.26817921,-0.42285833,-0.31426179,-458.64,-108.31,25.783995219810414,4.442802647023422,-458.64,-108.31,49.58262280769544,8.54350949022604,-33.0,-34.96519337631258,-17.82,-17.48259668815629,0.5,1.9651933763125768,58.783995219810414,60.74918859612299
53,28.0,-0.26749629,-0.42664212,-0.31374013,-20.16999999999996,-2.1299999999999955,-16.07444268002778,1.9410867871478708,370.54,-139.69,-30.91115327369342,3.7327098916853543,-33.0,-1.5376939438344306,-17.82,14.124370697779153,-0.5,-31.46230605616557,16.92555731997222,-14.53674873619335
53,28.0,-0.26961991,-0.13840462,-0.25270548,370.54,-139.69,-56.96158054947893,7.90459491383319,370.54,-139.69,-109.53711939664798,15.200536019301223,45.0,28.248741395558305,24.3,14.124370697779153,-0.5,16.751258604441695,-101.96158054947892,-85.21032194503724
53,29.0,-0.27009654,-0.14103059,-0.2520493,370.28,-142.56,11.272518464713992,1.9413605853358389,370.28,-142.56,21.67705300764501,3.7332364056008185,45.0,28.228919857363117,24.3,14.114459928681557,0.5,16.771080142636883,-33.72748153528601,-16.956401392649127
53,29.0,-0.26806584,-0.14042972,-0.25225765,371.03,-142.42,11.325934932473876,1.9488711447978124,371.03,-142.42,21.779772875147263,3.7476792114461936,45.0,28.286097371387697,24.3,14.143048685693849,0.5,16.713902628612303,-33.67406506752612,-16.96016243891382
53,30.0,-0.26315436,-0.12779537,-0.25546464,417.06,-134.34,12.858446166616908,2.235405828508159,417.06,-134.34,24.726791978404314,4.298685408221191,45.0,31.79527199878973,24.3,15.897635999394865,0.5,13.20472800121027,-32.14155383338309,-18.936825832172822
53,30.0,-0.26363489,-0.12720874,-0.25762203,154.71000000000004,-103.76,12.984732483860968,2.2463530304620365,417.06,-134.34,24.96964056646464,4.319736877578496,45.0,11.794577592990844,24.3,15.897635999394865,0.5,33.20542240700915,-32.01526751613903,1.190154890870124
53,30.0,-0.26269495,-0.12678696,-0.25748688,90.82000000000004,-111.33,12.980597108495058,2.257402436279249,417.06,-134.34,24.961688239636,4.340984884964996,45.0,6.923815764950091,24.3,15.897635999394865,0.5,38.07618423504991,-32.01940289150494,6.056781343544967
53,30.0,-0.289673,-0.14169945,-0.26185066,93.61,-110.09,37.00131141420446,6.159186614601047,417.06,-134.34,71.15352184951517,11.844115859877816,30.0,7.136516117121535,16.200000000000003,15.897635999394865,0.5,22.863483882878466,7.001311414204459,29.864795297082924
53,31.0,-0.28393805,-0.14078408,-0.26157928,59.33000000000004,-108.42,11.65185220723668,3.246243219439972,,,22.40651179451614,6.242525710983066,32.0,4.523122542771294,17.28,,0.5,27.476877457228706,-20.34814779276332,7.128729664465385
53,31.0,-0.28163922,-0.13980736,-0.26221851,52.25999999999999,-109.92,11.70106399980934,3.260123922035465,,,22.50114607163336,6.2692183020742,32.0,3.9841291772328953,17.28,,0.5,28.015870822767106,-20.298936000190658,7.716934822576445
53,32.0,-0.27282721,-0.15268601,-0.25276056,337.49,-121.29,10.43499595699466,1.8209421340462315,337.49,-121.29,20.066497225300733,3.5016717237709027,45.0,25.729118944208384,24.3,12.864559472104192,0.5,19.270881055791616,-34.56500404300534,-15.294122987213724
53,32.0,-0.27053928,-0.15346733,-0.25385827,340.09000000000003,-121.79,10.562808205943206,1.8283193675278333,340.09000000000003,-121.79,20.312280180028782,3.515858143756024,45.0,25.92733432616027,24.3,12.963667163080135,0.5,19.07266567383973,-34.437191794056794,-15.364526120217064
53,32.0,-0.27135915,-0.15354082,-0.25328574,342.97,-126.42,10.538448270040403,1.8357545509524416,342.97,-126.42,20.26543602328769,3.5301560014815454,45.0,26.146895980014666,24.3,13.073447990007333,0.5,18.853104019985334,-34.461551729959595,-15.608447709974262
53,32.0,-0.28535262,-0.13503054,-0.25590381,349.02,-132.86,21.28832541582406,3.722063860690678,349.02,-132.86,40.93744977462966,7.157528804108175,45.0,26.608127926479625,24.3,13.304063963239813,0.5,18.391872073520375,-23.71167458417594,-5.319802510655567
53,32.0,-0.2844227,-0.13529198,-0.25537643,359.46000000000004,-137.89,21.38364554047152,3.749877930109154,359.46000000000004,-137.89,41.12075037432673,7.211015259599904,45.0,27.40403892170181,24.3,13.702019460850908,0.5,17.59596107829819,-23.61635445952848,-6.020393381230292
53,32.0,-0.28393164,-0.13510296,-0.25656044,358.92,-143.74,21.54684464695039,3.778048939215811,358.92,-143.74,41.4345822560856,7.265188110112007,45.0,27.36287111160411,24.3,13.681435555802056,0.5,17.63712888839589,-23.45315535304961,-5.816026464653721
53,34.0,-0.26229683,-0.11626893,-0.24750878,438.15,-142.29,13.884985192769864,2.4274171429050613,438.15,-142.29,26.70082652569645,4.667923165806432,41.0,33.403103693160986,22.14,16.701551846580493,0.5,7.596896306839014,-27.115014807230136,-19.51811850039112
53,34.0,-0.25973734,-0.11528461,-0.24719137,446.94000000000005,-142.01,13.941263082804614,2.4402186784798543,446.94000000000005,-142.01,26.809048908233272,4.692540518716761,41.0,34.0732241575291,22.14,17.03661207876455,0.5,6.926775842470903,-27.058736917195386,-20.131961074724483
53,34.0,-0.26495686,-0.11619535,-0.24887809,451.75,-143.73,14.02720211167585,2.453147857351504,451.75,-143.73,26.97430966075266,4.717403329686942,38.0,34.43992261414008,20.520000000000003,17.21996130707004,0.5,3.5600773858599197,-23.972797888324152,-20.412720502464232
53,34.0,-0.24233721,-0.07869357,-0.26650232,145.49,-151.79,19.58077778016684,3.379432304076918,451.75,-143.73,37.65383567126084,6.498648320739914,45.0,11.091675353915308,24.3,17.21996130707004,0.5,33.908324646084694,-25.41922221983316,8.489102426251533
53,34.0,-0.29722339,-0.08768398,-0.30760679,86.97000000000003,-124.98,19.7162595326695,3.402888144735416,451.75,-143.73,37.91436708132345,6.543753902326204,7.0,6.630304526290567,3.78,17.21996130707004,0.5,0.3696954737094327,12.7162595326695,13.085955006378933
53,34.0,-0.31477359,-0.08951446,-0.32267609,75.39999999999998,-125.71,19.83223087197048,3.426639207999507,451.75,-143.73,38.13737996679923,6.589427196983053,4.0,5.748246076604674,2.16,17.21996130707004,0.5,-1.7482460766046737,15.83223087197048,14.083984795365808
53,34.0,-0.25301507,-0.10124245,-0.25036934,501.3499999999999,-112.56,39.23556631805128,6.371559369665647,501.3499999999999,-112.56,75.44999402961263,12.25250866786704,45.0,38.22126220829912,24.3,19.11063110414956,0.5,6.778737791700877,-5.7644336819487165,1.0143041097521603
53,34.0,-0.25006044,-0.10130059,-0.25019237,510.8800000000001,-116.83,39.727990158423225,6.425929660182828,510.8800000000001,-116.83,76.39692507464787,12.357062736531574,45.0,38.94779781983816,24.3,19.47389890991908,0.5,6.052202180161842,-5.272009841576775,0.7801923385850671
53,34.0,-0.24476497,-0.0997806,-0.24932489,532.05,-116.54,40.23080154716664,6.480230450148277,532.05,-116.54,77.36383137520146,12.461483155635136,45.0,40.56172844903868,24.3,20.28086422451934,0.5,4.438271550961318,-4.769198452833358,-0.33092690187204
53,35.0,-0.19186613,-0.05417605,-0.25756943,824.7,-78.80000000000001,20.37274327362721,3.5497843913930733,824.7,-78.80000000000001,39.176785315185136,6.826235384648879,-45.0,55.83193652787048,-24.3,27.91596826393524,0.5,-100.83193652787048,65.37274327362721,-35.459193254243274
53,35.0,-0.19303843,-0.05385378,-0.25867426,759.78,-70.75999999999999,20.49904660315177,3.5754222860374423,759.78,-70.75999999999999,39.41966661786085,6.87553705605,-45.0,53.35729372088656,-24.3,26.67864686044328,0.5,-98.35729372088656,65.49904660315177,-32.85824711773479
53,35.0,-0.19282985,-0.05348403,-0.25864023,799.95,-63.16999999999999,20.64821805422436,3.6013560127413644,799.95,-63.16999999999999,39.70652331827345,6.925407612501644,-45.0,54.88850754646487,-24.3,27.444253773232436,0.5,-99.88850754646487,65.64821805422436,-34.240289492240514
53,36.0,-0.28239807,-0.08623305,-0.2658872,478.67,-126.01,14.163421922408642,3.325278185334816,478.67,-126.01,27.236260356791817,6.3945099503988505,40.0,36.49221418419575,21.6,18.24610709209788,0.5,3.5077858158042474,-25.83657807759136,-22.32879226178711
53,36.0,-0.28014913,-0.08535206,-0.26560333,483.71,-129.18,14.321820451392496,3.341951916192312,483.71,-129.18,27.54086072802777,6.426573534837818,42.0,36.87644707844096,22.68,18.43822353922048,0.5,5.123552921559039,-27.678179548607503,-22.554626627048464
53,36.0,-0.27720675,-0.08470374,-0.26481637,487.74,-130.65,14.307708974894227,3.358773286105298,487.74,-130.65,27.5137243587216,6.458921029180488,44.0,37.18368092046637,23.76,18.591840460233183,0.5,6.816319079533628,-29.692291025105774,-22.875971945572147
53,36.0,-0.2015229,-0.03734466,-0.27155459,6.440000000000055,-101.21,19.26623595271033,4.483123808450737,487.74,-130.65,37.04897173706196,8.621047083650769,45.0,0.490964253757751,24.3,18.591840460233183,0.5,44.50903574624225,-25.73376404728967,18.775271698952576
53,36.0,-0.19880086,-0.03665113,-0.27121907,7.519999999999982,-101.3,19.352232268655207,4.511809808181772,487.74,-130.65,37.21434265262396,8.676210261133546,45.0,0.573299873953144,24.3,18.591840460233183,0.5,44.42670012604685,-25.647767731344793,18.778932394702064
53,36.0,-0.19655347,-0.03851558,-0.27174953,9.110000000000014,-99.45,19.37615443611621,4.540798261292436,487.74,-130.65,37.26034498065147,8.731955056465354,45.0,0.6945162036852609,24.3,18.591840460233183,0.5,44.30548379631474,-25.62384556388379,18.68163823243095
53,37.0,-0.29753089,-0.13809408,-0.25696117,397.09,-125.95,10.82179288968543,1.9126434661445064,397.09,-125.95,20.81030772686508,3.678013385395884,13.0,30.27282539202853,7.0200000000000005,15.136412696014265,0.5,-17.27282539202853,-2.1782071103145704,-19.4510325023431
53,37.0,-0.29753992,-0.13762958,-0.25631347,398.71,-126.37,10.86625965683953,1.9208191550676084,398.71,-126.37,20.895817320102417,3.6937352351950095,18.0,30.39632882232162,9.72,15.19816441116081,0.5,-12.396328822321621,-7.13374034316047,-19.53006916548209
53,37.0,-0.29911849,-0.14157066,-0.25816897,-37.809999999999945,-28.680000000000007,10.923553808246218,1.929887490802645,398.71,-126.37,21.00599397325748,3.711173644813487,18.0,-2.8825090736926056,9.72,15.19816441116081,0.5,20.882509073692606,-7.0764461917537815,13.806062881938825
53,37.0,-0.30622324,-0.13786227,-0.26458219,41.64999999999998,-122.62,11.255816502919822,2.0073532686655566,398.71,-126.37,21.644935135114817,3.860140335643866,15.0,3.175257945498469,8.100000000000001,15.19816441116081,0.5,11.824742054501531,-3.7441834970801775,8.080558557421353
53,37.0,-0.30420136,-0.13553874,-0.26439196,-606.0,-323.25,11.293983616804354,2.015429194436308,-606.0,-323.25,21.71833049511477,3.8756703409010207,15.0,-46.19943133186251,8.100000000000001,-23.099715665931257,0.5,61.19943133186251,-3.706016383195646,57.49341494866687
53,37.0,-0.29950374,-0.13632137,-0.2641753,409.67,-130.65,11.39087082857534,2.025380752186688,409.67,-130.65,21.90464460335038,3.894807186454999,15.0,31.23188289393418,8.100000000000001,15.61594144696709,0.5,-16.23188289393418,-3.6091291714246605,-19.84101206535884
53,37.0,-0.24957652,-0.10074038,-0.2732465,455.49,-137.83,13.563777594617097,2.422593980965953,455.49,-137.83,26.08314431444868,4.658648225397528,45.0,34.72504781740933,24.3,17.362523908704667,0.5,10.274952182590667,-31.436222405382903,-21.161270222792236
53,37.0,-0.24952164,-0.10115992,-0.27350488,459.98,-144.36,13.694627928110716,2.436739682427577,459.98,-144.36,26.334769505756903,4.68585040930823,45.0,35.067350534703166,24.3,17.533675267351583,0.5,9.932649465296834,-31.305372071889284,-21.37272260659245
53,37.0,-0.24614316,-0.10218551,-0.27395323,-9.690000000000056,-26.620000000000005,13.710101573720747,2.449737033830868,459.98,-144.36,26.364525326265,4.7108443160567575,45.0,-0.7387334811976076,24.3,17.533675267351583,0.5,45.738733481197606,-31.28989842627925,14.448835054918355
53,38.0,-0.26470485,-0.06182849,-0.28167492,437.68,-124.76,14.978022567184931,2.9680339803593325,437.68,-124.76,28.802737396696628,5.7075293442309984,45.0,33.367272451038914,24.3,16.683636225519457,0.5,11.632727548961086,-30.02197743281507,-18.389249883853985
53,38.0,-0.26227969,-0.05954847,-0.28211713,443.56,-126.1,15.041796984380069,2.9827884865747363,443.56,-126.1,28.92537560096287,5.735902259683218,45.0,33.815544160991635,24.3,16.907772080495818,0.5,11.184455839008365,-29.95820301561993,-18.773747176611565
53,38.0,-0.26333722,-0.05763183,-0.28355318,446.84,-125.68,15.10005678273,3.0010189415047748,446.84,-125.68,29.037409193189788,5.770959424513681,45.0,34.06560048899249,24.3,17.032800244496244,0.5,10.934399511007513,-29.89994321727,-18.965543706262487
53,39.0,-0.25877619,-0.10432785,-0.27188659,65.97000000000003,-80.75999999999999,13.89517424532084,2.484736148656057,430.01,-121.98,26.72042007375197,4.778147613865599,45.0,5.029334133602262,24.3,16.391268537140427,0.5,39.97066586639774,-31.10482575467916,8.865840111718578
53,39.0,-0.25603428,-0.1015549,-0.27159187,65.99000000000001,-94.86,13.937032864382305,2.495483627810187,430.01,-121.98,26.80091419820717,4.79881501627899,45.0,5.030858867309584,24.3,16.391268537140427,0.5,39.96914113269042,-31.062967135617697,8.90617399707272
53,39.0,-0.25374776,-0.09767342,-0.27070996,24.850000000000023,-94.87,13.974054953126664,2.5104131540655708,430.01,-121.98,26.872107674862576,4.827524495268094,45.0,1.8944816313478288,24.3,16.391268537140427,0.5,43.10551836865217,-31.025945046873336,12.079573321778836
53,39.0,-0.27083746,-0.09687451,-0.27341786,430.01,-121.98,35.910863819496875,6.155809866181103,430.01,-121.98,69.05659112489249,11.837622372666264,34.0,32.78253707428085,18.36,16.391268537140427,0.5,1.217462925719147,1.9108638194968748,3.1283267452160217
53,39.0,-0.2693499,-0.09502272,-0.27234408,-554.25,-319.0,36.36395238349295,6.212558369661238,-554.25,-319.0,69.92788043345695,11.946749744858558,34.0,-42.25418286416633,18.36,-21.12709143208317,0.5,76.25418286416632,2.3639523834929506,78.61813524765928
53,39.0,-0.26525563,-0.09227396,-0.27140009,59.75999999999999,-125.46,36.91796189096511,6.275330346966312,-554.25,-319.0,70.99324071632591,12.067460257216217,38.0,4.555904317478718,20.520000000000003,-21.12709143208317,0.5,33.44409568252128,-1.0820381090348903,32.36205757348639
53,40.0,-0.20021898,-0.0556087,-0.27061886,774.8599999999999,-75.38999999999999,18.3083046185203,3.39618579397131,774.8599999999999,-75.38999999999999,35.20686978141454,6.530865281806831,45.0,53.93211832854702,24.3,26.96605916427351,0.5,-8.93211832854702,-26.6916953814797,-35.623813710026724
53,40.0,-0.20143937,-0.05297036,-0.27299672,-160.42000000000002,361.39,18.53176735275724,3.422661618321875,774.8599999999999,-75.38999999999999,35.636588619352175,6.581778292032967,45.0,-12.229889066431328,24.3,26.96605916427351,0.5,57.229889066431326,-26.46823264724276,30.76165641918857
53,40.0,-0.19891334,-0.05165728,-0.27078521,-199.51,194.71,18.6621418399888,3.4470607005059044,774.8599999999999,-75.38999999999999,35.88729875829846,6.628697727072856,45.0,-15.209981097392554,24.3,26.96605916427351,0.5,60.20998109739256,-26.3378581600112,33.87212293738135
53,40.0,-0.24907055,-0.12790763,-0.25019041,341.05999999999995,-120.57,59.62759278768863,7.975293391405177,341.05999999999995,-120.57,114.66386093072524,15.336489191672158,45.0,26.001283910965387,24.3,13.000641955482694,0.5,18.998716089034613,14.627592787688627,33.62630887672324
53,40.0,-0.24509813,-0.1272593,-0.25001514,379.98,-115.84,60.5827102848227,7.971384636482494,379.98,-115.84,116.50055187771406,15.328972655955836,45.0,28.96841570541439,24.3,14.484207852707195,0.5,16.03158429458561,15.582710284822703,31.614294579408313
53,40.0,-0.243274,-0.12654796,-0.25071311,386.09,-121.15,61.65867372535167,7.959927865496443,386.09,-121.15,118.56962957385126,15.30694128534966,45.0,29.43422185300132,24.3,14.71711092650066,0.5,15.565778146998682,16.65867372535167,32.22445187235035
53,42.0,-0.24207477,-0.39440432,-0.30184123,-329.14,-70.86000000000001,-13.762358810504866,1.8354825125058007,-329.14,-70.86000000000001,-26.465015992600858,3.529632871548655,-33.0,-25.09254262140136,-17.82,-12.54627131070068,-0.5,-7.9074573785986395,19.237641189495136,11.330183810896495
53,42.0,-0.2412778,-0.39483517,-0.30143148,-335.73,-70.50999999999999,-13.774276479923076,1.8432514169142504,-335.73,-70.50999999999999,-26.48793367089208,3.5445724747261043,-33.0,-25.594942377964028,-17.82,-12.797471188982014,-0.5,-7.405057622035972,19.225723520076926,11.820665898040952
53,42.0,-0.24237432,-0.39642149,-0.30185091,-368.63,-73.55000000000001,-13.817599331830351,1.849646935836021,-368.63,-73.55000000000001,-26.571243515109767,3.556871057612668,-34.0,-28.103129326509038,-18.36,-14.051564663254515,-0.5,-5.896870673490962,20.18240066816965,14.285529994678686
53,43.0,-0.25572175,-0.4297947,-0.32053196,63.01999999999998,-73.65,-16.886988351097695,2.1559439427728755,-352.99,-59.94999999999999,-32.47367859916087,4.14588020195224,-34.0,4.804435911772235,-18.36,-13.455393783691544,-0.5,-38.80443591177224,17.113011648902305,-21.69142426286993
53,43.0,-0.25461724,-0.42756829,-0.32085076,70.01999999999998,-80.32,-17.02713523450898,2.171588231505176,-352.99,-59.94999999999999,-32.74318105596077,4.175964169184454,-33.0,5.338092709335004,-17.82,-13.455393783691544,-0.5,-38.338092709335,15.972864765491021,-22.365227943843983
53,43.0,-0.2524249,-0.42693573,-0.32131371,65.97000000000003,-89.88999999999999,-17.09077273365419,2.182138098887342,-352.99,-59.94999999999999,-32.86555596681701,4.19625156416036,-34.0,5.029334133602262,-18.36,-13.455393783691544,-0.5,-39.02933413360226,16.90922726634581,-22.120106867256453
53,43.0,-0.27340877,-0.35012639,-0.31037655,-352.99,-59.94999999999999,-40.41229661781902,6.084660430462758,-352.99,-59.94999999999999,-77.71284639606597,11.700802007779885,-24.0,-26.910787567383085,-12.96,-13.455393783691544,-0.5,2.9107875673830854,-16.412296617819017,-13.501509050435931
53,43.0,-0.27035388,-0.36697057,-0.30490434,-369.34,-65.61000000000001,-40.85064386153618,6.16000536213134,-369.34,-65.61000000000001,-78.55578814573408,11.845690311378569,-24.0,-28.157257373118977,-12.96,-14.078628686559489,-0.5,4.157257373118977,-16.850643861536177,-12.6933864884172
53,43.0,-0.27578083,-0.37725806,-0.30369496,288.19000000000005,-63.43000000000001,-41.40249665957285,6.244722461140356,288.19000000000005,-63.43000000000001,-79.61700107635859,12.008601292772902,-24.0,21.97065035565917,-12.96,10.985325177829589,-0.5,-45.970650355659174,-17.402496659572847,-63.37314701523202
53,43.0,-0.27765015,-0.39843428,-0.30950093,-337.12,-67.46000000000001,-50.431596377974095,7.534306516441987,-337.12,-67.46000000000001,-96.9799598348442,14.488471431117944,-29.0,-25.70091137062292,-15.66,-12.85045568531146,-0.5,-3.2990886293770814,-21.431596377974095,-24.730685007351177
53,43.0,-0.27884585,-0.39888081,-0.31003332,-452.54,-51.63999999999999,-51.14165817181844,7.629356112119051,-452.54,-51.63999999999999,-98.34540866440686,14.671251803604932,-29.0,-34.5001495955793,-15.66,-17.25007479778965,-0.5,5.500149595579302,-22.14165817181844,-16.64150857623914
53,43.0,-0.27589211,-0.39934883,-0.311048,-422.34,-67.49000000000001,-51.86618614766371,7.724308178705332,-422.34,-67.49000000000001,-99.73867596195733,14.853844627650354,-29.0,-32.1978016975228,-15.66,-16.0989008487614,-0.5,3.1978016975227987,-22.86618614766371,-19.668384450140913
53,43.0,-0.27332404,-0.41190627,-0.31015483,-253.11,-59.08000000000001,-59.75507118896867,8.6218218552982,-253.11,-59.08000000000001,-114.90900189638675,16.57976342773845,-31.0,-19.29626743301604,-16.740000000000002,-9.64813371650802,-0.5,-11.703732566983959,-28.75507118896867,-40.45880375595263
53,43.0,-0.27094233,-0.40988311,-0.31074554,-253.48,-72.43,-60.64715293732591,8.703604800670092,-253.48,-72.43,-116.62447509847772,16.737032031688592,-31.0,-19.324475006601503,-16.740000000000002,-9.662237503300751,-0.5,-11.675524993398497,-29.647152937325913,-41.32267793072441
53,43.0,-0.27186871,-0.41239068,-0.31127498,-25.809999999999945,-57.56999999999999,-61.472254108590406,8.782712609238775,-253.48,-72.43,-118.21114465081936,16.889156347566164,-31.0,-1.9676688492992889,-16.740000000000002,-9.662237503300751,-0.5,-29.03233115070071,-30.472254108590406,-59.50458525929112
53,44.0,-0.24485391,-0.44352722,-0.32397667,49.370000000000005,-117.32,-17.241786325044277,2.160654375687707,,,-33.155955103060144,4.1549383644474585,-34.0,3.763805156524839,-18.36,,-0.5,-37.76380515652484,16.758213674955723,-21.005591481569116
53,44.0,-0.24500902,-0.44477931,-0.32393327,49.51999999999998,-112.31,-17.31076155573558,2.1763583548402297,,,-33.288594471679524,4.18513711635776,-35.0,3.7752406593297536,-18.9,,-0.5,-38.775240659329754,17.68923844426442,-21.086002215065335
53,44.0,-0.24349028,-0.44451034,-0.32376713,49.47000000000003,-110.25,-17.360258824772476,2.1896004444931405,,,-33.38377772003747,4.210601654760311,-35.0,3.771428825061452,-18.9,,-0.5,-38.77142882506145,17.639741175227524,-21.13168764983393
53,45.0,-0.23748122,-0.41277456,-0.32304147,-629.52,-98.5,-17.13948225537899,2.1678884179838143,-629.52,-98.5,-32.9592243770938,4.168849427782876,-34.0,-47.9925181716734,-18.36,-23.9962590858367,-0.5,13.992518171673403,16.86051774462101,30.853035916294413
53,45.0,-0.24087949,-0.41305348,-0.32658166,-627.38,-98.44,-17.220816345454043,2.1797159965809048,-627.38,-98.44,-33.11562983230812,4.19159386142508,-34.0,-47.829371664989935,-18.36,-23.914685832494968,-0.5,13.829371664989935,16.779183654545957,30.608555319535892
53,45.0,-0.24731003,-0.3792513,-0.32971889,-598.1800000000001,-100.03,-17.3467911257873,2.194332116535602,-598.1800000000001,-100.03,-33.35787933488898,4.219700660097962,-42.0,-45.60326045229954,-22.68,-22.80163022614977,-0.5,3.603260452299537,24.6532088742127,28.25646932651224
53,46.0,-0.30543703,-0.32522997,-0.29218671,-223.0,-99.08,-13.377383286407069,2.6933529733349406,,,-25.724708059760797,5.17931776772309,-13.0,-17.000780836642473,-7.0200000000000005,,-0.5,4.000780836642473,-0.37738328640706875,3.6233975502354046
53,46.0,-0.30764893,-0.34490308,-0.28577644,-4.340000000000032,-60.47,-13.441780110760496,2.704160412541188,,,-25.848543152992438,5.200100473316704,-13.0,-0.3308672144889187,-7.0200000000000005,,-0.5,-12.669132785511081,-0.4417801107604955,-13.110912896271577
53,46.0,-0.312897,-0.35610136,-0.28879726,11.769999999999982,-66.63,-13.440877162801447,2.7150496361221945,,,-25.846806784067184,5.221040450262981,-16.0,0.8973057867591104,-8.64,,-0.5,-16.89730578675911,2.5591228371985526,-14.338182949560558
53,47.0,-0.27562869,-0.41979575,-0.30554676,-397.69,-122.13,-12.462218429331417,1.6674618058714303,-397.69,-122.13,-23.96484603960431,3.20652905269076,-26.0,-30.31856740324819,-14.04,-15.159283701624094,-0.5,4.318567403248188,13.537781570668583,17.856348973916774
53,47.0,-0.27644354,-0.41843289,-0.30496544,-397.57,-120.82,-12.516643312407991,1.6734075198845142,-397.57,-120.82,-24.06950508976057,3.2179626607379213,-26.0,-30.30941900100425,-14.04,-15.154709500502127,-0.5,4.309419001004251,13.483356687592009,17.792775688596258
53,47.0,-0.27920806,-0.41891328,-0.30587283,-403.34,-137.16,-12.61508446837845,1.6799916871892453,-403.34,-137.16,-24.25880743269176,3.2306240144649188,-26.0,-30.749304675566712,-14.04,-15.374652337783356,-0.5,4.749304675566712,13.38491553162155,18.134220207188264
53,47.0,-0.31373647,-0.3081108,-0.28514212,-84.23000000000002,-109.35,-16.96392791149258,2.1367927225521406,-403.34,-137.16,-32.62163337380023,4.109052405467768,-14.0,-6.421416008387426,-7.56,-15.374652337783356,-0.5,-7.578583991612574,-2.963927911492579,-10.542511903105154
53,47.0,-0.31297103,-0.31694925,-0.2761133,-83.89999999999998,-110.87,-16.942657530883263,2.150871461288869,-403.34,-137.16,-32.58073043188852,4.136125820058494,-12.0,-6.396257902216607,-6.48,-15.374652337783356,-0.5,-5.603742097783393,-4.942657530883263,-10.546399628666656
53,47.0,-0.31978956,-0.31836021,-0.27424487,-86.55999999999995,-111.66,-17.05432557517834,2.163821538916703,-403.34,-137.16,-32.795468081067945,4.161028819336821,-12.0,-6.599047485290456,-6.48,-15.374652337783356,-0.5,-5.400952514709544,-5.054325575178339,-10.455278089887884
53,48.0,-0.30984077,-0.33041355,-0.27902237,30.029999999999973,-96.01,-4.565713361959543,1.207710049877902,,,-8.779866795048202,2.322426425915206,-14.0,2.2893876615442736,-7.56,,-0.5,-16.289387661544275,9.434286638040458,-6.855101023503817
53,48.0,-0.30940717,-0.3296015,-0.27937898,33.27999999999997,-100.03,-4.617927575709991,1.2110633613234283,,,-8.880274728090312,2.3288748438249525,-14.0,2.5371568889841303,-7.56,,-0.5,-16.53715688898413,9.382072424290008,-7.155084464694121
53,48.0,-0.30973703,-0.33109248,-0.27990127,-84.95000000000005,-116.72,-4.652296966015941,1.2144327705784783,,,-8.946367065648655,2.335354217822414,-14.0,-6.476306421851027,-7.56,,-0.5,-7.523693578148973,9.34770303398406,1.8240094558350863
