Participant,Trigger,Condition,Building,Left_Right,accurate_pointing,accurate_gaze,T_detection,T_pointing,T_action,T_conf,length_point,length_gaze,sum_length_gazeb,sum_length_gazem,sum_length_gazec,frequency_point,frequency_b,frequency_m,frequency_c,pointed_or_not,accurate_fused
9,1,1,2,1,0,1,1.5,2.2,0.7,3.5,1.1,5.1,1.8,0,3.3,1,1,0,4,1,1
9,2,1,7,0,1,1,0.7,1.6,0.9,0.4,1.2,5.4,1.9,0,3.5,1,1,0,3,1,1
9,3,1,1,1,0,1,1.2,2.1,0.9,,1.3,0.9,0.9,0,0,1,2,0,0,1,1
9,4,1,3,0,0,1,1.2,1.6,0.4,2.8,1.2,3.5,0.9,0.7,1.9,1,1,1,3,1,1
9,5,1,6,0,0,1,1.2,2.5,1.3,2,1,4.4,1,1,2.4,1,2,2,2,1,1
9,6,1,5,0,1,1,1.5,3.1,1.6,0.7,1.2,6.5,2.3,0,4.2,1,2,0,4,1,1
9,7,1,2,0,0,1,0.9,1.6,0.7,6.6,1.2,5.9,1.7,1.4,2.8,1,1,1,2,1,0
9,8,1,9,0,0,1,0.7,1.5,0.8,0.9,0.9,3.4,1,0.8,1.6,1,1,1,2,1,1
9,9,1,4,0,0,1,1.2,1.3,0.1,2.1,0.9,3.6,0.8,1.1,1.7,1,1,1,2,1,1
9,10,1,7,0,0,1,2.8,2.1,-0.7,,0.7,0.9,0,0.9,0,1,0,1,0,1,1
9,11,1,11,0,0,0,1.8,,,,,,,,,1,,,,0,0
9,12,1,8,0,0,1,1.4,1.4,0,0.6,1.1,1.2,0.8,0,0.4,1,1,0,1,1,1
9,13,1,6,0,0,1,1.4,2.8,1.4,1.6,1.3,7.4,3,0,4.4,1,2,0,4,1,1
9,14,1,8,0,1,1,0.9,1.8,0.9,8.8,1.4,2.5,2,0,0.5,1,1,0,1,1,1
9,15,1,4,0,0,1,2.5,2,-0.5,0.5,0.9,5,0,0.6,4.4,1,0,1,6,1,0
9,16,1,5,0,0,1,2.2,2.6,0.4,0.6,0.8,1.1,0.7,0,0.4,1,1,0,1,1,1
9,17,1,2,0,1,1,0,2.5,2.5,,1.3,2.8,2.3,0.5,0,1,2,1,0,1,1
9,18,1,7,1,0,1,2.3,2.5,0.2,,0.7,1.1,0.6,0.5,0,1,1,1,0,1,0
9,19,1,0,0,0,1,0.7,1.5,0.8,10.5,1.1,2.1,1.5,0,0.6,1,1,0,1,1,1
9,20,1,10,1,0,1,4.4,4.9,0.5,0.8,1,2.7,1,0,1.7,1,1,0,2,1,0
9,21,1,3,1,0,0,,3.3,,,1,,,,,1,,,,1,0
9,22,1,5,0,0,1,2.8,5.1,2.3,,0.9,1.8,1.4,0.4,0,1,2,1,0,1,1
9,23,1,8,1,0,1,2.3,2.4,0.1,,0.9,0.5,0.5,0,0,1,1,0,0,1,1
9,24,1,9,1,1,1,0.7,1.5,0.8,1.5,1.1,7.3,1.5,0,5.8,1,2,0,5,1,1
9,25,2,10,0,0,1,0.3,1.4,1.1,1.9,1.1,5.1,1.6,0,3.5,1,2,0,5,1,1
9,26,2,11,0,0,1,0,0.6,0.6,7.2,1.3,3.7,1.8,0,1.9,1,1,0,3,1,1
9,27,2,6,0,1,1,2.3,3.1,0.8,5.8,1,3.6,1.1,1.2,1.3,1,1,1,1,1,1
9,28,2,3,1,0,0,1.2,,,,,,,,,1,,,,0,0
9,29,2,11,0,1,1,0.1,0.8,0.7,2,1.2,4.2,2.1,0.4,1.7,1,1,1,4,1,1
9,30,2,4,0,0,1,0.5,1.9,1.4,3.4,0.9,3.4,1.3,0.8,1.3,1,2,1,2,1,1
9,31,2,1,0,1,1,1.7,2.3,0.6,0.6,1.8,11.1,2,0,9.1,1,1,0,6,1,1
9,32,2,9,0,1,1,8.5,0.6,-7.9,6.7,1.2,0.9,0,0,0.9,1,0,0,1,1,1
9,33,2,3,0,1,1,0.2,1,0.8,0.7,1.5,3.5,1,0.5,2,1,1,1,3,1,1
9,34,2,11,0,0,1,0.1,0.6,0.5,12,1.1,1.4,0.7,0,0.7,1,1,0,1,1,0
9,35,2,10,0,0,0,0.2,2.3,2.1,0.6,1.2,3.3,0.5,0,2.8,1,1,0,2,1,0
9,36,2,0,0,0,1,0.1,0.6,0.5,,1.6,1.6,1.6,0,0,1,1,0,0,1,1
9,37,2,10,0,1,1,1.3,1.6,0.3,3.4,1,2.4,0.4,0.5,1.5,1,1,1,2,1,1
9,38,2,2,0,0,1,0.1,1,0.9,0.9,1.2,5.8,1.4,0,4.4,1,2,0,3,1,0
9,39,2,3,0,0,0,2.8,0.4,-2.4,1.4,1,3,0,0,3,1,0,0,2,1,0
9,40,2,8,0,0,0,3.2,0.9,-2.3,1.1,1.2,1.2,0,0,1.2,1,0,0,2,1,0
9,41,2,0,0,0,1,0,0.7,0.7,1,1.1,4.4,1.5,0,2.9,1,2,0,4,1,0
9,42,2,3,1,0,0,7.2,2.5,-4.7,3.7,1,0.5,0,0,0.5,1,0,0,1,1,0
9,43,2,8,1,0,0,6.2,,,,,,,,,1,,,,0,0
9,44,2,6,1,0,0,6.1,,,,,,,,,1,,,,0,0
9,45,2,7,1,0,1,0.9,1.5,0.6,5.6,1.2,1.3,0.5,0,0.8,1,1,0,2,1,1
9,46,2,0,1,1,1,0.6,1.4,0.8,0.8,1.6,4.6,2.1,0,2.5,1,1,0,4,1,1
9,47,2,9,1,1,1,0.7,1.2,0.5,,1.5,1.5,1.5,0,0,1,1,0,0,1,1
9,48,2,3,1,1,1,1,2,1,1.3,1,5.3,1.7,0,3.6,1,1,0,2,1,1
9,49,3,0,0,1,1,0.1,1.7,1.6,1,1.7,13.9,2.3,0.5,11.1,1,2,1,9,1,1
9,50,3,9,0,0,1,0.6,2.1,1.5,3,0.8,3.1,1.4,0.5,1.2,1,2,1,2,1,1
9,51,3,11,1,0,0,1,,,,,,,,,1,,,,0,0
9,52,3,0,1,0,1,0.2,0.8,0.6,1.5,1.1,6.4,1.3,0.9,4.2,1,1,1,6,1,1
9,53,3,3,1,0,1,0.1,0.9,0.8,7.9,0.7,1.7,1.2,0,0.5,1,1,0,1,1,1
9,54,3,1,0,1,1,1.8,2.6,0.8,2,1,7.8,2.7,0,5.1,1,1,0,5,1,1
9,55,3,0,1,1,1,0,1.3,1.3,1.3,0.8,10.7,1.7,1.1,7.9,1,1,1,3,1,1
9,56,3,3,0,0,1,0.1,1.1,1,3,0.6,6.8,3.1,0,3.7,1,2,0,5,1,0
9,57,3,11,0,0,1,1.9,3,1.1,1.2,1,8.7,2.6,0,6.1,1,1,0,5,1,0
9,58,3,1,0,1,1,1.3,3.3,2,6.2,1,9.4,1.9,5.8,1.7,1,2,1,2,1,1
9,59,3,7,0,1,1,0.1,2.1,2,4.4,0.8,12.6,5.8,0,6.8,1,2,0,4,1,1
9,60,3,10,0,1,1,1.4,1.8,0.4,3.2,0.8,4.9,2.9,0,2,1,1,0,2,1,1
9,61,3,0,0,0,0,0.2,,,,,,,,,1,,,,0,0
9,62,3,10,0,0,1,1.6,1.8,0.2,4.1,0.8,3.1,0.6,1.1,1.4,1,1,1,2,1,0
9,63,3,6,1,0,1,1.1,2.5,1.4,4.9,0.4,2.5,1.3,0,1.2,1,3,0,2,1,0
9,64,3,7,1,0,1,2.6,3.7,1.1,2.4,0.7,2.9,2,0,0.9,1,1,0,2,1,0
9,65,3,0,1,0,1,0.5,1.4,0.9,1.3,0.7,8.6,1.3,0.5,6.8,1,1,1,3,1,0
9,66,3,2,0,1,1,2.4,3.4,1,5.7,0.8,5.8,4.3,0,1.5,1,1,0,2,1,1
9,67,3,3,1,0,1,0.6,1.4,0.8,8.1,0.7,2.3,1.3,0.5,0.5,1,1,1,1,1,0
9,68,3,4,1,0,1,0.9,1.5,0.6,2.1,0.6,4.5,1,0.5,3,1,1,1,4,1,1
9,69,3,3,0,0,1,0.7,1.6,0.9,4.1,0.7,5.7,2.8,0,2.9,1,1,0,3,1,0
9,70,3,8,0,1,1,1,1.2,0.2,1.8,1.3,5.8,2.9,0,2.9,1,1,0,5,1,1
9,71,3,6,1,0,1,0.5,8.9,8.4,,0.7,2.5,2.1,0.4,0,1,4,1,0,1,1
9,72,3,4,1,0,1,0.3,1.4,1.1,2.6,1,2.9,1.4,0.4,1.1,1,2,1,1,1,0
9,73,4,9,0,1,1,0,0.9,0.9,2.1,0.7,7.5,1.3,1.3,4.9,1,1,1,5,1,1
9,74,4,2,0,1,1,0.2,1,0.8,4.1,0.9,8.3,4.8,0,3.5,1,1,0,2,1,1
9,75,4,6,1,0,1,0.6,1.7,1.1,0.9,1.1,6.8,1.6,0,5.2,1,2,0,4,1,1
9,76,4,4,1,1,1,1,2.4,1.4,0.4,1.5,7.6,2,0,5.6,1,2,0,5,1,1
9,77,4,9,1,1,1,0.5,1.5,1,0.6,0.8,9,1.8,0,7.2,1,1,0,4,1,1
9,78,4,10,0,1,1,0,1.3,1.3,2,1.1,6.8,1.8,0.9,4.1,1,1,1,5,1,1
9,79,4,8,1,1,1,0.6,1.5,0.9,1.8,0.8,4.9,1.5,0,3.4,1,1,0,4,1,1
9,80,4,1,1,0,1,0.5,1.9,1.4,3.5,1,8.1,5.2,0,2.9,1,2,0,4,1,1
9,81,4,5,1,0,1,0.7,2.1,1.4,1.6,0.8,3.5,1.4,0,2.1,1,2,0,3,1,0
9,82,4,11,0,1,1,0.3,1.1,0.8,3.9,0.8,8.9,3.6,0,5.3,1,1,0,3,1,1
9,83,4,5,0,1,1,1.6,1.1,-0.5,4,1.3,8.1,0,4.6,3.5,1,0,1,4,1,1
9,84,4,10,0,1,1,2.3,0.6,-1.7,0.6,1.1,4.3,0,0,4.3,1,0,0,5,1,1
9,85,4,6,0,0,1,0.5,1.6,1.1,2.5,0.8,7.4,1.6,0.8,5,1,1,1,5,1,0
9,86,4,4,0,0,1,2.1,0.9,-1.2,0.5,0.7,6.3,0,0,6.3,1,0,0,4,1,0
9,87,4,8,0,1,1,0,0.8,0.8,0.8,0.8,7.9,1.1,0.4,6.4,1,1,1,7,1,1
9,88,4,3,0,0,0,1.9,0.3,-1.6,0.8,0.8,6.1,0,0,6.1,1,0,0,5,1,0
9,89,4,0,0,1,1,2.8,0.5,-2.3,1.4,0.9,7.5,0,0,7.5,1,0,0,8,1,1
9,90,4,2,0,0,1,0.2,2.1,1.9,4.8,1.7,12.4,8,0,4.4,1,1,0,2,1,0
9,91,4,11,1,1,1,0,0.5,0.5,1.5,0.7,3.6,0.7,0.6,2.3,1,1,1,4,1,1
9,92,4,4,1,1,1,0.6,0.8,0.2,0.8,1.7,9.4,1,1,7.4,1,1,1,6,1,1
9,93,4,7,1,1,1,0.5,1.6,1.1,0.5,1.3,10.1,2,0,8.1,1,1,0,6,1,1
9,94,4,8,1,1,1,0.4,1.3,0.9,1.1,1.1,7.5,3,0,4.5,1,1,0,6,1,1
9,95,4,3,0,0,1,0,0.8,0.8,8.4,0.8,4.3,1.3,1.1,1.9,1,1,1,2,1,1
9,96,4,0,1,1,1,1.4,0.4,-1,1.4,1,5,0,1.1,3.9,1,0,1,5,1,1
9,97,5,2,0,0,0,3.6,,,,,,,,,1,,,,0,0
9,98,5,0,0,0,1,0.1,0.7,0.6,0.9,2.3,9.4,1,1.3,7.1,1,1,2,6,1,1
9,99,5,9,0,0,1,0.7,1.1,0.4,3.1,1.3,5.7,1.5,0,4.2,1,1,0,5,1,1
9,100,5,10,0,0,0,0.9,2.3,1.4,2.5,1,8.2,0.5,1.3,6.4,1,1,1,4,1,0
9,101,5,5,1,1,1,0.9,11.5,10.6,0.8,1,4.7,3.6,0.6,0.5,1,5,1,1,1,1
9,102,5,11,0,0,1,0.1,1.5,1.4,0.9,1.3,10.8,2.6,0,8.2,1,2,0,6,1,1
9,103,5,0,0,0,1,1.3,0.7,-0.6,0.4,0.8,7.9,0,0.5,7.4,1,0,1,5,1,1
9,104,5,10,1,0,1,0.3,1.2,0.9,7.7,0.9,2,1.4,0,0.6,1,1,0,1,1,1
9,105,5,9,0,0,0,1.6,,,,,,,,,1,,,,0,0
9,106,5,10,0,0,0,0.3,,,,,,,,,1,,,,0,0
9,107,5,2,0,0,0,2.1,,,,,,,,,1,,,,0,0
9,108,5,6,0,0,1,2,0.8,-1.2,6.8,1.9,7.3,0,6,1.3,1,0,1,2,1,1
9,109,5,9,0,0,1,0.4,1.3,0.9,2.4,0.7,5.4,2.4,0,3,1,1,0,4,1,0
9,110,5,7,0,1,1,0.7,1.4,0.7,2.7,1.2,4,1.5,0.9,1.6,1,1,1,3,1,1
9,111,5,2,1,1,1,0.7,2,1.3,0.7,1.1,5.2,2.4,0,2.8,1,1,0,4,1,1
9,112,5,4,0,0,1,0.7,2.1,1.4,1.7,1.7,7.2,2.8,0,4.4,1,2,0,4,1,1
9,113,5,3,0,0,1,0.6,1.4,0.8,1.6,0.9,7.8,1.3,1,5.5,1,1,1,6,1,1
9,114,5,8,0,0,1,1.4,2.6,1.2,1.5,1.1,5.8,2.4,0.5,2.9,1,1,1,1,1,0
9,115,5,2,0,0,1,1,1.8,0.8,1,1.4,6.7,2.3,0.4,4,1,1,1,4,1,1
9,116,5,7,1,0,1,1.1,1.8,0.7,10.4,1,2.3,1.5,0,0.8,1,1,0,1,1,1
9,117,5,1,1,1,1,1,3,2,0.8,1.5,3.9,2.7,0,1.2,1,2,0,2,1,1
9,118,5,11,0,0,1,1.1,1.5,0.4,0.6,1.5,4.9,1.6,0,3.3,1,1,0,3,1,1
9,119,5,2,0,0,1,0.4,1.2,0.8,0.4,1,5.3,1.1,0,4.2,1,2,0,4,1,1
9,120,5,3,1,1,0,6.6,0.7,-5.9,4.9,1,5.3,0,0,5.3,1,0,0,1,1,0
10,1,1,2,1,0,0,0,,,,,,,,,1,,,,0,0
10,2,1,7,0,0,0,0.4,,,,,,,,,1,,,,0,0
10,3,1,1,1,0,0,11,,,,,,,,,1,,,,0,0
10,4,1,3,0,0,1,1.2,2.3,1.1,10.8,0.8,1.5,0.5,0.5,0.5,1,1,1,1,1,0
10,5,1,6,0,0,1,1.8,1.5,-0.3,6.6,1.2,2.6,0.4,0,2.2,1,1,0,3,1,1
10,6,1,5,0,0,1,0.2,1.7,1.5,0.7,0.8,6.6,2.3,0,4.3,1,2,0,4,1,1
10,7,1,2,0,0,0,0,,,,,,,,,1,,,,0,0
10,8,1,9,0,0,1,0.8,0.6,-0.2,3.8,1.1,2.2,0.5,0,1.7,1,1,0,3,1,1
10,9,1,4,0,1,1,0.4,0.5,0.1,1.6,1.2,2.8,0.4,1.1,1.3,1,1,1,2,1,1
10,10,1,7,0,0,1,0.3,0.4,0.1,9.6,1.2,1.1,0.5,0,0.6,1,1,0,1,1,1
10,11,1,11,0,0,0,3.6,0.5,-3.1,1.8,1.3,2.4,0,0,2.4,1,0,0,4,1,0
10,12,1,8,0,0,1,0.5,0.5,0,,1.5,1.1,1.1,0,0,1,1,0,0,1,1
10,13,1,6,0,0,0,0.3,,,,,,,,,1,,,,0,0
10,14,1,8,0,1,1,0,0.8,0.8,3.8,1.3,6.5,1.5,0.5,4.5,1,1,1,4,1,1
10,15,1,4,0,1,1,,1.4,,,1.2,,,,,1,,,,1,1
10,16,1,5,0,0,1,0.1,2,1.9,0.5,1.3,2.2,1.1,0,1.1,1,2,0,2,1,1
10,17,1,2,0,1,1,0,0.9,0.9,2.8,1.6,4.5,0.7,1.1,2.7,1,1,1,4,1,1
10,18,1,7,1,0,0,,0.9,,,1.5,,,,,1,,,,1,0
10,19,1,0,0,1,1,1.3,1.3,0,3.4,1.9,2.2,0.9,0,1.3,1,1,0,2,1,1
10,20,1,10,1,0,1,2.9,2.5,-0.4,0.8,1.7,3.1,0,0.6,2.5,1,0,1,3,1,1
10,21,1,3,1,0,1,1.3,1.6,0.3,0.7,1.3,1.5,0.4,0,1.1,1,1,0,2,1,0
10,22,1,5,0,0,1,0,0.7,0.7,1.5,2.2,3.4,0.4,0.9,2.1,1,1,1,3,1,1
10,23,1,8,1,0,0,3.6,1.1,-2.5,0.9,1.6,0.4,0,0,0.4,1,0,0,1,1,0
10,24,1,9,1,1,1,0,1.3,1.3,0.9,2,6.5,0.6,1.5,4.4,1,1,1,4,1,1
10,25,2,10,0,1,0,3.1,0.4,-2.7,0.9,1.8,2.3,0,0,2.3,1,0,0,4,1,0
10,26,2,11,0,1,1,0.7,0.1,-0.6,6.3,2,3.7,0,1.3,2.4,1,0,2,4,1,1
10,27,2,6,0,0,1,1.8,0.2,-1.6,3.7,2.2,1.8,0,0.5,1.3,1,0,1,2,1,1
10,28,2,3,1,0,0,10.9,0.4,-10.5,9.5,1,0.7,0,0,0.7,1,0,0,1,1,0
10,29,2,11,0,0,1,0.4,0,-0.4,3.1,2.2,5.6,0,1.1,4.5,1,0,2,5,1,1
10,30,2,4,0,0,1,1.1,0,-1.1,1,2,7.8,0,1.2,6.6,1,0,1,7,1,1
10,31,2,1,0,0,0,5,,,,,,,,,1,,,,0,0
10,32,2,9,0,1,1,0.7,0,-0.7,2.4,1.8,5.2,0,1,4.2,1,0,1,6,1,1
10,33,2,3,0,0,1,0.2,,,,,,,,,1,,,,0,1
10,34,2,11,0,1,0,2.3,0,-2.3,0.4,1.9,2.2,0,0,2.2,1,0,0,5,1,0
10,35,2,10,0,0,1,0,0.1,0.1,2.2,1.6,3.5,0.5,0.9,2.1,1,1,1,2,1,0
10,36,2,0,0,0,1,0.3,0.1,-0.2,1.1,1.8,4.6,0.5,0.4,3.7,1,1,1,5,1,1
10,37,2,10,0,1,1,2.6,0.6,-2,9.3,2.5,4.2,0,2,2.2,1,0,2,1,1,1
10,38,2,2,0,0,1,1.4,,,,,,,,,1,,,,0,1
10,39,2,3,0,0,1,3,0.6,-2.4,3.5,2.8,2.5,0,1,1.5,1,0,1,3,1,1
10,40,2,8,0,0,0,10,0.1,-9.9,7.3,2.6,1.1,0,0,1.1,1,0,0,2,1,0
10,41,2,0,0,0,1,3.9,0,-3.9,2.1,1.8,3.4,0,0,3.4,1,0,0,4,1,1
10,42,2,3,1,0,1,0.5,1,0.5,1.1,2,4.3,1.1,0.7,2.5,1,1,1,3,1,1
10,43,2,8,1,0,1,0.4,0.2,-0.2,2,3.1,3.4,0.4,1.1,1.9,1,1,2,3,1,1
10,44,2,6,1,0,0,6.5,0.8,-5.7,3.9,1.8,2,0,0,2,1,0,0,2,1,0
10,45,2,7,1,0,1,1.2,0.7,-0.5,1.2,2.5,4.2,0,1.2,3,1,0,2,5,1,1
10,46,2,0,1,0,1,1.4,1.3,-0.1,0.9,2.6,3.6,0.7,0.7,2.2,1,1,1,2,1,1
10,47,2,9,1,0,1,0.3,0.5,0.2,0.8,1.8,5.2,0.4,0.8,4,1,1,2,8,1,1
10,48,2,3,1,1,0,3.4,0.6,-2.8,1,1.8,3.8,0,0,3.8,1,0,0,6,1,0
10,49,3,0,0,1,1,0.5,0.7,0.2,1,1.5,6.1,0.9,0.4,4.8,1,1,1,6,1,1
10,50,3,9,0,0,1,0.7,0.4,-0.3,1.5,1.7,1.8,0,0.4,1.4,1,0,1,2,1,1
10,51,3,11,1,1,1,1.6,1.3,-0.3,,1.4,0.5,0,0.5,0,1,0,1,0,1,1
10,52,3,0,1,1,1,0,0.1,0.1,1,0.6,4.9,1.6,0,3.3,1,1,0,4,1,1
10,53,3,3,1,0,0,2,0.7,-1.3,2.4,1.1,2.7,0,0.7,2,1,0,1,3,1,0
10,54,3,1,0,1,1,1.3,0.9,-0.4,1.3,2.4,7.3,0,2.7,4.6,1,0,2,3,1,1
10,55,3,0,1,0,1,0.4,0.1,-0.3,2.7,2,7.5,1.2,1.2,5.1,1,1,1,7,1,1
10,56,3,3,0,1,1,0.5,0.4,-0.1,1.3,2.3,4.9,0.6,0.5,3.8,1,1,1,3,1,1
10,57,3,11,0,1,1,0.7,1.6,0.9,1.3,1.5,8.7,1.2,1.1,6.4,1,1,1,6,1,1
10,58,3,1,0,1,1,1.7,0.2,-1.5,5.7,2.1,12.1,0,6.2,5.9,1,0,1,1,1,1
10,59,3,7,0,1,1,0.9,0.6,-0.3,1.2,1.1,14.3,1.5,0,12.8,1,1,0,8,1,1
10,60,3,10,0,0,0,4.3,0.4,-3.9,1.4,2.5,2.1,0,0,2.1,1,0,0,2,1,0
10,61,3,0,0,1,1,5.8,1.3,-4.5,4,0.5,3.6,0,0,3.6,1,0,0,4,1,1
10,62,3,10,0,1,1,2.4,0.5,-1.9,8.1,1.9,2,0,0.7,1.3,1,0,1,1,1,1
10,63,3,6,1,1,1,1.5,1.4,-0.1,,2.2,0.5,0.5,0,0,1,1,0,0,1,1
10,64,3,7,1,0,1,0.1,1.4,1.3,3.1,2.4,5.2,1.1,1.6,2.5,1,2,2,4,1,1
10,65,3,0,1,1,1,0.3,0.6,0.3,2.1,2.2,9.5,4.2,0,5.3,1,1,0,2,1,1
10,66,3,2,0,1,1,0.7,0.7,0,1.3,2.3,7,1.1,1.5,4.4,1,1,1,6,1,1
10,67,3,3,1,0,1,0.6,1,0.4,1.6,1.7,3.1,0.5,0.6,2,1,1,1,2,1,1
10,68,3,4,1,0,1,0.6,0.8,0.2,0.5,2.4,2.5,1.1,0.4,1,1,1,1,2,1,1
10,69,3,3,0,0,1,0.8,0.2,-0.6,1.9,2.5,4.3,0,1,3.3,1,0,1,4,1,1
10,70,3,8,0,0,1,0.5,0.5,0,0.3,2.6,4.5,0.6,1.1,2.8,1,1,2,4,1,1
10,71,3,6,1,0,1,0.4,2.4,2,3.1,1.8,3.6,1.1,1,1.5,1,1,1,2,1,1
10,72,3,4,1,0,1,0.2,0.1,-0.1,1.1,1.8,3.8,1.2,0,2.6,1,1,0,4,1,1
10,73,4,9,0,0,1,1.6,,,,,,,,,1,,,,0,0
10,74,4,2,0,1,1,1.6,0.1,-1.5,1.3,1.7,6.2,0,0.8,5.4,1,0,2,8,1,1
10,75,4,6,1,0,0,0.4,,,,,,,,,1,,,,0,0
10,76,4,4,1,0,0,0.4,,,,,,,,,1,,,,0,0
10,77,4,9,1,0,0,0,,,,,,,,,1,,,,0,0
10,78,4,10,0,0,0,0,,,,,,,,,1,,,,0,0
10,79,4,8,1,0,0,0,,,,,,,,,1,,,,0,0
10,80,4,1,1,0,0,0.2,,,,,,,,,1,,,,0,0
10,81,4,5,1,1,1,3,1.9,-1.1,4.6,1.3,1.8,0,0.6,1.2,1,0,1,2,1,1
10,82,4,11,0,1,1,0.6,0.4,-0.2,2,3.3,6.7,1.5,2.5,2.7,1,1,1,4,1,1
10,83,4,5,0,1,1,0.6,0,-0.6,2,1.9,3.9,0,2,1.9,1,0,2,3,1,1
10,84,4,10,0,1,1,0.6,0.2,-0.4,1.3,1.7,3.7,0,2.2,1.5,1,0,1,3,1,1
10,85,4,6,0,1,1,2,0.4,-1.6,0.7,2.3,5.8,0,0.4,5.4,1,0,1,8,1,1
10,86,4,4,0,1,1,0.5,0.3,-0.2,2.6,1.4,4.6,1,0,3.6,1,1,0,5,1,1
10,87,4,8,0,0,0,1.9,0.2,-1.7,1.1,0.6,3.5,0,0,3.5,1,0,0,5,1,0
10,88,4,3,0,0,1,1.9,,,,,,,,,1,,,,0,0
10,89,4,0,0,1,0,1.9,0.4,-1.5,0.5,1,6.5,0,0,6.5,1,0,0,8,1,0
10,90,4,2,0,0,0,0,,,,,,,,,1,,,,0,0
10,91,4,11,1,0,0,3.5,,,,,,,,,1,,,,0,0
10,92,4,4,1,0,0,0.2,,,,,,,,,1,,,,0,0
10,93,4,7,1,0,0,2.4,,,,,,,,,1,,,,0,0
10,94,4,8,1,0,0,1.7,9.8,8.1,1.7,1.2,3.2,2.4,0,0.8,1,2,0,2,1,0
10,95,4,3,0,0,1,1.6,0.4,-1.2,1.9,1.5,2.8,0,0.6,2.2,1,0,1,2,1,1
10,96,4,0,1,0,0,0.3,,,,,,,,,1,,,,0,0
10,97,5,2,0,0,0,0.7,,,,,,,,,1,,,,0,0
10,98,5,0,0,1,0,2.4,1.6,-0.8,0.4,0.4,7.4,0,0,7.4,1,0,0,9,1,0
10,99,5,9,0,1,1,,,,,2.4,2.4,2.4,0,0,1,4,0,0,1,1
10,100,5,10,0,0,0,0,1.2,1.2,2.2,0.5,1.8,0.4,0,1.4,1,1,0,3,1,0
10,101,5,5,1,0,0,2,,,,,,,,,1,,,,0,0
10,102,5,11,0,0,0,1.1,5.8,4.7,1.8,0.9,2.4,1.6,0,0.8,1,3,0,2,1,0
10,103,5,0,0,0,1,1,2.3,1.3,1.9,0.9,7.1,1.1,1,5,1,1,2,8,1,0
10,104,5,10,1,0,0,2,,,,,,,,,1,,,,0,0
10,105,5,9,0,1,1,0,1.6,1.6,1.5,1.1,6.1,1.3,1.6,3.2,1,2,1,5,1,1
10,106,5,10,0,0,0,0.3,,,,,,,,,1,,,,0,0
10,107,5,2,0,0,1,0.7,,,,,,,,,1,,,,0,0
10,108,5,6,0,0,1,0.4,0.1,-0.3,2.1,1.1,8.8,0.7,1.2,6.9,1,1,1,6,1,0
10,109,5,9,0,1,1,0.9,0.3,-0.6,8.7,1.1,3.1,0,2.5,0.6,1,0,2,1,1,1
10,110,5,7,0,0,0,1.1,,,,,,,,,1,,,,0,0
10,111,5,2,1,0,1,0.6,0.7,0.1,2.2,1.4,4.2,0.8,1,2.4,1,1,1,3,1,1
10,112,5,4,0,1,1,0,1.3,1.3,1.8,1.8,6.1,1.8,0.4,3.9,1,2,1,5,1,1
10,113,5,3,0,1,1,0.7,0.5,-0.2,2,0.4,3.2,0.4,0,2.8,1,1,0,3,1,1
10,114,5,8,0,1,1,1.3,3.6,2.3,1.2,1,5.6,2.3,0,3.3,1,2,0,4,1,1
10,115,5,2,0,1,1,0,1,1,2.9,1.1,4.5,1.6,0,2.9,1,1,0,3,1,1
10,116,5,7,1,0,1,0.1,0.5,0.4,1.1,1.2,6.9,0.4,1,5.5,1,1,1,6,1,1
10,117,5,1,1,0,1,1.1,1.7,0.6,0.5,1.3,5.8,1.2,0.4,4.2,1,1,1,6,1,1
10,118,5,11,0,1,1,0.5,3,2.5,1,1.2,5,2.7,0,2.3,1,2,0,4,1,1
10,119,5,2,0,1,1,0.5,0.6,0.1,2,1.6,4.2,1.4,0,2.8,1,1,0,5,1,1
10,120,5,3,1,0,1,0.6,0.2,-0.4,6.5,0.6,2.1,0,0.4,1.7,1,0,1,1,1,0
11,1,1,2,1,0,0,,,,,,,,,,1,,,,0,0
11,2,1,7,0,1,0,4.9,9.1,4.2,,4,0.4,0.4,0,0,1,1,0,0,1,0
11,3,1,1,1,0,0,0.7,,,,,,,,,1,,,,0,0
11,4,1,3,0,0,1,0.9,4.8,3.9,1.4,1.6,3.6,2.3,0,1.3,1,2,0,1,1,1
11,5,1,6,0,1,1,4.2,3.1,-1.1,,9.6,4.2,0,4.2,0,1,0,5,0,1,1
11,6,1,5,0,0,1,0.1,11.4,11.3,,1.1,2.8,2.2,0.6,0,1,3,1,0,1,0
11,7,1,2,0,1,1,3.4,7,3.6,2.6,1.6,4.5,1,0.6,2.9,1,2,1,3,1,1
11,8,1,9,0,0,1,0.2,5.6,5.4,0.5,8.3,4.3,2.2,1.5,0.6,1,3,2,1,1,1
11,9,1,4,0,0,1,1,7.8,6.8,0.8,4.3,4.8,2.1,1.4,1.3,1,2,1,1,1,1
11,10,1,7,0,0,1,8.3,4.3,-4,0.5,3.5,2.1,0,0,2.1,1,0,0,3,1,1
11,11,1,11,0,0,1,1.9,3.6,1.7,4.8,3,3.8,0.6,2.5,0.7,1,1,2,1,1,1
11,12,1,8,0,0,1,0.2,2.8,2.6,6.2,0.9,2.2,1.5,0,0.7,1,2,0,1,1,1
11,13,1,6,0,0,1,3.7,7.8,4.1,3.5,1.5,5.5,1.4,2.3,1.8,1,2,1,1,1,1
11,14,1,8,0,1,1,2,0.1,-1.9,1.5,0.4,4.4,0,0,4.4,1,0,0,6,1,1
11,15,1,4,0,1,1,1,0.9,-0.1,2.5,0.9,6,1,0,5,1,1,0,6,1,1
11,16,1,5,0,0,1,3.3,3.4,0.1,0.8,8,7.1,0.9,5.3,0.9,1,1,4,2,1,1
11,17,1,2,0,1,1,0.3,4.9,4.6,2.6,0.7,3.9,2,0.4,1.5,1,3,1,3,1,1
11,18,1,7,1,0,0,1.4,4.2,2.8,1.1,0.6,2.8,1.3,0,1.5,1,2,0,3,1,0
11,19,1,0,0,0,1,0.4,0.4,0,0.6,0.6,8.6,0.8,0,7.8,1,1,0,9,1,1
11,20,1,10,1,1,0,2.5,6.7,4.2,6.9,0.7,1.8,0.5,0,1.3,1,1,0,1,1,0
11,21,1,3,1,1,1,2.5,1.8,-0.7,4.7,0.7,3.7,0,1,2.7,1,0,1,4,1,1
11,22,1,5,0,0,1,3.7,4.3,0.6,3.5,1.2,5.2,1.8,0,3.4,1,2,0,4,1,1
11,23,1,8,1,0,1,1.5,4.6,3.1,2.6,0.6,2.6,0.8,0,1.8,1,2,0,2,1,1
11,24,1,9,1,0,1,2.6,11.2,8.6,1.5,0.8,8.3,7.8,0,0.5,1,5,0,1,1,1
11,25,2,10,0,1,1,4.5,4.1,-0.4,0.4,0.9,2,0,0.4,1.6,1,0,1,3,1,1
11,26,2,11,0,1,1,0.2,6.5,6.3,,6.7,2.3,1.6,0.7,0,1,3,1,0,1,1
11,27,2,6,0,0,1,1.1,8.7,7.6,0.9,4.5,2.3,1.4,0.5,0.4,1,2,1,1,1,1
11,28,2,3,1,0,1,1.4,4.5,3.1,6.7,2,2,1.6,0,0.4,1,2,0,1,1,1
11,29,2,11,0,1,1,0.6,6.8,6.2,1.6,0.5,6.4,3.4,0.5,2.5,1,3,1,3,1,1
11,30,2,4,0,1,1,0.4,4.5,4.1,0.8,8.8,6.4,2,4,0.4,1,3,4,1,1,1
11,31,2,1,0,0,1,0.6,7,6.4,,6.4,6.2,2.7,3.5,0,1,4,3,0,1,1
11,32,2,9,0,1,1,0,9.5,9.5,,4.1,6.5,4.7,1.8,0,1,5,3,0,1,1
11,33,2,3,0,1,1,1.2,3.4,2.2,2.2,2.8,6.1,1,0.4,4.7,1,2,1,6,1,1
11,34,2,11,0,1,1,1.2,0.3,-0.9,,13.1,5,0,5,0,1,0,6,0,1,1
11,35,2,10,0,1,1,1.1,1.1,0,,8.4,2.3,0.4,1.9,0,1,1,3,0,1,1
11,36,2,0,0,1,1,0.3,5.3,5,,5.4,5.4,2.8,2.6,0,1,4,3,0,1,1
11,37,2,10,0,1,1,2,1.1,-0.9,0.4,0.5,7.2,0,0,7.2,1,0,0,8,1,1
11,38,2,2,0,1,1,0,0.1,0.1,0.4,12,5,0.4,4.1,0.5,1,1,3,1,1,1
11,39,2,3,0,1,1,0.2,4.6,4.4,0.8,8.6,7.6,2.4,4.8,0.4,1,2,6,1,1,1
11,40,2,8,0,0,1,0.1,2.2,2.1,1.6,8.6,5.7,0.8,4.3,0.6,1,2,6,1,1,1
11,41,2,0,0,1,1,0.1,2.7,2.6,1.4,6.9,7.3,1,4.9,1.4,1,2,4,2,1,1
11,42,2,3,1,1,1,3.1,3.6,0.5,0.4,8.9,2.3,0.6,0.9,0.8,1,1,2,1,1,1
11,43,2,8,1,1,1,5.7,4.6,-1.1,,3.5,0.4,0,0.4,0,1,0,1,0,1,1
11,44,2,6,1,1,0,3,5.2,2.2,0.8,3.5,0.9,0.5,0,0.4,1,1,0,1,1,0
11,45,2,7,1,0,0,0.7,10.3,9.6,2.3,0.5,1.5,0.8,0,0.7,1,1,0,1,1,0
11,46,2,0,1,0,0,1.1,,,,,,,,,1,,,,0,0
11,47,2,9,1,1,1,3.2,2.8,-0.4,,10.4,1.3,0,1.3,0,1,0,2,0,1,1
11,48,2,3,1,1,1,6.7,0.1,-6.6,5.5,1.1,2.3,0,0,2.3,1,0,0,4,1,1
11,49,3,0,0,1,1,0.1,0,-0.1,1.4,5.3,7.1,0.6,2.4,4.1,1,1,3,4,1,1
11,50,3,9,0,0,1,1.7,0,-1.7,2.7,6.6,4,0,2.9,1.1,1,0,2,1,1,1
11,51,3,11,1,0,0,1,3.6,2.6,,0.4,0.8,0.4,0.4,0,1,1,1,0,1,0
11,52,3,0,1,1,1,0,1.1,1.1,1.9,2.5,5.4,0.7,1.6,3.1,1,1,1,3,1,1
11,53,3,3,1,1,1,1.2,0.6,-0.6,,1.7,1.4,0,1.4,0,1,0,2,0,1,1
11,54,3,1,0,1,1,0.1,2.5,2.4,3.6,0.5,8.6,3.1,0,5.5,1,3,0,3,1,1
11,55,3,0,1,1,1,1.3,3.3,2,2.8,1.1,8.5,2.3,2.6,3.6,1,2,1,3,1,1
11,56,3,3,0,0,1,0,,,,,,,,,1,,,,0,1
11,57,3,11,0,1,1,0,0,0,3.9,0.7,5.7,0.6,0.5,4.6,1,1,1,6,1,1
11,58,3,1,0,0,1,1.4,,,,,,,,,1,,,,0,1
11,59,3,7,0,1,1,0.3,9.2,8.9,0.4,2.9,6.1,3.1,1.9,1.1,1,5,2,2,1,1
11,60,3,10,0,1,1,0.3,0.1,-0.2,0.6,5.5,5.5,0.8,2.2,2.5,1,1,3,4,1,1
11,61,3,0,0,1,1,0.7,0.3,-0.4,0.8,0.6,10.5,0,0.9,9.6,1,0,1,11,1,1
11,62,3,10,0,1,1,2.6,0.3,-2.3,1.8,2.3,5.7,0,1.7,4,1,0,1,3,1,1
11,63,3,6,1,0,0,11.5,,,,,,,,,1,,,,0,0
11,64,3,7,1,1,1,0.5,3.3,2.8,2.1,4.7,6,3.2,1.2,1.6,1,3,2,2,1,1
11,65,3,0,1,1,1,0.9,0.5,-0.4,1.1,0.8,5.3,0,1,4.3,1,0,1,3,1,1
11,66,3,2,0,1,1,0.5,0.5,0,2.5,1.8,5.4,0.8,0.6,4,1,1,1,5,1,1
11,67,3,3,1,1,1,0.5,0.5,0,6.2,3.5,1.5,0.5,0,1,1,1,0,1,1,1
11,68,3,4,1,1,1,0.7,2,1.3,1.6,4.8,2.7,2.2,0,0.5,1,2,0,1,1,1
11,69,3,3,0,0,1,0,0,0,2.7,3.7,7.3,2.2,3.2,1.9,1,1,2,3,1,1
11,70,3,8,0,1,1,0.1,2.9,2.8,1.1,8.1,5.2,2,1.9,1.3,1,3,4,2,1,1
11,71,3,6,1,1,1,0.4,3,2.6,0.8,6,7.4,2.4,2.7,2.3,1,3,3,2,1,1
11,72,3,4,1,1,1,4.6,0.7,-3.9,0.9,7.1,2.7,0,1.5,1.2,1,0,1,2,1,1
11,73,4,9,0,1,1,0.4,1.3,0.9,1.3,0.5,11.3,2.5,0,8.8,1,2,0,8,1,1
11,74,4,2,0,1,1,0.3,3.7,3.4,,8.4,8.1,2.6,5.5,0,1,3,6,0,1,1
11,75,4,6,1,0,0,1.2,,,,,,,,,1,,,,0,0
11,76,4,4,1,0,0,0,,,,,,,,,1,,,,0,0
11,77,4,9,1,0,0,1.4,,,,,,,,,1,,,,0,0
11,78,4,10,0,1,1,0.6,0.2,-0.4,,11.7,5.2,0,5.2,0,1,0,7,0,1,1
11,79,4,8,1,1,0,0.7,10.9,10.2,0.6,1.2,5.2,4.8,0,0.4,1,6,0,1,1,0
11,80,4,1,1,0,0,0.4,,,,,,,,,1,,,,0,0
11,81,4,5,1,1,0,10.9,7.1,-3.8,3.2,0.6,0.7,0,0,0.7,1,0,0,1,1,0
11,82,4,11,0,1,1,1.3,0.4,-0.9,0.3,0.6,8.7,0,0,8.7,1,0,0,11,1,1
11,83,4,5,0,1,1,0.3,0.4,0.1,2.5,0.5,7.5,1.9,0,5.6,1,1,0,7,1,1
11,84,4,10,0,1,1,0.5,0.1,-0.4,1.2,6.4,2.8,0,0.9,1.9,1,0,2,2,1,1
11,85,4,6,0,1,1,0.8,0.3,-0.5,2.5,7.9,8.5,0,5.4,3.1,1,0,6,5,1,1
11,86,4,4,0,1,1,0.1,5.9,5.8,0.5,6.2,8.1,4.5,2.6,1,1,4,3,2,1,1
11,87,4,8,0,1,1,0.1,0.2,0.1,1,2.9,2.6,1.1,0,1.5,1,1,0,3,1,1
11,88,4,3,0,0,1,1.1,2.4,1.3,3.5,3.9,2.6,1.5,0.6,0.5,1,2,1,1,1,1
11,89,4,0,0,1,1,0.7,6.7,6,0.5,6,8.8,4.6,0.4,3.8,1,6,1,2,1,1
11,90,4,2,0,1,1,6.3,11.5,5.2,,1.4,4.7,4.1,0.6,0,1,4,1,0,1,1
11,91,4,11,1,0,1,0.6,7.7,7.1,4.6,0.4,7.3,6.7,0,0.6,1,5,0,1,1,1
11,92,4,4,1,0,0,0,,,,,,,,,1,,,,0,0
11,93,4,7,1,1,1,1.9,1.7,-0.2,1.1,10.4,9.4,1.8,6.1,1.5,1,1,6,1,1,1
11,94,4,8,1,1,1,0.4,0.6,0.2,0.4,1.2,9.1,0.4,0.6,8.1,1,1,1,5,1,1
11,95,4,3,0,1,1,0,4.6,4.6,2.4,1.2,6,2.5,0.6,2.9,1,4,1,3,1,1
11,96,4,0,1,1,1,1.6,0,-1.6,2.7,10.5,5.1,0,4.1,1,1,0,3,1,1,1
11,97,5,2,0,0,1,0.5,5.5,5,0.8,1.7,4.7,3.2,0.8,0.7,1,3,1,1,1,1
11,98,5,0,0,0,1,0.1,0,-0.1,2.2,4,6.9,0.5,2.4,4,1,1,3,5,1,1
11,99,5,9,0,1,1,0.3,9.2,8.9,0.4,4.2,6.9,6.1,0.4,0.4,1,6,1,1,1,1
11,100,5,10,0,1,1,0.6,5.5,4.9,1,5.8,4.7,2.3,1.1,1.3,1,3,2,2,1,1
11,101,5,5,1,0,1,1.9,12.3,10.4,,0.7,6.2,6.2,0,0,1,8,0,0,1,1
11,102,5,11,0,1,1,2.1,3.5,1.4,5.3,2.7,3.9,0.4,1.9,1.6,1,1,1,2,1,1
11,103,5,0,0,1,1,0,0,0,0.7,9.8,8.5,2,4.8,1.7,1,1,5,3,1,1
11,104,5,10,1,1,1,0.5,0.2,-0.3,,6,1.3,0.4,0.9,0,1,1,2,0,1,1
11,105,5,9,0,1,1,1.3,0,-1.3,4.4,6.3,2,0,0.6,1.4,1,0,1,2,1,1
11,106,5,10,0,0,1,1.4,,,,,,,,,1,,,,0,1
11,107,5,2,0,0,1,0.8,1,0.2,5.2,3.9,4.7,0.5,2.2,2,1,1,2,3,1,1
11,108,5,6,0,1,1,0.7,1.6,0.9,0.7,1.5,4,1.3,0.8,1.9,1,1,1,3,1,1
11,109,5,9,0,1,1,2.4,0.2,-2.2,0.9,1.3,2.5,0,0,2.5,1,0,0,4,1,1
11,110,5,7,0,1,1,0.4,1,0.6,7.7,3.8,2.2,0.8,0.7,0.7,1,1,1,1,1,1
11,111,5,2,1,0,1,1.2,0.4,-0.8,3.8,9.9,6.2,0,5.8,0.4,1,0,8,1,1,1
11,112,5,4,0,1,1,0.4,2.9,2.5,2.1,7.8,6.8,2.1,3.6,1.1,1,2,3,2,1,1
11,113,5,3,0,1,1,0,1.1,1.1,4,7.6,1.8,0.9,0.5,0.4,1,1,1,1,1,1
11,114,5,8,0,1,1,1,3,2,0.6,2.4,2.7,1.2,0.5,1,1,2,1,2,1,1
11,115,5,2,0,0,1,0.8,5.3,4.5,2.8,1.3,4,2.4,0,1.6,1,3,0,3,1,0
11,116,5,7,1,0,1,0,1.8,1.8,1.7,0.5,4.3,1.8,1,1.5,1,2,1,3,1,1
11,117,5,1,1,0,1,1.4,1.9,0.5,1,2,6.5,1.2,1.5,3.8,1,1,2,3,1,1
11,118,5,11,0,0,0,0,,,,,,,,,1,,,,0,0
11,119,5,2,0,0,1,0.8,0.8,0,3.4,3.5,2.3,0.6,0,1.7,1,1,0,3,1,1
11,120,5,3,1,0,0,1,0.1,-0.9,,0.6,0.4,0,0.4,0,1,0,1,0,1,0
14,1,1,2,1,0,0,7.6,2,-5.6,4.6,1,2.1,0,0,2.1,1,0,0,3,1,0
14,2,1,7,0,1,1,0.6,1.2,0.6,1.7,1.3,4.9,1.3,0.6,3,1,1,1,4,1,1
14,3,1,1,1,0,1,3.8,6.1,2.3,2.6,1.1,1.8,0.5,0.5,0.8,1,1,1,1,1,0
14,4,1,3,0,1,1,1.3,1.4,0.1,2.8,1.5,5.6,1.1,0.6,3.9,1,1,1,3,1,1
14,5,1,6,0,0,1,2.8,3.8,1,0.9,1.1,3.7,1.5,0.7,1.5,1,1,1,3,1,1
14,6,1,5,0,1,1,1,2.2,1.2,8.5,1.5,3.9,2.5,0,1.4,1,1,0,2,1,1
14,7,1,2,0,1,1,0.1,1.1,1,3.8,1.4,7.1,2,0,5.1,1,1,0,5,1,1
14,8,1,9,0,1,1,5.4,0.5,-4.9,3.4,1.5,4,0,0,4,1,0,0,3,1,1
14,9,1,4,0,0,1,0.3,0.6,0.3,5.4,1.1,2.6,1.3,0,1.3,1,1,0,2,1,1
14,10,1,7,0,0,1,0,0.5,0.5,,1.1,1.3,1.3,0,0,1,1,0,0,1,1
14,11,1,11,0,0,0,1.3,,,,,,,,,1,,,,0,0
14,12,1,8,0,0,1,4.8,1.2,-3.6,2.9,0.7,1.9,0,0,1.9,1,0,0,3,1,1
14,13,1,6,0,1,1,1.2,3.5,2.3,2.8,1.1,6.8,2.3,0,4.5,1,2,0,2,1,1
14,14,1,8,0,1,1,0.8,1.4,0.6,3.3,1.4,6.9,1.5,0,5.4,1,1,0,7,1,1
14,15,1,4,0,0,0,4.4,,,,,,,,,1,,,,0,0
14,16,1,5,0,1,1,0.8,0.9,0.1,8.2,1,1.4,1,0,0.4,1,1,0,1,1,1
14,17,1,2,0,0,0,0,,,,,,,,,1,,,,0,0
14,18,1,7,1,0,0,6,2,-4,2.1,1.9,2.5,0,0,2.5,1,0,0,4,1,0
14,19,1,0,0,0,1,0.1,1.3,1.2,2.1,1,3.1,1.5,0,1.6,1,1,0,2,1,1
14,20,1,10,1,0,0,2.9,,,,,,,,,1,,,,0,0
14,21,1,3,1,0,0,2,,,,,,,,,1,,,,0,0
14,22,1,5,0,1,1,0,0.9,0.9,1.3,1.5,4.9,1.6,0,3.3,1,1,0,4,1,1
14,23,1,8,1,0,0,,1.6,,,1.6,,,,,1,,,,1,0
14,24,1,9,1,1,1,2.3,3.3,1,3.3,1.3,6.3,1.7,0,4.6,1,1,0,4,1,1
14,25,2,10,0,1,0,7.2,1.4,-5.8,4.8,1,3.1,0,0,3.1,1,0,0,2,1,0
14,26,2,11,0,1,1,1.6,2.8,1.2,3.3,1.2,4.5,1.8,0,2.7,1,1,0,4,1,1
14,27,2,6,0,0,1,0.1,6.8,6.7,3.8,1,4.2,2.6,0,1.6,1,3,0,2,1,1
14,28,2,3,1,0,0,7.4,1.3,-6.1,5.6,0.5,1.1,0,0,1.1,1,0,0,2,1,0
14,29,2,11,0,1,1,0.8,2,1.2,1.8,1.4,3.9,0.8,1.2,1.9,1,1,1,2,1,1
14,30,2,4,0,0,1,1.9,1.4,-0.5,4,1.1,1.2,0,0.4,0.8,1,0,1,1,1,1
14,31,2,1,0,1,1,0.5,1.5,1,4.8,1.3,6.1,1.5,0,4.6,1,1,0,5,1,1
14,32,2,9,0,1,1,4,0.6,-3.4,2.2,1.2,5,0,0,5,1,0,0,5,1,1
14,33,2,3,0,1,0,3.7,0.4,-3.3,2.3,1,5.2,0,0,5.2,1,0,0,6,1,0
14,34,2,11,0,0,1,0.9,1.1,0.2,3.9,0.7,4.8,0.7,0.4,3.7,1,1,1,4,1,0
14,35,2,10,0,0,1,1,1.2,0.2,2.2,0.4,2.9,0.6,0,2.3,1,1,0,3,1,0
14,36,2,0,0,1,1,0,0.3,0.3,3.7,1.2,1.4,0.8,0,0.6,1,1,0,1,1,1
14,37,2,10,0,0,1,1.5,2.7,1.2,1.7,1,8,2.2,0,5.8,1,2,0,4,1,1
14,38,2,2,0,0,1,0.8,0.5,-0.3,1.1,1.2,7.4,0,1.5,5.9,1,0,1,5,1,0
14,39,2,3,0,0,1,0,0.1,0.1,2,1.1,4.4,0.7,0,3.7,1,1,0,4,1,1
14,40,2,8,0,0,0,2.4,0.5,-1.9,0.4,1.5,0.5,0,0,0.5,1,0,0,1,1,0
14,41,2,0,0,1,1,0,0.2,0.2,4.5,1.2,2.8,0.9,0,1.9,1,1,0,3,1,1
14,42,2,3,1,0,0,,0.7,,,1.1,,,,,1,,,,1,0
14,43,2,8,1,0,1,5,1.8,-3.2,2.1,1.1,2.1,0,0,2.1,1,0,0,3,1,1
14,44,2,6,1,0,0,4.8,1.3,-3.5,2.5,1,2.2,0,0,2.2,1,0,0,2,1,0
14,45,2,7,1,0,0,3.2,1.6,-1.6,0.4,1.2,2.3,0,0,2.3,1,0,0,2,1,0
14,46,2,0,1,1,1,1.3,0.6,-0.7,2.7,1.1,3.5,0,1.6,1.9,1,0,1,2,1,1
14,47,2,9,1,0,1,1.9,1.5,-0.4,1.5,1,1.9,0,0.8,1.1,1,0,1,2,1,1
14,48,2,3,1,1,1,0.9,0,-0.9,3.8,1,7.2,0,1.3,5.9,1,0,1,6,1,1
14,49,3,0,0,1,1,3.7,0.4,-3.3,2.4,0.9,3,0,0,3,1,0,0,4,1,1
14,50,3,9,0,1,0,9.4,0,-9.4,8.7,0.7,0.8,0,0,0.8,1,0,0,1,1,0
14,51,3,11,1,0,1,1.9,0.6,-1.3,2.9,1,1.4,0,0.5,0.9,1,0,1,1,1,1
14,52,3,0,1,1,1,4.5,0.6,-3.9,2.8,1.1,5,0,0,5,1,0,0,5,1,1
14,53,3,3,1,1,1,1,0.2,-0.8,,1.3,0.4,0,0.4,0,1,0,1,0,1,1
14,54,3,1,0,1,1,0.2,1.2,1,2.6,0.8,7.2,1.3,0,5.9,1,1,0,6,1,1
14,55,3,0,1,1,1,0.3,0.5,0.2,3.5,1,5.7,0.5,2.3,2.9,1,1,2,4,1,1
14,56,3,3,0,1,1,0,0.3,0.3,5.8,0.8,3.1,0.5,0.7,1.9,1,1,1,2,1,1
14,57,3,11,0,1,1,0.5,1.1,0.6,2.2,1.1,3.2,0.8,0.4,2,1,1,1,3,1,1
14,58,3,1,0,1,1,0.7,1.5,0.8,2.5,0.8,5.4,1.1,0,4.3,1,1,0,4,1,1
14,59,3,7,0,1,1,1.6,3.4,1.8,1.5,1.1,4.2,1.8,0,2.4,1,2,0,4,1,1
14,60,3,10,0,1,1,0.6,1.7,1.1,3.9,1,3.6,2,0,1.6,1,1,0,3,1,1
14,61,3,0,0,1,1,13.3,0.4,-12.9,11.9,1,2,0,0,2,1,0,0,1,1,1
14,62,3,10,0,1,1,3.5,0.3,-3.2,2.2,1,1.1,0,0,1.1,1,0,0,2,1,1
14,63,3,6,1,0,1,1.5,1.3,-0.2,0.8,1.1,2,0.6,0,1.4,1,1,0,2,1,1
14,64,3,7,1,1,1,0.3,2.1,1.8,5.1,1.4,3.4,0.7,1.5,1.2,1,1,1,2,1,1
14,65,3,0,1,1,1,0.3,0.1,-0.2,8.3,0.9,6.2,4.6,0,1.6,1,1,0,2,1,1
14,66,3,2,0,1,1,0.3,1.7,1.4,7.1,0.8,4.6,2.1,0,2.5,1,2,0,3,1,1
14,67,3,3,1,0,1,1.4,0.5,-0.9,5,1.1,2.2,0,0.8,1.4,1,0,1,2,1,1
14,68,3,4,1,0,1,1.1,0.8,-0.3,11.3,1,1.7,0.6,0.4,0.7,1,1,1,1,1,0
14,69,3,3,0,1,0,5,0,-5,4.2,0.8,1.9,0,0,1.9,1,0,0,2,1,1
14,70,3,8,0,1,1,1.2,2.8,1.6,2.7,1,5.7,1.4,0,4.3,1,2,0,4,1,1
14,71,3,6,1,1,1,0.6,2.3,1.7,2.1,1.3,4.8,2.2,0,2.6,1,3,0,3,1,1
14,72,3,4,1,0,1,1,0.5,-0.5,0.5,1,1.9,0,0.4,1.5,1,0,1,2,1,0
14,73,4,9,0,1,1,2.3,8.3,6,2.6,1.5,11.5,5.3,0,6.2,1,5,0,6,1,1
14,74,4,2,0,1,1,0.8,4.5,3.7,2.1,1.6,8.1,4.5,0,3.6,1,3,0,3,1,1
14,75,4,6,1,0,1,0.8,5.7,4.9,0.3,0.8,6.9,4.2,0,2.7,1,2,0,3,1,1
14,76,4,4,1,0,1,0,12.2,12.2,1.1,1,9.8,7.9,0,1.9,1,6,0,1,1,1
14,77,4,9,1,0,0,1.6,,,,,,,,,1,,,,0,0
14,78,4,10,0,1,1,0,1,1,3.8,1.3,5.7,2.6,0,3.1,1,1,0,2,1,1
14,79,4,8,1,1,1,1.2,4.5,3.3,8.9,0.5,4.1,3.5,0,0.6,1,3,0,1,1,1
14,80,4,1,1,0,1,0.6,2.2,1.6,5.8,0.4,6,5.1,0,0.9,1,2,0,2,1,0
14,81,4,5,1,0,1,2.1,1.4,-0.7,1.2,0.5,2.7,0,0.4,2.3,1,0,1,3,1,1
14,82,4,11,0,1,1,0,0.5,0.5,2.7,1.9,6,1.5,0.9,3.6,1,1,1,4,1,1
14,83,4,5,0,0,1,0,,,,,,,,,1,,,,0,0
14,84,4,10,0,1,0,2.3,0.4,-1.9,0.9,1,3.7,0,0,3.7,1,0,0,4,1,0
14,85,4,6,0,1,1,0.3,2.6,2.3,1.2,1.2,8.4,2.9,0,5.5,1,2,0,4,1,1
14,86,4,4,0,1,1,0,0.6,0.6,1.5,1.8,6.7,3,0,3.7,1,1,0,6,1,1
14,87,4,8,0,1,1,0.2,0.6,0.4,1.2,2.1,5.9,3.3,0,2.6,1,1,0,3,1,1
14,88,4,3,0,1,1,0.7,1.8,1.1,0.7,1.3,4.1,2.3,0,1.8,1,1,0,2,1,1
14,89,4,0,0,1,1,0.6,1.5,0.9,1.7,1.4,4.4,1.4,0.5,2.5,1,1,1,3,1,1
14,90,4,2,0,1,1,0.4,8.2,7.8,0.9,2,8,6.8,0,1.2,1,4,0,2,1,1
14,91,4,11,1,1,1,0,0.3,0.3,1.1,1.9,8.3,0.6,1.5,6.2,1,1,2,7,1,1
14,92,4,4,1,1,1,0,2.1,2.1,5.5,1.9,9.8,6.6,0,3.2,1,2,0,3,1,1
14,93,4,7,1,1,1,0.7,2.2,1.5,3.4,1.4,9.9,4.8,0,5.1,1,2,0,3,1,1
14,94,4,8,1,1,1,1.4,0.8,-0.6,3.3,1.5,6.7,0,3.7,3,1,0,1,3,1,1
14,95,4,3,0,1,1,0,0.5,0.5,1.6,1.2,9,1.1,0.6,7.3,1,1,1,5,1,1
14,96,4,0,1,0,1,4.1,1,-3.1,2.3,0.8,7.1,0,0,7.1,1,0,0,4,1,0
14,97,5,2,0,0,1,0.3,,,,,,,,,1,,,,0,0
14,98,5,0,0,1,0,5,0.3,-4.7,3.3,1.4,4.5,0,0,4.5,1,0,0,3,1,1
14,99,5,9,0,1,1,0,1.3,1.3,2.8,2.5,5.9,2.3,0,3.6,1,2,0,3,1,1
14,100,5,10,0,1,1,2.5,3.8,1.3,6.9,1.6,4.4,1.9,1,1.5,1,1,1,1,1,1
14,101,5,5,1,0,1,2,8.3,6.3,0.9,0.5,4.9,3.4,0,1.5,1,3,0,2,1,0
14,102,5,11,0,1,1,1.6,3.2,1.6,5.6,1.3,5.7,1,3.3,1.4,1,2,1,2,1,1
14,103,5,0,0,1,1,0,0.7,0.7,1.2,2,5.8,1.8,0.4,3.6,1,1,1,3,1,1
14,104,5,10,1,0,1,0.5,,,,,,,,,1,,,,0,0
14,105,5,9,0,1,1,1.2,0.4,-0.8,4.7,1.4,3.3,0,1.5,1.8,1,0,1,3,1,1
14,106,5,10,0,1,1,0.4,1.3,0.9,0.3,0.9,4.4,1.7,0,2.7,1,1,0,3,1,1
14,107,5,2,0,1,1,0.5,1.7,1.2,0.8,1.6,6.4,2.6,0,3.8,1,1,0,2,1,1
14,108,5,6,0,1,1,3.4,0.7,-2.7,1.2,1.5,6.1,0,0,6.1,1,0,0,6,1,1
14,109,5,9,0,0,1,0.4,0.7,0.3,7.8,1,1.1,0.5,0,0.6,1,1,0,1,1,1
14,110,5,7,0,1,1,0.9,1.2,0.3,7.8,1.2,2.3,1.1,0,1.2,1,1,0,2,1,1
14,111,5,2,1,0,1,0.2,2.2,2,3.8,0.7,7.3,3.5,0,3.8,1,2,0,3,1,0
14,112,5,4,0,1,1,0.8,2.2,1.4,9.2,1.3,5.3,1.8,1.9,1.6,1,2,1,1,1,1
14,113,5,3,0,1,1,0.5,1.3,0.8,3.6,0.8,6.1,2.6,0,3.5,1,1,0,4,1,1
14,114,5,8,0,1,1,2.5,3.9,1.4,0.5,0.9,3.8,1.4,0,2.4,1,1,0,3,1,1
14,115,5,2,0,1,1,0.4,2,1.6,5.4,1.2,4.5,2.3,0,2.2,1,1,0,2,1,1
14,116,5,7,1,0,1,0.5,1,0.5,0.6,0.4,2.2,0.6,0,1.6,1,1,0,3,1,1
14,117,5,1,1,0,1,1.2,3,1.8,0.4,0.5,6.4,1.6,0,4.8,1,2,0,4,1,1
14,118,5,11,0,1,1,0.5,2.2,1.7,2.7,1,3.5,1.6,0,1.9,1,2,0,2,1,1
14,119,5,2,0,1,1,0.2,0.4,0.2,3.3,2.1,4.9,1,0.4,3.5,1,1,1,3,1,1
14,120,5,3,1,0,0,6.5,1.9,-4.6,4.2,0.4,0.4,0,0,0.4,1,0,0,1,1,0
15,1,1,2,1,1,1,,,,,2.9,1.2,0,0,1.2,1,0,0,2,1,1
15,2,1,7,0,1,1,1.3,2.9,1.6,0.7,1,10.1,1.5,0.7,7.9,1,1,1,7,1,1
15,3,1,1,1,0,1,3.6,5.8,2.2,,0.7,1.5,1.5,0,0,1,2,0,0,1,0
15,4,1,3,0,1,0,0.8,4,3.2,1.7,0.7,4.5,1.7,1.1,1.7,1,2,1,2,1,0
15,5,1,6,0,0,0,1.8,,,,,,,,,1,,,,0,0
15,6,1,5,0,1,1,1.1,7,5.9,6.3,0.6,8.4,7.6,0,0.8,1,3,0,1,1,1
15,7,1,2,0,1,0,2.4,5.2,2.8,0.5,0.7,4.8,0.9,0,3.9,1,2,0,3,1,0
15,8,1,9,0,0,0,0.7,,,,,,,,,1,,,,0,0
15,9,1,4,0,1,0,1.7,3.3,1.6,0.4,0.7,2.8,0.4,0,2.4,1,1,0,4,1,0
15,10,1,7,0,0,0,5.8,,,,,,,,,1,,,,0,0
15,11,1,11,0,0,0,2,3,1,8,0.4,1.4,0.5,0,0.9,1,1,0,1,1,0
15,12,1,8,0,0,0,1.6,2.4,0.8,,0.7,2.2,0.4,1.8,0,1,1,1,0,1,0
15,13,1,6,0,0,0,2.2,,,,,,,,,1,,,,0,0
15,14,1,8,0,1,1,0.7,1.2,0.5,1,0.7,5.5,0.4,0.4,4.7,1,1,1,7,1,1
15,15,1,4,0,0,0,0,,,,,,,,,1,,,,0,0
15,16,1,5,0,0,1,3.2,2.7,-0.5,1.6,0.5,1.6,0,0.4,1.2,1,0,1,2,1,0
15,17,1,2,0,1,1,1.5,2.4,0.9,1.2,1,7,0.5,1,5.5,1,1,1,7,1,1
15,18,1,7,1,0,0,0.8,,,,,,,,,1,,,,0,0
15,19,1,0,0,1,1,1.6,1.9,0.3,1.5,0.7,3.4,0.5,0,2.9,1,1,0,5,1,1
15,20,1,10,1,0,0,,3.2,,,0.5,,,,,1,,,,1,0
15,21,1,3,1,0,0,1.1,2,0.9,,0.6,0.4,0.4,0,0,1,1,0,0,1,0
15,22,1,5,0,0,0,0.1,6.9,6.8,0.5,0.6,2.1,0.4,0,1.7,1,1,0,2,1,0
15,23,1,8,1,0,0,5.7,7.6,1.9,,0.4,1,1,0,0,1,2,0,0,1,0
15,24,1,9,1,0,0,0,,,,,,,,,1,,,,0,0
15,25,2,10,0,0,0,5.3,,,,,,,,,1,,,,0,0
15,26,2,11,0,1,1,0,4.1,4.1,0.6,0.7,2.6,1.3,0.6,0.7,1,2,1,1,1,1
15,27,2,6,0,0,0,6.7,8.2,1.5,1,0.7,1.6,1.2,0,0.4,1,1,0,1,1,0
15,28,2,3,1,0,0,,3.5,,,0.7,,,,,1,,,,1,0
15,29,2,11,0,1,1,0.3,5.3,5,1.6,0.8,4.9,2.4,1.5,1,1,3,1,2,1,1
15,30,2,4,0,1,0,0,2.5,2.5,0.7,0.6,3.9,0.4,0.4,3.1,1,1,1,4,1,0
15,31,2,1,0,0,1,0.7,3.9,3.2,2.3,0.7,10.4,2.4,2.2,5.8,1,3,1,3,1,1
15,32,2,9,0,1,1,1,2.6,1.6,1.2,0.5,8.9,2.5,0,6.4,1,2,0,6,1,1
15,33,2,3,0,1,1,1.2,2,0.8,2.2,0.6,5.8,0.6,1.9,3.3,1,1,1,3,1,1
15,34,2,11,0,0,1,0,3.1,3.1,,0.6,2.1,1.2,0.9,0,1,2,1,0,1,1
15,35,2,10,0,0,0,0,5.1,5.1,,0.6,1.1,1.1,0,0,1,1,0,0,1,0
15,36,2,0,0,1,1,1.2,2.6,1.4,0.7,0.6,1.8,0.9,0.4,0.5,1,1,1,1,1,1
15,37,2,10,0,1,1,,,,,0.4,3.3,0,0,3.3,1,0,0,4,1,1
15,38,2,2,0,0,1,0.9,1.3,0.4,0.7,0.5,3,0.5,0,2.5,1,1,0,3,1,1
15,39,2,3,0,1,1,2.1,1.8,-0.3,2.7,0.5,3.9,2.7,0,1.2,1,1,0,2,1,1
15,40,2,8,0,1,0,2.2,3.1,0.9,1,0.5,1.8,0.6,0,1.2,1,1,0,2,1,1
15,41,2,0,0,0,0,0.6,,,,,,,,,1,,,,0,0
15,42,2,3,1,0,0,,3,,,1.1,,,,,1,,,,1,0
15,43,2,8,1,0,0,,2.5,,,0.9,,,,,1,,,,1,0
15,44,2,6,1,0,0,,5.7,,,0.6,,,,,1,,,,1,0
15,45,2,7,1,0,0,1.7,3,1.3,,0.7,0.4,0.4,0,0,1,1,0,0,1,0
15,46,2,0,1,0,1,2.1,6.2,4.1,1.3,0.6,2.2,1.8,0,0.4,1,2,0,1,1,0
15,47,2,9,1,0,0,1.5,3.1,1.6,7.9,0.8,0.9,0.4,0,0.5,1,1,0,1,1,0
15,48,2,3,1,0,1,2.4,4.2,1.8,,0.6,1.3,1.3,0,0,1,2,0,0,1,0
15,49,3,0,0,1,1,,,,,4.5,7,0,0.6,6.4,1,0,1,8,1,1
15,50,3,9,0,0,1,0.5,1.8,1.3,2.2,0.4,4.2,0.8,1.5,1.9,1,1,1,3,1,0
15,51,3,11,1,0,0,2.5,0.4,-2.1,1.7,0.4,1.2,0,0,1.2,1,0,0,2,1,0
15,52,3,0,1,0,0,2.7,0.9,-1.8,1.3,0.5,1.8,0,0,1.8,1,0,0,3,1,0
15,53,3,3,1,0,0,8.1,2.6,-5.5,5,0.5,1.4,0,0,1.4,1,0,0,2,1,0
15,54,3,1,0,0,1,0.7,1.8,1.1,1.8,0.5,12.3,2.8,0,9.5,1,2,0,6,1,0
15,55,3,0,1,0,1,0.5,0.9,0.4,2,0.9,7.7,0.9,1.4,5.4,1,1,1,4,1,0
15,56,3,3,0,1,1,0.5,3.7,3.2,2.1,0.8,7.9,2.2,1.8,3.9,1,2,1,4,1,1
15,57,3,11,0,1,1,0.9,8.1,7.2,1.7,0.9,10.5,5.1,1.8,3.6,1,3,1,3,1,1
15,58,3,1,0,1,1,1.3,7.2,5.9,3.7,0.7,8.4,6.2,0,2.2,1,3,0,1,1,1
15,59,3,7,0,1,1,2.1,10.2,8.1,,1,9.7,6.2,3.5,0,1,6,1,0,1,1
15,60,3,10,0,1,1,2.1,3.1,1,1.8,0.8,4.3,0.7,1.8,1.8,1,1,1,3,1,1
15,61,3,0,0,1,1,0.8,1.7,0.9,1.3,0.8,12.4,1.3,1.5,9.6,1,1,1,5,1,1
15,62,3,10,0,1,1,1.2,3.4,2.2,2,0.7,5.4,1.8,1.7,1.9,1,2,1,3,1,1
15,63,3,6,1,0,0,1.6,3.9,2.3,3.7,0.7,1.3,0.9,0,0.4,1,2,0,1,1,0
15,64,3,7,1,0,1,0.8,3.8,3,2.2,0.8,2.3,1.5,0,0.8,1,2,0,2,1,1
15,65,3,0,1,0,1,2,4.2,2.2,1.2,0.9,4.8,1.5,0,3.3,1,2,0,2,1,1
15,66,3,2,0,1,1,0,6.2,6.2,1.9,0.8,7.2,2.5,2.2,2.5,1,4,1,2,1,1
15,67,3,3,1,0,0,4.5,2.1,-2.4,1.7,0.7,1.5,0,0,1.5,1,0,0,2,1,0
15,68,3,4,1,0,1,1.7,3.6,1.9,7.9,0.9,2.4,1.5,0,0.9,1,2,0,1,1,0
15,69,3,3,0,0,0,2.7,1.8,-0.9,0.4,0.5,2.6,0,0,2.6,1,0,0,3,1,0
15,70,3,8,0,0,1,0.2,4.9,4.7,0.7,0.8,6.3,4.3,0,2,1,5,0,2,1,0
15,71,3,6,1,0,1,1.1,4.6,3.5,2.2,0.7,1.9,1.3,0,0.6,1,2,0,1,1,0
15,72,3,4,1,0,1,0.9,1.4,0.5,9.3,0.6,1.2,0.5,0,0.7,1,1,0,1,1,0
15,73,4,9,0,1,1,0,3,3,1.9,0.7,11.6,3.5,1.8,6.3,1,1,1,7,1,1
15,74,4,2,0,0,1,2.2,1.6,-0.6,3.4,0.9,9.6,0,3.1,6.5,1,0,1,5,1,1
15,75,4,6,1,0,1,0,4.1,4.1,,0.7,2.2,2.2,0,0,1,3,0,0,1,0
15,76,4,4,1,0,1,1.1,11.3,10.2,,0.8,6.5,6.5,0,0,1,6,0,0,1,0
15,77,4,9,1,0,1,0,8,8,3.1,0.8,3.7,2,0.6,1.1,1,3,1,2,1,0
15,78,4,10,0,1,1,0.6,8.8,8.2,2.2,0.8,9.8,6.5,1.8,1.5,1,6,1,1,1,1
15,79,4,8,1,0,1,0.4,3.1,2.7,7.6,0.8,2,1.6,0,0.4,1,2,0,1,1,1
15,80,4,1,1,0,1,0.4,1.3,0.9,1.7,0.9,3.8,1.4,0,2.4,1,2,0,3,1,1
15,81,4,5,1,0,1,1.5,2.9,1.4,7.5,0.6,1.7,0.9,0,0.8,1,2,0,1,1,0
15,82,4,11,0,1,1,0.5,3.3,2.8,0.4,0.8,8.8,2.9,0.5,5.4,1,2,1,7,1,1
15,83,4,5,0,1,1,1.2,2.7,1.5,2.4,0.8,8.5,1.8,2.1,4.6,1,2,1,4,1,1
15,84,4,10,0,0,1,1.1,2.9,1.8,2.2,0.6,5.4,3.1,0,2.3,1,3,0,3,1,1
15,85,4,6,0,1,1,0.7,6.5,5.8,1.8,0.9,11.3,6.7,0,4.6,1,5,0,2,1,1
15,86,4,4,0,1,1,0,1.3,1.3,1.4,0.6,11.1,1,0.7,9.4,1,1,1,6,1,1
15,87,4,8,0,1,1,0,0.7,0.7,1.5,0.6,7.4,0.5,1.5,5.4,1,1,1,5,1,1
15,88,4,3,0,1,1,1.6,1.5,-0.1,1.9,0.6,3.6,1.9,0,1.7,1,1,0,2,1,1
15,89,4,0,0,0,1,0,4.8,4.8,2.2,0.7,7.5,2,1.1,4.4,1,4,1,3,1,1
15,90,4,2,0,0,0,1.7,,,,,,,,,1,,,,0,0
15,91,4,11,1,0,1,1.3,1.6,0.3,2.7,0.8,2.3,0.8,0.5,1,1,1,1,2,1,1
15,92,4,4,1,0,1,0.6,5,4.4,0.7,1.1,4.4,3.1,0.4,0.9,1,3,1,2,1,1
15,93,4,7,1,0,1,0.4,3.6,3.2,2.1,0.8,4.1,2.2,1.2,0.7,1,3,1,1,1,1
15,94,4,8,1,0,1,0.5,0.9,0.4,3.6,0.8,3,0.4,0.6,2,1,1,1,2,1,1
15,95,4,3,0,0,1,1.8,1.5,-0.3,1.1,0.6,4.4,1.3,0,3.1,1,1,0,4,1,0
15,96,4,0,1,1,1,0.9,1.5,0.6,1.3,0.9,1.9,1,0,0.9,1,1,0,2,1,1
15,97,5,2,0,0,1,2.3,,,,,,,,,1,,,,0,0
15,98,5,0,0,1,1,0.1,0.1,0,2,0.4,9,1.7,0,7.3,1,1,0,10,1,1
15,99,5,9,0,0,1,0.5,3.8,3.3,5.2,0.8,4.7,3,0,1.7,1,3,0,2,1,1
15,100,5,10,0,1,1,0.2,9.5,9.3,0.5,1,4.7,1.9,0.8,2,1,3,1,4,1,1
15,101,5,5,1,0,0,0.4,,,,,,,,,1,,,,0,0
15,102,5,11,0,0,0,2.9,,,,,,,,,1,,,,0,0
15,103,5,0,0,0,1,0.1,3.1,3,0.4,0.5,7.7,2,0,5.7,1,3,0,5,1,0
15,104,5,10,1,0,0,0,,,,,,,,,1,,,,0,0
15,105,5,9,0,1,1,4,3.4,-0.6,1.5,0.8,5,0,1,4,1,0,1,4,1,1
15,106,5,10,0,1,1,1.1,1.4,0.3,0.8,0.7,4.9,0.5,0,4.4,1,1,0,5,1,1
15,107,5,2,0,1,1,4.6,3.8,-0.8,1.5,0.8,4.6,0,1.3,3.3,1,0,1,5,1,1
15,108,5,6,0,0,1,0.8,3.2,2.4,2.3,0.7,8.6,0.9,2.3,5.4,1,2,1,5,1,1
15,109,5,9,0,1,0,4.8,1.4,-3.4,2.9,0.5,3.4,0,0,3.4,1,0,0,4,1,1
15,110,5,7,0,1,1,1.6,1.4,-0.2,1.5,0.9,5.7,0.4,0,5.3,1,1,0,5,1,1
15,111,5,2,1,0,1,3.2,5.4,2.2,0.6,0.8,4.7,2.2,0,2.5,1,2,0,3,1,1
15,112,5,4,0,1,0,6.6,4.7,-1.9,1.2,0.7,5.3,0,0,5.3,1,0,0,5,1,1
15,113,5,3,0,1,1,2,1.7,-0.3,1.2,0.7,4.5,1,0,3.5,1,1,0,5,1,1
15,114,5,8,0,1,1,0.4,5.3,4.9,0.8,0.8,6.9,0.4,0.7,5.8,1,1,1,5,1,1
15,115,5,2,0,1,0,2.9,4.9,2,0.8,1,6.4,1.2,0,5.2,1,2,0,4,1,1
15,116,5,7,1,0,1,1.9,2.4,0.5,1,0.7,1.8,0.9,0,0.9,1,1,0,2,1,1
15,117,5,1,1,0,1,0.4,3.2,2.8,0.9,0.6,2.9,1.7,0,1.2,1,2,0,2,1,0
15,118,5,11,0,1,1,0.2,3.5,3.3,1.5,0.6,5.7,1.2,0.5,4,1,2,1,4,1,1
15,119,5,2,0,1,1,1.2,2.4,1.2,1.2,0.7,5.2,1.7,0,3.5,1,2,0,4,1,1
15,120,5,3,1,0,0,6.7,1.7,-5,4.6,0.4,0.7,0,0,0.7,1,0,0,1,1,0
17,1,1,2,1,1,1,1.9,4.3,2.4,1.8,1.9,4.4,2.6,0.4,1.4,1,2,1,2,1,1
17,2,1,7,0,0,1,0.9,2.1,1.2,1.3,2.6,3,1.1,0.4,1.5,1,2,1,3,1,1
17,3,1,1,1,1,1,1.1,2.1,1,5.7,0.7,3.7,1.3,1.7,0.7,1,1,1,1,1,1
17,4,1,3,0,0,1,0.3,1.5,1.2,1.2,2.1,3.4,1.1,0,2.3,1,1,0,3,1,1
17,5,1,6,0,0,1,3.3,2.9,-0.4,1.5,2.2,2.4,0,0.4,2,1,0,1,4,1,1
17,6,1,5,0,1,1,0.4,2,1.6,0.9,2.3,7.1,1.3,0.9,4.9,1,2,2,4,1,1
17,7,1,2,0,1,0,5.1,2.5,-2.6,0.7,2.4,6,0,0.4,5.6,1,0,1,4,1,0
17,8,1,9,0,0,1,0.1,1.3,1.2,0.7,3,5.4,1.4,1.5,2.5,1,2,2,4,1,1
17,9,1,4,0,0,0,5.4,1.2,-4.2,2.5,1.7,1.4,0,0,1.4,1,0,0,3,1,0
17,10,1,7,0,0,0,4,1.4,-2.6,0.9,1.7,1.2,0,0,1.2,1,0,0,2,1,0
17,11,1,11,0,0,1,2.1,1.1,-1,1,1.3,2.6,0,0.7,1.9,1,0,1,3,1,1
17,12,1,8,0,0,1,0.5,0.4,-0.1,1.3,2.6,2.2,1.2,0,1,1,1,0,2,1,1
17,13,1,6,0,1,0,4.4,2.2,-2.2,0.4,1.8,3.9,0,0,3.9,1,0,0,6,1,0
17,14,1,8,0,0,1,0.5,1.2,0.7,,2,2,0.9,1.1,0,1,1,2,0,1,1
17,15,1,4,0,0,1,1.1,2,0.9,10.6,1.5,3.1,1.8,0.9,0.4,1,2,1,1,1,1
17,16,1,5,0,0,0,0.3,2.3,2,2.7,1.2,1.2,0.4,0,0.8,1,1,0,1,1,0
17,17,1,2,0,1,1,0.4,2.3,1.9,1.9,2.9,8.9,2.6,3.2,3.1,1,2,2,5,1,1
17,18,1,7,1,0,0,0.6,,,,,,,,,1,,,,0,0
17,19,1,0,0,0,1,0.1,1.9,1.8,2.6,1.4,3.5,1.8,0,1.7,1,2,0,2,1,1
17,20,1,10,1,1,1,1.3,2.6,1.3,,2.4,3.1,2,1.1,0,1,1,1,0,1,1
17,21,1,3,1,0,0,0.6,,,,,,,,,1,,,,0,0
17,22,1,5,0,0,1,3.5,1.9,-1.6,10.2,1.9,4.4,0,4,0.4,1,0,1,1,1,1
17,23,1,8,1,1,1,0.8,3,2.2,,2.2,3.1,2.5,0.6,0,1,2,1,0,1,1
17,24,1,9,1,1,1,0,1.4,1.4,1.2,2.2,6.2,2.6,0.9,2.7,1,2,1,2,1,1
17,25,2,10,0,0,1,0.2,4.6,4.4,1.7,0.4,6.3,2.3,0.5,3.5,1,3,1,6,1,0
17,26,2,11,0,0,1,5.3,4.6,-0.7,1.8,2.7,4.7,0,1.4,3.3,1,0,2,3,1,1
17,27,2,6,0,0,1,1.2,7.5,6.3,0.6,2.6,7.2,4.9,0,2.3,1,5,0,2,1,1
17,28,2,3,1,1,1,0.4,2.9,2.5,,1.2,2.1,1.5,0.6,0,1,2,1,0,1,1
17,29,2,11,0,0,0,1.7,7.1,5.4,2.3,3,4.7,2.1,0.9,1.7,1,4,1,3,1,0
17,30,2,4,0,0,1,0.3,7.1,6.8,2.7,1.5,6.2,2.7,1.6,1.9,1,3,2,2,1,1
17,31,2,1,0,0,1,0.2,5.6,5.4,6,1.7,7.4,2.2,4.1,1.1,1,3,1,1,1,0
17,32,2,9,0,1,1,0.5,6.5,6,1.7,1.5,9.6,6,1.4,2.2,1,4,1,2,1,1
17,33,2,3,0,1,1,0.5,1.6,1.1,0.9,3.4,4.9,1.1,0.7,3.1,1,1,1,3,1,1
17,34,2,11,0,0,0,0.3,2.9,2.6,0.6,2.3,1.5,0.5,0,1,1,1,0,2,1,0
17,35,2,10,0,0,1,1.7,2.1,0.4,3.4,3.6,2.1,0.5,0.4,1.2,1,1,1,1,1,1
17,36,2,0,0,0,1,1.7,1.1,-0.6,4.5,3.3,2.5,0,1.4,1.1,1,0,2,2,1,1
17,37,2,10,0,0,1,2.4,2.5,0.1,1.3,2.2,4.7,0.6,0.8,3.3,1,1,1,3,1,1
17,38,2,2,0,0,1,1.1,1.6,0.5,5,2.5,4.3,0.4,2.2,1.7,1,1,1,3,1,1
17,39,2,3,0,0,1,0,,,,,,,,,1,,,,0,1
17,40,2,8,0,0,1,0.6,1.8,1.2,,1.9,2,1,1,0,1,2,1,0,1,1
17,41,2,0,0,0,1,0.6,0.9,0.3,5.3,3.2,4.4,0.5,1.2,2.7,1,1,1,3,1,1
17,42,2,3,1,1,1,0.8,2.7,1.9,1.2,2.9,4,3.5,0,0.5,1,2,0,1,1,1
17,43,2,8,1,0,0,0.8,,,,,,,,,1,,,,0,0
17,44,2,6,1,1,1,0.4,6.5,6.1,1.7,0.6,3,2.1,0,0.9,1,3,0,1,1,1
17,45,2,7,1,0,0,1.6,,,,,,,,,1,,,,0,0
17,46,2,0,1,1,1,2.4,3.3,0.9,0.9,4.6,6.6,2.3,3.4,0.9,1,1,3,1,1,1
17,47,2,9,1,1,1,0.2,2.6,2.4,1.8,3.5,9.6,6.4,0,3.2,1,1,0,4,1,1
17,48,2,3,1,0,0,6.8,2.6,-4.2,3.8,0.4,2.6,0,0,2.6,1,0,0,2,1,0
17,49,3,0,0,1,1,0.3,0.9,0.6,2.9,2.2,8.7,2.7,0.8,5.2,1,1,1,3,1,1
17,50,3,9,0,1,1,0.4,0.2,-0.2,7.1,2,2.7,0.5,0.8,1.4,1,1,1,1,1,1
17,51,3,11,1,1,0,0.7,6.2,5.5,3.5,0.7,5.2,2.5,0,2.7,1,4,0,1,1,1
17,52,3,0,1,1,1,2.3,0.9,-1.4,1.6,2,5.3,0,2.1,3.2,1,0,1,4,1,1
17,53,3,3,1,1,1,0,0.3,0.3,1.7,2.8,5,1.3,1.6,2.1,1,1,1,3,1,1
17,54,3,1,0,1,1,0.6,0.8,0.2,2.7,2,9,4.7,0,4.3,1,1,0,3,1,1
17,55,3,0,1,1,1,0,1.8,1.8,4.6,1.2,9.4,6.3,0,3.1,1,2,0,3,1,1
17,56,3,3,0,0,1,0.3,1,0.7,3.7,3.2,5.1,1.9,1.4,1.8,1,1,2,2,1,1
17,57,3,11,0,1,1,0.3,1.5,1.2,1.4,3.1,7,1.1,0,5.9,1,2,0,5,1,1
17,58,3,1,0,1,1,0.6,1.4,0.8,1.7,4.7,12.4,4.2,1.9,6.3,1,1,2,3,1,1
17,59,3,7,0,1,1,1.6,6.8,5.2,1,2.6,8.1,5.2,0,2.9,1,3,0,2,1,1
17,60,3,10,0,0,1,0.6,1.8,1.2,0.8,2,5.9,3,0,2.9,1,1,0,3,1,1
17,61,3,0,0,1,1,,,,,1.1,9.9,0,0,9.9,1,0,0,5,1,1
17,62,3,10,0,0,1,3.4,1.1,-2.3,0.4,1.9,2.2,0,0,2.2,1,0,0,2,1,1
17,63,3,6,1,0,0,1.5,,,,,,,,,1,,,,0,0
17,64,3,7,1,0,0,0.9,,,,,,,,,1,,,,0,0
17,65,3,0,1,1,1,7.6,4.7,-2.9,1.7,1.2,3.2,0,0,3.2,1,0,0,3,1,1
17,66,3,2,0,0,1,0,2.4,2.4,0.5,2.3,5.8,3.1,0.5,2.2,1,2,1,2,1,1
17,67,3,3,1,0,0,0,,,,,,,,,1,,,,0,0
17,68,3,4,1,0,0,0.4,,,,,,,,,1,,,,0,0
17,69,3,3,0,0,1,2.8,0.6,-2.2,1,1.2,1.8,0,0,1.8,1,0,0,3,1,0
17,70,3,8,0,1,1,0.4,1.2,0.8,0.4,2.5,4.6,2.7,0,1.9,1,1,0,3,1,1
17,71,3,6,1,0,0,1.4,,,,,,,,,1,,,,0,0
17,72,3,4,1,1,1,1.2,2.1,0.9,1.2,0.5,3.3,1.2,0,2.1,1,2,0,4,1,1
17,73,4,9,0,0,1,2.7,1.1,-1.6,0.4,1.2,7.5,0,0,7.5,1,0,0,7,1,0
17,74,4,2,0,0,1,0.6,1.8,1.2,1.3,3.2,8.7,3.9,0,4.8,1,1,0,4,1,1
17,75,4,6,1,1,1,0,1,1,0.6,0.4,4,1.8,0,2.2,1,1,0,2,1,1
17,76,4,4,1,0,0,0.3,,,,,,,,,1,,,,0,0
17,77,4,9,1,1,1,0.5,1.2,0.7,1.7,0.6,9.1,2,0,7.1,1,1,0,5,1,1
17,78,4,10,0,0,1,0,1.4,1.4,1.8,2.1,7.6,3.1,0,4.5,1,2,0,5,1,1
17,79,4,8,1,1,1,0,2.2,2.2,2.7,1.8,8,5.3,0,2.7,1,1,0,1,1,1
17,80,4,1,1,1,1,0,1,1,0.5,0.5,8.2,1.9,0,6.3,1,1,0,8,1,1
17,81,4,5,1,1,1,0.3,0.7,0.4,2,0.5,7.9,2.8,0,5.1,1,1,0,4,1,1
17,82,4,11,0,1,1,4.6,1.6,-3,0.5,2.5,5.1,0,0,5.1,1,0,0,7,1,1
17,83,4,5,0,0,1,0.6,0.6,0,0.5,3.3,5.4,0.5,1,3.9,1,1,2,3,1,1
17,84,4,10,0,0,1,3.2,1.1,-2.1,7.8,2.3,1.9,0,1.4,0.5,1,0,1,1,1,1
17,85,4,6,0,0,1,1,2.9,1.9,2.4,2,8.6,3.1,0.4,5.1,1,2,1,6,1,1
17,86,4,4,0,1,1,0.4,0.7,0.3,5.1,2.1,8.1,2.1,4.4,1.6,1,1,1,3,1,1
17,87,4,8,0,0,1,0,1.2,1.2,9.7,2.5,5.2,3.5,0.5,1.2,1,1,1,1,1,1
17,88,4,3,0,0,1,0.9,0.6,-0.3,2.6,1.3,4.5,0.7,0,3.8,1,1,0,2,1,0
17,89,4,0,0,1,0,2.9,0.4,-2.5,5.2,2.3,6.2,0,1.8,4.4,1,0,1,4,1,0
17,90,4,2,0,1,1,1.7,9.9,8.2,2.1,1.8,5.8,4.5,0.7,0.6,1,4,1,1,1,1
17,91,4,11,1,0,0,0,,,,,,,,,1,,,,0,0
17,92,4,4,1,1,1,0.5,2,1.5,2.5,0.8,8.6,4.2,0,4.4,1,1,0,5,1,1
17,93,4,7,1,1,1,0.4,2.5,2.1,1.3,1.1,7.4,3.5,0,3.9,1,2,0,5,1,1
17,94,4,8,1,1,1,0.9,0.9,0,,3.7,2.9,1.8,1.1,0,1,1,1,0,1,1
17,95,4,3,0,1,1,0,0,0,0.5,2.3,7.2,1.8,0,5.4,1,1,0,2,1,1
17,96,4,0,1,1,0,4.6,0,-4.6,1,3.6,4.2,0,0,4.2,1,0,0,4,1,1
17,97,5,2,0,0,1,2.5,3.4,0.9,5.3,3.7,1.7,1,0,0.7,1,2,0,1,1,1
17,98,5,0,0,1,1,0.3,0.5,0.2,2.4,3.4,8.8,3.2,0.9,4.7,1,1,1,5,1,1
17,99,5,9,0,1,1,1.9,0.4,-1.5,2.8,2.8,7.5,0,2.6,4.9,1,0,2,6,1,1
17,100,5,10,0,0,1,1.8,4.7,2.9,2.5,2.3,7.3,1.8,2.7,2.8,1,2,2,3,1,1
17,101,5,5,1,1,1,0.9,7.7,6.8,,3.5,6.1,3.9,2.2,0,1,4,1,0,1,1
17,102,5,11,0,0,1,0,4.2,4.2,0.8,2.6,10.1,5.3,0,4.8,1,4,0,3,1,1
17,103,5,0,0,1,1,1.9,2.2,0.3,0.6,4,8,1.7,1.1,5.2,1,1,2,4,1,1
17,104,5,10,1,1,1,0.9,1.3,0.4,4.8,4,5.5,2.1,1.4,2,1,1,1,1,1,1
17,105,5,9,0,0,1,2,0.2,-1.8,2.9,4.4,5.5,0,2.9,2.6,1,0,3,4,1,1
17,106,5,10,0,0,1,0.3,0.8,0.5,7.9,2.4,2.8,0.5,0.9,1.4,1,1,1,1,1,1
17,107,5,2,0,0,1,1.2,1.2,0,3.1,3.2,5.6,1.3,1.1,3.2,1,1,2,5,1,1
17,108,5,6,0,0,1,0.1,2.2,2.1,1.2,3,6.3,2.2,0.4,3.7,1,2,1,4,1,1
17,109,5,9,0,0,1,0,0.7,0.7,1,2.8,4.9,0.4,0.4,4.1,1,1,1,2,1,1
17,110,5,7,0,1,1,0,0.9,0.9,1.9,2.9,5.4,0.6,3.3,1.5,1,1,2,3,1,1
17,111,5,2,1,1,1,1.7,3.2,1.5,1.8,3.5,5.1,1.7,3,0.4,1,2,1,1,1,1
17,112,5,4,0,1,1,0.8,3.7,2.9,1.4,3.4,6.5,2.8,2.4,1.3,1,3,2,1,1,1
17,113,5,3,0,1,1,0.2,0.6,0.4,0.4,3,7.6,1.1,1.4,5.1,1,2,1,5,1,1
17,114,5,8,0,1,1,1.2,3.4,2.2,0.4,3.2,5.4,3.5,0,1.9,1,2,0,3,1,1
17,115,5,2,0,1,1,1.6,3.5,1.9,2.6,2.3,7.6,0.8,2.9,3.9,1,1,2,5,1,1
17,116,5,7,1,1,1,0.3,1.3,1,3.2,3.2,6,2.2,1.1,2.7,1,2,1,3,1,1
17,117,5,1,1,1,1,0.5,2.1,1.6,1,2.3,4.6,3.2,0,1.4,1,2,0,2,1,1
17,118,5,11,0,1,1,0.5,1,0.5,1.6,2.8,8.5,2.2,1.9,4.4,1,2,1,4,1,1
17,119,5,2,0,0,1,0.2,0.9,0.7,0.4,2.6,5.6,0.8,1.2,3.6,1,1,1,5,1,1
17,120,5,3,1,0,0,6.5,0.4,-6.1,4.7,1.4,0.4,0,0,0.4,1,0,0,1,1,0
18,1,1,2,1,0,0,0.2,,,,,,,,,1,,,,0,0
18,2,1,7,0,1,1,1.7,1.7,0,0.5,0.7,3.1,0.6,0,2.5,1,1,0,3,1,1
18,3,1,1,1,0,0,6.8,,,,,,,,,1,,,,0,0
18,4,1,3,0,1,1,1.5,0.7,-0.8,12.7,0.9,1,0,0.5,0.5,1,0,1,1,1,1
18,5,1,6,0,1,0,4.2,2,-2.2,1.3,0.9,2,0,0,2,1,0,0,3,1,1
18,6,1,5,0,1,0,0.4,2.4,2,1.1,1.4,5.2,0.5,0,4.7,1,1,0,2,1,0
18,7,1,2,0,0,0,6.2,3.6,-2.6,1.5,1.1,0.4,0,0,0.4,1,0,0,1,1,0
18,8,1,9,0,1,1,1,0.8,-0.2,2.5,0.6,3.3,0.6,0,2.7,1,1,0,4,1,1
18,9,1,4,0,0,0,8.8,0.9,-7.9,7,0.9,1.5,0,0,1.5,1,0,0,2,1,0
18,10,1,7,0,0,0,,0.8,,,0.8,,,,,1,,,,1,0
18,11,1,11,0,0,1,0,1.5,1.5,2.6,0.6,3.1,0.5,0.7,1.9,1,1,1,4,1,0
18,12,1,8,0,1,0,3.9,0.6,-3.3,2.6,0.7,0.6,0,0,0.6,1,0,0,1,1,0
18,13,1,6,0,1,1,2,2.5,0.5,0.8,0.7,3.4,0.5,0,2.9,1,1,0,5,1,1
18,14,1,8,0,1,1,1.6,1.1,-0.5,3.8,0.8,2.3,0,1,1.3,1,0,1,2,1,1
18,15,1,4,0,1,0,3.5,1.2,-2.3,1.5,0.8,1.4,0,0,1.4,1,0,0,2,1,1
18,16,1,5,0,0,0,5,1.7,-3.3,2.5,0.8,0.6,0,0,0.6,1,0,0,1,1,0
18,17,1,2,0,1,1,1.3,1.3,0,4.7,1.1,0.8,0.4,0,0.4,1,1,0,1,1,1
18,18,1,7,1,0,0,0.8,,,,,,,,,1,,,,0,0
18,19,1,0,0,0,0,14.2,1.1,-13.1,12.4,0.7,0.4,0,0,0.4,1,0,0,1,1,0
18,20,1,10,1,1,0,0.4,1.9,1.5,6.4,1.1,1.1,0.4,0,0.7,1,1,0,1,1,1
18,21,1,3,1,0,0,3.8,1.8,-2,1.4,0.6,0.6,0,0,0.6,1,0,0,1,1,0
18,22,1,5,0,0,0,4.4,1.3,-3.1,2.5,0.6,1,0,0,1,1,0,0,2,1,0
18,23,1,8,1,1,0,6.4,4.3,-2.1,1.5,0.6,0.5,0,0,0.5,1,0,0,1,1,1
18,24,1,9,1,1,1,0.7,1.7,1,0.7,0.6,8.1,1.7,0,6.4,1,1,0,2,1,1
18,25,2,10,0,0,1,2.5,4.6,2.1,2.2,0.7,3.6,0.7,0.4,2.5,1,1,1,4,1,0
18,26,2,11,0,1,0,1.7,0.4,-1.3,0.6,0.7,4.2,0,0,4.2,1,0,0,3,1,1
18,27,2,6,0,1,0,5.3,4.2,-1.1,0.3,0.8,2.2,0,0,2.2,1,0,0,3,1,1
18,28,2,3,1,0,0,3.8,0.9,-2.9,2.2,0.7,1,0,0,1,1,0,0,2,1,0
18,29,2,11,0,1,1,0,0.3,0.3,2.2,0.8,5.5,0.8,0.9,3.8,1,1,1,5,1,1
18,30,2,4,0,1,0,6.9,0.5,-6.4,5.7,0.7,3.9,0,0,3.9,1,0,0,3,1,1
18,31,2,1,0,1,1,0,1.3,1.3,2.3,0.9,6.4,1.3,0.9,4.2,1,2,1,4,1,1
18,32,2,9,0,1,0,1.5,0.4,-1.1,3,0.8,2.1,0,0.8,1.3,1,0,1,2,1,1
18,33,2,3,0,1,1,0.5,1,0.5,0.7,0.7,5,0.4,0.6,4,1,1,1,5,1,1
18,34,2,11,0,1,0,2.6,0.3,-2.3,1.6,0.7,1.2,0,0,1.2,1,0,0,2,1,1
18,35,2,10,0,0,0,5.4,2,-3.4,2.5,0.9,1.5,0,0,1.5,1,0,0,3,1,0
18,36,2,0,0,0,0,0.7,1.3,0.6,,0.8,0.4,0.4,0,0,1,1,0,0,1,0
18,37,2,10,0,0,0,12.9,1.8,-11.1,10.5,0.6,1.6,0,0,1.6,1,0,0,2,1,0
18,38,2,2,0,0,0,5,0.5,-4.5,3.5,1,1.8,0,0,1.8,1,0,0,4,1,0
18,39,2,3,0,0,0,5.4,0.7,-4.7,3.9,0.8,4.8,0,0,4.8,1,0,0,3,1,0
18,40,2,8,0,0,0,5.3,0.8,-4.5,3.7,0.8,2.4,0,0,2.4,1,0,0,2,1,0
18,41,2,0,0,0,1,1.6,0.9,-0.7,3.3,0.7,5.4,0,0.7,4.7,1,0,1,2,1,0
18,42,2,3,1,1,0,6,1.4,-4.6,4,0.6,1.6,0,0,1.6,1,0,0,2,1,0
18,43,2,8,1,0,0,,1.5,,,0.9,,,,,1,,,,1,0
18,44,2,6,1,1,0,5.2,1.8,-3.4,2.5,0.9,2.8,0,0,2.8,1,0,0,2,1,1
18,45,2,7,1,1,0,11.8,1.5,-10.3,9.5,0.8,0.4,0,0,0.4,1,0,0,1,1,1
18,46,2,0,1,1,1,0,0.9,0.9,1.4,1,5,1.1,0,3.9,1,1,0,6,1,1
18,47,2,9,1,1,1,1.6,1,-0.6,0.6,0.8,2.1,0,0.4,1.7,1,0,1,3,1,1
18,48,2,3,1,1,1,0.7,1.3,0.6,1.1,0.9,7.6,1.5,0.4,5.7,1,1,1,3,1,1
18,49,3,0,0,0,0,0.3,,,,,,,,,1,,,,0,0
18,50,3,9,0,0,1,0.3,1.3,1,5.8,0.5,3.3,1.2,0,2.1,1,1,0,2,1,0
18,51,3,11,1,1,1,4.6,0.7,-3.9,3.3,0.6,2.4,0,0,2.4,1,0,0,3,1,1
18,52,3,0,1,1,1,1.2,0.4,-0.8,0.9,0.7,4.6,0,0.5,4.1,1,0,1,4,1,1
18,53,3,3,1,1,0,2.8,0.4,-2.4,1.7,0.7,5.6,0,0,5.6,1,0,0,2,1,0
18,54,3,1,0,1,1,4.4,1,-3.4,2.7,0.7,6.8,0,0,6.8,1,0,0,6,1,1
18,55,3,0,1,1,1,0.4,1.1,0.7,1.3,1,10.5,2.9,0,7.6,1,1,0,4,1,1
18,56,3,3,0,1,1,1.6,1.4,-0.2,1.4,0.8,5.5,1.4,0,4.1,1,1,0,6,1,1
18,57,3,11,0,1,1,0.9,2.4,1.5,1.4,1.1,9.5,3.6,0,5.9,1,1,0,6,1,1
18,58,3,1,0,1,1,0.3,0.6,0.3,1.4,1,10.7,1.6,0,9.1,1,1,0,5,1,1
18,59,3,7,0,1,1,0.9,1.8,0.9,1.8,0.8,9.3,1.7,1.6,6,1,1,1,6,1,1
18,60,3,10,0,1,0,1.3,0.2,-1.1,0.4,0.7,3.4,0,0,3.4,1,0,0,5,1,1
18,61,3,0,0,1,1,0.8,0.2,-0.6,1.3,0.8,9.3,0,1.4,7.9,1,0,1,3,1,1
18,62,3,10,0,1,1,0.8,1.4,0.6,1.5,0.8,3.5,0.5,0.8,2.2,1,1,1,2,1,1
18,63,3,6,1,0,0,1.4,8.8,7.4,2,0.9,2.7,1.9,0,0.8,1,3,0,1,1,0
18,64,3,7,1,1,1,1.3,2.7,1.4,0.4,0.4,7.5,1.5,0,6,1,1,0,7,1,1
18,65,3,0,1,1,0,2.9,0.3,-2.6,1.8,0.8,5.1,0,0,5.1,1,0,0,3,1,1
18,66,3,2,0,1,0,0.3,2.1,1.8,0.6,0.9,4,0.9,0,3.1,1,1,0,5,1,1
18,67,3,3,1,1,1,0.4,0.5,0.1,2.1,0.7,2.6,0.5,0.5,1.6,1,1,1,2,1,1
18,68,3,4,1,1,1,0.8,1.6,0.8,1.8,0.8,3.2,1.9,0,1.3,1,2,0,1,1,1
18,69,3,3,0,1,0,0,1.1,1.1,0.7,0.8,3.9,0.9,0,3,1,1,0,5,1,1
18,70,3,8,0,1,1,1,2.1,1.1,0.6,0.7,4.7,1.1,0,3.6,1,1,0,4,1,1
18,71,3,6,1,1,1,0.5,3.3,2.8,0.7,0.5,4.6,1.9,0,2.7,1,3,0,3,1,1
18,72,3,4,1,1,1,0.3,1.4,1.1,0.7,0.5,4.6,1.4,0,3.2,1,1,0,5,1,1
18,73,4,9,0,0,1,,,,,0.6,7.7,0,0,7.7,1,0,0,7,1,1
18,74,4,2,0,1,1,0.4,0.5,0.1,1.7,1.1,6.1,2.2,0,3.9,1,1,0,6,1,1
18,75,4,6,1,1,1,1.7,3.6,1.9,1.5,0.8,5.5,3.4,0,2.1,1,2,0,3,1,1
18,76,4,4,1,1,1,3.9,5.3,1.4,0.6,0.6,7.4,2.2,0,5.2,1,1,0,6,1,1
18,77,4,9,1,1,1,0,1.2,1.2,1.5,1,9.2,2,1.3,5.9,1,1,1,6,1,1
18,78,4,10,0,1,1,1.8,3.5,1.7,2.1,0.8,5.8,3,0,2.8,1,2,0,3,1,1
18,79,4,8,1,0,1,2.2,2.7,0.5,1.2,0.7,4.4,1.6,0,2.8,1,1,0,4,1,0
18,80,4,1,1,1,1,0.5,0.9,0.4,0.9,0.7,8.3,0.5,0.9,6.9,1,1,1,6,1,1
18,81,4,5,1,1,0,2.2,0.8,-1.4,0.6,0.8,2.5,0,0,2.5,1,0,0,2,1,1
18,82,4,11,0,1,1,0.1,0.6,0.5,2.8,0.7,8.2,1,1.6,5.6,1,1,1,5,1,1
18,83,4,5,0,0,0,1.6,,,,,,,,,1,,,,0,0
18,84,4,10,0,0,1,0.4,0.3,-0.1,0.7,1,4.6,0.5,0.4,3.7,1,1,1,3,1,0
18,85,4,6,0,1,1,1.1,0.6,-0.5,1.6,0.7,8.8,0,1.3,7.5,1,0,1,5,1,1
18,86,4,4,0,0,0,3,,,,,,,,,1,,,,0,0
18,87,4,8,0,1,1,0,0,0,5.1,1,5,2.2,0,2.8,1,1,0,4,1,1
18,88,4,3,0,1,0,1.2,0.1,-1.1,0.5,0.6,5.3,0,0,5.3,1,0,0,3,1,1
18,89,4,0,0,1,1,3.4,0.8,-2.6,2,0.6,3,0,0,3,1,0,0,6,1,1
18,90,4,2,0,1,1,0.9,3.6,2.7,1.8,1,9,4.4,0,4.6,1,2,0,4,1,1
18,91,4,11,1,1,0,2.4,1.2,-1.2,0.4,0.8,6.5,0,0,6.5,1,0,0,4,1,0
18,92,4,4,1,1,1,0.7,1.2,0.5,0.3,1.1,9.7,0.5,0.7,8.5,1,1,1,6,1,1
18,93,4,7,1,1,1,0.8,1.5,0.7,1.9,0.7,9.4,0.8,1.7,6.9,1,1,1,5,1,1
18,94,4,8,1,1,1,1.4,0.7,-0.7,1.6,0.8,5.5,0,1.4,4.1,1,0,1,4,1,1
18,95,4,3,0,0,1,0,,,,,,,,,1,,,,0,0
18,96,4,0,1,1,1,0.5,0.7,0.2,1,0.8,7.1,1.9,0,5.2,1,1,0,5,1,1
18,97,5,2,0,0,1,1.1,2.8,1.7,0.9,0.5,5.2,0.7,0.4,4.1,1,1,1,4,1,0
18,98,5,0,0,0,0,2.5,0.4,-2.1,1.6,0.5,6.9,0,0,6.9,1,0,0,6,1,0
18,99,5,9,0,1,1,1.5,2.6,1.1,0.9,0.7,4.9,2.1,0,2.8,1,2,0,3,1,1
18,100,5,10,0,0,1,1.8,2.6,0.8,2,0.6,7.8,1.3,1.2,5.3,1,1,1,3,1,0
18,101,5,5,1,1,1,0,2.6,2.6,0.8,0.8,9.6,1.6,0.4,7.6,1,2,1,4,1,1
18,102,5,11,0,0,0,0.6,,,,,,,,,1,,,,0,0
18,103,5,0,0,0,0,3.4,,,,,,,,,1,,,,0,0
18,104,5,10,1,0,1,3.6,1.4,-2.2,1.6,0.6,2.5,0,0,2.5,1,0,0,3,1,0
18,105,5,9,0,1,0,3.8,0.4,-3.4,2.7,0.7,5.8,0,0,5.8,1,0,0,3,1,1
18,106,5,10,0,0,0,1.7,,,,,,,,,1,,,,0,0
18,107,5,2,0,0,0,1,,,,,,,,,1,,,,0,0
18,108,5,6,0,0,0,0.5,,,,,,,,,1,,,,0,0
18,109,5,9,0,0,1,0.8,,,,,,,,,1,,,,0,0
18,110,5,7,0,0,0,8.4,0.4,-8,7.4,0.6,1.7,0,0,1.7,1,0,0,2,1,0
18,111,5,2,1,0,1,1.2,3,1.8,0.3,0.6,4.2,1.8,0,2.4,1,2,0,5,1,1
18,112,5,4,0,0,0,3.3,,,,,,,,,1,,,,0,0
18,113,5,3,0,0,0,0,,,,,,,,,1,,,,0,0
18,114,5,8,0,1,1,1.3,2.8,1.5,2.8,0.8,7.7,1.9,2.2,3.6,1,1,1,5,1,1
18,115,5,2,0,1,1,0,0.9,0.9,0.9,0.9,9.7,2.6,0,7.1,1,1,0,8,1,1
18,116,5,7,1,0,1,0,1.3,1.3,1.1,0.9,3,1,0,2,1,2,0,3,1,0
18,117,5,1,1,0,1,1.2,3.3,2.1,4.3,1,5.2,1.9,1.9,1.4,1,2,1,2,1,0
18,118,5,11,0,0,0,0,,,,,,,,,1,,,,0,0
18,119,5,2,0,0,0,1,,,,,,,,,1,,,,0,0
18,120,5,3,1,0,0,,,,,,,,,,1,,,,0,0
23,1,1,2,1,1,0,2.1,7,4.9,3.6,0.5,1.5,1,0,0.5,1,2,0,1,1,0
23,2,1,7,0,1,1,1.7,5.8,4.1,0.6,2.1,3.2,1.1,0.9,1.2,1,2,1,3,1,1
23,3,1,1,1,1,0,,3,,,3.1,,,,,1,,,,1,0
23,4,1,3,0,1,0,6.5,2.9,-3.6,0.6,3,2.1,0,0,2.1,1,0,0,3,1,0
23,5,1,6,0,1,0,6.3,3.8,-2.5,0.7,1.8,0.6,0,0,0.6,1,0,0,1,1,1
23,6,1,5,0,1,1,1.4,5.6,4.2,0.4,2,5.3,2.4,0,2.9,1,3,0,5,1,1
23,7,1,2,0,1,1,1.9,4.8,2.9,1.7,2.1,5.5,1.8,1.7,2,1,2,2,3,1,1
23,8,1,9,0,1,1,0.8,3,2.2,6,1.7,5,1.1,2.4,1.5,1,1,1,2,1,1
23,9,1,4,0,1,1,2.9,2.2,-0.7,0.4,0.9,2.2,0,0.5,1.7,1,0,1,3,1,1
23,10,1,7,0,0,0,12.2,2,-10.2,8.4,1.8,0.6,0,0,0.6,1,0,0,1,1,0
23,11,1,11,0,0,0,11.5,1.4,-10.1,9.3,0.8,0.6,0,0,0.6,1,0,0,1,1,0
23,12,1,8,0,1,0,0.8,2.1,1.3,1.1,1.2,1.2,0.7,0,0.5,1,1,0,1,1,0
23,13,1,6,0,1,1,2.2,5.1,2.9,0.6,1.9,5,1.9,0.7,2.4,1,1,1,4,1,1
23,14,1,8,0,1,1,1.1,3.2,2.1,0.4,1.2,3.7,0.9,0.4,2.4,1,1,1,4,1,1
23,15,1,4,0,1,1,0.8,2.7,1.9,6,1.1,1.8,0.5,0.9,0.4,1,1,2,1,1,1
23,16,1,5,0,0,0,6.3,,,,,,,,,1,,,,0,0
23,17,1,2,0,1,1,0.8,4.3,3.5,1.7,2.1,3.6,1.4,1.1,1.1,1,2,1,2,1,1
23,18,1,7,1,1,0,,3.5,,,2.3,,,,,1,,,,1,0
23,19,1,0,0,1,1,2.9,2.8,-0.1,3.3,1.9,1.1,0.7,0,0.4,1,1,0,1,1,1
23,20,1,10,1,1,0,4.2,5.3,1.1,3.7,2.5,0.8,0.4,0,0.4,1,1,0,1,1,0
23,21,1,3,1,0,0,12.1,,,,,,,,,1,,,,0,0
23,22,1,5,0,1,1,6.2,5.2,-1,,1.1,0.7,0,0.7,0,1,0,1,0,1,1
23,23,1,8,1,1,0,7,5,-2,0.6,1.4,0.9,0,0,0.9,1,0,0,2,1,0
23,24,1,9,1,1,1,0.9,3,2.1,1.2,1.5,7.5,2.8,1,3.7,1,2,1,3,1,1
23,25,2,10,0,1,1,0.5,2.3,1.8,1.5,1.5,3.7,1,0.8,1.9,1,2,1,4,1,1
23,26,2,11,0,1,0,5.2,3.5,-1.7,0.4,1.3,1.9,0,0,1.9,1,0,0,3,1,0
23,27,2,6,0,1,1,1.5,6.9,5.4,5.2,1.9,2.3,1.8,0,0.5,1,4,0,1,1,1
23,28,2,3,1,1,0,,1.7,,,0.8,,,,,1,,,,1,0
23,29,2,11,0,1,1,0.8,2.5,1.7,1.9,1.1,6.2,0.6,2.2,3.4,1,1,1,6,1,1
23,30,2,4,0,1,1,0.2,1.9,1.7,3.2,2.8,4.7,0.6,1.7,2.4,1,1,2,4,1,1
23,31,2,1,0,1,1,0.2,3.1,2.9,1.7,2.5,9.2,1.6,3.6,4,1,2,1,5,1,1
23,32,2,9,0,1,1,0.1,5.3,5.2,1.3,3,4.3,2.8,0,1.5,1,4,0,1,1,1
23,33,2,3,0,1,0,0.1,4.7,4.6,4.5,2.4,4.5,1.6,0,2.9,1,3,0,3,1,0
23,34,2,11,0,1,0,3.1,4.1,1,7.3,2.4,1,0.5,0,0.5,1,1,0,1,1,0
23,35,2,10,0,1,0,1.5,3,1.5,,1.8,0.4,0.4,0,0,1,1,0,0,1,0
23,36,2,0,0,0,0,0.5,,,,,,,,,1,,,,0,0
23,37,2,10,0,1,0,1.1,3.6,2.5,8.6,1.8,1.8,1.3,0,0.5,1,3,0,1,1,0
23,38,2,2,0,1,0,,1.5,,,1.9,,,,,1,,,,1,0
23,39,2,3,0,1,1,0.2,1.5,1.3,10,1.6,3.1,1.2,0.7,1.2,1,1,1,2,1,1
23,40,2,8,0,1,0,0.4,1.6,1.2,,1.9,0.4,0.4,0,0,1,1,0,0,1,0
23,41,2,0,0,1,1,2.7,2.4,-0.3,0.5,1.8,3.1,0,0.5,2.6,1,0,1,3,1,1
23,42,2,3,1,1,0,0.2,2.1,1.9,,3.6,0.5,0.5,0,0,1,1,0,0,1,0
23,43,2,8,1,1,0,,1.9,,,2.4,,,,,1,,,,1,0
23,44,2,6,1,1,0,3.2,4.3,1.1,,2.6,0.5,0.5,0,0,1,1,0,0,1,0
23,45,2,7,1,1,0,,1.4,,,3,,,,,1,,,,1,0
23,46,2,0,1,1,1,4.1,5.3,1.2,,3.9,3.2,1.2,2,0,1,1,3,0,1,1
23,47,2,9,1,1,1,3.5,3.3,-0.2,1,1.5,1.4,0.8,0,0.6,1,1,0,1,1,1
23,48,2,3,1,1,1,0,1.8,1.8,0.6,2.8,5.3,4,0,1.3,1,2,0,3,1,1
23,49,3,0,0,1,1,,,,,0.5,13.3,0,0,13.3,1,0,0,10,1,1
23,50,3,9,0,0,1,1.4,1.7,0.3,4.8,1.1,2.1,0.9,0.4,0.8,1,1,1,2,1,0
23,51,3,11,1,0,0,1.3,,,,,,,,,1,,,,0,0
23,52,3,0,1,0,0,0.4,,,,,,,,,1,,,,0,0
23,53,3,3,1,0,0,0.7,,,,,,,,,1,,,,0,0
23,54,3,1,0,1,1,0.8,3.8,3,3.8,2.9,12.3,9,0,3.3,1,3,0,1,1,1
23,55,3,0,1,1,1,1.5,8.8,7.3,1.9,2.2,8.4,8,0,0.4,1,6,0,1,1,1
23,56,3,3,0,1,1,0.1,2.8,2.7,8.1,2,7.6,3.1,3.7,0.8,1,1,2,1,1,1
23,57,3,11,0,1,1,0.9,7.7,6.8,3.6,1.5,10.7,9.3,0,1.4,1,4,0,3,1,1
23,58,3,1,0,1,1,1,2.2,1.2,1,1.2,10.8,1.6,0.9,8.3,1,1,1,3,1,1
23,59,3,7,0,1,1,0.6,8.6,8,2.1,1.6,12,7.8,2.5,1.7,1,2,1,2,1,1
23,60,3,10,0,1,1,0.3,1.4,1.1,3,1.1,5.3,0.6,2.4,2.3,1,1,1,3,1,1
23,61,3,0,0,1,1,0.2,2.5,2.3,1.7,1.4,9.8,4.3,0,5.5,1,2,0,3,1,1
23,62,3,10,0,1,1,1.3,1.6,0.3,7.1,1.7,4,1,2.1,0.9,1,1,1,1,1,1
23,63,3,6,1,1,1,1.4,2.9,1.5,,1.3,2.4,1.2,1.2,0,1,2,1,0,1,1
23,64,3,7,1,1,1,0.7,4.4,3.7,8.3,0.8,3.2,2.4,0.4,0.4,1,2,1,1,1,1
23,65,3,0,1,1,1,0.2,1,0.8,0.8,2.2,4.8,0.6,0.9,3.3,1,1,1,3,1,1
23,66,3,2,0,1,1,0.3,5.4,5.1,3.6,1.5,6.5,4.1,1.7,0.7,1,2,1,1,1,1
23,67,3,3,1,1,1,0.6,2.2,1.6,1.2,0.9,2.7,1.7,0,1,1,2,0,2,1,1
23,68,3,4,1,0,0,0.1,,,,,,,,,1,,,,0,0
23,69,3,3,0,0,0,1,,,,,,,,,1,,,,0,0
23,70,3,8,0,1,1,0.5,5,4.5,2.7,0.9,7.1,2.8,1.5,2.8,1,4,1,4,1,1
23,71,3,6,1,1,1,1.3,5.2,3.9,,1.4,3.1,2.5,0.6,0,1,4,1,0,1,1
23,72,3,4,1,1,1,0.3,2.8,2.5,7.6,0.8,2.9,2.1,0,0.8,1,3,0,1,1,1
23,73,4,9,0,1,1,0.9,8.8,7.9,3.5,2.2,12.3,8.6,3.2,0.5,1,4,1,1,1,1
23,74,4,2,0,1,1,1,6,5,5.7,2.3,8.7,5.3,2.8,0.6,1,3,1,1,1,1
23,75,4,6,1,1,1,0.3,6.1,5.8,,1.3,3.2,3.2,0,0,1,5,0,0,1,1
23,76,4,4,1,1,1,0.8,8.6,7.8,,2.8,8.6,8.6,0,0,1,5,0,0,1,1
23,77,4,9,1,1,1,0.1,7,6.9,,2.5,7,7,0,0,1,5,0,0,1,1
23,78,4,10,0,1,1,0.1,4.9,4.8,1.5,2.1,10.2,5.5,2.1,2.6,1,3,1,4,1,1
23,79,4,8,1,0,0,0.2,,,,,,,,,1,,,,0,0
23,80,4,1,1,0,0,0.6,,,,,,,,,1,,,,0,0
23,81,4,5,1,1,1,1.1,2.6,1.5,7.4,0.9,3.8,1.2,0,2.6,1,3,0,1,1,1
23,82,4,11,0,1,1,2.4,4.7,2.3,2.4,2.2,5,1.9,1.3,1.8,1,2,1,3,1,1
23,83,4,5,0,1,1,1,2.8,1.8,3.4,1.3,7,1.1,3.8,2.1,1,1,1,4,1,1
23,84,4,10,0,1,1,0.4,1.7,1.3,0.5,1.2,3.2,0.5,0.9,1.8,1,1,1,3,1,1
23,85,4,6,0,1,1,1.1,6.1,5,1.1,1.7,8.8,4.9,0.5,3.4,1,2,1,2,1,1
23,86,4,4,0,1,1,1.4,4,2.6,2.5,2.2,6.4,2.3,2.2,1.9,1,1,1,3,1,1
23,87,4,8,0,1,1,0,3.2,3.2,2.1,1.4,6.7,2.7,2.3,1.7,1,1,1,2,1,1
23,88,4,3,0,0,1,2.2,1.9,-0.3,0.6,1,8.2,0,0.6,7.6,1,0,1,5,1,1
23,89,4,0,0,1,1,4.6,1.5,-3.1,1.3,1.8,4.2,0,0,4.2,1,0,0,5,1,1
23,90,4,2,0,0,0,0.5,,,,,,,,,1,,,,0,0
23,91,4,11,1,0,0,0.2,,,,,,,,,1,,,,0,0
23,92,4,4,1,1,1,0.1,5.4,5.3,5.4,0.5,12,9.7,0,2.3,1,4,0,3,1,1
23,93,4,7,1,1,1,0.7,6.9,6.2,1,1.4,8.8,3.8,1.1,3.9,1,5,1,4,1,1
23,94,4,8,1,1,1,0,6.8,6.8,0.5,0.6,7.7,6.8,0,0.9,1,3,0,1,1,1
23,95,4,3,0,1,1,0,1.3,1.3,4.8,2,4.9,1.7,1.7,1.5,1,2,2,1,1,1
23,96,4,0,1,1,1,0,1.8,1.8,4.3,2.1,5.6,4,0,1.6,1,1,0,2,1,1
23,97,5,2,0,1,1,1.8,5.3,3.5,4.7,2,4,2.6,0.8,0.6,1,3,1,1,1,1
23,98,5,0,0,0,0,0.1,,,,,,,,,1,,,,0,0
23,99,5,9,0,1,1,0.4,8.6,8.2,3,2.6,4.3,3.9,0,0.4,1,6,0,1,1,1
23,100,5,10,0,1,1,3.4,5.5,2.1,1.3,0.9,3.5,2.2,0,1.3,1,2,0,3,1,1
23,101,5,5,1,1,1,5.5,11.9,6.4,,1.5,4.7,4.7,0,0,1,5,0,0,1,1
23,102,5,11,0,0,1,2.1,1.6,-0.5,2.2,0.4,3.2,0,0.6,2.6,1,0,1,4,1,0
23,103,5,0,0,1,1,1.9,3.4,1.5,1.4,1.9,4.8,2.6,0,2.2,1,2,0,2,1,1
23,104,5,10,1,1,1,2.8,2.5,-0.3,1.3,1.4,3.2,0,1.3,1.9,1,0,2,3,1,1
23,105,5,9,0,1,1,1.1,1.9,0.8,1.6,1.6,5.9,1.3,1.1,3.5,1,1,2,5,1,1
23,106,5,10,0,1,1,1.4,2.6,1.2,1,1.8,6.7,1.3,0.7,4.7,1,1,1,3,1,1
23,107,5,2,0,0,0,7.6,,,,,,,,,1,,,,0,0
23,108,5,6,0,1,1,2.2,3.1,0.9,1.1,0.8,5.9,1.8,0,4.1,1,2,0,5,1,1
23,109,5,9,0,1,1,1,1.8,0.8,4.1,1.8,2.2,0.8,0,1.4,1,1,0,2,1,1
23,110,5,7,0,1,1,2.9,4.4,1.5,7.1,0.5,3,0.8,1.5,0.7,1,1,1,1,1,1
23,111,5,2,1,1,1,0.6,3.5,2.9,2.4,2.3,5.7,1.6,2.2,1.9,1,3,1,3,1,1
23,112,5,4,0,1,1,2.1,5.5,3.4,1,1.5,6.3,2.4,0,3.9,1,2,0,5,1,1
23,113,5,3,0,0,0,1.8,,,,,,,,,1,,,,0,0
23,114,5,8,0,1,0,2.2,6,3.8,1,1.4,4,1.7,0,2.3,1,3,0,2,1,0
23,115,5,2,0,1,1,0.8,6.4,5.6,0.7,2.2,4.6,2.5,0,2.1,1,4,0,4,1,1
23,116,5,7,1,1,1,0.6,2.1,1.5,2.3,2,5.2,3.6,0,1.6,1,2,0,3,1,1
23,117,5,1,1,1,1,1.1,4.5,3.4,,2.6,5.1,4.7,0.4,0,1,3,1,0,1,1
23,118,5,11,0,1,1,2.1,4.4,2.3,1.2,2,5.2,0.5,0.7,4,1,1,1,5,1,1
23,119,5,2,0,1,0,4,2,-2,1.1,0.9,4.1,0,0,4.1,1,0,0,5,1,1
23,120,5,3,1,1,1,0.3,1.9,1.6,,1,1.6,1.6,0,0,1,2,0,0,1,1
24,1,1,2,1,1,1,5.4,9.5,4.1,,4.3,5.7,5.2,0.5,0,1,4,1,0,1,1
24,2,1,7,0,1,1,0.5,3.5,3,2.7,2.4,5.7,3.2,1.6,0.9,1,2,1,2,1,1
24,3,1,1,1,1,1,3.4,2.4,-1,1.5,2.5,2.4,0,1.6,0.8,1,0,1,2,1,1
24,4,1,3,0,0,0,0.7,,,,,,,,,1,,,,0,0
24,5,1,6,0,0,0,1,,,,,,,,,1,,,,0,0
24,6,1,5,0,1,1,1.5,4.7,3.2,2.3,0.4,3.9,2.3,0,1.6,1,3,0,2,1,1
24,7,1,2,0,1,1,1.7,11.6,9.9,,0.9,2.9,2.5,0.4,0,1,4,1,0,1,1
24,8,1,9,0,0,1,0.1,1.5,1.4,0.4,1.5,2.2,0.5,0,1.7,1,1,0,2,1,1
24,9,1,4,0,0,1,3.2,3.4,0.2,3.3,1.8,1.8,0.4,0,1.4,1,1,0,2,1,1
24,10,1,7,0,1,0,,2.7,,,1.6,,,,,1,,,,1,0
24,73,4,9,0,1,1,0.2,3.5,3.3,1.4,3.5,10.1,3.4,2.6,4.1,1,3,1,5,1,1
24,74,4,2,0,1,1,0.9,6.8,5.9,0.8,5,9.7,8.6,0,1.1,1,3,0,2,1,1
24,75,4,6,1,1,1,1,4,3,1.9,4.4,8.4,2.4,5,1,1,2,2,1,1,1
24,76,4,4,1,1,1,0,3.1,3.1,1.7,3.8,21.7,7.3,0,14.4,1,2,0,2,1,1
24,77,4,9,1,1,1,9.9,2,-7.9,2.5,5.4,2.2,0,0,2.2,1,0,0,3,1,1
24,78,4,10,0,0,1,0,3.8,3.8,1.2,3.8,8.3,6.4,0,1.9,1,3,0,2,1,1
24,79,4,8,1,1,1,0.9,2.1,1.2,1.7,0.5,8.7,3.2,0,5.5,1,1,0,2,1,1
24,80,4,1,1,1,1,0.6,2.3,1.7,5.3,4.5,9.9,4.1,4.4,1.4,1,2,1,2,1,1
24,81,4,5,1,1,1,2.1,0.6,-1.5,,5.5,2.5,0,2.5,0,1,0,2,0,1,1
24,82,4,11,0,1,1,0.1,0.9,0.8,0.9,4.7,9.5,3.9,1.8,3.8,1,1,1,3,1,1
24,83,4,5,0,1,1,1,1.1,0.1,0.7,5.6,5.2,0.7,3.3,1.2,1,1,2,2,1,1
24,84,4,10,0,1,1,0.5,2.7,2.2,2.5,5.7,4.1,2.5,0.7,0.9,1,2,1,1,1,1
24,85,4,6,0,1,1,0.7,1.7,1,2,7.1,12.1,4.1,4.4,3.6,1,2,2,3,1,1
24,86,4,4,0,0,1,2,1.4,-0.6,1.1,7.6,8.6,0,6.2,2.4,1,0,4,3,1,1
24,87,4,8,0,1,1,0.3,0.7,0.4,2.7,9.6,7,4.5,1.7,0.8,1,1,2,1,1,1
24,88,4,3,0,1,1,0.6,1.2,0.6,,6.8,2,0.6,1.4,0,1,1,2,0,1,1
24,89,4,0,0,1,1,1.1,3.7,2.6,0.9,8.2,6.5,4.1,1.7,0.7,1,3,2,1,1,1
24,90,4,2,0,0,1,0.3,11.1,10.8,,3.8,5.2,3.6,1.6,0,1,4,1,0,1,1
24,91,4,11,1,1,1,0.4,0.9,0.5,3.1,0.4,8.3,3.4,0,4.9,1,1,0,3,1,1
24,92,4,4,1,1,1,0.3,1.6,1.3,1.9,10.8,10.5,1.5,7.2,1.8,1,2,8,1,1,1
24,93,4,7,1,1,1,1.8,1,-0.8,1.7,9.1,8.3,0,7.1,1.2,1,0,3,1,1,1
24,94,4,8,1,1,1,0.6,1.8,1.2,4.9,0.6,10.3,6.3,0,4,1,1,0,3,1,1
24,95,4,3,0,1,1,0,1.2,1.2,3.9,4.8,7.1,3.9,1.9,1.3,1,1,3,2,1,1
24,96,4,0,1,1,1,0.5,1,0.5,1.4,9.6,8.3,0.7,6.7,0.9,1,1,2,2,1,1
24,97,5,2,0,1,1,2.5,7.2,4.7,5.1,1.5,5.2,3.1,0.8,1.3,1,4,1,2,1,1
24,98,5,0,0,1,1,0,1.1,1.1,2.2,4.8,8.9,1.8,4.8,2.3,1,2,3,3,1,1
24,99,5,9,0,1,1,1.1,1.4,0.3,0.8,1,6.5,0.5,0.4,5.6,1,1,1,6,1,1
24,100,5,10,0,0,0,7.2,,,,,,,,,1,,,,0,0
24,101,5,5,1,1,1,0.5,10.9,10.4,,5.4,6.7,6.7,0,0,1,5,0,0,1,1
24,102,5,11,0,1,1,2,3.6,1.6,,8.8,6.7,1.2,5.5,0,1,2,3,0,1,1
24,103,5,0,0,1,1,0.7,1.4,0.7,1.8,8.9,9.3,4,3,2.3,1,1,2,1,1,1
24,104,5,10,1,1,1,0.1,3.1,3,1.1,5.4,3.4,1.1,1.7,0.6,1,2,3,1,1,1
24,105,5,9,0,1,1,1,1.1,0.1,3.4,2,7,4.4,0,2.6,1,1,0,5,1,1
24,106,5,10,0,1,1,1.2,2.6,1.4,2.2,6.3,6.3,2.3,3.2,0.8,1,3,2,1,1,1
24,107,5,2,0,1,1,0.7,2.1,1.4,5.2,6.3,4.3,2.6,0.9,0.8,1,2,1,1,1,1
24,108,5,6,0,0,1,0.5,1.9,1.4,1.7,1.1,4.3,0.8,0.8,2.7,1,1,1,4,1,1
24,109,5,9,0,1,1,0.4,1.6,1.2,1.7,1.8,4,0.6,0.9,2.5,1,1,1,4,1,1
24,110,5,7,0,1,1,2,2.1,0.1,7.6,0.4,1,0.4,0,0.6,1,1,0,1,1,1
24,111,5,2,1,1,1,0.4,3,2.6,,10.2,10.1,2.4,7.7,0,1,2,3,0,1,1
24,112,5,4,0,0,1,1.6,3.5,1.9,2.3,5.5,7,1.7,3.3,2,1,2,3,2,1,1
24,113,5,3,0,1,1,1.4,1.5,0.1,9.4,0.5,2.7,0.4,1.4,0.9,1,1,1,1,1,1
24,114,5,8,0,0,1,0.6,4.6,4,2.3,0.5,3.8,0.6,1.3,1.9,1,1,1,3,1,1
24,115,5,2,0,1,1,2.3,4.2,1.9,1.1,2.7,5.2,3.7,0,1.5,1,2,0,3,1,1
24,116,5,7,1,1,1,0.8,3.3,2.5,6.3,3.6,4.3,2.5,1,0.8,1,3,1,1,1,1
24,117,5,1,1,1,1,1.5,3.1,1.6,3.5,3.4,5.1,3.9,0,1.2,1,2,0,2,1,1
24,118,5,11,0,1,1,1,4.2,3.2,5.8,0.5,3,1.7,0,1.3,1,3,0,2,1,1
24,119,5,2,0,1,1,2,2.8,0.8,,0.4,1.7,0.9,0.8,0,1,2,1,0,1,1
24,120,5,3,1,1,1,1.4,1.7,0.3,0.6,1.4,2.4,1.4,0,1,1,1,0,2,1,1
25,1,1,2,1,0,1,3.3,6.4,3.1,1.4,0.5,11.6,2.4,0,9.2,1,3,0,11,1,0
25,2,1,7,0,0,0,1.7,,,,,,,,,1,,,,0,0
25,3,1,1,1,0,0,2.3,6.1,3.8,,0.4,1.7,1.7,0,0,1,2,0,0,1,0
25,4,1,3,0,0,0,2.5,3.8,1.3,1.8,0.5,3.8,0.4,0,3.4,1,1,0,5,1,0
25,5,1,6,0,0,1,1.5,1.6,0.1,2.7,0.4,3.9,0.4,0,3.5,1,1,0,4,1,1
25,6,1,5,0,0,1,0.8,6.2,5.4,0.5,0.4,4.9,1.9,0,3,1,3,0,5,1,0
25,7,1,2,0,0,1,1,5.7,4.7,1.7,0.6,5.8,1.6,1.5,2.7,1,3,1,5,1,0
25,8,1,9,0,0,1,4.3,4.1,-0.2,0.4,0.5,3.3,0.6,0,2.7,1,1,0,3,1,1
25,9,1,4,0,0,0,0.5,,,,,,,,,1,,,,0,0
25,10,1,7,0,0,0,2.7,1.8,-0.9,0.4,0.5,1.9,0,0,1.9,1,0,0,2,1,0
25,11,1,11,0,0,0,7.2,,,,,,,,,1,,,,0,0
25,12,1,8,0,0,0,0.5,2.1,1.6,1.1,0.5,1.6,0.4,0,1.2,1,1,0,1,1,0
25,13,1,6,0,0,1,6.6,6,-0.6,,0.6,1.2,0,1.2,0,1,0,1,0,1,1
25,14,1,8,0,0,0,0.4,3.8,3.4,1.1,0.6,5.1,1.7,0,3.4,1,1,0,4,1,0
25,15,1,4,0,0,0,1.3,2.8,1.5,0.4,0.7,2.8,0.4,0,2.4,1,1,0,3,1,0
25,16,1,5,0,0,0,0.8,3.4,2.6,,0.4,1,1,0,0,1,1,0,0,1,0
25,17,1,2,0,0,1,2,5,3,0.8,0.8,4,0.9,1,2.1,1,2,1,3,1,0
25,18,1,7,1,0,0,0,3.2,3.2,,0.4,0.6,0.6,0,0,1,1,0,0,1,0
25,19,1,0,0,0,0,1.3,2.6,1.3,0.5,0.4,5.2,0.4,0,4.8,1,1,0,8,1,0
25,20,1,10,1,0,0,8,5.3,-2.7,2.3,0.4,0.5,0,0,0.5,1,0,0,1,1,0
25,21,1,3,1,0,0,,5,,,0.6,,,,,1,,,,1,0
25,22,1,5,0,0,1,3.1,2.9,-0.2,5.8,0.7,3,1.7,0,1.3,1,1,0,2,1,1
25,23,1,8,1,1,1,0.4,4.8,4.4,4,0.9,2.1,1.7,0,0.4,1,3,0,1,1,1
25,24,1,9,1,1,1,1.2,4.2,3,1.7,0.7,4.3,3,0,1.3,1,3,0,2,1,1
25,25,2,10,0,0,0,4.7,,,,,,,,,1,,,,0,0
25,26,2,11,0,0,0,0.7,3.8,3.1,1.7,0.6,3.2,0.4,0,2.8,1,1,0,4,1,0
25,27,2,6,0,0,0,0.7,,,,,,,,,1,,,,0,0
25,28,2,3,1,0,0,,1.8,,,1,,,,,1,,,,1,0
25,29,2,11,0,1,0,0.2,4.5,4.3,1.1,1.1,1.1,0.4,0,0.7,1,1,0,1,1,0
25,30,2,4,0,0,1,0.2,4.8,4.6,1,1.1,4.7,1,0.4,3.3,1,2,1,5,1,1
25,31,2,1,0,1,1,2.5,1.6,-0.9,2.3,1.2,7.4,0,1.6,5.8,1,0,1,5,1,1
25,32,2,9,0,0,1,2.6,6.2,3.6,2,1.2,2.6,0.5,1.2,0.9,1,1,1,2,1,1
25,33,2,3,0,0,1,4.2,3.4,-0.8,0.9,1.2,3,0,0.7,2.3,1,0,1,5,1,1
25,34,2,11,0,0,1,2.6,2,-0.6,1.4,1.8,4.6,0,0.9,3.7,1,0,2,5,1,1
25,35,2,10,0,0,1,1.3,3.1,1.8,2.8,1.9,3.1,0.5,0.6,2,1,1,1,3,1,1
25,36,2,0,0,0,1,3,2.3,-0.7,2,0.4,1.1,0,0.7,0.4,1,0,1,1,1,1
25,37,2,10,0,0,0,10.8,3.3,-7.5,6.1,1.4,2.8,0,0,2.8,1,0,0,2,1,0
25,38,2,2,0,0,0,5.9,2.9,-3,1.6,1.4,3.8,0,0,3.8,1,0,0,4,1,0
25,39,2,3,0,0,0,0.6,3.1,2.5,1.5,1.6,2.8,0.8,0,2,1,1,0,3,1,0
25,40,2,8,0,0,0,13.2,1.8,-11.4,10,1.4,0.8,0,0,0.8,1,0,0,2,1,0
25,41,2,0,0,0,0,11.7,2.8,-8.9,7.6,1.3,1.7,0,0,1.7,1,0,0,2,1,0
25,42,2,3,1,0,0,11,1.6,-9.4,8.3,1.1,1,0,0,1,1,0,0,2,1,0
25,43,2,8,1,0,1,6.9,1.2,-5.7,4.6,1.1,0.4,0,0,0.4,1,0,0,1,1,1
25,44,2,6,1,0,0,5.2,6.9,1.7,0.7,1,1.2,0.4,0,0.8,1,1,0,2,1,0
25,45,2,7,1,1,1,0.3,2,1.7,10.1,1.6,1.4,0.8,0,0.6,1,2,0,1,1,1
25,46,2,0,1,1,1,0.8,5.6,4.8,,1.1,2.9,2.9,0,0,1,4,0,0,1,1
25,47,2,9,1,1,1,0.3,2.2,1.9,,1.7,1.6,1.6,0,0,1,3,0,0,1,1
25,48,2,3,1,1,1,0.6,2.1,1.5,2.6,1.5,2.5,2,0,0.5,1,1,0,1,1,1
25,49,3,0,0,1,1,0.5,2.1,1.6,2.8,1.7,4.2,0.8,1.4,2,1,1,2,3,1,1
25,50,3,9,0,0,0,2.3,1.1,-1.2,0.4,0.8,4,0,0,4,1,0,0,5,1,0
25,51,3,11,1,0,0,0.3,1.1,0.8,0.3,0.5,3.2,0.4,0,2.8,1,1,0,2,1,0
25,52,3,0,1,1,1,10.1,1.3,-8.8,7.8,1,2,0,0,2,1,0,0,2,1,1
25,53,3,3,1,0,0,6.6,1.1,-5.5,4.8,0.7,1.3,0,0,1.3,1,0,0,2,1,0
25,54,3,1,0,1,1,0.7,3.6,2.9,1,1.2,9,3.3,1,4.7,1,3,1,6,1,1
25,55,3,0,1,1,1,0,2.9,2.9,2.1,1.4,6.8,3,0,3.8,1,2,0,2,1,1
25,56,3,3,0,0,1,2.6,1.4,-1.2,1.7,1.6,3.2,0,1.3,1.9,1,0,1,3,1,1
25,57,3,11,0,1,1,2.7,7.4,4.7,1.6,1.9,7.2,3.6,1.8,1.8,1,5,2,4,1,1
25,58,3,1,0,1,1,1.4,1.2,-0.2,1.7,1.4,8.8,1,1.4,6.4,1,1,1,5,1,1
25,59,3,7,0,1,1,1.6,5.4,3.8,2.3,2.1,6.8,4.2,0.4,2.2,1,3,1,4,1,1
25,60,3,10,0,0,1,3.7,2.5,-1.2,1,1.3,4,0,0.9,3.1,1,0,1,4,1,0
25,61,3,0,0,1,1,0.1,1.5,1.4,0.8,1.4,8.2,0.5,1,6.7,1,1,2,6,1,1
25,62,3,10,0,0,0,3.3,1.8,-1.5,0.4,1.1,2.5,0,0,2.5,1,0,0,4,1,0
25,63,3,6,1,0,0,0.1,1,0.9,2.5,1,3.5,0.4,0.5,2.6,1,1,1,3,1,0
25,64,3,7,1,1,1,1.3,4.8,3.5,7.4,1.4,4.3,2.9,0,1.4,1,2,0,1,1,1
25,65,3,0,1,1,1,0.6,1.4,0.8,0.7,1.6,5.6,1.9,0.5,3.2,1,1,1,4,1,1
25,66,3,2,0,0,1,1.2,3,1.8,0.8,2,6.8,2.1,1.2,3.5,1,2,2,3,1,1
25,67,3,3,1,0,0,0.5,2.2,1.7,,0.8,0.7,0.7,0,0,1,1,0,0,1,0
25,68,3,4,1,1,1,1.1,2.8,1.7,4.8,1.1,3.1,1.6,0,1.5,1,2,0,3,1,1
25,69,3,3,0,1,1,2.3,2,-0.3,0.3,1.1,4.3,0,0.9,3.4,1,0,2,4,1,1
25,70,3,8,0,1,1,0.4,2.8,2.4,0.8,1.1,5.1,1.5,0,3.6,1,2,0,5,1,1
25,71,3,6,1,1,1,1.4,6.7,5.3,6.7,1.1,3,2.4,0,0.6,1,2,0,1,1,1
25,72,3,4,1,1,0,2.6,0.4,-2.2,1.5,0.7,1.7,0,0,1.7,1,0,0,3,1,0
25,73,4,9,0,1,1,1.6,1.2,-0.4,0.6,0.7,7,0,0.4,6.6,1,0,1,9,1,1
25,74,4,2,0,1,1,0.4,1.9,1.5,1.6,0.9,5.8,1.8,0,4,1,2,0,5,1,1
25,75,4,6,1,1,1,0,2.5,2.5,,0.8,2.2,2.2,0,0,1,3,0,0,1,1
25,76,4,4,1,1,1,0.1,2.3,2.2,1.5,1.2,5.8,2.8,0,3,1,2,0,5,1,1
25,77,4,9,1,1,1,0,1.3,1.3,2.5,1.6,4.6,2.1,0.7,1.8,1,1,1,3,1,1
25,78,4,10,0,1,0,6.6,2.9,-3.7,2.8,0.9,2.1,0,0,2.1,1,0,0,3,1,1
25,79,4,8,1,1,1,0,1.5,1.5,1,0.8,4.2,1.6,0,2.6,1,1,0,3,1,1
25,80,4,1,1,0,0,1.4,,,,,,,,,1,,,,0,0
25,81,4,5,1,0,1,0.2,1,0.8,8.7,0.5,1.6,0.8,0,0.8,1,1,0,1,1,1
25,82,4,11,0,0,1,2.2,1.4,-0.8,0.7,1.1,5,0,0.8,4.2,1,0,1,4,1,1
25,83,4,5,0,0,1,1.7,1,-0.7,1.1,0.7,4.8,0,0.7,4.1,1,0,1,5,1,1
25,84,4,10,0,1,1,1.3,0.7,-0.6,1.4,1.1,2.7,0,0.6,2.1,1,0,1,4,1,1
25,85,4,6,0,1,1,,,,,0.9,9.1,0,0,9.1,1,0,0,11,1,1
25,86,4,4,0,0,0,0.5,,,,,,,,,1,,,,0,0
25,87,4,8,0,1,1,1.7,1.1,-0.6,1.5,0.6,3.5,0,0.6,2.9,1,0,1,3,1,1
25,88,4,3,0,0,0,2.9,1.7,-1.2,0.8,0.4,3.9,0,0,3.9,1,0,0,3,1,0
25,89,4,0,0,1,1,2.2,1.4,-0.8,1,1.1,3.9,0,0.8,3.1,1,0,1,4,1,1
25,90,4,2,0,1,1,1.8,7.6,5.8,1.1,2.5,7.9,5.4,1.4,1.1,1,5,2,2,1,1
25,91,4,11,1,1,1,0.9,3.5,2.6,1.7,0.7,3.5,1.7,0,1.8,1,3,0,3,1,1
25,92,4,4,1,0,1,0.6,5.6,5,1,0.5,4.2,3.2,0,1,1,2,0,2,1,1
25,93,4,7,1,0,0,1.3,,,,,,,,,1,,,,0,0
25,94,4,8,1,1,1,0.1,2.2,2.1,1.3,1.4,4.4,2.7,0.4,1.3,1,2,1,3,1,1
25,95,4,3,0,0,0,0.2,2,1.8,7.7,0.9,2,0.5,1,0.5,1,1,1,1,1,0
25,96,4,0,1,1,1,0.1,1.9,1.8,1.6,1,4.6,2.2,0.5,1.9,1,1,1,3,1,1
25,97,5,2,0,0,0,1.7,,,,,,,,,1,,,,0,0
25,98,5,0,0,0,0,,,,,1,3.8,1,0,2.8,1,1,0,4,1,0
25,99,5,9,0,0,1,,,,,0.7,9.2,3,0,6.2,1,6,0,7,1,1
25,100,5,10,0,0,0,,,,,0.7,5.5,1.7,0,3.8,1,3,0,7,1,0
25,101,5,5,1,1,1,,,,,2.4,6.7,6.7,0,0,1,9,0,0,1,1
25,102,5,11,0,0,1,0.1,7.6,7.5,6,0.4,4.7,2,0,2.7,1,3,0,5,1,0
25,103,5,0,0,0,1,,,,,1.1,11.2,8.9,0.4,1.9,1,13,1,3,1,1
25,104,5,10,1,0,0,0,1.7,1.7,7.7,0.6,7,1.4,0,5.6,1,2,0,4,1,0
25,105,5,9,0,0,1,2.3,4.8,2.5,4.7,0.4,6.1,1,0,5.1,1,2,0,6,1,1
25,106,5,10,0,0,0,5.3,,,,,,,,,1,,,,0,0
25,107,5,2,0,1,1,1,2.1,1.1,1.1,0.6,12.5,1.2,0,11.3,1,1,0,14,1,1
25,108,5,6,0,0,1,0.5,4.2,3.7,1.8,0.7,8.4,1.9,0.9,5.6,1,2,1,8,1,1
25,109,5,9,0,0,0,,,,,1.4,5.9,5.2,0,0.7,1,7,0,1,1,0
25,110,5,7,0,1,1,,,,,1.4,5.1,3.9,0.7,0.5,1,5,1,1,1,1
25,111,5,2,1,1,1,3.1,8.5,5.4,1.3,0.6,4.5,2.2,0,2.3,1,3,0,4,1,1
25,112,5,4,0,1,0,3.1,4.9,1.8,7.5,0.6,2.7,0.7,0,2,1,1,0,3,1,0
25,113,5,3,0,1,1,0.9,1.3,0.4,1.4,0.5,5.9,0.7,0,5.2,1,1,0,9,1,1
25,114,5,8,0,0,1,,,,,0.8,8.1,5.7,0,2.4,1,7,0,4,1,1
25,115,5,2,0,1,1,,,,,0.8,5.7,4.6,0,1.1,1,6,0,2,1,1
25,116,5,7,1,1,1,1.9,3.9,2,3.7,0.6,7.4,1.8,0,5.6,1,3,0,5,1,1
25,117,5,1,1,1,1,2.1,3.4,1.3,4,1.1,4.6,1.8,0,2.8,1,2,0,4,1,1
25,118,5,11,0,1,1,2.7,3.5,0.8,0.8,0.6,5.4,0.9,0.6,3.9,1,1,1,5,1,1
25,119,5,2,0,0,0,1.2,,,,,,,,,1,,,,0,0
25,120,5,3,1,1,0,1.9,0.4,-1.5,1.1,0.4,0.8,0,0,0.8,1,0,0,1,1,0
27,1,1,2,1,0,0,4,,,,,,,,,1,,,,0,0
27,2,1,7,0,1,1,0.2,1.9,1.7,3.3,0.7,3.3,1.5,0.5,1.3,1,2,1,3,1,1
27,3,1,1,1,0,0,0.5,,,,,,,,,1,,,,0,0
27,4,1,3,0,1,1,0.6,2.2,1.6,2,0.6,3,0.9,0,2.1,1,2,0,2,1,1
27,5,1,6,0,1,1,0,2,2,,1,1.8,1.8,0,0,1,2,0,0,1,1
27,6,1,5,0,1,1,1.3,3.2,1.9,1.1,1.4,4.7,1.9,0,2.8,1,3,0,4,1,1
27,7,1,2,0,1,0,4.3,2.1,-2.2,1.2,1,2.4,0,0,2.4,1,0,0,3,1,0
27,8,1,9,0,1,1,0.4,1.7,1.3,1.5,0.9,2.9,1,0.9,1,1,1,1,1,1,1
27,9,1,4,0,0,1,0.6,1.4,0.8,0.8,0.8,4,0.9,0,3.1,1,2,0,4,1,0
27,10,1,7,0,0,1,1.2,1.9,0.7,2.2,0.9,2.1,0.6,0,1.5,1,1,0,2,1,1
27,11,1,11,0,0,1,0,1.6,1.6,0.4,1,5.1,1.5,0.6,3,1,1,1,4,1,0
27,12,1,8,0,0,1,0.4,0.4,0,1.1,1,1.8,0.4,1,0.4,1,1,1,1,1,1
27,13,1,6,0,1,0,0.7,3,2.3,0.8,0.9,6.9,0.9,0,6,1,1,0,6,1,0
27,14,1,8,0,1,1,1.7,2.3,0.6,0.9,1,5,1.2,0.4,3.4,1,1,1,5,1,1
27,15,1,4,0,1,1,0.7,0.1,-0.6,3.8,0.4,3.4,0,2,1.4,1,0,1,3,1,1
27,16,1,5,0,1,1,0.8,3.3,2.5,7.3,0.5,2.4,1.4,0,1,1,2,0,2,1,1
27,17,1,2,0,1,0,0.8,3.1,2.3,4.8,0.5,1.1,0.4,0,0.7,1,1,0,1,1,0
27,18,1,7,1,0,0,3.1,2.3,-0.8,0.4,0.4,2.6,0,0,2.6,1,0,0,4,1,0
27,19,1,0,0,0,0,0.6,,,,,,,,,1,,,,0,0
27,20,1,10,1,0,0,1.6,,,,,,,,,1,,,,0,0
27,21,1,3,1,0,0,1.2,,,,,,,,,1,,,,0,0
27,22,1,5,0,0,0,0.8,,,,,,,,,1,,,,0,0
27,23,1,8,1,0,0,1,,,,,,,,,1,,,,0,0
27,24,1,9,1,1,1,4,4.5,0.5,4.2,0.7,1.9,0.5,0.5,0.9,1,1,1,1,1,1
27,25,2,10,0,1,1,,,,,1.1,14.9,0,0,14.9,1,0,0,15,1,1
27,26,2,11,0,1,1,1.3,1.9,0.6,2.5,2.3,9.2,0.5,1,7.7,1,1,2,8,1,1
27,27,2,6,0,1,1,0,2.4,2.4,4.5,2.4,6.3,1.4,1.3,3.6,1,3,2,6,1,1
27,28,2,3,1,1,1,1,2,1,1,2.9,6.3,0.7,0,5.6,1,1,0,8,1,1
27,29,2,11,0,1,1,0,1.5,1.5,1.1,0.4,11.1,1.3,0,9.8,1,2,0,10,1,1
27,30,2,4,0,1,1,,,,,1.8,1.7,0.6,0,1.1,1,1,0,1,1,1
27,31,2,1,0,1,1,,,,,1.9,10.1,3.9,0.5,5.7,1,4,1,5,1,1
27,32,2,9,0,1,1,1.5,1.5,0,1.4,1.3,8,0.8,0,7.2,1,1,0,9,1,1
27,33,2,3,0,1,0,,,,,1.7,3,0,0,3,1,0,0,4,1,0
27,34,2,11,0,1,1,0.8,6.3,5.5,1.2,0.4,9.8,1.9,0,7.9,1,2,0,9,1,1
27,35,2,10,0,1,1,,,,,0.9,6.2,4.6,0.4,1.2,1,5,1,2,1,1
27,36,2,0,0,1,1,0.5,2.2,1.7,10.3,1.1,3.6,0.9,0,2.7,1,1,0,4,1,1
27,37,2,10,0,1,1,0.7,2.1,1.4,0.8,0.6,10.6,1.5,0,9.1,1,1,0,14,1,1
27,38,2,2,0,1,1,,,,,0.8,4.7,3.6,0,1.1,1,4,0,1,1,1
27,39,2,3,0,1,1,6,2.3,-3.7,2.2,1.5,5.1,0,0,5.1,1,0,0,6,1,1
27,40,2,8,0,1,1,0.8,3.5,2.7,1.6,1.2,6.8,2.7,0.4,3.7,1,3,1,6,1,1
27,41,2,0,0,1,1,,,,,1.2,16.6,13.8,0,2.8,1,6,0,5,1,1
27,42,2,3,1,0,0,3.2,,,,,,,,,1,,,,0,0
27,43,2,8,1,1,1,,,,,0.5,7.2,2.9,0,4.3,1,5,0,2,1,1
27,44,2,6,1,0,0,1,,,,,,,,,1,,,,0,0
27,45,2,7,1,0,0,3.3,,,,,,,,,1,,,,0,0
27,46,2,0,1,0,0,0,,,,,,,,,1,,,,0,0
27,47,2,9,1,1,0,12,3.1,-8.9,8.3,0.6,2.1,0,0,2.1,1,0,0,3,1,0
27,48,2,3,1,0,0,0,,,,,,,,,1,,,,0,0
27,49,3,0,0,1,1,0,1.1,1.1,0.7,0.5,19.5,0.9,0,18.6,1,1,0,6,1,1
27,50,3,9,0,1,1,1.2,0.8,-0.4,1.4,1.2,5.1,0,0.9,4.2,1,0,2,3,1,1
27,51,3,11,1,0,1,1.8,1.9,0.1,0.5,0.9,2.8,0.4,0,2.4,1,1,0,4,1,0
27,52,3,0,1,0,1,0,1.4,1.4,0.6,0.5,9.1,0.8,0,8.3,1,2,0,8,1,0
27,53,3,3,1,0,1,0.6,2.5,1.9,2.4,0.4,4.6,1.1,1.4,2.1,1,2,1,3,1,0
27,54,3,1,0,1,1,0.7,2.5,1.8,2.7,1.5,8.7,2.1,1.6,5,1,2,1,5,1,1
27,55,3,0,1,1,1,1.5,9.6,8.1,,6.2,5.6,3.8,1.8,0,1,5,1,0,1,1
27,56,3,3,0,0,1,0,,,,,,,,,1,,,,0,1
27,57,3,11,0,0,0,2.4,,,,,,,,,1,,,,0,0
27,58,3,1,0,1,1,1.1,2,0.9,5.8,1.5,4.9,1.3,0.5,3.1,1,2,1,3,1,1
27,59,3,7,0,1,1,0.7,4.7,4,4.7,1.3,4.4,2.7,0,1.7,1,4,0,2,1,1
27,60,3,10,0,1,0,0.8,2.5,1.7,0.3,1,8.2,0.9,0,7.3,1,1,0,4,1,1
27,61,3,0,0,0,0,1.9,,,,,,,,,1,,,,0,0
27,62,3,10,0,1,1,0.1,2.7,2.6,7.2,0.6,2.6,1.2,0.5,0.9,1,1,1,1,1,1
27,63,3,6,1,0,0,2,,,,,,,,,1,,,,0,0
27,64,3,7,1,0,0,0.1,,,,,,,,,1,,,,0,0
27,65,3,0,1,1,1,0,1.8,1.8,1.9,0.9,5.6,1.4,1,3.2,1,2,1,3,1,1
27,66,3,2,0,1,1,2.3,1.9,-0.4,2.5,1.2,8.6,0,2.3,6.3,1,0,2,5,1,1
27,67,3,3,1,0,0,0.9,,,,,,,,,1,,,,0,0
27,68,3,4,1,1,1,2.3,3,0.7,1.3,0.7,4.4,0.4,0.5,3.5,1,1,1,4,1,1
27,69,3,3,0,1,1,0.5,2.2,1.7,1.5,1.1,5.1,1.6,0,3.5,1,2,0,2,1,1
27,70,3,8,0,0,0,1.3,,,,,,,,,1,,,,0,0
27,71,3,6,1,1,1,0.7,3.2,2.5,0.4,0.6,2.8,1.5,0,1.3,1,2,0,1,1,1
27,72,3,4,1,0,0,0.4,2.1,1.7,0.6,0.4,2.1,1,0,1.1,1,1,0,2,1,0
27,73,4,9,0,1,1,0.1,1.7,1.6,1,1.1,12,1.8,1.3,8.9,1,2,1,10,1,1
27,74,4,2,0,1,1,1.1,1.5,0.4,1.3,1.3,8.8,2.8,0,6,1,1,0,6,1,1
27,75,4,6,1,1,0,0.1,2.4,2.3,1.5,0.6,2.2,1.6,0,0.6,1,2,0,1,1,1
27,76,4,4,1,1,0,0.4,2.3,1.9,4.1,1.1,2.3,1.6,0,0.7,1,1,0,1,1,0
27,77,4,9,1,1,1,2,1.7,-0.3,6,0.9,0.9,0.5,0,0.4,1,1,0,1,1,1
27,78,4,10,0,0,1,0.5,1.9,1.4,0.3,0.8,5.2,1.1,0,4.1,1,2,0,6,1,1
27,79,4,8,1,0,0,1.1,,,,,,,,,1,,,,0,0
27,80,4,1,1,0,0,4.2,,,,,,,,,1,,,,0,0
27,81,4,5,1,0,0,0.5,,,,,,,,,1,,,,0,0
27,82,4,11,0,1,1,0.5,2.1,1.6,1.3,1.9,5.1,1.8,1.6,1.7,1,1,2,3,1,1
27,83,4,5,0,0,1,0,2.2,2.2,4.8,0.5,8,1.9,1.1,5,1,2,1,2,1,0
27,84,4,10,0,0,1,2.1,1.7,-0.4,8,1.1,1.4,0,0.5,0.9,1,0,1,1,1,1
27,85,4,6,0,1,0,0.5,2.1,1.6,2.2,1.3,7.4,1,0,6.4,1,2,0,6,1,0
27,86,4,4,0,1,1,0,5.5,5.5,1.3,1.1,5.6,4.1,0,1.5,1,6,0,3,1,1
27,87,4,8,0,0,0,0,,,,,,,,,1,,,,0,0
27,88,4,3,0,0,1,1.9,1.4,-0.5,2.6,0.8,0.8,0,0.4,0.4,1,0,1,1,1,0
27,89,4,0,0,0,0,4.2,,,,,,,,,1,,,,0,0
27,90,4,2,0,1,0,0.3,6.6,6.3,1.4,0.8,5.7,1.8,0,3.9,1,3,0,3,1,0
27,91,4,11,1,0,0,1.6,,,,,,,,,1,,,,0,0
27,92,4,4,1,0,0,0.5,,,,,,,,,1,,,,0,0
27,93,4,7,1,1,1,0.8,0.9,0.1,2.3,0.8,2.4,1.4,0,1,1,1,0,2,1,1
27,94,4,8,1,0,0,4,,,,,,,,,1,,,,0,0
27,95,4,3,0,0,1,0,2,2,2.7,0.5,3,1.2,1.1,0.7,1,2,1,1,1,0
27,96,4,0,1,1,1,0.3,1.7,1.4,7.6,1.3,5,1.3,0,3.7,1,2,0,2,1,1
27,97,5,2,0,1,1,0.1,0.9,0.8,2.7,1.4,5,0.4,2.3,2.3,1,1,1,3,1,1
27,98,5,0,0,1,1,1.9,1.1,-0.8,0.8,0.7,7.6,0,0.4,7.2,1,0,1,7,1,1
27,99,5,9,0,1,1,1.5,1.2,-0.3,2.2,0.9,6.2,0.6,0,5.6,1,1,0,3,1,1
27,100,5,10,0,0,0,0.9,,,,,,,,,1,,,,0,0
27,101,5,5,1,1,1,2.2,8.3,6.1,2.4,1.4,4.4,2.9,0,1.5,1,6,0,2,1,1
27,102,5,11,0,0,0,3.5,2.3,-1.2,0.7,0.5,7.8,0,0,7.8,1,0,0,7,1,0
27,103,5,0,0,0,0,2.2,,,,,,,,,1,,,,0,0
27,104,5,10,1,1,1,3.3,3.1,-0.2,1.2,0.7,5,0.4,0,4.6,1,1,0,2,1,1
27,105,5,9,0,1,1,0.2,1.4,1.2,0.3,0.8,3.1,0.4,0.4,2.3,1,1,1,3,1,1
27,106,5,10,0,0,1,1.9,1.3,-0.6,,0.8,0.4,0,0.4,0,1,0,1,0,1,1
27,107,5,2,0,1,1,2.2,1.7,-0.5,0.7,1.1,4.5,0,0.6,3.9,1,0,1,5,1,1
27,108,5,6,0,1,1,1.6,1.9,0.3,,0.8,0.8,0.4,0.4,0,1,1,1,0,1,1
27,109,5,9,0,0,1,1.3,2.1,0.8,0.4,1.4,3.3,1.2,0.4,1.7,1,1,1,2,1,1
27,110,5,7,0,1,0,0.4,1.7,1.3,,0.9,0.9,0.9,0,0,1,2,0,0,1,0
27,111,5,2,1,0,0,1.5,,,,,,,,,1,,,,0,0
27,112,5,4,0,1,1,2.7,4.1,1.4,,0.6,1.4,1.4,0,0,1,2,0,0,1,1
27,113,5,3,0,1,1,1,2.1,1.1,4.8,0.8,5.4,2,0,3.4,1,1,0,3,1,1
27,114,5,8,0,1,1,2.4,4,1.6,0.7,0.9,3,0.4,0.5,2.1,1,1,1,3,1,1
27,115,5,2,0,1,1,0.6,1.9,1.3,1.4,0.7,4.8,2.5,0,2.3,1,2,0,3,1,1
27,116,5,7,1,0,1,0.4,1.8,1.4,7.4,0.7,4.9,1.3,0.6,3,1,1,1,1,1,1
27,117,5,1,1,0,0,0.8,,,,,,,,,1,,,,0,0
27,118,5,11,0,1,1,0.9,2.7,1.8,1.1,1.2,3.1,1.7,0.4,1,1,2,1,1,1,1
27,119,5,2,0,1,1,0.8,2,1.2,,0.8,1,1,0,0,1,2,0,0,1,1
27,120,5,3,1,1,0,1.3,2.3,1,,0.4,1.1,0.5,0.6,0,1,1,1,0,1,1
28,1,1,2,1,1,1,2.2,5,2.8,,1.8,2.6,1.7,0.9,0,1,2,2,0,1,1
28,2,1,7,0,1,1,3.5,1.9,-1.6,2.6,1.9,4.7,0,2.3,2.4,1,0,1,5,1,1
28,3,1,1,1,1,1,2,2.4,0.4,1.2,0.4,1.1,0.7,0,0.4,1,1,0,1,1,1
28,4,1,3,0,1,1,2.4,2.8,0.4,,2.6,1.4,0.5,0.9,0,1,1,1,0,1,1
28,5,1,6,0,1,1,4.5,2.3,-2.2,1.5,2.6,1.3,0,0.5,0.8,1,0,1,2,1,1
28,6,1,5,0,1,1,2.8,2.3,-0.5,1.6,2.1,5.7,0,1.6,4.1,1,0,2,5,1,1
28,7,1,2,0,1,0,0.5,1.9,1.4,0.7,2.3,1.9,0.7,0,1.2,1,1,0,3,1,0
28,8,1,9,0,1,0,9.5,1.5,-8,6,2,1.2,0,0,1.2,1,0,0,1,1,0
28,9,1,4,0,1,1,3.9,1.4,-2.5,7.7,2.6,0.9,0,0.4,0.5,1,0,1,1,1,1
28,10,1,7,0,0,0,0.2,2.1,1.9,6.3,2,1.7,0.4,0,1.3,1,1,0,1,1,0
28,11,1,11,0,0,0,5.4,2.1,-3.3,1.1,2.2,1.6,0,0,1.6,1,0,0,3,1,0
28,12,1,8,0,1,0,0.4,1.9,1.5,,3,0.4,0.4,0,0,1,1,0,0,1,0
28,13,1,6,0,1,1,2.8,2.4,-0.4,3.8,1.8,5.1,0,2.6,2.5,1,0,2,2,1,1
28,14,1,8,0,1,1,3.6,1.6,-2,2.1,2.6,4.2,0,1.8,2.4,1,0,1,3,1,1
28,15,1,4,0,1,1,3.8,2,-1.8,,2.2,0.5,0,0.5,0,1,0,1,0,1,1
28,16,1,5,0,1,0,5.4,2.5,-2.9,1,1.9,0.9,0,0,0.9,1,0,0,2,1,0
28,17,1,2,0,1,1,5.4,3.1,-2.3,0.5,3,1.1,0,0.4,0.7,1,0,1,1,1,1
28,18,1,7,1,0,0,1.7,,,,,,,,,1,,,,0,0
28,19,1,0,0,1,1,2.2,1.8,-0.4,7.9,2.4,2.9,0,1.9,1,1,0,2,1,1,1
28,20,1,10,1,0,0,3.8,,,,,,,,,1,,,,0,0
28,21,1,3,1,0,0,1.8,,,,,,,,,1,,,,0,0
28,22,1,5,0,1,0,7.5,3.3,-4.2,2,2.2,1.7,0,0,1.7,1,0,0,2,1,0
28,23,1,8,1,0,0,2.7,,,,,,,,,1,,,,0,0
28,24,1,9,1,1,1,0.9,1.6,0.7,1.1,2.5,6.1,0.8,1.6,3.7,1,1,2,4,1,1
28,25,2,10,0,1,0,13.7,3,-10.7,8.6,2.1,0.8,0,0,0.8,1,0,0,1,1,0
28,26,2,11,0,1,1,1.9,1.2,-0.7,0.7,2,4,0,1.6,2.4,1,0,2,4,1,1
28,27,2,6,0,1,1,1.5,3.9,2.4,,2.4,0.9,0.5,0.4,0,1,1,1,0,1,1
28,28,2,3,1,0,0,2.9,,,,,,,,,1,,,,0,0
28,29,2,11,0,1,1,3.4,1.8,-1.6,1.9,2,2.6,0,0.4,2.2,1,0,1,4,1,1
28,30,2,4,0,1,1,0.6,1,0.4,6.5,2.9,2.3,0.6,0,1.7,1,1,0,3,1,1
28,31,2,1,0,1,1,1.5,1,-0.5,6,3.2,4.7,0,2,2.7,1,0,2,3,1,1
28,32,2,9,0,1,1,2.7,3.3,0.6,0.7,3.2,3.4,1.2,1,1.2,1,1,2,2,1,1
28,33,2,3,0,1,1,2.9,1.1,-1.8,4.7,2.1,3,0,0.5,2.5,1,0,1,4,1,1
28,34,2,11,0,1,1,2.4,1.4,-1,0.7,2.6,2.8,0,1.5,1.3,1,0,2,2,1,1
28,35,2,10,0,1,1,5.1,3.2,-1.9,1.1,2.7,3.6,0,0.9,2.7,1,0,1,3,1,1
28,36,2,0,0,1,1,1.3,1.1,-0.2,6.4,2.3,0.9,0.5,0,0.4,1,1,0,1,1,1
28,37,2,10,0,1,1,3.3,2.2,-1.1,8.1,2.7,2.4,0,1.2,1.2,1,0,2,2,1,1
28,38,2,2,0,1,1,1.4,1.1,-0.3,2,2.5,2.7,0.4,0,2.3,1,1,0,5,1,1
28,39,2,3,0,1,0,0,0.9,0.9,5.2,2.1,4.8,0.5,0,4.3,1,1,0,4,1,0
28,40,2,8,0,1,0,3.7,1.8,-1.9,8.8,1.7,1,0,0.5,0.5,1,0,1,1,1,0
28,41,2,0,0,1,1,0,0.7,0.7,0.9,2.9,2.8,0.6,0.4,1.8,1,1,1,3,1,1
28,42,2,3,1,0,0,1.4,,,,,,,,,1,,,,0,0
28,43,2,8,1,0,0,2.7,,,,,,,,,1,,,,0,0
28,44,2,6,1,0,0,0.2,,,,,,,,,1,,,,0,0
28,45,2,7,1,0,0,1,,,,,,,,,1,,,,0,0
28,46,2,0,1,1,0,6.5,7.7,1.2,,1.9,0.5,0.5,0,0,1,1,0,0,1,0
28,47,2,9,1,1,0,1,2.6,1.6,,0.4,1.4,1.4,0,0,1,1,0,0,1,0
28,48,2,3,1,0,0,4.5,2.9,-1.6,1,0.6,2.8,0,0,2.8,1,0,0,5,1,0
28,49,3,0,0,0,0,0.3,,,,,,,,,1,,,,0,0
28,50,3,9,0,1,1,2.1,3.7,1.6,2.2,0.4,2.4,0.5,0,1.9,1,1,0,3,1,1
28,51,3,11,1,0,0,,,,,,,,,,1,,,,0,0
28,52,3,0,1,0,0,9.2,,,,,,,,,1,,,,0,0
28,53,3,3,1,0,0,,2.4,,,0.4,,,,,1,,,,1,0
28,54,3,1,0,1,1,0,5.1,5.1,,12,5.6,1.4,4.2,0,1,2,5,0,1,1
28,55,3,0,1,1,1,4.2,6.1,1.9,,0.9,3.8,2,1.8,0,1,2,1,0,1,1
28,56,3,3,0,1,1,4,3.3,-0.7,0.6,1.3,3.4,0,0.7,2.7,1,0,1,5,1,1
28,57,3,11,0,0,1,3,5.6,2.6,2,0.4,7.8,3.1,0,4.7,1,4,0,5,1,0
28,58,3,1,0,1,1,1.4,2.8,1.4,1.5,1.8,9.4,2,1.2,6.2,1,2,1,5,1,1
28,59,3,7,0,1,1,0.8,7.9,7.1,2.1,1.9,6.6,4.9,0.8,0.9,1,4,1,1,1,1
28,60,3,10,0,1,1,0.2,2.2,2,2,2,4.3,0.4,0.9,3,1,1,1,4,1,1
28,61,3,0,0,1,1,0.2,0.9,0.7,4.1,2.1,9,1,4.7,3.3,1,1,1,4,1,1
28,62,3,10,0,1,1,0.6,1.1,0.5,0.5,2.1,3.5,0.4,0.8,2.3,1,1,1,2,1,1
28,63,3,6,1,0,1,1.2,3.2,2,1.5,0.4,2.7,1,0.4,1.3,1,1,1,2,1,0
28,64,3,7,1,1,1,0.1,4,3.9,0.4,0.5,5.2,3.6,0,1.6,1,2,0,2,1,1
28,65,3,0,1,1,1,0.1,1.8,1.7,1.1,1.7,6.5,2.3,1.5,2.7,1,2,1,4,1,1
28,66,3,2,0,1,1,0.5,2.4,1.9,2.3,2.2,6.6,1.7,2.1,2.8,1,3,2,5,1,1
28,67,3,3,1,0,0,0.9,,,,,,,,,1,,,,0,0
28,68,3,4,1,0,0,0.6,,,,,,,,,1,,,,0,0
28,69,3,3,0,1,1,0.1,0.9,0.8,2.6,1.8,2.9,0.4,0.9,1.6,1,1,1,3,1,1
28,70,3,8,0,1,1,1.5,2.8,1.3,1.2,0.4,4.5,1.2,0,3.3,1,2,0,4,1,1
28,71,3,6,1,1,1,1.8,0,-1.8,1.3,0.5,1,0,0,1,1,0,0,2,1,1
28,72,3,4,1,1,1,0.1,1.5,1.4,8,1.9,3.6,1.6,1,1,1,1,1,1,1,1
28,73,4,9,0,1,1,1.7,2.1,0.4,3.5,1.7,10.4,1.8,3.3,5.3,1,2,1,7,1,1
28,74,4,2,0,1,1,1.4,0.8,-0.6,1.9,1.7,6.8,0,2,4.8,1,0,2,6,1,1
28,75,4,6,1,1,1,0.7,2.2,1.5,1.8,1.3,3.4,1.5,0,1.9,1,2,0,4,1,1
28,76,4,4,1,1,1,0.8,1.7,0.9,1.5,1.5,4.3,2.3,0,2,1,1,0,1,1,1
28,77,4,9,1,1,1,0.1,1.6,1.5,1.1,1.5,7.9,2.2,0,5.7,1,1,0,5,1,1
28,78,4,10,0,1,1,0,1,1,2.1,1.6,7.6,1.4,2.3,3.9,1,1,1,5,1,1
28,79,4,8,1,1,1,0,0.7,0.7,3.5,1.2,3.2,1.2,1.2,0.8,1,1,1,2,1,1
28,80,4,1,1,1,1,0.3,0.9,0.6,2,1.4,5.7,1.2,0.6,3.9,1,1,1,5,1,1
28,81,4,5,1,1,1,1.2,0.5,-0.7,0.3,0.4,1.3,0,0,1.3,1,0,0,1,1,1
28,82,4,11,0,1,1,0.1,0.8,0.7,0.7,1,9.6,1.6,0,8,1,2,0,7,1,1
28,83,4,5,0,1,1,0.7,1.4,0.7,0.5,1.6,5.4,0.8,0,4.6,1,1,0,6,1,1
28,84,4,10,0,1,1,0.5,1.2,0.7,1.9,1.5,3.4,1,1.2,1.2,1,1,1,2,1,1
28,85,4,6,0,1,1,0.6,1.2,0.6,2.5,1.2,8.8,1.1,2.3,5.4,1,1,1,7,1,1
28,86,4,4,0,1,1,1.1,0.5,-0.6,1.3,1.2,7.6,0,1.1,6.5,1,0,1,6,1,1
28,87,4,8,0,1,0,0,1,1,1.6,1.2,3.5,0.6,0,2.9,1,1,0,5,1,1
28,88,4,3,0,1,1,0.4,1.1,0.7,2,1.5,4.8,1.2,1.4,2.2,1,1,1,3,1,1
28,89,4,0,0,1,1,1.9,2.7,0.8,0.9,1.2,6.8,2.8,0,4,1,1,0,6,1,1
28,90,4,2,0,1,1,0,8.8,8.8,0.8,1.9,8.7,6.4,1.2,1.1,1,4,1,2,1,1
28,91,4,11,1,1,1,0,1.5,1.5,1.8,1.3,4.8,1.9,1.6,1.3,1,2,1,2,1,1
28,92,4,4,1,1,1,0,2.5,2.5,1.5,1.5,4.8,2.4,1.8,0.6,1,2,1,1,1,1
28,93,4,7,1,0,0,,,,,,,,,,1,,,,0,0
28,94,4,8,1,1,1,0.2,1.2,1,5.2,1.2,3.6,1.4,1.3,0.9,1,1,1,2,1,1
28,95,4,3,0,1,1,1.4,0.9,-0.5,1,1.3,4.5,0,1.1,3.4,1,0,1,4,1,1
28,96,4,0,1,1,1,1.4,0.7,-0.7,5.6,1.9,4.2,0,2.1,2.1,1,0,1,3,1,1
28,97,5,2,0,1,1,0.6,3.2,2.6,5.1,1.4,5.2,0.8,3.1,1.3,1,2,1,2,1,1
28,98,5,0,0,1,1,1.8,0.7,-1.1,2.6,1.4,7.2,0,2.8,4.4,1,0,1,6,1,1
28,99,5,9,0,1,1,1.1,2.8,1.7,7.5,2.2,3,1.3,1.3,0.4,1,2,2,1,1,1
28,100,5,10,0,1,1,1.5,4.2,2.7,0.4,2.4,5.4,0.4,0.6,4.4,1,1,1,4,1,1
28,101,5,5,1,1,1,6.7,2.1,-4.6,4.2,0.4,2.9,0,0,2.9,1,0,0,3,1,1
28,102,5,11,0,1,1,1.4,2,0.6,0.7,2.8,7.4,2.6,0.4,4.4,1,1,1,6,1,1
28,103,5,0,0,1,1,2.7,2.6,-0.1,0.5,2,8.1,0.8,0.4,6.9,1,1,1,4,1,1
28,104,5,10,1,1,1,2.2,3.1,0.9,3.6,0.4,2.6,1.8,0,0.8,1,1,0,2,1,1
28,105,5,9,0,1,1,2.6,1.1,-1.5,2.5,2.3,3.1,0,1.7,1.4,1,0,2,3,1,1
28,106,5,10,0,1,0,5.6,3,-2.6,0.9,1.7,2.1,0,0,2.1,1,0,0,2,1,0
28,107,5,2,0,1,1,1.4,1,-0.4,0.5,2.1,5.5,0,0.6,4.9,1,0,1,8,1,1
28,108,5,6,0,1,1,2.4,1.7,-0.7,4.6,2.1,6.5,0,3.5,3,1,0,2,2,1,1
28,109,5,9,0,1,1,0.6,1.3,0.7,1.4,1.6,4.6,0.4,1.4,2.8,1,1,1,5,1,1
28,110,5,7,0,1,1,3.3,1.8,-1.5,1.9,2.1,4.6,0,2.3,2.3,1,0,2,3,1,1
28,111,5,2,1,1,1,2.1,2.6,0.5,1.6,2.9,5.2,1.8,0.5,2.9,1,1,1,2,1,1
28,112,5,4,0,1,1,0.7,2.2,1.5,1.7,2.4,7.7,1.4,1.1,5.2,1,2,2,5,1,1
28,113,5,3,0,1,1,0.2,1.9,1.7,1.7,2.7,4.9,0.5,0.9,3.5,1,1,1,3,1,1
28,114,5,8,0,1,1,0.9,3.9,3,2.9,2.6,3.7,0.4,0.5,2.8,1,1,1,4,1,1
28,115,5,2,0,1,1,0.1,3.8,3.7,1,3.9,5.6,2.8,1,1.8,1,2,2,4,1,1
28,116,5,7,1,1,1,1.4,2,0.6,,2.1,2,2,0,0,1,1,0,0,1,1
28,117,5,1,1,1,1,0.5,2.4,1.9,1.6,3.1,4.6,3.3,0,1.3,1,2,0,2,1,1
28,118,5,11,0,1,1,0.3,2.6,2.3,5.7,3,3.1,0.9,1,1.2,1,2,2,2,1,1
28,119,5,2,0,1,1,2.9,1.5,-1.4,0.4,3.1,4.2,0,0.4,3.8,1,0,1,5,1,1
28,120,5,3,1,0,0,0.3,,,,,,,,,1,,,,0,0
29,1,1,2,1,0,0,0.7,,,,,,,,,1,,,,0,0
29,2,1,7,0,1,1,0,1.4,1.4,0.9,1.2,6.1,2.1,0,4,1,2,0,6,1,1
29,3,1,1,1,1,1,0.1,1.7,1.6,5.1,1.2,4.6,1.4,1.2,2,1,2,2,3,1,1
29,4,1,3,0,0,1,0.1,1.3,1.2,0.7,1,5.3,1,0.8,3.5,1,1,2,2,1,0
29,5,1,6,0,0,0,7,1.5,-5.5,4.1,1.4,4.2,0,0,4.2,1,0,0,5,1,0
29,6,1,5,0,1,1,0.7,1.5,0.8,2.7,1.2,8.9,0.8,1.8,6.3,1,2,1,5,1,1
29,7,1,2,0,0,0,0.1,1.3,1.2,0.6,1.1,3.7,0.5,0,3.2,1,1,0,4,1,0
29,8,1,9,0,1,1,0.3,0.9,0.6,1.1,1.2,4.4,0.4,0.5,3.5,1,1,1,4,1,1
29,9,1,4,0,0,1,3.1,1.8,-1.3,3.1,1.5,3.8,0,1.5,2.3,1,0,1,5,1,1
29,10,1,7,0,1,1,1,0.9,-0.1,2.4,1.2,4.5,0.7,1.9,1.9,1,1,1,2,1,1
29,11,1,11,0,0,0,3.2,1.6,-1.6,1.1,0.5,1.6,0,0,1.6,1,0,0,2,1,0
29,12,1,8,0,1,1,0.3,1,0.7,2.7,0.6,3.3,1.4,0,1.9,1,2,0,1,1,1
29,13,1,6,0,1,1,0.9,2.9,2,1.3,1,6,1,0.4,4.6,1,2,1,5,1,1
29,14,1,8,0,1,1,0.8,1.5,0.7,4.4,1.1,7.6,1.9,0.5,5.2,1,1,1,5,1,1
29,15,1,4,0,1,1,0.4,0.9,0.5,1.7,1,10.5,1.1,1.1,8.3,1,1,1,5,1,1
29,16,1,5,0,0,0,3.9,1,-2.9,2,0.9,4.2,0,0,4.2,1,0,0,5,1,0
29,17,1,2,0,1,1,0.5,0.9,0.4,1.1,1.1,7.3,0.7,0.9,5.7,1,1,1,9,1,1
29,18,1,7,1,0,0,9.3,1.4,-7.9,6.7,1.2,0.6,0,0,0.6,1,0,0,1,1,0
29,19,1,0,0,0,0,3.4,1.3,-2.1,1.2,0.9,4.2,0,0,4.2,1,0,0,6,1,0
29,20,1,10,1,0,1,3.1,4.5,1.4,,1.1,1.4,1.4,0,0,1,3,0,0,1,1
29,21,1,3,1,0,0,9,1.9,-7.1,5.9,1.2,3.6,0,0,3.6,1,0,0,1,1,0
29,22,1,5,0,0,0,0.2,1.8,1.6,3.4,1.1,3.8,0.4,0,3.4,1,1,0,5,1,0
29,23,1,8,1,0,0,4.1,,,,,,,,,1,,,,0,0
29,24,1,9,1,1,1,0,1.5,1.5,3.2,1.4,4.3,1.7,1.2,1.4,1,2,2,2,1,1
29,25,2,10,0,0,0,1.6,3.6,2,1.1,1.6,3.4,0.6,0,2.8,1,1,0,4,1,0
29,26,2,11,0,0,1,1.1,0.9,-0.2,4.4,1.2,3.4,0.4,0,3,1,1,0,2,1,0
29,27,2,6,0,1,0,0.1,2.1,2,3.7,1.5,3.6,0.5,0,3.1,1,1,0,4,1,1
29,28,2,3,1,0,1,2.5,0.9,-1.6,,1.7,0.7,0,0.7,0,1,0,1,0,1,1
29,29,2,11,0,1,1,0.6,1.4,0.8,10.6,1.6,3,0.7,1.5,0.8,1,1,1,1,1,1
29,30,2,4,0,1,1,1.3,0.9,-0.4,0.4,1.6,2.6,0,0.7,1.9,1,0,1,3,1,1
29,31,2,1,0,1,0,0.4,1.1,0.7,1.1,1.3,5.8,0.4,0,5.4,1,1,0,3,1,0
29,32,2,9,0,1,0,4,0.8,-3.2,1.9,1.3,4.1,0,0,4.1,1,0,0,5,1,0
29,33,2,3,0,0,1,0.8,0.5,-0.3,11.4,1.3,1.9,0,0.6,1.3,1,0,1,1,1,1
29,34,2,11,0,0,0,13.2,1,-12.2,11,1.2,0.6,0,0,0.6,1,0,0,1,1,0
29,35,2,10,0,0,0,1.4,2.5,1.1,0.6,1.3,1.7,0.7,0,1,1,1,0,2,1,0
29,36,2,0,0,1,1,0,1.4,1.4,2.2,1,5.5,1.3,0.6,3.6,1,1,1,4,1,1
29,37,2,10,0,1,1,1.3,1.9,0.6,5,1.2,2.2,0.5,0.5,1.2,1,1,1,2,1,1
29,38,2,2,0,1,1,0.2,1.4,1.2,2.8,0.8,5.2,0.5,0.9,3.8,1,1,1,4,1,1
29,39,2,3,0,0,1,0.4,0.6,0.2,1.1,1.1,5.6,0.6,0,5,1,1,0,5,1,1
29,40,2,8,0,0,1,0.6,0.3,-0.3,4.5,1.1,1.6,0,0.6,1,1,0,1,1,1,1
29,41,2,0,0,1,1,0,2.5,2.5,9.5,1.1,2.6,1.3,0,1.3,1,2,0,1,1,1
29,42,2,3,1,0,1,2.5,1.9,-0.6,,1.2,0.6,0,0.6,0,1,0,1,0,1,1
29,43,2,8,1,0,0,,1.3,,,1.1,,,,,1,,,,1,0
29,44,2,6,1,0,0,2.8,,,,,,,,,1,,,,0,0
29,45,2,7,1,1,1,1.6,2.6,1,,1.6,1.5,1.5,0,0,1,1,0,0,1,1
29,46,2,0,1,0,1,2.7,3.5,0.8,1,1.3,1.6,0.7,0,0.9,1,1,0,2,1,0
29,47,2,9,1,0,1,0.4,1.8,1.4,2.2,0.9,4.1,1.4,0,2.7,1,2,0,3,1,1
29,48,2,3,1,0,0,0.8,3,2.2,2,0.4,3,0.4,0,2.6,1,1,0,3,1,0
29,49,3,0,0,0,0,0.7,,,,,,,,,1,,,,0,0
29,50,3,9,0,0,0,0.1,,,,,,,,,1,,,,0,0
29,51,3,11,1,1,1,0.8,1.2,0.4,7.8,1.1,3.2,0.8,0,2.4,1,1,0,1,1,1
29,52,3,0,1,1,1,1.7,0.7,-1,3.8,1.2,1.9,0,1.1,0.8,1,0,1,1,1,1
29,53,3,3,1,0,1,0.5,0.8,0.3,4.1,1.3,4,0.4,0,3.6,1,1,0,2,1,1
29,54,3,1,0,1,1,2,0.8,-1.2,1.6,1.3,3.9,0,1.1,2.8,1,0,1,2,1,1
29,55,3,0,1,1,1,0.3,0.2,-0.1,1.3,1.3,4.7,0.7,0,4,1,1,0,5,1,1
29,56,3,3,0,1,1,0,0.2,0.2,0.4,1.2,6.1,0.7,0,5.4,1,1,0,5,1,1
29,57,3,11,0,1,1,1.6,3.4,1.8,1.2,1.1,8.8,1.9,0.7,6.2,1,2,1,4,1,1
29,58,3,1,0,1,1,0.3,0.7,0.4,0.9,1.7,11.6,1.3,0.8,9.5,1,1,1,4,1,1
29,59,3,7,0,1,1,0.4,1.1,0.7,0.8,1.5,9.9,1.7,0,8.2,1,1,0,7,1,1
29,60,3,10,0,1,1,2.7,0.8,-1.9,0.7,1.2,2.5,0,0,2.5,1,0,0,3,1,1
29,61,3,0,0,1,1,0.1,1.6,1.5,0.8,1,11.3,3.2,0,8.1,1,1,0,6,1,1
29,62,3,10,0,1,1,0.9,1.3,0.4,3.4,0.7,5.9,0.5,2.5,2.9,1,1,1,4,1,1
29,63,3,6,1,0,1,0.3,2.2,1.9,0.8,1.1,3,0.9,0,2.1,1,2,0,3,1,1
29,64,3,7,1,1,1,0.5,1.7,1.2,2.7,1.4,4.8,1.1,2.2,1.5,1,2,2,2,1,1
29,65,3,0,1,1,1,0,1.7,1.7,,1.9,2.4,2.4,0,0,1,2,0,0,1,1
29,66,3,2,0,1,1,0.9,1.3,0.4,2.6,1,2.9,0.8,0,2.1,1,1,0,2,1,1
29,67,3,3,1,0,1,0.8,2.1,1.3,6.6,1.1,2,1,0.4,0.6,1,2,1,1,1,0
29,68,3,4,1,0,1,1.8,2.1,0.3,1.4,1.1,4.1,0.6,1.4,2.1,1,1,1,2,1,1
29,69,3,3,0,0,0,0.9,,,,,,,,,1,,,,0,0
29,70,3,8,0,1,1,0.3,1.1,0.8,2.3,1,5.8,1.2,2,2.6,1,1,1,3,1,1
29,71,3,6,1,0,1,0.5,2.4,1.9,6.3,0.6,4.2,1.4,0.9,1.9,1,2,1,1,1,0
29,72,3,4,1,1,1,0,1.1,1.1,9.6,0.6,3.6,1.2,1.6,0.8,1,1,1,1,1,1
29,73,4,9,0,1,1,0.8,1.9,1.1,1.1,1.2,16,1.7,0.8,13.5,1,1,1,9,1,1
29,74,4,2,0,1,1,0.5,1.6,1.1,3.8,1.3,7.5,1.8,3.1,2.6,1,1,1,4,1,1
29,75,4,6,1,1,1,0.7,2.1,1.4,1.3,1.4,6.5,2.7,1.1,2.7,1,1,1,2,1,1
29,76,4,4,1,1,1,1.3,2.8,1.5,1,1.9,8.5,2.8,0.6,5.1,1,2,1,5,1,1
29,77,4,9,1,1,1,0.5,1.5,1,2.4,1.4,7.5,1.6,1.6,4.3,1,1,2,4,1,1
29,78,4,10,0,1,1,0.9,2.4,1.5,1.1,1.9,5.1,2.1,0,3,1,2,0,4,1,1
29,79,4,8,1,0,1,0.4,1.8,1.4,2.6,1.7,2.7,1.6,0,1.1,1,2,0,2,1,1
29,80,4,1,1,1,1,0.6,2.2,1.6,0.6,1.9,7.5,1.9,1.2,4.4,1,1,1,7,1,1
29,81,4,5,1,1,1,0.6,0.8,0.2,8.3,1.8,2.4,1.4,0,1,1,1,0,1,1,1
29,82,4,11,0,1,1,1.3,2.7,1.4,5.1,1.5,7.1,1.3,1.9,3.9,1,2,1,3,1,1
29,83,4,5,0,1,1,1.3,0.4,-0.9,0.7,1.4,7.8,0,0.8,7,1,0,1,6,1,1
29,84,4,10,0,1,1,0.3,1.4,1.1,0.4,1.4,5.7,1,0,4.7,1,1,0,4,1,1
29,85,4,6,0,1,1,0.8,1.6,0.8,1.4,1.8,8.8,2,1.4,5.4,1,2,1,6,1,1
29,86,4,4,0,1,1,0.9,1.1,0.2,1.2,1.7,10.9,2,0.8,8.1,1,1,1,5,1,1
29,87,4,8,0,1,0,2.2,0.2,-2,2.1,1.7,4.2,0,1,3.2,1,0,1,3,1,0
29,88,4,3,0,1,1,0.3,0.7,0.4,1.6,1.6,2.3,0.6,0,1.7,1,1,0,3,1,1
29,89,4,0,0,1,1,0.4,0.9,0.5,0.6,1.5,5.7,2.5,0,3.2,1,1,0,5,1,1
29,90,4,2,0,1,1,1.3,9.9,8.6,,1.8,5.9,3.9,2,0,1,4,2,0,1,1
29,91,4,11,1,1,1,0,0.6,0.6,1.4,1.2,5.2,1.1,1,3.1,1,1,1,3,1,1
29,92,4,4,1,1,1,1.4,3.1,1.7,1.9,1.4,6.6,2.4,1,3.2,1,2,1,3,1,1
29,93,4,7,1,1,1,0,1.6,1.6,0.8,1.5,8.6,2.2,0,6.4,1,2,0,6,1,1
29,94,4,8,1,1,1,0.4,1.2,0.8,2.3,1.3,4.2,1.5,0,2.7,1,1,0,4,1,1
29,95,4,3,0,1,0,0,1.3,1.3,2,1.1,3.9,0.4,1.1,2.4,1,1,1,3,1,0
29,96,4,0,1,1,1,0.5,0.7,0.2,3.1,1.6,4.8,2,0,2.8,1,1,0,3,1,1
29,97,5,2,0,0,1,1.1,4.4,3.3,4.3,1,3.9,1.8,0.8,1.3,1,2,1,2,1,1
29,98,5,0,0,0,1,0.7,1.7,1,1.1,1.6,8.5,1.4,0,7.1,1,2,0,6,1,0
29,99,5,9,0,1,1,1.9,3.1,1.2,0.6,1.2,5.5,2.4,0,3.1,1,3,0,4,1,1
29,100,5,10,0,1,1,1.1,1.8,0.7,1.4,1.6,5.3,1.9,0,3.4,1,1,0,4,1,1
29,101,5,5,1,1,1,0,10.8,10.8,,1.8,3,3,0,0,1,3,0,0,1,1
29,102,5,11,0,0,0,3.9,,,,,,,,,1,,,,0,0
29,103,5,0,0,1,1,0.4,2.9,2.5,0.9,1.5,7.3,2.6,0,4.7,1,3,0,3,1,1
29,104,5,10,1,0,1,0.4,0.9,0.5,3.4,0.6,3.1,1.3,0,1.8,1,1,0,1,1,1
29,105,5,9,0,1,1,0.2,0.7,0.5,0.8,1.2,4.7,1,0,3.7,1,2,0,6,1,1
29,106,5,10,0,0,1,1,2,1,0.4,1.2,7.6,1.1,0.5,6,1,1,1,4,1,1
29,107,5,2,0,1,1,2.3,0.9,-1.4,1.3,1.4,7.6,0,0.5,7.1,1,0,1,8,1,1
29,108,5,6,0,1,1,0.2,1,0.8,0.5,1.2,10,1.5,0,8.5,1,1,0,6,1,1
29,109,5,9,0,1,1,0,1.4,1.4,4.2,1.1,5.1,1.3,0,3.8,1,3,0,1,1,1
29,110,5,7,0,1,1,0.7,1.2,0.5,0.9,1.2,7.1,0.8,0,6.3,1,1,0,4,1,1
29,111,5,2,1,1,1,1.3,5.9,4.6,1,1.2,4.5,1,1.2,2.3,1,2,1,3,1,1
29,112,5,4,0,1,1,0.4,1.4,1,1.8,1.2,7.9,1.4,0.6,5.9,1,1,1,5,1,1
29,113,5,3,0,1,1,0.6,1.3,0.7,1.7,1.2,5.6,0.9,0.5,4.2,1,1,1,4,1,1
29,114,5,8,0,1,1,1.9,3.6,1.7,1.5,1.4,7.7,1.7,0,6,1,2,0,3,1,1
29,115,5,2,0,1,1,0,3.6,3.6,8.7,1.4,2.5,2.1,0,0.4,1,3,0,1,1,1
29,116,5,7,1,0,1,0,1.5,1.5,,1.2,1.7,1.7,0,0,1,2,0,0,1,0
29,117,5,1,1,1,1,0,1.4,1.4,1.4,1.5,5.1,2,1.3,1.8,1,2,1,2,1,1
29,118,5,11,0,1,1,0,1.6,1.6,3.3,1.4,8.2,1.7,1.6,4.9,1,2,1,3,1,1
29,119,5,2,0,1,0,0.6,1.7,1.1,1.1,0.6,8.1,0.5,0,7.6,1,1,0,2,1,1
29,120,5,3,1,1,1,0.7,1.7,1,3.7,1.1,2,0.9,0.7,0.4,1,1,1,1,1,1
30,1,1,2,1,1,0,2,9.9,7.9,,0.9,0.5,0.5,0,0,1,1,0,0,1,0
30,2,1,7,0,1,0,6.3,3.2,-3.1,1.7,1.4,1,0,0,1,1,0,0,2,1,0
30,3,1,1,1,0,0,,,,,,,,,,1,,,,0,0
30,4,1,3,0,1,0,,1.5,,,1,,,,,1,,,,1,0
30,5,1,6,0,0,0,4,2.2,-1.8,0.9,0.9,2.6,0,0,2.6,1,0,0,4,1,0
30,6,1,5,0,1,0,4.9,2.1,-2.8,1.7,1.1,2.4,0,0,2.4,1,0,0,5,1,1
30,7,1,2,0,1,1,2.9,1.6,-1.3,0.9,1.4,1.8,0,0.9,0.9,1,0,1,1,1,1
30,8,1,9,0,1,1,0.7,2.6,1.9,8.1,0.9,2.6,1.8,0,0.8,1,2,0,1,1,1
30,9,1,4,0,0,1,2,1.6,-0.4,,0.8,0.9,0,0.9,0,1,0,1,0,1,1
30,10,1,7,0,0,0,,1.4,,,1.2,,,,,1,,,,1,0
30,11,1,11,0,0,0,8.8,1.4,-7.4,6.3,1.1,1.1,0,0,1.1,1,0,0,2,1,0
30,12,1,8,0,1,0,2.3,1.1,-1.2,,1,0.4,0,0.4,0,1,0,1,0,1,0
30,13,1,6,0,1,0,3.3,2.1,-1.2,0.3,0.9,4.6,0,0,4.6,1,0,0,5,1,1
30,14,1,8,0,1,1,2.8,2.1,-0.7,2.2,1.4,2.6,0,0.5,2.1,1,0,1,2,1,1
30,15,1,4,0,0,0,6.5,1.4,-5.1,3.8,1.3,1.3,0,0,1.3,1,0,0,2,1,0
30,16,1,5,0,0,0,1.1,,,,,,,,,1,,,,0,0
30,17,1,2,0,1,0,0.8,5.4,4.6,5.2,0.9,2.3,1.1,0,1.2,1,2,0,2,1,0
30,18,1,7,1,1,0,7.3,2,-5.3,3.7,1.6,0.5,0,0,0.5,1,0,0,1,1,0
30,19,1,0,0,0,0,,1.4,,,1.2,,,,,1,,,,1,0
30,20,1,10,1,1,1,3.1,2.3,-0.8,1.7,1.4,1.8,0,0.6,1.2,1,0,1,2,1,1
30,21,1,3,1,1,0,,1.8,,,1.1,,,,,1,,,,1,0
30,22,1,5,0,1,0,8.2,2.4,-5.8,4.5,1.3,1.4,0,0,1.4,1,0,0,1,1,0
30,23,1,8,1,1,0,7.6,2.7,-4.9,3.6,1.3,0.7,0,0,0.7,1,0,0,1,1,0
30,24,1,9,1,1,1,1.1,2,0.9,1.5,1.5,8.1,2.2,0.8,5.1,1,1,1,3,1,1
30,25,2,10,0,0,0,0.8,4.8,4,6.1,1,2.7,0.4,0,2.3,1,1,0,2,1,0
30,26,2,11,0,1,0,6.1,1.1,-5,3.7,1.3,1.6,0,0,1.6,1,0,0,3,1,0
30,27,2,6,0,1,0,7.8,2.9,-4.9,3.6,1.3,0.4,0,0,0.4,1,0,0,1,1,0
30,28,2,3,1,1,0,,1.5,,,1.5,,,,,1,,,,1,0
30,29,2,11,0,1,0,3.3,0.8,-2.5,1.1,1.4,3.5,0,0,3.5,1,0,0,5,1,0
30,30,2,4,0,0,1,0.5,0.9,0.4,2.5,1.4,1.8,0.5,0,1.3,1,1,0,2,1,0
30,31,2,1,0,1,0,2.8,1.5,-1.3,1.8,1.1,3.7,0,0.6,3.1,1,0,1,5,1,1
30,32,2,9,0,1,0,3,1,-2,1,1,5.1,0,0,5.1,1,0,0,6,1,1
30,33,2,3,0,1,0,7.3,0.8,-6.5,5.3,1.2,1.8,0,0,1.8,1,0,0,3,1,0
30,34,2,11,0,0,0,4.4,1.3,-3.1,1.9,1.2,2.2,0,0,2.2,1,0,0,3,1,0
30,35,2,10,0,1,0,3.7,1.8,-1.9,0.4,1.5,2.9,0,0,2.9,1,0,0,4,1,0
30,36,2,0,0,1,0,2.9,1,-1.9,0.8,1.1,0.8,0,0,0.8,1,0,0,1,1,0
30,37,2,10,0,1,1,1.9,1.4,-0.5,5.6,1,0.9,0,0.5,0.4,1,0,1,1,1,1
30,38,2,2,0,1,0,7.2,1.2,-6,4.8,1.2,0.9,0,0,0.9,1,0,0,2,1,0
30,39,2,3,0,1,0,1.7,0.7,-1,9.6,0.8,2.4,0,0.4,2,1,0,1,2,1,0
30,40,2,8,0,1,1,0.5,1,0.5,0.7,0.9,4.3,1.5,0,2.8,1,1,0,3,1,1
30,41,2,0,0,0,0,2.7,0.9,-1.8,0.4,1.4,2.8,0,0,2.8,1,0,0,3,1,0
30,42,2,3,1,1,1,3.3,2,-1.3,1.4,1.2,1.5,0,0.8,0.7,1,0,1,1,1,1
30,43,2,8,1,1,0,6.3,2,-4.3,2.9,1.4,1.1,0,0,1.1,1,0,0,2,1,0
30,44,2,6,1,1,0,,2.4,,,1.3,,,,,1,,,,1,0
30,45,2,7,1,1,0,2.9,1.5,-1.4,0.9,0.5,2.1,0,0,2.1,1,0,0,3,1,0
30,46,2,0,1,1,1,0.4,2.3,1.9,0.6,0.4,3.8,2.7,0,1.1,1,2,0,2,1,1
30,47,2,9,1,1,0,2.8,1.5,-1.3,7.7,1.1,1.6,0,0.9,0.7,1,0,1,1,1,1
30,48,2,3,1,0,0,3.2,1.6,-1.6,2.7,1.4,1.3,0,0.6,0.7,1,0,1,1,1,0
30,49,3,0,0,1,1,0.1,1.1,1,1.6,0.6,5.3,1.2,0,4.1,1,2,0,6,1,1
30,50,3,9,0,0,0,2,0.7,-1.3,0.4,0.9,2.6,0,0,2.6,1,0,0,4,1,0
30,51,3,11,1,1,1,0.1,1.2,1.1,1.3,1,3,0.4,0.6,2,1,1,1,4,1,1
30,52,3,0,1,1,0,3.3,1.2,-2.1,1.3,0.8,6.2,0,0,6.2,1,0,0,6,1,1
30,53,3,3,1,1,0,8.2,1.8,-6.4,5.6,0.8,0.4,0,0,0.4,1,0,0,1,1,1
30,54,3,1,0,1,1,4.7,5.2,0.5,1.1,1.5,4.3,2,0,2.3,1,1,0,4,1,1
30,55,3,0,1,1,1,0,0.8,0.8,0.3,1.1,6,1.3,0,4.7,1,1,0,4,1,1
30,56,3,3,0,1,1,0.2,0.9,0.7,1.8,1.2,5.4,1,0.8,3.6,1,1,1,3,1,1
30,57,3,11,0,1,1,1.6,3.3,1.7,2.6,2.9,9.1,1,2.1,6,1,2,2,5,1,1
30,58,3,1,0,1,1,2.9,0.9,-2,0.7,1.3,7.2,0,0,7.2,1,0,0,8,1,1
30,59,3,7,0,1,1,0.2,3.3,3.1,1.3,1.7,9.4,4.3,0,5.1,1,2,0,6,1,1
30,60,3,10,0,1,1,1.7,1.6,-0.1,8.9,1.1,2,0.7,0.5,0.8,1,1,1,1,1,1
30,61,3,0,0,0,0,0.2,,,,,,,,,1,,,,0,0
30,62,3,10,0,0,1,2.4,1.3,-1.1,2.6,1,4.9,0,0.8,4.1,1,0,1,4,1,0
30,63,3,6,1,0,0,2.7,,,,,,,,,1,,,,0,0
30,64,3,7,1,1,1,1,1,0,2.7,0.6,5.4,0.7,1.1,3.6,1,1,1,4,1,1
30,65,3,0,1,0,0,0.1,,,,,,,,,1,,,,0,0
30,66,3,2,0,1,1,1.3,1.8,0.5,1.8,1.2,4.1,1.3,0,2.8,1,1,0,5,1,1
30,67,3,3,1,0,0,0.4,,,,,,,,,1,,,,0,0
30,68,3,4,1,0,0,0.1,,,,,,,,,1,,,,0,0
30,69,3,3,0,1,1,0.6,1.2,0.6,2.7,0.7,2.9,0.6,0.6,1.7,1,1,1,2,1,1
30,70,3,8,0,1,1,0.4,1.4,1,2.4,1.2,5.3,1.5,1.6,2.2,1,1,1,4,1,1
30,71,3,6,1,0,0,0.5,,,,,,,,,1,,,,0,0
30,72,3,4,1,0,0,0.4,,,,,,,,,1,,,,0,0
30,73,4,9,0,1,1,0.7,1.1,0.4,0.8,0.8,8.3,1.3,0,7,1,1,0,9,1,1
30,74,4,2,0,0,1,0.4,1.4,1,2.3,1.2,6.3,2,0,4.3,1,2,0,4,1,0
30,75,4,6,1,1,1,0,1,1,0.4,1.7,7,2.5,0,4.5,1,1,0,6,1,1
30,76,4,4,1,1,1,0.1,1.4,1.3,0.3,0.5,8.4,1.5,0,6.9,1,1,0,7,1,1
30,77,4,9,1,1,1,0.2,1.1,0.9,1.6,1.2,4.5,1.5,0.6,2.4,1,1,1,3,1,1
30,78,4,10,0,1,1,0.2,1.8,1.6,2.2,1.2,7.7,0.8,1.6,5.3,1,2,1,7,1,1
30,79,4,8,1,1,1,0,0.7,0.7,1.3,1,3.7,1.3,0.4,2,1,1,1,3,1,1
30,80,4,1,1,0,0,0,,,,,,,,,1,,,,0,0
30,81,4,5,1,0,0,1,,,,,,,,,1,,,,0,0
30,82,4,11,0,1,1,1.5,0.8,-0.7,0.5,0.9,13.4,0,0.4,13,1,0,1,8,1,1
30,83,4,5,0,1,1,4,0.6,-3.4,2.8,0.6,4.3,0,0,4.3,1,0,0,6,1,1
30,84,4,10,0,1,1,0.8,1.4,0.6,1.5,1.3,4.5,1.7,0.6,2.2,1,1,1,4,1,1
30,85,4,6,0,0,1,0.2,1.4,1.2,1.4,0.9,5.7,2.2,0.4,3.1,1,1,1,5,1,0
30,86,4,4,0,0,1,0.7,1.4,0.7,0.5,0.8,4.3,0.4,0.7,3.2,1,1,1,5,1,1
30,87,4,8,0,0,0,0,,,,,,,,,1,,,,0,0
30,88,4,3,0,0,1,0.2,0.6,0.4,0.6,1.1,2.6,0.5,0,2.1,1,1,0,3,1,0
30,89,4,0,0,1,1,0.2,0.8,0.6,1.1,0.9,7.8,1,1,5.8,1,1,1,9,1,1
30,90,4,2,0,1,1,3.4,7.1,3.7,0.4,1,5.1,2.6,0,2.5,1,2,0,3,1,1
30,91,4,11,1,0,0,0,,,,,,,,,1,,,,0,0
30,92,4,4,1,0,0,0.6,,,,,,,,,1,,,,0,0
30,93,4,7,1,0,0,0.2,,,,,,,,,1,,,,0,0
30,94,4,8,1,0,0,1.7,,,,,,,,,1,,,,0,0
30,95,4,3,0,1,0,2,0.7,-1.3,0.9,0.4,3.5,0,0,3.5,1,0,0,2,1,1
30,96,4,0,1,0,0,3.7,,,,,,,,,1,,,,0,0
30,97,5,2,0,0,0,0.5,,,,,,,,,1,,,,0,0
30,98,5,0,0,1,1,0.6,4.9,4.3,1.1,1.1,7.4,3.9,0,3.5,1,4,0,5,1,1
30,99,5,9,0,1,1,0.1,1.7,1.6,2,2.8,6.8,2.8,2.8,1.2,1,2,1,1,1,1
30,100,5,10,0,0,1,1.1,4.4,3.3,0.7,2.4,5.6,2.4,1.5,1.7,1,2,2,2,1,1
30,101,5,5,1,0,0,0.2,,,,,,,,,1,,,,0,0
30,102,5,11,0,0,1,0.5,4.6,4.1,3.1,1.4,7.7,2.8,2.1,2.8,1,3,1,3,1,1
30,103,5,0,0,0,1,0.6,1.2,0.6,3.1,2,6.7,1.9,1,3.8,1,1,2,3,1,1
30,104,5,10,1,1,1,2,2.6,0.6,0.4,2.5,1.7,0.5,0,1.2,1,1,0,2,1,1
30,105,5,9,0,0,0,0,,,,,,,,,1,,,,0,0
30,106,5,10,0,0,0,6.6,,,,,,,,,1,,,,0,0
30,107,5,2,0,0,1,2.4,1.3,-1.1,0.6,0.5,7,0,0,7,1,0,0,7,1,0
30,108,5,6,0,0,1,2.9,0.9,-2,1.6,0.4,5.3,0,0,5.3,1,0,0,6,1,0
30,109,5,9,0,0,0,0.6,,,,,,,,,1,,,,0,0
30,110,5,7,0,0,1,0.3,1.6,1.3,1.2,0.7,6.5,2.3,0,4.2,1,2,0,4,1,1
30,111,5,2,1,1,1,0.5,2.7,2.2,0.9,3,8.6,3,2,3.6,1,2,1,3,1,1
30,112,5,4,0,0,1,1.3,1.6,0.3,1.1,0.8,7.7,1.7,0,6,1,1,0,7,1,1
30,113,5,3,0,0,1,0.2,1.2,1,,1.7,3.3,2.5,0.8,0,1,1,1,0,1,1
30,114,5,8,0,0,1,0.2,3.6,3.4,2.2,1.8,6.5,2.9,0,3.6,1,3,0,2,1,1
30,115,5,2,0,0,1,0.9,2,1.1,0.6,1.4,6.8,2.6,0,4.2,1,1,0,5,1,1
30,116,5,7,1,0,1,0.4,1.5,1.1,4.4,1.9,3.5,1.1,0,2.4,1,2,0,3,1,0
30,117,5,1,1,1,1,0.7,2,1.3,,2.6,4.7,2.9,1.8,0,1,2,2,0,1,1
30,118,5,11,0,0,0,0.7,3.2,2.5,1.9,0.4,4.9,1.5,1.5,1.9,1,1,1,4,1,0
30,119,5,2,0,0,1,0.5,1.5,1,1.8,1.5,4.5,1.4,0.7,2.4,1,2,1,4,1,1
30,120,5,3,1,1,1,0.1,1.2,1.1,4.9,1.4,2.4,0.5,0.5,1.4,1,1,1,1,1,1
31,1,1,2,1,0,0,0.8,10.4,9.6,,0.4,0.8,0.8,0,0,1,2,0,0,1,0
31,2,1,7,0,1,1,,,,,0.5,4.7,1.4,0,3.3,1,1,0,5,1,1
31,3,1,1,1,0,0,5.4,,,,,,,,,1,,,,0,0
31,4,1,3,0,0,0,3.7,1.5,-2.2,1.6,0.6,3.2,0,0,3.2,1,0,0,3,1,0
31,5,1,6,0,0,0,1,5.5,4.5,4.4,1.2,4,1.9,0,2.1,1,2,0,3,1,0
31,6,1,5,0,1,1,0.6,3.1,2.5,1.9,0.8,5.2,1.8,0.8,2.6,1,3,1,4,1,1
31,7,1,2,0,0,1,0.4,6.4,6,,0.4,3.9,2.9,1,0,1,3,1,0,1,1
31,8,1,9,0,1,1,0.2,1.6,1.4,6.8,0.5,4.3,2.2,0,2.1,1,3,0,4,1,1
31,9,1,4,0,0,1,0,1,1,0.4,0.4,6.2,1.3,0,4.9,1,2,0,8,1,0
31,10,1,7,0,0,1,1.6,1,-0.6,1.6,0.7,2.3,0,0.6,1.7,1,0,1,3,1,0
31,11,1,11,0,0,0,6.6,0.9,-5.7,5.3,0.4,1.6,0,0,1.6,1,0,0,2,1,0
31,12,1,8,0,1,1,,0.6,,,0.5,,,,,1,,,,1,1
31,13,1,6,0,1,1,0.8,1.9,1.1,1.6,0.6,3.9,1.1,0,2.8,1,2,0,5,1,1
31,14,1,8,0,1,1,0.6,1.4,0.8,0.7,0.6,4.7,1.4,0,3.3,1,1,0,4,1,1
31,15,1,4,0,1,1,1.3,1,-0.3,7.8,0.5,1.6,0.5,0,1.1,1,1,0,2,1,1
31,16,1,5,0,1,1,0.7,1.2,0.5,6.6,0.6,2.3,1.6,0,0.7,1,2,0,1,1,1
31,17,1,2,0,1,1,0.6,1.6,1,0.4,0.7,2.3,1.3,0,1,1,1,0,2,1,1
31,18,1,7,1,0,0,2.1,,,,,,,,,1,,,,0,0
31,19,1,0,0,1,1,0.9,1.6,0.7,,0.7,1,1,0,0,1,1,0,0,1,1
31,20,1,10,1,0,0,7.6,,,,,,,,,1,,,,0,0
31,21,1,3,1,0,0,1.1,,,,,,,,,1,,,,0,0
31,22,1,5,0,1,1,1.3,1,-0.3,12.3,0.9,0.8,0.4,0,0.4,1,1,0,1,1,1
31,23,1,8,1,1,1,1.5,1.4,-0.1,0.8,0.5,2.4,0.9,0,1.5,1,1,0,3,1,1
31,24,1,9,1,1,1,1.8,2.8,1,0.7,0.7,5.8,1.8,0,4,1,2,0,5,1,1
31,25,2,10,0,0,0,1.2,5.7,4.5,,0.7,1.3,1.3,0,0,1,2,0,0,1,0
31,26,2,11,0,0,1,0,0.5,0.5,0.5,0.5,4.6,0.5,0,4.1,1,1,0,5,1,0
31,27,2,6,0,1,1,0.4,1.8,1.4,0.7,0.7,4.8,1.3,0.7,2.8,1,2,1,6,1,1
31,28,2,3,1,0,0,0,,,,,,,,,1,,,,0,0
31,29,2,11,0,1,0,13.9,0.6,-13.3,12.8,0.5,0.8,0,0,0.8,1,0,0,1,1,1
31,30,2,4,0,0,1,1,0.3,-0.7,1.1,0.6,2.2,0,0.9,1.3,1,0,1,3,1,0
31,31,2,1,0,1,1,0,0.6,0.6,0.4,0.6,5.6,1.1,0,4.5,1,2,0,6,1,1
31,32,2,9,0,1,1,0.8,1.3,0.5,0.9,0.6,3.7,0.6,0,3.1,1,1,0,3,1,1
31,33,2,3,0,0,1,0,0.6,0.6,1.7,0.7,5.8,0.5,0,5.3,1,1,0,6,1,0
31,34,2,11,0,0,1,10,0.5,-9.5,8.9,0.6,1.6,0,0,1.6,1,0,0,3,1,1
31,35,2,10,0,1,1,0.1,2.7,2.6,0.8,0.4,2.7,1.5,0,1.2,1,3,0,2,1,1
31,36,2,0,0,0,1,0,1.6,1.6,,0.5,1.8,1.4,0.4,0,1,2,1,0,1,1
31,37,2,10,0,0,1,0.7,1.6,0.9,0.8,0.5,4.4,1.1,0,3.3,1,1,0,3,1,1
31,38,2,2,0,0,1,3.2,0.6,-2.6,2.1,0.5,1.7,0,0,1.7,1,0,0,3,1,1
31,39,2,3,0,0,1,0,0.2,0.2,0.5,0.4,4.6,0.8,0,3.8,1,1,0,8,1,1
31,40,2,8,0,0,1,0.7,0.7,0,4.3,0.4,2.7,0.9,0,1.8,1,1,0,3,1,1
31,41,2,0,0,0,1,0,0.6,0.6,7,0.6,2,1.3,0,0.7,1,2,0,1,1,0
31,42,2,3,1,0,0,1.4,,,,,,,,,1,,,,0,0
31,43,2,8,1,0,0,0.6,,,,,,,,,1,,,,0,0
31,44,2,6,1,0,0,0,,,,,,,,,1,,,,0,0
31,45,2,7,1,0,0,0,,,,,,,,,1,,,,0,0
31,46,2,0,1,0,0,0.7,,,,,,,,,1,,,,0,0
31,47,2,9,1,0,0,3,,,,,,,,,1,,,,0,0
31,48,2,3,1,1,1,0.2,1,0.8,2.3,0.5,5.8,2.2,0,3.6,1,2,0,4,1,1
31,49,3,0,0,1,1,0.6,1.2,0.6,0.4,0.7,10.6,0.5,0.4,9.7,1,1,1,7,1,1
31,50,3,9,0,1,1,1.9,0.8,-1.1,0.5,0.6,5,0,0,5,1,0,0,7,1,1
31,51,3,11,1,1,1,0.7,1.5,0.8,8.4,0.4,2.4,1.4,0,1,1,1,0,1,1,1
31,52,3,0,1,1,1,0.6,1.1,0.5,7,0.4,8.2,4.9,0,3.3,1,1,0,3,1,1
31,53,3,3,1,0,0,1.1,7,5.9,2,0.7,2.1,1.2,0,0.9,1,2,0,1,1,0
31,54,3,1,0,1,1,0.3,1,0.7,0.6,0.5,12.1,0.8,0.6,10.7,1,1,1,4,1,1
31,55,3,0,1,1,1,0.5,0.5,0,0.7,0.4,8.9,1,0,7.9,1,1,0,6,1,1
31,56,3,3,0,0,1,0,0.7,0.7,1.3,0.5,8.2,0.7,0,7.5,1,1,0,8,1,0
31,57,3,11,0,1,1,2.4,1.4,-1,0.6,0.4,8.8,0,0,8.8,1,0,0,10,1,1
31,58,3,1,0,1,1,1.5,0.4,-1.1,0.6,0.5,8.7,0,0,8.7,1,0,0,5,1,1
31,59,3,7,0,1,1,0.5,1.1,0.6,3.6,0.6,7.5,4.3,0,3.2,1,1,0,3,1,1
31,60,3,10,0,1,1,0.1,0.8,0.7,1.9,0.5,5.9,1.5,0,4.4,1,1,0,5,1,1
31,61,3,0,0,1,1,0.6,1.2,0.6,1.8,0.5,11.5,1.9,0,9.6,1,1,0,4,1,1
31,62,3,10,0,1,1,0.9,1.6,0.7,2.6,0.4,3.9,2.1,0,1.8,1,2,0,2,1,1
31,63,3,6,1,0,0,0.5,,,,,,,,,1,,,,0,0
31,64,3,7,1,1,1,0.4,2.3,1.9,1.2,0.4,4.7,1.6,0,3.1,1,2,0,4,1,1
31,65,3,0,1,1,1,0,1.3,1.3,1.7,0.4,9.3,1.3,1.6,6.4,1,1,1,2,1,1
31,66,3,2,0,1,1,0.3,1.9,1.6,3,0.4,5.1,1,2.6,1.5,1,2,1,2,1,1
31,67,3,3,1,0,0,1.3,,,,,,,,,1,,,,0,0
31,68,3,4,1,1,1,0.6,1.2,0.6,0.9,0.5,4.4,1.8,0,2.6,1,2,0,3,1,1
31,69,3,3,0,1,1,0.8,0.7,-0.1,0.4,0.7,2.9,0.6,0,2.3,1,1,0,3,1,1
31,70,3,8,0,1,1,0.5,1,0.5,1.2,0.6,3.5,1.5,0,2,1,1,0,3,1,1
31,71,3,6,1,0,0,0.7,,,,,,,,,1,,,,0,0
31,72,3,4,1,1,0,0.1,1.4,1.3,3.6,0.4,3.3,0.4,1.4,1.5,1,1,1,2,1,0
31,73,4,9,0,1,1,1.2,2,0.8,0.3,0.6,10,0.9,0.4,8.7,1,1,1,8,1,1
31,74,4,2,0,1,0,1,0.2,-0.8,1.4,0.5,5.9,0,0.6,5.3,1,0,1,6,1,1
31,75,4,6,1,1,1,0.1,0.8,0.7,2,0.4,7.2,2,0,5.2,1,1,0,6,1,1
31,76,4,4,1,0,0,1.1,,,,,,,,,1,,,,0,0
31,77,4,9,1,0,0,0.6,,,,,,,,,1,,,,0,0
31,78,4,10,0,1,1,0,0.3,0.3,1.2,0.6,4.6,1.3,0,3.3,1,2,0,5,1,1
31,79,4,8,1,1,1,0,0.6,0.6,0.4,0.5,7.1,1.4,0,5.7,1,1,0,5,1,1
31,80,4,1,1,0,0,0.3,,,,,,,,,1,,,,0,0
31,81,4,5,1,0,0,0.3,,,,,,,,,1,,,,0,0
31,82,4,11,0,0,0,1.2,,,,,,,,,1,,,,0,0
31,83,4,5,0,1,1,0.2,0.7,0.5,1,0.5,3.7,0.9,0,2.8,1,1,0,3,1,1
31,84,4,10,0,0,1,0.6,1.5,0.9,1.6,0.5,3.9,1.5,0,2.4,1,3,0,3,1,0
31,85,4,6,0,1,1,4.9,0.9,-4,3.6,0.4,6.7,0,0,6.7,1,0,0,7,1,1
31,86,4,4,0,1,1,0.8,0.3,-0.5,1.4,0.6,4,0,1.4,2.6,1,0,1,4,1,1
31,87,4,8,0,1,1,0.4,0.2,-0.2,6.3,0.4,10,6.4,0,3.6,1,1,0,3,1,1
31,88,4,3,0,1,1,0.8,0.3,-0.5,0.7,0.5,3.2,0,0.4,2.8,1,0,1,4,1,1
31,89,4,0,0,1,0,2.3,1,-1.3,0.7,0.6,5,0,0,5,1,0,0,7,1,1
31,90,4,2,0,1,1,1.1,2.9,1.8,0.9,0.6,8.4,2.7,0,5.7,1,2,0,5,1,1
31,91,4,11,1,0,0,0,,,,,,,,,1,,,,0,0
31,92,4,4,1,0,0,0.5,,,,,,,,,1,,,,0,0
31,93,4,7,1,1,1,0.6,1.4,0.8,1.6,0.4,5.6,1.5,0,4.1,1,2,0,4,1,1
31,94,4,8,1,0,0,0.2,,,,,,,,,1,,,,0,0
31,95,4,3,0,0,0,0.5,,,,,,,,,1,,,,0,0
31,96,4,0,1,0,0,0.7,,,,,,,,,1,,,,0,0
31,97,5,2,0,1,1,0.9,2.9,2,2.9,0.5,4.6,2.6,0,2,1,3,0,3,1,1
31,98,5,0,0,1,1,0.7,0.2,-0.5,1,0.6,8.7,0,1,7.7,1,0,1,5,1,1
31,99,5,9,0,1,1,1.4,2.5,1.1,1.6,0.6,5.9,1,0,4.9,1,1,0,4,1,1
31,100,5,10,0,0,1,1.8,3.6,1.8,1.4,0.6,5.2,2.6,0,2.6,1,4,0,3,1,1
31,101,5,5,1,1,1,0.8,5,4.2,4.6,0.7,4.2,3.4,0,0.8,1,4,0,2,1,1
31,102,5,11,0,1,1,0,0.4,0.4,1.8,0.5,7.3,0.5,1.4,5.4,1,1,1,6,1,1
31,103,5,0,0,1,1,0.9,1.1,0.2,2,0.8,6.3,0.7,0,5.6,1,1,0,3,1,1
31,104,5,10,1,1,0,3.3,1.7,-1.6,1,0.6,2.4,0,0,2.4,1,0,0,3,1,0
31,105,5,9,0,1,1,0.6,0.5,-0.1,0.7,0.6,1.4,0.5,0,0.9,1,1,0,2,1,1
31,106,5,10,0,0,1,0.3,1.3,1,2.3,0.6,4.9,0.9,1.4,2.6,1,1,1,3,1,1
31,107,5,2,0,1,1,0.7,0.9,0.2,6.1,0.5,2.9,0.7,0.4,1.8,1,1,1,2,1,1
31,108,5,6,0,1,1,0.2,0.9,0.7,3.9,0.4,5.3,1.8,0,3.5,1,1,0,1,1,1
31,109,5,9,0,1,1,0.8,1.4,0.6,5.1,0.4,3.5,0.5,0,3,1,1,0,2,1,1
31,110,5,7,0,1,0,3.1,0.9,-2.2,1.5,0.7,2.8,0,0,2.8,1,0,0,4,1,0
31,111,5,2,1,1,1,0.5,1.5,1,0.6,0.8,7.3,1.3,0,6,1,1,0,7,1,1
31,112,5,4,0,1,1,0.7,1.3,0.6,2.2,0.7,5.7,1,0,4.7,1,1,0,5,1,1
31,113,5,3,0,1,1,0.6,1,0.4,1.2,0.6,2.8,0.7,0,2.1,1,1,0,3,1,1
31,114,5,8,0,1,1,0.8,1.9,1.1,3.1,0.6,5.7,1.4,0,4.3,1,1,0,3,1,1
31,115,5,2,0,1,1,0.8,1.4,0.6,5.2,0.8,7.9,2.6,0,5.3,1,1,0,6,1,1
31,116,5,7,1,1,1,0.8,1.3,0.5,1.1,0.8,4.1,0.5,0,3.6,1,1,0,3,1,1
31,117,5,1,1,1,1,0.1,1.7,1.6,1.3,0.6,2.7,1.9,0,0.8,1,3,0,1,1,1
31,118,5,11,0,1,1,0.9,1.5,0.6,2.7,0.9,1.8,1,0,0.8,1,1,0,1,1,1
31,119,5,2,0,0,1,0.5,1.6,1.1,0.6,0.5,3.9,1.8,0,2.1,1,2,0,3,1,0
31,120,5,3,1,1,0,,1.2,,,0.5,,,,,1,,,,1,1
32,1,1,2,1,0,0,1,,,,,,,,,1,,,,0,0
32,2,1,7,0,1,1,5.7,2.4,-3.3,0.9,3.3,5,0,0.6,4.4,1,0,1,5,1,1
32,3,1,1,1,0,0,6.1,2.3,-3.8,0.8,3,0.5,0,0,0.5,1,0,0,1,1,0
32,4,1,3,0,1,0,6.6,2.2,-4.4,0.8,3.6,3.6,0,0,3.6,1,0,0,4,1,0
32,5,1,6,0,0,1,0.6,2.9,2.3,1.5,3.3,2.6,0.4,1.2,1,1,1,1,1,1,1
32,6,1,5,0,1,0,0,7.3,7.3,1.3,2,3.8,1.4,0,2.4,1,3,0,2,1,0
32,7,1,2,0,0,0,6.1,2.5,-3.6,1,2.6,1.7,0,0,1.7,1,0,0,3,1,0
32,8,1,9,0,0,1,0.4,1.8,1.4,4.1,1.5,3.7,0.5,1.8,1.4,1,1,1,3,1,1
32,9,1,4,0,0,1,4.2,2,-2.2,0.8,2.1,1.5,0,0.6,0.9,1,0,1,1,1,1
32,10,1,7,0,0,0,11.6,2,-9.6,7.7,1.9,1.6,0,0,1.6,1,0,0,2,1,0
32,11,1,11,0,0,0,3.3,,,,,,,,,1,,,,0,0
32,12,1,8,0,0,0,3.4,1.5,-1.9,0.3,1.6,3,0,0,3,1,0,0,4,1,0
32,13,1,6,0,0,1,1.9,4.2,2.3,0.8,1.9,1.9,0.5,0.8,0.6,1,1,1,1,1,1
32,14,1,8,0,1,1,2.1,1.3,-0.8,1.3,1.4,4.7,0,1.4,3.3,1,0,2,4,1,1
32,15,1,4,0,1,0,6,2.1,-3.9,0.4,3.5,1.9,0,0,1.9,1,0,0,2,1,0
32,16,1,5,0,0,0,4.4,2,-2.4,,2.2,0.5,0,0.5,0,1,0,1,0,1,0
32,17,1,2,0,1,0,9.4,2.5,-6.9,3.9,3,0.4,0,0,0.4,1,0,0,1,1,1
32,18,1,7,1,0,0,5,2.8,-2.2,0.5,1.7,1.1,0,0,1.1,1,0,0,2,1,0
32,19,1,0,0,0,1,1.7,2.8,1.1,1.5,2.9,2.9,1.8,0,1.1,1,1,0,2,1,1
32,20,1,10,1,0,0,8,3.8,-4.2,1.7,2.5,1.5,0,0,1.5,1,0,0,2,1,0
32,21,1,3,1,0,0,5.4,2.2,-3.2,0.7,2.5,4.4,0,0,4.4,1,0,0,5,1,0
32,22,1,5,0,0,1,3.2,3.1,-0.1,,5.4,0.6,0.6,0,0,1,1,0,0,1,1
32,23,1,8,1,0,1,2.9,2.9,0,,4.9,0.5,0.5,0,0,1,1,0,0,1,1
32,24,1,9,1,1,1,0.3,1.7,1.4,3.9,4.9,9.4,1.4,7.6,0.4,1,3,2,1,1,1
32,25,2,10,0,0,0,1.9,10,8.1,2.5,1.1,10.9,1.6,0,9.3,1,3,0,7,1,0
32,26,2,11,0,0,0,2.7,7,4.3,5.3,1.4,1.2,0.4,0,0.8,1,1,0,1,1,0
32,27,2,6,0,0,1,9.9,8.7,-1.2,,1.2,0.4,0,0.4,0,1,0,1,0,1,1
32,28,2,3,1,0,0,3,4,1,2.5,1.4,1.1,0.7,0,0.4,1,1,0,1,1,0
32,29,2,11,0,0,1,5,3.9,-1.1,8.6,1.6,1.5,0,1,0.5,1,0,2,1,1,0
32,30,2,4,0,0,1,3,1.8,-1.2,2.3,1.7,5.1,0,1.5,3.6,1,0,2,4,1,1
32,31,2,1,0,1,1,1.5,1.9,0.4,0.6,2,5.2,0.4,1.2,3.6,1,1,1,5,1,1
32,32,2,9,0,0,1,1.1,7.5,6.4,1.8,2.1,2.8,1.4,0.5,0.9,1,3,1,1,1,1
32,33,2,3,0,0,0,6.6,3.9,-2.7,1.4,1.3,2.3,0,0,2.3,1,0,0,4,1,0
32,34,2,11,0,1,1,3.8,7.7,3.9,2.9,1.4,5.4,1.5,1.6,2.3,1,2,1,2,1,1
32,35,2,10,0,0,0,0.5,4,3.5,2.1,1.1,5.1,1.8,0,3.3,1,2,0,4,1,0
32,36,2,0,0,1,1,4.5,3.2,-1.3,0.9,1.4,1,0,0.5,0.5,1,0,1,1,1,1
32,37,2,10,0,0,1,4.6,2.6,-2,4.7,2.4,2.7,0,1,1.7,1,0,1,3,1,0
32,38,2,2,0,0,1,2.9,2,-0.9,6.7,1.3,1.4,0,0.5,0.9,1,0,1,1,1,1
32,39,2,3,0,0,0,3.7,1.5,-2.2,10.4,2,1.4,0,0.7,0.7,1,0,1,1,1,0
32,40,2,8,0,0,0,6.2,1.5,-4.7,3,1.7,1,0,0,1,1,0,0,2,1,0
32,41,2,0,0,0,1,0.8,1.8,1,1.9,1.4,1.6,0.4,0.8,0.4,1,1,1,1,1,1
32,42,2,3,1,0,0,4.7,6,1.3,,2.1,0.5,0.5,0,0,1,1,0,0,1,0
32,43,2,8,1,0,0,2.1,3.6,1.5,,2.3,0.5,0.5,0,0,1,1,0,0,1,0
32,44,2,6,1,0,1,4.7,3.2,-1.5,1.3,2,0.8,0,0.4,0.4,1,0,1,1,1,1
32,45,2,7,1,1,0,,4,,,3.3,,,,,1,,,,1,0
32,46,2,0,1,1,1,3.6,5.6,2,0.8,1.7,3.6,2.2,0.4,1,1,2,1,1,1,1
32,47,2,9,1,1,0,0,4.5,4.5,1.9,2,1.7,0.9,0,0.8,1,2,0,2,1,1
32,48,2,3,1,0,1,3.6,2.6,-1,8.2,1,0.9,0,0.4,0.5,1,0,1,1,1,1
32,49,3,0,0,0,1,0.2,1.8,1.6,0.4,2.3,3.9,0.8,0.5,2.6,1,1,1,4,1,0
32,50,3,9,0,0,1,1.6,0.8,-0.8,3.1,1.2,2.6,0,0.9,1.7,1,0,2,2,1,0
32,51,3,11,1,1,1,2.8,1.7,-1.1,5.7,3.4,3.8,0,0.4,3.4,1,0,1,1,1,1
32,52,3,0,1,1,1,3.3,1.2,-2.1,5.2,2,2.7,0,0.9,1.8,1,0,1,2,1,1
32,53,3,3,1,1,0,2.2,0.3,-1.9,0.4,1.5,1.1,0,0,1.1,1,0,0,2,1,1
32,54,3,1,0,1,1,0.9,1.3,0.4,1,1.8,9.1,3.1,0,6,1,1,0,5,1,1
32,55,3,0,1,1,1,1,1.6,0.6,0.7,2.5,8,1.9,0.9,5.2,1,1,2,6,1,1
32,56,3,3,0,0,1,4.3,2.5,-1.8,1.5,1.8,3.8,0,0.9,2.9,1,0,1,4,1,1
32,57,3,11,0,1,1,0.6,8.2,7.6,0.5,2.2,5.7,3,0.4,2.3,1,4,1,3,1,1
32,58,3,1,0,1,1,0.9,1.6,0.7,1.1,1.8,5.2,0.5,0.7,4,1,1,1,4,1,1
32,59,3,7,0,1,1,2.4,5,2.6,0.7,3.3,5.4,2.6,0,2.8,1,2,0,6,1,1
32,60,3,10,0,0,1,3,0.9,-2.1,0.8,2.7,5.2,0,0.8,4.4,1,0,1,5,1,0
32,61,3,0,0,1,1,0.6,2,1.4,0.4,1.7,9.8,1,1.1,7.7,1,1,1,6,1,1
32,62,3,10,0,0,0,3.6,1.7,-1.9,1.2,0.7,3,0,0,3,1,0,0,5,1,0
32,63,3,6,1,1,0,11.1,1.7,-9.4,5.9,3.5,0.7,0,0,0.7,1,0,0,1,1,0
32,64,3,7,1,1,1,2.2,3.8,1.6,8.1,2.1,4.3,3.2,0.6,0.5,1,1,1,1,1,1
32,65,3,0,1,1,1,0.3,1.4,1.1,0.7,2.3,6.2,3.2,0,3,1,1,0,6,1,1
32,66,3,2,0,1,1,0.9,4.3,3.4,2.7,2.2,4.7,2.6,0.7,1.4,1,2,1,2,1,1
32,67,3,3,1,1,0,0.3,1.2,0.9,7.1,1.4,1.7,0.5,0,1.2,1,1,0,1,1,1
32,68,3,4,1,1,1,1,1.8,0.8,0.8,1.8,3.8,2.7,0,1.1,1,1,0,2,1,1
32,69,3,3,0,0,1,3.4,2.1,-1.3,0.9,1.8,2.8,0,1.2,1.6,1,0,1,3,1,1
32,70,3,8,0,1,1,0,1.6,1.6,0.4,2.2,2.9,0.4,0.4,2.1,1,1,1,4,1,1
32,71,3,6,1,1,1,1.4,2.9,1.5,2.6,1.9,6.5,0.9,0,5.6,1,2,0,2,1,1
32,72,3,4,1,1,1,1.2,1.9,0.7,0.6,2.1,2.7,0.5,0.4,1.8,1,1,1,4,1,1
32,73,4,9,0,1,1,3,1.1,-1.9,1.1,3,7.9,0,1.8,6.1,1,0,1,6,1,1
32,74,4,2,0,1,1,2.7,1.1,-1.6,2.1,2.3,2.9,0,0.6,2.3,1,0,1,5,1,1
32,75,4,6,1,1,1,0.7,1.3,0.6,0.4,2.7,5.7,1.1,1.2,3.4,1,2,1,5,1,1
32,76,4,4,1,1,1,1.7,2.5,0.8,0.8,2.6,8.3,1.4,1,5.9,1,2,1,4,1,1
32,77,4,9,1,1,1,0.7,1.3,0.6,2.7,3.4,8.2,5.4,0,2.8,1,1,0,4,1,1
32,78,4,10,0,0,1,2.9,5.6,2.7,2.8,2.6,4,2.7,0,1.3,1,3,0,2,1,1
32,79,4,8,1,1,1,0,1.4,1.4,3.1,3.4,5.5,2.2,1.1,2.2,1,2,2,3,1,1
32,80,4,1,1,1,1,0.6,1.4,0.8,0.9,3.3,6,1.4,2.8,1.8,1,2,3,3,1,1
32,81,4,5,1,1,0,6.6,1.6,-5,1.6,3.4,1.7,0,0,1.7,1,0,0,3,1,0
32,82,4,11,0,1,0,6.4,1.4,-5,1.3,3.7,4.2,0,0,4.2,1,0,0,4,1,0
32,83,4,5,0,0,1,0.3,1.4,1.1,1.9,2.9,5.1,0.8,1.3,3,1,1,2,3,1,1
32,84,4,10,0,0,1,3.3,0.5,-2.8,3.2,3.2,2.6,0,1.3,1.3,1,0,1,2,1,1
32,85,4,6,0,1,1,0.6,2.2,1.6,3,2.9,6,1.1,0.8,4.1,1,2,1,6,1,1
32,86,4,4,0,1,1,0,1,1,1.3,2.1,7.3,0.9,0.6,5.8,1,1,1,8,1,1
32,87,4,8,0,0,1,3.2,1,-2.2,1.6,2.3,4.5,0,1.3,3.2,1,0,1,5,1,1
32,88,4,3,0,0,0,0.3,1.2,0.9,7,2,1.1,0.4,0,0.7,1,1,0,1,1,0
32,89,4,0,0,1,1,0.2,1.5,1.3,5.6,3.4,7,4.7,0.7,1.6,1,1,1,3,1,1
32,90,4,2,0,1,1,0,10.6,10.6,1.1,2.1,8,6.9,0.6,0.5,1,7,1,1,1,1
32,91,4,11,1,1,1,0,2.2,2.2,1.3,2.7,6.3,2.6,1,2.7,1,3,2,4,1,1
32,92,4,4,1,1,1,1.1,2.4,1.3,1.3,3.4,8.2,0.9,2.2,5.1,1,2,2,3,1,1
32,93,4,7,1,1,1,3.6,1.4,-2.2,4.7,3.1,1.7,0,0.5,1.2,1,0,1,2,1,1
32,94,4,8,1,1,1,1.4,2.1,0.7,2,4.1,6.7,1.5,4.2,1,1,2,4,2,1,1
32,95,4,3,0,0,1,0.1,0.7,0.6,1,1.9,5.7,0.6,0.6,4.5,1,1,1,6,1,1
32,96,4,0,1,1,1,2.1,1.2,-0.9,0.9,2.6,5.5,0,2,3.5,1,0,2,6,1,1
32,97,5,2,0,0,0,1.3,,,,,,,,,1,,,,0,0
32,98,5,0,0,0,0,0.3,,,,,,,,,1,,,,0,0
32,99,5,9,0,0,1,0.5,1.8,1.3,4.2,0.4,8.1,3.6,0,4.5,1,2,0,6,1,1
32,100,5,10,0,0,0,0.5,5,4.5,,0.8,0.4,0.4,0,0,1,1,0,0,1,0
32,101,5,5,1,1,1,0.3,10.7,10.4,,3.1,5.4,5.4,0,0,1,4,0,0,1,1
32,102,5,11,0,0,0,9.9,1,-8.9,8.5,0.4,2.7,0,0,2.7,1,0,0,3,1,0
32,103,5,0,0,0,1,0.9,1.4,0.5,4,0.7,9.7,4.5,0,5.2,1,1,0,4,1,1
32,104,5,10,1,0,1,0.6,2.1,1.5,4.3,3.4,3.9,3.1,0,0.8,1,2,0,1,1,1
32,105,5,9,0,0,1,4.2,0.7,-3.5,0.8,3.8,3.1,0,0.6,2.5,1,0,1,3,1,1
32,106,5,10,0,0,1,3.6,2.3,-1.3,0.9,0.4,2.9,0,0,2.9,1,0,0,4,1,1
32,107,5,2,0,0,1,5.2,1.7,-3.5,3.1,0.4,3.4,0,0,3.4,1,0,0,3,1,1
32,108,5,6,0,0,1,1.5,7.3,5.8,1.7,0.5,7.6,5.1,0,2.5,1,4,0,4,1,1
32,109,5,9,0,0,0,0,,,,,,,,,1,,,,0,0
32,110,5,7,0,0,1,5.1,1.7,-3.4,2.7,0.7,1.3,0,0,1.3,1,0,0,3,1,1
32,111,5,2,1,0,1,5,7.1,2.1,3.1,0.7,4.9,4.5,0,0.4,1,1,0,1,1,1
32,112,5,4,0,0,1,2.4,3.7,1.3,3.5,3.5,4.8,1,1,2.8,1,2,1,3,1,1
32,113,5,3,0,0,1,0.9,1.2,0.3,3.3,3.9,2.6,0.6,0,2,1,1,0,3,1,1
32,114,5,8,0,0,1,1.6,4.4,2.8,2,3,4.5,0.8,0.8,2.9,1,2,1,2,1,1
32,115,5,2,0,0,1,1.5,3.9,2.4,3.8,3.5,6.3,3.5,0.7,2.1,1,2,1,1,1,1
32,116,5,7,1,1,1,0,1.2,1.2,3.7,3.7,5.8,3.4,0,2.4,1,1,0,3,1,1
32,117,5,1,1,1,1,2.1,2.9,0.8,0.4,4.1,7.2,3.7,0.4,3.1,1,1,1,3,1,1
32,118,5,11,0,0,1,1.4,3,1.6,0.8,3.5,4.1,0.5,0.5,3.1,1,1,1,5,1,1
32,119,5,2,0,0,0,5.4,2,-3.4,2.8,3.2,3.5,0,0.7,2.8,1,0,1,4,1,0
32,120,5,3,1,1,0,7.1,1.1,-6,4.2,1.8,0.5,0,0,0.5,1,0,0,1,1,0
33,1,1,2,1,1,1,,,,,0.7,3,0,0,3,1,0,0,2,1,1
33,2,1,7,0,1,1,3.7,1.8,-1.9,0.3,1.6,8.2,0,0,8.2,1,0,0,3,1,1
33,3,1,1,1,1,1,0.1,4.8,4.7,,5.9,2.8,2.3,0.5,0,1,2,1,0,1,1
33,4,1,3,0,1,1,3.1,1,-2.1,2.7,2.2,5.9,0,1,4.9,1,0,1,4,1,1
33,5,1,6,0,0,1,3.9,1.9,-2,1.6,0.4,2.4,0,0,2.4,1,0,0,4,1,1
33,6,1,5,0,1,1,4.8,0.8,-4,2.2,1.8,8.9,0,0,8.9,1,0,0,1,1,1
33,7,1,2,0,1,1,3.1,0.5,-2.6,1.9,0.7,8,0,0,8,1,0,0,4,1,1
33,8,1,9,0,1,1,2.5,1.1,-1.4,4.7,2.4,7.3,0,4.5,2.8,1,0,1,3,1,1
33,9,1,4,0,0,1,3,1.3,-1.7,0.8,1.9,5.7,0,0.6,5.1,1,0,1,5,1,0
33,10,1,7,0,0,1,2.1,1.4,-0.7,3.9,0.4,3.8,0,2.8,1,1,0,1,1,1,0
33,11,1,11,0,0,1,1.6,0.7,-0.9,9.4,1.4,1.4,0,0.8,0.6,1,0,1,1,1,1
33,12,1,8,0,1,1,3.2,1.2,-2,0.4,2.6,0.8,0,0.4,0.4,1,0,1,1,1,1
33,13,1,6,0,1,1,,,,,1,7.6,0,0,7.6,1,0,0,3,1,1
33,14,1,8,0,1,1,2.8,1.1,-1.7,10.5,2.2,4.6,0,3.8,0.8,1,0,1,1,1,1
33,15,1,4,0,0,1,3.1,0.6,-2.5,1.8,0.7,4.9,0,0,4.9,1,0,0,3,1,1
33,16,1,5,0,0,0,,1.4,,,1.7,,,,,1,,,,1,0
33,17,1,2,0,1,1,5.2,2.8,-2.4,1.9,2.3,3.2,0,1.5,1.7,1,0,1,3,1,1
33,18,1,7,1,0,0,,1.9,,,1.8,,,,,1,,,,1,0
33,19,1,0,0,1,1,2.6,0.8,-1.8,1.2,0.6,3.5,0,0,3.5,1,0,0,5,1,1
33,20,1,10,1,0,0,,3.1,,,2.3,,,,,1,,,,1,0
33,21,1,3,1,0,0,9.1,1.4,-7.7,5.5,2.2,0.6,0,0,0.6,1,0,0,1,1,0
33,22,1,5,0,0,1,4.1,1.9,-2.2,1.5,2.5,4.5,0,1.7,2.8,1,0,1,4,1,1
33,23,1,8,1,1,0,0.3,1.7,1.4,,2.7,0.5,0.5,0,0,1,1,0,0,1,0
33,24,1,9,1,1,1,0.1,1,0.9,4.8,2.7,8.3,2.8,4.7,0.8,1,2,1,1,1,1
33,25,2,10,0,0,1,,,,,0.4,3.5,0,0,3.5,1,0,0,6,1,1
33,26,2,11,0,0,1,1.6,,,,,,,,,1,,,,0,1
33,27,2,6,0,0,0,5.9,2.9,-3,1.6,2.7,3.8,0,0.7,3.1,1,0,1,2,1,0
33,28,2,3,1,0,1,3,0.5,-2.5,1.5,1,0.5,0,0,0.5,1,0,0,1,1,1
33,29,2,11,0,1,1,3.1,0.2,-2.9,1.3,2.9,7.6,0,0.9,6.7,1,0,1,5,1,1
33,30,2,4,0,0,1,2.4,0.6,-1.8,0.5,2.4,5.9,0,1,4.9,1,0,1,3,1,0
33,31,2,1,0,1,1,3.8,0.5,-3.3,3.3,4,6.2,0,2,4.2,1,0,1,5,1,1
33,32,2,9,0,1,1,2.9,1,-1.9,5.4,2.4,9.7,0,5.6,4.1,1,0,1,2,1,1
33,33,2,3,0,1,1,2.6,0.6,-2,2.2,2.5,8.7,0,2.6,6.1,1,0,1,2,1,1
33,34,2,11,0,0,1,2.2,0.5,-1.7,10.3,2.2,5.5,0,4.4,1.1,1,0,1,1,1,1
33,35,2,10,0,0,1,2.9,1.3,-1.6,0.5,2.3,0.9,0,0.4,0.5,1,0,1,1,1,1
33,36,2,0,0,0,1,2.5,0.6,-1.9,,2.5,1.5,0,1.5,0,1,0,1,0,1,1
33,37,2,10,0,0,1,0.2,1.3,1.1,1.1,2.2,4.8,0.6,1.7,2.5,1,1,1,3,1,1
33,38,2,2,0,0,1,2.6,4.5,1.9,2.7,1.5,5.9,1.7,0.9,3.3,1,2,1,3,1,1
33,39,2,3,0,0,1,3.7,4.6,0.9,,12.4,3.3,0.8,2.5,0,1,1,3,0,1,1
33,40,2,8,0,0,1,1.1,7.1,6,,1.2,1.2,1.2,0,0,1,2,0,0,1,1
33,41,2,0,0,1,1,2.1,0.7,-1.4,1.4,2,6.3,0,1,5.3,1,0,1,2,1,1
33,42,2,3,1,1,0,3.5,1,-2.5,2.1,0.4,1.8,0,0,1.8,1,0,0,4,1,0
33,43,2,8,1,0,0,8.1,5.1,-3,1.9,1.1,0.4,0,0,0.4,1,0,0,1,1,0
33,44,2,6,1,0,0,,7.4,,,0.5,,,,,1,,,,1,0
33,45,2,7,1,0,0,0,,,,,,,,,1,,,,0,0
33,46,2,0,1,1,1,0,0.4,0.4,3.6,2.8,5.7,3.2,0,2.5,1,1,0,3,1,1
33,47,2,9,1,1,1,0.6,0.8,0.2,1,3.1,4,2.8,0,1.2,1,1,0,3,1,1
33,48,2,3,1,1,1,0.1,0.5,0.4,0.4,2.6,5.8,2.5,0,3.3,1,1,0,3,1,1
33,49,3,0,0,0,1,1.2,2.4,1.2,0.4,2,22.1,0.4,1.7,20,1,1,1,13,1,1
33,50,3,9,0,0,1,1.8,1,-0.8,1.3,1.7,3,0,1.1,1.9,1,0,2,2,1,1
33,51,3,11,1,1,1,1.5,1.3,-0.2,1.5,1.2,3.3,1,0,2.3,1,1,0,3,1,1
33,52,3,0,1,0,0,3.2,,,,,,,,,1,,,,0,0
33,53,3,3,1,0,0,0.4,,,,,,,,,1,,,,0,0
33,54,3,1,0,1,1,2.3,5.2,2.9,1.9,2.1,7.2,3.8,0.7,2.7,1,3,1,3,1,1
33,55,3,0,1,1,1,0.7,1.8,1.1,1.9,1.3,8.1,2.8,0,5.3,1,1,0,3,1,1
33,56,3,3,0,0,1,3.5,0.8,-2.7,1.7,2.7,4.1,0,0.8,3.3,1,0,1,5,1,1
33,57,3,11,0,1,1,3.1,6.2,3.1,1.7,1.6,6.5,1.2,1.9,3.4,1,2,1,4,1,1
33,58,3,1,0,1,1,1.3,1.7,0.4,2.4,1.5,10.2,0.4,2.4,7.4,1,1,1,1,1,1
33,59,3,7,0,1,1,0.7,4.7,4,2.6,2.1,11.5,4.5,2.6,4.4,1,2,1,2,1,1
33,60,3,10,0,1,1,1.4,0.5,-0.9,3.6,1.5,7.5,0,3.8,3.7,1,0,1,3,1,1
33,61,3,0,0,1,1,0.7,0.9,0.2,10.5,1.7,10.1,0.7,8,1.4,1,1,1,1,1,1
33,62,3,10,0,0,1,1.7,0.6,-1.1,3,1.8,2.2,0,0.4,1.8,1,0,1,2,1,1
33,63,3,6,1,1,1,0.2,1.3,1.1,1.8,2,1.7,0.4,0.8,0.5,1,1,1,1,1,1
33,64,3,7,1,1,1,0.1,3.3,3.2,0.5,2.4,5.1,2,0.5,2.6,1,2,1,4,1,1
33,65,3,0,1,0,0,0.2,,,,,,,,,1,,,,0,0
33,66,3,2,0,1,1,1.5,1.7,0.2,0.7,2.5,3.9,1,0.4,2.5,1,1,1,2,1,1
33,67,3,3,1,1,0,,,,,1,,,,,1,,,,1,1
33,68,3,4,1,1,1,0.1,0.9,0.8,1.5,0.5,6.1,1.5,0,4.6,1,1,0,4,1,1
33,69,3,3,0,1,0,3,0.5,-2.5,1,1.5,3.1,0,0,3.1,1,0,0,3,1,0
33,70,3,8,0,1,1,0.4,0.9,0.5,0.4,2.1,5.4,0.8,0.4,4.2,1,1,1,5,1,1
33,71,3,6,1,1,1,1.5,3,1.5,0.6,2,6.6,1.7,1.6,3.3,1,1,1,5,1,1
33,72,3,4,1,1,1,2.6,1,-1.6,1.4,1.9,6.7,0,1.2,5.5,1,0,1,3,1,1
33,73,4,9,0,1,1,0.2,0.9,0.7,1.5,0.7,12.9,2.7,0,10.2,1,1,0,3,1,1
33,74,4,2,0,1,1,1.1,1.2,0.1,2.8,0.9,11,3.4,0,7.6,1,1,0,3,1,1
33,75,4,6,1,1,1,0,1.8,1.8,3,0.7,7.1,3.3,0,3.8,1,2,0,5,1,1
33,76,4,4,1,0,0,0.6,,,,,,,,,1,,,,0,0
33,77,4,9,1,0,0,0,,,,,,,,,1,,,,0,0
33,78,4,10,0,1,1,0,3,3,8.8,2.1,11.7,1.7,7,3,1,2,1,1,1,1
33,79,4,8,1,1,1,3.2,1,-2.2,0.3,1.9,1.2,0,0,1.2,1,0,0,1,1,1
33,80,4,1,1,1,1,0.3,0.9,0.6,11.4,1.9,3.5,2.1,0.7,0.7,1,1,1,1,1,1
33,81,4,5,1,1,1,11.2,1.3,-9.9,7.8,2.1,0.4,0,0,0.4,1,0,0,1,1,1
33,82,4,11,0,1,1,1.6,0,-1.6,6.3,1.6,11,0,6,5,1,0,1,3,1,1
33,83,4,5,0,0,1,1.5,0.2,-1.3,3.1,1.9,9.3,0,3.6,5.7,1,0,1,4,1,1
33,84,4,10,0,1,1,2.1,0.5,-1.6,8.4,2,3.4,0,2.6,0.8,1,0,1,1,1,1
33,85,4,6,0,1,1,5.2,1.4,-3.8,1.3,2.5,7.5,0,0,7.5,1,0,0,5,1,1
33,86,4,4,0,0,1,1.9,0.3,-1.6,2.7,2.3,10.6,0,3.1,7.5,1,0,2,6,1,1
33,87,4,8,0,1,1,3.1,0,-3.1,0.8,2.3,6.1,0,0,6.1,1,0,0,7,1,1
33,88,4,3,0,1,1,1.8,0,-1.8,0.5,1.3,3.4,0,0,3.4,1,0,0,4,1,1
33,89,4,0,0,1,1,0.8,1.5,0.7,1.2,2.4,9.9,1.9,0.8,7.2,1,1,1,5,1,1
33,90,4,2,0,1,1,1.1,9.2,8.1,1.2,3.4,6.6,4.3,1.7,0.6,1,4,3,1,1,1
33,91,4,11,1,1,1,0,1,1,1.2,2.2,6.1,2.8,0.6,2.7,1,1,1,5,1,1
33,92,4,4,1,1,1,0.1,1.3,1.2,0.4,3.3,10.3,4.3,0,6,1,1,0,6,1,1
33,93,4,7,1,1,1,0.6,1.2,0.6,2.2,2.4,5.2,2.5,1.7,1,1,1,1,2,1,1
33,94,4,8,1,1,1,0,1.7,1.7,0.6,1.4,6.2,1.1,0.5,4.6,1,2,1,8,1,1
33,95,4,3,0,0,1,1.7,0.5,-1.2,1.2,1.7,6,0,1.2,4.8,1,0,1,2,1,1
33,96,4,0,1,1,0,2.9,0.3,-2.6,1.1,1.5,2.6,0,0,2.6,1,0,0,2,1,1
33,97,5,2,0,0,1,,,,,0.6,1.2,0,0,1.2,1,0,0,2,1,1
33,98,5,0,0,0,0,1.1,,,,,,,,,1,,,,0,0
33,99,5,9,0,0,1,1.3,2.1,0.8,0.5,2.7,7.3,2.5,0,4.8,1,1,0,4,1,0
33,100,5,10,0,1,1,1,1.3,0.3,2.8,2.5,8.6,2.2,2,4.4,1,1,1,3,1,1
33,101,5,5,1,0,0,0.3,,,,,,,,,1,,,,0,0
33,102,5,11,0,0,1,1.7,0.8,-0.9,0.4,0.5,7.8,0,0,7.8,1,0,0,8,1,1
33,103,5,0,0,1,1,0.7,0.8,0.1,1.8,2.2,7.6,1.9,0.9,4.8,1,1,1,4,1,1
33,104,5,10,1,0,1,0.3,1.6,1.3,1.6,2.2,3.3,0.5,0.5,2.3,1,1,1,2,1,1
33,105,5,9,0,1,0,2.1,0,-2.1,2.6,1.8,6,0,1.8,4.2,1,0,1,4,1,1
33,106,5,10,0,1,0,2,0.5,-1.5,0.8,0.7,3.1,0,0,3.1,1,0,0,2,1,1
33,107,5,2,0,0,1,2.3,0.7,-1.6,1.2,0.4,4.4,0,0,4.4,1,0,0,2,1,1
33,108,5,6,0,1,1,3.2,1.5,-1.7,0.6,2.2,6.5,0,1,5.5,1,0,1,1,1,1
33,109,5,9,0,0,1,0.3,0.8,0.5,7.8,1,1.1,0.4,0,0.7,1,1,0,1,1,1
33,110,5,7,0,0,0,4.9,1.3,-3.6,2.6,1,1.6,0,0,1.6,1,0,0,2,1,0
33,111,5,2,1,1,1,0.8,2.4,1.6,1.2,2.1,7,2.8,1.2,3,1,2,1,3,1,1
33,112,5,4,0,0,1,0.8,0.9,0.1,0.8,0.4,8.4,0.7,0,7.7,1,1,0,7,1,0
33,113,5,3,0,1,1,0.8,0.9,0.1,1.6,0.5,7,0.4,0,6.6,1,1,0,3,1,1
33,114,5,8,0,1,0,0.8,2.6,1.8,0.4,2.3,5.4,0.6,0,4.8,1,1,0,5,1,0
33,115,5,2,0,1,1,1.2,2.7,1.5,1.9,1,8.9,3.3,0,5.6,1,2,0,4,1,1
33,116,5,7,1,0,1,0.7,0.7,0,2.1,2,4.6,0.8,0.6,3.2,1,1,1,1,1,1
33,117,5,1,1,1,1,0.2,1.5,1.3,1.9,2.1,5.1,3,0.4,1.7,1,1,1,3,1,1
33,118,5,11,0,1,1,0.6,1,0.4,6.2,2.2,2.7,1,0.9,0.8,1,1,1,2,1,1
33,119,5,2,0,0,1,0.2,0.4,0.2,3.1,2.2,7.1,2.1,2.8,2.2,1,1,1,2,1,0
33,120,5,3,1,0,0,,0.6,,,0.7,,,,,1,,,,1,0
37,1,1,2,1,0,0,1.8,,,,,,,,,1,,,,0,0
37,2,1,7,0,1,1,0.8,2,1.2,1.6,0.4,8.3,2.8,0,5.5,1,1,0,4,1,1
37,3,1,1,1,0,0,1.4,,,,,,,,,1,,,,0,0
37,4,1,3,0,1,1,1.7,2.1,0.4,1.3,0.5,3,1.9,0,1.1,1,1,0,2,1,1
37,5,1,6,0,1,1,0,2.9,2.9,3.8,0.4,6.1,3.2,0,2.9,1,3,0,2,1,1
37,6,1,5,0,1,1,0,2.4,2.4,2.9,1.5,8.9,3.9,2.5,2.5,1,3,1,2,1,1
37,7,1,2,0,1,1,0,2.6,2.6,0.8,2,5.8,3.5,0,2.3,1,3,0,4,1,1
37,8,1,9,0,1,1,0.4,2.2,1.8,2.7,2.1,5.1,2.9,0.9,1.3,1,2,2,2,1,1
37,9,1,4,0,1,1,0.5,2.1,1.6,,1.2,1.8,1.8,0,0,1,2,0,0,1,1
37,10,1,7,0,1,0,0,2.2,2.2,1.1,0.5,1.5,0.4,0,1.1,1,1,0,1,1,1
37,11,1,11,0,1,0,0.3,2,1.7,,1.8,1,1,0,0,1,1,0,0,1,0
37,12,1,8,0,1,1,0.5,2.1,1.6,1,0.8,3.9,2.7,0,1.2,1,2,0,1,1,1
37,13,1,6,0,1,1,2.3,2.7,0.4,2.2,0.5,10.6,2.9,0,7.7,1,1,0,4,1,1
37,14,1,8,0,1,1,1,2.1,1.1,2.7,0.6,11.2,4.1,0,7.1,1,1,0,4,1,1
37,15,1,4,0,0,0,2.1,,,,,,,,,1,,,,0,0
37,16,1,5,0,1,1,0.6,2.1,1.5,2.6,0.6,6.8,0.5,1,5.3,1,1,1,4,1,1
37,17,1,2,0,1,1,1.7,2.3,0.6,2.3,0.4,4.3,2.3,0,2,1,1,0,3,1,1
37,18,1,7,1,0,0,1,,,,,,,,,1,,,,0,0
37,19,1,0,0,1,1,1.3,1.9,0.6,1.9,0.6,3.8,2.4,0,1.4,1,1,0,1,1,1
37,20,1,10,1,0,0,3.1,,,,,,,,,1,,,,0,0
37,21,1,3,1,0,0,1.9,,,,,,,,,1,,,,0,0
37,22,1,5,0,1,1,0.9,2.6,1.7,1.3,0.6,5.1,3.1,0,2,1,2,0,1,1,1
37,23,1,8,1,0,0,1.5,,,,,,,,,1,,,,0,0
37,24,1,9,1,1,1,2.1,2.8,0.7,3.1,0.9,4.3,2.5,0,1.8,1,1,0,2,1,1
37,25,2,10,0,0,1,0.9,5.9,5,0.4,0.5,11.9,2,0,9.9,1,3,0,4,1,0
37,26,2,11,0,1,1,1.8,1.9,0.1,2.4,0.4,3,2.2,0,0.8,1,1,0,1,1,1
37,27,2,6,0,1,1,0.1,6.6,6.5,0.6,0.4,5.1,2.1,0,3,1,4,0,5,1,1
37,28,2,3,1,0,0,,,,,,,,,,1,,,,0,0
37,29,2,11,0,1,1,1.9,3,1.1,1.4,0.4,5.4,1.7,0,3.7,1,1,0,5,1,1
37,30,2,4,0,1,1,1.4,2.8,1.4,1.2,0.4,5.2,1.5,0,3.7,1,2,0,5,1,1
37,31,2,1,0,0,0,0,,,,,,,,,1,,,,0,0
37,32,2,9,0,1,1,0.9,1.5,0.6,2.3,0.5,6.8,1.3,0.4,5.1,1,1,1,8,1,1
37,33,2,3,0,1,1,0.9,1.6,0.7,0.9,0.4,7.6,1.3,0.4,5.9,1,1,1,8,1,1
37,34,2,11,0,1,1,0.7,1.7,1,4.6,0.4,4.8,3.6,0,1.2,1,1,0,2,1,1
37,35,2,10,0,0,0,0.1,,,,,,,,,1,,,,0,0
37,36,2,0,0,0,0,0.7,,,,,,,,,1,,,,0,0
37,37,2,10,0,1,1,0.3,4.1,3.8,9.6,0.6,3.5,3,0,0.5,1,4,0,1,1,1
37,38,2,2,0,1,1,0.9,2.4,1.5,2.6,1.3,4.5,1.5,1.1,1.9,1,2,1,2,1,1
37,39,2,3,0,0,0,2,,,,,,,,,1,,,,0,0
37,40,2,8,0,1,1,0.9,2.9,2,8,0.5,3,1.2,1.1,0.7,1,2,1,1,1,1
37,41,2,0,0,0,0,0,,,,,,,,,1,,,,0,0
37,42,2,3,1,0,0,1.6,,,,,,,,,1,,,,0,0
37,43,2,8,1,0,0,1.3,,,,,,,,,1,,,,0,0
37,44,2,6,1,0,0,0.3,,,,,,,,,1,,,,0,0
37,45,2,7,1,0,0,0.5,,,,,,,,,1,,,,0,0
37,46,2,0,1,0,0,0.9,,,,,,,,,1,,,,0,0
37,47,2,9,1,0,0,1.1,,,,,,,,,1,,,,0,0
37,48,2,3,1,0,1,5.3,3.7,-1.6,2.3,1.7,2.4,0,1.6,0.8,1,0,1,1,1,1
37,49,3,0,0,1,1,1,2.3,1.3,2.1,0.4,6.2,1.7,0,4.5,1,2,0,5,1,1
37,50,3,9,0,1,1,0,1.3,1.3,7.6,0.5,4,3.2,0,0.8,1,2,0,1,1,1
37,51,3,11,1,0,0,2.6,,,,,,,,,1,,,,0,0
37,52,3,0,1,0,0,,,,,,,,,,1,,,,0,0
37,53,3,3,1,0,0,0.8,,,,,,,,,1,,,,0,0
37,54,3,1,0,1,1,0.2,1.1,0.9,2,1,13.6,3.8,0,9.8,1,1,0,2,1,1
37,55,3,0,1,1,1,0.4,1.8,1.4,1.4,1.4,8.2,3.9,0,4.3,1,2,0,2,1,1
37,56,3,3,0,0,0,0.3,,,,,,,,,1,,,,0,0
37,57,3,11,0,1,1,1.3,4.6,3.3,2.3,0.8,7.5,2.3,0,5.2,1,2,0,3,1,1
37,58,3,1,0,0,0,0.1,,,,,,,,,1,,,,0,0
37,59,3,7,0,1,1,0.5,3.6,3.1,1.6,0.8,12.3,4.9,0,7.4,1,3,0,3,1,1
37,60,3,10,0,1,1,0.2,2.5,2.3,0.9,0.4,4.5,2.4,0,2.1,1,3,0,2,1,1
37,61,3,0,0,0,0,0.2,,,,,,,,,1,,,,0,0
37,62,3,10,0,0,0,2.2,,,,,,,,,1,,,,0,0
37,63,3,6,1,0,0,0.9,,,,,,,,,1,,,,0,0
37,64,3,7,1,0,0,0.3,,,,,,,,,1,,,,0,0
37,65,3,0,1,1,1,0.3,1.9,1.6,4.8,0.8,3.5,1.7,0.8,1,1,2,1,1,1,1
37,66,3,2,0,1,1,1.6,3.2,1.6,0.8,1,5.1,3,0,2.1,1,1,0,3,1,1
37,67,3,3,1,0,0,0.6,,,,,,,,,1,,,,0,0
37,68,3,4,1,0,0,0.9,,,,,,,,,1,,,,0,0
37,69,3,3,0,0,0,1.1,,,,,,,,,1,,,,0,0
37,70,3,8,0,1,1,0.1,2.9,2.8,10,0.5,3.8,3,0,0.8,1,3,0,1,1,1
37,71,3,6,1,0,0,1.2,,,,,,,,,1,,,,0,0
37,72,3,4,1,0,0,0.7,,,,,,,,,1,,,,0,0
37,73,4,9,0,1,1,1.5,1.8,0.3,5.5,1.7,3.5,1.6,0,1.9,1,1,0,2,1,1
37,74,4,2,0,1,1,1.7,2.6,0.9,1.5,2.4,8.1,1.9,1.6,4.6,1,2,1,6,1,1
37,75,4,6,1,1,1,0,1.6,1.6,1.1,0.4,2.8,2,0,0.8,1,2,0,1,1,1
37,76,4,4,1,1,1,0.4,2.2,1.8,2.2,0.6,9.8,1.9,0,7.9,1,2,0,7,1,1
37,77,4,9,1,0,0,6.1,,,,,,,,,1,,,,0,0
37,78,4,10,0,1,1,0.4,1.8,1.4,2.7,2,10.3,5.3,0,5,1,1,0,3,1,1
37,79,4,8,1,1,1,0,2.3,2.3,1.1,0.7,4.5,3,0,1.5,1,2,0,2,1,1
37,80,4,1,1,0,0,0.4,,,,,,,,,1,,,,0,0
37,81,4,5,1,0,0,0.8,,,,,,,,,1,,,,0,0
37,82,4,11,0,1,1,0.1,1.4,1.3,3,0.5,9.4,3.8,0,5.6,1,1,0,4,1,1
37,83,4,5,0,1,1,0.2,1.6,1.4,1.4,0.4,8,3,0,5,1,1,0,4,1,1
37,84,4,10,0,0,0,0.6,,,,,,,,,1,,,,0,0
37,85,4,6,0,1,1,0.2,1.5,1.3,1.5,0.6,10.7,2.6,0,8.1,1,2,0,3,1,1
37,86,4,4,0,1,1,0.6,1.5,0.9,6.2,0.5,13.6,6.5,0,7.1,1,1,0,4,1,1
37,87,4,8,0,1,1,4.7,1.3,-3.4,2.9,0.5,4.6,0,0,4.6,1,0,0,3,1,1
37,88,4,3,0,0,0,0.8,,,,,,,,,1,,,,0,0
37,89,4,0,0,1,1,0.6,1.8,1.2,2.1,0.9,10.6,3.6,0,7,1,1,0,6,1,1
37,90,4,2,0,1,1,1.9,7.3,5.4,0.8,2.9,7.8,6.9,0,0.9,1,3,0,2,1,1
37,91,4,11,1,0,0,1.1,,,,,,,,,1,,,,0,0
37,92,4,4,1,1,1,0.2,2.6,2.4,1.4,0.6,8.4,2.1,0,6.3,1,3,0,5,1,1
37,93,4,7,1,1,1,3.2,1.2,-2,1.9,2.3,2.5,0,1.3,1.2,1,0,1,1,1,1
37,94,4,8,1,1,1,0.7,2,1.3,1.8,0.8,6.9,2.3,0,4.6,1,1,0,5,1,1
37,95,4,3,0,1,1,0.1,1.6,1.5,1.9,0.4,8.3,2.5,0,5.8,1,2,0,2,1,1
37,96,4,0,1,0,0,4.2,,,,,,,,,1,,,,0,0
37,97,5,2,0,0,0,1.5,,,,,,,,,1,,,,0,0
37,98,5,0,0,1,1,0.2,1.7,1.5,1.1,0.7,8.3,2.6,0,5.7,1,2,0,2,1,1
37,99,5,9,0,1,1,0.1,2,1.9,0.3,2.1,12.6,2.2,1.6,8.8,1,2,1,3,1,1
37,100,5,10,0,1,1,0.2,2.3,2.1,0.4,2.2,8.9,3.4,0,5.5,1,2,0,3,1,1
37,101,5,5,1,1,0,0.7,6.1,5.4,1.9,0.6,6,3.4,0,2.6,1,4,0,3,1,1
37,102,5,11,0,0,0,0.6,,,,,,,,,1,,,,0,0
37,103,5,0,0,1,1,0.6,2.1,1.5,2,0.9,11,3.2,0,7.8,1,1,0,3,1,1
37,104,5,10,1,0,0,0.5,,,,,,,,,1,,,,0,0
37,105,5,9,0,1,1,0.8,1.8,1,2.3,0.8,5.8,2.9,0,2.9,1,1,0,1,1,1
37,106,5,10,0,1,1,0.2,1.9,1.7,1.7,0.5,7.4,2.7,0,4.7,1,2,0,3,1,1
37,107,5,2,0,1,1,0.7,2.5,1.8,1.3,2.2,9,2.6,1.1,5.3,1,2,1,8,1,1
37,108,5,6,0,1,1,0.1,1.9,1.8,2.7,1.8,6.4,3.5,0,2.9,1,1,0,4,1,1
37,109,5,9,0,1,1,0.7,2,1.3,7,0.6,3.5,2.7,0,0.8,1,2,0,1,1,1
37,110,5,7,0,1,1,0.6,2.3,1.7,0.7,1.2,6.3,2.5,0,3.8,1,2,0,4,1,1
37,111,5,2,1,0,0,0.8,,,,,,,,,1,,,,0,0
37,112,5,4,0,1,1,1,3.2,2.2,1.3,0.6,7.4,2.5,0,4.9,1,2,0,3,1,1
37,113,5,3,0,1,1,0.6,2.1,1.5,1.4,0.9,6.1,3.1,0,3,1,2,0,4,1,1
37,114,5,8,0,1,1,0.7,3.8,3.1,0.7,0.9,9.6,4.2,0,5.4,1,2,0,3,1,1
37,115,5,2,0,1,1,0.6,2.8,2.2,0.6,2.2,8.1,3.5,0.5,4.1,1,2,1,4,1,1
37,116,5,7,1,0,0,0.3,,,,,,,,,1,,,,0,0
37,117,5,1,1,0,0,0.7,,,,,,,,,1,,,,0,0
37,118,5,11,0,1,1,0.5,2.1,1.6,1.8,0.6,5.8,2.7,0,3.1,1,2,0,4,1,1
37,119,5,2,0,1,1,0.7,2,1.3,6.2,3.2,5.8,4,1,0.8,1,2,1,1,1,1
37,120,5,3,1,0,0,0.8,,,,,,,,,1,,,,0,0
38,1,1,2,1,0,0,,,,,,,,,,1,,,,0,0
38,2,1,7,0,1,1,1,2.6,1.6,2.1,3,5.1,1.2,0.6,3.3,1,2,1,4,1,1
38,3,1,1,1,0,0,1.3,,,,,,,,,1,,,,0,0
38,4,1,3,0,0,0,0.6,,,,,,,,,1,,,,0,0
38,5,1,6,0,0,0,3.5,,,,,,,,,1,,,,0,0
38,6,1,5,0,0,0,3,,,,,,,,,1,,,,0,0
38,7,1,2,0,1,1,1.8,2.2,0.4,1.7,0.5,6.5,0.5,0,6,1,1,0,9,1,1
38,8,1,9,0,1,1,0.7,2.3,1.6,1.2,4,3.9,1.3,0.4,2.2,1,2,1,3,1,1
38,9,1,4,0,1,1,0.4,1.4,1,0.9,2.2,2.6,1.5,0.7,0.4,1,2,1,1,1,1
38,10,1,7,0,1,1,0.3,2.2,1.9,5,1.5,2.7,0.5,0.7,1.5,1,1,1,2,1,1
38,11,1,11,0,1,1,0.2,2,1.8,4.2,3.1,2.5,0.5,1,1,1,1,2,2,1,1
38,12,1,8,0,1,1,0.4,1.5,1.1,3.8,2,3.2,0.5,2.1,0.6,1,1,2,1,1,1
38,13,1,6,0,1,1,5.4,3.1,-2.3,1.4,2.5,4.2,0,1.4,2.8,1,0,1,4,1,1
38,14,1,8,0,1,1,1.5,2.2,0.7,0.8,2.5,4.4,1.4,0.5,2.5,1,2,1,3,1,1
38,15,1,4,0,1,1,0.8,2.6,1.8,1.6,0.4,4.8,1.7,0,3.1,1,1,0,4,1,1
38,16,1,5,0,1,0,7.6,2.3,-5.3,3.3,2,2.2,0,0,2.2,1,0,0,3,1,0
38,17,1,2,0,1,0,5.3,3.7,-1.6,1,0.6,2.9,0,0,2.9,1,0,0,4,1,0
38,18,1,7,1,0,0,8.5,,,,,,,,,1,,,,0,0
38,19,1,0,0,1,1,1.9,3.2,1.3,2.7,2,1.8,0.6,0.6,0.6,1,1,1,1,1,1
38,20,1,10,1,0,0,3.3,,,,,,,,,1,,,,0,0
38,21,1,3,1,0,0,1.4,,,,,,,,,1,,,,0,0
38,22,1,5,0,0,0,0.5,,,,,,,,,1,,,,0,0
38,23,1,8,1,0,0,1.6,,,,,,,,,1,,,,0,0
38,24,1,9,1,0,0,1.1,,,,,,,,,1,,,,0,0
38,25,2,10,0,1,1,7.8,4.4,-3.4,2,4.1,2,0,0.5,1.5,1,0,1,2,1,1
38,26,2,11,0,1,0,2.4,7.2,4.8,,3.2,1.5,1.5,0,0,1,2,0,0,1,0
38,27,2,6,0,1,1,,,,,0.7,,,,,1,,,,1,1
38,28,2,3,1,0,0,,,,,,,,,,1,,,,0,0
38,29,2,11,0,1,1,4.7,1.7,-3,0.4,4.5,7.4,0,1.8,5.6,1,0,1,2,1,1
38,30,2,4,0,1,1,3.7,2.4,-1.3,3.4,1.5,3.1,0,2,1.1,1,0,1,2,1,1
38,31,2,1,0,1,1,0.3,1.2,0.9,1.4,2.5,7,1,1.9,4.1,1,2,2,6,1,1
38,32,2,9,0,1,1,3.2,1.1,-2.1,3,2.3,3.6,0,0.5,3.1,1,0,1,3,1,1
38,33,2,3,0,1,1,0.1,1,0.9,1.1,1.5,4.9,0.7,0.5,3.7,1,1,1,6,1,1
38,34,2,11,0,1,0,0.3,1.8,1.5,0.5,2.1,3.2,0.4,0,2.8,1,1,0,3,1,0
38,35,2,10,0,1,0,0.2,2.8,2.6,0.5,1.1,2.7,0.5,0,2.2,1,1,0,3,1,0
38,36,2,0,0,1,1,0.1,1.1,1,8.5,0.9,2.3,1.9,0,0.4,1,1,0,1,1,1
38,37,2,10,0,1,1,1.4,5.9,4.5,2.3,2.5,2.9,1.1,0.4,1.4,1,2,1,2,1,1
38,38,2,2,0,1,1,0.2,1.3,1.1,0.5,2,5.2,1.5,0,3.7,1,2,0,4,1,1
38,39,2,3,0,1,1,0,1,1,2.4,1.7,5,0.7,1.1,3.2,1,1,2,5,1,1
38,40,2,8,0,1,0,11.1,1.4,-9.7,7.9,1.8,1.7,0,0,1.7,1,0,0,2,1,0
38,41,2,0,0,1,1,0,1.6,1.6,1,4,5.5,1.8,0.9,2.8,1,2,1,3,1,1
38,42,2,3,1,0,0,8.7,2.9,-5.8,5.4,0.4,1.5,0,0,1.5,1,0,0,2,1,0
38,43,2,8,1,0,0,0,,,,,,,,,1,,,,0,0
38,44,2,6,1,1,1,4.8,11.3,6.5,,1,1.4,1.4,0,0,1,3,0,0,1,1
38,45,2,7,1,1,0,7,1.6,-5.4,1.9,3.5,1.3,0,0,1.3,1,0,0,3,1,0
38,46,2,0,1,1,1,2.2,3.6,1.4,1,2,2.7,2.3,0,0.4,1,2,0,1,1,1
38,47,2,9,1,0,0,0.3,,,,,,,,,1,,,,0,0
38,48,2,3,1,1,1,0.7,4,3.3,1.1,2.4,6.5,1.1,1.5,3.9,1,2,1,5,1,1
38,49,3,0,0,1,1,1.2,1.7,0.5,1.4,2.1,21.6,2,1.2,18.4,1,1,2,10,1,1
38,50,3,9,0,1,1,4.2,0.9,-3.3,1.8,1.5,2.2,0,0,2.2,1,0,0,3,1,1
38,51,3,11,1,1,1,0.1,1.5,1.4,1.4,2,3.3,1.6,0.9,0.8,1,1,1,1,1,1
38,52,3,0,1,1,1,0.3,1.3,1,7.9,3.1,4.9,1.8,1.8,1.3,1,1,1,1,1,1
38,53,3,3,1,1,1,0.2,1.5,1.3,,1.5,1.2,1.2,0,0,1,2,0,0,1,1
38,54,3,1,0,1,1,1,2.3,1.3,1.8,6.2,11.3,7.3,0.6,3.4,1,1,1,2,1,1
38,55,3,0,1,1,1,0.4,1.9,1.5,0.7,5.9,7.5,6.9,0,0.6,1,2,0,1,1,1
38,56,3,3,0,1,1,0.1,1,0.9,2.1,3.1,7.2,1.2,2.2,3.8,1,1,2,5,1,1
38,57,3,11,0,1,1,3.1,5.1,2,1.7,4.4,7.1,1.9,3.3,1.9,1,2,2,2,1,1
38,58,3,1,0,1,1,0,1.3,1.3,1.8,2.8,11.5,4.3,0,7.2,1,2,0,1,1,1
38,59,3,7,0,1,1,1.3,5.8,4.5,0.7,5.9,8.6,3.2,4.2,1.2,1,3,3,2,1,1
38,60,3,10,0,1,1,0.3,3.8,3.5,1,3.3,6.1,2.4,1.1,2.6,1,3,2,4,1,1
38,61,3,0,0,1,1,2.4,1.6,-0.8,0.4,4.8,8.7,0,3.3,5.4,1,0,2,4,1,1
38,62,3,10,0,1,1,0.4,2.7,2.3,4.4,3.3,2.1,0.5,0.5,1.1,1,1,1,1,1,1
38,63,3,6,1,0,0,8.2,,,,,,,,,1,,,,0,0
38,64,3,7,1,0,0,0.8,,,,,,,,,1,,,,0,0
38,65,3,0,1,1,1,0.6,3.2,2.6,2.5,0.4,6.1,4.2,0,1.9,1,1,0,2,1,1
38,66,3,2,0,1,1,1.2,2.8,1.6,3.2,4.4,5.1,1.6,3.1,0.4,1,1,2,1,1,1
38,67,3,3,1,1,0,0.6,1.7,1.1,7.7,0.4,2.7,0.7,1.2,0.8,1,1,1,1,1,1
38,68,3,4,1,1,1,0.1,1.5,1.4,1.6,2.9,5.7,1.2,1.2,3.3,1,1,2,4,1,1
38,69,3,3,0,1,1,4.1,1.2,-2.9,2,0.9,2.4,0,0,2.4,1,0,0,4,1,1
38,70,3,8,0,1,1,0,1.6,1.6,1,0.5,7.7,1.4,0,6.3,1,2,0,6,1,1
38,71,3,6,1,0,0,3.8,,,,,,,,,1,,,,0,0
38,72,3,4,1,0,0,1.2,,,,,,,,,1,,,,0,0
38,73,4,9,0,1,1,0.2,4.3,4.1,1.6,2.1,7.4,2.6,1.7,3.1,1,4,2,3,1,1
38,74,4,2,0,1,1,1.1,1.6,0.5,1.5,1.8,5.3,0.9,0.9,3.5,1,2,1,5,1,1
38,75,4,6,1,0,0,0.1,,,,,,,,,1,,,,0,0
38,76,4,4,1,0,0,0.4,,,,,,,,,1,,,,0,0
38,77,4,9,1,0,0,0,,,,,,,,,1,,,,0,0
38,78,4,10,0,1,1,2.5,2.7,0.2,1,4.2,5.7,0.4,2.6,2.7,1,1,3,5,1,1
38,79,4,8,1,0,0,0,,,,,,,,,1,,,,0,0
38,80,4,1,1,1,1,0.5,2.5,2,1,0.4,6.7,2.4,0,4.3,1,2,0,4,1,1
38,81,4,5,1,0,0,2.4,,,,,,,,,1,,,,0,0
38,82,4,11,0,1,1,0.9,1.7,0.8,0.7,6,7.8,2,2.6,3.2,1,2,2,3,1,1
38,83,4,5,0,1,0,2.9,6.6,3.7,,1.2,0.8,0.8,0,0,1,2,0,0,1,1
38,85,4,6,0,0,1,,,,,,,,,,1,,,,0,0
38,86,4,4,0,1,1,1.3,1.3,0,2.7,1,3.9,1,0,2.9,1,1,0,5,1,1
38,87,4,8,0,1,1,1,1.3,0.3,2.7,4.7,6.7,1.3,3.7,1.7,1,1,3,3,1,1
38,88,4,3,0,1,1,1.1,1.1,0,0.3,2.3,2.2,0.5,0,1.7,1,1,0,2,1,1
38,89,4,0,0,1,1,0.1,2.9,2.8,0.8,0.7,6.8,2,0,4.8,1,2,0,5,1,1
38,90,4,2,0,1,1,1.9,12.5,10.6,,1.5,4.2,3.8,0.4,0,1,6,1,0,1,1
38,91,4,11,1,1,0,0.5,7.2,6.7,1.1,0.5,2.5,1.7,0,0.8,1,3,0,2,1,1
38,92,4,4,1,0,0,0.6,,,,,,,,,1,,,,0,0
38,93,4,7,1,0,0,1.5,,,,,,,,,1,,,,0,0
38,94,4,8,1,0,0,0.2,,,,,,,,,1,,,,0,0
38,95,4,3,0,1,1,1.1,0.8,-0.3,1.3,3.4,4.7,0,3.2,1.5,1,0,1,2,1,1
38,96,4,0,1,0,0,1.1,,,,,,,,,1,,,,0,0
38,97,5,2,0,0,0,0.1,,,,,,,,,1,,,,0,0
38,98,5,0,0,1,1,0.7,1.3,0.6,1,1.8,8.5,0.4,1.7,6.4,1,1,2,5,1,1
38,99,5,9,0,1,1,0.9,1.5,0.6,0.5,0.6,7,1.1,0,5.9,1,1,0,6,1,1
38,100,5,10,0,1,1,4.1,4.5,0.4,0.6,3,6.1,1.4,0.5,4.2,1,1,1,4,1,1
38,101,5,5,1,0,0,3.9,,,,,,,,,1,,,,0,0
38,102,5,11,0,1,1,3.7,10,6.3,2.8,0.9,4.6,3.5,0.5,0.6,1,3,1,1,1,1
38,103,5,0,0,1,1,0.9,2.1,1.2,1.3,2.9,9.5,1.4,2.3,5.8,1,1,3,5,1,1
38,104,5,10,1,0,0,0.1,,,,,,,,,1,,,,0,0
38,105,5,9,0,1,1,0.8,0.9,0.1,0.8,2.7,5.7,0.8,0.9,4,1,1,2,5,1,1
38,106,5,10,0,1,1,0.7,2,1.3,0.4,2.7,4,0.4,0.9,2.7,1,1,1,3,1,1
38,107,5,2,0,1,1,0,1.4,1.4,2.8,3.9,6.7,0.4,0.4,5.9,1,1,1,3,1,1
38,108,5,6,0,1,1,1.2,2.8,1.6,1.8,2.8,6.5,2.4,2,2.1,1,2,1,3,1,1
38,109,5,9,0,1,0,0.6,1.5,0.9,0.8,1.5,2.9,0.4,0,2.5,1,1,0,3,1,1
38,110,5,7,0,1,1,0.9,1.8,0.9,0.7,1.8,1.8,1.3,0,0.5,1,1,0,1,1,1
38,111,5,2,1,0,0,2.1,,,,,,,,,1,,,,0,0
38,112,5,4,0,1,1,0.8,3.8,3,3.9,5.2,6.4,1.6,3.6,1.2,1,3,5,2,1,1
38,113,5,3,0,1,1,0.5,1.9,1.4,2.7,2.6,5.1,1.4,1,2.7,1,2,1,4,1,1
38,114,5,8,0,1,1,0.3,3.1,2.8,1.4,2.7,5,2.3,0.4,2.3,1,2,1,3,1,1
38,115,5,2,0,1,0,1.3,4.5,3.2,2.9,3.2,4.8,2,0,2.8,1,3,0,1,1,0
38,116,5,7,1,0,0,3,,,,,,,,,1,,,,0,0
38,117,5,1,1,0,0,2.5,,,,,,,,,1,,,,0,0
38,118,5,11,0,1,1,0.7,3.8,3.1,5.1,0.5,2.7,0.9,0,1.8,1,2,0,2,1,1
38,119,5,2,0,1,1,1.5,2.3,0.8,1.4,2,4.5,1.4,0,3.1,1,1,0,5,1,1
38,120,5,3,1,0,0,0.3,,,,,,,,,1,,,,0,0
39,1,1,2,1,0,1,0.3,,,,,,,,,1,,,,0,0
39,2,1,7,0,1,1,0,0.8,0.8,4.1,5.4,6.7,2.2,2.8,1.7,1,1,2,1,1,1
39,3,1,1,1,0,0,0,14.2,14.2,,9,1.4,1.4,0,0,1,2,0,0,1,0
39,4,1,3,0,0,1,2.9,,,,,,,,,1,,,,0,1
39,5,1,6,0,1,1,0.7,0.2,-0.5,10.8,2.2,1.8,0,1.4,0.4,1,0,2,1,1,1
39,6,1,5,0,1,1,0.9,13,12.1,,0.7,3.2,2.4,0.8,0,1,3,1,0,1,1
39,7,1,2,0,0,1,3.1,12.7,9.6,0.4,0.6,3.2,2.5,0,0.7,1,3,0,1,1,0
39,8,1,9,0,1,1,1.2,0.1,-1.1,0.6,0.5,2.7,0,0,2.7,1,0,0,3,1,1
39,9,1,4,0,0,0,10.7,6.8,-3.9,3.3,0.6,2.6,0,0,2.6,1,0,0,2,1,0
39,10,1,7,0,1,1,8.4,2.8,-5.6,5.1,0.5,1.3,0,0,1.3,1,0,0,2,1,1
39,11,1,11,0,0,0,5.9,,,,,,,,,1,,,,0,0
39,12,1,8,0,1,1,1,0.7,-0.3,,6.9,0.4,0.4,0,0,1,1,0,0,1,1
39,13,1,6,0,1,1,0,1.5,1.5,1.6,1.9,6.4,3.6,0,2.8,1,2,0,4,1,1
39,14,1,8,0,1,1,1.1,0.2,-0.9,0.5,0.4,4.6,0,0,4.6,1,0,0,6,1,1
39,15,1,4,0,1,1,0.9,1,0.1,5.3,7.2,1.8,0.4,0.4,1,1,1,1,1,1,1
39,16,1,5,0,1,0,11.7,0.4,-11.3,10.8,0.5,1.5,0,0,1.5,1,0,0,2,1,0
39,17,1,2,0,1,1,2.5,1.3,-1.2,0.7,10.1,3,0,1.7,1.3,1,0,2,2,1,1
39,18,1,7,1,0,0,5,,,,,,,,,1,,,,0,0
39,19,1,0,0,0,0,0.7,,,,,,,,,1,,,,0,0
39,20,1,10,1,0,0,0.1,,,,,,,,,1,,,,0,0
39,21,1,3,1,0,0,2.4,,,,,,,,,1,,,,0,0
39,22,1,5,0,0,0,0.7,,,,,,,,,1,,,,0,0
39,23,1,8,1,0,0,,,,,,,,,,1,,,,0,0
39,24,1,9,1,0,0,1.4,,,,,,,,,1,,,,0,0
39,25,2,10,0,1,1,1.7,2.5,0.8,9.5,0.7,2.9,1.5,0,1.4,1,2,0,1,1,1
39,26,2,11,0,1,0,4,7,3,1.5,0.7,2.1,0.6,0,1.5,1,1,0,3,1,1
39,27,2,6,0,1,1,0.9,1.3,0.4,0.6,0.5,2.7,0.7,0.4,1.6,1,1,1,3,1,1
39,28,2,3,1,0,0,4.9,14,9.1,,8.7,0.6,0.6,0,0,1,1,0,0,1,0
39,29,2,11,0,1,1,0,8.5,8.5,3.6,0.9,2.4,1.3,0,1.1,1,1,0,1,1,1
39,30,2,4,0,1,1,0.6,4.9,4.3,4.2,3.6,4.4,2.8,0,1.6,1,3,0,1,1,1
39,31,2,1,0,1,1,0,1.3,1.3,4.1,7.4,8,3.1,3.2,1.7,1,1,4,2,1,1
39,32,2,9,0,1,1,1.4,1,-0.4,1.7,2.7,4.2,0,2.1,2.1,1,0,2,2,1,1
39,33,2,3,0,1,0,13.1,0.5,-12.6,11.8,0.8,0.5,0,0,0.5,1,0,0,1,1,0
39,34,2,11,0,1,0,12.5,0.3,-12.2,11.8,0.4,1.8,0,0,1.8,1,0,0,2,1,0
39,35,2,10,0,1,1,0.7,1.3,0.6,6.7,0.5,1.2,0.7,0,0.5,1,1,0,1,1,1
39,36,2,0,0,1,1,7,6.3,-0.7,0.7,0.7,1.3,0,0.4,0.9,1,0,1,1,1,1
39,37,2,10,0,0,0,0.6,,,,,,,,,1,,,,0,0
39,38,2,2,0,0,0,,,,,,,,,,1,,,,0,0
39,39,2,3,0,0,0,0,7.5,7.5,2,0.4,2.5,0.6,0,1.9,1,1,0,2,1,0
39,40,2,8,0,0,0,0.6,,,,,,,,,1,,,,0,0
39,41,2,0,0,1,1,0.3,1.2,0.9,2.9,8.7,4.3,0.9,2.4,1,1,1,4,1,1,1
39,42,2,3,1,1,1,9,9,0,,2.3,1.5,1.5,0,0,1,1,0,0,1,1
39,43,2,8,1,0,0,,,,,,,,,,1,,,,0,0
39,44,2,6,1,0,0,6.4,,,,,,,,,1,,,,0,0
39,45,2,7,1,0,0,14.3,,,,,,,,,1,,,,0,0
39,46,2,0,1,1,1,2.3,1.3,-1,2.2,1.9,2,0,1.2,0.8,1,0,1,2,1,1
39,47,2,9,1,1,1,0.1,1.3,1.2,0.4,0.4,2,0.8,0,1.2,1,1,0,2,1,1
39,48,2,3,1,0,0,0.5,,,,,,,,,1,,,,0,0
39,49,3,0,0,1,1,5.9,-0.1,-6,4.4,1.6,3.9,0,0,3.9,1,0,0,3,1,1
39,50,3,9,0,0,0,1.5,0,-1.5,1.1,0.4,2.1,0,0,2.1,1,0,0,3,1,0
39,51,3,11,1,0,0,0.4,,,,,,,,,1,,,,0,0
39,52,3,0,1,0,1,0,2.6,2.6,9,0.7,3.4,2.1,0.8,0.5,1,2,1,1,1,0
39,53,3,3,1,1,0,0.6,4.6,4,,2.3,0.4,0.4,0,0,1,1,0,0,1,0
39,54,3,1,0,1,1,0,0,0,0.8,4.7,9.8,2.1,2.1,5.6,1,1,1,5,1,1
39,55,3,0,1,1,1,0.1,7.8,7.7,2.9,0.7,9.8,9.4,0,0.4,1,5,0,1,1,1
39,56,3,3,0,1,1,0,1.1,1.1,5.4,0.7,6,3.6,0,2.4,1,1,0,3,1,1
39,57,3,11,0,1,0,3.6,14.3,10.7,,7.1,5.3,5.3,0,0,1,6,0,0,1,1
39,58,3,1,0,0,1,0,10.2,10.2,1.4,0.4,13,10.4,0,2.6,1,4,0,1,1,1
39,59,3,7,0,1,1,2.1,1.2,-0.9,1.8,0.7,7.1,0,1.5,5.6,1,0,1,5,1,1
39,60,3,10,0,1,1,0.8,0.6,-0.2,2.2,3.8,6.4,0.7,3,2.7,1,1,2,3,1,1
39,61,3,0,0,1,1,1,-0.1,-1.1,0.7,5.5,9.3,0,2.9,6.4,1,0,3,4,1,1
39,62,3,10,0,1,1,0.6,2.7,2.1,3.1,0.4,6.6,2.3,2,2.3,1,2,1,3,1,1
39,63,3,6,1,0,0,0.9,,,,,,,,,1,,,,0,0
39,64,3,7,1,0,0,2.1,,,,,,,,,1,,,,0,0
39,65,3,0,1,0,0,2.9,14.2,11.3,,0.4,3.7,3.7,0,0,1,5,0,0,1,0
39,66,3,2,0,1,1,0,0.4,0.4,2.1,0.6,4.5,0.4,0.8,3.3,1,1,1,6,1,1
39,67,3,3,1,1,1,0,2,2,7.4,0.5,1.7,0.9,0,0.8,1,2,0,1,1,1
39,68,3,4,1,0,0,0.6,,,,,,,,,1,,,,0,0
39,69,3,3,0,1,1,0,0.1,0.1,3.4,2.9,6.6,0.7,1.4,4.5,1,1,1,2,1,1
39,70,3,8,0,1,1,6.4,0.2,-6.2,1.6,4.6,2.3,0,0,2.3,1,0,0,3,1,1
39,71,3,6,1,0,0,0,,,,,,,,,1,,,,0,0
39,72,3,4,1,0,0,0.3,,,,,,,,,1,,,,0,0
39,73,4,9,0,1,1,5.3,2.3,-3,2.9,2.8,12.6,0,2,10.6,1,0,1,9,1,1
39,74,4,2,0,1,1,0.4,2.5,2.1,0.8,2.9,9,2.6,2.2,4.2,1,1,3,6,1,1
39,75,4,6,1,0,1,0.5,2.5,2,0.4,0.4,9.3,2.4,0,6.9,1,2,0,4,1,1
39,76,4,4,1,0,0,0,,,,,,,,,1,,,,0,0
39,77,4,9,1,0,0,6.9,,,,,,,,,1,,,,0,0
39,78,4,10,0,0,0,0,,,,,,,,,1,,,,0,0
39,79,4,8,1,0,0,0,,,,,,,,,1,,,,0,0
39,80,4,1,1,0,0,0.4,,,,,,,,,1,,,,0,0
39,81,4,5,1,0,0,1.2,,,,,,,,,1,,,,0,0
39,82,4,11,0,1,1,4.4,0.5,-3.9,3.1,0.8,4.2,0,0,4.2,1,0,0,4,1,1
39,83,4,5,0,1,1,0,13.6,13.6,,1.3,9.1,5.8,3.3,0,1,6,1,0,1,1
39,84,4,10,0,0,0,6,,,,,,,,,1,,,,0,0
39,85,4,6,0,1,1,,,,,0.7,16.5,0,0,16.5,1,0,0,5,1,1
39,86,4,4,0,0,0,4.1,,,,,,,,,1,,,,0,0
39,87,4,8,0,0,1,0,1.8,1.8,2.7,0.4,5.7,3.3,0,2.4,1,2,0,4,1,0
39,88,4,3,0,0,1,2.6,1.8,-0.8,0.4,0.4,6.4,0,0,6.4,1,0,0,3,1,0
39,89,4,0,0,1,1,2.8,0,-2.8,3.1,3.1,7.3,0,2.3,5,1,0,1,4,1,1
39,90,4,2,0,1,1,0.6,6.5,5.9,2.3,0.5,7.7,2.5,1.3,3.9,1,4,1,3,1,1
39,91,4,11,1,0,0,1.8,,,,,,,,,1,,,,0,0
39,92,4,4,1,0,0,0.7,,,,,,,,,1,,,,0,0
39,93,4,7,1,0,0,4.6,,,,,,,,,1,,,,0,0
39,94,4,8,1,0,0,1.5,0.6,-0.9,1.8,0.6,5.6,0,1,4.6,1,0,1,4,1,0
39,95,4,3,0,1,1,0,0.3,0.3,1,0.6,4.9,1,0,3.9,1,1,0,4,1,1
39,96,4,0,1,0,0,2.1,,,,,,,,,1,,,,0,0
39,97,5,2,0,0,1,2.5,,,,,,,,,1,,,,0,0
39,98,5,0,0,1,0,3.7,0,-3.7,1.3,2.4,6.6,0,0,6.6,1,0,0,5,1,0
39,99,5,9,0,0,1,1,1.6,0.6,1.1,0.4,7.9,0.7,0.7,6.5,1,1,1,4,1,1
39,100,5,10,0,0,0,4.2,,,,,,,,,1,,,,0,0
39,101,5,5,1,1,1,1,7.4,6.4,,6.2,5,2.9,2.1,0,1,5,2,0,1,1
39,102,5,11,0,0,1,1.4,14.3,12.9,,8.1,5.7,5.7,0,0,1,4,0,0,1,0
39,103,5,0,0,0,1,4.6,,,,,,,,,1,,,,0,1
39,104,5,10,1,1,1,1.4,0.1,-1.3,0.7,0.6,2,0,0,2,1,0,0,3,1,1
39,105,5,9,0,1,1,0.1,0.4,0.3,0.8,4.3,5.3,0.7,0.8,3.8,1,1,1,5,1,1
39,106,5,10,0,0,1,4.4,0.4,-4,3.6,0.4,3.4,0,0,3.4,1,0,0,3,1,0
39,107,5,2,0,1,1,2.7,0.2,-2.5,3.2,4.3,5.3,0,2.6,2.7,1,0,2,3,1,1
39,108,5,6,0,1,1,0.2,0.1,-0.1,2,0.4,4.7,0.8,0,3.9,1,1,0,2,1,1
39,109,5,9,0,0,1,3.8,-0.1,-3.9,1.8,4.4,5,0,2.1,2.9,1,0,2,3,1,0
39,110,5,7,0,1,1,1.5,0,-1.5,0.8,0.7,3,0,0,3,1,0,0,4,1,1
39,111,5,2,1,0,1,0,1.5,1.5,4.2,5.7,6.7,2.3,2.4,2,1,1,3,3,1,1
39,112,5,4,0,1,1,0.2,3,2.8,1.2,7.1,7.8,1.3,4.8,1.7,1,2,4,2,1,1
39,113,5,3,0,1,1,0,0.1,0.1,1.7,7.3,6.7,0.6,5,1.1,1,1,5,2,1,1
39,114,5,8,0,1,1,0.9,3.2,2.3,1.1,0.9,10.3,3.7,0,6.6,1,2,0,4,1,1
39,115,5,2,0,1,1,5.1,0.7,-4.4,0.5,10.3,4.2,0,2.9,1.3,1,0,3,1,1,1
39,116,5,7,1,0,1,0,1.2,1.2,2.4,2,1.5,0.8,0,0.7,1,1,0,1,1,1
39,117,5,1,1,1,1,0,1.2,1.2,1.2,2.6,7.2,1.9,1.1,4.2,1,1,2,2,1,1
39,118,5,11,0,0,1,0.2,2.3,2.1,0.4,0.5,6,1.6,0,4.4,1,1,0,4,1,1
39,119,5,2,0,0,1,2.5,,,,,,,,,1,,,,0,1
39,120,5,3,1,1,1,0.2,0,-0.2,,0.6,0.6,0.6,0,0,1,1,0,0,1,1
40,1,1,2,1,1,1,,,,,0.6,3.4,0,0,3.4,1,0,0,4,1,1
40,2,1,7,0,1,1,0.8,3.7,2.9,5.3,2.5,5.8,3,2,0.8,1,2,2,1,1,1
40,3,1,1,1,1,1,1.6,2.9,1.3,1,1.2,2.3,0.4,0.4,1.5,1,1,1,3,1,1
40,4,1,3,0,1,1,0.2,2.8,2.6,3.1,2,7.7,3.3,0,4.4,1,2,0,4,1,1
40,5,1,6,0,1,1,3.4,2.4,-1,1.9,2,7.4,0,2,5.4,1,0,1,4,1,1
40,6,1,5,0,1,1,0.6,4,3.4,1.4,2.8,8.5,4.7,0,3.8,1,3,0,3,1,1
40,7,1,2,0,1,1,3.1,3.7,0.6,3.3,2.5,6.1,1,2.1,3,1,1,2,3,1,1
40,8,1,9,0,1,1,3.3,2.2,-1.1,4.7,1.9,10.3,0,5.4,4.9,1,0,1,3,1,1
40,9,1,4,0,1,1,1.9,1.4,-0.5,,1.8,1.9,0,1.9,0,1,0,2,0,1,1
40,10,1,7,0,0,1,0.2,1.9,1.7,4.1,1.7,2.3,0.5,1.1,0.7,1,1,1,1,1,1
40,11,1,11,0,0,1,0.9,1.7,0.8,0.9,1.5,2.8,0.5,0.6,1.7,1,1,1,2,1,0
40,12,1,8,0,1,1,0.4,1.2,0.8,0.7,1.5,2.8,0.4,0.4,2,1,1,1,2,1,1
40,13,1,6,0,1,1,0.6,3.9,3.3,1.7,3.7,7.8,3.4,2.2,2.2,1,2,2,1,1,1
40,14,1,8,0,1,0,4.6,2.1,-2.5,,2.2,5.1,0,5.1,0,1,0,1,0,1,0
40,15,1,4,0,1,1,0.4,1.6,1.2,2.4,2,8.7,0.5,2.7,5.5,1,1,2,4,1,1
40,16,1,5,0,1,1,3.2,1.8,-1.4,2.3,1.6,5.2,0,0.8,4.4,1,0,1,5,1,1
40,17,1,2,0,1,1,1.8,1.4,-0.4,2.3,4.1,10.9,0,4.2,6.7,1,0,2,1,1,1
40,18,1,7,1,1,1,2.9,4.3,1.4,0.3,1.9,4.3,1,1,2.3,1,1,2,2,1,1
40,19,1,0,0,1,1,3.7,1.7,-2,2.1,2.6,5.7,0,0.8,4.9,1,0,2,4,1,1
40,20,1,10,1,0,0,12.5,4.1,-8.4,5,3.4,0.5,0,0,0.5,1,0,0,1,1,0
40,21,1,3,1,1,1,1.5,3,1.5,1,2.1,9.4,3.6,0,5.8,1,1,0,2,1,1
40,22,1,5,0,1,0,11.1,2,-9.1,4.7,4.4,0.6,0,0,0.6,1,0,0,1,1,0
40,23,1,8,1,1,1,1.6,2.9,1.3,6.2,2.9,4.5,4.1,0,0.4,1,1,0,1,1,1
40,24,1,9,1,1,1,2,6.3,4.3,,2.6,4.8,3.9,0.9,0,1,2,1,0,1,1
40,25,2,10,0,0,1,0.9,5.2,4.3,3,2.1,1.9,0.4,0.6,0.9,1,1,1,1,1,0
40,26,2,11,0,1,1,1.6,2.4,0.8,2.9,3.5,6.4,0.4,2.6,3.4,1,1,3,3,1,1
40,27,2,6,0,0,1,1.4,10.2,8.8,1,2.2,3.9,1.6,1.2,1.1,1,3,2,1,1,0
40,28,2,3,1,1,1,0.2,1.9,1.7,4.8,2.8,1.6,0.6,0.5,0.5,1,1,1,1,1,1
40,29,2,11,0,1,1,0,2,2,1,2,9.7,3.1,0,6.6,1,1,0,6,1,1
40,30,2,4,0,1,1,4,3.1,-0.9,1.1,3.4,6.5,0,1.7,4.8,1,0,2,4,1,1
40,31,2,1,0,1,1,1.7,2.4,0.7,1,3.5,8.6,2.4,0.6,5.6,1,2,1,3,1,1
40,32,2,9,0,1,1,4.5,3.8,-0.7,0.6,2.7,7.1,0,1.7,5.4,1,0,1,5,1,1
40,33,2,3,0,1,1,0.5,1.1,0.6,2.1,2.7,8.3,2.1,1.3,4.9,1,1,1,5,1,1
40,34,2,11,0,1,1,1.1,1.2,0.1,1.9,3.4,4.6,0.9,1.8,1.9,1,1,2,2,1,1
40,35,2,10,0,0,1,0.3,2.4,2.1,3.2,2.3,3.5,0.5,1.4,1.6,1,1,1,2,1,1
40,36,2,0,0,1,1,4.9,5.5,0.6,0.7,2,1.9,0.5,0.8,0.6,1,1,1,1,1,1
40,37,2,10,0,1,1,1,2.1,1.1,0.6,1.5,8,1.8,0,6.2,1,2,0,6,1,1
40,38,2,2,0,1,1,0.9,1.4,0.5,1.6,2,4.5,3.1,0,1.4,1,2,0,2,1,1
40,39,2,3,0,1,1,0,1.3,1.3,1.7,1.6,7,0.7,1.6,4.7,1,1,1,4,1,1
40,40,2,8,0,1,1,0.5,1.5,1,1.6,3.7,3.8,0.9,1.8,1.1,1,1,3,2,1,1
40,41,2,0,0,1,1,0.5,3.9,3.4,1,1.9,5.2,2.8,0.6,1.8,1,3,1,2,1,1
40,42,2,3,1,1,0,0.9,2.6,1.7,,1.4,1.1,1.1,0,0,1,1,0,0,1,0
40,43,2,8,1,1,1,4.1,5.4,1.3,,2.1,1.2,0.7,0.5,0,1,1,1,0,1,1
40,44,2,6,1,1,1,0.3,2.3,2,7,1.2,3.2,1.1,0.9,1.2,1,2,2,1,1,1
40,45,2,7,1,1,0,2.9,5.1,2.2,4,1.6,1.6,0.6,0,1,1,1,0,1,1,0
40,46,2,0,1,1,1,3.9,5.5,1.6,1.9,2.7,2.1,0.5,1.2,0.4,1,1,2,1,1,1
40,47,2,9,1,0,0,12.9,7,-5.9,5.3,0.6,0.5,0,0,0.5,1,0,0,1,1,0
40,48,2,3,1,0,1,0.1,3.4,3.3,2,2.2,3.8,0.5,0.9,2.4,1,1,1,2,1,1
40,49,3,0,0,1,1,0.8,1.9,1.1,0.5,1.9,8.7,1.4,1.8,5.5,1,1,2,6,1,1
40,50,3,9,0,0,1,0.1,1.5,1.4,1,1.1,4.1,1.3,0,2.8,1,3,0,3,1,1
40,51,3,11,1,0,1,0.3,1.7,1.4,7.3,1.8,6.5,2.7,0,3.8,1,1,0,1,1,1
40,52,3,0,1,1,1,5.9,1.4,-4.5,2.6,1.9,1.1,0,0,1.1,1,0,0,2,1,1
40,53,3,3,1,1,1,0,1.3,1.3,2.3,1.7,3.6,2.2,0,1.4,1,1,0,2,1,1
40,54,3,1,0,1,1,0.6,3,2.4,0.7,2.9,12.8,5.1,0,7.7,1,2,0,3,1,1
40,55,3,0,1,1,1,1.1,3.6,2.5,,3.5,12.5,12.5,0,0,1,1,0,0,1,1
40,56,3,3,0,1,1,0.5,2,1.5,2.2,3.5,6.7,1.7,0,5,1,2,0,4,1,1
40,57,3,11,0,1,1,1.8,5.2,3.4,1.8,5.9,9.8,4.4,3.8,1.6,1,3,2,2,1,1
40,58,3,1,0,1,1,0.2,1,0.8,2.9,2.4,11.4,1.6,3.2,6.6,1,1,1,2,1,1
40,59,3,7,0,1,1,3.4,7.4,4,1.6,4.4,9.3,8.3,0,1,1,3,0,2,1,1
40,60,3,10,0,1,1,3.8,3.1,-0.7,2.2,1.2,4.8,0,2.3,2.5,1,0,1,3,1,1
40,61,3,0,0,1,1,2.4,1.3,-1.1,1.4,1.1,9.4,0,0.9,8.5,1,0,1,3,1,1
40,62,3,10,0,0,1,0.5,1.5,1,7.8,1.2,6.5,1.5,4.2,0.8,1,1,1,1,1,1
40,63,3,6,1,1,1,3.5,3.1,-0.4,0.8,1.7,1.6,0,0.6,1,1,0,1,2,1,1
40,64,3,7,1,0,1,2.7,4.6,1.9,2.6,1.3,3.7,2.3,0.4,1,1,2,1,2,1,1
40,65,3,0,1,0,1,0.8,2.3,1.5,0.8,1.3,8.3,2.2,0.8,5.3,1,2,1,6,1,0
40,66,3,2,0,1,1,2.2,3.3,1.1,1,4.4,6.7,3.2,1.8,1.7,1,1,1,2,1,1
40,67,3,3,1,1,1,0.2,1.6,1.4,6,2.2,3.1,2.3,0,0.8,1,3,0,1,1,1
40,68,3,4,1,1,1,0.5,2,1.5,2.8,1.7,4.3,2.3,0,2,1,2,0,2,1,1
40,69,3,3,0,1,1,0.2,1.5,1.3,0.8,1.6,4.8,1.7,1.4,1.7,1,1,1,3,1,1
40,70,3,8,0,1,1,0.3,2,1.7,0.9,2.3,4.7,2.2,0,2.5,1,3,0,2,1,1
40,71,3,6,1,1,1,3.8,3.8,0,,5.1,3.7,0.7,3,0,1,1,2,0,1,1
40,72,3,4,1,0,1,0,1.1,1.1,4.1,1.4,3.9,1.2,0.4,2.3,1,2,1,2,1,1
40,73,4,9,0,1,1,0.1,4.1,4,1.8,2,10,3.2,2.4,4.4,1,3,2,3,1,1
40,74,4,2,0,1,1,0,1.7,1.7,0.9,1.6,5.5,1.5,0,4,1,2,0,4,1,1
40,75,4,6,1,1,1,0,1.6,1.6,0.4,2.3,4.2,3.3,0,0.9,1,2,0,2,1,1
40,76,4,4,1,1,1,0.4,2.5,2.1,,9.1,7.5,4.2,3.3,0,1,3,2,0,1,1
40,77,4,9,1,1,1,2.1,3.7,1.6,0.6,5.8,10.6,3.3,4.3,3,1,2,2,2,1,1
40,78,4,10,0,0,1,0,1.7,1.7,0.8,5,9.7,2.9,3.9,2.9,1,2,3,4,1,1
40,79,4,8,1,0,1,0.4,3.7,3.3,1.7,3.6,7.3,2.2,2.7,2.4,1,3,2,3,1,1
40,80,4,1,1,0,1,1.3,1,-0.3,11.1,2.1,2,1.1,0,0.9,1,1,0,1,1,1
40,81,4,5,1,1,1,1.3,1.3,0,8,1.7,2.2,1.4,0,0.8,1,1,0,1,1,1
40,82,4,11,0,1,1,1.4,1.6,0.2,1,2,7.6,0.8,0,6.8,1,1,0,6,1,1
40,83,4,5,0,1,1,1.8,0.8,-1,1.6,3.1,9.5,0,2.6,6.9,1,0,2,5,1,1
40,84,4,10,0,1,1,1.8,0.7,-1.1,1.3,1.6,6.5,0,1.7,4.8,1,0,1,5,1,1
40,85,4,6,0,1,1,0.7,1.7,1,0.9,1.9,10.9,1.5,1.8,7.6,1,1,1,5,1,1
40,86,4,4,0,1,1,0,1.4,1.4,1.1,1.5,11.2,1.2,1.2,8.8,1,2,1,7,1,1
40,87,4,8,0,1,1,0,0.6,0.6,0.8,1.7,7.2,0.5,0,6.7,1,1,0,4,1,1
40,88,4,3,0,1,1,1.8,0.8,-1,1.8,1,2.9,0,0.5,2.4,1,0,1,4,1,1
40,89,4,0,0,1,1,0.5,2.4,1.9,0.6,1.8,9.2,1.8,0,7.4,1,2,0,6,1,1
40,90,4,2,0,1,1,2.3,6.9,4.6,,5.3,8.8,6,2.8,0,1,3,3,0,1,1
40,91,4,11,1,1,1,0,1.3,1.3,2.8,2.8,4.8,3.2,0.6,1,1,3,1,2,1,1
40,92,4,4,1,1,1,0,6.6,6.6,2,1.2,7.4,6.5,0,0.9,1,4,0,1,1,1
40,93,4,7,1,0,0,0.6,,,,,,,,,1,,,,0,0
40,94,4,8,1,0,0,0.5,,,,,,,,,1,,,,0,0
40,95,4,3,0,1,1,1.8,0.9,-0.9,2.8,2.3,6.2,0,3.4,2.8,1,0,1,2,1,1
40,96,4,0,1,1,1,1.9,2.6,0.7,1.2,3,3.3,2.9,0,0.4,1,2,0,1,1,1
40,97,5,2,0,0,1,0.8,2.6,1.8,4.3,7.2,16.6,1.8,5.6,9.2,1,2,5,5,1,1
40,98,5,0,0,1,1,3,4.8,1.8,0.8,1.5,8.6,1.4,0,7.2,1,2,0,2,1,1
40,99,5,9,0,1,1,0.1,9.2,9.1,,4.3,8.1,5.2,2.9,0,1,5,3,0,1,1
40,100,5,10,0,1,1,0.2,7.9,7.7,,5.1,9.6,8.1,1.5,0,1,4,2,0,1,1
40,101,5,5,1,1,1,1.3,12.9,11.6,,1.4,4.5,4.5,0,0,1,6,0,0,1,1
40,102,5,11,0,0,1,4.5,2.4,-2.1,0.9,1.2,5,0,0,5,1,0,0,5,1,1
40,103,5,0,0,1,1,0.8,7.1,6.3,2,2.1,8.7,2.8,2.7,3.2,1,4,1,1,1,1
40,104,5,10,1,1,1,0.4,2,1.6,,2.9,4.9,1.5,3.4,0,1,1,3,0,1,1
40,105,5,9,0,0,1,0,1.9,1.9,0.8,2.3,11.3,3.1,0,8.2,1,2,0,4,1,1
40,106,5,10,0,1,1,1,1.1,0.1,3.5,2.7,7.9,1,3.4,3.5,1,1,1,3,1,1
40,107,5,2,0,1,1,1.4,2.4,1,1.8,4.7,7.2,0.9,4.4,1.9,1,1,3,2,1,1
40,108,5,6,0,1,1,0.1,4.1,4,1.5,2.5,8.7,1.8,1.9,5,1,2,1,3,1,1
40,109,5,9,0,1,1,1.7,2.1,0.4,0.9,1.3,5.8,0.4,0.5,4.9,1,1,1,3,1,1
40,110,5,7,0,1,1,0.9,2.3,1.4,3,1.7,6.3,1.4,1,3.9,1,2,2,4,1,1
40,111,5,2,1,1,1,1.3,4.3,3,,3.5,4.9,4.9,0,0,1,2,0,0,1,1
40,112,5,4,0,1,1,0,4.1,4.1,2.7,3.5,10.4,4.5,2.1,3.8,1,1,3,2,1,1
40,113,5,3,0,1,1,0,1.6,1.6,0.4,3.2,10.2,2.1,1.7,6.4,1,1,2,4,1,1
40,114,5,8,0,1,1,0.4,4.8,4.4,0.8,3,8.3,2.9,1.9,3.5,1,4,2,2,1,1
40,115,5,2,0,1,1,0,5.4,5.4,3.1,3.4,8.4,4.8,1.2,2.4,1,3,2,1,1,1
40,116,5,7,1,1,1,2.4,3.6,1.2,0.5,2.8,5.5,3.8,0,1.7,1,1,0,2,1,1
40,117,5,1,1,1,1,1.8,3.5,1.7,0.5,1.3,4.1,2.6,0,1.5,1,1,0,3,1,1
40,118,5,11,0,1,1,0,2.2,2.2,1.7,2.3,9.5,2.1,3,4.4,1,3,3,5,1,1
40,119,5,2,0,1,1,0,1.4,1.4,2.1,2,8,1.6,1.1,5.3,1,1,2,3,1,1
40,120,5,3,1,0,0,,,,,,,,,,1,,,,0,0
41,1,1,2,1,0,0,9.5,,,,,,,,,1,,,,0,0
41,2,1,7,0,1,1,0.6,3,2.4,1.5,3.1,6.2,3.3,1.9,1,1,2,2,2,1,1
41,3,1,1,1,0,0,1.4,,,,,,,,,1,,,,0,0
41,4,1,3,0,1,1,1.1,3.3,2.2,4.8,5.6,3.8,3.1,0,0.7,1,2,0,1,1,1
41,5,1,6,0,1,1,0.7,3.5,2.8,,4.5,1.5,1.1,0.4,0,1,2,1,0,1,1
41,6,1,5,0,1,1,1.4,5.2,3.8,1.5,4.1,9.4,3.5,1.7,4.2,1,3,2,1,1,1
41,7,1,2,0,1,1,1.3,3.3,2,,3.5,4.8,4.2,0.6,0,1,1,1,0,1,1
41,8,1,9,0,1,1,1,3.1,2.1,5.8,1.1,2.7,1.6,0.6,0.5,1,3,1,1,1,1
41,9,1,4,0,1,1,0.4,4.3,3.9,,3.3,6,1.8,4.2,0,1,3,1,0,1,1
41,10,1,7,0,1,1,1,2.3,1.3,1.6,2.9,6,0.4,2.3,3.3,1,1,2,3,1,1
41,11,1,11,0,1,1,4.1,1.9,-2.2,0.5,3,3.7,0,0.6,3.1,1,0,1,4,1,1
41,12,1,8,0,1,0,1,2.7,1.7,,4,1.2,1.2,0,0,1,2,0,0,1,0
41,13,1,6,0,1,1,1.6,3.9,2.3,1.1,3.7,9.8,5,1,3.8,1,1,1,3,1,1
41,14,1,8,0,1,1,1,2.6,1.6,2,2.9,4.6,0.9,0.7,3,1,2,1,4,1,1
41,15,1,4,0,1,1,1,5.5,4.5,,4.7,1.1,0.7,0.4,0,1,1,1,0,1,1
41,16,1,5,0,1,1,6.3,4.1,-2.2,2.3,3.1,3.2,0,0.4,2.8,1,0,1,2,1,1
41,17,1,2,0,1,1,1.1,4,2.9,,3.5,3.5,1.6,1.9,0,1,1,2,0,1,1
41,18,1,7,1,0,0,1.2,,,,,,,,,1,,,,0,0
41,19,1,0,0,0,0,1.2,2.8,1.6,6.5,0.5,1,0.6,0,0.4,1,1,0,1,1,0
41,20,1,10,1,0,0,4.8,,,,,,,,,1,,,,0,0
41,21,1,3,1,0,0,1.9,,,,,,,,,1,,,,0,0
41,22,1,5,0,1,1,5.8,4.1,-1.7,0.8,3,2.3,0,0.9,1.4,1,0,1,2,1,1
41,23,1,8,1,0,0,,,,,,,,,,1,,,,0,0
41,24,1,9,1,1,1,1.1,3.8,2.7,2.9,2.4,8.7,3,3.2,2.5,1,2,2,2,1,1
41,25,2,10,0,1,1,1.9,10.1,8.2,,4.4,2.8,1.8,1,0,1,2,2,0,1,1
41,26,2,11,0,1,1,5.6,4.3,-1.3,,8.4,2.4,0,2.4,0,1,0,4,0,1,1
41,27,2,6,0,0,0,,14.2,,,2.4,,,,,1,,,,1,0
41,28,2,3,1,0,0,8.3,4.4,-3.9,1.7,2.2,1.1,0,0,1.1,1,0,0,2,1,0
41,29,2,11,0,1,1,2.7,4.7,2,1.5,4.3,3.8,2.4,0.5,0.9,1,1,1,2,1,1
41,30,2,4,0,1,1,0.6,8.1,7.5,0.7,3.9,5.9,4.2,0,1.7,1,5,0,2,1,1
41,31,2,1,0,0,0,0.2,,,,,,,,,1,,,,0,0
41,32,2,9,0,1,1,5.9,10.4,4.5,,3.7,2.6,2.6,0,0,1,3,0,0,1,1
41,33,2,3,0,1,1,2.1,3.5,1.4,0.8,4.3,7.2,2.7,0.9,3.6,1,1,1,5,1,1
41,34,2,11,0,1,1,0.1,8.3,8.2,,5,3.4,1.2,2.2,0,1,1,2,0,1,1
41,35,2,10,0,1,1,7.6,7.1,-0.5,,4.9,1.8,0,1.8,0,1,0,3,0,1,1
41,36,2,0,0,1,1,0,8.7,8.7,,5.3,3,1.2,1.8,0,1,2,2,0,1,1
41,37,2,10,0,1,1,5.3,6.1,0.8,2,3.1,4.6,0.9,1,2.7,1,1,2,4,1,1
41,38,2,2,0,1,1,0.8,2.9,2.1,0.7,4.6,6,2.7,1.3,2,1,3,3,2,1,1
41,39,2,3,0,1,1,2.7,3.8,1.1,3.1,1.1,4.7,2.2,0,2.5,1,1,0,5,1,1
41,40,2,8,0,1,1,2.9,4.3,1.4,,6.9,3.7,1.1,2.6,0,1,1,3,0,1,1
41,41,2,0,0,1,1,0.1,4.2,4.1,0.7,0.4,4.4,2.9,0,1.5,1,3,0,3,1,1
41,42,2,3,1,0,0,7.4,,,,,,,,,1,,,,0,0
41,43,2,8,1,0,0,2.8,12.3,9.5,,2.9,1.4,1.4,0,0,1,3,0,0,1,0
41,44,2,6,1,0,0,,,,,,,,,,1,,,,0,0
41,45,2,7,1,0,0,3.5,,,,,,,,,1,,,,0,0
41,46,2,0,1,0,0,1.3,,,,,,,,,1,,,,0,0
41,47,2,9,1,0,0,0.2,,,,,,,,,1,,,,0,0
41,48,2,3,1,1,1,0.6,5.4,4.8,,5.3,2.4,0.7,1.7,0,1,1,1,0,1,1
41,49,3,0,0,1,1,0.9,4.2,3.3,0.6,3.1,8.5,2.5,1.3,4.7,1,3,2,3,1,1
41,50,3,9,0,1,1,0.4,1.9,1.5,2,3,6.6,2.1,1.5,3,1,1,2,3,1,1
41,51,3,11,1,0,0,1.7,,,,,,,,,1,,,,0,0
41,52,3,0,1,0,0,2.1,,,,,,,,,1,,,,0,0
41,53,3,3,1,0,0,1.4,,,,,,,,,1,,,,0,0
41,54,3,1,0,1,1,1.2,5.7,4.5,0.6,1.9,9.5,3.7,0.9,4.9,1,3,1,3,1,1
41,55,3,0,1,0,0,1.5,,,,,,,,,1,,,,0,0
41,56,3,3,0,1,1,1.1,3.5,2.4,0.4,3.2,7.9,5.6,0,2.3,1,2,0,3,1,1
41,57,3,11,0,1,1,0.5,5.5,5,,5.2,6.9,0.8,6.1,0,1,2,3,0,1,1
41,58,3,1,0,1,1,1.2,6.9,5.7,1,0.5,8.1,3.5,0,4.6,1,4,0,2,1,1
41,59,3,7,0,1,1,4,9.3,5.3,1.2,2.1,6.3,4.5,0.4,1.4,1,4,1,1,1,1
41,60,3,10,0,1,1,0.3,2.8,2.5,4.9,2.8,10.4,3.9,4.8,1.7,1,2,2,2,1,1
41,61,3,0,0,1,1,0.9,3.2,2.3,0.6,1.7,9.7,2.5,0,7.2,1,3,0,3,1,1
41,62,3,10,0,1,1,0.4,3.1,2.7,1.2,2.9,6.4,2.3,1.2,2.9,1,3,1,3,1,1
41,63,3,6,1,0,0,4.9,,,,,,,,,1,,,,0,0
41,64,3,7,1,0,0,1.6,,,,,,,,,1,,,,0,0
41,65,3,0,1,0,0,0.8,,,,,,,,,1,,,,0,0
41,66,3,2,0,1,1,1.9,5.1,3.2,0.8,4.2,7.6,4.5,1,2.1,1,4,1,3,1,1
41,67,3,3,1,1,1,0.5,3,2.5,0.7,0.4,2.4,2,0,0.4,1,2,0,1,1,1
41,68,3,4,1,0,0,2.5,,,,,,,,,1,,,,0,0
41,69,3,3,0,1,1,0.1,1.8,1.7,0.6,2.3,7.3,2.7,1,3.6,1,1,1,4,1,1
41,70,3,8,0,1,1,0.1,2.7,2.6,1.4,1.9,7.2,4.1,0.4,2.7,1,1,1,5,1,1
41,71,3,6,1,0,0,2.2,,,,,,,,,1,,,,0,0
41,72,3,4,1,0,0,0.4,,,,,,,,,1,,,,0,0
41,73,4,9,0,1,1,0.8,13.4,12.6,,0.7,8.1,8.1,0,0,1,8,0,0,1,1
41,74,4,2,0,1,1,1.2,2.8,1.6,0.3,1.4,5.5,3.2,0,2.3,1,1,0,3,1,1
41,75,4,6,1,0,0,2.6,,,,,,,,,1,,,,0,0
41,76,4,4,1,1,1,1.8,5,3.2,0.7,2,5.7,2.7,0,3,1,2,0,2,1,1
41,77,4,9,1,0,0,1,,,,,,,,,1,,,,0,0
41,78,4,10,0,1,1,0,8,8,2.7,1.2,8,3.8,3.1,1.1,1,4,1,2,1,1
41,79,4,8,1,1,1,0.3,2.7,2.4,3.1,1.7,5.8,2.6,1.9,1.3,1,2,1,2,1,1
41,80,4,1,1,0,0,0.4,,,,,,,,,1,,,,0,0
41,81,4,5,1,0,0,1.3,,,,,,,,,1,,,,0,0
41,82,4,11,0,1,1,0.1,2.3,2.2,4.8,1.5,7.1,1.9,2.5,2.7,1,2,1,3,1,1
41,83,4,5,0,1,1,0.1,4.8,4.7,1,1.2,6.5,4.1,0,2.4,1,3,0,3,1,1
41,84,4,10,0,1,1,0.6,4,3.4,1.4,3.5,4.5,3.2,0,1.3,1,3,0,2,1,1
41,85,4,6,0,1,1,0.3,3.2,2.9,0.6,3.1,7.9,2.5,1.9,3.5,1,2,2,3,1,1
41,86,4,4,0,1,1,0.3,6,5.7,0.9,2.8,9.4,3.3,1.9,4.2,1,4,2,3,1,1
41,87,4,8,0,1,1,1.8,2.1,0.3,1.4,2.5,6.2,0.6,1.9,3.7,1,1,4,5,1,1
41,88,4,3,0,0,0,5.1,,,,,,,,,1,,,,0,0
41,89,4,0,0,1,1,0.9,2.7,1.8,6.1,0.4,11.2,7.7,0,3.5,1,1,0,3,1,1
41,90,4,2,0,1,1,1.3,10,8.7,0.4,0.4,9.5,7.2,0,2.3,1,4,0,2,1,1
41,91,4,11,1,0,0,0.3,,,,,,,,,1,,,,0,0
41,92,4,4,1,0,0,0.7,,,,,,,,,1,,,,0,0
41,93,4,7,1,0,1,0.2,2.9,2.7,1.6,0.4,10.7,3.3,0,7.4,1,3,0,5,1,0
41,94,4,8,1,0,0,0.5,,,,,,,,,1,,,,0,0
41,95,4,3,0,0,1,0,2.1,2.1,3.3,5.2,6.9,5.4,0.7,0.8,1,2,1,1,1,0
41,96,4,0,1,0,0,0.2,,,,,,,,,1,,,,0,0
41,97,5,2,0,1,1,,,,,0.6,8.5,0,0,8.5,1,0,0,2,1,1
41,98,5,0,0,1,1,1.5,2.6,1.1,0.7,2.1,7,1.3,0.8,4.9,1,2,1,4,1,1
41,99,5,9,0,1,1,0.8,2.5,1.7,1.3,3,6.4,3.6,0.4,2.4,1,1,1,4,1,1
41,100,5,10,0,1,1,2.4,3.1,0.7,1.1,3.5,7.3,2.4,1.7,3.2,1,2,1,4,1,1
41,101,5,5,1,0,0,2.2,,,,,,,,,1,,,,0,0
41,102,5,11,0,1,1,0.5,3.3,2.8,0.9,2.2,7,2.6,1.5,2.9,1,3,2,3,1,1
41,103,5,0,0,1,1,0,1.9,1.9,0.8,2.5,6.1,2.1,0.7,3.3,1,1,1,6,1,1
41,104,5,10,1,0,0,0.2,,,,,,,,,1,,,,0,0
41,105,5,9,0,1,1,0.4,1.8,1.4,3.3,2.6,9.2,2.2,3.3,3.7,1,2,1,5,1,1
41,106,5,10,0,1,1,0.3,4.3,4,1.1,4.7,4.6,2.7,0.4,1.5,1,3,1,2,1,1
41,107,5,2,0,1,1,2.1,4.1,2,2.3,4.4,6.5,2.7,2.4,1.4,1,2,4,2,1,1
41,108,5,6,0,1,1,0.8,4.5,3.7,1.2,1.8,5.2,3.4,0,1.8,1,4,0,3,1,1
41,109,5,9,0,1,1,0.5,2.2,1.7,1.7,5.7,6.1,3.3,2,0.8,1,1,2,1,1,1
41,110,5,7,0,1,1,0.3,2.4,2.1,1,1.4,8.4,3.1,0.9,4.4,1,1,1,5,1,1
41,111,5,2,1,0,0,3.5,,,,,,,,,1,,,,0,0
41,112,5,4,0,1,1,3.2,5.2,2,,0.8,3.3,3.3,0,0,1,2,0,0,1,1
41,113,5,3,0,1,1,1.2,3.1,1.9,0.3,1.8,7,3.7,0,3.3,1,2,0,6,1,1
41,114,5,8,0,1,1,1.3,4.3,3,1.6,2.4,7.4,4.8,0.7,1.9,1,2,1,2,1,1
41,115,5,2,0,1,1,0.8,3.2,2.4,1,5.4,7.1,2.2,0,4.9,1,2,0,1,1,1
41,116,5,7,1,1,1,2.6,2.9,0.3,1,0.5,3.4,1.4,0,2,1,1,0,3,1,1
41,117,5,1,1,0,0,0.9,,,,,,,,,1,,,,0,0
41,118,5,11,0,0,1,0.6,5.3,4.7,3.9,4.9,5.1,1.2,3.5,0.4,1,3,4,1,1,1
41,119,5,2,0,0,0,0.4,,,,,,,,,1,,,,0,0
41,120,5,3,1,0,0,6.8,,,,,,,,,1,,,,0,0
42,1,1,2,1,1,1,1.3,8.9,7.6,0.7,0.6,4,3.6,0,0.4,1,4,0,1,1,1
42,2,1,7,0,1,1,0.3,3.8,3.5,2.2,1.2,5.2,2.2,1,2,1,4,1,3,1,1
42,3,1,1,1,0,1,1.4,4.1,2.7,,0.4,2.2,1.4,0.8,0,1,2,1,0,1,0
42,4,1,3,0,1,1,0.8,2.3,1.5,0.6,1.1,2.6,0.5,0.9,1.2,1,1,1,2,1,1
42,5,1,6,0,0,1,0.5,2.8,2.3,2.6,1.2,3.1,1.1,1.2,0.8,1,2,1,1,1,1
42,6,1,5,0,1,1,0.9,3.5,2.6,2,1.2,5.2,1.7,0.9,2.6,1,2,1,3,1,1
42,7,1,2,0,0,1,1.3,6.3,5,1.2,1.4,4.5,3,0.8,0.7,1,4,1,1,1,0
42,8,1,9,0,0,1,0.4,1.5,1.1,,1.4,2.2,1.7,0.5,0,1,2,1,0,1,0
42,9,1,4,0,0,1,0.1,1.3,1.2,5.4,1.4,2.7,1.5,0,1.2,1,2,0,2,1,0
42,10,1,7,0,0,0,0.2,1.3,1.1,,1,0.4,0.4,0,0,1,1,0,0,1,0
42,11,1,11,0,0,1,0,1.4,1.4,4.2,1.7,3.7,1.8,0.5,1.4,1,2,1,2,1,0
42,12,1,8,0,1,1,0.1,1.2,1.1,,1.1,1.5,0.9,0.6,0,1,1,1,0,1,1
42,13,1,6,0,1,1,0.4,2.1,1.7,1.8,1.4,6.1,2.3,0.7,3.1,1,2,1,4,1,1
42,14,1,8,0,1,1,0.5,1.8,1.3,2.1,1.5,4.2,0.5,1.9,1.8,1,1,1,1,1,1
42,15,1,4,0,1,1,0.4,1.5,1.1,0.9,1.7,3.2,1.5,1.2,0.5,1,2,1,1,1,1
42,16,1,5,0,0,1,0.4,2.4,2,,1.9,2.6,1.6,1,0,1,2,1,0,1,1
42,17,1,2,0,1,1,0.7,5.1,4.4,0.5,1.9,3.9,2.3,0.4,1.2,1,3,1,2,1,1
42,18,1,7,1,1,1,0.6,1.9,1.3,5.9,1.4,2.4,1.9,0,0.5,1,2,0,1,1,1
42,19,1,0,0,1,1,0,1.7,1.7,,1.6,1.9,0.9,1,0,1,2,1,0,1,1
42,20,1,10,1,0,0,4.3,,,,,,,,,1,,,,0,0
42,21,1,3,1,0,1,0.6,2.1,1.5,,1.2,1.6,0.5,1.1,0,1,1,1,0,1,1
42,22,1,5,0,1,0,0.2,2.3,2.1,,1.7,0.4,0.4,0,0,1,1,0,0,1,0
42,23,1,8,1,1,1,0.3,1.3,1,6.5,1.6,3.5,1.6,0.6,1.3,1,2,1,2,1,1
42,24,1,9,1,1,1,0.3,4,3.7,0.7,1.1,7.7,4,0,3.7,1,4,0,2,1,1
42,25,2,10,0,1,1,3.3,4.4,1.1,8.4,1.3,2.6,0.9,1.3,0.4,1,1,1,1,1,1
42,26,2,11,0,1,1,0,2.2,2.2,3.7,2.5,4.3,0.9,1.2,2.2,1,2,2,4,1,1
42,27,2,6,0,1,1,4.2,4.9,0.7,3.2,1.4,3.2,1.2,0,2,1,2,0,3,1,1
42,28,2,3,1,1,1,0,1.4,1.4,,0.9,1.2,1.2,0,0,1,2,0,0,1,1
42,29,2,11,0,1,1,0.5,3.6,3.1,1,1.6,9.6,3.5,0,6.1,1,4,0,5,1,1
42,30,2,4,0,1,1,2,2.9,0.9,1.2,1.7,6,2,1.3,2.7,1,1,1,3,1,1
42,31,2,1,0,1,1,0,2.7,2.7,3.6,1.8,8.3,2.2,1.4,4.7,1,3,2,4,1,1
42,32,2,9,0,1,1,0.7,2.6,1.9,1.6,1.5,7.1,2.5,1.6,3,1,2,1,5,1,1
42,33,2,3,0,1,1,0,1.5,1.5,2.1,1.3,8.3,4.8,0,3.5,1,1,0,4,1,1
42,34,2,11,0,1,1,0.7,1,0.3,6.1,1.6,3.6,0.5,1.2,1.9,1,1,2,2,1,1
42,35,2,10,0,1,1,0,1.5,1.5,1.3,2.4,6.3,2,1.9,2.4,1,1,2,3,1,1
42,36,2,0,0,1,1,0,0.6,0.6,5.6,1.5,3.4,1.5,1.5,0.4,1,1,1,1,1,1
42,37,2,10,0,0,1,0.3,5.2,4.9,0.6,1.1,6,1.1,0.9,4,1,2,1,5,1,1
42,38,2,2,0,1,1,0,0.6,0.6,1.2,1.2,4.9,1.6,0,3.3,1,2,0,6,1,1
42,39,2,3,0,1,1,0.4,0.6,0.2,1.8,1.2,7.8,0.4,0.8,6.6,1,1,1,7,1,1
42,40,2,8,0,1,1,1.8,0.8,-1,0.6,1,6.5,0,0.5,6,1,0,1,6,1,1
42,41,2,0,0,1,1,0.7,0.7,0,1.2,1.2,5.6,0.7,0.9,4,1,1,1,4,1,1
42,42,2,3,1,1,1,0,1.7,1.7,0.3,0.4,3.5,1.7,0,1.8,1,1,0,2,1,1
42,43,2,8,1,1,1,0,1.8,1.8,1.7,1,2,1.6,0,0.4,1,2,0,1,1,1
42,44,2,6,1,1,1,2.5,3.1,0.6,4.8,1,1.9,0.5,0,1.4,1,1,0,2,1,1
42,45,2,7,1,1,1,0,1.3,1.3,3.7,0.8,2.2,1.4,0,0.8,1,2,0,1,1,1
42,46,2,0,1,1,1,2.7,5.5,2.8,,1.1,4.6,2.2,2.4,0,1,2,1,0,1,1
42,47,2,9,1,1,1,1.7,3.2,1.5,1.2,1.2,4.8,1.6,0.9,2.3,1,2,1,3,1,1
42,48,2,3,1,1,1,0.8,3.8,3,1,0.4,3,0.6,0,2.4,1,1,0,2,1,1
42,49,3,0,0,1,1,0.4,1,0.6,1.9,0.9,8.6,3,0,5.6,1,1,0,6,1,1
42,50,3,9,0,1,1,0.6,0,-0.6,1.4,0.9,3,0,1,2,1,0,1,3,1,1
42,51,3,11,1,1,1,0.1,0.9,0.8,,0.8,1.9,0.9,1,0,1,1,1,0,1,1
42,52,3,0,1,1,1,0,1,1,1,0.9,5.8,2.8,0,3,1,1,0,3,1,1
42,53,3,3,1,1,1,0,0.3,0.3,1.7,0.8,3.3,0.4,1.2,1.7,1,1,1,2,1,1
42,54,3,1,0,1,1,0.3,2.4,2.1,5,1,10.4,6.8,0,3.6,1,3,0,4,1,1
42,55,3,0,1,1,1,0.6,1.3,0.7,1.7,1.2,9.1,3.5,0,5.6,1,1,0,4,1,1
42,56,3,3,0,1,1,0.5,0.6,0.1,1.1,1,4.9,0.5,0.6,3.8,1,1,1,4,1,1
42,57,3,11,0,1,1,0.2,5.1,4.9,2.2,1,10.4,3.7,1.6,5.1,1,4,1,3,1,1
42,58,3,1,0,1,1,0.3,0.2,-0.1,0.5,1.1,7.3,0.7,0,6.6,1,1,0,6,1,1
42,59,3,7,0,1,1,0,3.6,3.6,1.1,1.3,11.1,4.7,0,6.4,1,5,0,3,1,1
42,60,3,10,0,1,1,0.7,2.1,1.4,3,1.1,6.6,4.1,0,2.5,1,2,0,3,1,1
42,61,3,0,0,1,1,2.6,0.8,-1.8,0.9,0.9,9.3,0,0,9.3,1,0,0,3,1,1
42,62,3,10,0,1,1,1.8,0.5,-1.3,0.4,0.9,5.6,0,0,5.6,1,0,0,6,1,1
42,63,3,6,1,1,1,0.4,1.4,1,2.2,0.8,3.4,1.7,0,1.7,1,1,0,3,1,1
42,64,3,7,1,1,1,1.9,3.2,1.3,8.8,1.8,4,1.9,1.5,0.6,1,1,2,1,1,1
42,65,3,0,1,1,1,0.9,1.9,1,2.4,0.8,6.5,3.6,0,2.9,1,1,0,3,1,1
42,66,3,2,0,1,1,0.1,1.7,1.6,1.5,0.9,6.7,3.3,0,3.4,1,2,0,4,1,1
42,67,3,3,1,1,1,0.2,1.1,0.9,,1,2.6,1.6,1,0,1,1,1,0,1,1
42,68,3,4,1,1,1,0.7,1.7,1,2.3,1.3,4.4,2.3,0,2.1,1,2,0,4,1,1
42,69,3,3,0,1,1,0,1.2,1.2,1,1.3,4.8,2.5,0,2.3,1,2,0,3,1,1
42,70,3,8,0,1,1,0.6,1.7,1.1,0.5,1.2,6.4,2.1,0,4.3,1,2,0,4,1,1
42,71,3,6,1,1,1,0.7,1.7,1,2.3,1.2,5.1,1.7,0,3.4,1,1,0,4,1,1
42,72,3,4,1,1,1,2.1,1.3,-0.8,2.6,0.8,4,0,1.6,2.4,1,0,1,2,1,1
42,73,4,9,0,1,1,0.5,1.8,1.3,2.5,1,6.7,3.5,0,3.2,1,2,0,5,1,1
42,74,4,2,0,1,1,0.1,0.8,0.7,3.8,1,7.7,5,0,2.7,1,1,0,4,1,1
42,75,4,6,1,1,1,0.3,2.9,2.6,0.5,1.2,5.4,2.5,0,2.9,1,3,0,3,1,1
42,76,4,4,1,1,1,1.4,1.7,0.3,0.4,1.8,13,2,0,11,1,1,0,8,1,1
42,77,4,9,1,1,1,6,1.2,-4.8,3.5,1.3,3.5,0,0,3.5,1,0,0,5,1,1
42,78,4,10,0,1,1,0.4,1.6,1.2,3.8,1.1,9.5,1.8,3.9,3.8,1,1,1,5,1,1
42,79,4,8,1,1,1,0,0.5,0.5,3.6,1.2,7.3,4.2,0,3.1,1,1,0,5,1,1
42,80,4,1,1,1,1,0,0.9,0.9,0.4,1.1,7.5,2.2,0,5.3,1,1,0,7,1,1
42,81,4,5,1,1,1,0.2,0.3,0.1,1.8,0.9,4.4,0.7,0,3.7,1,1,0,2,1,1
42,82,4,11,0,1,1,0.9,0.8,-0.1,6.3,1.2,3.9,0.8,0.8,2.3,1,1,1,3,1,1
42,83,4,5,0,1,1,0,0.7,0.7,2.7,1.1,6.2,1.5,0,4.7,1,2,0,8,1,1
42,84,4,10,0,1,1,0.1,1.1,1,,0.9,1.3,1.3,0,0,1,2,0,0,1,1
42,85,4,6,0,1,0,0.5,1.4,0.9,6.6,0.6,5.7,0.4,0,5.3,1,1,0,4,1,0
42,86,4,4,0,1,1,0.2,0.2,0,0.5,0.8,8.3,0.5,0,7.8,1,1,0,6,1,1
42,87,4,8,0,1,1,0,0.5,0.5,2.2,0.9,4.6,0.8,0,3.8,1,1,0,4,1,1
42,88,4,3,0,1,1,0.4,0.6,0.2,1,1.3,3.8,0.4,0.9,2.5,1,1,2,3,1,1
42,89,4,0,0,1,1,0.3,0.4,0.1,4.8,1.1,5.2,1.4,0,3.8,1,1,0,4,1,1
42,90,4,2,0,1,1,1.7,8.5,6.8,2,0.8,7.7,5.7,0,2,1,5,0,3,1,1
42,91,4,11,1,1,1,0.4,0.9,0.5,2.5,1,5.2,2.1,0,3.1,1,1,0,4,1,1
42,92,4,4,1,1,1,0.4,1.5,1.1,3,1,9.1,3.8,0,5.3,1,2,0,6,1,1
42,93,4,7,1,1,1,0.5,0.9,0.4,0.7,1,12.9,2,0,10.9,1,1,0,4,1,1
42,94,4,8,1,1,1,0.4,1,0.6,1.5,1,6.2,2.4,0,3.8,1,2,0,4,1,1
42,95,4,3,0,1,1,0,0.2,0.2,3.9,1.2,5.9,3,0,2.9,1,2,0,4,1,1
42,96,4,0,1,1,1,0.6,0.5,-0.1,2.9,1.1,8.3,3.4,0,4.9,1,1,0,4,1,1
42,97,5,2,0,0,0,2.2,,,,,,,,,1,,,,0,0
42,98,5,0,0,0,1,0.8,2.2,1.4,3.1,0.9,6.8,1.6,0.4,4.8,1,2,1,3,1,0
42,99,5,9,0,1,1,1.1,2,0.9,1.4,0.8,7.7,1.3,0,6.4,1,2,0,8,1,1
42,100,5,10,0,1,1,0.9,6,5.1,4.3,1.3,5.4,3.4,0.9,1.1,1,4,1,2,1,1
42,101,5,5,1,1,1,0,7.1,7.1,2.6,1.1,3.2,2.4,0,0.8,1,3,0,2,1,1
42,102,5,11,0,0,1,2.4,1.4,-1,0.4,0.6,4.4,0,0,4.4,1,0,0,6,1,1
42,103,5,0,0,1,1,0,0.8,0.8,1.8,1,5.9,1.7,0,4.2,1,1,0,2,1,1
42,104,5,10,1,1,0,2.7,1.5,-1.2,0.4,0.8,1.5,0,0,1.5,1,0,0,2,1,1
42,105,5,9,0,1,0,0.7,1.3,0.6,3.9,0.9,0.9,0.4,0,0.5,1,1,0,1,1,0
42,106,5,10,0,0,0,1,2.3,1.3,1.5,0.6,4.6,0.7,0,3.9,1,1,0,3,1,0
42,107,5,2,0,1,1,0.6,1.7,1.1,2.4,0.7,3.4,1,0,2.4,1,2,0,3,1,1
42,108,5,6,0,1,1,0.9,1.3,0.4,2.2,0.9,8.9,0.4,0,8.5,1,1,0,5,1,1
42,109,5,9,0,1,1,0.9,0.8,-0.1,1.7,2.2,2.5,0.8,0.4,1.3,1,1,1,2,1,1
42,110,5,7,0,0,1,0.4,2,1.6,1.9,1,3.1,0.9,0,2.2,1,2,0,3,1,1
42,111,5,2,1,1,1,1.1,1.9,0.8,0.6,1,4.9,1.3,0,3.6,1,2,0,4,1,1
42,112,5,4,0,1,1,1.3,1.5,0.2,1.4,1,4,0.4,0,3.6,1,1,0,5,1,1
42,113,5,3,0,1,1,0.3,1,0.7,2.7,1.4,4.1,0.5,0.7,2.9,1,1,1,3,1,1
42,114,5,8,0,1,1,1.4,2.9,1.5,4.5,1.8,4.8,1.6,1.1,2.1,1,2,2,3,1,1
42,115,5,2,0,1,0,0.3,2.9,2.6,0.7,1.1,5.9,1.5,0,4.4,1,2,0,4,1,0
42,116,5,7,1,1,1,5.5,1.3,-4.2,3.4,0.8,1.5,0,0,1.5,1,0,0,2,1,1
42,117,5,1,1,1,0,4.4,1.8,-2.6,1.7,0.9,2,0,0,2,1,0,0,3,1,0
42,118,5,11,0,0,1,0,1.3,1.3,0.4,1.1,2.4,1.4,0,1,1,2,0,2,1,1
42,119,5,2,0,1,1,0.3,1.1,0.8,5.4,0.9,2.2,1,0,1.2,1,1,0,2,1,1
42,120,5,3,1,0,0,6.3,,,,,,,,,1,,,,0,0
45,1,1,2,1,0,0,1.6,3,1.4,1.8,1.8,2.2,0.6,0,1.6,1,1,0,2,1,0
45,2,1,7,0,0,0,1.9,,,,,,,,,1,,,,0,0
45,3,1,1,1,0,0,10.7,1.1,-9.6,7.3,2.3,0.8,0,0,0.8,1,0,0,2,1,0
45,4,1,3,0,0,0,0.8,4.9,4.1,0.4,2.2,3.2,1,0,2.2,1,1,0,2,1,0
45,5,1,6,0,1,1,0,5.8,5.8,5.2,1.8,5.7,3.9,1.3,0.5,1,4,1,1,1,1
45,6,1,5,0,1,1,1.2,1.2,0,0.3,2.1,9.8,2.3,0,7.5,1,1,0,3,1,1
45,7,1,2,0,1,1,0.5,0.3,-0.2,0.4,1.5,11.1,1.6,0,9.5,1,1,0,3,1,1
45,8,1,9,0,1,1,1.8,13.2,11.4,,1.6,6.4,6.4,0,0,1,5,0,0,1,1
45,9,1,4,0,1,1,0.8,13.3,12.5,,1.5,4.8,4.8,0,0,1,6,0,0,1,1
45,10,1,7,0,0,0,1.2,14.2,13,,1.8,1.2,1.2,0,0,1,2,0,0,1,0
45,11,1,11,0,0,1,0,,,,,,,,,1,,,,0,0
45,12,1,8,0,0,0,,,,,,,,,,1,,,,0,0
45,13,1,6,0,1,1,,,,,2.3,6,0,0,6,1,0,0,6,1,1
45,14,1,8,0,0,1,0,,,,,,,,,1,,,,0,0
45,15,1,4,0,0,1,0.1,0.4,0.3,0.6,1.7,4.9,0.4,0,4.5,1,1,0,5,1,0
45,16,1,5,0,1,1,0.4,1.3,0.9,7.5,2.5,3.4,2.2,0.7,0.5,1,1,1,1,1,1
45,17,1,2,0,0,1,0.9,0.7,-0.2,1,2,4.2,0.5,0,3.7,1,1,0,3,1,1
45,18,1,7,1,0,0,,0,,,1.5,,,,,1,,,,1,0
45,19,1,0,0,0,0,13.4,0.2,-13.2,12.6,0.6,0.7,0,0,0.7,1,0,0,1,1,0
45,20,1,10,1,0,1,0.1,0.5,0.4,1.3,0.4,1.9,0.5,0,1.4,1,1,0,2,1,0
45,21,1,3,1,0,0,2.1,7.6,5.5,1,1.5,2.4,1.7,0,0.7,1,4,0,1,1,0
45,22,1,5,0,0,0,0,,,,,,,,,1,,,,0,0
45,23,1,8,1,0,0,,2.9,,,1.7,,,,,1,,,,1,0
45,24,1,9,1,0,0,0,,,,,,,,,1,,,,0,0
45,25,2,10,0,1,1,,,,,1.4,0.5,0,0,0.5,1,0,0,1,1,1
45,26,2,11,0,1,1,3,4.5,1.5,0.4,1.7,4.9,3.4,0,1.5,1,2,0,3,1,1
45,27,2,6,0,0,0,3.8,14.4,10.6,,1.7,3.7,3.7,0,0,1,4,0,0,1,0
45,28,2,3,1,0,0,,,,,,,,,,1,,,,0,0
45,29,2,11,0,0,1,0.4,0.6,0.2,1.6,1.9,9.8,1.1,1.4,7.3,1,1,1,5,1,0
45,30,2,4,0,1,0,8,13.6,5.6,,1.4,2.6,2.6,0,0,1,2,0,0,1,1
45,31,2,1,0,1,1,0,13.6,13.6,,1.8,8.9,8.9,0,0,1,5,0,0,1,1
45,32,2,9,0,1,1,3.3,13.9,10.6,,1.9,7.2,7.2,0,0,1,6,0,0,1,1
45,33,2,3,0,0,0,3.4,,,,,,,,,1,,,,0,0
45,34,2,11,0,0,1,1,2.7,1.7,0.9,1.3,5.8,1.1,0.5,4.2,1,2,1,4,1,0
45,35,2,10,0,0,1,0,,,,,,,,,1,,,,0,0
45,36,2,0,0,0,0,,,,,,,,,,1,,,,0,0
45,37,2,10,0,1,1,,,,,1.3,5.9,0,0,5.9,1,0,0,5,1,1
45,38,2,2,0,0,1,0.5,,,,,,,,,1,,,,0,0
45,39,2,3,0,1,1,2.3,0.4,-1.9,0.9,1,3.8,0,0,3.8,1,0,0,4,1,1
45,40,2,8,0,0,1,0,14.2,14.2,,0.7,3.4,3.4,0,0,1,3,0,0,1,0
45,41,2,0,0,0,1,0.4,1.1,0.7,2.7,0.4,1.6,0.4,0,1.2,1,1,0,2,1,0
45,42,2,3,1,0,0,0.9,,,,,,,,,1,,,,0,0
45,43,2,8,1,0,0,3,,,,,,,,,1,,,,0,0
45,44,2,6,1,0,0,,,,,,,,,,1,,,,0,0
45,45,2,7,1,1,0,10.5,1.2,-9.3,8.4,0.9,1.2,0,0,1.2,1,0,0,1,1,1
45,46,2,0,1,1,0,0.1,1,0.9,0.9,0.6,2.1,0.5,0,1.6,1,1,0,2,1,1
45,47,2,9,1,0,1,0.6,1.9,1.3,4.2,2,3.2,1.3,0,1.9,1,2,0,2,1,1
45,48,2,3,1,0,0,0,,,,,,,,,1,,,,0,0
45,49,3,0,0,1,1,,,,,1.5,6,0,0,6,1,0,0,5,1,1
45,50,3,9,0,0,0,3.1,0,-3.1,2.3,0.8,5.7,0,0,5.7,1,0,0,3,1,0
45,51,3,11,1,0,0,1.1,,,,,,,,,1,,,,0,0
45,52,3,0,1,0,0,2.6,,,,,,,,,1,,,,0,0
45,53,3,3,1,0,1,0,0,0,3.3,1.5,1,0.5,0,0.5,1,1,0,1,1,0
45,54,3,1,0,1,1,1.8,13.6,11.8,,1.3,5.1,5.1,0,0,1,5,0,0,1,1
45,55,3,0,1,0,0,0.8,,,,,,,,,1,,,,0,0
45,56,3,3,0,1,1,2.4,4.2,1.8,0.4,2.6,4.6,3.3,0,1.3,1,2,0,2,1,1
45,57,3,11,0,0,0,0.3,,,,,,,,,1,,,,0,0
45,58,3,1,0,1,1,0.7,6.1,5.4,1.7,2.1,11.1,8.4,0,2.7,1,2,0,2,1,1
45,59,3,7,0,0,0,1.1,0,-1.1,0.4,0.7,9.2,0,0,9.2,1,0,0,5,1,0
45,60,3,10,0,0,0,6.9,,,,,,,,,1,,,,0,0
45,61,3,0,0,1,1,,,,,1.1,8.9,0,0,8.9,1,0,0,5,1,1
45,62,3,10,0,0,1,0.9,1,0.1,7.5,2,5.2,0.6,0,4.6,1,1,0,1,1,1
45,63,3,6,1,1,1,11,0.9,-10.1,7.5,2.6,1.9,0,0,1.9,1,0,0,1,1,1
45,64,3,7,1,0,1,3.2,13.8,10.6,,1.7,3.3,3.3,0,0,1,5,0,0,1,0
45,65,3,0,1,1,1,2.2,13.6,11.4,,1.2,4.2,4.2,0,0,1,4,0,0,1,1
45,66,3,2,0,0,0,2,13.9,11.9,,1.7,4.1,4.1,0,0,1,2,0,0,1,0
45,67,3,3,1,0,1,0.9,,,,,,,,,1,,,,0,0
45,68,3,4,1,0,0,1.6,0,-1.6,1,0.6,1.6,0,0,1.6,1,0,0,3,1,0
45,69,3,3,0,1,1,0,0,0,0.7,0.7,5.7,1.2,0,4.5,1,1,0,5,1,1
45,70,3,8,0,0,1,0.1,1.7,1.6,2.3,0.5,7.5,1.6,0,5.9,1,2,0,2,1,0
45,71,3,6,1,1,0,2.1,0.1,-2,0.4,1.6,1.5,0,0,1.5,1,0,0,2,1,1
45,72,3,4,1,0,0,,,,,,,,,,1,,,,0,0
45,73,4,9,0,1,1,,,,,1.3,7.7,0,0,7.7,1,0,0,9,1,1
45,74,4,2,0,0,0,0,,,,,,,,,1,,,,0,0
45,75,4,6,1,0,0,0,,,,,,,,,1,,,,0,0
45,76,4,4,1,0,0,1,13.7,12.7,,1.3,7.5,7.5,0,0,1,4,0,0,1,0
45,77,4,9,1,0,1,0.1,,,,,,,,,1,,,,0,0
45,78,4,10,0,0,0,0.1,,,,,,,,,1,,,,0,0
45,79,4,8,1,0,0,2,,,,,,,,,1,,,,0,0
45,80,4,1,1,0,1,2.9,13.9,11,,1.3,2.9,2.4,0.5,0,1,4,1,0,1,0
45,81,4,5,1,0,0,10.9,,,,,,,,,1,,,,0,0
45,82,4,11,0,1,1,2.1,2.9,0.8,1.5,1.7,9.9,3,0,6.9,1,1,0,3,1,1
45,83,4,5,0,0,0,1.6,,,,,,,,,1,,,,0,0
45,84,4,10,0,0,0,6.9,,,,,,,,,1,,,,0,0
45,85,4,6,0,1,1,,,,,1.5,13.3,0,0,13.3,1,0,0,6,1,1
45,86,4,4,0,1,1,3.6,13.1,9.5,,1.5,9.9,9.9,0,0,1,4,0,0,1,1
45,87,4,8,0,1,1,1,13.3,12.3,,0.5,7.9,7.9,0,0,1,5,0,0,1,1
45,88,4,3,0,0,0,2.9,,,,,,,,,1,,,,0,0
45,89,4,0,0,1,1,0.8,8.4,7.6,1.5,1.2,9.8,8.5,0,1.3,1,4,0,1,1,1
45,90,4,2,0,0,0,0.1,14.2,14.1,,1.8,4.8,4.8,0,0,1,5,0,0,1,0
45,91,4,11,1,1,1,0.3,14,13.7,,2.1,8.8,8.8,0,0,1,4,0,0,1,1
45,92,4,4,1,0,0,3.1,,,,,,,,,1,,,,0,0
45,93,4,7,1,1,1,1,1.2,0.2,2.5,0.6,6.9,3.1,0,3.8,1,1,0,4,1,1
45,94,4,8,1,1,1,0.8,13.2,12.4,,1.2,6,6,0,0,1,3,0,0,1,1
45,95,4,3,0,0,0,1.7,,,,,,,,,1,,,,0,0
45,96,4,0,1,0,0,0.9,,,,,,,,,1,,,,0,0
45,97,5,2,0,1,1,,,,,0.4,9.2,0,0,9.2,1,0,0,8,1,1
45,98,5,0,0,1,1,0,3.3,3.3,1.5,2.4,7.4,4.3,0,3.1,1,4,0,4,1,1
45,99,5,9,0,0,1,0.5,1.7,1.2,1.4,1.3,4.5,1,0,3.5,1,2,0,5,1,1
45,100,5,10,0,0,0,0,,,,,,,,,1,,,,0,0
45,101,5,5,1,0,0,0,,,,,,,,,1,,,,0,0
45,102,5,11,0,1,1,1.8,1.6,-0.2,3.6,1.3,3.9,1.7,0,2.2,1,1,0,4,1,1
45,103,5,0,0,0,0,0,1.9,1.9,1.5,0.7,7.8,0.5,0,7.3,1,1,0,5,1,0
45,104,5,10,1,0,0,0.3,2.1,1.8,,2,0.4,0.4,0,0,1,1,0,0,1,0
45,105,5,9,0,0,1,1.1,0.7,-0.4,1.2,1,9.1,0,0.7,8.4,1,0,1,6,1,0
45,106,5,10,0,0,1,0,,,,,,,,,1,,,,0,0
45,107,5,2,0,1,1,0.8,2.5,1.7,1.8,1.1,8,3.3,0,4.7,1,2,0,4,1,1
45,108,5,6,0,0,0,1.5,,,,,,,,,1,,,,0,0
45,109,5,9,0,1,1,,,,,1,5.3,0,0.4,4.9,1,0,1,3,1,1
45,110,5,7,0,0,1,0.1,0.2,0.1,6.7,0.5,2.9,0.6,0,2.3,1,1,0,2,1,1
45,111,5,2,1,0,0,6,1.3,-4.7,3.6,1.1,1.8,0,0,1.8,1,0,0,2,1,0
45,112,5,4,0,0,1,0,,,,,,,,,1,,,,0,0
45,113,5,3,0,1,1,0,0.2,0.2,1,0.8,8.6,0.4,0,8.2,1,1,0,5,1,1
45,114,5,8,0,1,1,1.7,3.3,1.6,3.9,1.4,7.7,4.6,0,3.1,1,2,0,3,1,1
45,115,5,2,0,0,1,0.2,0.4,0.2,7.9,0.4,5.1,0.4,0,4.7,1,1,0,2,1,0
45,116,5,7,1,1,1,0.8,3,2.2,1.1,0.6,6.9,3.6,0,3.3,1,1,0,3,1,1
45,117,5,1,1,0,1,0.7,1,0.3,3.8,1.7,2.9,0.6,0,2.3,1,1,0,3,1,0
45,118,5,11,0,0,1,1.5,1.6,0.1,1.4,1.2,2.9,0.4,0,2.5,1,1,0,3,1,0
45,119,5,2,0,0,0,0,,,,,,,,,1,,,,0,0
45,120,5,3,1,0,0,6.6,,,,,,,,,1,,,,0,0
46,1,1,2,1,1,0,,,,,1.5,0.4,0,0,0.4,1,0,0,1,1,0
46,2,1,7,0,0,1,4.7,2.2,-2.5,1.5,1,3.7,0,0,3.7,1,0,0,5,1,1
46,3,1,1,1,0,0,3.8,13.1,9.3,,1.1,1.1,1.1,0,0,1,2,0,0,1,0
46,4,1,3,0,0,0,0,,,,,,,,,1,,,,0,0
46,5,1,6,0,1,1,1.2,1.4,0.2,2.4,0.6,5.1,1,0,4.1,1,1,0,3,1,1
46,6,1,5,0,1,1,0.6,12.4,11.8,,0.7,8.3,8.3,0,0,1,11,0,0,1,1
46,7,1,2,0,1,1,0.4,13.4,13,,0.9,6.4,6.4,0,0,1,3,0,0,1,1
46,8,1,9,0,0,1,0,12.4,12.4,,0.7,4.5,4.5,0,0,1,7,0,0,1,0
46,9,1,4,0,0,1,0.4,13,12.6,,0.5,4.7,4.7,0,0,1,5,0,0,1,0
46,10,1,7,0,0,0,10.3,12.4,2.1,,0.9,1,1,0,0,1,1,0,0,1,0
46,11,1,11,0,0,0,,,,,,,,,,1,,,,0,0
46,12,1,8,0,0,0,,,,,,,,,,1,,,,0,0
46,13,1,6,0,1,1,,,,,0.8,6.9,0,0,6.9,1,0,0,7,1,1
46,14,1,8,0,0,1,0,13.8,13.8,,0.6,6.5,6.5,0,0,1,7,0,0,1,0
46,15,1,4,0,0,1,0,12.2,12.2,,0.6,5,5,0,0,1,6,0,0,1,0
46,16,1,5,0,0,0,0.8,,,,,,,,,1,,,,0,0
46,17,1,2,0,0,1,2,0,-2,1.4,0.6,1.9,0,0,1.9,1,0,0,3,1,0
46,18,1,7,1,0,0,5.9,,,,,,,,,1,,,,0,0
46,19,1,0,0,0,1,2.6,2.2,-0.4,7.5,0.6,1.7,0,0.5,1.2,1,0,1,1,1,0
46,20,1,10,1,0,0,0.8,,,,,,,,,1,,,,0,0
46,21,1,3,1,0,1,11.5,13.3,1.8,,0.7,1.2,1.2,0,0,1,2,0,0,1,1
46,22,1,5,0,0,0,4.2,,,,,,,,,1,,,,0,0
46,23,1,8,1,0,0,,0.1,,,0.4,,,,,1,,,,1,0
46,24,1,9,1,0,0,5.2,,,,,,,,,1,,,,0,0
46,25,2,10,0,0,1,,,,,0.6,2.1,0,0,2.1,1,0,0,1,1,0
46,26,2,11,0,1,0,3.9,1.4,-2.5,1.8,0.7,2.3,0,0,2.3,1,0,0,4,1,1
46,27,2,6,0,1,1,0.1,12.6,12.5,0.9,0.7,6.3,5.6,0,0.7,1,6,0,1,1,1
46,28,2,3,1,0,0,,12.2,,,0.6,,,,,1,,,,1,0
46,29,2,11,0,1,1,0.1,13.4,13.3,,0.8,6.5,6.5,0,0,1,6,0,0,1,1
46,30,2,4,0,1,1,0.8,11.3,10.5,,0.7,3.8,3.8,0,0,1,5,0,0,1,1
46,31,2,1,0,1,1,0.3,11.9,11.6,0.4,0.6,8.3,7.9,0,0.4,1,6,0,1,1,1
46,32,2,9,0,1,1,0.1,11.8,11.7,,0.6,8.9,8.9,0,0,1,6,0,0,1,1
46,33,2,3,0,1,1,0.3,13.5,13.2,,0.5,4.6,4.6,0,0,1,5,0,0,1,1
46,34,2,11,0,1,1,1.4,13.7,12.3,,0.6,8.3,8.3,0,0,1,7,0,0,1,1
46,35,2,10,0,0,0,3.8,,,,,,,,,1,,,,0,0
46,36,2,0,0,0,0,,,,,,,,,,1,,,,0,0
46,37,2,10,0,1,1,,,,,0.6,4.6,0,0,4.6,1,0,0,6,1,1
46,38,2,2,0,1,1,0,11.5,11.5,,0.7,3.9,3.9,0,0,1,4,0,0,1,1
46,39,2,3,0,1,1,4.7,12.7,8,,0.9,4.2,4.2,0,0,1,4,0,0,1,1
46,40,2,8,0,0,0,3.8,12.4,8.6,,0.6,2.1,2.1,0,0,1,2,0,0,1,0
46,41,2,0,0,0,1,0.4,11.8,11.4,,0.6,3.1,3.1,0,0,1,5,0,0,1,1
46,42,2,3,1,0,1,11.1,12.7,1.6,,0.5,1.5,1.5,0,0,1,1,0,0,1,1
46,43,2,8,1,0,1,2.9,11.5,8.6,,0.6,1.2,1.2,0,0,1,2,0,0,1,1
46,44,2,6,1,0,1,12.3,12.6,0.3,,0.8,0.5,0.5,0,0,1,1,0,0,1,1
46,45,2,7,1,0,1,4.2,12.1,7.9,,0.6,3.1,2.5,0.6,0,1,2,1,0,1,0
46,46,2,0,1,0,1,2.1,12,9.9,,0.7,3.5,3.5,0,0,1,6,0,0,1,0
46,47,2,9,1,0,0,0,,,,,,,,,1,,,,0,0
46,48,2,3,1,0,0,0,,,,,,,,,1,,,,0,0
46,49,3,0,0,0,0,,,,,0.4,6.8,0,0,6.8,1,0,0,6,1,0
46,50,3,9,0,0,0,1.4,,,,,,,,,1,,,,0,0
46,51,3,11,1,0,0,10.1,,,,,,,,,1,,,,0,0
46,52,3,0,1,0,0,0.3,11.8,11.5,,0.6,3,3,0,0,1,2,0,0,1,0
46,53,3,3,1,0,0,1,,,,,,,,,1,,,,0,0
46,54,3,1,0,1,1,2.7,11.8,9.1,,0.5,7.1,7.1,0,0,1,3,0,0,1,1
46,55,3,0,1,0,0,2.3,12.8,10.5,,0.7,3.9,3.9,0,0,1,6,0,0,1,0
46,56,3,3,0,0,0,0,,,,,,,,,1,,,,0,0
46,57,3,11,0,0,0,0.4,,,,,,,,,1,,,,0,0
46,58,3,1,0,0,0,0.7,,,,,,,,,1,,,,0,0
46,59,3,7,0,0,0,0.2,,,,,,,,,1,,,,0,0
46,60,3,10,0,0,0,,,,,,,,,,1,,,,0,0
46,61,3,0,0,0,1,,,,,0.7,7.1,0,0,7.1,1,0,0,6,1,1
46,62,3,10,0,0,0,2.3,,,,,,,,,1,,,,0,0
46,63,3,6,1,0,0,1.8,,,,,,,,,1,,,,0,0
46,64,3,7,1,0,0,0.1,12.5,12.4,,0.7,3.3,2.2,1.1,0,1,3,1,0,1,0
46,65,3,0,1,1,1,1.7,11.6,9.9,,0.7,4.8,4.8,0,0,1,6,0,0,1,1
46,66,3,2,0,0,0,0.6,11.9,11.3,,0.5,4.3,4.3,0,0,1,7,0,0,1,0
46,67,3,3,1,0,0,0,,,,,,,,,1,,,,0,0
46,68,3,4,1,0,0,0.7,12,11.3,0.4,0.6,4,3.6,0,0.4,1,4,0,1,1,0
46,69,3,3,0,0,0,0.4,,,,,,,,,1,,,,0,0
46,70,3,8,0,0,1,1,11.6,10.6,1,0.7,5.7,3.7,0.6,1.4,1,4,1,1,1,0
46,71,3,6,1,0,0,,,,,,,,,,1,,,,0,0
46,72,3,4,1,0,0,4.3,,,,,,,,,1,,,,0,0
46,73,4,9,0,0,0,0.2,12.3,12.1,0.8,0.7,7.5,6.1,0,1.4,1,3,0,1,1,0
46,74,4,2,0,0,0,2.5,14,11.5,,0.7,5.8,5.8,0,0,1,3,0,0,1,0
46,75,4,6,1,1,1,0,11.8,11.8,0.8,0.7,7.4,6.7,0,0.7,1,5,0,1,1,1
46,76,4,4,1,0,1,0.8,12.4,11.6,0.8,0.9,7.1,5.3,0,1.8,1,5,0,1,1,0
46,77,4,9,1,1,1,3.4,11.5,8.1,,0.7,7.8,7.8,0,0,1,4,0,0,1,1
46,78,4,10,0,0,0,0.1,11.5,11.4,1.5,0.7,2.5,1.8,0,0.7,1,3,0,1,1,0
46,79,4,8,1,1,1,1.2,12.6,11.4,0.4,0.7,4.4,3.6,0,0.8,1,4,0,1,1,1
46,80,4,1,1,0,0,1.7,11,9.3,0.8,0.5,3.1,2.6,0,0.5,1,3,0,1,1,0
46,81,4,5,1,0,0,2.9,11.3,8.4,,0.4,0.4,0.4,0,0,1,1,0,0,1,0
46,82,4,11,0,1,1,1.2,12.1,10.9,1.2,1,8.2,7.4,0.4,0.4,1,7,1,1,1,1
46,83,4,5,0,0,0,0.9,,,,,,,,,1,,,,0,0
46,84,4,10,0,0,0,,,,,,,,,,1,,,,0,0
46,85,4,6,0,1,1,,,,,0.7,7.7,0,0,7.7,1,0,0,9,1,1
46,86,4,4,0,0,1,0,11.1,11.1,,0.8,3.8,3.8,0,0,1,6,0,0,1,1
46,87,4,8,0,0,0,0,11.4,11.4,0.8,0.9,6.4,5.7,0,0.7,1,4,0,1,1,0
46,88,4,3,0,0,0,0.8,,,,,,,,,1,,,,0,0
46,89,4,0,0,1,1,0.3,2.5,2.2,0.5,0.8,6.7,2.6,0,4.1,1,2,0,4,1,1
46,90,4,2,0,1,1,0.9,12.8,11.9,,1,7.9,7,0.9,0,1,6,1,0,1,1
46,91,4,11,1,1,1,0,11.3,11.3,,0.9,6.7,6.3,0.4,0,1,6,1,0,1,1
46,92,4,4,1,1,1,0,11.5,11.5,,0.7,8.7,8.7,0,0,1,9,0,0,1,1
46,93,4,7,1,0,1,1.2,11,9.8,0.5,0.7,9,5.8,0.6,2.6,1,2,1,2,1,1
46,94,4,8,1,1,1,1,11.1,10.1,0.3,0.8,8.7,6.9,0,1.8,1,7,0,2,1,1
46,95,4,3,0,0,0,2.1,,,,,,,,,1,,,,0,0
46,96,4,0,1,0,0,3.3,,,,,,,,,1,,,,0,0
46,97,5,2,0,1,0,0.4,11.8,11.4,,0.5,3.8,3.8,0,0,1,5,0,0,1,1
46,98,5,0,0,0,1,0,12.3,12.3,0.6,0.8,6,5.4,0,0.6,1,7,0,1,1,0
46,99,5,9,0,0,0,0.7,,,,,,,,,1,,,,0,0
46,100,5,10,0,0,1,4.3,0.7,-3.6,2.8,0.8,2.4,0,0,2.4,1,0,0,3,1,1
46,101,5,5,1,0,1,3.8,11.2,7.4,1.7,0.7,3.2,1.9,0.6,0.7,1,3,1,1,1,1
46,102,5,11,0,0,1,0.2,13.2,13,,0.7,4.7,3.8,0.9,0,1,6,1,0,1,1
46,103,5,0,0,1,0,1.2,11.2,10,,0.9,5.1,5.1,0,0,1,6,0,0,1,1
46,104,5,10,1,0,0,0.6,,,,,,,,,1,,,,0,0
46,105,5,9,0,0,1,0.8,11.7,10.9,1.9,0.8,7.1,6.5,0,0.6,1,4,0,1,1,0
46,106,5,10,0,0,0,1.4,,,,,,,,,1,,,,0,0
46,107,5,2,0,0,0,3.9,,,,,,,,,1,,,,0,0
46,108,5,6,0,0,0,1,,,,,,,,,1,,,,0,0
46,109,5,9,0,1,1,,,,,0.8,1.6,0,0,1.6,1,0,0,3,1,1
46,110,5,7,0,0,0,0.1,,,,,,,,,1,,,,0,0
46,111,5,2,1,0,0,2.7,11.7,9,,0.7,4.6,4.6,0,0,1,4,0,0,1,0
46,112,5,4,0,1,1,1.7,13.1,11.4,,0.9,9,9,0,0,1,8,0,0,1,1
46,113,5,3,0,0,0,0.6,11.9,11.3,0.9,0.8,2.3,1.6,0,0.7,1,3,0,1,1,0
46,114,5,8,0,0,0,3,12.1,9.1,,0.6,3.6,3.6,0,0,1,5,0,0,1,0
46,115,5,2,0,0,1,1.1,11.4,10.3,,0.9,5.7,5.1,0.6,0,1,5,1,0,1,0
46,116,5,7,1,0,0,0,12,12,,0.8,2.7,2.7,0,0,1,1,0,0,1,0
46,117,5,1,1,0,0,0.5,11.4,10.9,,0.7,2.7,2.7,0,0,1,4,0,0,1,0
46,118,5,11,0,0,0,0.2,12.8,12.6,,0.6,6.4,6.4,0,0,1,4,0,0,1,0
46,119,5,2,0,0,0,1.8,,,,,,,,,1,,,,0,0
46,120,5,3,1,0,0,0.7,,,,,,,,,1,,,,0,0
50,1,1,2,1,1,1,,,,,0.5,1.7,0,0,1.7,1,0,0,3,1,1
50,2,1,7,0,0,1,0,10.6,10.6,,2.6,8.4,7.5,0.9,0,1,3,1,0,1,1
50,3,1,1,1,0,0,13.6,10.3,-3.3,0.4,2.9,1.3,0,0,1.3,1,0,0,1,1,0
50,4,1,3,0,0,0,0.6,10.8,10.2,,2.1,5.3,5.3,0,0,1,5,0,0,1,0
50,5,1,6,0,1,1,0,13.3,13.3,,2.5,4.9,4.9,0,0,1,6,0,0,1,1
50,6,1,5,0,0,1,0.9,11.1,10.2,,2,8.3,6.8,1.5,0,1,5,1,0,1,1
50,7,1,2,0,0,0,0,11.1,11.1,,2.6,6.9,6.9,0,0,1,5,0,0,1,0
50,8,1,9,0,0,1,0,10.5,10.5,,2.3,7.3,6.9,0.4,0,1,4,1,0,1,1
50,9,1,4,0,1,0,0.3,10.3,10,,2.1,3.2,3.2,0,0,1,4,0,0,1,0
50,10,1,7,0,1,1,8.8,10.4,1.6,,2.3,1.4,0.8,0.6,0,1,1,1,0,1,1
50,11,1,11,0,1,1,8.7,10.4,1.7,,1.7,1.2,0.5,0.7,0,1,1,1,0,1,1
50,12,1,8,0,0,0,,,,,,,,,,1,,,,0,0
50,13,1,6,0,1,1,,,,,2.5,3.6,0,0,3.6,1,0,0,6,1,1
50,14,1,8,0,0,1,0,11.1,11.1,,2.3,7.7,7.7,0,0,1,8,0,0,1,1
50,15,1,4,0,1,0,0,13.6,13.6,,2.9,6.4,6.4,0,0,1,6,0,0,1,0
50,16,1,5,0,0,0,10.9,12.9,2,,2.6,1.2,1.2,0,0,1,2,0,0,1,0
50,17,1,2,0,0,1,1.6,10.8,9.2,,1.8,5.1,3.9,1.2,0,1,5,1,0,1,1
50,18,1,7,1,0,0,6.3,10.1,3.8,,2.1,0.8,0.8,0,0,1,1,0,0,1,0
50,19,1,0,0,0,0,0,12.3,12.3,,2,2.5,2.5,0,0,1,4,0,0,1,0
50,20,1,10,1,0,0,0.7,11,10.3,,2.1,1.4,1.4,0,0,1,2,0,0,1,0
50,21,1,3,1,0,0,10,,,,,,,,,1,,,,0,0
50,22,1,5,0,0,1,1.6,11,9.4,,2.2,3,2.6,0.4,0,1,3,1,0,1,1
50,23,1,8,1,0,0,,10.7,,,2.4,,,,,1,,,,1,0
50,24,1,9,1,0,0,0.2,,,,,,,,,1,,,,0,0
50,25,2,10,0,1,1,,,,,2.3,2,0,0,2,1,0,0,4,1,1
50,26,2,11,0,0,0,9.2,,,,,,,,,1,,,,0,0
50,27,2,6,0,1,1,0.2,0.3,0.1,0.7,2,7.4,0.9,0.5,6,1,1,1,6,1,1
50,28,2,3,1,0,0,3.3,9.6,6.3,,2.4,1.5,1.5,0,0,1,3,0,0,1,0
50,29,2,11,0,0,1,0.1,9.5,9.4,1,2.2,8.5,6.6,0.9,1,1,5,1,1,1,1
50,30,2,4,0,1,1,0,9.5,9.5,,1.5,7.6,7.2,0.4,0,1,5,1,0,1,1
50,31,2,1,0,1,1,0,10.4,10.4,1.7,1.9,11.3,10.1,0.7,0.5,1,6,1,1,1,1
50,32,2,9,0,0,1,0.5,9.5,9,1.3,2,8.9,6.5,1.1,1.3,1,4,1,1,1,1
50,33,2,3,0,1,1,0.6,9.6,9,0.4,1.8,6.9,5.1,0.5,1.3,1,3,1,3,1,1
50,34,2,11,0,1,0,0,10.3,10.3,,2.2,4.9,4.9,0,0,1,5,0,0,1,0
50,35,2,10,0,1,1,9.1,11,1.9,,1.8,1.2,1.2,0,0,1,2,0,0,1,1
50,36,2,0,0,0,0,4.6,,,,,,,,,1,,,,0,0
50,37,2,10,0,1,1,,,,,3.3,6.6,0,0,6.6,1,0,0,7,1,1
50,38,2,2,0,1,1,0,9.5,9.5,,2,3.9,3.9,0,0,1,7,0,0,1,1
50,39,2,3,0,0,0,0,9.7,9.7,,1,4.8,4.8,0,0,1,6,0,0,1,0
50,40,2,8,0,1,1,7.6,9.9,2.3,,1.9,0.8,0.8,0,0,1,2,0,0,1,1
50,41,2,0,0,0,0,0,10.1,10.1,,1.2,5,5,0,0,1,6,0,0,1,0
50,42,2,3,1,1,1,0,11.2,11.2,,3.9,4.3,4.3,0,0,1,4,0,0,1,1
50,43,2,8,1,0,1,1.2,11.3,10.1,,2.1,2.8,2.8,0,0,1,3,0,0,1,1
50,44,2,6,1,0,1,8.7,9.8,1.1,,1.6,1,0.5,0.5,0,1,1,1,0,1,1
50,45,2,7,1,0,1,9.2,10.7,1.5,,2.3,2.2,2.2,0,0,1,1,0,0,1,1
50,46,2,0,1,1,0,0.2,10.1,9.9,,1.8,1.3,1.3,0,0,1,2,0,0,1,1
50,47,2,9,1,0,1,0.1,11.1,11,1.5,0.5,0.8,0.4,0,0.4,1,1,0,1,1,1
50,48,2,3,1,0,0,,,,,,,,,,1,,,,0,0
50,49,3,0,0,1,1,,,,,1.1,8.4,0,0,8.4,1,0,0,7,1,1
50,50,3,9,0,0,0,0.2,,,,,,,,,1,,,,0,0
50,51,3,11,1,1,1,1.8,9.5,7.7,,1.5,2,0.7,1.3,0,1,1,1,0,1,1
50,52,3,0,1,0,1,3,9.7,6.7,,2.6,2.7,1.5,1.2,0,1,2,1,0,1,0
50,53,3,3,1,1,0,5.1,9.7,4.6,,0.6,0.5,0.5,0,0,1,1,0,0,1,1
50,54,3,1,0,1,1,0.4,9.8,9.4,,2,12.1,9.6,2.5,0,1,4,1,0,1,1
50,55,3,0,1,0,1,0,9.1,9.1,,1.3,3.8,2.7,1.1,0,1,4,1,0,1,1
50,56,3,3,0,1,1,0,12.2,12.2,,1.8,10.5,9.6,0.9,0,1,5,1,0,1,1
50,57,3,11,0,0,1,0.1,9.6,9.5,,2.5,13.4,13.4,0,0,1,5,0,0,1,1
50,58,3,1,0,0,0,0,,,,,,,,,1,,,,0,0
50,59,3,7,0,0,1,2,0.9,-1.1,0.9,3,6.8,0,2.3,4.5,1,0,2,4,1,1
50,60,3,10,0,0,0,1.4,,,,,,,,,1,,,,0,0
50,61,3,0,0,1,1,,,,,2.3,11.6,0,0,11.6,1,0,0,5,1,1
50,62,3,10,0,0,0,2.5,,,,,,,,,1,,,,0,0
50,63,3,6,1,1,1,1,0,-1,10.3,0.8,1.4,0,0.6,0.8,1,0,1,1,1,1
50,64,3,7,1,1,0,4.5,0,-4.5,4,0.5,1.5,0,0,1.5,1,0,0,3,1,1
50,65,3,0,1,0,0,0.8,13.3,12.5,,2.4,3.2,3.2,0,0,1,3,0,0,1,0
50,66,3,2,0,0,1,0,10.1,10.1,,2.2,8.3,7.8,0.5,0,1,10,1,0,1,1
50,67,3,3,1,1,1,9.9,10.2,0.3,,0.5,0.8,0.8,0,0,1,1,0,0,1,1
50,68,3,4,1,0,0,,9.9,,,1.3,,,,,1,,,,1,0
50,69,3,3,0,1,1,0,10.4,10.4,,1.3,10.1,9.3,0.8,0,1,3,1,0,1,1
50,70,3,8,0,1,1,0.8,13.1,12.3,,1.4,8.3,8.3,0,0,1,5,0,0,1,1
50,71,3,6,1,0,0,1.2,10.1,8.9,,1,1.4,1.4,0,0,1,2,0,0,1,0
50,72,3,4,1,0,0,,,,,,,,,,1,,,,0,0
50,73,4,9,0,1,1,,,,,1.6,11.1,0,0,11.1,1,0,0,10,1,1
50,74,4,2,0,1,1,1.9,10.5,8.6,0.7,1.8,7.2,6.2,0.6,0.4,1,6,1,1,1,1
50,75,4,6,1,0,1,0.8,9.9,9.1,,1.9,2.2,2.2,0,0,1,4,0,0,1,0
50,76,4,4,1,1,1,1.4,10.4,9,2.1,1.8,4.7,3.4,0,1.3,1,4,0,1,1,1
50,77,4,9,1,0,0,3.1,10.5,7.4,,1.6,1.2,1.2,0,0,1,2,0,0,1,0
50,78,4,10,0,1,1,2.4,9.9,7.5,0.8,1.5,8.1,6.6,0.5,1,1,4,1,1,1,1
50,79,4,8,1,0,1,1.8,10.5,8.7,,1.4,4.9,4.4,0.5,0,1,4,1,0,1,0
50,80,4,1,1,0,1,0.8,10.9,10.1,,1.8,2.6,2.6,0,0,1,3,0,0,1,0
50,81,4,5,1,0,0,,9.2,,,1.4,,,,,1,,,,1,0
50,82,4,11,0,1,1,0,13,13,,1,11.5,11.5,0,0,1,3,0,0,1,1
50,83,4,5,0,1,1,0,9.1,9.1,3.7,1.2,12.2,8,0,4.2,1,6,0,1,1,1
50,84,4,10,0,0,0,4,,,,,,,,,1,,,,0,0
50,85,4,6,0,1,1,,,,,1.6,12.4,0,0,12.4,1,0,0,6,1,1
50,86,4,4,0,1,1,0.8,9.2,8.4,0.7,1.4,9.3,8,0.8,0.5,1,4,1,1,1,1
50,87,4,8,0,1,1,0,9.3,9.3,2.7,1,11,8.6,0,2.4,1,5,0,1,1,1
50,88,4,3,0,1,1,1.6,10.1,8.5,,0.6,12.2,12.2,0,0,1,3,0,0,1,1
50,89,4,0,0,0,0,8.6,,,,,,,,,1,,,,0,0
50,90,4,2,0,1,1,2.2,0.7,-1.5,1.1,2,9.2,0,0.9,8.3,1,0,1,8,1,1
50,91,4,11,1,0,1,1.4,14.1,12.7,,1.5,2.9,2.9,0,0,1,4,0,0,1,0
50,92,4,4,1,1,1,9.9,9.7,-0.2,,1.4,0.8,0.8,0,0,1,1,0,0,1,1
50,93,4,7,1,1,1,0.6,9.4,8.8,1.3,1.9,2.6,2.1,0,0.5,1,3,0,1,1,1
50,94,4,8,1,0,0,0.5,9.3,8.8,,0.9,1.9,1.9,0,0,1,2,0,0,1,0
50,95,4,3,0,1,1,0,9.5,9.5,,1.5,8.2,7.2,1,0,1,3,1,0,1,1
50,96,4,0,1,0,0,0.3,,,,,,,,,1,,,,0,0
50,97,5,2,0,1,1,,,,,0.5,11,0,0,11,1,0,0,12,1,1
50,98,5,0,0,0,0,1.8,0.3,-1.5,0.4,1.1,9.7,0,0,9.7,1,0,0,8,1,0
50,99,5,9,0,0,0,5.4,2.4,-3,1.2,1.8,3.9,0,0,3.9,1,0,0,2,1,0
50,100,5,10,0,0,1,3.7,3.4,-0.3,0.5,2.7,3.3,0.4,0,2.9,1,1,0,3,1,1
50,101,5,5,1,0,0,1.6,13.3,11.7,,2.2,2.1,2.1,0,0,1,3,0,0,1,0
50,102,5,11,0,1,1,5.3,9.8,4.5,0.6,2.9,7.1,3.4,1.4,2.3,1,2,3,1,1,1
50,103,5,0,0,0,0,3.6,11.7,8.1,0.8,1.6,5.6,5.2,0,0.4,1,4,0,1,1,0
50,104,5,10,1,0,0,,,,,,,,,,1,,,,0,0
50,105,5,9,0,1,1,0.1,10.6,10.5,1.3,2.4,10.3,9.5,0,0.8,1,5,0,1,1,1
50,106,5,10,0,1,1,1,11.2,10.2,,0.6,9.5,9.5,0,0,1,3,0,0,1,1
50,107,5,2,0,1,1,2.8,13.2,10.4,,2.6,6.6,5.9,0.7,0,1,4,1,0,1,1
50,108,5,6,0,0,1,0.8,,,,,,,,,1,,,,0,1
50,109,5,9,0,1,1,,,,,1.9,4.7,0,0,4.7,1,0,0,4,1,1
50,110,5,7,0,0,0,2.1,,,,,,,,,1,,,,0,0
50,111,5,2,1,1,1,0.4,0,-0.4,5.9,1.4,2,0,1.1,0.9,1,0,2,2,1,1
50,112,5,4,0,1,1,1.1,10.4,9.3,,3.6,7.6,5,2.6,0,1,4,1,0,1,1
50,113,5,3,0,0,0,0,,,,,,,,,1,,,,0,0
50,114,5,8,0,0,1,2.9,0.5,-2.4,3.2,2.8,7.4,0,3.5,3.9,1,0,1,4,1,1
50,115,5,2,0,1,1,3.3,1.2,-2.1,1.9,2.6,4.7,0,0.6,4.1,1,0,1,4,1,1
50,116,5,7,1,1,1,9.8,11.9,2.1,,2.3,1.5,0.6,0.9,0,1,1,1,0,1,1
50,117,5,1,1,0,1,0.1,11.3,11.2,,2.4,1.7,1.7,0,0,1,3,0,0,1,0
50,118,5,11,0,1,1,0,11,11,,2.1,3.5,2.4,1.1,0,1,5,2,0,1,1
50,119,5,2,0,0,1,0,11.4,11.4,,0.7,8,7.5,0.5,0,1,4,1,0,1,0
50,120,5,3,1,0,0,,,,,,,,,,1,,,,0,0
53,1,1,2,1,1,1,,,,,0.9,0.4,0,0,0.4,1,0,0,1,1,1
53,2,1,7,0,0,1,0.5,11.2,10.7,,5.9,6.9,6.9,0,0,1,5,0,0,1,1
53,3,1,1,1,0,1,0,,,,,,,,,1,,,,0,1
53,4,1,3,0,0,1,,,,,7.1,,,,,1,,,,1,1
53,5,1,6,0,1,1,0,10.9,10.9,,8,6.1,6.1,0,0,1,5,0,0,1,1
53,6,1,5,0,1,1,0,10.8,10.8,,7.1,9.9,8.9,1,0,1,6,1,0,1,1
53,7,1,2,0,1,1,0.8,10.4,9.6,,5.9,8,8,0,0,1,6,0,0,1,1
53,8,1,9,0,1,1,0.1,10.1,10,,8,8.9,8.9,0,0,1,6,0,0,1,1
53,9,1,4,0,1,1,0,10.2,10.2,,5.4,5.6,4.1,1.5,0,1,3,1,0,1,1
53,10,1,7,0,1,1,0,10.1,10.1,1.4,1,7.1,6,0,1.1,1,6,0,1,1,1
53,11,1,11,0,1,1,1.7,10.2,8.5,,5.9,2.7,2.1,0.6,0,1,3,1,0,1,1
53,12,1,8,0,0,1,0.1,,,,,,,,,1,,,,0,1
53,13,1,6,0,1,1,,,,,5.8,8.8,0,0,8.8,1,0,0,4,1,1
53,14,1,8,0,1,1,2.1,10.2,8.1,,8.7,8.1,6.9,1.2,0,1,4,1,0,1,1
53,15,1,4,0,1,1,0,10.7,10.7,,6.4,7.6,6.2,1.4,0,1,3,2,0,1,1
53,16,1,5,0,1,1,0,10.8,10.8,,8.1,4.9,4.9,0,0,1,5,0,0,1,1
53,17,1,2,0,0,1,0,10.3,10.3,,8.1,3.5,3.5,0,0,1,4,0,0,1,1
53,18,1,7,1,0,0,,10.5,,,8.5,,,,,1,,,,1,0
53,19,1,0,0,0,1,0,,,,,,,,,1,,,,0,0
53,20,1,10,1,0,1,2.6,0.1,-2.5,6.9,3,2.5,0,0.4,2.1,1,0,1,2,1,1
53,21,1,3,1,0,0,5.7,0.3,-5.4,3,2.4,1.8,0,0,1.8,1,0,0,1,1,0
53,22,1,5,0,0,1,0,11.2,11.2,,3,6.3,6.3,0,0,1,4,0,0,1,1
53,23,1,8,1,0,0,,11,,,5.3,,,,,1,,,,1,0
53,24,1,9,1,0,1,0,,,,,,,,,1,,,,0,0
53,25,2,10,0,1,1,,,,,6.5,3.8,0,0,3.8,1,0,0,5,1,1
53,26,2,11,0,1,1,0,13.3,13.3,,8.7,8.9,8.9,0,0,1,6,0,0,1,1
53,27,2,6,0,0,1,2.2,9.9,7.7,,8.9,4.8,4.8,0,0,1,2,0,0,1,1
53,28,2,3,1,0,0,,10,,,8.9,,,,,1,,,,1,0
53,29,2,11,0,1,1,1.8,10.1,8.3,,8.9,7.4,5.7,1.7,0,1,3,3,0,1,1
53,30,2,4,0,1,1,1.9,10.3,8.4,,8.5,6.3,5,1.3,0,1,5,1,0,1,1
53,31,2,1,0,1,1,2.5,9.8,7.3,,10.5,10.7,7.7,3,0,1,2,1,0,1,1
53,32,2,9,0,1,1,0,9.9,9.9,,7.7,8,6.5,1.5,0,1,4,2,0,1,1
53,33,2,3,0,1,1,0,10.1,10.1,,10.1,10.5,9.7,0.8,0,1,3,1,0,1,1
53,34,2,11,0,1,1,2.3,5.9,3.6,2.6,0.4,4.1,1.5,0,2.6,1,3,0,3,1,1
53,35,2,10,0,1,1,0.4,3.5,3.1,1.3,0.5,4.3,0.5,0,3.8,1,1,0,5,1,1
53,36,2,0,0,0,1,0.5,5,4.5,1.3,0.9,2.5,1.5,0,1,1,2,0,1,1,1
53,37,2,10,0,1,1,,,,,0.8,8.7,0,0,8.7,1,0,0,5,1,1
53,38,2,2,0,1,1,0.4,10.1,9.7,,9.3,4.7,2.9,1.8,0,1,5,2,0,1,1
53,39,2,3,0,1,1,0,10,10,,7.1,5.1,3.8,1.3,0,1,7,2,0,1,1
53,40,2,8,0,1,1,0.3,2.8,2.5,4.6,1.1,6,2.4,0,3.6,1,2,0,4,1,1
53,41,2,0,0,0,1,0,9.7,9.7,,10.2,4.3,4.3,0,0,1,6,0,0,1,1
53,42,2,3,1,1,1,8.7,9.8,1.1,,10.9,1.6,1.1,0.5,0,1,1,1,0,1,1
53,43,2,8,1,0,1,3.1,10.7,7.6,1.4,0.6,1.1,0.7,0,0.4,1,1,0,1,1,1
53,44,2,6,1,0,1,2.5,1.4,-1.1,2.9,4.1,3.1,0,0.8,2.3,1,0,2,3,1,1
53,45,2,7,1,0,0,2.9,5.7,2.8,2.9,0.4,3.2,0.8,0,2.4,1,2,0,4,1,0
53,46,2,0,1,1,1,7.2,9.5,2.3,3.2,0.7,5.5,1.9,1.9,1.7,1,2,1,2,1,1
53,47,2,9,1,1,1,1.6,4.5,2.9,3.4,0.8,3.6,0.7,0,2.9,1,1,0,3,1,1
53,48,2,3,1,0,1,0,,,,,,,,,1,,,,0,1
53,49,3,0,0,1,1,,,,,1.9,13.7,0,0,13.7,1,0,0,10,1,1
53,50,3,9,0,0,0,1.9,,,,,,,,,1,,,,0,0
53,51,3,11,1,1,1,3.5,9.7,6.2,,1.3,1.3,0.4,0.9,0,1,1,1,0,1,1
53,52,3,0,1,0,1,0.5,10.8,10.3,,1.6,3.9,2.6,1.3,0,1,3,1,0,1,0
53,53,3,3,1,0,0,1,,,,,,,,,1,,,,0,0
53,54,3,1,0,0,1,2,10.2,8.2,,3.3,10.2,4.5,5.7,0,1,4,1,0,1,0
53,55,3,0,1,0,0,4.1,10.4,6.3,,3.2,1.7,1.7,0,0,1,2,0,0,1,0
53,56,3,3,0,1,1,0,11.3,11.3,,2.8,10.7,9.9,0.8,0,1,5,1,0,1,1
53,57,3,11,0,1,1,0.3,11.1,10.8,,3.3,16,8,8,0,1,5,1,0,1,1
53,58,3,1,0,1,1,8,11.3,3.3,,3.3,5,5,0,0,1,2,0,0,1,1
53,59,3,7,0,1,1,0.8,11.3,10.5,,3.2,14.9,6.8,8.1,0,1,2,1,0,1,1
53,60,3,10,0,0,0,6.2,,,,,,,,,1,,,,0,0
53,61,3,0,0,1,1,,,,,2.9,2.7,0,0,2.7,1,0,0,1,1,1
53,62,3,10,0,0,0,1.8,,,,,,,,,1,,,,0,0
53,63,3,6,1,0,1,4.8,,,,,,,,,1,,,,0,0
53,64,3,7,1,1,1,0.5,0,-0.5,0.8,2,6.8,0,1.3,5.5,1,0,1,3,1,1
53,65,3,0,1,0,0,5.4,10.9,5.5,,3.5,1.9,1.9,0,0,1,1,0,0,1,0
53,66,3,2,0,0,1,0,10.9,10.9,,3.6,9.2,9.2,0,0,1,2,0,0,1,0
53,67,3,3,1,0,1,9.8,,,,,,,,,1,,,,0,0
53,68,3,4,1,0,1,2,0,-2,1.3,0.7,1.5,0,0,1.5,1,0,0,2,1,1
53,69,3,3,0,0,1,0.6,11.5,10.9,,3.1,6.5,6.5,0,0,1,5,0,0,1,0
53,70,3,8,0,0,1,0.5,13.9,13.4,,1.4,10,10,0,0,1,8,0,0,1,1
53,71,3,6,1,1,1,0.2,10.3,10.1,,4.8,7.7,6.5,1.2,0,1,5,1,0,1,1
53,72,3,4,1,0,1,0.2,,,,,,,,,1,,,,0,1
53,73,4,9,0,1,1,,,,,2.6,5.1,0,0,5.1,1,0,0,1,1,1
53,74,4,2,0,0,1,0.2,10.2,10,,5.2,10.9,8.7,2.2,0,1,5,2,0,1,0
53,75,4,6,1,1,1,1.9,10.9,9,1.1,1.7,4.3,3.3,0.6,0.4,1,4,1,1,1,1
53,76,4,4,1,1,1,0,10.3,10.3,,6.2,10.6,10.6,0,0,1,4,0,0,1,1
53,77,4,9,1,0,1,0,11.3,11.3,,6.1,7.3,7.3,0,0,1,2,0,0,1,1
53,78,4,10,0,0,1,0.3,10,9.7,,6.2,8.7,7.8,0.9,0,1,4,1,0,1,1
53,79,4,8,1,1,1,0,10.6,10.6,,4.5,4.2,4.2,0,0,1,2,0,0,1,1
53,80,4,1,1,1,1,0,1.4,1.4,2.1,0.5,6.3,3.5,0,2.8,1,1,0,3,1,1
53,81,4,5,1,0,1,10.9,10.3,-0.6,,3,0.5,0,0.5,0,1,0,1,0,1,0
53,82,4,11,0,1,1,0,9.9,9.9,,5.2,12.2,12.2,0,0,1,2,0,0,1,1
53,83,4,5,0,1,1,0,10.1,10.1,,4.4,11.3,10.3,1,0,1,2,2,0,1,1
53,84,4,10,0,0,1,0.1,,,,,,,,,1,,,,0,0
53,85,4,6,0,1,1,,,,,4.8,21,0,5.2,15.8,1,0,1,3,1,1
53,86,4,4,0,1,1,8.6,10,1.4,,4.5,3.8,3.8,0,0,1,1,0,0,1,1
53,87,4,8,0,1,1,0,9.8,9.8,,4.1,11.7,9.1,2.6,0,1,4,3,0,1,1
53,88,4,3,0,1,1,1.5,10,8.5,,2.6,12.2,12.2,0,0,1,4,0,0,1,1
53,89,4,0,0,1,1,8.7,13.6,4.9,,8.2,5,5,0,0,1,4,0,0,1,1
53,90,4,2,0,0,1,0.9,10.3,9.4,,3.1,8.8,5.8,3,0,1,6,2,0,1,1
53,91,4,11,1,1,1,0.3,11,10.7,,5,6.6,5,1.6,0,1,4,2,0,1,1
53,92,4,4,1,1,1,0,10.2,10.2,,4.9,10,6.7,3.3,0,1,4,4,0,1,1
53,93,4,7,1,1,1,0.5,9.4,8.9,,5.7,7.1,6.5,0.6,0,1,4,1,0,1,1
53,94,4,8,1,0,0,0.8,9.5,8.7,,5.6,3.1,3.1,0,0,1,3,0,0,1,0
53,95,4,3,0,0,1,0,9.6,9.6,,3.7,5.1,2.7,2.4,0,1,4,1,0,1,0
53,96,4,0,1,0,0,,,,,,,,,,1,,,,0,0
53,97,5,2,0,1,1,,,,,0.5,7.7,0,0,7.7,1,0,0,6,1,1
53,98,5,0,0,1,1,1.2,10.3,9.1,,4.6,8.1,7.4,0.7,0,1,4,1,0,1,1
53,99,5,9,0,1,1,0.6,10.7,10.1,,5.8,7.5,6.7,0.8,0,1,5,1,0,1,1
53,100,5,10,0,0,0,7.4,,,,,,,,,1,,,,0,0
53,101,5,5,1,1,1,0.6,2.5,1.9,5.5,4,5.6,4,0,1.6,1,1,0,2,1,1
53,102,5,11,0,1,1,0,10.3,10.3,,0.6,13,13,0,0,1,4,0,0,1,1
53,103,5,0,0,0,0,3.7,,,,,,,,,1,,,,0,0
53,104,5,10,1,0,1,1.5,1.1,-0.4,2.6,0.6,1.2,0,0.5,0.7,1,0,1,1,1,1
53,105,5,9,0,1,1,1.9,10.5,8.6,,2.8,9.2,9.2,0,0,1,5,0,0,1,1
53,106,5,10,0,1,1,0.9,10.5,9.6,,1.4,7.2,4.7,2.5,0,1,3,1,0,1,1
53,107,5,2,0,1,1,1.9,10.6,8.7,,5.9,10.3,9.7,0.6,0,1,4,1,0,1,1
53,108,5,6,0,0,1,1.4,,,,,,,,,1,,,,0,1
53,109,5,9,0,0,0,,,,,2,8.3,0,0,8.3,1,0,0,6,1,0
53,110,5,7,0,0,1,4.9,0.7,-4.2,3.8,0.4,3.2,0,0,3.2,1,0,0,2,1,1
53,111,5,2,1,0,1,0.3,11.3,11,,2.2,4.6,4.6,0,0,1,5,0,0,1,0
53,112,5,4,0,1,1,1.9,10.5,8.6,,5.6,10.3,8.6,1.7,0,1,4,1,0,1,1
53,113,5,3,0,1,1,1.4,11.9,10.5,,2.3,8.2,7.4,0.8,0,1,5,1,0,1,1
53,114,5,8,0,1,1,3.9,1,-2.9,2,0.9,9.4,0,0,9.4,1,0,0,3,1,1
53,115,5,2,0,0,1,2.3,,,,,,,,,1,,,,0,0
53,116,5,7,1,0,0,0,,,,,,,,,1,,,,0,0
53,117,5,1,1,0,0,2,12.2,10.2,,2.5,0.6,0.6,0,0,1,1,0,0,1,0
53,118,5,11,0,1,1,2.4,1.9,-0.5,1.2,1.3,11.1,0,1.5,9.6,1,0,1,4,1,1
53,119,5,2,0,0,1,1.9,1.5,-0.4,1.7,0.5,4.1,0,1.4,2.7,1,0,1,3,1,0
53,120,5,3,1,0,0,,,,,,,,,,1,,,,0,0
56,1,1,2,1,1,1,,,,,1.5,0.9,0,0,0.9,1,0,0,2,1,1
56,2,1,7,0,1,1,6.8,6,-0.8,2.9,7,2,0,1.5,0.5,1,0,3,1,1,1
56,3,1,1,1,1,0,,11.7,,,1.6,,,,,1,,,,1,0
56,4,1,3,0,1,0,0.5,5.4,4.9,5.5,1,2.5,0.9,0,1.6,1,1,0,2,1,1
56,5,1,6,0,0,1,0.8,7.6,6.8,2.6,1,7.9,3.3,2.4,2.2,1,5,2,2,1,1
56,6,1,5,0,0,1,1.2,,,,,,,,,1,,,,0,1
56,7,1,2,0,1,0,3.8,2.5,-1.3,0.4,0.9,2.3,0,0,2.3,1,0,0,5,1,1
56,8,1,9,0,1,1,3.6,4,0.4,1.7,1,3.7,0.7,0.9,2.1,1,1,1,3,1,1
56,9,1,4,0,1,1,0.5,1,0.5,2.4,0.9,5.5,0.6,0.8,4.1,1,1,1,6,1,1
56,10,1,7,0,1,0,5.2,0.6,-4.6,3.7,0.9,3,0,0,3,1,0,0,4,1,0
56,11,1,11,0,0,1,4.4,0.8,-3.6,2.6,1,3.9,0,0,3.9,1,0,0,3,1,1
56,12,1,8,0,0,0,,4.6,,,0.9,,,,,1,,,,1,0
56,13,1,6,0,1,1,,,,,0.7,3.9,0,0,3.9,1,0,0,7,1,1
56,14,1,8,0,1,0,2,5.5,3.5,6.6,1.1,2.4,1.2,0,1.2,1,1,0,1,1,1
56,15,1,4,0,1,1,2.8,1.1,-1.7,1.4,2.9,3.3,0,1,2.3,1,0,1,4,1,1
56,16,1,5,0,1,0,,1.7,,,2.5,,,,,1,,,,1,0
56,17,1,2,0,0,0,2.9,4.8,1.9,0.6,2.4,1.8,0.5,0,1.3,1,1,0,2,1,0
56,18,1,7,1,1,0,1,2,1,0.7,1.5,1.2,0.8,0,0.4,1,1,0,1,1,0
56,19,1,0,0,1,0,0.3,1.1,0.8,0.9,2.1,4.6,0.4,0,4.2,1,1,0,7,1,1
56,20,1,10,1,0,1,6.5,2.5,-4,2.3,1.7,0.7,0,0,0.7,1,0,0,1,1,1
56,21,1,3,1,1,0,0.3,6.6,6.3,,2.4,1.1,1.1,0,0,1,2,0,0,1,0
56,22,1,5,0,0,1,1.8,3,1.2,5.7,1.4,2.8,0.5,0.6,1.7,1,1,1,4,1,0
56,23,1,8,1,1,0,1.6,2.7,1.1,0.9,0.7,1.2,0.4,0,0.8,1,1,0,1,1,0
56,24,1,9,1,1,1,2.3,3.9,1.6,2.8,0.8,2.8,0.9,1.5,0.4,1,2,1,1,1,1
56,25,2,10,0,1,1,,,,,0.5,2.1,0,0,2.1,1,0,0,3,1,1
56,26,2,11,0,0,1,6.9,6.9,0,2.4,0.4,3.6,0.6,0,3,1,1,0,3,1,1
56,27,2,6,0,0,1,4,10.1,6.1,1.6,1,2.6,1.5,0.6,0.5,1,2,1,1,1,0
56,28,2,3,1,1,1,0.3,1.4,1.1,3.7,2.5,2.1,0.9,0.5,0.7,1,1,1,1,1,1
56,29,2,11,0,0,1,0.3,9.2,8.9,0.7,1.1,3.3,1.7,0.5,1.1,1,2,1,2,1,1
56,30,2,4,0,0,1,2.6,7.4,4.8,1.8,1.4,3.7,0.6,0.9,2.2,1,1,1,3,1,1
56,31,2,1,0,0,0,2.7,8.8,6.1,2.8,0.8,2.1,0.5,0,1.6,1,1,0,2,1,0
56,32,2,9,0,0,0,13.2,11.8,-1.4,0.6,0.8,0.4,0,0,0.4,1,0,0,1,1,0
56,33,2,3,0,0,1,7.2,7.8,0.6,2.9,0.9,2.4,1.2,0,1.2,1,1,0,2,1,0
56,34,2,11,0,1,1,0.5,5.3,4.8,0.7,1.1,7.3,1.5,0.9,4.9,1,3,1,5,1,1
56,35,2,10,0,0,1,0.2,4.7,4.5,0.8,1.1,4.6,1.6,0,3,1,2,0,5,1,1
56,36,2,0,0,0,1,9.8,1.6,-8.2,7.7,0.5,1.5,0,0,1.5,1,0,0,3,1,1
56,37,2,10,0,0,1,6.2,5.4,-0.8,2.4,1.7,3.9,0,1.4,2.5,1,0,1,3,1,1
56,38,2,2,0,0,0,0.6,4.3,3.7,1,1.3,4.2,1.7,0,2.5,1,3,0,4,1,0
56,39,2,3,0,0,1,0.5,2.9,2.4,4.6,1.9,5,1.8,0.4,2.8,1,1,1,3,1,1
56,40,2,8,0,0,0,6,3.1,-2.9,2.1,0.8,3,0,0,3,1,0,0,4,1,0
56,41,2,0,0,0,1,6,6.3,0.3,2.5,0.7,2.6,0.9,0,1.7,1,1,0,3,1,1
56,42,2,3,1,0,1,0.5,5.2,4.7,1.5,0.9,1.8,1.3,0,0.5,1,2,0,1,1,1
56,43,2,8,1,0,0,0.4,5.3,4.9,,2.2,0.4,0.4,0,0,1,1,0,0,1,0
56,44,2,6,1,1,1,4.4,6.1,1.7,,1,2.5,2.1,0.4,0,1,2,1,0,1,1
56,45,2,7,1,1,0,0,5.6,5.6,6.1,1.6,2.6,1.9,0,0.7,1,3,0,1,1,0
56,46,2,0,1,1,1,1.6,5.2,3.6,4.3,1.1,2.4,2,0,0.4,1,4,0,1,1,1
56,47,2,9,1,1,1,0.8,2.7,1.9,,1.4,2.5,1.5,1,0,1,3,1,0,1,1
56,48,2,3,1,1,1,5,1.7,-3.3,1.4,1.9,2.2,0,0,2.2,1,0,0,5,1,1
56,49,3,0,0,1,1,0.6,1,0.4,1.9,1.1,7.2,0.9,0,6.3,1,1,0,8,1,1
56,50,3,9,0,1,0,2.4,0.3,-2.1,0.7,1.4,4.9,0,0,4.9,1,0,0,6,1,1
56,51,3,11,1,1,1,0.1,1,0.9,3.4,1.4,1.8,0.4,0.4,1,1,1,1,2,1,1
56,52,3,0,1,1,1,0,0.6,0.6,,2.8,2.3,1.9,0.4,0,1,1,1,0,1,1
56,53,3,3,1,1,1,0.1,0.9,0.8,0.9,1.4,4.3,2.3,0,2,1,2,0,3,1,1
56,54,3,1,0,1,1,0.5,3.6,3.1,1.5,3.3,9.2,3.4,2.8,3,1,2,3,2,1,1
56,55,3,0,1,1,1,0,1,1,2,2,7.2,2,2.7,2.5,1,1,1,4,1,1
56,56,3,3,0,1,1,0,1,1,1.1,2,7.3,1.3,2.4,3.6,1,2,1,4,1,1
56,57,3,11,0,1,0,7.1,2.1,-5,2.9,2.1,1.8,0,0,1.8,1,0,0,3,1,0
56,58,3,1,0,1,0,0.2,2.2,2,0.6,1.3,8.4,1.2,0,7.2,1,1,0,5,1,1
56,59,3,7,0,1,1,7.2,7.3,0.1,,9.1,1.9,0.4,1.5,0,1,1,3,0,1,1
56,60,3,10,0,0,0,3.9,,,,,,,,,1,,,,0,0
56,61,3,0,0,1,1,0.1,1.2,1.1,3.6,1.3,11.8,1.4,4.4,6,1,1,1,2,1,1
56,62,3,10,0,0,1,1.5,3.5,2,3,0.5,5.9,0.8,2.3,2.8,1,1,1,2,1,0
56,63,3,6,1,1,0,0.8,1.7,0.9,1.5,1.7,3,0.4,0,2.6,1,1,0,2,1,0
56,64,3,7,1,1,1,0.1,3.4,3.3,5.5,1.3,3,1.8,0,1.2,1,2,0,2,1,1
56,65,3,0,1,1,1,0,1.2,1.2,3,1.3,5.4,2.8,0,2.6,1,2,0,4,1,1
56,66,3,2,0,1,1,5.1,0.5,-4.6,4.2,0.4,4.3,0,0,4.3,1,0,0,4,1,1
56,67,3,3,1,1,1,0,2.5,2.5,3.4,4.5,3,1.6,0,1.4,1,4,0,1,1,1
56,68,3,4,1,1,0,3.9,0.8,-3.1,0.4,2.7,0.6,0,0,0.6,1,0,0,1,1,0
56,69,3,3,0,1,1,2.6,1.4,-1.2,3.8,2.1,6,0,3,3,1,0,1,3,1,1
56,70,3,8,0,0,1,6.2,5.9,-0.3,1,1.5,3.8,1,0,2.8,1,1,0,4,1,1
56,71,3,6,1,1,1,1.9,3.2,1.3,4.6,1.7,2.2,1.4,0.4,0.4,1,2,1,1,1,1
56,72,3,4,1,1,1,0.5,2.1,1.6,5.1,1.5,3.3,1.6,1.3,0.4,1,2,2,1,1,1
56,73,4,9,0,1,1,3,1,-2,1.3,1.8,5.7,0,0.5,5.2,1,0,1,6,1,1
56,74,4,2,0,1,1,2.2,1.4,-0.8,3.8,1.9,8.2,0,3.9,4.3,1,0,2,5,1,1
56,75,4,6,1,1,1,0.1,1.7,1.6,1.3,2,5.3,2.2,0.9,2.2,1,2,1,3,1,1
56,76,4,4,1,1,1,1.9,8.2,6.3,,1.5,3.1,3.1,0,0,1,3,0,0,1,1
56,77,4,9,1,1,1,0.2,2.4,2.2,0.5,1.5,6,2.4,1.1,2.5,1,1,1,4,1,1
56,78,4,10,0,1,1,2.8,2.3,-0.5,2.4,1.6,3,0,0.4,2.6,1,0,1,5,1,1
56,79,4,8,1,1,1,0,1.1,1.1,1.9,1.7,5.3,1.1,0.7,3.5,1,2,1,4,1,1
56,80,4,1,1,1,1,1.6,0.2,-1.4,2.5,2,4.2,0,1.7,2.5,1,0,1,4,1,1
56,81,4,5,1,1,0,,0.1,,,1.8,,,,,1,,,,1,0
56,82,4,11,0,1,1,1.4,0.5,-0.9,1.8,2.2,10.2,0,2.9,7.3,1,0,1,4,1,1
56,83,4,5,0,1,1,0.5,0.5,0,0.8,1.1,6.2,1.2,0,5,1,1,0,5,1,1
56,84,4,10,0,1,1,1.5,0.5,-1,0.9,2.1,3.4,0,0.9,2.5,1,0,1,5,1,1
56,85,4,6,0,1,1,0.1,1,0.9,0.6,1.8,10,0.6,0.7,8.7,1,1,1,5,1,1
56,86,4,4,0,1,1,1,0.5,-0.5,5.5,1.8,11.1,0,6.5,4.6,1,0,1,4,1,1
56,87,4,8,0,1,1,0,0.8,0.8,10.7,1.7,10.5,1.5,8.4,0.6,1,2,1,1,1,1
56,88,4,3,0,1,1,1.6,1.2,-0.4,2.8,1.7,5.3,0,3,2.3,1,0,2,2,1,1
56,89,4,0,0,1,1,0.6,0.9,0.3,2.2,1.8,10.5,0.6,2.9,7,1,1,1,3,1,1
56,90,4,2,0,1,1,2.6,10.2,7.6,0.9,1.9,4.6,2.7,1.2,0.7,1,4,1,1,1,1
56,91,4,11,1,1,1,0.3,1.8,1.5,1.9,1.7,5,0.5,1.8,2.7,1,1,1,4,1,1
56,92,4,4,1,1,1,1.7,3.1,1.4,0.9,1.7,6.5,1.2,0,5.3,1,2,0,7,1,1
56,93,4,7,1,1,1,2.1,0.9,-1.2,0.3,1.8,5.6,0,0.5,5.1,1,0,1,5,1,1
56,94,4,8,1,1,1,1.9,0.9,-1,3.5,1.8,5.4,0,1.6,3.8,1,0,1,5,1,1
56,95,4,3,0,1,1,0.6,0.1,-0.5,8.7,1.8,1.3,0,0.9,0.4,1,0,1,1,1,1
56,96,4,0,1,1,1,0,0,0,1.1,0.9,4,0.4,1.2,2.4,1,1,2,4,1,1
56,97,5,2,0,1,1,0.9,5.5,4.6,2.5,0.8,3.5,1.4,0.5,1.6,1,2,1,3,1,1
56,98,5,0,0,1,1,0.1,0.5,0.4,4.7,1.1,7,1.5,1.2,4.3,1,1,1,4,1,1
56,99,5,9,0,1,0,7,3.3,-3.7,1.9,1.8,2.9,0,0,2.9,1,0,0,2,1,0
56,100,5,10,0,1,1,3.3,1.7,-1.6,1.2,0.4,1.8,0,0,1.8,1,0,0,4,1,1
56,101,5,5,1,1,1,3.3,6.9,3.6,1.9,1.2,3,2.1,0,0.9,1,3,0,2,1,1
56,102,5,11,0,1,1,1.6,1.1,-0.5,2.7,0.5,3.3,0,0.5,2.8,1,0,1,4,1,1
56,103,5,0,0,1,1,0.6,1.7,1.1,1.1,1.5,8.2,0.5,0.7,7,1,1,1,7,1,1
56,104,5,10,1,1,1,1.3,1.1,-0.2,6.2,1.1,1.2,0.6,0,0.6,1,1,0,1,1,1
56,105,5,9,0,1,1,0.1,1.3,1.2,2.9,1.6,8.3,0.8,1.6,5.9,1,2,1,2,1,1
56,106,5,10,0,0,1,0.1,1.4,1.3,8.5,1.2,6.1,5.3,0,0.8,1,2,0,1,1,1
56,107,5,2,0,1,1,2.6,3.2,0.6,1.7,0.9,6.2,1.1,0.4,4.7,1,2,1,6,1,1
56,108,5,6,0,1,1,2.7,2.8,0.1,0.8,1.5,7,0.9,1,5.1,1,1,1,6,1,1
56,109,5,9,0,1,0,0.4,1.3,0.9,3.4,1.4,2.6,0.5,0,2.1,1,1,0,2,1,0
56,110,5,7,0,1,1,1.6,1.2,-0.4,2.1,1.7,3.5,0,1.2,2.3,1,0,2,3,1,1
56,111,5,2,1,0,1,0.8,2.6,1.8,0.6,0.6,3.6,1.8,0,1.8,1,2,0,4,1,0
56,112,5,4,0,1,0,10.4,2.4,-8,5.9,2.1,2.6,0,0,2.6,1,0,0,4,1,0
56,113,5,3,0,1,1,2.2,1.4,-0.8,6.8,1.8,2.3,0,0.5,1.8,1,0,1,3,1,1
56,114,5,8,0,1,0,5.9,3.6,-2.3,1.6,2.1,4,0,0.9,3.1,1,0,1,4,1,0
56,115,5,2,0,1,1,8.3,7.6,-0.7,1.9,2.1,1.6,0,0.5,1.1,1,0,1,2,1,1
56,116,5,7,1,1,1,0.2,1.5,1.3,3.6,2.4,2.8,1.2,0.4,1.2,1,2,1,2,1,1
56,117,5,1,1,1,1,0.3,2.5,2.2,2.6,2.1,4,2.7,0,1.3,1,1,0,2,1,1
56,118,5,11,0,1,1,1.4,2.6,1.2,2.3,1.9,8,1.8,1.5,4.7,1,2,1,3,1,1
56,119,5,2,0,1,1,1.9,1.3,-0.6,1.4,2,6.7,0,2,4.7,1,0,1,2,1,1
56,120,5,3,1,1,0,,0,,,1.3,,,,,1,,,,1,0
57,1,1,2,1,1,1,2,5.5,3.5,1.3,0.9,3.1,2,0,1.1,1,3,0,2,1,1
57,2,1,7,0,1,0,5.8,2.1,-3.7,2.5,1.2,5.5,0,0,5.5,1,0,0,4,1,0
57,3,1,1,1,1,1,2.9,3.1,0.2,1.6,1,1.2,0.7,0,0.5,1,1,0,1,1,1
57,4,1,3,0,1,1,2.4,1.9,-0.5,0.8,0.9,4.6,0,0.4,4.2,1,0,1,6,1,1
57,5,1,6,0,1,1,3.9,2.8,-1.1,1.9,1.1,3.8,0,1.3,2.5,1,0,1,4,1,1
57,6,1,5,0,1,1,3,2.4,-0.6,4.6,1,2.3,0,0.4,1.9,1,0,1,3,1,1
57,7,1,2,0,1,1,2.7,2.3,-0.4,0.9,1,4.6,0,0.6,4,1,0,1,4,1,1
57,8,1,9,0,1,0,4.6,1.6,-3,1.7,1.3,3.6,0,0,3.6,1,0,0,3,1,0
57,9,1,4,0,1,1,2.2,1.6,-0.6,1.8,1.2,4.2,0,2,2.2,1,0,2,1,1,1
57,10,1,7,0,1,1,2.3,1.7,-0.6,1.8,1,1.6,0,0.6,1,1,0,1,2,1,1
57,11,1,11,0,0,0,3.5,1.8,-1.7,0.8,0.9,0.9,0,0,0.9,1,0,0,2,1,0
57,12,1,8,0,1,1,2.5,1.9,-0.6,1.3,1.2,2.9,0,1.2,1.7,1,0,1,2,1,1
57,13,1,6,0,1,1,3.9,3.4,-0.5,0.8,1.1,8.7,0,1,7.7,1,0,2,8,1,1
57,14,1,8,0,1,1,2.4,1.9,-0.5,1.9,1,10.7,0,1.8,8.9,1,0,2,5,1,1
57,15,1,4,0,1,1,2.6,2.1,-0.5,1.8,1,7.1,0,1.9,5.2,1,0,1,6,1,1
57,16,1,5,0,1,1,2.8,2.1,-0.7,1.1,1,2.6,0,1,1.6,1,0,1,3,1,1
57,17,1,2,0,1,1,4,2.8,-1.2,3.4,1.2,4.8,0,0.4,4.4,1,0,1,5,1,1
57,18,1,7,1,1,0,,2.9,,,1.1,,,,,1,,,,1,0
57,19,1,0,0,1,0,4,2.2,-1.8,0.8,1,2.5,0,0,2.5,1,0,0,3,1,0
57,20,1,10,1,1,1,1.9,4.6,2.7,,0.5,1.2,1.2,0,0,1,2,0,0,1,1
57,21,1,3,1,1,0,1.6,3.3,1.7,3.1,0.9,1.1,0.5,0,0.6,1,1,0,1,1,0
57,22,1,5,0,1,0,4.7,2.4,-2.3,1.1,1.2,4.8,0,0,4.8,1,0,0,6,1,0
57,23,1,8,1,1,0,8.9,3.5,-5.4,4.4,1,0.4,0,0,0.4,1,0,0,1,1,1
57,24,1,9,1,1,1,2.9,4.1,1.2,0.6,1,3,1.1,0.6,1.3,1,2,1,3,1,1
57,25,2,10,0,1,1,4.1,7.3,3.2,4.4,2.6,1.4,0.4,0.6,0.4,1,1,1,1,1,1
57,26,2,11,0,1,1,3.3,2.2,-1.1,1.8,1.4,3.1,0,1.1,2,1,0,1,2,1,1
57,27,2,6,0,0,1,3.3,4.8,1.5,1.4,1.3,4.2,0.7,0.4,3.1,1,1,1,3,1,1
57,28,2,3,1,0,0,,2.3,,,1.6,,,,,1,,,,1,0
57,29,2,11,0,1,1,2.4,1.6,-0.8,1.8,1.1,6.6,0,1.3,5.3,1,0,1,6,1,1
57,30,2,4,0,1,1,2.2,1.3,-0.9,0.5,1.3,5.9,0,0.8,5.1,1,0,1,7,1,1
57,31,2,1,0,1,1,3.2,2.4,-0.8,0.6,1.1,8,0,0.8,7.2,1,0,1,5,1,1
57,32,2,9,0,1,1,2.4,2,-0.4,1.4,1.2,6.2,0,1.1,5.1,1,0,2,4,1,1
57,33,2,3,0,1,1,2.1,1.5,-0.6,1.6,0.9,5.4,0,1,4.4,1,0,1,5,1,1
57,34,2,11,0,1,0,2.8,1.2,-1.6,0.4,1.2,3,0,0,3,1,0,0,4,1,1
57,35,2,10,0,0,1,2.7,1.7,-1,2.5,1.1,2.4,0,0.9,1.5,1,0,1,2,1,0
57,36,2,0,0,1,1,3.6,1.9,-1.7,1.1,1.8,2.1,0,0.7,1.4,1,0,1,3,1,1
57,37,2,10,0,0,1,3.8,3.1,-0.7,0.6,1,4.8,0,0.6,4.2,1,0,1,4,1,0
57,38,2,2,0,1,1,1.7,2.1,0.4,2.5,1.1,4.7,0.7,2.2,1.8,1,1,1,3,1,1
57,39,2,3,0,1,1,1.4,1.4,0,0.7,1.4,4.3,0.4,0.6,3.3,1,1,1,3,1,1
57,40,2,8,0,1,1,3,2.2,-0.8,0.6,1.2,5.4,0,0.8,4.6,1,0,1,4,1,1
57,41,2,0,0,1,1,2.9,2.3,-0.6,6.3,1,6.2,0,3,3.2,1,0,1,2,1,1
57,42,2,3,1,0,0,,4.5,,,0.6,,,,,1,,,,1,0
57,43,2,8,1,0,0,,7.1,,,1.2,,,,,1,,,,1,0
57,44,2,6,1,0,0,,,,,,,,,,1,,,,0,0
57,45,2,7,1,1,1,12.9,13.4,0.5,,0.6,1.1,1.1,0,0,1,1,0,0,1,1
57,46,2,0,1,1,1,2.1,6.3,4.2,3.6,0.6,3.2,1.7,0,1.5,1,3,0,2,1,1
57,47,2,9,1,1,1,3.3,2.7,-0.6,1.2,1,3.3,0,0.7,2.6,1,0,1,4,1,1
57,48,2,3,1,0,0,4.1,2.3,-1.8,0.7,1.1,1.5,0,0,1.5,1,0,0,2,1,0
57,49,3,0,0,1,1,,,,,0.7,7.6,0,0,7.6,1,0,0,7,1,1
57,50,3,9,0,1,1,0.9,1.1,0.2,3.6,0.8,6,0.4,2.7,2.9,1,1,1,2,1,1
57,51,3,11,1,1,1,1.5,1.7,0.2,,0.9,1,0.5,0.5,0,1,1,1,0,1,1
57,52,3,0,1,1,1,0.3,3.5,3.2,0.4,0.8,4,0.6,0.4,3,1,1,1,5,1,1
57,53,3,3,1,1,1,1,1.8,0.8,,1,1.5,1,0.5,0,1,2,1,0,1,1
57,54,3,1,0,1,1,1.4,1.7,0.3,0.9,1.2,9.3,0.4,0.6,8.3,1,1,1,4,1,1
57,55,3,0,1,1,1,2.1,2.3,0.2,3.4,1.2,3.6,1.1,0.5,2,1,1,1,4,1,1
57,56,3,3,0,1,1,1.7,1.1,-0.6,1.9,1.1,8.6,0,1.7,6.9,1,0,1,5,1,1
57,57,3,11,0,1,1,2.3,3.2,0.9,0.9,1,7.3,1.1,0,6.2,1,2,0,5,1,1
57,58,3,1,0,1,1,1,3,2,3.8,0.8,9.7,1,3.3,5.4,1,2,1,1,1,1
57,59,3,7,0,1,1,1.9,2.4,0.5,0.7,1.2,7.4,1.3,0.6,5.5,1,1,1,6,1,1
57,60,3,10,0,1,1,3,2.4,-0.6,1.3,1,6.3,0,1.6,4.7,1,0,1,6,1,1
57,61,3,0,0,1,1,1.9,2.1,0.2,3.4,0.9,7.6,0.5,3.4,3.7,1,1,1,3,1,1
57,62,3,10,0,1,0,10.5,2.3,-8.2,7.3,0.9,0.8,0,0,0.8,1,0,0,1,1,1
57,63,3,6,1,1,1,3.7,4.1,0.4,6.2,0.6,0.9,0.4,0,0.5,1,1,0,1,1,1
57,64,3,7,1,1,1,2.5,3,0.5,1,1.1,2.2,0.5,0,1.7,1,1,0,3,1,1
57,65,3,0,1,1,1,1.1,0.8,-0.3,1.2,0.7,2.8,0,0.4,2.4,1,0,1,4,1,1
57,66,3,2,0,1,1,0.8,1.1,0.3,0.7,1.1,8.1,0.9,0.9,6.3,1,1,1,7,1,1
57,67,3,3,1,1,1,1.6,1.8,0.2,0.8,1,2.8,0.5,0.6,1.7,1,1,1,3,1,1
57,68,3,4,1,1,0,1,2.2,1.2,1.1,0.9,2.2,0.5,0,1.7,1,1,0,2,1,0
57,69,3,3,0,1,1,1.1,1.3,0.2,0.8,1.1,6.7,1.8,0,4.9,1,1,0,4,1,1
57,70,3,8,0,1,1,1.8,1.9,0.1,0.7,1.1,7.5,1.8,0,5.7,1,1,0,5,1,1
57,71,3,6,1,1,1,1,3,2,,1.2,1.2,0.8,0.4,0,1,1,1,0,1,1
57,72,3,4,1,1,1,1.4,1.8,0.4,2.2,0.8,0.9,0.4,0,0.5,1,1,0,1,1,1
57,73,4,9,0,1,1,2.4,1.6,-0.8,1.6,0.8,8,0,1.5,6.5,1,0,1,6,1,1
57,74,4,2,0,1,1,0.7,0.9,0.2,2.5,1,10.1,0.8,1.6,7.7,1,1,1,4,1,1
57,75,4,6,1,1,1,2.8,2.5,-0.3,5.6,1.1,1.5,0.6,0.4,0.5,1,1,1,1,1,1
57,76,4,4,1,1,1,1.7,1.5,-0.2,2.1,1.1,3.3,1.2,0,2.1,1,1,0,5,1,1
57,77,4,9,1,1,1,0.6,1.9,1.3,2.9,1.1,2.8,1.9,0,0.9,1,2,0,2,1,1
57,78,4,10,0,1,1,2.1,2,-0.1,0.7,1.3,11.1,1.7,0,9.4,1,1,0,3,1,1
57,79,4,8,1,1,1,0.3,1.2,0.9,3.3,1.1,2.2,1.6,0,0.6,1,1,0,1,1,1
57,80,4,1,1,1,1,0.4,1.7,1.3,2.3,1.2,3.5,1.3,0,2.2,1,2,0,2,1,1
57,81,4,5,1,1,1,2.1,2.4,0.3,1.4,1,1.9,0.8,0,1.1,1,1,0,1,1,1
57,82,4,11,0,1,1,2.1,1.2,-0.9,1.2,1,9.6,0,1.1,8.5,1,0,1,8,1,1
57,83,4,5,0,1,1,1.8,1.2,-0.6,0.5,1,7.6,0,0.5,7.1,1,0,1,5,1,1
57,84,4,10,0,1,1,2.6,1.7,-0.9,0.5,1.2,5.1,0,0.7,4.4,1,0,1,3,1,1
57,85,4,6,0,1,1,3,2.1,-0.9,0.4,1,8.7,0,0.4,8.3,1,0,1,7,1,1
57,86,4,4,0,1,1,1.3,1.4,0.1,3.1,1.1,12,4,0,8,1,1,0,4,1,1
57,87,4,8,0,1,1,1.6,1.1,-0.5,2.7,1,8.4,0,2.7,5.7,1,0,2,3,1,1
57,88,4,3,0,1,1,1.2,1,-0.2,2.4,0.9,3.1,0.7,0,2.4,1,1,0,3,1,1
57,89,4,0,0,1,1,1.3,1.3,0,0.8,1.1,7.3,0.4,0.6,6.3,1,1,1,4,1,1
57,90,4,2,0,1,1,0.6,6.5,5.9,1.7,1,6.8,1.9,1.1,3.8,1,4,1,4,1,1
57,91,4,11,1,1,1,1.4,1.5,0.1,2.7,1.1,1.4,0.4,0,1,1,1,0,2,1,1
57,92,4,4,1,1,1,0.7,2.4,1.7,2.4,1,3.6,1,0,2.6,1,2,0,4,1,1
57,93,4,7,1,1,1,0.8,1.7,0.9,0.5,1,4.9,1.3,0,3.6,1,2,0,6,1,1
57,94,4,8,1,1,0,7.5,2.1,-5.4,4.6,0.8,2.9,0,0,2.9,1,0,0,4,1,1
57,95,4,3,0,1,0,2.2,1,-1.2,0.4,0.8,4,0,0,4,1,0,0,4,1,1
57,96,4,0,1,1,1,0.2,1.3,1.1,1.7,0.9,3.8,0.8,0.4,2.6,1,2,1,5,1,1
57,97,5,2,0,1,1,,,,,1.2,5.1,0,0,5.1,1,0,0,5,1,1
57,98,5,0,0,1,1,1.3,1.9,0.6,0.5,0.6,4.2,1.2,0,3,1,2,0,4,1,1
57,99,5,9,0,1,1,0.5,3.9,3.4,5.2,0.8,4.5,3.1,0,1.4,1,4,0,2,1,1
57,100,5,10,0,0,0,7.8,,,,,,,,,1,,,,0,0
57,101,5,5,1,1,1,4.7,10.1,5.4,2.6,0.9,4,3.4,0,0.6,1,3,0,1,1,1
57,102,5,11,0,1,1,0.4,1.9,1.5,0.8,0.7,6.2,0.5,0.6,5.1,1,1,1,4,1,1
57,103,5,0,0,1,1,1.4,1.8,0.4,3.8,0.8,4.1,0.8,0,3.3,1,1,0,4,1,1
57,104,5,10,1,1,0,9.8,1.2,-8.6,8,0.6,0.8,0,0,0.8,1,0,0,1,1,1
57,105,5,9,0,1,1,0.1,1.2,1.1,6,0.9,6.4,0.5,0.5,5.4,1,1,1,2,1,1
57,106,5,10,0,0,1,1.9,3.8,1.9,2.7,0.7,3.8,0.8,0.9,2.1,1,1,1,2,1,0
57,107,5,2,0,1,1,0.4,1.6,1.2,0.6,0.9,7.8,0.6,0.6,6.6,1,1,1,3,1,1
57,108,5,6,0,1,0,4,2.6,-1.4,0.5,0.9,6.8,0,0,6.8,1,0,0,4,1,1
57,109,5,9,0,0,1,0.7,1.6,0.9,5.4,0.9,3.5,0.9,1.5,1.1,1,2,1,2,1,1
57,110,5,7,0,1,1,2.3,1.8,-0.5,0.9,0.9,4,0,0.9,3.1,1,0,1,5,1,1
57,111,5,2,1,1,1,2.3,2.9,0.6,7.3,0.7,2.3,1.6,0,0.7,1,1,0,1,1,1
57,112,5,4,0,1,1,2.5,2.8,0.3,3,1.2,2,0.6,0,1.4,1,1,0,2,1,1
57,113,5,3,0,1,1,2,2.1,0.1,0.8,0.8,3.5,0.4,0,3.1,1,1,0,4,1,1
57,114,5,8,0,1,0,0.8,3.5,2.7,0.4,0.9,5.3,0.6,0,4.7,1,1,0,3,1,0
57,115,5,2,0,1,1,2.8,3.1,0.3,1.5,0.9,8.3,0.6,0,7.7,1,1,0,2,1,1
57,116,5,7,1,1,1,0.9,2.2,1.3,1,0.8,5.4,1.7,0,3.7,1,1,0,6,1,1
57,117,5,1,1,1,0,1.6,3.7,2.1,0.9,0.8,2.8,1,0,1.8,1,1,0,1,1,1
57,118,5,11,0,1,0,4.5,2,-2.5,1.5,1,4.2,0,0,4.2,1,0,0,2,1,1
57,119,5,2,0,0,0,3.3,1.8,-1.5,0.7,0.8,6.5,0,0,6.5,1,0,0,2,1,0
57,120,5,3,1,1,0,,2.7,,,0.7,,,,,1,,,,1,1
59,1,1,2,1,0,0,0.3,11.2,10.9,,0.6,1.2,0.8,0.4,0,1,2,1,0,1,0
59,2,1,7,0,0,1,0,10.7,10.7,1.2,0.5,7.9,5.6,0.8,1.5,1,5,1,2,1,0
59,3,1,1,1,0,0,8.9,10.5,1.6,0.8,0.6,1,0.4,0,0.6,1,1,0,1,1,0
59,4,1,3,0,1,1,0,10.8,10.8,1.1,1.3,6.1,5.1,0,1,1,6,0,1,1,1
59,5,1,6,0,0,1,0.1,12.2,12.1,,0.6,7.2,7.2,0,0,1,8,0,0,1,0
59,6,1,5,0,1,1,0,10.9,10.9,2.4,0.7,9.1,8.5,0,0.6,1,6,0,1,1,1
59,7,1,2,0,1,1,0.2,10.6,10.4,,0.7,5.4,5.4,0,0,1,7,0,0,1,1
59,8,1,9,0,1,1,0.2,10.5,10.3,,0.6,3.8,3.8,0,0,1,3,0,0,1,1
59,9,1,4,0,1,1,0,10.8,10.8,1.3,0.6,3.6,3.2,0,0.4,1,2,0,1,1,1
59,10,1,7,0,1,1,0.1,10.5,10.4,,0.7,3.7,3.7,0,0,1,5,0,0,1,1
59,11,1,11,0,0,1,2.3,10.8,8.5,,0.7,2.4,1.4,1,0,1,2,1,0,1,0
59,12,1,8,0,0,0,1.2,,,,,,,,,1,,,,0,0
59,13,1,6,0,1,1,,,,,0.7,7,0,0,7,1,0,0,4,1,1
59,14,1,8,0,1,1,0,13.1,13.1,,0.5,9,9,0,0,1,6,0,0,1,1
59,15,1,4,0,1,1,2,10.7,8.7,1.9,0.5,5.6,4.5,0,1.1,1,3,0,1,1,1
59,16,1,5,0,0,1,1.4,10.7,9.3,,0.4,3.4,3.4,0,0,1,5,0,0,1,0
59,17,1,2,0,0,0,0,,,,,,,,,1,,,,0,0
59,18,1,7,1,0,0,5.2,10.8,5.6,,0.6,1,0.6,0.4,0,1,1,1,0,1,0
59,19,1,0,0,1,1,3.1,11.2,8.1,2.2,0.5,5.5,4.8,0,0.7,1,5,0,1,1,1
59,20,1,10,1,0,0,1.5,,,,,,,,,1,,,,0,0
59,21,1,3,1,0,0,1.6,10.7,9.1,,0.7,0.4,0.4,0,0,1,1,0,0,1,0
59,22,1,5,0,0,0,0,,,,,,,,,1,,,,0,0
59,23,1,8,1,0,0,,11.9,,,0.7,,,,,1,,,,1,0
59,24,1,9,1,0,0,1.5,,,,,,,,,1,,,,0,0
59,25,2,10,0,1,1,,,,,0.7,4.4,0,0,4.4,1,0,0,4,1,1
59,26,2,11,0,1,1,0,10.7,10.7,1.1,0.8,8.1,7.6,0,0.5,1,6,0,1,1,1
59,27,2,6,0,1,1,0.8,10.1,9.3,,0.8,7.3,6.7,0.6,0,1,7,1,0,1,1
59,28,2,3,1,0,0,9.5,10.4,0.9,,0.8,0.5,0.5,0,0,1,1,0,0,1,0
59,29,2,11,0,1,1,0,10,10,,0.6,4.7,4.7,0,0,1,5,0,0,1,1
59,30,2,4,0,0,1,0.7,9.9,9.2,0.8,0.6,4.6,3.6,0,1,1,4,0,1,1,1
59,31,2,1,0,1,1,0.1,9.8,9.7,3.1,0.6,7.1,6.4,0,0.7,1,7,0,1,1,1
59,32,2,9,0,1,1,1.3,9.9,8.6,0.7,0.5,7.4,7,0,0.4,1,5,0,1,1,1
59,33,2,3,0,1,1,0.7,9.8,9.1,,0.5,6.6,6.6,0,0,1,4,0,0,1,1
59,34,2,11,0,1,1,0.3,10.1,9.8,2.4,0.9,6,5.6,0,0.4,1,6,0,1,1,1
59,35,2,10,0,1,1,8.3,9.7,1.4,,0.6,1.9,1.9,0,0,1,1,0,0,1,1
59,36,2,0,0,0,0,0.4,,,,,,,,,1,,,,0,0
59,37,2,10,0,1,1,,,,,0.6,5.3,0,0,5.3,1,0,0,6,1,1
59,38,2,2,0,1,1,1.1,10.1,9,2.4,0.6,2.9,2.5,0,0.4,1,3,0,1,1,1
59,39,2,3,0,0,1,1.8,3.1,1.3,0.5,0.5,4.3,1.4,0,2.9,1,2,0,3,1,1
59,40,2,8,0,0,1,0,9.8,9.8,,0.4,4.2,4.2,0,0,1,4,0,0,1,0
59,41,2,0,0,0,0,0,,,,,,,,,1,,,,0,0
59,42,2,3,1,0,1,9.6,10.4,0.8,,0.9,1.5,1.5,0,0,1,1,0,0,1,1
59,43,2,8,1,0,1,12.1,11.9,-0.2,,0.4,0.6,0.6,0,0,1,1,0,0,1,0
59,44,2,6,1,0,0,9.7,,,,,,,,,1,,,,0,0
59,45,2,7,1,0,0,0,,,,,,,,,1,,,,0,0
59,46,2,0,1,0,0,0.3,,,,,,,,,1,,,,0,0
59,47,2,9,1,0,0,9.5,,,,,,,,,1,,,,0,0
59,48,2,3,1,0,0,0,,,,,,,,,1,,,,0,0
59,49,3,0,0,1,1,,,,,0.7,7.7,0,0,7.7,1,0,0,4,1,1
59,50,3,9,0,0,0,0.4,,,,,,,,,1,,,,0,0
59,51,3,11,1,1,1,10.2,9.9,-0.3,,0.9,0.9,0.9,0,0,1,1,0,0,1,1
59,52,3,0,1,0,1,2.3,10.4,8.1,1.1,0.8,3.6,2.2,0,1.4,1,2,0,1,1,0
59,53,3,3,1,0,0,10.1,,,,,,,,,1,,,,0,0
59,54,3,1,0,0,0,0.8,,,,,,,,,1,,,,0,0
59,55,3,0,1,0,0,1.3,9.8,8.5,,0.8,1.4,1.4,0,0,1,2,0,0,1,0
59,56,3,3,0,1,1,1.7,10.4,8.7,1.8,0.8,7,6.3,0,0.7,1,5,0,1,1,1
59,57,3,11,0,1,1,2.9,9.7,6.8,,0.9,3.9,2.2,1.7,0,1,2,1,0,1,1
59,58,3,1,0,0,1,1.1,10.5,9.4,1.1,0.4,10,5.4,0.6,4,1,4,1,1,1,0
59,59,3,7,0,1,1,3.4,11.2,7.8,0.8,0.7,6.2,4.2,0,2,1,6,0,2,1,1
59,60,3,10,0,0,0,1,,,,,,,,,1,,,,0,0
59,61,3,0,0,1,1,,,,,0.7,4.7,0,0,4.7,1,0,0,5,1,1
59,62,3,10,0,0,0,4,,,,,,,,,1,,,,0,0
59,63,3,6,1,1,1,1.4,11,9.6,,0.9,3.1,2.4,0.7,0,1,3,1,0,1,1
59,64,3,7,1,0,1,0.6,10,9.4,,1.1,1.1,1.1,0,0,1,2,0,0,1,0
59,65,3,0,1,0,1,10.6,10.3,-0.3,,1.2,0.4,0.4,0,0,1,1,0,0,1,1
59,66,3,2,0,0,0,2.8,10.2,7.4,,1.7,2.9,2.9,0,0,1,4,0,0,1,0
59,67,3,3,1,0,0,9.9,,,,,,,,,1,,,,0,0
59,68,3,4,1,0,0,12.5,10,-2.5,1.4,1.1,2.7,0,0,2.7,1,0,0,1,1,0
59,69,3,3,0,0,0,2.1,9.7,7.6,,1,3.3,2.4,0.9,0,1,4,1,0,1,0
59,70,3,8,0,0,0,1.1,10.5,9.4,3.1,0.4,5,4.6,0,0.4,1,3,0,1,1,0
59,71,3,6,1,1,1,9.5,10.1,0.6,0.4,1,1.4,0.9,0,0.5,1,1,0,1,1,1
59,72,3,4,1,0,0,2,,,,,,,,,1,,,,0,0
59,73,4,9,0,1,1,0.5,10.9,10.4,0.5,0.5,8.3,5.6,0,2.7,1,9,0,3,1,1
59,74,4,2,0,0,0,0.4,,,,,,,,,1,,,,0,0
59,75,4,6,1,0,0,0,,,,,,,,,1,,,,0,0
59,76,4,4,1,0,0,1.4,,,,,,,,,1,,,,0,0
59,77,4,9,1,0,0,0.1,,,,,,,,,1,,,,0,0
59,78,4,10,0,0,0,0,,,,,,,,,1,,,,0,0
59,79,4,8,1,1,1,1.5,10.4,8.9,,0.9,2.7,2.7,0,0,1,3,0,0,1,1
59,80,4,1,1,0,1,0.5,10.2,9.7,,0.4,4,4,0,0,1,4,0,0,1,0
59,81,4,5,1,0,0,1,9.8,8.8,,0.8,3.8,0.4,3.4,0,1,1,1,0,1,0
59,82,4,11,0,1,1,4.7,10,5.3,1.7,0.5,5.6,4.3,0.7,0.6,1,4,1,1,1,1
59,83,4,5,0,1,1,0,10.1,10.1,3.2,0.8,8.6,6.4,0,2.2,1,4,0,1,1,1
59,84,4,10,0,0,0,1.9,,,,,,,,,1,,,,0,0
59,85,4,6,0,1,1,,,,,0.4,15.8,0,0,15.8,1,0,0,6,1,1
59,86,4,4,0,1,1,6,9.9,3.9,,0.8,3.9,3.9,0,0,1,3,0,0,1,1
59,87,4,8,0,1,1,0,9.9,9.9,2.5,0.7,8.5,6.3,1.4,0.8,1,5,1,1,1,1
59,88,4,3,0,0,0,1.3,,,,,,,,,1,,,,0,0
59,89,4,0,0,0,0,1.5,,,,,,,,,1,,,,0,0
59,90,4,2,0,0,0,0.9,,,,,,,,,1,,,,0,0
59,91,4,11,1,0,0,2.3,,,,,,,,,1,,,,0,0
59,92,4,4,1,1,1,0,10,10,0.4,0.9,8.2,6.2,0,2,1,4,0,2,1,1
59,93,4,7,1,1,1,3.3,9.9,6.6,0.4,0.8,6,4.7,0,1.3,1,4,0,1,1,1
59,94,4,8,1,0,0,0.6,9.9,9.3,,0.6,5.7,5.7,0,0,1,3,0,0,1,0
59,95,4,3,0,0,1,0,10,10,,0.9,9.7,5.9,3.8,0,1,2,1,0,1,0
59,96,4,0,1,0,0,,,,,,,,,,1,,,,0,0
59,97,5,2,0,0,1,3.7,4.2,0.5,5,0.4,6.1,4.6,0,1.5,1,1,0,3,1,1
59,98,5,0,0,1,1,0,10.6,10.6,2.3,0.9,9.8,8.3,0.6,0.9,1,4,1,1,1,1
59,99,5,9,0,0,0,1.9,,,,,,,,,1,,,,0,0
59,100,5,10,0,1,1,2.4,1.5,-0.9,0.9,0.9,6.1,0,0.5,5.6,1,0,1,6,1,1
59,101,5,5,1,0,0,0,10.4,10.4,0.7,0.8,5.4,3.8,0,1.6,1,3,0,2,1,0
59,102,5,11,0,1,1,0,10.4,10.4,,0.8,9.2,9.2,0,0,1,2,0,0,1,1
59,103,5,0,0,0,1,0,12.2,12.2,,0.9,7.2,6.5,0.7,0,1,5,1,0,1,0
59,104,5,10,1,0,1,0,9.9,9.9,,0.7,3.7,1.3,2.4,0,1,2,1,0,1,0
59,105,5,9,0,1,1,2.5,10.7,8.2,1.9,1,7.5,7.1,0,0.4,1,7,0,1,1,1
59,106,5,10,0,0,1,0.1,10.1,10,,1,5.6,3.8,1.8,0,1,5,1,0,1,0
59,107,5,2,0,0,1,2.6,10.1,7.5,2.5,1,9.7,7.7,1,1,1,4,1,1,1,0
59,108,5,6,0,0,0,0.6,,,,,,,,,1,,,,0,0
59,109,5,9,0,0,1,,,,,0.8,2.1,0,0,2.1,1,0,0,3,1,0
59,110,5,7,0,0,0,0.9,,,,,,,,,1,,,,0,0
59,111,5,2,1,0,1,1.7,11.3,9.6,,0.7,5.1,4.4,0.7,0,1,3,1,0,1,0
59,112,5,4,0,0,0,0.2,,,,,,,,,1,,,,0,0
59,113,5,3,0,0,0,0,12.5,12.5,0.8,0.4,6.2,5.5,0,0.7,1,7,0,1,1,0
59,114,5,8,0,0,0,2.9,,,,,,,,,1,,,,0,0
59,115,5,2,0,0,0,1,10.5,9.5,1.9,0.4,6.7,4.7,0,2,1,6,0,2,1,0
59,116,5,7,1,0,0,0.7,,,,,,,,,1,,,,0,0
59,117,5,1,1,0,0,0.6,10.6,10,,0.9,3.5,3.5,0,0,1,4,0,0,1,0
59,118,5,11,0,0,1,0,10.4,10.4,,0.7,5.5,5.5,0,0,1,4,0,0,1,0
59,119,5,2,0,0,0,2.1,10.9,8.8,,0.6,2.8,2.8,0,0,1,4,0,0,1,0
59,120,5,3,1,0,0,7,,,,,,,,,1,,,,0,0
62,1,1,2,1,1,1,2,8.4,6.4,2.3,0.4,1.9,1.5,0,0.4,1,3,0,1,1,1
62,2,1,7,0,1,0,6,2.7,-3.3,2.7,0.6,2.2,0,0,2.2,1,0,0,4,1,1
62,3,1,1,1,1,1,2,2.9,0.9,,0.4,0.9,0.9,0,0,1,1,0,0,1,1
62,4,1,3,0,0,1,1.4,1.3,-0.1,0.7,0.6,2.9,1,0,1.9,1,1,0,4,1,0
62,5,1,6,0,1,1,2.9,2.4,-0.5,1.1,0.4,2.7,0,0.9,1.8,1,0,1,2,1,1
62,6,1,5,0,1,0,2,3.3,1.3,0.4,0.8,5.2,0.4,0,4.8,1,1,0,4,1,1
62,7,1,2,0,0,1,0.7,2.7,2,1.1,0.8,5,0.4,1.4,3.2,1,1,1,4,1,0
62,8,1,9,0,0,0,4.3,,,,,,,,,1,,,,0,0
62,9,1,4,0,1,1,1.7,1.3,-0.4,8.9,0.4,1.2,0,0.6,0.6,1,0,1,1,1,1
62,10,1,7,0,0,1,0.5,1.2,0.7,1.1,0.6,2.6,0.6,0,2,1,1,0,4,1,1
62,11,1,11,0,0,0,7.2,1,-6.2,5.6,0.6,1.6,0,0,1.6,1,0,0,2,1,0
62,12,1,8,0,1,0,1.9,1.1,-0.8,1.5,0.6,0.8,0,0.4,0.4,1,0,1,1,1,0
62,13,1,6,0,1,1,2.4,4.1,1.7,6.3,0.6,3.9,1.6,0,2.3,1,2,0,3,1,1
62,14,1,8,0,0,0,1.7,,,,,,,,,1,,,,0,0
62,15,1,4,0,0,1,1.7,1.5,-0.2,10.3,0.5,1,0.6,0,0.4,1,1,0,1,1,0
62,16,1,5,0,0,1,2,1.9,-0.1,0.4,0.4,0.8,0.4,0,0.4,1,1,0,1,1,0
62,17,1,2,0,1,0,3.5,2.7,-0.8,3.5,0.6,1.5,0,0.6,0.9,1,0,1,2,1,0
62,18,1,7,1,0,0,0.6,,,,,,,,,1,,,,0,0
62,19,1,0,0,0,1,2,1.3,-0.7,0.9,1,1.9,0,1.1,0.8,1,0,1,2,1,1
62,20,1,10,1,0,0,0.9,,,,,,,,,1,,,,0,0
62,21,1,3,1,0,0,0.7,,,,,,,,,1,,,,0,0
62,22,1,5,0,0,0,4.7,2.3,-2.4,1.8,0.6,3.3,0,0,3.3,1,0,0,4,1,0
62,23,1,8,1,1,1,0.8,2.3,1.5,,0.8,1.2,1.2,0,0,1,2,0,0,1,1
62,24,1,9,1,1,1,0.4,3,2.6,0.8,0.8,6,1.7,0,4.3,1,2,0,3,1,1
62,25,2,10,0,0,0,13.7,2.4,-11.3,10.8,0.5,0.9,0,0,0.9,1,0,0,2,1,0
62,26,2,11,0,1,0,2.7,1.2,-1.5,1,0.5,3.7,0,0,3.7,1,0,0,4,1,1
62,27,2,6,0,1,1,4.8,4.4,-0.4,5.7,0.6,2.3,0,1.3,1,1,0,1,2,1,1
62,28,2,3,1,1,0,4.2,2.1,-2.1,1.5,0.6,0.5,0,0,0.5,1,0,0,1,1,0
62,29,2,11,0,1,0,4.4,2.9,-1.5,0.9,0.6,3.1,0,0,3.1,1,0,0,3,1,0
62,30,2,4,0,1,0,1.6,0.8,-0.8,1.8,0.6,5.9,0,0.4,5.5,1,0,1,8,1,0
62,31,2,1,0,1,1,1,0.8,-0.2,3.3,0.4,8.9,3.2,0,5.7,1,1,0,4,1,1
62,32,2,9,0,1,1,0.4,1.9,1.5,2.4,0.6,6.1,0.5,1.7,3.9,1,1,1,5,1,1
62,33,2,3,0,1,1,0.8,0.6,-0.2,2.1,0.5,6,2.2,0,3.8,1,1,0,5,1,1
62,34,2,11,0,1,1,1.4,0.8,-0.6,8.3,0.6,2.8,0,0.4,2.4,1,0,1,3,1,1
62,35,2,10,0,1,0,11,1.9,-9.1,8.4,0.7,0.4,0,0,0.4,1,0,0,1,1,1
62,36,2,0,0,1,1,0.8,0.7,-0.1,0.6,0.4,1.4,0.6,0,0.8,1,1,0,2,1,1
62,37,2,10,0,1,1,2.7,2.2,-0.5,11.2,0.6,2,0,1.3,0.7,1,0,1,1,1,1
62,38,2,2,0,1,1,2.3,1.9,-0.4,1.8,0.6,1.7,0,0.4,1.3,1,0,1,2,1,1
62,39,2,3,0,1,1,1.4,1,-0.4,0.4,0.7,3.2,0,0.5,2.7,1,0,1,4,1,1
62,40,2,8,0,0,1,2.3,1.6,-0.7,5.4,0.8,1.1,0,0.4,0.7,1,0,1,1,1,1
62,41,2,0,0,1,1,1.1,0.8,-0.3,0.7,0.7,4.6,1,0,3.6,1,1,0,4,1,1
62,42,2,3,1,1,1,0.1,1.5,1.4,1.4,0.4,1.9,1.4,0,0.5,1,2,0,1,1,1
62,43,2,8,1,1,0,1.7,2.5,0.8,,0.5,0.4,0.4,0,0,1,1,0,0,1,0
62,44,2,6,1,1,1,0.6,2.2,1.6,3.6,0.4,6.8,1.3,0,5.5,1,2,0,4,1,1
62,45,2,7,1,1,1,0.3,2.6,2.3,1.6,0.7,4,1.7,0,2.3,1,3,0,2,1,1
62,46,2,0,1,1,1,0,5,5,,0.7,3.3,3.3,0,0,1,2,0,0,1,1
62,47,2,9,1,1,1,0.1,2.1,2,,0.5,1.7,1.7,0,0,1,2,0,0,1,1
62,48,2,3,1,1,1,0.2,3.1,2.9,2.8,0.4,3.6,1.8,0,1.8,1,2,0,3,1,1
62,49,3,0,0,0,0,2.1,5.5,3.4,4.5,1.2,12.5,1.6,1.1,9.8,1,3,1,8,1,0
62,50,3,9,0,1,1,0,1.7,1.7,0.4,0.8,4.2,0.9,0,3.3,1,2,0,4,1,1
62,51,3,11,1,0,0,1.6,,,,,,,,,1,,,,0,0
62,52,3,0,1,0,0,12.4,,,,,,,,,1,,,,0,0
62,53,3,3,1,1,0,1.2,2.2,1,7.6,0.4,0.9,0.4,0,0.5,1,1,0,1,1,0
62,54,3,1,0,1,1,0.4,4,3.6,1.3,1.1,8.9,3.6,1.5,3.8,1,2,1,3,1,1
62,55,3,0,1,1,1,0.8,5,4.2,3.9,0.7,7.6,5.3,0,2.3,1,3,0,1,1,1
62,56,3,3,0,1,1,1.1,3.2,2.1,0.6,0.7,7.1,2.2,0.7,4.2,1,2,1,6,1,1
62,57,3,11,0,1,1,0.7,13.4,12.7,0.6,0.6,7.3,6,0,1.3,1,8,0,2,1,1
62,58,3,1,0,1,1,1.3,2.6,1.3,1.3,0.7,6,1.1,0.4,4.5,1,2,1,5,1,1
62,59,3,7,0,0,1,0.9,11.4,10.5,0.9,0.5,5.4,3.1,0.9,1.4,1,5,1,2,1,0
62,60,3,10,0,1,1,0.4,1.3,0.9,0.5,0.6,6.6,1.2,0.4,5,1,2,1,8,1,1
62,61,3,0,0,1,1,0,0.8,0.8,1.6,0.8,9.9,0.7,1.8,7.4,1,1,1,6,1,1
62,62,3,10,0,1,1,0.3,0.8,0.5,1.3,0.5,4.9,0.4,0,4.5,1,1,0,6,1,1
62,63,3,6,1,0,0,1.2,,,,,,,,,1,,,,0,0
62,64,3,7,1,0,0,1.6,,,,,,,,,1,,,,0,0
62,65,3,0,1,0,0,0.1,,,,,,,,,1,,,,0,0
62,66,3,2,0,1,1,0,1,1,0.9,1,6,0.8,0.9,4.3,1,1,2,7,1,1
62,67,3,3,1,0,0,0.3,,,,,,,,,1,,,,0,0
62,68,3,4,1,0,1,0.9,1.8,0.9,10.3,0.4,2.9,2,0,0.9,1,1,0,1,1,0
62,69,3,3,0,1,1,1.8,1.5,-0.3,5.2,0.7,4.2,0.4,2.5,1.3,1,1,1,3,1,1
62,70,3,8,0,1,1,1.7,2.2,0.5,3,0.8,7.5,2.8,0,4.7,1,2,0,5,1,1
62,71,3,6,1,0,0,0.3,,,,,,,,,1,,,,0,0
62,72,3,4,1,0,0,7.8,,,,,,,,,1,,,,0,0
62,73,4,9,0,1,1,0.3,1.9,1.6,1.3,0.9,7.5,1.3,1.3,4.9,1,1,1,6,1,1
62,74,4,2,0,1,1,1.2,1,-0.2,0.8,0.6,7.3,0.5,0,6.8,1,1,0,7,1,1
62,75,4,6,1,1,1,0,1.1,1.1,0.6,0.5,3.8,1.5,0,2.3,1,2,0,4,1,1
62,76,4,4,1,1,1,0.3,2.2,1.9,3.3,0.6,8.4,2.2,1.8,4.4,1,1,1,3,1,1
62,77,4,9,1,1,1,2.1,2.9,0.8,8.5,0.9,3,1,1.5,0.5,1,1,1,1,1,1
62,78,4,10,0,1,1,1.5,3.6,2.1,0.6,0.7,9.1,2.2,0.9,6,1,1,1,7,1,1
62,79,4,8,1,1,1,0.2,3.9,3.7,3.6,0.8,2.3,1.9,0,0.4,1,2,0,1,1,1
62,80,4,1,1,1,1,0.3,1.7,1.4,1.3,0.6,4.5,1.5,0,3,1,2,0,2,1,1
62,81,4,5,1,1,1,0.8,2.1,1.3,,0.6,1.7,1.7,0,0,1,2,0,0,1,1
62,82,4,11,0,1,1,1.2,1.2,0,1.4,0.7,10.3,1.6,0,8.7,1,1,0,6,1,1
62,83,4,5,0,1,1,1,0.9,-0.1,2.3,0.7,5.3,2.7,0,2.6,1,1,0,4,1,1
62,84,4,10,0,0,1,0.6,0.8,0.2,0.6,0.8,2.8,0.7,0,2.1,1,1,0,3,1,0
62,85,4,6,0,1,1,0.7,2.7,2,0.8,0.7,10.4,3,0,7.4,1,2,0,7,1,1
62,86,4,4,0,1,1,0.2,0.4,0.2,0.4,0.7,9.3,0.6,0.5,8.2,1,1,1,8,1,1
62,87,4,8,0,0,0,2.9,1.5,-1.4,0.7,0.7,4.2,0,0,4.2,1,0,0,7,1,0
62,88,4,3,0,0,0,2.9,,,,,,,,,1,,,,0,0
62,89,4,0,0,0,1,2.4,2,-0.4,0.8,0.7,6.5,0,0.9,5.6,1,0,1,7,1,0
62,90,4,2,0,1,1,0.9,8.8,7.9,,0.8,5.4,4.7,0.7,0,1,5,1,0,1,1
62,91,4,11,1,1,1,0.5,1.1,0.6,3.8,0.5,4.3,0.9,0.4,3,1,1,1,4,1,1
62,92,4,4,1,1,1,0.8,3.4,2.6,1.5,0.5,6.4,2.1,0.6,3.7,1,2,1,2,1,1
62,93,4,7,1,1,1,0.5,2.2,1.7,,0.6,3.1,3.1,0,0,1,3,0,0,1,1
62,94,4,8,1,1,1,0.3,1.4,1.1,2.2,0.8,4.8,1.7,1.4,1.7,1,1,1,2,1,1
62,95,4,3,0,1,1,1.2,0.9,-0.3,0.3,0.9,4,0,0.8,3.2,1,0,1,3,1,1
62,96,4,0,1,1,1,0.2,0.3,0.1,1.4,0.6,6.7,1.2,0,5.5,1,1,0,5,1,1
62,97,5,2,0,0,1,1,5,4,1.2,0.8,4.3,2.1,0.4,1.8,1,1,1,2,1,0
62,98,5,0,0,0,1,1,0.5,-0.5,0.9,0.7,5.7,0,0.8,4.9,1,0,1,5,1,1
62,99,5,9,0,1,0,0.7,7.3,6.6,2,0.6,4.2,2.8,0,1.4,1,2,0,3,1,0
62,100,5,10,0,0,0,0.2,5.7,5.5,0.4,0.8,5.4,1.6,0,3.8,1,3,0,2,1,0
62,101,5,5,1,1,1,1.7,12.8,11.1,,0.7,6.7,6.7,0,0,1,5,0,0,1,1
62,102,5,11,0,1,0,1.1,1.9,0.8,1.9,0.7,4.6,0.4,0,4.2,1,1,0,8,1,0
62,103,5,0,0,1,1,0.1,1.8,1.7,4.4,0.7,5.5,1.4,0,4.1,1,2,0,5,1,1
62,104,5,10,1,1,0,1.2,3.5,2.3,1.5,0.8,2.3,1.1,0,1.2,1,1,0,2,1,1
62,105,5,9,0,0,1,0.4,0.8,0.4,1.7,0.6,7.9,0.4,0.6,6.9,1,1,1,7,1,1
62,106,5,10,0,0,1,1.9,1.4,-0.5,2.3,0.8,2.8,0,0.6,2.2,1,0,1,3,1,1
62,107,5,2,0,1,1,1.3,0.6,-0.7,1.7,0.7,7.9,0,1.6,6.3,1,0,1,4,1,1
62,108,5,6,0,1,1,0.8,1.1,0.3,4.7,0.8,8.1,0.4,4.5,3.2,1,1,1,3,1,1
62,109,5,9,0,0,1,1.4,1,-0.4,0.8,0.7,3,0,0.5,2.5,1,0,1,2,1,0
62,110,5,7,0,1,1,2.4,2,-0.4,0.5,0.8,5.1,0,0.8,4.3,1,0,1,4,1,1
62,111,5,2,1,1,1,0.1,1.7,1.6,9.7,0.7,3,2,0,1,1,1,0,1,1,1
62,112,5,4,0,1,1,1.6,2.2,0.6,3.9,0.8,9.3,0.5,3.6,5.2,1,1,1,6,1,1
62,113,5,3,0,1,1,0.1,1.9,1.8,3.6,0.9,4.1,0.9,0.4,2.8,1,2,1,3,1,1
62,114,5,8,0,1,0,1.1,3.5,2.4,0.8,0.8,3.7,0.4,0,3.3,1,1,0,5,1,0
62,115,5,2,0,1,1,0.5,2.7,2.2,0.9,0.9,7,1.9,0.9,4.2,1,2,1,6,1,1
62,116,5,7,1,0,1,0.1,1.3,1.2,0.6,0.7,2.3,1.5,0,0.8,1,1,0,2,1,1
62,117,5,1,1,1,1,0,2.5,2.5,1.7,0.8,4.2,2.2,1,1,1,2,1,2,1,1
62,118,5,11,0,1,1,1.6,2.1,0.5,0.6,0.9,4.9,0.6,0,4.3,1,1,0,7,1,1
62,119,5,2,0,1,1,1.9,1.1,-0.8,0.6,0.8,5.9,0,0.4,5.5,1,0,1,3,1,1
62,120,5,3,1,1,0,0.5,1.5,1,,0.7,0.8,0.8,0,0,1,1,0,0,1,0
63,1,1,2,1,1,1,0.4,3.2,2.8,,0.4,2,1.5,0.5,0,1,2,1,0,1,1
63,2,1,7,0,1,1,1.1,1.7,0.6,1.4,0.9,4.7,0.9,0.8,3,1,1,1,3,1,1
63,3,1,1,1,0,0,0,2,2,,0.8,1,1,0,0,1,2,0,0,1,0
63,4,1,3,0,0,1,0,0.9,0.9,10.7,0.9,3.7,1.1,0.6,2,1,1,1,1,1,1
63,5,1,6,0,1,0,3,0.8,-2.2,0.9,1.3,1.7,0,0,1.7,1,0,0,3,1,0
63,6,1,5,0,1,1,0.7,1.4,0.7,4.3,1.2,5.8,1.1,2.9,1.8,1,1,1,3,1,1
63,7,1,2,0,0,1,0.3,1,0.7,4,0.7,3.5,0.7,0.8,2,1,1,1,3,1,1
63,8,1,9,0,1,1,1.5,0.8,-0.7,7.3,0.7,3.9,0,1.8,2.1,1,0,1,2,1,1
63,9,1,4,0,0,1,1.4,1,-0.4,0.7,0.9,2.6,0,0.5,2.1,1,0,1,3,1,1
63,10,1,7,0,0,1,1.7,0.7,-1,,1.2,0.4,0,0.4,0,1,0,1,0,1,1
63,11,1,11,0,0,1,1.2,1.3,0.1,8.7,0.4,1.5,0.4,0,1.1,1,1,0,2,1,1
63,12,1,8,0,1,0,4.4,0.8,-3.6,2.8,0.8,1.2,0,0,1.2,1,0,0,1,1,1
63,13,1,6,0,1,1,0,2.4,2.4,3.4,1.1,8.4,5.3,0,3.1,1,3,0,4,1,1
63,14,1,8,0,0,1,0.6,1.4,0.8,0.6,1.6,6.8,1.4,1.2,4.2,1,1,1,5,1,1
63,15,1,4,0,0,0,5,1.5,-3.5,2.4,1.1,2.4,0,0,2.4,1,0,0,2,1,0
63,16,1,5,0,1,0,6.6,1.1,-5.5,4.3,1.2,0.8,0,0,0.8,1,0,0,1,1,0
63,17,1,2,0,0,1,0,2.2,2.2,5.6,1.1,4.1,2.7,0,1.4,1,3,0,2,1,1
63,18,1,7,1,0,0,,2.3,,,1.3,,,,,1,,,,1,0
63,19,1,0,0,1,0,13.6,2.1,-11.5,10.6,0.9,0.9,0,0,0.9,1,0,0,1,1,1
63,20,1,10,1,0,1,0.5,4.9,4.4,,1.1,2.9,2.9,0,0,1,2,0,0,1,0
63,21,1,3,1,0,0,0.1,1.8,1.7,,0.9,0.6,0.6,0,0,1,1,0,0,1,0
63,22,1,5,0,1,1,0.9,1.4,0.5,1.5,1.2,4.3,1.1,1.2,2,1,1,1,2,1,1
63,23,1,8,1,1,1,0.2,2,1.8,0.7,1.2,3,1.7,0.7,0.6,1,1,1,1,1,1
63,24,1,9,1,1,1,0.7,2.2,1.5,0.5,1.6,8.6,2.6,0,6,1,1,0,6,1,1
63,25,2,10,0,0,0,2.3,5.2,2.9,5.4,1,2.9,1.2,0,1.7,1,2,0,2,1,0
63,26,2,11,0,1,0,5.9,0.5,-5.4,4.3,1.1,2.1,0,0,2.1,1,0,0,2,1,0
63,27,2,6,0,1,1,3.4,4.1,0.7,1.2,1.4,4,1.2,0.4,2.4,1,1,1,4,1,1
63,28,2,3,1,0,0,,1.7,,,0.7,,,,,1,,,,1,0
63,29,2,11,0,1,1,0.5,2.5,2,4.5,2,4.8,1.2,1,2.6,1,2,1,4,1,1
63,30,2,4,0,0,0,9.9,3.1,-6.8,5.1,1.7,3.4,0,0,3.4,1,0,0,2,1,0
63,31,2,1,0,1,1,1.2,4.3,3.1,1.5,1.7,5.5,3.1,0,2.4,1,2,0,4,1,1
63,32,2,9,0,0,1,4.8,3.8,-1,1,2.1,4.1,0,1.3,2.8,1,0,2,4,1,1
63,33,2,3,0,1,1,1.1,2.3,1.2,4.5,1.9,3.8,0.9,0.7,2.2,1,2,1,2,1,1
63,34,2,11,0,1,1,2.1,0.7,-1.4,3.1,2,3.9,0,2.5,1.4,1,0,2,3,1,1
63,35,2,10,0,0,0,,3.9,,,1.8,,,,,1,,,,1,0
63,36,2,0,0,1,0,,0.1,,,1.6,,,,,1,,,,1,0
63,37,2,10,0,1,1,0.7,2.5,1.8,1.7,1.6,4.1,0.6,0.7,2.8,1,1,1,2,1,1
63,38,2,2,0,1,1,0.2,0.7,0.5,2.2,1.6,8.1,1.1,0.7,6.3,1,1,1,6,1,1
63,39,2,3,0,1,1,2.8,1.6,-1.2,6.5,2,2.9,0,0.9,2,1,0,1,2,1,1
63,40,2,8,0,1,0,13,0.9,-12.1,9.8,2.3,0.6,0,0,0.6,1,0,0,1,1,0
63,41,2,0,0,1,1,1.7,0.6,-1.1,1.8,1.6,3.8,0,1.3,2.5,1,0,1,3,1,1
63,42,2,3,1,1,1,0.2,0.4,0.2,1.9,0.6,1.5,0.4,0,1.1,1,1,0,2,1,1
63,43,2,8,1,0,0,,0.9,,,1.3,,,,,1,,,,1,0
63,44,2,6,1,1,0,1.2,2.6,1.4,4.4,1.5,1.2,0.6,0,0.6,1,1,0,1,1,0
63,45,2,7,1,1,0,0,1.5,1.5,,2,1,1,0,0,1,1,0,0,1,0
63,46,2,0,1,1,1,0.5,4.3,3.8,1.9,1.8,10.4,3,1.6,5.8,1,4,1,3,1,1
63,47,2,9,1,1,0,2.7,5.5,2.8,2.7,0.5,2.1,1.4,0,0.7,1,2,0,1,1,0
63,48,2,3,1,0,1,4.8,3.5,-1.3,,1.5,1.6,0,1.6,0,1,0,1,0,1,1
63,49,3,0,0,1,1,1,0.4,-0.6,2.8,1.1,8.2,0,1.1,7.1,1,0,1,3,1,1
63,50,3,9,0,1,0,8.8,0.1,-8.7,7.3,1.4,1.4,0,0,1.4,1,0,0,1,1,0
63,51,3,11,1,1,1,0.7,0.6,-0.1,2.7,1.5,3.1,0.7,0,2.4,1,1,0,2,1,1
63,52,3,0,1,1,0,4.6,0.2,-4.4,2.3,2.1,2.7,0,0,2.7,1,0,0,2,1,0
63,53,3,3,1,1,1,1,0.6,-0.4,3.8,1.2,0.8,0,0.4,0.4,1,0,1,1,1,1
63,54,3,1,0,1,1,0.5,1.8,1.3,2,2.1,11.9,4.4,0,7.5,1,1,0,2,1,1
63,55,3,0,1,1,1,1.7,3.7,2,1.7,2,6.8,5.1,0,1.7,1,1,0,2,1,1
63,56,3,3,0,1,1,0,1.1,1.1,2.6,1.5,6.4,1.9,2,2.5,1,1,1,2,1,1
63,57,3,11,0,1,1,1.9,6.4,4.5,0.8,1.6,14.9,5.7,0,9.2,1,2,0,2,1,1
63,58,3,1,0,1,0,6,0.2,-5.8,4.7,1.1,6.4,0,0,6.4,1,0,0,1,1,1
63,59,3,7,0,1,1,1.7,8,6.3,3.3,2,6.7,3.5,2.4,0.8,1,2,1,1,1,1
63,60,3,10,0,1,1,0.2,1.3,1.1,1.5,1.2,3.3,1.4,0,1.9,1,2,0,2,1,1
63,61,3,0,0,1,1,,,,,1.3,5.8,0,0,5.8,1,0,0,4,1,1
63,62,3,10,0,0,1,1.1,0.7,-0.4,1.2,1.2,3.7,0,1.9,1.8,1,0,1,3,1,1
63,63,3,6,1,0,0,0.6,1.8,1.2,8.8,1.2,1.6,0.5,0,1.1,1,1,0,1,1,0
63,64,3,7,1,1,1,1.6,3.3,1.7,,1.5,2.7,2.7,0,0,1,1,0,0,1,1
63,65,3,0,1,1,1,0.1,3.3,3.2,1.1,1.9,4.7,3.5,0.4,0.8,1,2,1,1,1,1
63,66,3,2,0,1,1,0,3.2,3.2,6.6,1.9,6.2,3.6,2.1,0.5,1,2,1,1,1,1
63,67,3,3,1,0,1,0,0.5,0.5,1,1.5,4.3,1.4,0,2.9,1,1,0,2,1,0
63,68,3,4,1,1,1,2.6,1.4,-1.2,,1.1,1.5,0,1.5,0,1,0,1,0,1,1
63,69,3,3,0,1,1,0,0.4,0.4,2.7,2,5.2,1.3,2.4,1.5,1,1,1,2,1,1
63,70,3,8,0,1,1,0.8,2.4,1.6,1.5,1.6,5.5,1.5,2.3,1.7,1,1,1,1,1,1
63,71,3,6,1,1,1,1.5,3.3,1.8,1.2,1.5,4.5,1.2,0.5,2.8,1,1,1,4,1,1
63,72,3,4,1,1,1,2.1,1.1,-1,0.5,0.5,1.8,0,0,1.8,1,0,0,3,1,1
63,73,4,9,0,1,1,0.9,3.2,2.3,1.8,3.5,18.3,5.5,0,12.8,1,1,0,6,1,1
63,74,4,2,0,0,1,1.8,5,3.2,1.1,2.4,6.6,2.7,1.5,2.4,1,2,1,3,1,1
63,75,4,6,1,0,1,2.2,11.3,9.1,,1.2,2.7,1.9,0.8,0,1,3,1,0,1,1
63,76,4,4,1,1,1,0.1,8.1,8,1.5,1.5,7.8,5.9,0,1.9,1,4,0,2,1,1
63,77,4,9,1,1,1,0.5,2.9,2.4,1.7,2.8,6.9,5.5,0,1.4,1,1,0,2,1,1
63,78,4,10,0,1,1,1.3,3.7,2.4,2.8,2.4,8.6,2.4,2.1,4.1,1,2,1,2,1,1
63,79,4,8,1,1,1,0.5,2.1,1.6,,2.4,3.5,3,0.5,0,1,1,1,0,1,1
63,80,4,1,1,1,1,0.5,1.9,1.4,9.3,2,2.4,1.2,0.7,0.5,1,1,1,1,1,1
63,81,4,5,1,1,1,0,1.1,1.1,,2.2,1.5,0.9,0.6,0,1,1,1,0,1,1
63,82,4,11,0,1,1,0.4,2,1.6,1.1,2.6,10.9,3.6,0,7.3,1,2,0,3,1,1
63,83,4,5,0,1,1,0.3,1.8,1.5,1.8,2,5.4,1.3,1.2,2.9,1,2,1,3,1,1
63,84,4,10,0,0,1,0.5,1,0.5,1.6,2.1,5.9,3.9,0,2,1,1,0,3,1,1
63,85,4,6,0,0,1,1.1,3.1,2,2,2,7.9,2,1.6,4.3,1,2,1,5,1,1
63,86,4,4,0,1,1,0.4,0,-0.4,1.4,2.2,10.2,0,2.2,8,1,0,2,3,1,1
63,87,4,8,0,1,1,0,0.2,0.2,2.3,1.4,9.3,0.8,2.8,5.7,1,1,1,3,1,1
63,88,4,3,0,1,1,0.9,0.1,-0.8,3.7,1.4,13.1,0,3.2,9.9,1,0,1,4,1,1
63,89,4,0,0,1,1,8.2,1,-7.2,5.7,1.5,5.4,0,0,5.4,1,0,0,3,1,1
63,90,4,2,0,0,1,2.1,8.7,6.6,0.4,2.2,9.5,7,0.9,1.6,1,2,1,1,1,0
63,91,4,11,1,1,1,0.7,2,1.3,9.4,2.1,4.7,2.9,1.1,0.7,1,1,1,1,1,1
63,92,4,4,1,1,1,1,5.8,4.8,0.4,2.5,13.7,6.2,0,7.5,1,2,0,3,1,1
63,93,4,7,1,1,1,8.2,4.1,-4.1,2,2.1,1.5,0,0,1.5,1,0,0,2,1,1
63,94,4,8,1,1,1,0.3,1,0.7,7.1,1.8,4.6,3.2,0,1.4,1,1,0,1,1,1
63,95,4,3,0,0,1,0,0.3,0.3,1.7,1.2,7.9,2,0,5.9,1,2,0,5,1,1
63,96,4,0,1,1,1,13.3,0.9,-12.4,11.1,1.3,1,0,0,1,1,0,0,1,1,1
63,97,5,2,0,0,1,1.7,2.2,0.5,0.4,0.7,7.7,0.4,0,7.3,1,1,0,3,1,0
63,98,5,0,0,0,1,2.3,1,-1.3,2.7,1.2,5.4,0,1.6,3.8,1,0,1,4,1,1
63,99,5,9,0,0,0,0.2,8.6,8.4,,2.8,2.1,2.1,0,0,1,3,0,0,1,0
63,100,5,10,0,0,1,1.6,4.2,2.6,3.3,1.8,6.7,3.3,0.9,2.5,1,2,1,3,1,1
63,101,5,5,1,1,1,2.5,7.3,4.8,1.2,2.4,6.8,4.9,0,1.9,1,2,0,1,1,1
63,102,5,11,0,0,1,0.8,2,1.2,0.5,1.8,7.6,1.6,0.8,5.2,1,1,1,4,1,1
63,103,5,0,0,1,1,0.4,0.7,0.3,0.6,2.9,7.3,0.7,2.1,4.5,1,1,1,5,1,1
63,104,5,10,1,0,1,0,2.6,2.6,5.7,1.5,4.2,2,0.5,1.7,1,2,1,1,1,1
63,105,5,9,0,0,0,2.4,0.3,-2.1,0.9,1.2,6.3,0,0,6.3,1,0,0,3,1,0
63,106,5,10,0,0,1,0.2,1,0.8,0.6,0.5,8.9,0.9,0,8,1,2,0,4,1,0
63,107,5,2,0,0,0,5.1,0.4,-4.7,3.4,1.3,2.7,0,0,2.7,1,0,0,3,1,0
63,108,5,6,0,0,1,0.3,1.6,1.3,0.8,1.3,8,3.2,0,4.8,1,2,0,2,1,1
63,109,5,9,0,0,1,3.3,0.9,-2.4,1.4,1,6,0,0,6,1,0,0,3,1,1
63,110,5,7,0,0,1,1.5,0.6,-0.9,1.5,1.2,7.4,0,0.6,6.8,1,0,1,5,1,1
63,111,5,2,1,0,1,3.3,1,-2.3,0.4,1.9,4.2,0,0,4.2,1,0,0,4,1,1
63,112,5,4,0,0,1,0,4.4,4.4,0.6,0.9,11.8,3.4,0,8.4,1,2,0,3,1,0
63,113,5,3,0,0,1,2,0.7,-1.3,0.9,1.5,10.5,0,0.7,9.8,1,0,1,5,1,0
63,114,5,8,0,1,1,5.8,2.1,-3.7,1.5,2.2,4.2,0,0,4.2,1,0,0,4,1,1
63,115,5,2,0,1,1,0,2.8,2.8,0.8,1.6,7.9,3.5,0.8,3.6,1,2,1,3,1,1
63,116,5,7,1,0,1,0.9,2.1,1.2,0.9,1.5,4.9,2.7,0.4,1.8,1,1,1,2,1,1
63,117,5,1,1,0,1,1,4.4,3.4,2.5,1.4,5.6,2.7,1.6,1.3,1,2,1,1,1,1
63,118,5,11,0,0,1,1,1.6,0.6,0.5,1.2,7,1.7,0,5.3,1,1,0,5,1,0
63,119,5,2,0,0,1,0.2,0.9,0.7,2.3,0.9,5.5,1,0,4.5,1,2,0,3,1,0
63,120,5,3,1,0,1,,0.5,,,1.1,,,,,1,,,,1,1
66,1,1,2,1,1,1,,,,,8.5,3.7,0,0,3.7,1,0,0,6,1,1
66,2,1,7,0,0,1,0,6,6,1.9,6,6.7,2.2,2.9,1.6,1,4,3,1,1,1
66,3,1,1,1,0,1,3.2,5.7,2.5,,6.6,1,0.5,0.5,0,1,1,1,0,1,1
66,4,1,3,0,0,1,0.4,7,6.6,1.5,4.9,4.7,3.5,0.4,0.8,1,5,1,2,1,1
66,5,1,6,0,1,1,0.2,5.9,5.7,,8,4.1,3,1.1,0,1,3,2,0,1,1
66,6,1,5,0,1,1,4.3,5.7,1.4,,8.3,6.3,0.9,5.4,0,1,1,4,0,1,1
66,7,1,2,0,1,1,0,5.8,5.8,0.6,6.4,6.1,2.8,2.4,0.9,1,3,3,1,1,1
66,8,1,9,0,1,1,0.6,5.2,4.6,,6,6.3,2.9,3.4,0,1,4,2,0,1,1
66,9,1,4,0,0,1,0.1,4.9,4.8,1.3,5.5,4.2,2.7,1,0.5,1,2,1,1,1,1
66,10,1,7,0,1,1,1.4,4.7,3.3,0.4,5,2.2,1,0.6,0.6,1,2,1,1,1,1
66,11,1,11,0,1,1,3.2,5.1,1.9,,7,3.5,1.8,1.7,0,1,1,3,0,1,1
66,12,1,8,0,0,0,4.3,,,,,,,,,1,,,,0,0
66,13,1,6,0,1,1,,,,,7.1,4.9,0,0,4.9,1,0,0,7,1,1
66,14,1,8,0,1,1,0.1,5.7,5.6,1.5,4.8,6.8,2.3,1.4,3.1,1,3,2,1,1,1
66,15,1,4,0,0,1,1.8,5.6,3.8,1.7,2.9,6.1,3,0,3.1,1,2,0,2,1,1
66,16,1,5,0,1,1,2.6,6.2,3.6,,6.4,5.5,3.9,1.6,0,1,3,2,0,1,1
66,17,1,2,0,0,0,3.2,,,,,,,,,1,,,,0,0
66,18,1,7,1,1,0,,6,,,6.8,,,,,1,,,,1,0
66,19,1,0,0,0,1,0.6,7.1,6.5,4.4,0.5,2.8,1.9,0,0.9,1,3,0,1,1,1
66,20,1,10,1,0,1,0,6.1,6.1,,0.4,2.1,2.1,0,0,1,3,0,0,1,1
66,21,1,3,1,0,1,2.4,5.6,3.2,,4.6,1.5,0.4,1.1,0,1,1,2,0,1,1
66,22,1,5,0,0,0,0.8,7.2,6.4,0.4,4.2,2.7,2,0,0.7,1,3,0,1,1,0
66,23,1,8,1,0,0,,6.1,,,4.2,,,,,1,,,,1,0
66,24,1,9,1,0,0,0.1,,,,,,,,,1,,,,0,0
66,25,2,10,0,0,1,,,,,4.9,4,0,0,4,1,0,0,4,1,1
66,26,2,11,0,0,1,0,5.5,5.5,,7.9,7.1,3.7,3.4,0,1,4,5,0,1,1
66,27,2,6,0,0,1,0.4,5.4,5,4.1,0.7,5.4,3,0.7,1.7,1,3,1,3,1,0
66,28,2,3,1,0,1,2,4.9,2.9,,5.2,1.4,0.9,0.5,0,1,2,1,0,1,1
66,29,2,11,0,0,1,0,5.8,5.8,,5.3,3.5,1.4,2.1,0,1,2,3,0,1,1
66,30,2,4,0,1,1,0,4.9,4.9,2.2,6.2,8.3,3.4,4.3,0.6,1,5,3,1,1,1
66,31,2,1,0,1,1,0.5,5,4.5,,7.4,10.6,2.8,7.8,0,1,4,2,0,1,1
66,32,2,9,0,1,1,1.4,5.6,4.2,,7,4.1,3.1,1,0,1,3,2,0,1,1
66,33,2,3,0,0,1,0,5.2,5.2,,7.5,5.1,3.8,1.3,0,1,5,2,0,1,1
66,34,2,11,0,0,1,2.2,5.4,3.2,,5,3.6,2.3,1.3,0,1,3,1,0,1,1
66,35,2,10,0,1,1,0,5.3,5.3,,6.6,7,2.8,4.2,0,1,3,3,0,1,1
66,36,2,0,0,0,0,4.9,,,,,,,,,1,,,,0,0
66,37,2,10,0,0,1,,,,,4.9,4.4,0,0,4.4,1,0,0,7,1,1
66,38,2,2,0,1,1,3.3,5,1.7,0.6,4.8,3.4,1.1,1.9,0.4,1,1,2,1,1,1
66,39,2,3,0,0,1,0,5.1,5.1,2.1,5.1,4.4,3.2,0.4,0.8,1,1,1,1,1,1
66,40,2,8,0,0,1,0,5.3,5.3,,6.6,3.6,2.6,1,0,1,2,1,0,1,1
66,41,2,0,0,0,1,3.7,6,2.3,,5.4,1.4,0.7,0.7,0,1,1,1,0,1,1
66,42,2,3,1,0,0,4.7,,,,,,,,,1,,,,0,0
66,43,2,8,1,1,0,1.8,9.8,8,,1.2,3.1,3.1,0,0,1,3,0,0,1,0
66,44,2,6,1,1,1,5.6,6.7,1.1,0.6,0.6,2.9,1.4,0,1.5,1,1,0,2,1,1
66,45,2,7,1,1,1,4.4,9.2,4.8,,6.9,6.1,5.6,0.5,0,1,3,1,0,1,1
66,46,2,0,1,1,1,0.7,5.6,4.9,0.8,0.4,7.6,4.6,0,3,1,3,0,2,1,1
66,47,2,9,1,1,1,0.9,6.3,5.4,,5,3.8,1.3,2.5,0,1,2,3,0,1,1
66,48,2,3,1,0,0,8.7,,,,,,,,,1,,,,0,0
66,49,3,0,0,1,1,,,,,3.3,11.7,0,0,11.7,1,0,0,11,1,1
66,50,3,9,0,0,0,2.9,9.8,6.9,1.3,1.7,2.5,1.6,0,0.9,1,2,0,1,1,0
66,51,3,11,1,1,1,2.7,5.7,3,,2,2.5,2.5,0,0,1,2,0,0,1,1
66,52,3,0,1,1,1,0,5.9,5.9,4.9,2.5,3.3,1.6,1.2,0.5,1,3,2,1,1,1
66,53,3,3,1,0,1,1.1,9.9,8.8,,1.7,1.3,0.5,0.8,0,1,1,1,0,1,0
66,54,3,1,0,0,1,0.1,13.5,13.4,,4.4,5.8,5.8,0,0,1,6,0,0,1,0
66,55,3,0,1,1,1,0.4,7.4,7,2.8,3.5,3.3,2.8,0,0.5,1,3,0,1,1,1
66,56,3,3,0,1,1,0.4,13,12.6,,3.9,6,6,0,0,1,6,0,0,1,1
66,57,3,11,0,1,1,0.4,5.8,5.4,1.6,4,8.3,3,3.6,1.7,1,4,3,2,1,1
66,58,3,1,0,1,1,0.5,10.9,10.4,,4.7,7.7,6.5,1.2,0,1,6,1,0,1,1
66,59,3,7,0,0,1,2.5,5.3,2.8,4,5,6.4,1.3,4.7,0.4,1,2,3,1,1,1
66,60,3,10,0,0,0,0.4,,,,,,,,,1,,,,0,0
66,61,3,0,0,1,1,,,,,4.2,10.2,0,0,10.2,1,0,0,7,1,1
66,62,3,10,0,0,1,2.1,6.3,4.2,,5.5,2.1,1.2,0.9,0,1,2,1,0,1,0
66,63,3,6,1,1,1,2.2,9.6,7.4,,4.1,1.9,1.1,0.8,0,1,2,1,0,1,1
66,64,3,7,1,1,1,0,9.5,9.5,,9.5,9,6.7,2.3,0,1,6,3,0,1,1
66,65,3,0,1,0,1,0,10.2,10.2,,8.7,4.3,4.3,0,0,1,6,0,0,1,1
66,66,3,2,0,0,1,0.8,8.5,7.7,1.2,4,4.3,3.2,0.5,0.6,1,4,1,1,1,1
66,67,3,3,1,1,1,0,7.4,7.4,,3.3,3.2,2.3,0.9,0,1,3,1,0,1,1
66,68,3,4,1,0,1,4.6,6.3,1.7,2.9,3.8,1.8,0.7,0.4,0.7,1,1,1,1,1,1
66,69,3,3,0,1,1,0.1,6.5,6.4,0.8,4.6,5.4,3.9,0.9,0.6,1,4,1,1,1,1
66,70,3,8,0,0,1,1.7,11.1,9.4,,3.8,6.1,5.5,0.6,0,1,4,1,0,1,0
66,71,3,6,1,1,1,0.6,7.3,6.7,,4.3,5.3,3.1,2.2,0,1,4,3,0,1,1
66,72,3,4,1,0,0,0.2,,,,,,,,,1,,,,0,0
66,73,4,9,0,1,1,,,,,4.2,6,0,0,6,1,0,0,7,1,1
66,74,4,2,0,0,1,0,6.4,6.4,,8.5,6.2,1.6,4.6,0,1,3,4,0,1,1
66,75,4,6,1,1,1,4,6.5,2.5,,7.3,5.7,1.9,3.8,0,1,2,4,0,1,1
66,76,4,4,1,1,1,4.4,11.2,6.8,,2,3.8,3.3,0.5,0,1,4,1,0,1,1
66,77,4,9,1,0,1,1.4,6,4.6,0.7,3.9,5.3,1.8,0.4,3.1,1,3,1,2,1,1
66,78,4,10,0,0,1,0.8,4.9,4.1,2.9,3.6,5.1,1.6,1.5,2,1,3,2,2,1,1
66,79,4,8,1,1,1,2.1,5.6,3.5,1.7,4.5,3.7,1.1,1.7,0.9,1,2,3,1,1,1
66,80,4,1,1,1,1,0.9,5.3,4.4,2.1,3.8,7.1,5.5,0.6,1,1,2,1,2,1,1
66,81,4,5,1,0,1,4.3,4.6,0.3,1,5.4,1.4,0.5,0,0.9,1,1,0,1,1,1
66,82,4,11,0,0,1,1.1,5.2,4.1,4.1,4.5,5.2,1.7,2.9,0.6,1,3,3,1,1,1
66,83,4,5,0,1,1,0.3,4.8,4.5,4.7,4.1,4.7,2.7,0,2,1,2,0,1,1,1
66,84,4,10,0,0,0,1.7,,,,,,,,,1,,,,0,0
66,85,4,6,0,1,1,,,,,4.9,7.2,0,0,7.2,1,0,0,9,1,1
66,86,4,4,0,1,1,0.7,5,4.3,1.2,4,5.9,2.7,2.8,0.4,1,4,2,1,1,1
66,87,4,8,0,0,1,0.2,6,5.8,4.5,3.2,6.3,4.1,1.8,0.4,1,3,2,1,1,1
66,88,4,3,0,1,1,0.3,6.5,6.2,,4.1,5.4,4.8,0.6,0,1,5,1,0,1,1
66,89,4,0,0,1,1,1.9,12.7,10.8,,4.3,6.9,6,0.9,0,1,7,1,0,1,1
66,90,4,2,0,0,1,0.2,6.1,5.9,2.3,3.7,4.6,1.6,1.3,1.7,1,3,1,3,1,1
66,91,4,11,1,1,1,1.1,6.3,5.2,,6.1,6.9,3.3,3.6,0,1,3,4,0,1,1
66,92,4,4,1,1,1,2.3,6.2,3.9,3,4.9,5.2,3.7,1.1,0.4,1,4,2,1,1,1
66,93,4,7,1,1,1,0.6,5.6,5,1,4.4,6.1,2.7,2.4,1,1,3,4,2,1,1
66,94,4,8,1,0,0,1.8,4.9,3.1,4.8,4.4,1.4,1,0,0.4,1,2,0,1,1,0
66,95,4,3,0,0,0,10.6,4.9,-5.7,2.2,3.5,0.6,0,0,0.6,1,0,0,1,1,0
66,96,4,0,1,0,0,0.3,,,,,,,,,1,,,,0,0
66,97,5,2,0,1,1,1.1,4.9,3.8,0.4,0.5,7.8,2.5,0,5.3,1,4,0,3,1,1
66,98,5,0,0,1,1,0.5,6.9,6.4,0.9,6,9.9,4.5,4.8,0.6,1,4,1,1,1,1
66,99,5,9,0,1,1,0.7,6.2,5.5,0.8,6.1,9.1,3.8,4.5,0.8,1,3,3,2,1,1
66,100,5,10,0,0,1,0,11,11,,6.2,4,3.6,0.4,0,1,5,1,0,1,1
66,101,5,5,1,1,0,5.8,5,-0.8,0.4,0.4,0.5,0,0,0.5,1,0,0,1,1,0
66,102,5,11,0,1,1,0.4,4.9,4.5,,8.7,9.7,3,6.7,0,1,4,4,0,1,1
66,103,5,0,0,0,1,0.7,5.5,4.8,1.1,2.6,3,1.4,0,1.6,1,2,0,2,1,1
66,104,5,10,1,0,1,9.8,4.9,-4.9,,5.6,1.8,0,1.8,0,1,0,1,0,1,0
66,105,5,9,0,0,1,1.3,5.1,3.8,1.8,3.9,8.1,4,2.3,1.8,1,2,2,1,1,1
66,106,5,10,0,1,1,0.6,5.3,4.7,,6.5,8.5,4.1,4.4,0,1,3,4,0,1,1
66,107,5,2,0,1,1,1.2,5.2,4,,8.8,10.1,5.5,4.6,0,1,3,3,0,1,1
66,108,5,6,0,0,0,1.9,,,,,,,,,1,,,,0,0
66,109,5,9,0,1,1,,,,,4.7,7.7,0,0,7.7,1,0,0,5,1,1
66,110,5,7,0,0,1,2.1,5.6,3.5,,7,1.6,0.9,0.7,0,1,2,1,0,1,1
66,111,5,2,1,1,1,0.3,6.5,6.2,,7.5,3,2.6,0.4,0,1,2,1,0,1,1
66,112,5,4,0,1,1,0.9,5.9,5,,6.9,6.9,1.6,5.3,0,1,2,3,0,1,1
66,113,5,3,0,1,1,2,6.4,4.4,,8.9,8.5,4.2,4.3,0,1,3,3,0,1,1
66,114,5,8,0,1,1,0.8,5.6,4.8,,10.5,9.4,2.5,6.9,0,1,2,2,0,1,1
66,115,5,2,0,0,1,1.5,5.6,4.1,2,4.2,6.4,1.1,3.3,2,1,1,2,2,1,1
66,116,5,7,1,1,1,0.7,6,5.3,,7.9,6.5,2,4.5,0,1,3,3,0,1,1
66,117,5,1,1,0,1,1.2,5.5,4.3,,8.3,1.5,1.1,0.4,0,1,2,1,0,1,1
66,118,5,11,0,1,1,0,5.6,5.6,,6.9,7.9,4.7,3.2,0,1,2,2,0,1,1
66,119,5,2,0,0,0,0,,,,,,,,,1,,,,0,0
66,120,5,3,1,0,0,,,,,,,,,,1,,,,0,0
67,1,1,2,1,0,1,,,,,0.9,5.2,0,0,5.2,1,0,0,6,1,1
67,2,1,7,0,1,1,0.4,2.8,2.4,5.9,2.4,4.8,3.6,0.7,0.5,1,2,1,1,1,1
67,3,1,1,1,0,0,1.7,,,,,,,,,1,,,,0,0
67,4,1,3,0,1,1,2.6,3.9,1.3,,2.6,1.8,0.6,1.2,0,1,1,1,0,1,1
67,5,1,6,0,1,0,2.1,3.8,1.7,2.4,1.2,6.8,0.5,0.8,5.5,1,1,1,2,1,1
67,6,1,5,0,1,1,1.5,3.4,1.9,4,2,4.9,1.3,2.2,1.4,1,3,1,2,1,1
67,7,1,2,0,1,1,0.8,0,-0.8,1.3,0.8,4.9,0,0.4,4.5,1,0,1,5,1,1
67,8,1,9,0,1,1,0.8,2.2,1.4,0.5,1.9,3.3,1.7,0,1.6,1,2,0,1,1,1
67,9,1,4,0,1,1,0,5.5,5.5,,3.4,2.7,1.8,0.9,0,1,2,1,0,1,1
67,10,1,7,0,1,1,5.9,3.2,-2.7,6.1,2.8,2.4,0,0.9,1.5,1,0,1,3,1,1
67,11,1,11,0,1,1,0.5,2.4,1.9,5.9,2.9,1.8,0.4,0.5,0.9,1,1,1,1,1,1
67,12,1,8,0,1,1,0.4,2.9,2.5,,1.3,2,2,0,0,1,3,0,0,1,1
67,13,1,6,0,0,0,0.1,,,,,,,,,1,,,,0,0
67,14,1,8,0,1,1,0.9,4.7,3.8,2.2,1,4.3,2.5,0.9,0.9,1,3,2,1,1,1
67,15,1,4,0,0,0,0.6,,,,,,,,,1,,,,0,0
67,16,1,5,0,1,1,1.6,4,2.4,0.9,2.6,5.9,0.6,1,4.3,1,1,1,5,1,1
67,17,1,2,0,1,0,3.2,4.9,1.7,2.2,0.4,3.6,0.8,0,2.8,1,1,0,2,1,0
67,18,1,7,1,0,0,1.6,,,,,,,,,1,,,,0,0
67,19,1,0,0,0,0,0.4,2.5,2.1,0.9,2.4,1.3,0.9,0,0.4,1,1,0,1,1,0
67,20,1,10,1,0,0,9,,,,,,,,,1,,,,0,0
67,21,1,3,1,0,0,1.4,,,,,,,,,1,,,,0,0
67,22,1,5,0,1,1,5.5,6.7,1.2,,2,1.9,1.9,0,0,1,2,0,0,1,1
67,23,1,8,1,0,0,2,,,,,,,,,1,,,,0,0
67,24,1,9,1,0,0,1,,,,,,,,,1,,,,0,0
67,25,2,10,0,1,1,,,,,0.9,16.4,6.7,0,9.7,1,5,0,9,1,1
67,26,2,11,0,1,1,,,,,1.2,5.1,0.8,1.9,2.4,1,2,1,4,1,1
67,27,2,6,0,1,1,1.6,6.7,5.1,0.5,0.8,4.4,1.5,0.6,2.3,1,3,1,2,1,1
67,28,2,3,1,0,0,0.4,2.5,2.1,3.8,0.7,2.2,0.6,0,1.6,1,1,0,2,1,0
67,29,2,11,0,0,1,0.8,1.6,0.8,2.4,0.6,6.7,1.2,0,5.5,1,1,0,7,1,0
67,30,2,4,0,1,1,0.9,1.5,0.6,5.1,0.7,3.3,1.4,0,1.9,1,2,0,4,1,1
67,31,2,1,0,1,1,0.8,2.2,1.4,0.6,1,6.6,1.3,0.4,4.9,1,1,1,6,1,1
67,32,2,9,0,1,1,0.4,3.2,2.8,0.4,0.7,6.8,1.5,0,5.3,1,3,0,6,1,1
67,33,2,3,0,1,1,0.9,1.1,0.2,0.5,0.9,5.8,0.7,0,5.1,1,1,0,5,1,1
67,34,2,11,0,0,0,4.7,1.9,-2.8,1.9,0.9,3.8,0,0,3.8,1,0,0,5,1,0
67,35,2,10,0,0,0,9.1,4.1,-5,3.6,1.4,1.6,0,0,1.6,1,0,0,2,1,0
67,36,2,0,0,0,0,,1.7,,,2,,,,,1,,,,1,0
67,37,2,10,0,0,1,,,,,0.5,2,0,0,2,1,0,0,4,1,1
67,38,2,2,0,1,0,0.6,1.8,1.2,0.8,1.2,2.6,0.9,0,1.7,1,1,0,2,1,1
67,39,2,3,0,0,1,2.7,2.1,-0.6,0.9,0.8,4.7,0,0.9,3.8,1,0,2,5,1,0
67,40,2,8,0,0,0,0,3.7,3.7,1.7,2.5,2,0.4,0,1.6,1,1,0,2,1,0
67,41,2,0,0,1,1,0,1.1,1.1,0.9,1.8,3.8,2,0,1.8,1,2,0,3,1,1
67,42,2,3,1,1,1,1.1,1.6,0.5,1.2,2,6,0.7,0,5.3,1,1,0,3,1,1
67,43,2,8,1,0,1,5.8,5.8,0,,2.8,0.4,0.4,0,0,1,1,0,0,1,1
67,44,2,6,1,1,0,2.1,2.9,0.8,,1.3,0.4,0.4,0,0,1,1,0,0,1,0
67,45,2,7,1,1,1,2.4,2.9,0.5,2.2,0.6,1.3,0.6,0,0.7,1,1,0,1,1,1
67,46,2,0,1,1,1,0.9,2.1,1.2,2.1,1.4,8.2,4.2,0,4,1,1,0,5,1,1
67,47,2,9,1,1,1,3.3,2.3,-1,,1.1,1.4,0,1.4,0,1,0,1,0,1,1
67,48,2,3,1,0,1,2.4,3.5,1.1,0.6,2,2.4,0.4,0.4,1.6,1,1,1,2,1,1
67,49,3,0,0,1,1,0.3,1.4,1.1,3.8,1.1,8.3,1.2,3,4.1,1,1,1,4,1,1
67,50,3,9,0,0,1,0.1,1.3,1.2,0.9,2.7,4.1,0.8,0.6,2.7,1,1,1,3,1,1
67,51,3,11,1,0,0,1.4,,,,,,,,,1,,,,0,0
67,52,3,0,1,0,0,0.6,,,,,,,,,1,,,,0,0
67,53,3,3,1,0,0,0.5,,,,,,,,,1,,,,0,0
67,54,3,1,0,0,0,0.2,,,,,,,,,1,,,,0,0
67,55,3,0,1,0,0,7.9,,,,,,,,,1,,,,0,0
67,56,3,3,0,1,1,1.2,1.4,0.2,0.6,1.4,5.6,2.1,0,3.5,1,1,0,5,1,1
67,57,3,11,0,1,1,0.5,5.4,4.9,1.6,2.2,3.2,1.8,0.7,0.7,1,2,1,1,1,1
67,58,3,1,0,1,1,0.2,1.5,1.3,1.5,1.5,8.8,1.5,0.6,6.7,1,1,1,3,1,1
67,59,3,7,0,1,1,0.9,6.4,5.5,5.4,1.5,3.1,1.6,0,1.5,1,2,0,2,1,1
67,60,3,10,0,1,1,0.8,1.3,0.5,1.1,2.2,5.8,2.5,0,3.3,1,1,0,3,1,1
67,61,3,0,0,1,1,0.2,2.2,2,0.9,2.3,9.1,2,1.8,5.3,1,3,1,2,1,1
67,62,3,10,0,0,1,0.1,3.3,3.2,2.7,1.4,8.9,2.3,2.7,3.9,1,3,1,2,1,0
67,63,3,6,1,1,1,0.7,9.1,8.4,,5.8,4,4,0,0,1,4,0,0,1,1
67,64,3,7,1,0,1,1.9,,,,,,,,,1,,,,0,1
67,65,3,0,1,0,0,0.7,,,,,,,,,1,,,,0,0
67,66,3,2,0,1,1,0.2,4.4,4.2,0.8,2.2,5.6,2.6,0.9,2.1,1,3,1,4,1,1
67,67,3,3,1,0,0,0.7,2.4,1.7,0.5,0.4,2.6,0.9,0,1.7,1,2,0,3,1,0
67,68,3,4,1,0,0,1.9,,,,,,,,,1,,,,0,0
67,69,3,3,0,0,1,2,0,-2,1.6,0.4,2,0,0,2,1,0,0,2,1,1
67,70,3,8,0,1,1,0.1,3.6,3.5,1.3,2.3,4.3,1.2,0,3.1,1,2,0,5,1,1
67,71,3,6,1,0,0,1.4,,,,,,,,,1,,,,0,0
67,72,3,4,1,1,1,0.7,1.8,1.1,0.8,0.8,6.1,1.2,0,4.9,1,2,0,4,1,1
67,73,4,9,0,1,1,1.6,1.8,0.2,0.7,2.4,9.5,2.3,0,7.2,1,1,0,5,1,1
67,74,4,2,0,1,1,2.9,0.5,-2.4,1.8,0.6,6.3,0,0,6.3,1,0,0,5,1,1
67,75,4,6,1,1,1,0.7,2.7,2,3.5,1.7,4.2,2.3,1.4,0.5,1,2,2,1,1,1
67,76,4,4,1,0,0,1.4,,,,,,,,,1,,,,0,0
67,77,4,9,1,0,0,0.8,,,,,,,,,1,,,,0,0
67,78,4,10,0,1,1,0,4.5,4.5,2.4,2,9.3,2.1,1.7,5.5,1,3,1,1,1,1
67,79,4,8,1,0,0,1.1,,,,,,,,,1,,,,0,0
67,80,4,1,1,0,0,1.2,,,,,,,,,1,,,,0,0
67,81,4,5,1,1,1,1.4,3.4,2,1.1,1.5,3.1,1.9,0,1.2,1,2,0,2,1,1
67,82,4,11,0,1,1,0.6,3.2,2.6,2.3,2.7,2.5,1.3,0.6,0.6,1,2,1,1,1,1
67,83,4,5,0,1,1,0.3,2.1,1.8,6.6,2,5.3,2,1.3,2,1,2,1,3,1,1
67,84,4,10,0,1,1,0.1,1.6,1.5,0.8,3.2,6.9,4.2,0,2.7,1,1,0,2,1,1
67,85,4,6,0,0,1,0.5,4.9,4.4,1.9,1.2,9.4,3.6,0.9,4.9,1,3,2,5,1,1
67,86,4,4,0,0,1,0.4,2,1.6,0.4,1.1,6.7,2.4,0,4.3,1,1,0,7,1,0
67,87,4,8,0,1,1,0,1.2,1.2,0.7,2.5,9.5,2.4,0,7.1,1,1,0,3,1,1
67,88,4,3,0,1,1,3.4,1.8,-1.6,1,3.3,6.1,0,1,5.1,1,0,1,2,1,1
67,89,4,0,0,1,1,4.2,1.9,-2.3,7.4,2.1,2.6,0,0.5,2.1,1,0,1,2,1,1
67,90,4,2,0,1,1,0.7,4,3.3,1,1.1,11.9,4.7,0,7.2,1,3,0,2,1,1
67,91,4,11,1,1,1,0.2,2.7,2.5,0.8,2.7,4.8,2.1,0.4,2.3,1,3,1,2,1,1
67,92,4,4,1,0,0,1,,,,,,,,,1,,,,0,0
67,93,4,7,1,1,1,0,9.9,9.9,2.6,0.8,8.7,8.1,0,0.6,1,6,0,1,1,1
67,94,4,8,1,1,1,0.2,1.6,1.4,1.7,2.7,10.8,1.4,2.3,7.1,1,1,1,2,1,1
67,95,4,3,0,1,1,0,1.1,1.1,6.8,2.7,5.2,3.5,0,1.7,1,1,0,1,1,1
67,96,4,0,1,1,1,1,0.9,-0.1,3.8,1.6,7.3,5.2,0,2.1,1,1,0,2,1,1
67,97,5,2,0,0,0,,,,,,,,,,1,,,,0,0
67,98,5,0,0,1,1,0.8,1,0.2,5.1,1.8,9.8,1.6,2.1,6.1,1,1,1,4,1,1
67,99,5,9,0,1,1,1.4,3,1.6,2.2,2.8,6.6,5.8,0,0.8,1,2,0,1,1,1
67,100,5,10,0,1,1,0.5,3.3,2.8,0.6,0.9,7.5,2.8,0,4.7,1,3,0,4,1,1
67,101,5,5,1,0,1,4.1,7.8,3.7,,0.4,4.2,4.2,0,0,1,3,0,0,1,0
67,102,5,11,0,1,1,0.4,3.2,2.8,4.6,0.8,8.5,4.5,0,4,1,4,0,2,1,1
67,103,5,0,0,1,1,0.4,1,0.6,2.8,1.8,7.2,2.5,0,4.7,1,2,0,4,1,1
67,104,5,10,1,0,0,0.9,,,,,,,,,1,,,,0,0
67,105,5,9,0,1,1,1.1,1.4,0.3,8.9,2.1,6.5,4.5,0,2,1,1,0,1,1,1
67,106,5,10,0,1,1,2.5,1.8,-0.7,2.1,1.7,5.3,0,0.6,4.7,1,0,1,2,1,1
67,107,5,2,0,1,1,0.1,2,1.9,2.1,2.2,10.8,2.9,0.9,7,1,3,1,4,1,1
67,108,5,6,0,1,1,1.4,1.5,0.1,1.3,2,4.9,3.3,0,1.6,1,1,0,2,1,1
67,109,5,9,0,1,1,0.9,2.1,1.2,6.1,1.7,3.9,1.7,1.8,0.4,1,1,1,1,1,1
67,110,5,7,0,1,1,0.1,2.4,2.3,1.7,2.9,3.5,2,0,1.5,1,2,0,2,1,1
67,111,5,2,1,0,1,1.2,3.6,2.4,3.1,0.5,7,5.2,0,1.8,1,2,0,2,1,0
67,112,5,4,0,1,1,1,3.6,2.6,0.5,2.4,6.5,2,1.5,3,1,2,1,5,1,1
67,113,5,3,0,1,1,0.4,1.9,1.5,2.3,2,5.3,2.9,0,2.4,1,1,0,3,1,1
67,114,5,8,0,1,1,0.5,4.3,3.8,0.9,2.3,5.1,2.4,0,2.7,1,3,0,4,1,1
67,115,5,2,0,1,0,1.1,4.9,3.8,3.7,0.4,5.8,1.9,0,3.9,1,2,0,3,1,1
67,116,5,7,1,0,0,0.9,,,,,,,,,1,,,,0,0
67,117,5,1,1,0,0,2.4,,,,,,,,,1,,,,0,0
67,118,5,11,0,1,1,1.2,4.9,3.7,2.4,1.2,1.3,0.9,0,0.4,1,2,0,1,1,1
67,119,5,2,0,1,1,0.2,2.2,2,0.4,1.3,5.8,2.9,0,2.9,1,2,0,4,1,1
67,120,5,3,1,1,0,,6,,,1.1,,,,,1,,,,1,0
68,1,1,2,1,0,0,4.8,,,,,,,,,1,,,,0,0
68,2,1,7,0,1,1,1.2,5.3,4.1,0.7,3.2,6,0.4,1.3,4.3,1,1,1,3,1,1
68,3,1,1,1,1,1,2.5,5.5,3,,2.6,2.3,1.9,0.4,0,1,2,1,0,1,1
68,4,1,3,0,1,1,5,2.7,-2.3,,4,2.2,0,2.2,0,1,0,1,0,1,1
68,5,1,6,0,1,1,6.9,3.4,-3.5,,4.9,1.5,0,1.5,0,1,0,2,0,1,1
68,6,1,5,0,1,1,7.3,3.4,-3.9,,4.9,6.6,0,6.6,0,1,0,3,0,1,1
68,7,1,2,0,1,1,9.9,6.8,-3.1,,4.1,0.8,0,0.8,0,1,0,1,0,1,1
68,8,1,9,0,1,1,1.8,3.6,1.8,,4.1,1.2,0.4,0.8,0,1,1,1,0,1,1
68,9,1,4,0,0,0,,2.6,,,3.1,,,,,1,,,,1,0
68,10,1,7,0,0,1,5.4,2.3,-3.1,,4.1,0.4,0,0.4,0,1,0,1,0,1,1
68,11,1,11,0,0,1,5.6,3.1,-2.5,5.7,2.6,1,0,0.4,0.6,1,0,1,1,1,1
68,12,1,8,0,0,0,,2.6,,,4.3,,,,,1,,,,1,0
68,13,1,6,0,1,1,,,,,1.6,4.5,0,0,4.5,1,0,0,3,1,1
68,14,1,8,0,1,1,1.7,3.2,1.5,,5.1,1.4,0.4,1,0,1,1,1,0,1,1
68,15,1,4,0,1,0,,2.3,,,4.5,,,,,1,,,,1,0
68,16,1,5,0,0,0,,2.8,,,3.3,,,,,1,,,,1,0
68,17,1,2,0,1,1,1.1,3.2,2.1,1.3,5.5,2.8,0.4,0.7,1.7,1,1,1,2,1,1
68,18,1,7,1,1,0,,4,,,2.8,,,,,1,,,,1,0
68,19,1,0,0,1,0,,2,,,4.6,,,,,1,,,,1,0
68,20,1,10,1,1,1,3.3,3.9,0.6,,4,1.2,0.8,0.4,0,1,2,1,0,1,1
68,21,1,3,1,1,0,1.9,3.5,1.6,,0.5,0.6,0.6,0,0,1,1,0,0,1,0
68,22,1,5,0,1,0,,2.4,,,4.9,,,,,1,,,,1,0
68,23,1,8,1,1,0,3.2,5.1,1.9,,0.4,0.8,0.8,0,0,1,2,0,0,1,0
68,24,1,9,1,1,1,2.3,3.6,1.3,1.1,0.4,5.6,2.4,0,3.2,1,3,0,4,1,1
68,25,2,10,0,0,1,5.6,2.9,-2.7,8.1,3,1.6,0,1.1,0.5,1,0,1,1,1,1
68,26,2,11,0,0,0,0.2,1.9,1.7,1.6,3.9,2.8,0.4,0,2.4,1,1,0,2,1,0
68,27,2,6,0,1,1,8.8,6.3,-2.5,,2.8,1,0,1,0,1,0,2,0,1,1
68,28,2,3,1,1,0,,2.2,,,0.5,,,,,1,,,,1,0
68,29,2,11,0,1,0,6.1,1.8,-4.3,1,3.3,1.7,0,0,1.7,1,0,0,1,1,0
68,30,2,4,0,1,0,7.7,3.1,-4.6,0.6,4,1.7,0,0,1.7,1,0,0,2,1,0
68,31,2,1,0,1,1,2.8,1.9,-0.9,1.5,4.5,5.4,0,2,3.4,1,0,2,2,1,1
68,32,2,9,0,1,1,3.9,1.4,-2.5,0.9,4.3,7.9,0,1.1,6.8,1,0,2,2,1,1
68,33,2,3,0,1,1,8,0.2,-7.8,5.8,2,2.2,0,0,2.2,1,0,0,3,1,1
68,34,2,11,0,1,0,12.5,0.5,-12,6.6,5.4,2.4,0,0,2.4,1,0,0,1,1,0
68,35,2,10,0,0,0,8.4,3.6,-4.8,1.7,3.1,1,0,0,1,1,0,0,1,1,0
68,36,2,0,0,1,0,,1.8,,,4.3,,,,,1,,,,1,0
68,37,2,10,0,1,1,3.3,2.8,-0.5,7.9,3.1,3.2,0,2.4,0.8,1,0,2,1,1,1
68,38,2,2,0,1,1,4.1,1.6,-2.5,0.8,3.2,3.6,0,0.4,3.2,1,0,1,5,1,1
68,39,2,3,0,1,0,11.9,1.8,-10.1,5.5,4.6,2.5,0,0,2.5,1,0,0,1,1,0
68,40,2,8,0,1,0,5.2,1.1,-4.1,1.2,2.9,5.1,0,0,5.1,1,0,0,3,1,0
68,41,2,0,0,1,0,13.7,1.7,-12,8.3,3.7,0.8,0,0,0.8,1,0,0,1,1,0
68,42,2,3,1,1,0,,4.6,,,3.8,,,,,1,,,,1,0
68,43,2,8,1,0,0,,,,,,,,,,1,,,,0,0
68,44,2,6,1,0,0,,2.8,,,3.2,,,,,1,,,,1,0
68,45,2,7,1,0,1,6.6,6.7,0.1,2.8,0.4,2.3,0.6,0,1.7,1,1,0,2,1,0
68,46,2,0,1,1,1,2,6.7,4.7,,1.9,5,5,0,0,1,4,0,0,1,1
68,47,2,9,1,1,1,3.1,2.5,-0.6,,2.8,1,0,1,0,1,0,1,0,1,1
68,48,2,3,1,0,0,1.6,,,,,,,,,1,,,,0,0
68,49,3,0,0,1,1,,,,,0.9,7.3,0,0,7.3,1,0,0,6,1,1
68,50,3,9,0,1,1,1.8,1.4,-0.4,4.8,2.3,3.5,0,2.3,1.2,1,0,2,2,1,1
68,51,3,11,1,0,0,10.6,,,,,,,,,1,,,,0,0
68,52,3,0,1,0,0,2.5,,,,,,,,,1,,,,0,0
68,53,3,3,1,0,0,2.1,,,,,,,,,1,,,,0,0
68,54,3,1,0,1,1,0.9,2.3,1.4,4.6,0.5,11.9,6,0,5.9,1,1,0,3,1,1
68,55,3,0,1,1,1,0.3,5,4.7,5.3,0.4,5.7,5.2,0,0.5,1,1,0,1,1,1
68,56,3,3,0,1,1,1.5,2.4,0.9,1.2,0.6,5.7,1.1,0,4.6,1,1,0,4,1,1
68,57,3,11,0,1,1,1.3,3.2,1.9,1.2,5.1,11.4,5.9,1.1,4.4,1,2,2,2,1,1
68,58,3,1,0,1,1,2.3,2.2,-0.1,2,3.4,5.5,0.6,1,3.9,1,1,2,3,1,1
68,59,3,7,0,1,1,0.5,2.7,2.2,3.2,4.2,12,2.9,5.7,3.4,1,2,3,2,1,1
68,60,3,10,0,1,1,3.8,4,0.2,0.8,1.1,2.1,0.5,0.5,1.1,1,1,1,2,1,1
68,61,3,0,0,1,1,0.3,2.1,1.8,3.9,2.8,9.1,3.3,2.1,3.7,1,2,1,2,1,1
68,62,3,10,0,0,1,3.7,1.6,-2.1,6.2,2.6,3.2,0,2.4,0.8,1,0,1,1,1,1
68,63,3,6,1,0,0,1.1,,,,,,,,,1,,,,0,0
68,64,3,7,1,1,1,0.2,5.6,5.4,8.2,0.5,4.5,1.4,0,3.1,1,3,0,1,1,1
68,65,3,0,1,1,1,3.2,2.1,-1.1,1.3,3.7,4.1,0,1.9,2.2,1,0,3,2,1,1
68,66,3,2,0,1,1,1.6,3.9,2.3,0.9,4.4,6.8,4.6,0.9,1.3,1,2,1,2,1,1
68,67,3,3,1,1,0,1,1.8,0.8,2.1,0.5,2.2,0.6,0,1.6,1,1,0,2,1,1
68,68,3,4,1,0,0,4.2,,,,,,,,,1,,,,0,0
68,69,3,3,0,0,1,1.4,2,0.6,3.1,2.4,2.3,1,0,1.3,1,1,0,2,1,1
68,70,3,8,0,1,0,3.5,2,-1.5,1.1,0.4,3.8,0,0,3.8,1,0,0,7,1,1
68,71,3,6,1,0,0,0.2,,,,,,,,,1,,,,0,0
68,72,3,4,1,0,0,1.2,,,,,,,,,1,,,,0,0
68,73,4,9,0,1,1,2.4,1.5,-0.9,10.8,1.9,9.6,0,9,0.6,1,0,2,1,1,1
68,74,4,2,0,1,1,1.2,2.7,1.5,5.8,2.9,5.6,0.4,3.8,1.4,1,1,2,2,1,1
68,75,4,6,1,1,1,1.2,2.3,1.1,11.3,0.7,4.3,3.6,0,0.7,1,2,0,1,1,1
68,76,4,4,1,1,1,1.3,4,2.7,3.1,3.9,6.2,4.7,0.8,0.7,1,2,1,1,1,1
68,77,4,9,1,1,1,0,1.7,1.7,3.1,5.6,7.4,5.8,0.5,1.1,1,2,1,1,1,1
68,78,4,10,0,1,1,2.1,3.7,1.6,1.7,0.7,6.9,0.4,0,6.5,1,1,0,5,1,1
68,79,4,8,1,0,0,0,,,,,,,,,1,,,,0,0
68,80,4,1,1,1,1,0.8,1.7,0.9,1,0.4,3.2,1.6,0,1.6,1,1,0,2,1,1
68,81,4,5,1,1,1,0.6,1.6,1,6.5,2.8,4.2,2.4,1,0.8,1,1,1,1,1,1
68,82,4,11,0,0,0,0.4,,,,,,,,,1,,,,0,0
68,83,4,5,0,1,1,0.1,1.1,1,1.2,0.5,9.3,2.5,0,6.8,1,1,0,3,1,1
68,84,4,10,0,0,0,2.1,,,,,,,,,1,,,,0,0
68,85,4,6,0,1,1,0.4,2.2,1.8,3.7,3.8,11.1,4.2,3.7,3.2,1,1,1,3,1,1
68,86,4,4,0,0,0,1.2,,,,,,,,,1,,,,0,0
68,87,4,8,0,0,0,3.3,,,,,,,,,1,,,,0,0
68,88,4,3,0,0,0,3.4,2,-1.4,0.8,0.6,3.6,0,0,3.6,1,0,0,4,1,0
68,89,4,0,0,1,1,0.7,3.8,3.1,0.6,1.4,12.2,4.4,0,7.8,1,1,0,4,1,1
68,90,4,2,0,1,1,3.4,6.6,3.2,2.7,4.6,9.4,6.3,2.6,0.5,1,2,1,1,1,1
68,91,4,11,1,1,1,1,2,1,,0.9,3.2,3.2,0,0,1,1,0,0,1,1
68,92,4,4,1,0,0,0.9,,,,,,,,,1,,,,0,0
68,93,4,7,1,0,1,0.8,1.8,1,2.5,0.8,7.6,2.5,0,5.1,1,1,0,2,1,1
68,94,4,8,1,1,1,,1.2,,,0.6,,,,,1,,,,1,1
68,95,4,3,0,0,0,2.8,1.2,-1.6,8,1.3,6.1,0,5.3,0.8,1,0,1,1,1,0
68,96,4,0,1,0,0,0.3,,,,,,,,,1,,,,0,0
68,97,5,2,0,0,0,2.1,,,,,,,,,1,,,,0,0
68,98,5,0,0,1,1,1.1,1.3,0.2,0.7,2.4,9.2,1.5,0.6,7.1,1,1,1,4,1,1
68,99,5,9,0,1,1,0.4,2.1,1.7,0.7,4.2,4.3,0.8,0.7,2.8,1,1,1,3,1,1
68,100,5,10,0,1,1,6.6,2.4,-4.2,0.6,5.9,2.8,0,0.9,1.9,1,0,2,3,1,1
68,101,5,5,1,1,1,0.4,12.7,12.3,,2.3,4.3,4.3,0,0,1,4,0,0,1,1
68,102,5,11,0,1,1,0,2.3,2.3,,5.5,2.6,2.1,0.5,0,1,2,1,0,1,1
68,103,5,0,0,1,1,0.3,1.4,1.1,1.8,6.4,10.1,4.2,2.4,3.5,1,1,1,3,1,1
68,104,5,10,1,1,0,9.8,2.2,-7.6,7.2,0.4,0.8,0,0,0.8,1,0,0,1,1,0
68,105,5,9,0,1,1,1.1,0.9,-0.2,3.1,5.7,7.5,0.7,3,3.8,1,1,3,3,1,1
68,106,5,10,0,1,1,0.6,1.4,0.8,2.7,0.8,1.4,0.9,0,0.5,1,1,0,1,1,1
68,107,5,2,0,1,1,2,2.9,0.9,1.4,3.9,6.2,3.8,1.3,1.1,1,1,1,2,1,1
68,108,5,6,0,1,1,0.2,2.2,2,3.6,1.2,9.9,6.7,0,3.2,1,1,0,3,1,1
68,109,5,9,0,0,1,0.5,1.6,1.1,1.3,3.2,4.2,1.3,0.4,2.5,1,1,1,3,1,1
68,110,5,7,0,1,1,0.6,1.4,0.8,6.2,4.3,3.5,2.4,0.6,0.5,1,1,1,1,1,1
68,111,5,2,1,1,1,0,2.4,2.4,,4.4,5.8,5.4,0.4,0,1,2,1,0,1,1
68,112,5,4,0,0,1,1.6,2.3,0.7,1.9,4.8,7.8,2.2,0.7,4.9,1,1,1,2,1,1
68,113,5,3,0,1,1,0.9,1.4,0.5,7.2,5,4.3,0.8,2.5,1,1,1,1,1,1,1
68,114,5,8,0,1,0,0.6,2.7,2.1,0.6,5.2,5.4,1.6,0,3.8,1,1,0,2,1,0
68,115,5,2,0,1,1,0.9,2.3,1.4,3,6.3,4.7,3.5,0.8,0.4,1,1,1,1,1,1
68,116,5,7,1,1,1,2.4,2.2,-0.2,2.5,0.7,1,0.5,0,0.5,1,1,0,1,1,1
68,117,5,1,1,1,1,0.7,3.1,2.4,,4.8,4.8,2.1,2.7,0,1,2,2,0,1,1
68,118,5,11,0,1,1,1,2,1,6.9,5,5.6,4.6,0.5,0.5,1,1,1,1,1,1
68,119,5,2,0,1,1,4.6,2,-2.6,6.3,3.1,1.9,0,1,0.9,1,0,1,1,1,1
68,120,5,3,1,1,1,1.9,1.6,-0.3,0.4,0.5,1.9,0.4,0,1.5,1,1,0,2,1,1
69,1,1,2,1,1,1,1.1,4.6,3.5,0.8,2.3,8.6,2.8,0.7,5.1,1,3,1,4,1,1
69,2,1,7,0,0,1,11.3,3.9,-7.4,5.5,1.9,0.5,0,0,0.5,1,0,0,1,1,1
69,3,1,1,1,1,1,1.4,4.3,2.9,,3.2,5,2.2,2.8,0,1,3,2,0,1,1
69,4,1,3,0,0,1,1,3.7,2.7,3.1,2.6,1.3,0.5,0,0.8,1,1,0,1,1,1
69,5,1,6,0,0,0,1.4,7.9,6.5,,0.6,1.4,1.4,0,0,1,2,0,0,1,0
69,6,1,5,0,0,1,2.8,5.3,2.5,2.6,1.8,2.2,1.8,0,0.4,1,2,0,1,1,1
69,7,1,2,0,0,1,0.5,3.2,2.7,,5.3,3,2.3,0.7,0,1,2,1,0,1,1
69,8,1,9,0,0,1,10.5,2.3,-8.2,2.7,8.9,3.2,0,2.6,0.6,1,0,2,1,1,1
69,9,1,4,0,0,1,3,2.3,-0.7,1.2,7.2,4.4,0,2.6,1.8,1,0,3,1,1,1
69,10,1,7,0,0,1,2.9,2.1,-0.8,3.7,4.6,1.3,0,0.8,0.5,1,0,2,1,1,1
69,11,1,11,0,0,0,0.7,,,,,,,,,1,,,,0,0
69,12,1,8,0,1,0,1.1,2.2,1.1,,9.3,0.5,0.5,0,0,1,1,0,0,1,0
69,13,1,6,0,1,1,5.5,3.7,-1.8,3.7,6.1,2.2,0,1.4,0.8,1,0,3,1,1,1
69,14,1,8,0,0,1,4.1,2,-2.1,,11.9,2.3,0,2.3,0,1,0,4,0,1,1
69,15,1,4,0,1,1,6.2,2.4,-3.8,,11.2,1.5,0,1.5,0,1,0,2,0,1,1
69,16,1,5,0,1,1,8,2.7,-5.3,,9,2.6,0,2.6,0,1,0,2,0,1,1
69,17,1,2,0,1,1,7.1,5.2,-1.9,,10.8,1.1,0,1.1,0,1,0,2,0,1,1
69,18,1,7,1,1,1,9.9,3.5,-6.4,1.1,5.3,0.4,0,0,0.4,1,0,0,1,1,1
69,19,1,0,0,1,1,8.7,2.8,-5.9,,8.5,0.4,0,0.4,0,1,0,1,0,1,1
69,20,1,10,1,1,1,9.2,4.6,-4.6,3.4,4.8,1.3,0,0.4,0.9,1,0,1,1,1,1
69,21,1,3,1,1,1,1.9,3.6,1.7,,11.2,5,2.1,2.9,0,1,1,4,0,1,1
69,22,1,5,0,0,1,0.6,2.9,2.3,,11.9,5,0.4,4.6,0,1,1,5,0,1,1
69,23,1,8,1,1,1,0.9,2.8,1.9,,13.9,2.6,0.8,1.8,0,1,1,2,0,1,1
69,24,1,9,1,1,1,0.7,3.3,2.6,,11.1,7.3,1.7,5.6,0,1,2,4,0,1,1
69,25,2,10,0,1,1,,,,,0.5,2.2,0,0,2.2,1,0,0,4,1,1
69,26,2,11,0,1,1,1.9,5.7,3.8,,8.8,2.8,0.8,2,0,1,1,3,0,1,1
69,27,2,6,0,1,1,9.5,5,-4.5,,9,2.3,0,2.3,0,1,0,4,0,1,1
69,28,2,3,1,1,1,2.3,3.8,1.5,0.3,5.3,2.6,1.2,0.7,0.7,1,2,1,1,1,1
69,29,2,11,0,0,1,1.5,3.4,1.9,,11.6,2.8,0.4,2.4,0,1,1,4,0,1,1
69,30,2,4,0,1,1,2.5,1.8,-0.7,,13.4,2,0,2,0,1,0,4,0,1,1
69,31,2,1,0,1,1,0,2,2,,11.8,7.5,1.5,6,0,1,3,8,0,1,1
69,32,2,9,0,1,1,0.3,1.8,1.5,,12.4,3.8,1.9,1.9,0,1,1,4,0,1,1
69,33,2,3,0,1,1,1.8,2.9,1.1,,10.9,5.3,0.5,4.8,0,1,1,8,0,1,1
69,34,2,11,0,1,1,0.5,1.8,1.3,3.1,7,3.8,0.5,1.3,2,1,1,2,2,1,1
69,35,2,10,0,0,1,6.8,2.8,-4,,4.1,0.5,0,0.5,0,1,0,1,0,1,1
69,36,2,0,0,0,1,3.3,3,-0.3,2.8,6.5,1.3,0,0.9,0.4,1,0,2,1,1,1
69,37,2,10,0,1,1,,,,,1.9,4.6,0,0,4.6,1,0,0,5,1,1
69,38,2,2,0,1,1,2.6,2.8,0.2,4.7,5.9,2.3,0.4,1.2,0.7,1,1,2,1,1,1
69,39,2,3,0,0,1,11.2,3.3,-7.9,1.6,8.6,1.9,0,1,0.9,1,0,2,1,1,1
69,40,2,8,0,1,1,9.4,2.2,-7.2,,7.5,0.8,0,0.8,0,1,0,1,0,1,1
69,41,2,0,0,0,1,1.9,2.7,0.8,0.9,10,3.3,1.4,1.5,0.4,1,1,3,1,1,1
69,42,2,3,1,1,1,1.2,2.5,1.3,,12.8,2.9,1.7,1.2,0,1,2,2,0,1,1
69,43,2,8,1,0,0,,5.4,,,4.6,,,,,1,,,,1,0
69,44,2,6,1,1,0,5.7,7.9,2.2,,4.6,0.9,0.9,0,0,1,2,0,0,1,0
69,45,2,7,1,1,1,0.1,2.1,2,,11.6,1.8,0.8,1,0,1,1,2,0,1,1
69,46,2,0,1,1,1,0.3,4.3,4,,9.8,5.1,2.1,3,0,1,2,5,0,1,1
69,47,2,9,1,1,1,0.7,3.4,2.7,0.4,1.5,2,1.2,0,0.8,1,2,0,2,1,1
69,48,2,3,1,0,0,0,,,,,,,,,1,,,,0,0
69,49,3,0,0,1,1,0.9,2,1.1,2.9,7.3,6,1.4,3.3,1.3,1,1,4,1,1,1
69,50,3,9,0,0,1,0.5,2.4,1.9,0.7,3.6,3.7,0.8,1.4,1.5,1,2,3,2,1,1
69,51,3,11,1,1,1,0.5,2.2,1.7,2.3,5.6,2.8,2.2,0,0.6,1,3,0,1,1,1
69,52,3,0,1,1,1,0.1,3.5,3.4,3.5,5.6,4.1,2,0.7,1.4,1,2,1,1,1,1
69,53,3,3,1,1,1,2.2,2.4,0.2,2.5,4.8,1.3,0.5,0,0.8,1,1,0,1,1,1
69,54,3,1,0,1,1,2.1,5.4,3.3,0.3,7.3,11.8,1.7,5.6,4.5,1,3,3,1,1,1
69,55,3,0,1,1,1,0.7,4.4,3.7,,6.3,5.7,4,1.7,0,1,3,2,0,1,1
69,56,3,3,0,0,1,4.5,2.2,-2.3,2.8,2.4,2.6,0,0.8,1.8,1,0,1,3,1,1
69,57,3,11,0,1,1,4,4.4,0.4,1.3,4.8,7.1,2.4,1.6,3.1,1,1,1,4,1,1
69,58,3,1,0,1,1,1.5,1.8,0.3,1.6,4.8,8.8,0.8,4.3,3.7,1,1,3,5,1,1
69,59,3,7,0,1,1,1.4,5.2,3.8,2.7,4,6.8,2.2,3.1,1.5,1,3,3,2,1,1
69,60,3,10,0,1,1,1.3,3.1,1.8,3.3,5.2,4.4,0.5,3,0.9,1,1,4,1,1,1
69,61,3,0,0,1,1,0.3,1.1,0.8,5,0.9,9.8,5.9,0,3.9,1,2,0,3,1,1
69,62,3,10,0,0,1,2,3.3,1.3,3.3,3.9,2.8,0.4,1.5,0.9,1,1,2,1,1,1
69,63,3,6,1,1,1,2.5,3,0.5,0.5,5.4,2.1,0.9,0.8,0.4,1,1,1,1,1,1
69,64,3,7,1,1,1,0.2,4,3.8,,5.7,3.8,1.6,2.2,0,1,2,3,0,1,1
69,65,3,0,1,1,1,0.2,2.9,2.7,1.9,4.8,6.4,3.2,2.8,0.4,1,3,4,1,1,1
69,66,3,2,0,1,1,2.8,3.9,1.1,0.5,7.6,6.4,0.9,3.6,1.9,1,1,4,3,1,1
69,67,3,3,1,1,1,0.5,0.7,0.2,2.9,0.7,3.6,1.8,0,1.8,1,1,0,3,1,1
69,68,3,4,1,1,1,0.5,3.2,2.7,3.4,9,2.9,1.4,0.9,0.6,1,2,1,1,1,1
69,69,3,3,0,0,1,1.1,1.8,0.7,2,1.7,3.1,1,0.6,1.5,1,1,1,3,1,1
69,70,3,8,0,1,1,1.8,3,1.2,2.9,7.5,4.4,0.6,3,0.8,1,1,5,1,1,1
69,71,3,6,1,1,1,0.3,4.3,4,,8.4,3.1,2.4,0.7,0,1,3,1,0,1,1
69,72,3,4,1,1,1,0.3,3.3,3,3.3,4.7,3.5,1.6,1.1,0.8,1,2,1,1,1,1
69,73,4,9,0,0,1,0.3,10.1,9.8,,4.9,8.7,7.8,0.9,0,1,4,2,0,1,1
69,74,4,2,0,0,1,0.1,2.4,2.3,0.7,6.4,8.2,1.8,4.1,2.3,1,2,4,4,1,1
69,75,4,6,1,1,1,0.3,3.4,3.1,5.5,1.8,8.2,3.5,2.7,2,1,2,1,3,1,1
69,76,4,4,1,1,1,0.1,0.3,0.2,2.7,1.9,10.8,0.8,3.3,6.7,1,1,1,5,1,1
69,77,4,9,1,1,1,1.6,2.3,0.7,1.2,5.8,7,1.8,2.9,2.3,1,1,3,2,1,1
69,78,4,10,0,0,1,0.3,10.8,10.5,,4.2,4.3,3.7,0.6,0,1,5,1,0,1,1
69,79,4,8,1,1,1,0.4,4.7,4.3,2.1,2.6,6.6,3.8,0,2.8,1,2,0,4,1,1
69,80,4,1,1,1,1,1.2,1.9,0.7,0.7,4,6.4,1.5,1.9,3,1,2,2,3,1,1
69,81,4,5,1,1,1,3,8.6,5.6,0.5,1.8,2.6,1.8,0,0.8,1,3,0,1,1,1
69,82,4,11,0,1,1,2,2.9,0.9,2.7,3.3,4.6,1,0.9,2.7,1,1,2,3,1,1
69,83,4,5,0,1,1,2.7,1.7,-1,6.6,5.7,3.6,0,3,0.6,1,0,2,1,1,1
69,84,4,10,0,0,1,1.4,2.6,1.2,1.3,4,2.4,0.5,0,1.9,1,1,0,3,1,1
69,85,4,6,0,1,1,,,,,0.6,8.7,0,0,8.7,1,0,0,8,1,1
69,86,4,4,0,1,1,1.1,1.4,0.3,0.6,9,5.9,0.9,2.9,2.1,1,2,3,2,1,1
69,87,4,8,0,1,1,0.7,0.8,0.1,0.7,0.6,6.8,1.1,0,5.7,1,1,0,7,1,1
69,88,4,3,0,0,1,1,1.9,0.9,3.8,4.4,2.1,0.9,0.5,0.7,1,1,1,1,1,1
69,89,4,0,0,0,1,1.7,2.5,0.8,0.8,6.3,6.7,0.7,4.4,1.6,1,1,4,3,1,1
69,90,4,2,0,1,1,1.3,7.1,5.8,,8,8.8,4.7,4.1,0,1,4,4,0,1,1
69,91,4,11,1,1,1,2.3,3.3,1,,5.2,4,1.1,2.9,0,1,1,4,0,1,1
69,92,4,4,1,1,1,0.6,3.1,2.5,0.8,6.7,9.3,3.4,2.8,3.1,1,2,5,2,1,1
69,93,4,7,1,1,1,3.2,2.2,-1,0.4,7.9,4.9,0,4.4,0.5,1,0,8,1,1,1
69,94,4,8,1,1,1,0.3,3,2.7,1.8,6,4.6,1.4,2.7,0.5,1,2,4,1,1,1
69,95,4,3,0,0,0,0.5,,,,,,,,,1,,,,0,0
69,96,4,0,1,1,1,1.5,1.9,0.4,1.1,5.4,6.2,0.5,3.7,2,1,1,3,3,1,1
69,97,5,2,0,0,1,1,4.8,3.8,1.2,3.9,7.3,3,1.4,2.9,1,3,2,5,1,1
69,98,5,0,0,0,1,1.8,4.1,2.3,0.7,3.1,11.9,2.2,1.8,7.9,1,2,1,4,1,1
69,99,5,9,0,0,1,0.8,2.2,1.4,1.7,6.5,9.4,2.4,3.4,3.6,1,2,3,6,1,1
69,100,5,10,0,0,0,1.8,4.3,2.5,2.4,0.4,6,0.4,0.5,5.1,1,1,1,5,1,0
69,101,5,5,1,1,1,3,11.1,8.1,0.7,2.7,5.1,2.7,1.4,1,1,2,2,1,1,1
69,102,5,11,0,0,1,2.9,2.7,-0.2,0.7,2,5.8,1.7,0,4.1,1,1,0,6,1,1
69,103,5,0,0,0,1,1.1,2.9,1.8,1,3.9,10.5,6.5,0,4,1,1,0,6,1,1
69,104,5,10,1,1,1,3.8,5.2,1.4,2.8,4.2,1.9,0.8,0.5,0.6,1,1,1,1,1,1
69,105,5,9,0,0,1,0.7,3.6,2.9,1.8,0.6,7.9,5,0,2.9,1,3,0,4,1,1
69,106,5,10,0,0,1,2.1,4,1.9,3.6,0.4,5,3.2,0,1.8,1,2,0,2,1,1
69,107,5,2,0,0,1,1.3,3.9,2.6,2.4,2.8,3.8,0.6,1.1,2.1,1,1,2,3,1,0
69,108,5,6,0,0,0,1.5,,,,,,,,,1,,,,0,0
69,109,5,9,0,0,1,1.2,2.3,1.1,5.6,3.7,4.1,2.8,0,1.3,1,1,0,2,1,1
69,110,5,7,0,0,1,0.9,2.5,1.6,2.2,6.4,3.8,0.4,1.8,1.6,1,1,2,2,1,1
69,111,5,2,1,1,1,0.4,3.2,2.8,,6.8,1.9,0.9,1,0,1,1,2,0,1,1
69,112,5,4,0,0,1,4.2,5,0.8,1.7,0.9,7.1,1.8,0,5.3,1,1,0,5,1,1
69,113,5,3,0,0,1,1.7,3.6,1.9,7.8,3.2,6.5,2.7,1.6,2.2,1,1,2,2,1,1
69,114,5,8,0,0,1,2.5,8,5.5,1.2,0.6,9.3,3.2,0,6.1,1,3,0,4,1,1
69,115,5,2,0,0,1,1.1,4.5,3.4,1.4,0.4,7.5,1.9,0,5.6,1,3,0,6,1,1
69,116,5,7,1,1,0,15.9,3,-12.9,8.7,4.2,0.9,0,0,0.9,1,0,0,1,1,0
69,117,5,1,1,1,1,0.4,4.4,4,,9.4,8.8,2.6,6.2,0,1,4,3,0,1,1
69,118,5,11,0,1,0,1,4,3,3.1,2.4,3.1,0.5,0,2.6,1,1,0,3,1,1
69,119,5,2,0,0,0,0,,,,,,,,,1,,,,0,0
69,120,5,3,1,1,0,3.7,2.8,-0.9,0.4,0.5,0.8,0,0,0.8,1,0,0,2,1,1
71,1,1,2,1,0,0,0.8,13.1,12.3,,2.8,3.4,3.4,0,0,1,7,0,0,1,0
71,2,1,7,0,0,1,0,,,,,,,,,1,,,,0,1
71,3,1,1,1,0,0,1.6,13.3,11.7,,4.8,2.6,2.6,0,0,1,4,0,0,1,0
71,4,1,3,0,0,1,0.2,,,,,,,,,1,,,,0,0
71,5,1,6,0,0,1,2.4,2,-0.4,6,1.3,3.1,0,1.5,1.6,1,0,1,2,1,1
71,6,1,5,0,0,1,0,,,,,,,,,1,,,,0,0
71,7,1,2,0,1,1,0.3,0.8,0.5,0.4,1.9,5.2,0.8,0.7,3.7,1,1,1,4,1,1
71,8,1,9,0,1,1,9.5,11.4,1.9,,2.6,3,2.2,0.8,0,1,1,1,0,1,1
71,9,1,4,0,1,1,7.4,11.2,3.8,,1.9,5,5,0,0,1,2,0,0,1,1
71,10,1,7,0,1,1,1.2,11.5,10.3,,3.3,3.3,2,1.3,0,1,3,1,0,1,1
71,11,1,11,0,1,1,2.4,11.3,8.9,,0.8,3.2,3.2,0,0,1,4,0,0,1,1
71,12,1,8,0,0,0,,,,,,,,,,1,,,,0,0
71,13,1,6,0,1,1,,,,,2.9,9.5,0,0.7,8.8,1,0,1,5,1,1
71,14,1,8,0,1,1,0,11.2,11.2,,4.3,7.5,4.6,2.9,0,1,4,1,0,1,1
71,15,1,4,0,1,1,2.5,12,9.5,,4.1,6.3,4.7,1.6,0,1,3,1,0,1,1
71,16,1,5,0,0,1,0.7,12.2,11.5,,2.9,1.1,1.1,0,0,1,1,0,0,1,1
71,17,1,2,0,0,1,0.6,,,,,,,,,1,,,,0,1
71,18,1,7,1,0,0,3.9,11.5,7.6,,3.2,1.3,1.3,0,0,1,2,0,0,1,0
71,19,1,0,0,0,1,0.1,,,,,,,,,1,,,,0,0
71,20,1,10,1,0,0,3.6,,,,,,,,,1,,,,0,0
71,21,1,3,1,0,0,4.3,14.2,9.9,,3.7,1.3,1.3,0,0,1,2,0,0,1,0
71,22,1,5,0,0,1,0.3,,,,,,,,,1,,,,0,1
71,23,1,8,1,0,0,0,,,,,,,,,1,,,,0,0
71,24,1,9,1,1,1,0.4,0.4,0,0.3,2.8,7.6,2.2,0.4,5,1,1,1,5,1,1
71,25,2,10,0,1,1,,,,,2.3,4.5,0,0,4.5,1,0,0,4,1,1
71,26,2,11,0,0,0,0,,,,,,,,,1,,,,0,0
71,27,2,6,0,1,1,1.2,1,-0.2,0.8,4.6,4.7,1.4,1.4,1.9,1,1,1,2,1,1
71,28,2,3,1,0,0,2.2,12.7,10.5,,6.2,3.2,3.2,0,0,1,3,0,0,1,0
71,29,2,11,0,1,1,0,10.4,10.4,,2.8,4.6,3.7,0.9,0,1,3,1,0,1,1
71,30,2,4,0,0,1,0.8,11.9,11.1,,4.1,5.4,5.4,0,0,1,5,0,0,1,0
71,31,2,1,0,1,1,0,3.5,3.5,1.1,0.4,12.7,4.7,0,8,1,2,0,4,1,1
71,32,2,9,0,1,1,8.3,10.9,2.6,,2.8,5.1,5.1,0,0,1,2,0,0,1,1
71,33,2,3,0,1,1,8.8,11.4,2.6,,4.3,5.6,5.6,0,0,1,1,0,0,1,1
71,34,2,11,0,1,1,1.9,13,11.1,,3,5.9,5.9,0,0,1,3,0,0,1,1
71,35,2,10,0,0,1,1,11.5,10.5,,2.6,3.4,3.4,0,0,1,3,0,0,1,1
71,36,2,0,0,0,0,2.6,,,,,,,,,1,,,,0,0
71,37,2,10,0,1,1,,,,,5.5,6.8,0,1,5.8,1,0,1,1,1,1
71,38,2,2,0,1,1,0.2,11.7,11.5,,2.2,3.5,3.5,0,0,1,6,0,0,1,1
71,39,2,3,0,1,1,3.1,10.6,7.5,,1.1,4.9,4.9,0,0,1,3,0,0,1,1
71,40,2,8,0,0,0,3.4,11.8,8.4,,1.5,1.8,1.8,0,0,1,3,0,0,1,0
71,41,2,0,0,0,0,0.2,,,,,,,,,1,,,,0,0
71,42,2,3,1,0,0,0.1,,,,,,,,,1,,,,0,0
71,43,2,8,1,0,0,0.4,,,,,,,,,1,,,,0,0
71,44,2,6,1,0,0,2.6,,,,,,,,,1,,,,0,0
71,45,2,7,1,0,0,0.7,,,,,,,,,1,,,,0,0
71,46,2,0,1,0,0,0.8,,,,,,,,,1,,,,0,0
71,47,2,9,1,1,1,0.2,13.8,13.6,,1.3,3.1,3.1,0,0,1,3,0,0,1,1
71,48,2,3,1,0,0,1.1,,,,,,,,,1,,,,0,0
71,49,3,0,0,1,1,0.4,1.5,1.1,0.4,2.9,15.6,2.7,0.4,12.5,1,1,1,8,1,1
71,50,3,9,0,0,0,1.8,,,,,,,,,1,,,,0,0
71,51,3,11,1,0,0,1.5,,,,,,,,,1,,,,0,0
71,52,3,0,1,0,1,0.5,3.9,3.4,1.4,0.6,6.8,3.6,0,3.2,1,2,0,4,1,1
71,53,3,3,1,0,0,9.7,,,,,,,,,1,,,,0,0
71,54,3,1,0,1,1,0.4,2.5,2.1,1.6,2.9,8.9,4.6,0.8,3.5,1,1,1,5,1,1
71,55,3,0,1,1,1,0.5,2.8,2.3,4.8,0.5,5.4,4.8,0,0.6,1,2,0,1,1,1
71,56,3,3,0,0,0,0.1,,,,,,,,,1,,,,0,0
71,57,3,11,0,1,1,6.6,2.3,-4.3,2.2,2.1,5.9,0,0,5.9,1,0,0,4,1,1
71,58,3,1,0,1,1,0,12.5,12.5,,0.6,11.5,11.5,0,0,1,4,0,0,1,1
71,59,3,7,0,1,1,0.3,12,11.7,1.3,1.1,10.3,9.6,0,0.7,1,6,0,1,1,1
71,60,3,10,0,0,0,0.7,,,,,,,,,1,,,,0,0
71,61,3,0,0,1,1,,,,,1.5,7.9,0,0,7.9,1,0,0,4,1,1
71,62,3,10,0,0,0,3.9,,,,,,,,,1,,,,0,0
71,63,3,6,1,0,1,2.1,1.3,-0.8,1.8,0.9,3,0,0.9,2.1,1,0,1,3,1,0
71,64,3,7,1,0,0,0.9,11.3,10.4,1.8,0.4,10.8,5.5,0,5.3,1,2,0,1,1,0
71,65,3,0,1,0,1,13.3,11.7,-1.6,,1.5,0.6,0,0.6,0,1,0,1,0,1,0
71,66,3,2,0,0,0,0,11.8,11.8,,0.6,9.2,8.8,0.4,0,1,4,1,0,1,0
71,67,3,3,1,0,0,0,,,,,,,,,1,,,,0,0
71,68,3,4,1,0,0,0.5,10.8,10.3,,2,2.9,2.9,0,0,1,3,0,0,1,0
71,69,3,3,0,0,1,0.1,,,,,,,,,1,,,,0,0
71,70,3,8,0,1,1,0,0,0,1.5,0.7,10.1,2.1,0,8,1,1,0,5,1,1
71,71,3,6,1,0,0,3,,,,,,,,,1,,,,0,0
71,72,3,4,1,0,0,0.2,,,,,,,,,1,,,,0,0
71,73,4,9,0,1,1,0.2,-0.1,-0.3,0.7,1.8,12.6,2.1,0,10.5,1,1,0,6,1,1
71,74,4,2,0,0,0,1.8,,,,,,,,,1,,,,0,0
71,75,4,6,1,0,0,0.6,,,,,,,,,1,,,,0,0
71,76,4,4,1,1,1,0.1,0,-0.1,0.9,2.4,10.2,1.6,0.5,8.1,1,1,1,4,1,1
71,77,4,9,1,0,0,0,,,,,,,,,1,,,,0,0
71,78,4,10,0,1,1,0,0.7,0.7,0.4,2,6.9,1.5,0.7,4.7,1,1,1,5,1,1
71,79,4,8,1,0,0,0,,,,,,,,,1,,,,0,0
71,80,4,1,1,0,0,0.1,,,,,,,,,1,,,,0,0
71,81,4,5,1,1,1,0.5,10.9,10.4,,0.9,3.5,2.1,1.4,0,1,3,1,0,1,1
71,82,4,11,0,1,1,1.6,12.5,10.9,,4.2,9.9,9.3,0.6,0,1,4,1,0,1,1
71,83,4,5,0,1,1,1.2,10.9,9.7,0.7,2.4,10.6,10.2,0,0.4,1,2,0,1,1,1
71,84,4,10,0,0,0,2.6,,,,,,,,,1,,,,0,0
71,85,4,6,0,1,1,,,,,2.2,12.9,0,0,12.9,1,0,0,8,1,1
71,86,4,4,0,1,1,2.9,10.6,7.7,,2.2,6.7,6.7,0,0,1,6,0,0,1,1
71,87,4,8,0,1,1,0.2,10.7,10.5,,3,7,6.5,0.5,0,1,4,1,0,1,1
71,88,4,3,0,0,0,2.5,,,,,,,,,1,,,,0,0
71,89,4,0,0,0,1,1.3,,,,,,,,,1,,,,0,0
71,90,4,2,0,1,1,4.4,0.4,-4,2.3,4.4,6,0,1.8,4.2,1,0,1,3,1,1
71,91,4,11,1,0,0,2.2,,,,,,,,,1,,,,0,0
71,92,4,4,1,1,1,0,1.2,1.2,1.7,4.2,13.1,4.5,1.5,7.1,1,1,1,4,1,1
71,93,4,7,1,1,1,2.6,11.5,8.9,,0.5,11.8,11.8,0,0,1,5,0,0,1,1
71,94,4,8,1,0,0,2.5,10.4,7.9,,2.9,4.4,4.4,0,0,1,5,0,0,1,0
71,95,4,3,0,0,0,1.7,,,,,,,,,1,,,,0,0
71,96,4,0,1,0,0,0,,,,,,,,,1,,,,0,0
71,97,5,2,0,1,1,1.4,-0.2,-1.6,0.5,1.1,5,0,0,5,1,0,0,5,1,1
71,98,5,0,0,1,1,5.1,12.3,7.2,,2.8,5,4.3,0.7,0,1,5,1,0,1,1
71,99,5,9,0,1,1,1.1,13.9,12.8,,4.2,10.9,10.9,0,0,1,5,0,0,1,1
71,100,5,10,0,0,0,3.9,,,,,,,,,1,,,,0,0
71,101,5,5,1,0,0,4.6,13,8.4,,1.3,3.4,3.4,0,0,1,5,0,0,1,0
71,102,5,11,0,1,1,0.7,10.9,10.2,,1.1,4.8,4.8,0,0,1,5,0,0,1,1
71,103,5,0,0,0,0,0,,,,,,,,,1,,,,0,0
71,104,5,10,1,0,0,0.1,,,,,,,,,1,,,,0,0
71,105,5,9,0,1,1,0,11.4,11.4,,3.1,12.7,11.2,1.5,0,1,3,1,0,1,1
71,106,5,10,0,0,0,1.9,,,,,,,,,1,,,,0,0
71,107,5,2,0,1,1,2.3,12,9.7,,3,9.6,7.3,2.3,0,1,6,1,0,1,1
71,108,5,6,0,0,0,1.9,,,,,,,,,1,,,,0,0
71,109,5,9,0,0,1,,,,,1.8,3.3,0,0,3.3,1,0,0,4,1,1
71,110,5,7,0,0,0,0.2,,,,,,,,,1,,,,0,0
71,111,5,2,1,1,1,5.2,0.8,-4.4,3.1,1.3,2.6,0,0,2.6,1,0,0,4,1,1
71,112,5,4,0,1,1,0,11.9,11.9,,3.1,21.1,21.1,0,0,1,2,0,0,1,1
71,113,5,3,0,0,0,9.2,,,,,,,,,1,,,,0,0
71,114,5,8,0,0,1,0.5,1.8,1.3,0.4,2.8,10,3.4,0,6.6,1,1,0,5,1,1
71,115,5,2,0,1,1,0,12.7,12.7,,4.9,9.6,9.6,0,0,1,2,0,0,1,1
71,116,5,7,1,0,0,4,,,,,,,,,1,,,,0,0
71,117,5,1,1,0,0,0.4,12.6,12.2,,2.5,3.9,3.9,0,0,1,4,0,0,1,0
71,118,5,11,0,1,1,0.7,11.4,10.7,,1.5,5.6,5.6,0,0,1,7,0,0,1,1
71,119,5,2,0,0,1,0,11.6,11.6,,0.4,7.1,7.1,0,0,1,5,0,0,1,0
71,120,5,3,1,0,0,7.2,,,,,,,,,1,,,,0,0
72,1,1,2,1,1,1,,,,,0.8,4.5,0,0,4.5,1,0,0,5,1,1
72,2,1,7,0,1,1,0,3.6,3.6,1.6,5.4,4.3,0.4,2.3,1.6,1,1,2,3,1,1
72,3,1,1,1,1,1,1.8,3.1,1.3,,4,3.6,2.3,1.3,0,1,2,1,0,1,1
72,4,1,3,0,0,1,5.1,2.2,-2.9,0.8,3.2,1.4,0,0.4,1,1,0,1,1,1,1
72,5,1,6,0,0,0,,4.2,,,2.6,,,,,1,,,,1,0
72,6,1,5,0,1,1,1.6,5.9,4.3,0.8,4.2,4.4,0.9,1.2,2.3,1,2,1,3,1,1
72,7,1,2,0,1,1,4.6,2.2,-2.4,4.4,4.2,3,0,1.4,1.6,1,0,2,2,1,1
72,8,1,9,0,0,1,2.7,1.9,-0.8,2.2,1.4,1.6,0,0.4,1.2,1,0,1,3,1,1
72,9,1,4,0,0,0,5.8,,,,,,,,,1,,,,0,0
72,10,1,7,0,0,0,3.2,,,,,,,,,1,,,,0,0
72,11,1,11,0,0,0,11.6,,,,,,,,,1,,,,0,0
72,12,1,8,0,0,0,4.8,,,,,,,,,1,,,,0,0
72,13,1,6,0,0,1,3,5.6,2.6,2.7,0.4,2.5,0.9,0,1.6,1,2,0,3,1,1
72,14,1,8,0,0,0,9.9,2.2,-7.7,5,2.7,0.7,0,0,0.7,1,0,0,1,1,0
72,15,1,4,0,0,1,0,2.4,2.4,,3.2,1.6,0.4,1.2,0,1,1,2,0,1,1
72,16,1,5,0,0,1,3,3,0,9.8,0.4,0.9,0.5,0,0.4,1,1,0,1,1,1
72,17,1,2,0,0,1,5.8,2.7,-3.1,7.3,3.7,1.9,0,1,0.9,1,0,1,1,1,1
72,18,1,7,1,1,1,4,2.5,-1.5,,1.3,0.9,0,0.9,0,1,0,1,0,1,1
72,19,1,0,0,0,0,13.7,,,,,,,,,1,,,,0,0
72,20,1,10,1,1,1,2.7,4.6,1.9,,2.2,2,0.7,1.3,0,1,1,1,0,1,1
72,21,1,3,1,0,0,1.5,2.3,0.8,5.7,2.3,0.8,0.4,0,0.4,1,1,0,1,1,0
72,22,1,5,0,0,1,0,3.4,3.4,1.8,0.6,0.8,0.4,0,0.4,1,1,0,1,1,1
72,23,1,8,1,1,1,1.7,3.1,1.4,6.2,0.9,5.2,3.8,0,1.4,1,1,0,2,1,1
72,24,1,9,1,1,1,1,2,1,0.8,4.2,6.6,3,0.7,2.9,1,2,1,2,1,1
72,25,2,10,0,0,0,0.1,6,5.9,1.4,0.4,1.3,0.4,0,0.9,1,1,0,2,1,0
72,26,2,11,0,0,0,5.2,1.7,-3.5,1.1,3.2,4.2,0,0.5,3.7,1,0,1,5,1,0
72,27,2,6,0,1,1,8.8,5.4,-3.4,,3.4,0.7,0,0.7,0,1,0,1,0,1,1
72,28,2,3,1,1,1,2.8,1.4,-1.4,2.4,2.4,0.9,0,0.5,0.4,1,0,1,1,1,1
72,29,2,11,0,1,1,2.4,1.4,-1,6.9,3.5,1.3,0,0.9,0.4,1,0,2,1,1,1
72,30,2,4,0,0,0,9.6,,,,,,,,,1,,,,0,0
72,31,2,1,0,0,1,5.2,3.4,-1.8,1.4,0.4,2.6,0,0,2.6,1,0,0,4,1,1
72,32,2,9,0,0,1,0.9,2.2,1.3,2.8,3.1,3,0.4,1.6,1,1,1,1,2,1,0
72,33,2,3,0,0,0,4.8,1.9,-2.9,0.5,2.4,4.2,0,0,4.2,1,0,0,6,1,0
72,34,2,11,0,0,0,11.1,2.5,-8.6,6.1,2.5,3.5,0,0,3.5,1,0,0,1,1,0
72,35,2,10,0,0,0,8.1,3.8,-4.3,3.6,0.7,2.4,0,0,2.4,1,0,0,3,1,0
72,36,2,0,0,0,0,14,1.9,-12.1,11.7,0.4,0.4,0,0,0.4,1,0,0,1,1,0
72,37,2,10,0,0,1,,,,,1.1,1,0,0,1,1,0,0,2,1,1
72,38,2,2,0,0,0,,2.5,,,2.2,,,,,1,,,,1,0
72,39,2,3,0,0,0,1.4,,,,,,,,,1,,,,0,0
72,40,2,8,0,0,0,12.9,2.7,-10.2,9.2,1,0.5,0,0,0.5,1,0,0,1,1,0
72,41,2,0,0,0,0,0.5,,,,,,,,,1,,,,0,0
72,42,2,3,1,1,0,4.1,2.1,-2,0.9,1.1,1.1,0,0,1.1,1,0,0,1,1,1
72,43,2,8,1,0,0,,,,,,,,,,1,,,,0,0
72,44,2,6,1,0,0,4.5,,,,,,,,,1,,,,0,0
72,45,2,7,1,1,0,,3.7,,,1.7,,,,,1,,,,1,0
72,46,2,0,1,1,1,1,4.4,3.4,0.6,4.3,8.8,5.9,0,2.9,1,3,0,2,1,1
72,47,2,9,1,1,1,0.7,2.1,1.4,2,3,4.3,1.5,1.9,0.9,1,2,1,2,1,1
72,48,2,3,1,1,1,0,1.7,1.7,0.5,3.4,6.4,4.6,0,1.8,1,2,0,2,1,1
72,49,3,0,0,0,1,0.4,1.3,0.9,1.9,2.3,8.8,2.3,1.9,4.6,1,1,1,4,1,1
72,50,3,9,0,0,1,0,1.7,1.7,2.2,2.2,1.6,1,0,0.6,1,2,0,1,1,1
72,51,3,11,1,1,1,0.4,1.5,1.1,0.4,2.3,4.6,0.5,1.3,2.8,1,1,1,5,1,1
72,52,3,0,1,1,1,0.3,1.3,1,3.5,2.1,5.3,3.9,0,1.4,1,1,0,2,1,1
72,53,3,3,1,1,1,0.3,1.4,1.1,6.3,1.8,3.4,2,0,1.4,1,2,0,1,1,1
72,54,3,1,0,1,1,0.8,2.5,1.7,2.2,2.7,9.8,5.1,0,4.7,1,3,0,5,1,1
72,55,3,0,1,1,1,1,1.9,0.9,2.3,5,10.9,4.8,2.8,3.3,1,1,2,4,1,1
72,56,3,3,0,1,1,0.5,1.6,1.1,4.6,3,4.6,1.5,1.2,1.9,1,2,1,2,1,1
72,57,3,11,0,1,1,5.1,6.7,1.6,1.2,3.7,7.5,4.5,1.4,1.6,1,1,1,2,1,1
72,58,3,1,0,0,1,0,3.1,3.1,2.2,1.9,11.1,5.3,0,5.8,1,3,0,2,1,1
72,59,3,7,0,1,1,0.4,6.7,6.3,0.9,3.1,9.2,5.1,1.9,2.2,1,4,2,3,1,1
72,60,3,10,0,0,1,2.8,1.6,-1.2,0.3,2.3,4.1,0,0.8,3.3,1,0,1,4,1,1
72,61,3,0,0,0,1,0.5,1.7,1.2,1.3,2.8,8.6,1.9,2.4,4.3,1,1,1,6,1,1
72,62,3,10,0,0,1,0.3,1.7,1.4,3.7,2.3,4.5,1.4,1.2,1.9,1,2,1,3,1,1
72,63,3,6,1,1,1,0.4,1.6,1.2,1.9,1,4.5,3.2,0,1.3,1,1,0,2,1,1
72,64,3,7,1,1,1,0.3,4.3,4,1.3,0.9,5.7,4.5,0,1.2,1,4,0,2,1,1
72,65,3,0,1,1,1,0.3,1.9,1.6,2.5,3.6,6.8,5.4,0,1.4,1,1,0,2,1,1
72,66,3,2,0,0,1,0.1,1.6,1.5,3.8,3.1,6.7,2.8,1.6,2.3,1,2,1,3,1,1
72,67,3,3,1,1,1,0.5,2,1.5,,2.9,1.2,0.8,0.4,0,1,1,1,0,1,1
72,68,3,4,1,1,1,0.3,2.1,1.8,2.8,0.4,5.6,3.7,0,1.9,1,2,0,3,1,1
72,69,3,3,0,0,1,0.5,2.1,1.6,2.8,3.1,3.5,1.3,1,1.2,1,1,1,2,1,1
72,70,3,8,0,0,1,0.3,2.3,2,2.2,0.4,5.1,1.4,0,3.7,1,2,0,5,1,1
72,71,3,6,1,1,1,2.4,3.9,1.5,,2.1,3.6,3.6,0,0,1,1,0,0,1,1
72,72,3,4,1,1,1,0.4,2,1.6,2.9,2.8,4.6,2,0.9,1.7,1,2,1,2,1,1
72,73,4,9,0,1,1,0.7,2.2,1.5,1.4,2.5,7.1,1.4,1.6,4.1,1,1,1,5,1,1
72,74,4,2,0,1,1,0,1.6,1.6,0.5,3.1,9.5,1.4,1.8,6.3,1,1,3,3,1,1
72,75,4,6,1,1,1,0.4,2.4,2,0.5,2.8,6.4,3.8,0.5,2.1,1,2,1,3,1,1
72,76,4,4,1,1,1,0,2.7,2.7,0.6,4.6,11.9,6.8,0,5.1,1,2,0,2,1,1
72,77,4,9,1,1,1,0.2,1.8,1.6,2.7,3.9,9.7,5.1,1.7,2.9,1,1,1,4,1,1
72,78,4,10,0,0,1,0.5,2,1.5,3.3,4.2,9.2,2.6,4.8,1.8,1,1,3,2,1,1
72,79,4,8,1,1,1,0.5,1.8,1.3,1.1,3.5,9.8,5.3,0,4.5,1,1,0,4,1,1
72,80,4,1,1,1,1,0.1,1.7,1.6,2.1,3.9,6.4,4.8,0.4,1.2,1,2,1,2,1,1
72,81,4,5,1,0,0,1,,,,,,,,,1,,,,0,0
72,82,4,11,0,1,1,0.1,1.4,1.3,2.8,2.3,6.5,0.7,4,1.8,1,1,2,2,1,1
72,83,4,5,0,1,1,0.7,2.2,1.5,1.2,2.8,6,1,1.7,3.3,1,1,1,3,1,1
72,84,4,10,0,1,1,0.5,1.7,1.2,3.3,2,2.4,0.6,0.5,1.3,1,1,1,2,1,1
72,85,4,6,0,1,1,0.2,2.1,1.9,2.1,2.4,9.3,2.6,1,5.7,1,2,1,5,1,1
72,86,4,4,0,1,1,0.1,1.4,1.3,1.5,3.2,7.5,1.5,1,5,1,1,1,4,1,1
72,87,4,8,0,1,1,0.4,1.3,0.9,2.2,2.5,6.9,0.8,1.9,4.2,1,1,1,4,1,1
72,88,4,3,0,0,1,2.6,1,-1.6,5.9,2.9,1.8,0,0.9,0.9,1,0,1,1,1,1
72,89,4,0,0,1,1,0.4,1.6,1.2,1.1,3.2,11,2,1.2,7.8,1,1,1,3,1,1
72,90,4,2,0,1,1,1.4,7.5,6.1,3.5,1.6,15.3,7.7,0,7.6,1,3,0,2,1,1
72,91,4,11,1,1,1,9.3,1.4,-7.9,6.5,1.4,1.8,0,0,1.8,1,0,0,2,1,1
72,92,4,4,1,1,1,0.1,3,2.9,1.2,4.5,9,6.3,0,2.7,1,2,0,3,1,1
72,93,4,7,1,1,1,0.4,2.1,1.7,1.1,4.1,7,4.9,0,2.1,1,2,0,3,1,1
72,94,4,8,1,1,1,0.2,1.6,1.4,0.6,3.2,8,4.8,0,3.2,1,2,0,3,1,1
72,95,4,3,0,1,1,0,1.2,1.2,1.4,2,3,1.2,0.7,1.1,1,1,1,2,1,1
72,96,4,0,1,1,1,0,1.5,1.5,1.7,1.7,8.4,4.5,0,3.9,1,1,0,7,1,1
72,97,5,2,0,1,1,7,8,1,3.9,0.6,13,0.6,3.3,9.1,1,1,1,5,1,1
72,98,5,0,0,0,1,1,3.1,2.1,5.5,0.4,11.3,6.5,0,4.8,1,3,0,3,1,1
72,99,5,9,0,0,1,0.6,5.5,4.9,1.6,0.6,6.8,4.4,0,2.4,1,3,0,3,1,1
72,100,5,10,0,0,1,0.3,3.4,3.1,2.4,0.7,6.8,4.9,0,1.9,1,2,0,3,1,1
72,101,5,5,1,0,0,10.3,,,,,,,,,1,,,,0,0
72,102,5,11,0,0,1,0.5,2.1,1.6,5.8,0.4,3.5,1.1,0,2.4,1,2,0,2,1,1
72,103,5,0,0,0,1,0.3,3.7,3.4,0.8,0.9,8.5,2.6,0,5.9,1,3,0,5,1,0
72,104,5,10,1,0,1,0.7,2.9,2.2,,0.4,3.3,3.3,0,0,1,2,0,0,1,0
72,105,5,9,0,0,1,4.9,1.8,-3.1,0.7,4.1,4.5,0,0.4,4.1,1,0,1,3,1,1
72,106,5,10,0,0,1,0.2,3.6,3.4,1.3,1.4,5.2,0.4,0.7,4.1,1,1,1,2,1,1
72,107,5,2,0,1,1,3.6,0.9,-2.7,1.6,2.8,7,0,0.6,6.4,1,0,1,4,1,1
72,108,5,6,0,1,1,4.2,1.7,-2.5,2,0.5,9.8,0,0,9.8,1,0,0,1,1,1
72,109,5,9,0,0,1,3.2,2,-1.2,0.6,2.1,3.2,0,1.2,2,1,0,1,3,1,1
72,110,5,7,0,0,0,6.6,2.1,-4.5,1,3.5,1.8,0,0,1.8,1,0,0,3,1,0
72,111,5,2,1,1,1,2.1,3.4,1.3,5.3,2.7,6.1,5.2,0,0.9,1,1,0,1,1,1
72,112,5,4,0,0,1,2.3,3.5,1.2,0.7,3.7,5.7,0.7,0.4,4.6,1,1,1,5,1,1
72,113,5,3,0,0,1,0.7,1.9,1.2,8.1,3.6,9.4,0.9,7.6,0.9,1,1,2,1,1,1
72,114,5,8,0,0,1,0.6,5.6,5,2.8,0.7,2.9,0.4,0,2.5,1,1,0,3,1,1
72,115,5,2,0,0,0,0.7,5.2,4.5,4.8,3.7,5.4,2,2.9,0.5,1,4,1,1,1,0
72,116,5,7,1,1,1,0.7,1.9,1.2,,1,4.8,4.8,0,0,1,1,0,0,1,1
72,117,5,1,1,1,1,1.3,3.6,2.3,6.4,3.8,5.7,5.1,0,0.6,1,2,0,1,1,1
72,118,5,11,0,0,1,1.1,2.5,1.4,3.4,2.5,6.3,1.2,1.6,3.5,1,2,2,3,1,1
72,119,5,2,0,0,0,5.6,1.5,-4.1,1.7,2.4,2.9,0,0,2.9,1,0,0,3,1,0
72,120,5,3,1,1,0,0.9,6.5,5.6,,0.5,0.9,0.9,0,0,1,1,0,0,1,1
73,1,1,2,1,0,0,6.7,,,,,,,,,1,,,,0,0
73,2,1,7,0,1,0,1.1,5.5,4.4,0.7,1.3,3.8,1.7,0,2.1,1,2,0,3,1,0
73,3,1,1,1,0,0,8.4,,,,,,,,,1,,,,0,0
73,4,1,3,0,0,0,1.2,,,,,,,,,1,,,,0,0
73,5,1,6,0,0,0,1.1,5.5,4.4,4.2,2.3,4.9,1.9,0,3,1,1,0,2,1,0
73,6,1,5,0,0,0,3.7,,,,,,,,,1,,,,0,0
73,7,1,2,0,1,1,4.2,4.4,0.2,2.7,2.1,1.7,0.6,0,1.1,1,1,0,1,1,1
73,8,1,9,0,0,0,3.4,,,,,,,,,1,,,,0,0
73,9,1,4,0,1,1,2.7,2.3,-0.4,3.3,2.2,1.7,0,0.7,1,1,0,1,2,1,1
73,10,1,7,0,0,1,3.9,2.3,-1.6,1.7,2.3,2.5,0,0.5,2,1,0,1,4,1,1
73,11,1,11,0,0,1,2,2,0,3.6,2.1,2.6,0.6,0,2,1,1,0,2,1,1
73,12,1,8,0,0,1,1.5,2.5,1,,2.5,1.1,0.7,0.4,0,1,1,1,0,1,1
73,13,1,6,0,1,1,,,,,0.4,5.4,0,0,5.4,1,0,0,7,1,1
73,14,1,8,0,0,1,1.8,10.4,8.6,,3.3,5.7,4.4,1.3,0,1,5,2,0,1,1
73,15,1,4,0,0,1,0,1.6,1.6,2.7,3.4,4.2,0.4,0.4,3.4,1,1,1,5,1,1
73,16,1,5,0,0,1,0,2.7,2.7,2.9,3,2.5,0.4,1.6,0.5,1,1,1,1,1,0
73,17,1,2,0,1,1,3.8,4.3,0.5,1.3,3.3,4.6,0.7,0.6,3.3,1,1,1,3,1,1
73,18,1,7,1,1,1,3.5,3.5,0,1.5,0.7,3.1,0.4,0,2.7,1,1,0,4,1,1
73,19,1,0,0,1,0,6.1,2.2,-3.9,0.6,3.3,1.7,0,0,1.7,1,0,0,3,1,0
73,20,1,10,1,1,1,2.9,5.3,2.4,,3.1,1.4,1,0.4,0,1,2,1,0,1,1
73,21,1,3,1,0,0,3.1,,,,,,,,,1,,,,0,0
73,22,1,5,0,0,1,5.3,2.7,-2.6,2.2,2.7,2.8,0,0.8,2,1,0,1,2,1,1
73,23,1,8,1,1,1,3.2,2.6,-0.6,,2.8,0.6,0,0.6,0,1,0,1,0,1,1
73,24,1,9,1,1,1,1.7,2.9,1.2,2.2,2.6,7.8,1.2,3.8,2.8,1,1,1,1,1,1
73,25,2,10,0,0,1,0.4,2.5,2.1,7.5,4.1,1.4,0.4,0.5,0.5,1,1,1,1,1,1
73,26,2,11,0,0,1,3.7,1.8,-1.9,8.7,3.4,1.1,0,0.6,0.5,1,0,1,1,1,1
73,27,2,6,0,1,1,2.9,9.8,6.9,,3.4,2.7,2.2,0.5,0,1,4,1,0,1,1
73,28,2,3,1,1,0,4.9,0.2,-4.7,4.3,0.4,1.5,0,0,1.5,1,0,0,3,1,0
73,29,2,11,0,0,1,1.8,2,0.2,3.2,0.4,2,0.8,0,1.2,1,1,0,2,1,1
73,30,2,4,0,0,1,0.7,1.6,0.9,1.8,1.8,4.4,0.5,0.9,3,1,1,1,6,1,1
73,31,2,1,0,1,1,2.5,1.6,-0.9,2.8,3.3,6.2,0,3.3,2.9,1,0,1,3,1,1
73,32,2,9,0,1,1,0.8,1,0.2,2.2,0.5,2.8,1.4,0,1.4,1,1,0,2,1,1
73,33,2,3,0,1,1,1.2,2,0.8,1.3,0.8,5.4,0.6,1.1,3.7,1,1,1,6,1,1
73,34,2,11,0,0,1,1.6,1.9,0.3,4,0.8,3,0.8,0,2.2,1,1,0,2,1,1
73,35,2,10,0,0,1,0.1,2.8,2.7,4,2.7,3.3,1.7,0,1.6,1,3,0,2,1,1
73,36,2,0,0,1,0,6.6,1.2,-5.4,3.3,2.1,0.5,0,0,0.5,1,0,0,1,1,1
73,37,2,10,0,0,1,1.8,2.3,0.5,7,3.4,3.2,0.4,1,1.8,1,1,2,1,1,1
73,38,2,2,0,0,0,8.5,,,,,,,,,1,,,,0,0
73,39,2,3,0,1,1,0.8,1.4,0.6,0.3,3.4,5.7,0.5,0.6,4.6,1,1,1,4,1,1
73,40,2,8,0,0,0,1,,,,,,,,,1,,,,0,0
73,41,2,0,0,0,0,1.5,,,,,,,,,1,,,,0,0
73,42,2,3,1,0,0,5.2,1.2,-4,3.5,0.5,2.7,0,0,2.7,1,0,0,2,1,0
73,43,2,8,1,0,0,2.7,,,,,,,,,1,,,,0,0
73,44,2,6,1,1,1,2.7,3.1,0.4,,2.1,1.3,0.8,0.5,0,1,1,1,0,1,1
73,45,2,7,1,1,0,7,2,-5,1.4,3.6,3.7,0,0,3.7,1,0,0,3,1,0
73,46,2,0,1,1,1,1.3,2.8,1.5,1.7,3.6,5.4,1.2,2.2,2,1,2,2,3,1,1
73,47,2,9,1,1,1,0.5,1.8,1.3,1.3,2.6,3.5,0.4,0.8,2.3,1,1,2,4,1,1
73,48,2,3,1,0,0,5.5,,,,,,,,,1,,,,0,0
73,49,3,0,0,1,1,0.4,1.6,1.2,0.9,0.5,5.5,0.5,0.8,4.2,1,1,1,4,1,1
73,50,3,9,0,1,1,1.6,1.4,-0.2,3,1.7,3,1,0.5,1.5,1,1,1,1,1,1
73,51,3,11,1,0,0,5.5,,,,,,,,,1,,,,0,0
73,52,3,0,1,0,0,0.3,,,,,,,,,1,,,,0,0
73,53,3,3,1,0,0,0.9,,,,,,,,,1,,,,0,0
73,54,3,1,0,0,0,1,,,,,,,,,1,,,,0,0
73,55,3,0,1,0,0,4.4,,,,,,,,,1,,,,0,0
73,56,3,3,0,0,1,0.5,3.6,3.1,2.4,1.1,4.6,1.6,1.1,1.9,1,2,1,3,1,1
73,57,3,11,0,0,0,1,,,,,,,,,1,,,,0,0
73,58,3,1,0,1,1,0.4,2.9,2.5,1.8,0.5,8.5,2.4,0,6.1,1,3,0,4,1,1
73,59,3,7,0,1,1,0.5,2.3,1.8,2.7,3,7.7,0.8,3.3,3.6,1,1,2,3,1,1
73,60,3,10,0,0,1,0.3,3,2.7,2.6,1.8,4.8,1.3,0.7,2.8,1,2,1,3,1,1
73,61,3,0,0,1,1,,,,,0.4,8.3,0,0,8.3,1,0,0,8,1,1
73,62,3,10,0,0,0,5.5,,,,,,,,,1,,,,0,0
73,63,3,6,1,1,1,5.4,5.8,0.4,0.6,0.4,1.9,0.4,0,1.5,1,1,0,2,1,1
73,64,3,7,1,1,1,0.8,0,-0.8,2.4,2.3,4.8,0,2.1,2.7,1,0,2,3,1,1
73,65,3,0,1,1,1,0.9,7.4,6.5,,7.1,6.3,4.9,1.4,0,1,4,2,0,1,1
73,66,3,2,0,0,0,1.5,,,,,,,,,1,,,,0,0
73,67,3,3,1,0,0,0,,,,,,,,,1,,,,0,0
73,68,3,4,1,1,1,2,4,2,2.9,0.7,3.3,0.8,0.7,1.8,1,2,1,2,1,1
73,69,3,3,0,0,1,0.9,2.6,1.7,0.9,0.4,4.3,1.1,0.7,2.5,1,1,1,3,1,1
73,70,3,8,0,1,1,1.2,3.2,2,2.8,1,4.9,1.1,1.9,1.9,1,2,2,2,1,1
73,71,3,6,1,1,1,1.6,5.5,3.9,2.4,1.4,2.1,1.6,0,0.5,1,3,0,1,1,1
73,72,3,4,1,1,1,0.7,2,1.3,1.9,2,5.6,2.4,0.7,2.5,1,1,1,4,1,1
73,73,4,9,0,1,1,0.5,1.4,0.9,2.7,2.4,8.6,2.5,2.6,3.5,1,2,1,4,1,1
73,74,4,2,0,1,1,0.6,4.6,4,1.3,2.2,3.7,1.4,0,2.3,1,2,0,2,1,1
73,75,4,6,1,1,1,0.5,2.5,2,7.6,2.5,3.6,2.7,0,0.9,1,2,0,1,1,1
73,76,4,4,1,0,0,0.1,,,,,,,,,1,,,,0,0
73,77,4,9,1,1,1,0.2,6.8,6.6,,1,7,3.5,3.5,0,1,3,1,0,1,1
73,78,4,10,0,1,1,0.3,1.2,0.9,0.4,0.5,7.3,0.4,0,6.9,1,1,0,7,1,1
73,79,4,8,1,1,1,0.5,4.4,3.9,4.3,1,4.6,1.6,1.3,1.7,1,2,1,2,1,1
73,80,4,1,1,0,0,1.5,,,,,,,,,1,,,,0,0
73,81,4,5,1,0,0,3.9,,,,,,,,,1,,,,0,0
73,82,4,11,0,1,1,0.1,10.2,10.1,1.5,2.2,3.6,2.4,0.7,0.5,1,3,1,1,1,1
73,83,4,5,0,0,0,1.5,,,,,,,,,1,,,,0,0
73,84,4,10,0,0,1,1.1,6.6,5.5,3.9,0.4,7.6,4.4,2.4,0.8,1,3,1,1,1,0
73,85,4,6,0,0,1,1.3,4.7,3.4,1.4,2,10.2,3.3,1.5,5.4,1,3,2,2,1,1
73,86,4,4,0,1,1,0.5,2,1.5,0.8,1.5,11.3,2,1.2,8.1,1,2,1,7,1,1
73,87,4,8,0,0,1,0.4,1,0.6,0.5,1.5,5.4,0.7,1.1,3.6,1,1,2,5,1,1
73,88,4,3,0,1,1,1.1,1.3,0.2,1.2,3,2.7,1.6,0,1.1,1,1,0,2,1,1
73,89,4,0,0,1,1,0.3,1.5,1.2,1,2,8.8,2.4,1.3,5.1,1,1,2,5,1,1
73,90,4,2,0,1,1,0.8,6.7,5.9,1.2,4.2,7.4,4.1,2.3,1,1,2,4,2,1,1
73,91,4,11,1,1,1,0,1.7,1.7,2.9,3.9,5.7,1.4,2.6,1.7,1,2,2,2,1,1
73,92,4,4,1,1,1,1,2.4,1.4,2.1,4,7.4,1.7,3.1,2.6,1,2,2,4,1,1
73,93,4,7,1,1,1,0.4,1.5,1.1,1.8,2.6,5.6,0.9,1.3,3.4,1,1,2,3,1,1
73,94,4,8,1,0,0,0.4,,,,,,,,,1,,,,0,0
73,95,4,3,0,0,0,2.2,,,,,,,,,1,,,,0,0
73,96,4,0,1,1,1,0.1,10.1,10,2.7,0.4,7.7,6.7,0,1,1,5,0,1,1,1
73,97,5,2,0,0,0,1.6,,,,,,,,,1,,,,0,0
73,98,5,0,0,1,1,0.7,3.2,2.5,2.3,0.5,6.4,1.6,0.4,4.4,1,2,1,4,1,1
73,99,5,9,0,0,0,1.5,,,,,,,,,1,,,,0,0
73,100,5,10,0,0,0,3.1,,,,,,,,,1,,,,0,0
73,101,5,5,1,1,1,0.2,12.1,11.9,,0.4,5,5,0,0,1,6,0,0,1,1
73,102,5,11,0,0,0,3.1,,,,,,,,,1,,,,0,0
73,103,5,0,0,0,0,1.7,,,,,,,,,1,,,,0,0
73,104,5,10,1,0,0,0.3,,,,,,,,,1,,,,0,0
73,105,5,9,0,0,0,4.3,1.8,-2.5,2,0.5,3.8,0,0,3.8,1,0,0,5,1,0
73,106,5,10,0,0,0,3.1,,,,,,,,,1,,,,0,0
73,107,5,2,0,0,1,2.1,1.7,-0.4,1.7,0.4,5.1,0,1,4.1,1,0,1,4,1,0
73,108,5,6,0,0,1,4.3,4.2,-0.1,0.7,0.4,6.1,0.8,0,5.3,1,1,0,4,1,0
73,109,5,9,0,0,0,1.2,,,,,,,,,1,,,,0,0
73,110,5,7,0,1,1,1.6,2.1,0.5,0.4,3.5,2.7,0.5,0.9,1.3,1,1,2,2,1,1
73,111,5,2,1,0,1,1.1,2.3,1.2,5.6,0.7,5.1,2,1,2.1,1,1,1,2,1,0
73,112,5,4,0,0,1,1.4,6,4.6,0.4,0.5,3.8,1.1,0,2.7,1,2,0,3,1,1
73,113,5,3,0,0,0,1.2,,,,,,,,,1,,,,0,0
73,114,5,8,0,0,0,0.9,,,,,,,,,1,,,,0,0
73,115,5,2,0,1,1,1.1,11.3,10.2,1.2,0.4,6.4,5.3,0,1.1,1,4,0,2,1,1
73,116,5,7,1,0,0,0.8,,,,,,,,,1,,,,0,0
73,117,5,1,1,1,1,1.1,2.3,1.2,0.5,1.4,4.4,1.1,0,3.3,1,1,0,4,1,1
73,118,5,11,0,0,0,0.5,1.8,1.3,1.3,0.6,4.9,0.5,0,4.4,1,1,0,6,1,0
73,119,5,2,0,0,1,3.2,2.7,-0.5,0.5,2.3,4.1,0,1,3.1,1,0,2,3,1,1
73,120,5,3,1,1,0,0.7,2.3,1.6,,0.4,0.6,0.6,0,0,1,1,0,0,1,1
