participant,trigger,x,y,z,gx,gy,target,difference,side,angle_p,angle_g,l_g,l_p,cond,sgb,sgm,sgc,f_b,f_m,f_c,h_B_w,distance,dense_column,VS left,VS right,Height,DomHand,regularity,Geschlecht
9,1.0,-0.19790094333333333,-0.36412606666666664,-0.2453602566666667,-227.77666666666664,-110.16666666666667,-10.346543642849262,-18.34672021333333,-0.5,-35.0,-16.65327978666667,5.1,1.1,1.0,1.8,0.0,3.2999999999999994,1.0,0.0,4.0,1.3920578552396927,near,dense,0.0,0.0,118,2,4,1
9,2.0,-0.24836062,-0.22386828,-0.22986770999999998,233.79000000000005,-171.58666666666667,9.599905906100814,3.9070714800000004,0.5,21.0,17.09292852,5.400000000000001,1.2,1.0,1.8999999999999997,0.0,3.5,1.0,0.0,3.0,1.4690357902440283,near,dense,0.0,0.0,118,2,4,1
9,3.0,-0.18575901333333333,-0.38529582,-0.2502337533333333,-349.7633333333333,-158.89666666666668,-13.586334530236007,-16.427992406666664,-0.5,-42.0,-25.572007593333336,0.9,1.3,1.0,0.9,0.0,0.0,2.0,0.0,0.0,2.6497147316609833,near,dense,0.0,0.0,118,2,4,1
9,4.0,-0.22625752,-0.18604648666666668,-0.21944683666666667,329.2966666666667,-193.4433333333333,13.034893519105205,19.59102449,0.5,43.666666666666664,24.075642176666666,3.5,1.2,1.0,0.9,0.6999999999999998,1.8999999999999997,1.0,1.0,3.0,1.9642965430211425,near,dense,0.0,0.0,118,2,4,1
9,5.0,-0.16033111,-0.21823531666666665,-0.23666988,396.37000000000006,-60.28333333333334,15.859600926412563,9.020471036666665,0.5,38.0,28.979528963333337,4.4,1.0,1.0,1.0,1.0,2.4,2.0,2.0,2.0,2.4857748138875286,near,dense,0.0,0.0,118,2,4,1
9,6.0,-0.20474972333333333,-0.22731307999999997,-0.24533050333333337,258.4666666666667,-109.37,10.769231686416832,4.436236546666667,0.5,23.333333333333332,18.897096786666665,6.5,1.2,1.0,2.3,0.0,4.2,2.0,0.0,4.0,1.6545891313570718,near,dense,0.0,0.0,118,2,4,1
9,7.0,-0.18148513666666666,-0.23901701,-0.2555852633333333,256.9633333333333,-148.67,12.104073626662037,10.87948206,0.5,29.666666666666668,18.787184606666667,5.900000000000001,1.2,1.0,1.7,1.3999999999999997,2.7999999999999994,1.0,1.0,2.0,1.436009375576628,near,dense,0.0,0.0,118,2,4,1
9,8.0,-0.18409434,-0.22717590333333335,-0.26111387999999996,339.1433333333333,-160.13333333333333,13.900970641679729,20.20444521,0.5,45.0,24.79555479,3.4,0.9,1.0,1.0,0.8000000000000002,1.6000000000000003,1.0,1.0,2.0,2.0765984161466142,near,dense,0.0,0.0,118,2,4,1
9,9.0,-0.19712569333333332,-0.1828310333333333,-0.24472697666666665,351.1966666666667,-78.03666666666666,16.155093656248027,-10.676801913333335,0.5,15.0,25.676801913333335,3.6,0.9,1.0,0.8000000000000002,1.1,1.7,1.0,1.0,2.0,2.47299028165034,near,dense,0.0,0.0,118,2,4,1
9,12.0,-0.21250774333333333,-0.18645169666666664,-0.24259766666666663,342.3333333333333,-154.49333333333334,14.681980374113076,18.637883586666664,0.5,43.666666666666664,25.02878308,1.2,1.1,1.0,0.8000000000000002,0.0,0.4000000000000001,1.0,0.0,1.0,2.2317840248459406,near,dense,0.0,0.0,118,2,4,1
9,13.0,-0.2089029,-0.21890966999999997,-0.24579281333333333,221.2966666666667,-95.65333333333335,11.175293752996843,28.820488026666666,0.5,45.0,16.179511973333334,7.400000000000001,1.3,1.0,3.0,0.0,4.4,2.0,0.0,4.0,1.7308955640969736,near,dense,0.0,0.0,118,2,4,1
9,14.0,-0.20659153,-0.20547804666666666,-0.2355183633333333,237.23666666666668,-119.40333333333335,11.910894275773458,18.655077693333336,0.5,36.0,17.344922306666664,2.5,1.3999999999999997,1.0,2.0,0.0,0.5,1.0,0.0,1.0,1.9533909564445213,near,dense,0.0,0.0,118,2,4,1
9,15.0,-0.2162743,-0.1997484966666667,-0.24418799000000002,366.00666666666666,-180.37,13.948446019877986,9.240404676666666,0.5,36.0,26.759595323333333,5.0,0.9,1.0,0.0,0.6,4.4,0.0,1.0,6.0,2.3327801657349414,near,dense,0.0,0.0,118,2,4,1
9,16.0,-0.21779264666666664,-0.1648493666666667,-0.25433869333333337,405.35999999999996,-109.76333333333334,18.31825877800019,10.363191306666666,0.5,40.0,29.636808693333336,1.1,0.8000000000000002,1.0,0.6999999999999998,0.0,0.4000000000000001,1.0,0.0,1.0,3.0039280376577646,near,dense,0.0,0.0,118,2,4,1
9,17.0,-0.24250949,-0.19289001666666664,-0.24984419666666668,242.7033333333333,-155.10666666666665,11.622796455452091,18.255397033333335,0.5,36.0,17.744602966666665,2.7999999999999994,1.3,1.0,2.3,0.5,0.0,2.0,1.0,0.0,1.4397041098797845,near,dense,0.0,0.0,118,2,4,1
9,18.0,-0.17156080333333334,-0.4000950366666666,-0.27869672666666667,-423.74,-65.05333333333333,-19.816567956234753,-14.019386923333334,-0.5,-45.0,-30.980613076666668,1.1,0.6999999999999998,1.0,0.6,0.5,0.0,1.0,1.0,0.0,3.006818219639895,near,dense,0.0,0.0,118,2,4,1
9,19.0,-0.19906845333333334,-0.19273854999999998,-0.25494947333333334,353.00000000000006,-161.86333333333334,15.203706552426368,17.858018876666666,0.5,43.666666666666664,25.80864779,2.1,1.1,1.0,1.5,0.0,0.6,1.0,0.0,1.0,3.023202607099051,near,dense,0.0,0.0,118,2,4,1
9,20.0,-0.19046233,-0.40784970000000004,-0.2706163466666667,-284.50333333333333,-29.806666666666654,-16.276929100217288,-23.199302193333335,-0.5,-44.0,-20.800697806666665,2.7000000000000006,1.0,1.0,1.0,0.0,1.7,1.0,0.0,2.0,2.543798355340053,near,dense,0.0,0.0,118,2,4,1
9,22.0,-0.27111749,-0.13799463,-0.2335243366666667,375.43,-89.33999999999999,16.334838303542877,13.884776276666665,0.5,41.333333333333336,27.44855705666667,1.8,0.9,1.0,1.3999999999999997,0.4000000000000001,0.0,2.0,1.0,0.0,2.7467964004064918,near,dense,0.0,0.0,118,2,4,1
9,23.0,-0.23460775999999997,-0.3892644166666666,-0.24037329,-313.40333333333336,-119.87666666666667,-13.116201543864603,1.5803104233333336,-0.5,-21.333333333333332,-22.91364375666667,0.5,0.9,1.0,0.5,0.0,0.0,1.0,0.0,0.0,1.9407464851097076,near,dense,0.0,0.0,118,2,4,1
9,24.0,-0.30478271,-0.23508733666666667,-0.22811172999999998,70.60999999999997,-133.77333333333334,4.376108894031823,6.504205985333333,0.5,11.666666666666666,5.162460681333333,7.3,1.1,1.0,1.5,0.0,5.8,2.0,0.0,5.0,1.1726091179907165,near,dense,0.0,0.0,118,2,4,1
9,25.0,-0.24382139,-0.1666194,-0.21318929333333334,306.8666666666667,-203.03666666666666,15.217788610058241,-7.435732916666666,0.5,15.0,22.435732916666666,5.1,1.1,2.0,1.6000000000000003,0.0,3.5,2.0,0.0,5.0,2.6381111739901915,far,dense,0.0,0.0,118,2,4,1
9,26.0,-0.25196153,-0.18524723333333334,-0.2144108,281.2033333333333,-180.50666666666666,13.565402134265257,17.440572839999998,0.5,38.0,20.559427160000002,3.7000000000000006,1.3,2.0,1.8,0.0,1.8999999999999997,1.0,0.0,3.0,2.2491080249005635,far,dense,0.0,0.0,118,2,4,1
9,27.0,-0.2992717233333333,-0.17218780666666667,-0.20915786,276.65,-118.38666666666666,12.816858264916908,9.440144253333333,0.5,29.666666666666668,20.22652241333333,3.6,1.0,2.0,1.1,1.2,1.3,1.0,1.0,1.0,2.2373828472979107,far,dense,0.0,0.0,118,2,4,1
9,29.0,-0.2539765333333333,-0.19551153333333335,-0.22351303666666666,244.66333333333333,-130.95000000000002,12.26735650720886,6.445430223333332,0.5,24.333333333333332,17.88790311,4.2,1.2,2.0,2.1,0.4000000000000001,1.7,1.0,1.0,4.0,2.070924901399082,far,dense,0.0,0.0,118,2,4,1
9,30.0,-0.24871490333333335,-0.18313807666666668,-0.21365086,356.3733333333333,-179.76,14.08164889688414,9.944719993333333,0.5,36.0,26.055280006666667,3.4,0.9,2.0,1.3,0.8000000000000002,1.3,2.0,1.0,2.0,2.522108560366474,far,dense,0.0,0.0,118,2,4,1
9,31.0,-0.23958946,-0.2128772933333333,-0.21495862,257.66333333333336,-151.72333333333333,13.132555067628148,13.161636773333333,0.5,32.0,18.83836322666667,11.1,1.8,2.0,2.0,0.0,9.1,1.0,0.0,6.0,3.7418937845932323,far,dense,0.0,0.0,118,2,4,1
9,32.0,-0.21800560666666668,-0.22185829999999998,-0.23099534666666668,271.6966666666667,-160.51999999999998,11.158314709429677,12.135627263333333,0.5,32.0,19.864372736666667,0.9,1.2,2.0,0.0,0.0,0.9,0.0,0.0,1.0,1.876436945347394,far,dense,0.0,0.0,118,2,4,1
9,33.0,-0.25258501,-0.1868325266666667,-0.22195319666666669,523.2,-64.47333333333334,12.867217767145446,-2.0217198866666686,0.5,32.0,34.021719886666666,3.5,1.5,2.0,1.0,0.5,2.0,1.0,1.0,3.0,2.1992583885958705,far,dense,0.0,0.0,118,2,4,1
9,34.0,-0.21889077666666668,-0.19743845000000002,-0.22714954,348.67333333333335,-163.87,14.27219035913084,14.507684833333334,0.5,40.0,25.492315166666668,1.3999999999999997,1.1,2.0,0.6999999999999998,0.0,0.6999999999999998,1.0,0.0,1.0,2.5068365193060926,far,dense,0.0,0.0,118,2,4,1
9,35.0,-0.18406723,-0.19047086333333332,-0.2526063533333333,470.5366666666667,-159.14333333333335,19.60004323482113,10.597974209999999,0.5,45.0,34.40202579,3.2999999999999994,1.2,2.0,0.5,0.0,2.7999999999999994,1.0,0.0,2.0,3.3763087181857947,far,dense,0.0,0.0,118,2,4,1
9,36.0,-0.20758074,-0.19997595333333332,-0.23189679666666665,368.62999999999994,-157.85666666666665,14.31676717039327,11.0486067,0.5,38.0,26.951393299999996,1.6000000000000003,1.6000000000000003,2.0,1.6000000000000003,0.0,0.0,1.0,0.0,0.0,3.5687086474024525,far,dense,0.0,0.0,118,2,4,1
9,37.0,-0.21074596999999998,-0.21147253333333335,-0.22930984333333335,353.70666666666665,-152.28,13.897258380203356,-5.86031383,0.5,20.0,25.86031383,2.4,1.0,2.0,0.4000000000000001,0.5,1.5,1.0,1.0,2.0,2.5140670990689316,far,dense,0.0,0.0,118,2,4,1
9,38.0,-0.18822234666666668,-0.20472120666666668,-0.23989311333333332,276.34666666666664,-70.10333333333334,16.56063021131499,17.79565499,0.5,38.0,20.20434501,5.8,1.2,2.0,1.3999999999999997,0.0,4.4,2.0,0.0,3.0,3.259062041101338,far,dense,0.0,0.0,118,2,4,1
9,39.0,-0.20924527,-0.20541881333333334,-0.22927358,377.45,-96.84666666666665,13.894958458575132,4.403756063333333,0.5,32.0,27.596243936666667,3.0,1.0,2.0,0.0,0.0,3.0,0.0,0.0,2.0,2.4502179807683278,far,dense,0.0,0.0,118,2,4,1
9,40.0,-0.21277601333333332,-0.16953564666666665,-0.21835151,426.7866666666667,-135.11666666666667,17.175955854317788,13.79663807,0.5,45.0,31.20336193,1.2,1.2,2.0,0.0,0.0,1.2,0.0,0.0,2.0,3.036113300555181,far,dense,0.0,0.0,118,2,4,1
9,41.0,-0.20769399666666666,-0.20067638333333335,-0.21824092333333334,298.08666666666664,-130.1,14.27603781524268,10.206193223333335,0.5,32.0,21.793806776666667,4.4,1.1,2.0,1.5,0.0,2.9,2.0,0.0,4.0,3.508309914741037,far,dense,0.0,0.0,118,2,4,1
9,42.0,-0.19225952999999998,-0.39691648666666673,-0.25085261,-393.7366666666667,-75.80666666666666,-15.766511781228425,-13.213000133333333,-0.5,-42.0,-28.786999866666665,0.5,1.0,2.0,0.0,0.0,0.5,0.0,0.0,1.0,2.0589163467098346,far,dense,0.0,0.0,118,2,4,1
9,45.0,-0.19598211666666665,-0.39840973333333335,-0.24853494666666665,-363.1166666666666,-81.30333333333333,-13.843408956620541,-13.118365936666669,-0.5,-39.666666666666664,-26.548300729999998,1.3,1.2,2.0,0.5,0.0,0.8000000000000002,1.0,0.0,2.0,1.8225826437690131,far,dense,0.0,0.0,118,2,4,1
9,46.0,-0.2398147966666667,-0.37137383999999996,-0.23270485333333335,-244.57666666666668,-97.91666666666667,-9.850421015279492,2.88156671,-0.5,-15.0,-17.88156671,4.6,1.6000000000000003,2.0,2.1,0.0,2.5,1.0,0.0,4.0,2.055446300316133,far,dense,0.0,0.0,118,2,4,1
9,47.0,-0.20936774666666666,-0.38559706,-0.23977162999999999,-263.06333333333333,-101.41333333333334,-11.138085087146758,-2.100163599999999,-0.5,-21.333333333333332,-19.233169733333334,1.5,1.5,2.0,1.5,0.0,0.0,1.0,0.0,0.0,1.5145441929055001,far,dense,0.0,0.0,118,2,4,1
9,48.0,-0.28633653000000003,-0.33803227666666674,-0.22922603666666666,-106.8,-119.65333333333332,-4.800939951641464,-7.191604577666666,-0.5,-15.0,-7.808395422333334,5.3,1.0,2.0,1.7,0.0,3.6,1.0,0.0,2.0,1.287181476661137,far,dense,0.0,0.0,118,2,4,1
9,49.0,-0.33540394,-0.17634372333333334,-0.31303984,272.1066666666667,-128.83666666666667,12.099604982355809,-4.561015453333333,0.5,15.333333333333334,19.894348786666665,13.9,1.7,3.0,2.3,0.5,11.1,2.0,1.0,9.0,5.427556719652458,near,non_dense,0.0,0.0,118,2,4,1
9,50.0,-0.19662229,-0.1842350633333333,-0.2692831133333333,367.35666666666674,-84.04666666666667,15.358973272521636,-11.858296950000002,0.5,15.0,26.85829695,3.1,0.8000000000000002,3.0,1.3999999999999997,0.5,1.2,2.0,1.0,2.0,5.757273588904423,near,non_dense,0.0,0.0,118,2,4,1
9,52.0,-0.15020466666666665,-0.3658959466666667,-0.31023236000000004,-241.56333333333336,-51.73666666666668,-12.077763019912233,-22.672078406666667,-0.5,-40.333333333333336,-17.66125492666667,6.400000000000001,1.1,3.0,1.3,0.9,4.2,1.0,1.0,6.0,4.512816657497008,near,non_dense,0.0,0.0,118,2,4,1
9,53.0,-0.13988385666666667,-0.3756567233333333,-0.3043039633333333,-333.84666666666664,-61.29333333333333,-15.828068548115317,-19.591696780000003,-0.5,-44.0,-24.408303219999997,1.7,0.6999999999999998,3.0,1.2,0.0,0.5,1.0,0.0,1.0,4.664278398051986,near,non_dense,0.0,0.0,118,2,4,1
9,54.0,-0.23434359000000002,-0.25504336333333333,-0.24529839333333334,105.06666666666665,-70.01,8.065965185332317,-3.0150007403333334,0.5,4.666666666666667,7.681667407,7.8,1.0,3.0,2.7000000000000006,0.0,5.1,1.0,0.0,5.0,4.20366040196053,near,non_dense,0.0,0.0,118,2,4,1
9,55.0,-0.1733916666666667,-0.33560105333333334,-0.25914886333333337,-199.75333333333333,-53.21999999999999,-7.512610844829287,-0.3955710333333329,-0.5,-15.0,-14.604428966666667,10.699999999999998,0.8000000000000002,3.0,1.7,1.1,7.900000000000001,1.0,1.0,3.0,2.9546130351860516,near,non_dense,0.0,0.0,118,2,4,1
9,56.0,-0.20642823666666668,-0.20250922666666668,-0.2631782866666667,215.11,-113.09666666666668,10.75232760629209,17.939476223333333,0.5,33.666666666666664,15.727190443333333,6.8,0.6,3.0,3.1,0.0,3.7000000000000006,2.0,0.0,5.0,3.884427700639216,near,non_dense,0.0,0.0,118,2,4,1
9,57.0,-0.19629717333333332,-0.2618762133333334,-0.23494491333333334,141.86,-118.38666666666666,7.668339265352368,21.628286755,0.5,32.0,10.371713245,8.7,1.0,3.0,2.6,0.0,6.099999999999999,1.0,0.0,5.0,2.636279174917652,near,non_dense,0.0,0.0,118,2,4,1
9,58.0,-0.22636648,-0.22197173,-0.21720151666666668,118.88999999999999,-136.93333333333334,13.869747663935238,11.307676667,0.5,20.0,8.692323333,9.4,1.0,3.0,1.8999999999999997,5.8,1.7,2.0,1.0,2.0,7.518614439786831,near,non_dense,0.0,0.0,118,2,4,1
9,59.0,-0.25590198999999997,-0.2548223,-0.23453382666666667,145.32666666666663,-152.84,6.615860865494208,-2.625169276666666,0.5,8.0,10.625169276666666,12.6,0.8000000000000002,3.0,5.8,0.0,6.8,2.0,0.0,4.0,2.588122886433293,near,non_dense,0.0,0.0,118,2,4,1
9,60.0,-0.21291187999999997,-0.2113912033333333,-0.24082661333333333,305.48,-50.156666666666666,12.638212520132297,-1.0010171699999997,0.5,21.333333333333332,22.334350503333336,4.9,0.8000000000000002,3.0,2.9,0.0,2.0,1.0,0.0,2.0,4.675696930640645,near,non_dense,0.0,0.0,118,2,4,1
9,62.0,-0.19780661,-0.19459925666666666,-0.27939264,321.6466666666667,-97.27666666666666,14.027923470890228,14.483667043333334,0.5,38.0,23.516332956666663,3.1,0.8000000000000002,3.0,0.6,1.1,1.3999999999999997,1.0,1.0,2.0,5.210978082138717,near,non_dense,0.0,0.0,118,2,4,1
9,63.0,-0.19938814000000002,-0.4249844266666667,-0.39517409666666664,-402.9066666666667,-124.07333333333334,-16.39399377962982,-6.209226853333331,-0.5,-35.666666666666664,-29.457439813333337,2.5,0.4000000000000001,3.0,1.3,0.0,1.2,3.0,0.0,2.0,4.631049159152393,near,non_dense,0.0,0.0,118,2,4,1
9,64.0,-0.17061669000000002,-0.38659271666666667,-0.2745785633333333,-239.9766666666667,-77.53333333333332,-13.567597013498668,-22.121416613333334,-0.5,-39.666666666666664,-17.545250053333334,2.9,0.6999999999999998,3.0,2.0,0.0,0.9,1.0,0.0,2.0,4.277053756523859,near,non_dense,0.0,0.0,118,2,4,1
9,65.0,-0.1667478933333333,-0.32758121999999995,-0.27490871333333333,-245.36999999999998,-92.44999999999999,-8.901491772385251,-7.060430853333334,-0.5,-25.0,-17.939569146666667,8.6,0.6999999999999998,3.0,1.3,0.5,6.8,1.0,1.0,3.0,3.700399582490515,near,non_dense,0.0,0.0,118,2,4,1
9,66.0,-0.2148853433333333,-0.20510521666666667,-0.25308642,264.81333333333333,-81.10000000000001,11.125358574278279,12.63888371,0.5,32.0,19.361116290000002,5.8,0.8000000000000002,3.0,4.3,0.0,1.5,1.0,0.0,2.0,4.050273098162206,near,non_dense,0.0,0.0,118,2,4,1
9,67.0,-0.16822940666666666,-0.37324564666666665,-0.2921096966666667,-294.77,-138.35333333333332,-15.506289147428168,-17.782015740000002,-0.5,-39.333333333333336,-21.551317593333334,2.3,0.6999999999999998,3.0,1.3,0.5,0.5,1.0,1.0,1.0,4.806105969334023,near,non_dense,0.0,0.0,118,2,4,1
9,69.0,-0.20645268333333333,-0.18141095333333335,-0.26482082333333334,267.49333333333334,-122.33666666666666,13.128304993748747,13.776276036666667,0.5,33.333333333333336,19.557057296666667,5.7,0.6999999999999998,3.0,2.7999999999999994,0.0,2.9,1.0,0.0,3.0,4.8355725380146035,near,non_dense,0.0,0.0,118,2,4,1
9,70.0,-0.20299880666666667,-0.21462532999999998,-0.2616474833333333,208.14666666666668,-117.78333333333335,10.117076970579319,4.11524832,0.5,19.333333333333332,15.218085013333335,5.8,1.3,3.0,2.9,0.0,2.9,1.0,0.0,5.0,3.8667360931296515,near,non_dense,0.0,0.0,118,2,4,1
9,72.0,-0.18855238333333335,-0.34832016666666665,-0.2918371066666667,-264.43666666666667,-82.24666666666667,-13.589063240107135,-13.666422679999998,-0.5,-33.0,-19.33357732,2.9,1.0,3.0,1.3999999999999997,0.4000000000000001,1.1,2.0,1.0,1.0,4.314605602643111,near,non_dense,0.0,0.0,118,2,4,1
9,73.0,-0.23893351,-0.24068109333333335,-0.22310754333333335,121.12000000000005,-129.88,6.133973685764439,2.8113028693333333,0.5,11.666666666666666,8.855363797333334,7.5,0.6999999999999998,4.0,1.3,1.3,4.9,1.0,1.0,5.0,2.090144537630327,far,non_dense,0.0,0.0,118,2,4,1
9,74.0,-0.22383367666666665,-0.24090941666666668,-0.23364469333333335,160.57333333333335,-92.58999999999999,7.785927886927264,6.260111600000001,0.5,18.0,11.739888399999998,8.3,0.9,4.0,4.8,0.0,3.5,1.0,0.0,2.0,2.5030513319327112,far,non_dense,0.0,0.0,118,2,4,1
9,75.0,-0.19486939333333334,-0.36636029999999997,-0.27481571666666665,-247.63666666666666,-76.82,-8.37167656594213,-23.894709603333336,-0.5,-42.0,-18.105290396666664,6.8,1.1,4.0,1.6000000000000003,0.0,5.2,2.0,0.0,4.0,2.8284288737542576,far,non_dense,0.0,0.0,118,2,4,1
9,76.0,-0.19238454000000002,-0.3378241866666667,-0.24420022333333335,-114.24000000000001,-103.25666666666666,-5.946794037472382,-6.647648941,-0.5,-15.0,-8.352351059,7.599999999999999,1.5,4.0,2.0,0.0,5.599999999999999,2.0,0.0,5.0,1.9959930954321916,far,non_dense,0.0,0.0,118,2,4,1
9,77.0,-0.23174828666666666,-0.33578489333333333,-0.23962862333333335,-155.5533333333333,-124.10333333333334,-6.254470325911822,-3.627135430333334,-0.5,-15.0,-11.372864569666666,9.0,0.8000000000000002,4.0,1.8,0.0,7.2,1.0,0.0,4.0,2.165669419219299,far,non_dense,0.0,0.0,118,2,4,1
9,78.0,-0.18988675666666666,-0.25839603,-0.23474190666666664,147.13,-90.11333333333333,7.828749675492059,9.242984846666667,0.5,20.0,10.757015153333333,6.8,1.1,4.0,1.8,0.9,4.1,1.0,1.0,5.0,2.6613354712366752,far,non_dense,0.0,0.0,118,2,4,1
9,79.0,-0.19770032,-0.34834987,-0.2517129866666667,-211.92333333333332,-155.30333333333334,-9.36365848399019,0.494205863333334,-0.5,-15.0,-15.494205863333335,4.9,0.8000000000000002,4.0,1.5,0.0,3.4,1.0,0.0,4.0,2.997258760824858,far,non_dense,0.0,0.0,118,2,4,1
9,80.0,-0.15891107333333332,-0.36164368,-0.25854817,-255.9766666666667,-88.19333333333334,-11.865640707157894,-24.284952880000002,-0.5,-43.0,-18.715047119999998,8.1,1.0,4.0,5.2,0.0,2.9,2.0,0.0,4.0,5.696084758258383,far,non_dense,0.0,0.0,118,2,4,1
9,81.0,-0.16866804333333332,-0.36990454666666667,-0.2876958733333333,-374.65333333333336,-110.57666666666667,-15.580111565182897,-14.608226843333334,-0.5,-42.0,-27.39177315666667,3.5,0.8000000000000002,4.0,1.3999999999999997,0.0,2.1,2.0,0.0,3.0,5.030882194650068,far,non_dense,0.0,0.0,118,2,4,1
9,82.0,-0.21765017666666667,-0.23912323,-0.23891693,215.27333333333334,-150.23333333333332,8.133108974893224,3.594201213333333,0.5,19.333333333333332,15.73913212,8.9,0.8000000000000002,4.0,3.6,0.0,5.3,1.0,0.0,3.0,2.795737846468653,far,non_dense,0.0,0.0,118,2,4,1
9,83.0,-0.23250464,-0.22426157666666668,-0.24865364666666667,574.05,363.86666666666673,10.857644077997582,-21.97012539666667,0.5,20.0,41.97012539666667,8.1,1.3,4.0,0.0,4.6,3.5,0.0,1.0,4.0,3.439802310598109,far,non_dense,0.0,0.0,118,2,4,1
9,84.0,-0.21372407999999998,-0.19561308666666666,-0.22947695,286.02333333333337,-186.71333333333334,12.965526462111649,15.08817147,0.5,36.0,20.911828529999998,4.3,1.1,4.0,0.0,0.0,4.3,0.0,0.0,5.0,4.1614532845908805,far,non_dense,0.0,0.0,118,2,4,1
9,85.0,-0.19597026666666664,-0.25158958666666664,-0.24862736333333335,186.86,-138.47333333333333,7.480638445506252,7.338232503333334,0.5,21.0,13.661767496666668,7.400000000000001,0.8000000000000002,4.0,1.6000000000000003,0.8000000000000002,5.0,1.0,1.0,5.0,2.5638883454193344,far,non_dense,0.0,0.0,118,2,4,1
9,86.0,-0.21277376666666667,-0.24018340666666668,-0.24988687666666665,221.11333333333332,-141.1966666666667,8.44078419405256,11.83389195,0.5,28.0,16.166108050000002,6.3,0.6999999999999998,4.0,0.0,0.0,6.3,0.0,0.0,4.0,2.962813190054178,far,non_dense,0.0,0.0,118,2,4,1
9,87.0,-0.23513378333333335,-0.22782265666666665,-0.2527028233333333,225.08,-104.01666666666665,9.43588102980952,8.543879760000001,0.5,25.0,16.45612024,7.900000000000001,0.8000000000000002,4.0,1.1,0.4000000000000001,6.400000000000001,1.0,1.0,7.0,3.621060707299885,far,non_dense,0.0,0.0,118,2,4,1
9,89.0,-0.29943338,-0.20626005333333333,-0.22296706666666666,172.51333333333335,-102.12666666666667,6.9412005947181425,3.720483873333334,0.5,16.333333333333332,12.61284946,7.5,0.9,4.0,0.0,0.0,7.5,0.0,0.0,8.0,3.2674490755739503,far,non_dense,0.0,0.0,118,2,4,1
9,90.0,-0.20017206666666665,-0.28664291000000003,-0.24370610333333334,141.24333333333334,-116.41666666666667,5.57824399403916,9.673372682333333,0.5,20.0,10.326627317666667,12.4,1.7,4.0,8.0,0.0,4.4,1.0,0.0,2.0,2.0194648364041945,far,non_dense,0.0,0.0,118,2,4,1
9,91.0,-0.26451447666666666,-0.33716609,-0.25032314,-97.14666666666665,-106.71999999999998,-7.616199306157328,-9.897382143,-0.5,-17.0,-7.102617857000001,3.6,0.6999999999999998,4.0,0.6999999999999998,0.6,2.3,1.0,1.0,4.0,2.72730864767137,far,non_dense,0.0,0.0,118,2,4,1
9,92.0,-0.26717827666666666,-0.3267499333333333,-0.23586031333333332,-129.88,-124.46666666666665,-4.996258492385994,-5.504172308,-0.5,-15.0,-9.495827692,9.4,1.7,4.0,1.0,1.0,7.400000000000001,1.0,1.0,6.0,1.9282863642483246,far,non_dense,0.0,0.0,118,2,4,1
9,93.0,-0.19751537,-0.33568518999999997,-0.26863726,-134.31333333333336,-75.51333333333334,-6.15208825300932,-5.513374371,-0.5,-15.333333333333334,-9.819958962333333,10.1,1.3,4.0,2.0,0.0,8.1,1.0,0.0,6.0,2.257494553517492,far,non_dense,0.0,0.0,118,2,4,1
9,94.0,-0.20120762333333334,-0.33496046,-0.25017306,-161.28666666666666,-164.54999999999998,-7.4563086221837045,-3.20795815,-0.5,-15.0,-11.792041849999999,7.5,1.1,4.0,3.0,0.0,4.5,1.0,0.0,6.0,2.5911518195753267,far,non_dense,0.0,0.0,118,2,4,1
9,95.0,-0.21928306333333333,-0.19964573,-0.23869396,286.07,-87.86666666666667,12.338197040130355,22.751426233333333,0.5,43.666666666666664,20.915240433333334,4.3,0.8000000000000002,4.0,1.3,1.1,1.8999999999999997,1.0,1.0,2.0,4.385672617530129,far,non_dense,0.0,0.0,118,2,4,1
9,96.0,-0.20975820666666667,-0.35196502999999996,-0.23613984333333335,-212.4,-91.65666666666668,-10.453356757863832,0.5290560633333339,-0.5,-15.0,-15.529056063333334,5.0,1.0,4.0,0.0,1.1,3.9,0.0,1.0,5.0,4.765044241090215,far,non_dense,0.0,0.0,118,2,4,1
10,4.0,-0.23170709,-0.1857454133333333,-0.29287088,230.99333333333334,-130.83666666666667,13.250917886135175,12.535890318892562,0.5,29.333333333333332,16.79744301444077,1.5,0.8000000000000002,1.0,0.5,0.5,0.5,1.0,1.0,1.0,2.0210833630266714,near,dense,0.0,0.0,118,1,2,1
10,5.0,-0.20890472000000002,-0.16120572333333336,-0.29140560666666665,134.19666666666663,-59.91,15.179698816258671,5.241446242050695,0.5,15.0,9.758553757949306,2.6,1.2,1.0,0.4000000000000001,0.0,2.2,1.0,0.0,3.0,2.3478199949631597,near,dense,0.0,0.0,118,1,2,1
10,6.0,-0.26208483,-0.17433032333333331,-0.29150176,77.9866666666667,-156.21666666666667,10.424123983785908,26.328942007477036,0.5,32.0,5.6710579925229645,6.599999999999999,0.8000000000000002,1.0,2.3,0.0,4.3,2.0,0.0,4.0,1.5452153268673088,near,dense,0.0,0.0,118,1,2,1
10,9.0,-0.20562904666666668,-0.1689377333333333,-0.25581385,152.07666666666668,-184.48000000000002,15.202896066149004,20.941242999107743,0.5,32.0,11.058757000892255,2.7999999999999994,1.2,1.0,0.4000000000000001,1.1,1.3,1.0,1.0,2.0,2.3777632079193034,near,dense,0.0,0.0,118,1,2,1
10,10.0,-0.21398237666666664,-0.12825556000000002,-0.26525230333333333,138.46,-174.71,18.755812979661016,25.931423880431748,0.5,36.0,10.06857611956825,1.1,1.2,1.0,0.5,0.0,0.6,1.0,0.0,1.0,2.9342881444220836,near,dense,0.0,0.0,118,1,2,1
10,11.0,-0.19887331666666666,-0.12922189,-0.2680527366666667,446.6366666666666,-219.78333333333333,23.2821368190346,12.521339909551022,0.5,45.0,32.47866009044898,2.4,1.3,1.0,0.0,0.0,2.4,0.0,0.0,4.0,3.8261977982588093,near,dense,0.0,0.0,118,1,2,1
10,12.0,-0.20955261333333333,-0.16510503,-0.26597757,208.15666666666667,-156.37666666666667,13.878195144567693,16.863200612964544,0.5,32.0,15.136799387035458,1.1,1.5,1.0,1.1,0.0,0.0,1.0,0.0,0.0,2.142132211285365,near,dense,0.0,0.0,118,1,2,1
10,14.0,-0.24807822000000002,-0.18709572,-0.26154808,198.43000000000004,-174.03,11.90719548822319,5.570507298816056,0.5,20.0,14.429492701183944,6.5,1.3,1.0,1.5,0.5,4.5,1.0,1.0,4.0,1.838588058249436,near,dense,0.0,0.0,118,1,2,1
10,16.0,-0.26286164,-0.12430672666666666,-0.28095907999999997,164.54333333333332,-153.07333333333335,17.4505254099524,22.701354831955133,0.5,34.666666666666664,11.965311834711533,2.2,1.3,1.0,1.1,0.0,1.1,2.0,0.0,2.0,2.893515563260016,near,dense,0.0,0.0,118,1,2,1
10,19.0,-0.21849618,-0.16607270666666665,-0.27899243333333335,333.6133333333333,-120.31666666666666,15.66627253352012,20.740204816051108,0.5,45.0,24.259795183948892,2.2,1.8999999999999997,1.0,0.9,0.0,1.3,1.0,0.0,2.0,3.0489784047294486,near,dense,0.0,0.0,118,1,2,1
10,20.0,-0.17838077666666666,-0.33297343,-0.2983019633333333,-425.0233333333333,-110.54,-15.286310432367669,-14.093024813958563,-0.5,-45.0,-30.906975186041436,3.1,1.7,1.0,0.0,0.6,2.5,0.0,1.0,3.0,2.2329351767620795,near,dense,0.0,0.0,118,1,2,1
10,21.0,-0.19586253666666667,-0.30567472333333334,-0.3119802566666667,-374.90333333333336,-139.14666666666668,-16.535562477956322,-11.070999452454116,-0.5,-38.333333333333336,-27.262333880879215,1.5,1.3,1.0,0.4000000000000001,0.0,1.1,1.0,0.0,2.0,2.5237214532477488,near,dense,0.0,0.0,118,1,2,1
10,23.0,-0.17809612333333333,-0.3322355733333333,-0.30125753,-325.99666666666667,-79.01333333333334,-12.487374256921177,-18.294075884307006,-0.5,-42.0,-23.705924115692994,0.4000000000000001,1.6000000000000003,1.0,0.0,0.0,0.4000000000000001,0.0,0.0,1.0,1.8555819527424227,near,dense,0.0,0.0,118,1,2,1
10,28.0,-0.2724941966666667,-0.17486716666666666,-0.3003782933333333,190.9766666666667,-147.89333333333335,-16.82328249039544,0.11250104438287896,-0.5,14.0,13.88749895561712,0.6999999999999998,1.0,2.0,0.0,0.0,0.6999999999999998,0.0,0.0,1.0,2.0425395352437494,far,dense,0.0,0.0,118,1,2,1
10,36.0,-0.26921662500000004,-0.21115865833333333,-0.29049231833333333,150.24833333333336,-174.19000000000003,15.19631432583086,-0.9258037050767788,0.5,10.0,10.92580370507678,4.6,1.8,2.0,0.5,0.4000000000000001,3.7000000000000006,1.0,1.0,5.0,3.6285112790857856,far,dense,0.0,0.0,118,1,2,1
10,37.0,-0.2968546033333333,-0.16008033333333335,-0.29187329666666667,486.8633333333334,386.7133333333333,13.601640590308188,-28.070541659396692,0.5,7.333333333333333,35.40387499273002,4.2,2.5,2.0,0.0,2.0,2.2,0.0,2.0,1.0,2.463197362628384,far,dense,0.0,0.0,118,1,2,1
10,39.0,-0.24169804000000003,-0.29164631333333335,-0.29546713,-123.46666666666665,-149.81333333333333,14.441342599369959,-15.688380291087485,0.5,-24.666666666666668,-8.97828637557918,2.5,2.7999999999999994,2.0,0.0,1.0,1.5,0.0,1.0,3.0,2.593226272479899,far,dense,0.0,0.0,118,1,2,1
10,40.0,-0.22108710777777776,-0.2431333288888889,-0.3125568833333333,-299.6066666666667,-148.70222222222225,20.2388811584291,-16.763846241579525,0.5,-38.44444444444444,-21.680598202864918,1.1,2.6,2.0,0.0,0.0,1.1,0.0,0.0,2.0,3.7198501862672533,far,dense,0.0,0.0,118,1,2,1
10,45.0,-0.19799130333333334,-0.3547019466666667,-0.33838311666666665,-163.87666666666667,-156.26,-14.230000953396614,-27.083167033407147,-0.5,-39.0,-11.916832966592855,4.2,2.5,2.0,0.0,1.2,3.0,0.0,2.0,5.0,1.8071134340758672,far,dense,0.0,0.0,118,1,2,1
10,46.0,-0.22223881166666667,-0.2637557833333333,-0.2949779633333333,-19.463333333333328,-170.15833333333333,-12.06802304867208,-9.584659445275193,-0.5,-11.0,-1.415340554724807,3.6,2.6,2.0,0.6999999999999998,0.6999999999999998,2.2,1.0,1.0,2.0,2.4148715715801123,far,dense,0.0,0.0,118,1,2,1
10,47.0,-0.20354520333333334,-0.32200350333333333,-0.31407624333333334,-270.51,-144.09666666666666,-11.406650461911665,-22.328972077824584,-0.5,-42.0,-19.671027922175416,5.2,1.8,2.0,0.4000000000000001,0.8000000000000002,4.0,1.0,2.0,8.0,1.4849692172538618,far,dense,0.0,0.0,118,1,2,1
10,48.0,-0.26386814,-0.29653448,-0.3001149,-550.8566666666667,-107.11000000000001,-4.2627515322298795,23.804667591255285,-0.5,-15.0,-38.80466759125529,3.7999999999999994,1.8,2.0,0.0,0.0,3.7999999999999994,0.0,0.0,6.0,1.251020847269752,far,dense,0.0,0.0,118,1,2,1
10,49.0,-0.34262032888888894,-0.21880111666666668,-0.3588641022222222,67.19444444444444,-89.7088888888889,13.948217614540434,-4.552932582461763,0.5,0.3333333333333333,4.8862659157950965,6.1,1.5,3.0,0.8999999999999999,0.4,4.8,1.0,1.0,6.0,6.253457332479196,near,non_dense,0.0,0.0,118,1,2,1
10,50.0,-0.2504099166666667,-0.12982166666666667,-0.31206065,502.6500000000001,-140.46333333333334,14.206363437184129,2.448145410219676,0.5,39.0,36.551854589780326,1.8,1.7,3.0,0.0,0.4000000000000001,1.3999999999999997,0.0,1.0,2.0,5.247642220453719,near,non_dense,0.0,0.0,118,1,2,1
10,52.0,-0.24194872999999997,-0.3277435,-0.31755555999999996,-48.18444444444445,-148.56777777777776,-11.916826040183485,-27.051664564164565,-0.5,-30.555555555555557,-3.503890991390991,4.9,0.6,3.0,1.6,0.0,3.3,1.0,0.0,4.0,4.47649854035253,near,non_dense,0.0,0.0,118,1,2,1
10,53.0,-0.17243027,-0.34098782,-0.3049148,-449.90000000000003,-156.72,-16.244194625285225,-11.284035850110088,-0.5,-44.0,-32.71596414988991,2.7000000000000006,1.1,3.0,0.0,0.6999999999999998,2.0,0.0,1.0,3.0,4.650434682038601,near,non_dense,0.0,0.0,118,1,2,1
10,54.0,-0.27876959,-0.27703817166666667,-0.32170936833333336,-80.82499999999997,-171.98166666666665,8.448981307008369,5.710790106871568,0.5,-0.16666666666666666,-5.877456773538234,7.3,2.4,3.0,0.0,2.7000000000000006,4.6,0.0,2.0,3.0,4.579796852998759,near,non_dense,0.0,0.0,118,1,2,1
10,55.0,-0.23820227333333333,-0.3047494966666667,-0.30739846,-7.019999999999986,-114.48666666666666,-7.371979968357638,-25.48951751871032,-0.5,-26.0,-0.5104824812896792,7.5,2.0,3.0,1.2,1.2,5.1,1.0,1.0,7.0,2.85763453830501,near,non_dense,0.0,0.0,118,1,2,1
10,56.0,-0.23464904333333333,-0.27922247166666664,-0.30151642166666665,63.225000000000016,-193.79833333333332,18.537142166391224,-1.5075499698708974,0.5,0.6666666666666666,2.174216636537565,4.9,2.3,3.0,0.6,0.5,3.7999999999999994,1.0,1.0,3.0,6.466231909335789,near,non_dense,0.0,0.0,118,1,2,1
10,57.0,-0.29305088333333335,-0.22682549,-0.27255613333333334,105.81333333333335,-176.02666666666664,6.516765467027137,-0.6945659477965883,0.5,7.0,7.694565947796588,8.7,1.5,3.0,1.2,1.1,6.400000000000001,1.0,1.0,6.0,2.4849951481228634,near,non_dense,0.0,0.0,118,1,2,1
10,58.0,-0.267839975,-0.22711435,-0.2798794266666667,42.051666666666655,-185.00333333333333,25.926265298069215,-0.05792580375591694,0.5,3.0,3.0579258037559165,12.1,2.1,3.0,0.0,6.2,5.900000000000001,0.0,1.0,1.0,13.82101401287908,near,non_dense,0.0,0.0,118,1,2,1
10,59.0,-0.27305644833333337,-0.22150621,-0.27409201333333333,126.46166666666666,-213.67,6.641348168150931,7.637255642730991,0.5,16.833333333333332,9.196077690602344,14.300000000000002,1.1,3.0,1.5,0.0,12.800000000000002,1.0,0.0,8.0,2.489365516973614,near,non_dense,0.0,0.0,118,1,2,1
10,61.0,-0.22614135333333332,-0.2524436216666666,-0.29192061666666663,-1.8533333333333246,-151.85833333333332,12.034859907669754,-9.809784263042289,0.5,-11.5,-1.6902157369577113,3.6,0.5,3.0,0.0,0.0,3.6,0.0,0.0,4.0,5.693893228141789,near,non_dense,0.0,0.0,118,1,2,1
10,63.0,-0.21584697,-0.33146733,-0.32109391666666665,-375.52,-135.00333333333333,-16.335409861332966,-13.692823166111003,-0.5,-41.0,-27.307176833889,0.5,2.2,3.0,0.5,0.0,0.0,1.0,0.0,0.0,4.559424866904642,near,non_dense,0.0,0.0,118,1,2,1
10,65.0,-0.23204917333333333,-0.28193348999999995,-0.28319823166666663,-51.68666666666667,-155.965,-11.862300430397605,-24.741433354758886,-0.5,-28.5,-3.7585666452411126,9.5,2.2,3.0,4.2,0.0,5.3,1.0,0.0,2.0,4.6831193311932795,near,non_dense,0.0,0.0,118,1,2,1
10,66.0,-0.28037542,-0.1734341,-0.29744568666666665,122.45333333333333,-150.48666666666668,9.454621656607143,29.09540150396121,0.5,38.0,8.904598496038792,7.0,2.3,3.0,1.1,1.5,4.4,1.0,1.0,6.0,3.443748828226147,near,non_dense,0.0,0.0,118,1,2,1
10,67.0,-0.20064745333333334,-0.32895293999999997,-0.31221447333333335,-349.1066666666666,-138.49,-15.896544856779883,-18.61355592097303,-0.5,-44.0,-25.386444079026973,3.1,1.7,3.0,0.5,0.6,2.0,1.0,1.0,2.0,4.841752585825398,near,non_dense,0.0,0.0,118,1,2,1
10,68.0,-0.2188458133333333,-0.33831742666666664,-0.3067396566666667,-162.61000000000004,-122.83666666666666,-12.429740248216072,-25.17527688283263,-0.5,-37.0,-11.824723117167368,2.5,2.4,3.0,1.1,0.4000000000000001,1.0,1.0,1.0,2.0,3.947024427995222,near,non_dense,0.0,0.0,118,1,2,1
10,70.0,-0.27539508333333335,-0.17535482,-0.2943338133333333,237.6866666666667,-214.6833333333333,10.29401453993823,16.7158291496477,0.5,34.0,17.2841708503523,4.5,2.6,3.0,0.6,1.1,2.7999999999999994,1.0,2.0,4.0,3.86273815372916,near,non_dense,0.0,0.0,118,1,2,1
10,74.0,-0.28409066666666666,-0.18901032666666664,-0.2712596166666667,144.37333333333333,-168.04333333333332,7.040409010049067,8.834749653552405,0.5,19.333333333333332,10.498583679780928,6.2,1.7,4.0,0.0,0.8000000000000002,5.400000000000001,0.0,2.0,8.0,2.446015095458634,far,non_dense,0.0,0.0,118,1,2,1
10,82.0,-0.29524628333333336,-0.16240271333333334,-0.29504636,261.4033333333333,-136.70000000000002,8.165819565964933,-8.008806583674273,0.5,11.0,19.00880658367427,6.7,3.2999999999999994,4.0,1.5,2.5,2.7000000000000006,1.0,1.0,4.0,2.8709141049609834,far,non_dense,0.0,0.0,118,1,2,1
10,89.0,-0.28873847999999996,-0.17331885666666666,-0.3345615866666667,137.87333333333333,-139.6,6.338308708117478,11.974085284376185,0.5,22.0,10.025914715623815,6.5,1.0,4.0,0.0,0.0,6.5,0.0,0.0,8.0,3.267394554118502,far,non_dense,0.0,0.0,118,1,2,1
10,94.0,-0.26844378333333335,-0.17760464333333334,-0.2839312666666667,255.32666666666668,-148.52333333333334,-14.041858673441958,9.433078299227475,-0.5,28.0,18.566921700772525,3.2000000000000006,1.2,4.0,2.4,0.0,0.8000000000000002,2.0,0.0,2.0,4.64176178574692,far,non_dense,0.0,0.0,118,1,2,1
11,2.0,-0.37469110999999994,-0.06990489999999999,-0.27695028000000005,369.6433333333334,-150.10333333333332,14.125523700140143,1.0753905735424805,0.5,28.666666666666668,27.59127609312419,0.4000000000000001,4.0,1.0,0.4000000000000001,0.0,0.0,1.0,0.0,0.0,2.2727652647814263,near,dense,-1.0,-1.25,113,2,4,1
11,4.0,-0.32289192777777775,-0.034574247777777775,-0.29071505555555555,347.68111111111114,-212.54555555555555,18.55585736336206,-14.242329250527954,0.5,11.88888888888889,26.13121813941684,3.5999999999999996,1.6,1.0,2.3,0.0,1.3,2.0,0.0,1.0,2.955428613597385,near,dense,-1.0,-1.25,113,2,4,1
11,5.0,-0.31297514666666665,0.0043317266666666665,-0.34279454666666664,442.82666666666665,-96.15333333333335,22.01981619056822,-13.387230751739922,0.5,19.666666666666668,33.05389741840659,4.2,9.6,1.0,0.0,4.2,0.0,0.0,5.0,0.0,3.5769008343023514,near,dense,-1.0,-1.25,113,2,4,1
11,6.0,-0.3600470433333333,-0.04287960666666666,-0.2884902166666667,490.63333333333327,-202.61333333333334,16.189692614218,3.377671014879674,0.5,40.0,36.622328985120326,2.7999999999999994,1.1,1.0,2.2,0.6,0.0,3.0,1.0,0.0,2.612718635459673,near,dense,-1.0,-1.25,113,2,4,1
11,7.0,-0.33749145166666666,-0.035326420000000004,-0.26520151166666667,262.61499999999995,-181.36166666666668,17.509837141249353,-8.135749681976113,0.5,12.0,20.13574968197611,4.5,1.6000000000000003,1.0,1.0,0.6,2.9,2.0,1.0,3.0,2.3146446779177423,near,dense,-1.0,-1.25,113,2,4,1
11,13.0,-0.3661091733333333,-0.045015360000000004,-0.27311195,301.605,-65.32166666666667,16.797558499511243,20.820640486895634,0.5,43.333333333333336,22.512692846437698,5.5,1.5,1.0,1.3999999999999997,2.3,1.8,2.0,1.0,1.0,2.813268731109907,near,dense,-1.0,-1.25,113,2,4,1
11,14.0,-0.36729824833333335,-0.0245261525,-0.3144503,363.6983333333333,-189.56416666666667,15.562917480730258,-7.935827686640741,0.5,17.75,25.68582768664074,4.4,0.4000000000000001,1.0,0.0,0.0,4.4,0.0,0.0,6.0,2.5556057051310863,near,dense,-1.0,-1.25,113,2,4,1
11,15.0,-0.3547399911111111,-0.021971378888888886,-0.2595320788888889,88.05333333333333,-207.2288888888889,17.946866498113696,-1.1493386110715649,0.5,5.777777777777778,6.927116388849343,6.0,0.8999999999999999,1.0,1.0,0.0,5.0,1.0,0.0,6.0,3.0277311036607144,near,dense,-1.0,-1.25,113,2,4,1
11,17.0,-0.3624077433333333,-0.08564319333333333,-0.2891555433333333,189.21000000000004,-233.29999999999998,15.213173448531663,7.4377261815721525,0.5,21.666666666666668,14.228940485094512,3.9,0.6999999999999998,1.0,2.0,0.4000000000000001,1.5,3.0,1.0,3.0,2.0374810813135547,near,dense,-1.0,-1.25,113,2,4,1
11,18.0,-0.21669529666666665,-0.43416049,-0.36967236000000003,-330.07666666666665,-188.2266666666667,-21.574787210148447,-13.695430737412622,-0.5,-38.333333333333336,-24.637902595920718,2.7999999999999994,0.6,1.0,1.3,0.0,1.5,2.0,0.0,3.0,3.4318290655369856,near,dense,-1.0,-1.25,113,2,4,1
11,21.0,-0.3769039283333333,-0.4439318033333333,-0.318130945,-22.571666666666676,-40.96666666666667,-17.410239163935678,-27.98185043782814,-0.5,-29.666666666666668,-1.6848162288385256,3.7000000000000006,0.6999999999999998,1.0,0.0,1.0,2.7000000000000006,0.0,1.0,4.0,2.6983695389632287,near,dense,-1.0,-1.25,113,2,4,1
11,23.0,-0.29921533666666666,-0.4891156483333334,-0.31558178583333335,-164.1966666666667,-98.89333333333333,-19.7470756272234,-27.120888738713116,-0.5,-38.25,-11.129111261286887,2.6,0.6,1.0,0.8000000000000002,0.0,1.8,2.0,0.0,2.0,3.0799661851375597,near,dense,-1.0,-1.25,113,2,4,1
11,26.0,-0.31298647333333335,-0.03232105333333333,-0.25696977,447.7966666666666,-250.42,21.800954629252242,11.575127022677629,0.5,45.0,33.42487297732237,2.3,6.7,2.0,1.6000000000000003,0.6999999999999998,0.0,3.0,1.0,0.0,3.789216998795394,far,dense,-1.0,-1.25,113,2,4,1
11,29.0,-0.311009105,-0.07801052166666667,-0.28154134999999997,52.875,-136.56833333333333,18.4190232117629,25.219919649026394,0.5,29.166666666666668,3.9467470176402686,6.400000000000001,0.5,2.0,3.4,0.5,2.5,3.0,1.0,3.0,3.202469779268877,far,dense,-1.0,-1.25,113,2,4,1
11,30.0,-0.2653469533333333,-0.03312275,-0.26152304666666665,270.68666666666667,-182.67333333333332,21.943276710561133,24.795143368668516,0.5,45.0,20.204856631331484,6.400000000000001,8.8,2.0,2.0,4.0,0.4000000000000001,3.0,4.0,1.0,3.8441803981893146,far,dense,-1.0,-1.25,113,2,4,1
11,32.0,-0.3164405833333333,-0.034553476666666666,-0.2561714033333333,525.8366666666667,-263.8866666666667,18.999147631121776,5.749989675034191,0.5,45.0,39.25001032496581,6.5,4.1,2.0,4.7,1.8,0.0,5.0,3.0,0.0,3.2128310431955227,far,dense,-1.0,-1.25,113,2,4,1
11,33.0,-0.33568812,-0.04781524166666667,-0.253392885,303.16,-250.64166666666665,17.436536842677075,-16.962095997500217,0.5,5.666666666666667,22.628762664166885,6.099999999999999,2.7999999999999994,2.0,1.0,0.4000000000000001,4.7,2.0,1.0,6.0,3.0405982895862125,far,dense,-1.0,-1.25,113,2,4,1
11,34.0,-0.34880037,-0.026932336666666667,-0.31576883666666666,308.42999999999995,-210.81000000000003,20.245312518898164,-23.022131113962896,0.5,0.0,23.022131113962896,5.0,13.1,2.0,0.0,5.0,0.0,0.0,6.0,0.0,3.5516046412966804,far,dense,-1.0,-1.25,113,2,4,1
11,37.0,-0.33457607500000003,-0.08300300166666666,-0.3321495816666667,455.99500000000006,-117.37333333333333,16.070702474903985,-0.7034875897659477,0.5,33.333333333333336,34.03682092309928,7.2,0.5,2.0,0.0,0.0,7.2,0.0,0.0,8.0,2.953935425076633,far,dense,-1.0,-1.25,113,2,4,1
11,39.0,-0.26331724666666667,-0.012016626666666667,-0.30890309,498.80333333333334,-300.18333333333334,22.819963505832146,7.767837953241448,0.5,45.0,37.23216204675855,7.599999999999999,8.6,2.0,2.4,4.8,0.4000000000000001,2.0,6.0,1.0,4.148560903306774,far,dense,-1.0,-1.25,113,2,4,1
11,40.0,-0.2767730666666667,-0.01413242,-0.29025884333333335,507.8766666666666,-297.43,24.35860188383812,7.090577409063876,0.5,45.0,37.909422590936124,5.7,8.6,2.0,0.8000000000000002,4.3,0.6,2.0,6.0,1.0,4.39990313403412,far,dense,-1.0,-1.25,113,2,4,1
11,42.0,-0.20389391,-0.42260133333333333,-0.35638792333333336,-338.48,-116.17333333333333,-22.422466300492868,-19.734847649534213,-0.5,-45.0,-25.265152350465787,2.3,8.9,2.0,0.6,0.9,0.8000000000000002,1.0,2.0,1.0,2.9612543630405948,far,dense,-1.0,-1.25,113,2,4,1
11,43.0,-0.21496106,-0.5100313133333333,-0.37995586833333334,-296.0216666666667,-122.415,-29.83337617886329,-24.77679363864166,-0.5,-45.0,-20.22320636135834,0.4000000000000001,3.5,2.0,0.0,0.4000000000000001,0.0,0.0,1.0,0.0,4.21666634817695,far,dense,-1.0,-1.25,113,2,4,1
11,47.0,-0.29062810666666666,-0.4360399566666667,-0.3107027433333333,-431.35999999999996,-163.68,-14.401657691762395,2.531324700317853,-0.5,-29.666666666666668,-32.19799136698452,1.3,10.4,2.0,0.0,1.3,0.0,0.0,2.0,0.0,1.8694804003564072,far,dense,-1.0,-1.25,113,2,4,1
11,52.0,-0.34792013666666666,-0.4207598477777778,-0.36695191,-200.81555555555556,-82.11,-20.216262784547517,-12.677197257973283,-0.5,-27.666666666666668,-14.989469408693383,5.4,2.5,3.0,0.7,1.6,3.1,1.0,1.0,3.0,6.889486805848034,near,non_dense,-1.0,-1.25,113,2,4,1
11,55.0,-0.30776478583333333,-0.348459425,-0.31946190999999996,-50.15916666666666,-149.24583333333334,-10.831632258347112,-20.505970847300468,-0.5,-24.25,-3.7440291526995337,8.5,1.1,3.0,2.3,2.6,3.6,2.0,1.0,3.0,4.0270698386484165,near,non_dense,-1.0,-1.25,113,2,4,1
11,59.0,-0.3470988566666667,-0.08187020333333334,-0.2613455066666666,101.26333333333336,-27.860000000000003,12.956217148927616,16.10807075499488,0.5,23.666666666666668,7.558595911671788,6.099999999999999,2.9,3.0,3.1,1.8999999999999997,1.1,5.0,2.0,2.0,4.491052089465818,near,non_dense,-1.0,-1.25,113,2,4,1
11,60.0,-0.24368521033333335,-0.030147454890483334,-0.3106647315,166.20833333333334,-184.63,19.297989450473548,12.59371642760675,0.5,25.0,12.406283572393248,5.5,5.5,3.0,0.8000000000000002,2.2,2.5,1.0,3.0,4.0,6.815796625420821,near,non_dense,-1.0,-1.25,113,2,4,1
11,61.0,-0.36213822166666665,-0.11881819,-0.28612435833333333,333.61999999999995,-71.93666666666667,11.421654211274278,0.09761248179391895,0.5,25.0,24.90238751820608,10.5,0.6,3.0,0.0,0.9,9.6,0.0,1.0,11.0,5.2320928329295135,near,non_dense,-1.0,-1.25,113,2,4,1
11,62.0,-0.18464442666666667,0.020286144444444446,-0.3672716211111111,57.72,-118.91000000000001,25.211483477481853,9.982499583436805,0.5,15.0,5.017500416563195,5.7,2.3,3.0,0.0,1.7,4.0,0.0,1.0,3.0,8.550680019122145,near,non_dense,-1.0,-1.25,113,2,4,1
11,64.0,-0.2307043377777778,-0.4635680211111111,-0.37832157666666666,-228.46555555555557,-100.86,-24.168397923947047,-23.279985815178893,-0.5,-40.333333333333336,-17.05334751815444,6.0,4.7,3.0,3.2,1.2,1.6,3.0,2.0,2.0,6.979123777722552,near,non_dense,-1.0,-1.25,113,2,4,1
11,65.0,-0.3172235622222222,-0.41535037444444445,-0.32085698,-56.89222222222223,68.52111111111111,-15.137920853394949,-25.197840030591337,-0.5,-29.444444444444443,-4.246604413853106,5.3,0.8,3.0,0.0,1.0,4.3,0.0,1.0,3.0,5.597183838038559,near,non_dense,-1.0,-1.25,113,2,4,1
11,66.0,-0.3228615066666667,-0.10340299000000001,-0.2777913166666667,386.6666666666667,150.04166666666666,13.14906980426411,3.716986694724991,0.5,32.5,28.78301330527501,5.400000000000001,1.8,3.0,0.8000000000000002,0.6,4.0,1.0,1.0,5.0,4.762171415263768,near,non_dense,-1.0,-1.25,113,2,4,1
11,67.0,-0.23504804833333334,-0.4727868883333333,-0.34375393000000004,-356.28999999999996,-101.52166666666666,-19.06242157915964,-12.738789694277989,-0.5,-39.333333333333336,-26.594543639055345,1.5,3.5,3.0,0.5,0.0,1.0,1.0,0.0,1.0,5.715546540257621,near,non_dense,-1.0,-1.25,113,2,4,1
11,71.0,-0.33674073,-0.3980538366666666,-0.32311506,-48.35666666666668,-101.21,-14.693968583923905,-22.390514800005842,-0.5,-26.0,-3.6094851999941624,7.400000000000001,6.0,3.0,2.4,2.7000000000000006,2.3,3.0,3.0,2.0,4.71001477537635,near,non_dense,-1.0,-1.25,113,2,4,1
11,74.0,-0.34212501999999995,-0.06407600666666667,-0.30757420333333335,35.31999999999997,-90.05,10.956456635800281,19.363610313701102,0.5,22.0,2.6363896862988976,8.1,8.4,4.0,2.6,5.5,0.0,3.0,6.0,0.0,3.6380050240536455,far,non_dense,-1.0,-1.25,113,2,4,1
11,78.0,-0.3550327233333333,-0.10713923666666665,-0.29713312666666664,383.62000000000006,302.02666666666664,10.199331626616315,-13.634535998244163,0.5,15.0,28.63453599824416,5.2,11.699999999999998,4.0,0.0,5.2,0.0,0.0,7.0,0.0,3.4536390978666596,far,non_dense,-1.0,-1.25,113,2,4,1
11,79.0,-0.3739244033333333,-0.42996507666666667,-0.4846978966666667,-725.4933333333333,-117.71666666666665,-21.848576068082973,26.96223868502131,-0.5,-24.0,-50.962238685021305,5.2,1.2,4.0,4.8,0.0,0.4000000000000001,6.0,0.0,1.0,6.827421543032645,far,non_dense,-1.0,-1.25,113,2,4,1
11,86.0,-0.33586925333333334,-0.09900563,-0.335793255,183.19833333333335,-109.16166666666668,13.013505015211656,13.992199040756475,0.5,27.666666666666668,13.67446762591019,8.1,6.2,4.0,4.5,2.6,1.0,4.0,3.0,2.0,4.352137904653833,far,non_dense,-1.0,-1.25,113,2,4,1
11,87.0,-0.2595570888888889,-0.11321451222222222,-0.3324769488888889,108.96555555555557,-171.61777777777777,14.713494206659979,28.683873854725018,0.5,36.55555555555556,7.871681700830539,2.6,2.9,4.0,1.1,0.0,1.5,1.0,0.0,3.0,5.219159196014101,far,non_dense,-1.0,-1.25,113,2,4,1
11,90.0,-0.3268099033333333,-0.13180055333333332,-0.28910573333333334,27.433333333333355,-158.8033333333333,8.372282086964665,26.952294533952436,0.5,29.0,2.0477054660475615,4.7,1.3999999999999997,4.0,4.1,0.6,0.0,4.0,1.0,0.0,3.1924235265390735,far,non_dense,-1.0,-1.25,113,2,4,1
11,94.0,-0.3351894925,-0.35527305416666666,-0.30290949916666665,-193.78083333333333,-147.35666666666665,-9.746602181873895,-9.649095054696012,-0.5,-23.5,-13.850904945303988,9.1,1.2,4.0,0.4000000000000001,0.6,8.1,1.0,1.0,5.0,3.2582860939712304,far,non_dense,-1.0,-1.25,113,2,4,1
11,95.0,-0.29821712166666664,-0.08885450333333333,-0.3144241783333333,249.67666666666665,-165.43666666666667,15.569348071804278,5.863392159980514,0.5,24.5,18.636607840019483,6.0,1.2,4.0,2.5,0.6,2.9,4.0,1.0,3.0,5.613490397234616,far,non_dense,-1.0,-1.25,113,2,4,1
11,96.0,-0.30970989666666665,-0.44071758,-0.31648298,-228.04999999999998,-112.97666666666667,-15.170779806202182,-15.644337449212989,-0.5,-32.666666666666664,-17.022329217453677,5.1,10.5,4.0,0.0,4.1,1.0,0.0,3.0,1.0,7.0253222282903005,far,non_dense,-1.0,-1.25,113,2,4,1
14,1.0,-0.3008023833333333,-0.36915510999999995,-0.22890122999999998,-328.09,136.91,-10.82824726809965,-1.3649620235772808,-0.5,-26.0,-24.635037976422723,2.1,1.0,1.0,0.0,0.0,2.1,0.0,0.0,3.0,1.3817764907938017,near,dense,0.0,0.0,118,2,4,1
14,2.0,-0.34516971,-0.17779953333333331,-0.20015052,126.27333333333335,60.61333333333332,9.790567102949673,-0.4813873085926185,0.5,9.0,9.481387308592618,4.9,1.3,1.0,1.3,0.6,3.0,1.0,1.0,4.0,1.4443506800756152,near,dense,0.0,0.0,118,2,4,1
14,4.0,-0.31302423333333335,-0.14929105333333334,-0.20579377666666665,266.9166666666667,84.15666666666665,12.813638770896034,0.9582363989347514,0.5,21.0,20.04176360106525,5.599999999999999,1.5,1.0,1.1,0.6,3.9,1.0,1.0,3.0,1.9563651159775188,near,dense,0.0,0.0,118,2,4,1
14,5.0,-0.2659683033333333,-0.11185896000000001,-0.20800831333333333,367.18,87.60666666666663,17.481686947697238,14.763175010364348,0.5,42.333333333333336,27.57015832296899,3.7000000000000006,1.1,1.0,1.5,0.6999999999999998,1.5,1.0,1.0,3.0,2.7139780083860026,near,dense,0.0,0.0,118,2,4,1
14,6.0,-0.30989551666666665,-0.1732865,-0.19198668666666666,190.33666666666667,80.95333333333333,10.306635204897038,-1.291660860248852,0.5,13.0,14.291660860248852,3.9,1.5,1.0,2.5,0.0,1.3999999999999997,1.0,0.0,2.0,1.5955959391872827,near,dense,0.0,0.0,118,2,4,1
14,7.0,-0.2713268,-0.16948602333333332,-0.19597699666666668,266.16,94.26333333333332,11.75094449348154,4.348384972198674,0.5,24.333333333333332,19.98494836113466,7.099999999999999,1.3999999999999997,1.0,2.0,0.0,5.1,1.0,0.0,5.0,1.4038543611271244,near,dense,0.0,0.0,118,2,4,1
14,8.0,-0.24821726333333335,-0.18001432666666664,-0.20464079000000002,190.18999999999997,85.57,13.179483432255916,5.719351785376463,0.5,20.0,14.280648214623538,4.0,1.5,1.0,0.0,0.0,4.0,0.0,0.0,3.0,2.003384339578213,near,dense,0.0,0.0,118,2,4,1
14,9.0,-0.25674258666666666,-0.15423840666666666,-0.19102713666666668,302.8233333333333,76.87666666666667,15.115666154232999,9.262140519937876,0.5,32.0,22.737859480062127,2.6,1.1,1.0,1.3,0.0,1.3,1.0,0.0,2.0,2.369399065174442,near,dense,0.0,0.0,118,2,4,1
14,10.0,-0.23937439333333332,-0.13158868666666668,-0.20153661,382.2166666666667,32.73999999999999,18.13107910131489,12.300795213035945,0.5,41.0,28.699204786964057,1.3,1.1,1.0,1.3,0.0,0.0,1.0,0.0,0.0,2.932033177364694,near,dense,0.0,0.0,118,2,4,1
14,13.0,-0.28533567666666665,-0.17690396666666666,-0.20391013333333333,135.07333333333335,135.54666666666665,10.908626256113905,10.191187287221986,0.5,20.333333333333332,10.142146046111346,6.8,1.1,1.0,2.3,0.0,4.5,2.0,0.0,2.0,1.7857950889403,near,dense,0.0,0.0,118,2,4,1
14,14.0,-0.25357255333333334,-0.18550354666666666,-0.20928186666666668,220.87666666666664,99.03666666666668,12.073134137434549,7.748539309013801,0.5,24.333333333333332,16.58479402431953,6.900000000000001,1.3999999999999997,1.0,1.5,0.0,5.400000000000001,1.0,0.0,7.0,1.9089121203656643,near,dense,0.0,0.0,118,2,4,1
14,16.0,-0.20182774333333334,-0.18431118999999999,-0.21779389000000002,368.60666666666674,99.27666666666666,15.623882407619035,-12.677281330415205,0.5,15.0,27.67728133041521,1.3999999999999997,1.0,1.0,1.0,0.0,0.4000000000000001,1.0,0.0,1.0,2.678405048942519,near,dense,0.0,0.0,118,2,4,1
14,18.0,-0.17708464,-0.38628172,-0.26612233999999996,-999.81,405.5833333333333,-19.587971284228672,20.895041104957304,-0.5,-45.0,-65.89504110495731,2.5,1.8999999999999997,1.0,0.0,0.0,2.5,0.0,0.0,4.0,3.052437030709091,near,dense,0.0,0.0,118,2,4,1
14,22.0,-0.23247984333333335,-0.17868155333333333,-0.20538267,281.7633333333334,89.18,12.673428333126132,6.176789650105801,0.5,27.333333333333332,21.156543683227532,4.9,1.5,1.0,1.6000000000000003,0.0,3.2999999999999994,1.0,0.0,4.0,2.134791478508479,near,dense,0.0,0.0,118,2,4,1
14,24.0,-0.25944816,-0.24759043666666666,-0.20798498333333335,53.79999999999999,88.45666666666666,4.322444265820626,5.627028021381707,0.5,9.666666666666666,4.039638645284959,6.3,1.3,1.0,1.7,0.0,4.6,1.0,0.0,4.0,1.2492658974585436,near,dense,0.0,0.0,118,2,4,1
14,25.0,-0.22383134999999998,-0.16767437333333332,-0.19808654,0.0,0.0,15.569793805246698,29.666666666666668,0.5,29.666666666666668,0.0,3.1,1.0,2.0,0.0,0.0,3.1,0.0,0.0,2.0,2.6430754133758496,far,dense,0.0,0.0,118,2,4,1
14,26.0,-0.25816241833333337,-0.25831439166666664,-0.21060211166666667,62.23166666666666,51.61666666666665,16.859328651810813,0.32725937495988094,0.5,5.0,4.672740625040119,4.5,1.2,2.0,1.8,0.0,2.7000000000000006,1.0,0.0,4.0,2.7882011716836863,far,dense,0.0,0.0,118,2,4,1
14,27.0,-0.26842538833333335,-0.23495477166666667,-0.20340351666666667,37.85500000000001,66.26666666666667,18.22406215150157,11.490944468700206,0.5,14.333333333333334,2.8423888646331275,4.2,1.0,2.0,2.6,0.0,1.6000000000000003,3.0,0.0,2.0,3.0907613268448517,far,dense,0.0,0.0,118,2,4,1
14,29.0,-0.25307408,-0.18726732666666668,-0.20708235333333333,0.0,0.0,12.807593214896466,18.0,0.5,18.0,0.0,3.9,1.3999999999999997,2.0,0.8000000000000002,1.2,1.8999999999999997,1.0,1.0,2.0,2.1945840756514943,far,dense,0.0,0.0,118,2,4,1
14,31.0,-0.289442445,-0.209049775,-0.2057117616666667,107.415,49.15333333333333,17.469225302272353,9.43461366016201,0.5,17.5,8.06538633983799,6.099999999999999,1.3,2.0,1.5,0.0,4.6,1.0,0.0,5.0,4.896798880449128,far,dense,0.0,0.0,118,2,4,1
14,32.0,-0.27510395666666665,-0.17696335,-0.20587042666666666,157.94333333333336,44.73,10.81062390456281,8.140632098541683,0.5,20.0,11.859367901458318,5.0,1.2,2.0,0.0,0.0,5.0,0.0,0.0,5.0,1.8746818040210227,far,dense,0.0,0.0,118,2,4,1
14,33.0,-0.26182777333333335,-0.17597498333333336,-0.19893545333333332,289.04,78.57666666666667,12.183824197430887,3.9637455879833077,0.5,25.666666666666668,21.70292107868336,5.2,1.0,2.0,0.0,0.0,5.2,0.0,0.0,6.0,2.1232168617737313,far,dense,0.0,0.0,118,2,4,1
14,34.0,-0.28032843333333335,-0.15547235333333334,-0.22066144666666668,347.91333333333336,53.29333333333333,14.108292866784359,0.5431695190227792,0.5,26.666666666666668,26.12349714764389,4.8,0.6999999999999998,2.0,0.6999999999999998,0.4000000000000001,3.7000000000000006,1.0,1.0,4.0,2.539016891662234,far,dense,0.0,0.0,118,2,4,1
14,35.0,-0.28515196666666665,-0.15461145333333334,-0.24893334666666667,139.00333333333333,69.49666666666666,17.147067167074944,23.562765108610403,0.5,34.0,10.437234891389595,2.9,0.4000000000000001,2.0,0.6,0.0,2.3,1.0,0.0,3.0,3.0585878369090373,far,dense,0.0,0.0,118,2,4,1
14,36.0,-0.25912552,-0.17202583999999999,-0.20832414333333335,272.68666666666667,66.35333333333335,14.206128147377193,11.524988908538951,0.5,32.0,20.47501109146105,1.3999999999999997,1.2,2.0,0.8000000000000002,0.0,0.6,1.0,0.0,1.0,3.4739225027510208,far,dense,0.0,0.0,118,2,4,1
14,37.0,-0.2601148266666667,-0.16490032666666668,-0.19640033333333332,154.75,67.43333333333334,14.704408155584671,29.3804074282928,0.5,41.0,11.619592571707202,8.0,1.0,2.0,2.2,0.0,5.8,2.0,0.0,4.0,2.670778202000303,far,dense,0.0,0.0,118,2,4,1
14,39.0,-0.27831454,-0.23701240666666668,-0.21046152166666668,42.280000000000015,72.14,17.32211142464102,5.3253546111031955,0.5,8.5,3.1746453888968045,4.4,1.1,2.0,0.6999999999999998,0.0,3.7000000000000006,1.0,0.0,4.0,3.0608039131229687,far,dense,0.0,0.0,118,2,4,1
14,40.0,-0.27067289333333333,-0.2856066855555556,-0.2436471111111111,-183.18,78.6388888888889,26.459171445612874,9.230827393400652,0.5,-3.2222222222222223,-12.453049615622874,0.5,1.5,2.0,0.0,0.0,0.5,0.0,0.0,1.0,4.6989612291149605,far,dense,0.0,0.0,118,2,4,1
14,43.0,-0.2566639133333333,-0.29052817166666667,-0.22230817666666666,-139.97333333333336,79.67666666666666,-20.97428928083981,-0.3232648083763297,-0.5,-10.833333333333334,-10.510068524957004,2.1,1.1,2.0,0.0,0.0,2.1,0.0,0.0,3.0,2.6671112392232725,far,dense,0.0,0.0,118,2,4,1
14,44.0,-0.23131715333333333,-0.3851196766666667,-0.22881431,-497.10999999999996,102.73,-15.685753385990772,-3.007222423340655,-0.5,-40.333333333333336,-37.32611090999268,2.2,1.0,2.0,0.0,0.0,2.2,0.0,0.0,2.0,1.9935095319864533,far,dense,0.0,0.0,118,2,4,1
14,45.0,-0.27602808333333334,-0.38148584666666663,-0.22546093,-171.51999999999998,64.42333333333333,-13.658765704827417,-20.787878182665253,-0.5,-33.666666666666664,-12.878788484001413,2.3,1.2,2.0,0.0,0.0,2.3,0.0,0.0,2.0,1.8352945751497394,far,dense,0.0,0.0,118,2,4,1
14,47.0,-0.28019462,-0.37585472,-0.2224678,-353.5233333333333,114.21,-10.83022662668808,0.5447308428120768,-0.5,-26.0,-26.544730842812076,1.8999999999999997,1.0,2.0,0.0,0.8000000000000002,1.1,0.0,1.0,2.0,1.5172339335133407,far,dense,0.0,0.0,118,2,4,1
14,51.0,-0.27217035,-0.29715250666666665,-0.22132289166666666,-228.75166666666667,48.15166666666667,-17.24615017489814,0.6760980081786259,-0.5,-16.5,-17.176098008178624,1.3999999999999997,1.0,3.0,0.0,0.5,0.9,0.0,1.0,1.0,4.991833701223954,near,non_dense,0.0,0.0,118,2,4,1
14,52.0,-0.28188514,-0.33719838111111117,-0.24925663444444446,-482.2211111111111,88.31777777777779,-17.905042700725986,13.192579589179433,-0.5,-20.88888888888889,-34.081468478068324,5.0,1.1,3.0,0.0,0.0,5.0,0.0,0.0,5.0,6.086639678575326,near,non_dense,0.0,0.0,118,2,4,1
14,53.0,-0.22762235666666666,-0.3757952633333333,-0.22531669666666665,-583.6466666666666,7.106666666666665,-15.447243438044145,1.8238221163274273,-0.5,-42.0,-43.82382211632743,0.4000000000000001,1.3,3.0,0.0,0.4000000000000001,0.0,0.0,1.0,0.0,4.478247953533708,near,non_dense,0.0,0.0,118,2,4,1
14,54.0,-0.30699922166666666,-0.23416092833333332,-0.21270736833333334,14.979999999999995,55.059999999999995,9.597052040203492,2.541875088481376,0.5,3.6666666666666665,1.1247915781852906,7.2,0.8000000000000002,3.0,1.3,0.0,5.900000000000001,1.0,0.0,6.0,5.196547666286503,near,non_dense,0.0,0.0,118,2,4,1
14,56.0,-0.2868517533333333,-0.1708676533333333,-0.21894611333333333,1.7633333333333308,-3.3799999999999955,10.36301709296611,25.534264631762344,0.5,25.666666666666668,0.13240203490432081,3.1,0.8000000000000002,3.0,0.5,0.6999999999999998,1.8999999999999997,1.0,1.0,2.0,3.686485718790562,near,non_dense,0.0,0.0,118,2,4,1
14,57.0,-0.3200307966666667,-0.21635050666666666,-0.20303108333333333,189.42666666666665,-12.093333333333343,6.739024259978346,-5.223332399891801,0.5,9.0,14.2233323998918,3.2000000000000006,1.1,3.0,0.8000000000000002,0.4000000000000001,2.0,1.0,1.0,3.0,2.401041063218813,near,non_dense,0.0,0.0,118,2,4,1
14,58.0,-0.288342775,-0.29482627,-0.21556407,-252.53833333333333,26.464999999999993,18.83327814257946,12.386725077144028,0.5,-6.333333333333333,-18.72005841047736,5.400000000000001,0.8000000000000002,3.0,1.1,0.0,4.3,1.0,0.0,4.0,9.96741039756732,near,non_dense,0.0,0.0,118,2,4,1
14,59.0,-0.30502005666666665,-0.20758245,-0.20708314000000003,96.65333333333331,40.00333333333335,7.932154906080304,3.0759998662526242,0.5,10.333333333333334,7.257333467080709,4.2,1.1,3.0,1.8,0.0,2.4,2.0,0.0,4.0,2.801127509804301,near,non_dense,0.0,0.0,118,2,4,1
14,60.0,-0.27168944333333334,-0.16771921999999997,-0.20519800666666665,214.48666666666668,-36.25,12.788466746132002,3.8950069225832706,0.5,20.0,16.10499307741673,3.6,1.0,3.0,2.0,0.0,1.6000000000000003,1.0,0.0,3.0,4.646298288457557,near,non_dense,0.0,0.0,118,2,4,1
14,61.0,-0.2502471777777778,-0.3100937477777778,-0.23133659666666664,-335.7077777777778,73.84333333333332,22.41185963820286,9.164638346373833,0.5,-15.666666666666666,-24.831305013040502,2.0,1.0,3.0,0.0,0.0,2.0,0.0,0.0,1.0,9.371495666057012,near,non_dense,0.0,0.0,118,2,4,1
14,63.0,-0.21438033666666667,-0.33914822333333333,-0.23883260333333334,-504.26666666666665,64.12333333333333,-15.099833146953506,-1.8031887076388713,-0.5,-39.666666666666664,-37.8634779590278,2.0,1.1,3.0,0.6,0.0,1.3999999999999997,1.0,0.0,2.0,4.2819991353786655,near,non_dense,0.0,0.0,118,2,4,1
14,64.0,-0.2785311033333333,-0.33162364333333333,-0.22552179000000003,-460.4766666666667,15.576666666666654,-11.77212904534349,19.5754523776704,-0.5,-15.0,-34.575452377670395,3.4,1.3999999999999997,3.0,0.6999999999999998,1.5,1.2,1.0,1.0,2.0,3.877647998394584,near,non_dense,0.0,0.0,118,2,4,1
14,65.0,-0.2754803866666667,-0.30579266888888884,-0.25692122111111115,-390.0177777777778,48.96888888888889,-10.52157730224502,13.735272347881315,-0.5,-14.333333333333334,-28.06860568121465,6.2,0.8999999999999999,3.0,4.6,0.0,1.6,1.0,0.0,2.0,4.301126761491575,near,non_dense,0.0,0.0,118,2,4,1
14,66.0,-0.26759998,-0.19536710999999998,-0.21462590666666667,0.0,0.0,9.172009836739539,14.0,0.5,14.0,0.0,4.6,0.8000000000000002,3.0,2.1,0.0,2.5,2.0,0.0,3.0,3.5312787296678416,near,non_dense,0.0,0.0,118,2,4,1
14,67.0,-0.21721597,-0.3505352533333333,-0.22933172666666668,-493.7866666666667,89.08666666666666,-14.373890069522906,-4.923425628380872,-0.5,-42.0,-37.07657437161913,2.2,1.1,3.0,0.0,0.8000000000000002,1.3999999999999997,0.0,1.0,2.0,4.500147779917131,near,non_dense,0.0,0.0,118,2,4,1
14,68.0,-0.24528225333333334,-0.3472932366666666,-0.23193391333333335,-455.1233333333333,16.616666666666674,-11.956145361639516,12.840157479013167,-0.5,-21.333333333333332,-34.1734908123465,1.7,1.0,3.0,0.6,0.4000000000000001,0.6999999999999998,1.0,1.0,1.0,3.7600034948825645,near,non_dense,0.0,0.0,118,2,4,1
14,69.0,-0.28452094333333333,-0.19280028000000002,-0.22845123333333336,90.05,67.72000000000001,11.117718177973353,8.905152540125579,0.5,15.666666666666666,6.761514126541088,1.8999999999999997,0.8000000000000002,3.0,0.0,0.0,1.8999999999999997,0.0,0.0,2.0,4.213123544164939,near,non_dense,0.0,0.0,118,2,4,1
14,70.0,-0.25849641,-0.18940819,-0.21699078666666663,233.85,36.68666666666667,11.663716698255167,15.441087412641496,0.5,33.0,17.558912587358506,5.7,1.0,3.0,1.3999999999999997,0.0,4.3,2.0,0.0,4.0,4.387169311368408,near,non_dense,0.0,0.0,118,2,4,1
14,71.0,-0.25493089333333335,-0.34528368000000004,-0.24994485,-314.37666666666667,79.57000000000001,-10.796549372261941,-7.061311056210634,-0.5,-30.666666666666668,-23.60535561045603,4.8,1.3,3.0,2.2,0.0,2.6,3.0,0.0,3.0,3.6338401321558345,near,non_dense,0.0,0.0,118,2,4,1
14,73.0,-0.3771762066666667,-0.1556206,-0.18816896333333333,124.08666666666666,216.37,9.115528923092114,-0.3171987738152353,0.5,9.0,9.317198773815235,11.5,1.5,4.0,5.3,0.0,6.2,5.0,0.0,6.0,3.066801601440472,far,non_dense,0.0,0.0,118,2,4,1
14,74.0,-0.3973948666666667,-0.14615091666666666,-0.19437975,132.54333333333332,196.21666666666667,9.06178292795569,0.3811554242586214,0.5,10.333333333333334,9.952177909074711,8.1,1.6000000000000003,4.0,4.5,0.0,3.6,3.0,0.0,3.0,3.074886571158817,far,non_dense,0.0,0.0,118,2,4,1
14,75.0,-0.2726904083333333,-0.318842515,-0.18395888000000002,-144.55499999999998,197.33333333333334,-11.315560937875508,-16.479244776285615,-0.5,-27.333333333333332,-10.854088557047719,6.900000000000001,0.8000000000000002,4.0,4.2,0.0,2.7000000000000006,2.0,0.0,3.0,3.7511352788647403,far,non_dense,0.0,0.0,118,2,4,1
14,76.0,-0.33855059666666665,-0.34938040333333337,-0.20038383666666668,-310.98,191.37333333333336,-9.798828324966097,4.68364608260316,-0.5,-18.666666666666668,-23.35031274926983,9.8,1.0,4.0,7.900000000000001,0.0,1.8999999999999997,6.0,0.0,1.0,3.139105920044988,far,non_dense,0.0,0.0,118,2,4,1
14,78.0,-0.39763069999999995,-0.17096395333333333,-0.18851932333333332,101.67999999999999,195.29999999999998,7.3720624073109535,2.03189979951844,0.5,9.666666666666666,7.634766867148227,5.7,1.3,4.0,2.6,0.0,3.1,1.0,0.0,2.0,2.639441562227263,far,non_dense,0.0,0.0,118,2,4,1
14,79.0,-0.3515854666666667,-0.268081415,-0.2002165966666667,-99.86166666666666,209.58833333333334,-13.83675172556439,-8.33509824319892,-0.5,-15.833333333333334,-7.498235090134415,4.1,0.5,4.0,3.5,0.0,0.6,3.0,0.0,1.0,4.538956727034681,far,non_dense,0.0,0.0,118,2,4,1
14,81.0,-0.273788105,-0.3178461833333333,-0.19484431333333332,-299.74,181.90833333333333,-14.760913230317847,-9.660323032136672,-0.5,-32.166666666666664,-22.506343634529994,2.7000000000000006,0.5,4.0,0.0,0.4000000000000001,2.3,0.0,1.0,3.0,4.831606002759902,far,non_dense,0.0,0.0,118,2,4,1
14,82.0,-0.37310003333333336,-0.17582720333333335,-0.19233252333333337,152.61666666666667,179.21333333333337,7.972795583115368,-2.459408635339026,0.5,9.0,11.459408635339026,6.0,1.8999999999999997,4.0,1.5,0.9,3.6,1.0,1.0,4.0,2.7823116813872937,far,non_dense,0.0,0.0,118,2,4,1
14,84.0,-0.3249747766666667,-0.14149491333333333,-0.17838185333333334,189.23000000000002,172.57666666666668,12.150360318340214,10.79143455674214,0.5,25.0,14.20856544325786,3.7000000000000006,1.0,4.0,0.0,0.0,3.7000000000000006,0.0,0.0,4.0,4.071404820789666,far,non_dense,0.0,0.0,118,2,4,1
14,85.0,-0.3624161166666666,-0.19580688333333332,-0.18597424333333334,130.39666666666668,132.4466666666667,7.969533812581179,-2.790992823104235,0.5,7.0,9.790992823104235,8.4,1.2,4.0,2.9,0.0,5.5,2.0,0.0,4.0,2.7368740871828936,far,non_dense,0.0,0.0,118,2,4,1
14,86.0,-0.37772623,-0.17868994666666668,-0.19681883666666666,133.22333333333333,129.33333333333334,8.334971999005724,-1.003236538792067,0.5,9.0,10.003236538792066,6.7,1.8,4.0,3.0,0.0,3.7000000000000006,1.0,0.0,6.0,3.0049683587908045,far,non_dense,0.0,0.0,118,2,4,1
14,87.0,-0.32823185000000005,-0.16547808333333333,-0.19453622333333334,184.04333333333332,121.36,10.004350637901704,-1.4857849146293962,0.5,12.333333333333334,13.819118247962729,5.900000000000001,2.1,4.0,3.2999999999999994,0.0,2.6,1.0,0.0,3.0,3.740203664812484,far,non_dense,0.0,0.0,118,2,4,1
14,88.0,-0.31178095,-0.11670524666666666,-0.24907429333333334,291.65666666666664,65.42333333333335,14.029683815438142,8.433936645198385,0.5,30.333333333333332,21.899396688134946,4.1,1.3,4.0,2.3,0.0,1.8,1.0,0.0,2.0,5.258159273346192,far,non_dense,0.0,0.0,118,2,4,1
14,89.0,-0.33767510166666664,-0.258815825,-0.1973276783333333,-23.27000000000001,149.02666666666667,10.349551716402587,-0.9194103232506629,0.5,-2.6666666666666665,-1.7472563434160036,4.4,1.3999999999999997,4.0,1.3999999999999997,0.5,2.5,1.0,1.0,3.0,4.749195432378781,far,non_dense,0.0,0.0,118,2,4,1
14,90.0,-0.38494768,-0.19074382,-0.19633643999999997,112.19333333333334,144.7866666666667,7.008318783504155,-2.4241733285626506,0.5,6.0,8.42417332856265,8.0,2.0,4.0,6.8,0.0,1.2,4.0,0.0,2.0,2.6881143495690654,far,non_dense,0.0,0.0,118,2,4,1
14,91.0,-0.2789513866666667,-0.36016398666666666,-0.22309318666666667,-25.94333333333331,150.95666666666665,-7.850952033640339,-24.052013161322623,-0.5,-26.0,-1.9479868386773738,8.3,1.8999999999999997,4.0,0.6,1.5,6.2,1.0,2.0,7.0,2.783581862093096,far,non_dense,0.0,0.0,118,2,4,1
14,92.0,-0.32298727666666666,-0.3299758466666667,-0.21194334,-193.9,131.18333333333334,-6.103074832429184,-0.7741152418695124,-0.5,-15.333333333333334,-14.559218091463821,9.8,1.8999999999999997,4.0,6.599999999999999,0.0,3.2000000000000006,2.0,0.0,3.0,2.0386945135669734,far,non_dense,0.0,0.0,118,2,4,1
14,93.0,-0.30869747333333336,-0.3427146566666666,-0.2030584666666667,-156.01,78.61666666666666,-6.817389033543255,-4.285798790875344,-0.5,-16.0,-11.714201209124658,9.9,1.3999999999999997,4.0,4.8,0.0,5.1,2.0,0.0,3.0,2.3301997930107965,far,non_dense,0.0,0.0,118,2,4,1
14,94.0,-0.24882278666666668,-0.28113436666666664,-0.20912153166666667,-135.04166666666666,130.60833333333335,-9.89461778146516,-0.6935650175274534,-0.5,-10.833333333333334,-10.13976831580588,6.7,1.5,4.0,0.0,3.7000000000000006,3.0,0.0,1.0,3.0,3.4311090957999935,far,non_dense,0.0,0.0,118,2,4,1
14,95.0,-0.3188522933333333,-0.15654738999999998,-0.17953938333333333,216.63333333333335,91.47000000000001,11.784330885728815,3.7338218366127944,0.5,20.0,16.266178163387206,9.0,1.2,4.0,1.1,0.6,7.3,1.0,1.0,5.0,4.355840789356313,far,non_dense,0.0,0.0,118,2,4,1
14,96.0,-0.2975982,-0.3695735633333333,-0.22697937666666665,-292.34999999999997,123.62,-10.440215401599334,-6.381876865878727,-0.5,-28.333333333333332,-21.951456467454605,7.099999999999999,0.8000000000000002,4.0,0.0,0.0,7.099999999999999,0.0,0.0,4.0,4.964694904742887,far,non_dense,0.0,0.0,118,2,4,1
15,1.0,-0.323113158,-0.39743935666666663,-0.4527049226666667,-105.224,-87.77133333333333,-11.419797064001733,-20.302248287038513,-0.5,-28.2,-7.897751712961489,1.2,2.9,1.0,0.0,0.0,1.2,0.0,0.0,2.0,1.5293590387702427,near,dense,0.0,0.0,123,1,1,2
15,2.0,-0.16770682,-0.17571493333333332,-0.21767096666666666,331.8833333333333,-75.28,10.12786190925646,-12.57434983676597,0.5,13.0,25.574349836765965,10.1,1.0,1.0,1.5,0.6999999999999998,7.900000000000001,1.0,1.0,7.0,1.5426372806368027,near,dense,0.0,0.0,123,1,1,2
15,3.0,-0.15176762666666666,-0.28284517000000003,-0.22872261666666668,-396.2,-155.4766666666667,-16.48895858405648,-14.46952019687638,-0.5,-45.0,-30.530479803123622,1.5,0.6999999999999998,1.0,1.5,0.0,0.0,2.0,0.0,0.0,3.2934841243085877,near,dense,0.0,0.0,123,1,1,2
15,4.0,-0.16707740666666668,-0.16808783000000002,-0.20751041,317.9733333333333,-124.85666666666664,14.05857869847141,-5.169136205448159,0.5,19.333333333333332,24.502469538781494,4.5,0.6999999999999998,1.0,1.7,1.1,1.7,2.0,1.0,2.0,2.2078813373983883,near,dense,0.0,0.0,123,1,1,2
15,6.0,-0.19318307999999998,-0.17453203666666664,-0.20686896666666665,303.1433333333334,-92.51333333333334,12.525637374855094,-3.3596956481193936,0.5,20.0,23.359695648119395,8.4,0.6,1.0,7.599999999999999,0.0,0.8000000000000002,3.0,0.0,1.0,1.977625931907265,near,dense,0.0,0.0,123,1,1,2
15,7.0,-0.17553876666666665,-0.17860581333333334,-0.21239253333333333,461.2633333333334,-79.14666666666666,13.870930490001976,-20.87747993165442,0.5,14.666666666666666,35.544146598321085,4.8,0.6999999999999998,1.0,0.9,0.0,3.9,2.0,0.0,3.0,1.7310860391122869,near,dense,0.0,0.0,123,1,1,2
15,9.0,-0.17946535333333333,-0.15757910333333333,-0.21982564000000002,498.77,-182.53333333333333,17.240686356637738,-18.434344804149337,0.5,20.0,38.43434480414934,2.7999999999999994,0.6999999999999998,1.0,0.4000000000000001,0.0,2.4,1.0,0.0,4.0,2.8098680097395525,near,dense,0.0,0.0,123,1,1,2
15,11.0,-0.15061767333333334,-0.12181402333333331,-0.21279427333333334,81.4633333333333,-22.22666666666667,28.11123661850155,8.722577857071025,0.5,15.0,6.277422142928973,1.3999999999999997,0.4000000000000001,1.0,0.5,0.0,0.9,1.0,0.0,1.0,4.704539172596763,near,dense,0.0,0.0,123,1,1,2
15,12.0,-0.21357686333333334,-0.14484725,-0.20564478666666666,66.21666666666665,-171.48000000000002,15.728709931630553,26.419056032960054,0.5,32.0,5.58094396703995,2.2,0.6999999999999998,1.0,0.4000000000000001,1.8,0.0,1.0,1.0,0.0,2.3388150728396986,near,dense,0.0,0.0,123,1,1,2
15,14.0,-0.17953858,-0.1783949433333333,-0.21877799333333334,383.4433333333333,-77.95666666666666,11.825232479448365,-25.88080669016254,0.5,3.6666666666666665,29.547473356829205,5.5,0.6999999999999998,1.0,0.4000000000000001,0.4000000000000001,4.7,1.0,1.0,7.0,1.8448570016154264,near,dense,0.0,0.0,123,1,1,2
15,16.0,-0.19211499666666665,-0.16326702333333334,-0.22514983666666666,172.8033333333334,-19.600000000000005,17.49130670959272,-9.64925629710359,0.5,3.6666666666666665,13.315922963770255,1.6000000000000003,0.5,1.0,0.0,0.4000000000000001,1.2,0.0,1.0,2.0,2.9846665605437708,near,dense,0.0,0.0,123,1,1,2
15,17.0,-0.21033316333333332,-0.17218081666666665,-0.19368559333333332,352.0566666666668,-59.163333333333334,11.272050355785368,0.8711283411870406,0.5,28.0,27.128871658812958,7.0,1.0,1.0,0.5,1.0,5.5,1.0,1.0,7.0,1.4210293035084234,near,dense,0.0,0.0,123,1,1,2
15,19.0,-0.18854889333333333,-0.15073319,-0.21547045666666667,188.11333333333337,-37.19,15.116906868688554,5.504315184170629,0.5,20.0,14.495684815829371,3.4,0.6999999999999998,1.0,0.5,0.0,2.9,1.0,0.0,5.0,3.0525812175625,near,dense,0.0,0.0,123,1,1,2
15,22.0,-0.18595837999999998,-0.14459489,-0.20649135333333332,185.61666666666665,-171.17666666666665,18.7534592915943,19.526533647093157,0.5,34.0,14.473466352906842,2.1,0.6,1.0,0.4000000000000001,0.0,1.7,1.0,0.0,2.0,3.102566895054432,near,dense,0.0,0.0,123,1,1,2
15,23.0,-0.17099216000000003,-0.22341523666666666,-0.2791190333333333,-545.67,-205.66666666666666,-17.073716622386083,7.048376865649839,-0.5,-35.0,-42.048376865649836,1.0,0.4000000000000001,1.0,1.0,0.0,0.0,2.0,0.0,0.0,2.6171656364861993,near,dense,0.0,0.0,123,1,1,2
15,26.0,-0.17574963000000002,-0.16548845666666667,-0.22341388333333334,403.65000000000003,-76.07,15.540609562203798,-11.771230453973203,0.5,19.333333333333332,31.104563787306535,2.6,0.6999999999999998,2.0,1.3,0.6,0.6999999999999998,2.0,1.0,1.0,2.671013684018369,far,dense,0.0,0.0,123,1,1,2
15,27.0,-0.16633727666666667,-0.15250477999999998,-0.22576182666666667,520.4333333333333,-67.89666666666666,17.220320825560254,-16.103683423032905,0.5,24.0,40.103683423032905,1.6000000000000003,0.6999999999999998,2.0,1.2,0.0,0.4000000000000001,1.0,0.0,1.0,2.9381875068684704,far,dense,0.0,0.0,123,1,1,2
15,29.0,-0.17502636666666668,-0.16030254333333335,-0.21018357333333335,509.3299999999999,-129.04,14.497907654441889,-22.91474662155044,0.5,16.333333333333332,39.24807995488377,4.9,0.8000000000000002,2.0,2.4,1.5,1.0,3.0,1.0,2.0,2.5643364744959403,far,dense,0.0,0.0,123,1,1,2
15,30.0,-0.18849193666666667,-0.15482593666666666,-0.22365077666666666,91.0333333333333,-121.81333333333333,14.658545323001555,12.14508264100274,0.5,19.333333333333332,7.188250692330594,3.9,0.6,2.0,0.4000000000000001,0.4000000000000001,3.1,1.0,1.0,4.0,2.590847667092565,far,dense,0.0,0.0,123,1,1,2
15,31.0,-0.17670930333333335,-0.14110128666666666,-0.20911678666666667,57.78333333333334,-54.49,14.166596805178118,25.213983952657344,0.5,29.666666666666668,4.452682714009323,10.4,0.6999999999999998,2.0,2.4,2.2,5.8,3.0,1.0,3.0,3.9529632940785966,far,dense,0.0,0.0,123,1,1,2
15,33.0,-0.17816578333333333,-0.14798992333333333,-0.19949981333333333,37.38666666666662,-136.76666666666668,13.325991217196197,16.579641014147786,0.5,20.0,3.4203589858522108,5.8,0.6,2.0,0.6,1.8999999999999997,3.2999999999999994,1.0,1.0,3.0,2.258909211885562,far,dense,0.0,0.0,123,1,1,2
15,36.0,-0.21783018666666668,-0.17949289666666668,-0.2311716,22.08000000000004,-154.73,15.86502083510191,16.79387860866917,0.5,19.333333333333332,2.5394547246641586,1.8,0.6,2.0,0.9,0.4000000000000001,0.5,1.0,1.0,1.0,3.8812519507504732,far,dense,0.0,0.0,123,1,1,2
15,40.0,-0.15542619666666668,-0.17398080333333332,-0.21400630666666665,80.05666666666669,-119.24666666666667,18.2038196048074,12.615266414178047,0.5,19.333333333333332,6.718066919155286,1.8,0.5,2.0,0.6,0.0,1.2,1.0,0.0,2.0,3.412704974232478,far,dense,0.0,0.0,123,1,1,2
15,45.0,-0.14143289,-0.2605307,-0.23751005333333333,-385.4533333333334,-145.15666666666667,-14.677203836114264,-15.297639554820776,-0.5,-45.0,-29.702360445179224,0.4000000000000001,0.6999999999999998,2.0,0.4000000000000001,0.0,0.0,1.0,0.0,0.0,1.9038933705149637,far,dense,0.0,0.0,123,1,1,2
15,46.0,-0.16666791,-0.26401457,-0.23198651333333334,-241.3166666666667,-83.17666666666666,-11.637967632945859,-25.40455926849121,-0.5,-44.0,-18.595440731508795,2.2,0.6,2.0,1.8,0.0,0.4000000000000001,2.0,0.0,1.0,2.384613593159985,far,dense,0.0,0.0,123,1,1,2
15,47.0,-0.1563385966666667,-0.25997393333333335,-0.23565835999999998,-346.1333333333334,-69.19333333333334,-12.22360340134764,-18.327570059259994,-0.5,-45.0,-26.672429940740006,0.9,0.8000000000000002,2.0,0.4000000000000001,0.0,0.5,1.0,0.0,1.0,1.58767965125677,far,dense,0.0,0.0,123,1,1,2
15,52.0,-0.1911102533333333,-0.25827759,-0.26052418,-274.59999999999997,-149.04333333333332,-11.980357159289179,5.713900534438804,-0.5,-15.0,-20.713900534438807,1.8,0.5,3.0,0.0,0.0,1.8,0.0,0.0,3.0,4.4514311137225,near,non_dense,0.0,0.0,123,1,1,2
15,54.0,-0.17827103,-0.20238576333333333,-0.21760224333333333,-33.669999999999995,-37.6,7.307917889369037,-3.0721152911715333,0.5,-5.666666666666667,-2.594551375495134,12.300000000000002,0.5,3.0,2.7999999999999994,0.0,9.5,2.0,0.0,6.0,3.973138977357884,near,non_dense,0.0,0.0,123,1,1,2
15,56.0,-0.1941082266666667,-0.16543681333333332,-0.22843540333333334,408.10666666666674,-123.69000000000001,13.254016808904524,-8.114653401110813,0.5,23.333333333333332,31.447986734444147,7.900000000000001,0.8000000000000002,3.0,2.2,1.8,3.9,2.0,1.0,4.0,4.926332107206413,near,non_dense,0.0,0.0,123,1,1,2
15,57.0,-0.19654338999999998,-0.19538181,-0.2189588,319.8966666666667,-72.2,10.069963112161274,-6.650678245212609,0.5,18.0,24.650678245212607,10.5,0.9,3.0,5.1,1.8,3.6,3.0,1.0,3.0,3.6100204736393735,near,non_dense,0.0,0.0,123,1,1,2
15,58.0,-0.21689278666666667,-0.13260229666666665,-0.22092344666666666,42.14999999999998,-12.183333333333328,22.76029082585158,21.085327973157515,0.5,24.333333333333332,3.2480053601758203,8.4,0.6999999999999998,3.0,6.2,0.0,2.2,3.0,0.0,1.0,11.836399346831707,near,non_dense,0.0,0.0,123,1,1,2
15,59.0,-0.18397765333333335,-0.17212940666666668,-0.20482742333333334,445.95,-136.29,12.4897946606849,-14.364127885418926,0.5,20.0,34.364127885418924,9.7,1.0,3.0,6.2,3.5,0.0,6.0,1.0,0.0,4.5510480751172695,near,non_dense,0.0,0.0,123,1,1,2
15,60.0,-0.19309862,-0.15642024666666668,-0.21014367999999997,509.14000000000004,-48.29333333333333,14.698560502075381,-17.233438886830797,0.5,22.0,39.2334388868308,4.3,0.8000000000000002,3.0,0.6999999999999998,1.8,1.8,1.0,1.0,3.0,5.285736925486442,near,non_dense,0.0,0.0,123,1,1,2
15,61.0,-0.22612571666666667,-0.18253613666666668,-0.21631137,207.22666666666666,-40.656666666666666,10.790834740824911,2.03147511020874,0.5,18.0,15.96852488979126,12.4,0.8000000000000002,3.0,1.3,1.5,9.6,1.0,1.0,5.0,4.7786296948150175,near,non_dense,0.0,0.0,123,1,1,2
15,62.0,-0.24640585,-0.14339647666666666,-0.2333747966666667,508.6466666666667,-27.97666666666667,16.713822794746097,-19.86209014872831,0.5,19.333333333333332,39.195423482061635,5.400000000000001,0.6999999999999998,3.0,1.8,1.7,1.8999999999999997,2.0,1.0,3.0,6.134557135301118,near,non_dense,0.0,0.0,123,1,1,2
15,63.0,-0.16936232333333334,-0.29444169,-0.26723745666666665,-367.67333333333335,-94.93666666666667,-19.195252662934376,-16.667735291568725,-0.5,-45.0,-28.33226470843128,1.3,0.6999999999999998,3.0,0.9,0.0,0.4000000000000001,2.0,0.0,1.0,5.2686672217271235,near,non_dense,0.0,0.0,123,1,1,2
15,64.0,-0.1349087,-0.26422251,-0.24871085666666667,-282.01,-120.73666666666666,-14.032402395931257,-23.26880209672163,-0.5,-45.0,-21.73119790327837,2.3,0.8000000000000002,3.0,1.5,0.0,0.8000000000000002,2.0,0.0,2.0,4.325189684998566,near,non_dense,0.0,0.0,123,1,1,2
15,65.0,-0.14558941666666667,-0.2668135166666667,-0.2391525866666667,-248.09,-122.05333333333334,-11.65158349543924,-25.882618035444377,-0.5,-45.0,-19.117381964555623,4.8,0.9,3.0,1.5,0.0,3.2999999999999994,2.0,0.0,2.0,4.456422219803208,near,non_dense,0.0,0.0,123,1,1,2
15,66.0,-0.17185140666666668,-0.17670841666666667,-0.23271402,220.91333333333333,327.3933333333333,13.376706024265786,-3.023195511292402,0.5,14.0,17.023195511292403,7.2,0.8000000000000002,3.0,2.5,2.2,2.5,4.0,1.0,2.0,5.282193449797572,near,non_dense,0.0,0.0,123,1,1,2
15,67.0,-0.14988724,-0.2732171433333333,-0.2681786533333333,-201.73000000000002,-120.06333333333333,-16.83972092496424,-29.59310134350447,-0.5,-45.0,-15.406898656495537,1.5,0.6999999999999998,3.0,0.0,0.0,1.5,0.0,0.0,2.0,5.098019831645447,near,non_dense,0.0,0.0,123,1,1,2
15,68.0,-0.16737873,-0.27954078666666665,-0.25625964333333334,-328.89,-132.43666666666664,-15.123686923931318,-17.656311200279337,-0.5,-43.0,-25.343688799720663,2.4,0.9,3.0,1.5,0.0,0.9,2.0,0.0,1.0,4.651592282777813,near,non_dense,0.0,0.0,123,1,1,2
15,70.0,-0.1838486633333333,-0.18194121,-0.23297412333333334,420.53333333333336,10.309999999999993,14.206216164372734,-25.654487200813858,0.5,5.333333333333333,30.98782053414719,6.3,0.8000000000000002,3.0,4.3,0.0,2.0,5.0,0.0,2.0,5.296036496584931,near,non_dense,0.0,0.0,123,1,1,2
15,71.0,-0.14384559333333333,-0.28298176333333336,-0.25128079666666664,-310.1466666666667,-82.21666666666665,-13.146875312906166,-21.10063972066436,-0.5,-45.0,-23.89936027933564,1.8999999999999997,0.6999999999999998,3.0,1.3,0.0,0.6,2.0,0.0,1.0,4.247116329590881,near,non_dense,0.0,0.0,123,1,1,2
15,72.0,-0.14406935666666665,-0.2842164133333333,-0.2543801233333333,-438.4633333333333,-192.8166666666667,-13.740035844670743,-11.861355196700396,-0.5,-45.0,-33.138644803299606,1.2,0.6,3.0,0.5,0.0,0.6999999999999998,1.0,0.0,1.0,4.228766653751465,near,non_dense,0.0,0.0,123,1,1,2
15,73.0,-0.19758963,-0.23060689999999998,-0.22433918333333333,165.58333333333334,-63.97,6.185573328998028,0.24043762224326257,0.5,13.0,12.759562377756737,11.6,0.6999999999999998,4.0,3.5,1.8,6.3,1.0,1.0,7.0,2.3029111722833346,far,non_dense,0.0,0.0,123,1,1,2
15,75.0,-0.14330967666666666,-0.28693888666666667,-0.25733059666666663,-218.57666666666668,-121.15333333333332,-10.519388771189838,-25.156863939675034,-0.5,-42.0,-16.843136060324966,2.2,0.6999999999999998,4.0,2.2,0.0,0.0,3.0,0.0,0.0,3.2418379268570336,far,non_dense,0.0,0.0,123,1,1,2
15,76.0,-0.14093664,-0.2910006866666667,-0.23658062000000002,-223.72333333333333,-105.83,-9.884669786038032,-25.76027079802921,-0.5,-43.0,-17.23972920197079,6.5,0.8000000000000002,4.0,6.5,0.0,0.0,6.0,0.0,0.0,3.0610642564889203,far,non_dense,0.0,0.0,123,1,1,2
15,77.0,-0.16437731333333333,-0.29685786,-0.23318813666666668,-195.57000000000002,-99.58333333333333,-9.735145544252445,-24.263050811634983,-0.5,-39.333333333333336,-15.070282521698351,3.7000000000000006,0.8000000000000002,4.0,2.0,0.6,1.1,3.0,1.0,2.0,3.0277063501748778,far,non_dense,0.0,0.0,123,1,1,2
15,78.0,-0.18315394999999998,-0.20325931333333333,-0.23613482666666666,402.00666666666666,-120.59333333333332,12.568657527189513,-12.311264725023685,0.5,18.666666666666668,30.97793139169035,9.8,0.8000000000000002,4.0,6.5,1.8,1.5,6.0,1.0,1.0,4.4505296265489775,far,non_dense,0.0,0.0,123,1,1,2
15,81.0,-0.13932596333333333,-0.2983094233333333,-0.2525807,-568.4733333333334,-201.51,-16.935219703208094,-1.3838729788868835,-0.5,-45.0,-43.61612702111311,1.7,0.6,4.0,0.9,0.0,0.8000000000000002,2.0,0.0,1.0,5.374597244717786,far,non_dense,0.0,0.0,123,1,1,2
15,82.0,-0.17647876666666665,-0.20765483333333334,-0.22555528000000002,187.03,-45.086666666666666,9.217004007665567,1.9211282914902963,0.5,16.333333333333332,14.412205041843038,8.8,0.8000000000000002,4.0,2.9,0.5,5.400000000000001,2.0,1.0,7.0,3.2074296888075353,far,non_dense,0.0,0.0,123,1,1,2
15,83.0,-0.18844249,-0.19142773666666668,-0.2174491133333333,332.6833333333334,-90.29333333333334,10.402599535480112,-3.9693297724276775,0.5,21.666666666666668,25.635996439094345,8.5,0.8000000000000002,4.0,1.8,2.1,4.6,2.0,1.0,4.0,3.8293618176190183,far,non_dense,0.0,0.0,123,1,1,2
15,85.0,-0.21098606666666667,-0.18467917,-0.22371526333333333,145.6066666666667,-40.98333333333334,9.141622945547526,8.11313798788452,0.5,19.333333333333332,11.220195345448815,11.300000000000002,0.9,4.0,6.7,0.0,4.6,5.0,0.0,2.0,3.464638980007384,far,non_dense,0.0,0.0,123,1,1,2
15,87.0,-0.17609507333333332,-0.19995223333333334,-0.24077029000000003,315.6433333333334,-105.02666666666666,9.462059439487337,-4.989590476166792,0.5,19.333333333333332,24.322923809500125,7.400000000000001,0.6,4.0,0.5,1.5,5.400000000000001,1.0,1.0,5.0,3.5801420452606068,far,non_dense,0.0,0.0,123,1,1,2
15,88.0,-0.18437421666666665,-0.19110912,-0.22844904666666666,114.21999999999996,-53.446666666666665,12.911822282477672,5.198406352567445,0.5,14.0,8.801593647432556,3.6,0.6,4.0,1.8999999999999997,0.0,1.7,1.0,0.0,2.0,4.99589639678317,far,non_dense,0.0,0.0,123,1,1,2
15,91.0,-0.15082806333333335,-0.2977605966666667,-0.2283857366666667,-223.37,-188.98000000000002,-8.974745909951396,-26.78749804739091,-0.5,-44.0,-17.21250195260909,2.3,0.8000000000000002,4.0,0.8000000000000002,0.5,1.0,1.0,1.0,2.0,2.920453549283352,far,non_dense,0.0,0.0,123,1,1,2
15,92.0,-0.17031146666666666,-0.2846049766666667,-0.22072495333333333,-157.80666666666664,-78.69333333333334,-7.045141841595676,-29.839693969043594,-0.5,-42.0,-12.160306030956406,4.4,1.1,4.0,3.1,0.4000000000000001,0.9,3.0,1.0,2.0,2.2813126027891975,far,non_dense,0.0,0.0,123,1,1,2
15,94.0,-0.14371354,-0.2983742166666667,-0.22406740666666666,-254.09666666666666,-184.15666666666667,-7.571119745294375,-23.419754796295553,-0.5,-43.0,-19.580245203704447,3.0,0.8000000000000002,4.0,0.4000000000000001,0.6,2.0,1.0,1.0,2.0,2.5266972699783614,far,non_dense,0.0,0.0,123,1,1,2
15,96.0,-0.17381574333333336,-0.2762743833333333,-0.24380365999999998,-209.13,-83.47,-11.480359970860933,-14.551474235502502,-0.5,-30.666666666666668,-16.115192431164164,1.8999999999999997,0.9,4.0,1.0,0.0,0.9,1.0,0.0,2.0,5.1422158873338075,far,non_dense,0.0,0.0,123,1,1,2
17,1.0,-0.29597786,-0.22521612333333332,-0.26576558666666666,-244.25,174.2733333333333,-12.633891157259749,2.307550088296144,-0.5,-15.0,-17.307550088296143,4.4,1.8999999999999997,1.0,2.6,0.4000000000000001,1.3999999999999997,2.0,1.0,2.0,1.5559921040427203,near,dense,0.0,0.0,120,2,1,1
17,2.0,-0.31450161000000004,-0.10145838,-0.24269481333333331,272.8533333333333,150.84666666666666,10.47058174719632,18.665618286897725,0.5,38.0,19.334381713102275,3.0,2.6,1.0,1.1,0.4000000000000001,1.5,2.0,1.0,3.0,1.5414902519994012,near,dense,0.0,0.0,120,2,1,1
17,3.0,-0.27543686,-0.20839683166666667,-0.263750505,-218.80499999999998,244.94500000000002,-14.232033222398186,0.5045178999780456,-0.5,-15.0,-15.504517899978046,3.7000000000000006,0.6999999999999998,1.0,1.3,1.7,0.6999999999999998,1.0,1.0,1.0,2.750452626709126,near,dense,0.0,0.0,120,2,1,1
17,4.0,-0.3358649633333333,-0.08884882333333333,-0.26827128666666666,402.53000000000003,-17.036666666666672,12.772107148748399,3.476732294608611,0.5,32.0,28.52326770539139,3.4,2.1,1.0,1.1,0.0,2.3,1.0,0.0,3.0,1.9933053680457657,near,dense,0.0,0.0,120,2,1,1
17,6.0,-0.31817658666666665,-0.11064773333333333,-0.25705205333333336,196.01666666666668,234.33,10.463084991330975,25.110262941763835,0.5,39.0,13.889737058236163,7.099999999999999,2.3,1.0,1.3,0.9,4.9,2.0,2.0,4.0,1.6116750212264292,near,dense,0.0,0.0,120,2,1,1
17,7.0,-0.31670616,-0.09805203,-0.2769134733333333,413.24333333333334,5.5866666666666625,12.824885165105153,13.050919043379901,0.5,42.333333333333336,29.282414289953433,6.0,2.4,1.0,0.0,0.4000000000000001,5.599999999999999,0.0,1.0,4.0,1.5537205811999684,near,dense,0.0,0.0,120,2,1,1
17,8.0,-0.34413702,-0.05426277666666667,-0.28125311999999997,423.4066666666667,-77.41666666666666,14.602743782916965,10.997412114424392,0.5,41.0,30.002587885575608,5.400000000000001,3.0,1.0,1.3999999999999997,1.5,2.5,2.0,2.0,4.0,2.180375798897586,near,dense,0.0,0.0,120,2,1,1
17,13.0,-0.3333861933333333,-0.12906543666666667,-0.2634352833333333,323.03000000000003,116.27999999999999,10.578861934192453,2.1101006959168784,0.5,25.0,22.88989930408312,3.9,1.8,1.0,0.0,0.0,3.9,0.0,0.0,6.0,1.707764911534374,near,dense,0.0,0.0,120,2,1,1
17,17.0,-0.3414466366666667,-0.10534663666666666,-0.2729159466666667,178.4366666666667,140.55666666666664,11.798728587299019,19.355981388241812,0.5,32.0,12.644018611758185,8.9,2.9,1.0,2.6,3.2000000000000006,3.1,2.0,2.0,5.0,1.4819140402385012,near,dense,0.0,0.0,120,2,1,1
17,20.0,-0.24522192666666667,-0.18547675,-0.27444220333333336,-337.25666666666666,107.67666666666669,-15.114175052289925,8.89800061799439,-0.5,-15.0,-23.898000617994388,3.1,2.4,1.0,2.0,1.1,0.0,1.0,1.0,0.0,2.304978273981104,near,dense,0.0,0.0,120,2,1,1
17,22.0,-0.30767227,-0.10222192333333334,-0.27617712,436.34,78.19999999999999,13.777415096251097,7.080956374505056,0.5,38.0,30.919043625494947,4.4,1.8999999999999997,1.0,0.0,4.0,0.4000000000000001,0.0,1.0,1.0,2.2902225627277115,near,dense,0.0,0.0,120,2,1,1
17,23.0,-0.23522294666666665,-0.18014787666666665,-0.27793533333333337,-253.1833333333333,249.86666666666667,-14.143938283623891,2.9405659086527947,-0.5,-15.0,-17.940565908652797,3.1,2.2,1.0,2.5,0.6,0.0,2.0,1.0,0.0,2.0818158790446133,near,dense,0.0,0.0,120,2,1,1
17,24.0,-0.31674385,-0.16300002666666666,-0.26279096,116.93666666666668,132.52333333333334,3.8509453027314344,9.713870151518021,0.5,18.0,8.28612984848198,6.2,2.2,1.0,2.6,0.9,2.7000000000000006,2.0,1.0,2.0,1.190680037677594,near,dense,0.0,0.0,120,2,1,1
17,25.0,-0.45547581666666664,0.18110158666666668,-0.5621500199999999,427.64333333333326,667.4666666666667,17.19917634808061,9.030535332954258,0.5,39.333333333333336,30.302798000379074,6.3,0.4000000000000001,2.0,2.3,0.5,3.5,3.0,1.0,6.0,3.080753366535832,far,dense,0.0,0.0,120,2,1,1
17,26.0,-0.32769914166666664,0.037712255,-0.21653274833333333,517.2483333333333,288.92333333333335,20.79091607108545,5.146145452883293,0.5,41.333333333333336,36.18718788045004,4.7,2.7000000000000006,2.0,0.0,1.3999999999999997,3.2999999999999994,0.0,2.0,3.0,3.730660466611475,far,dense,0.0,0.0,120,2,1,1
17,27.0,-0.33427296,0.00985928,-0.24505186,311.3966666666667,484.33666666666676,17.409084176438338,22.93443846197833,0.5,45.0,22.06556153802167,7.2,2.6,2.0,4.9,0.0,2.3,5.0,0.0,2.0,2.979745018107604,far,dense,0.0,0.0,120,2,1,1
17,28.0,-0.29980104,-0.33580706666666665,-0.23732826333333334,-461.7266666666667,365.55,-20.041593124078606,11.384608981652752,-0.5,-21.333333333333332,-32.71794231498608,2.1,1.2,2.0,1.5,0.6,0.0,2.0,1.0,0.0,2.3969522926171476,far,dense,0.0,0.0,120,2,1,1
17,29.0,-0.31337682333333333,-0.010296403333333334,-0.21603613,443.3433333333333,207.79333333333338,18.306142313695407,13.5847003153374,0.5,45.0,31.4152996846626,4.7,3.0,2.0,2.1,0.9,1.7,4.0,1.0,3.0,3.0481172105283334,far,dense,0.0,0.0,120,2,1,1
17,30.0,-0.33545211,0.01701901,-0.18959292000000003,519.2633333333333,171.05000000000004,20.502098925023063,8.205010642037736,0.5,45.0,36.794989357962265,6.2,1.5,2.0,2.7000000000000006,1.6000000000000003,1.8999999999999997,3.0,2.0,2.0,3.5596399435493153,far,dense,0.0,0.0,120,2,1,1
17,31.0,-0.36284234,-0.06063974666666666,-0.2140244166666667,283.61333333333334,329.5966666666667,15.305086660687111,19.903164903274117,0.5,40.0,20.096835096725883,7.400000000000001,1.7,2.0,2.2,4.1,1.1,3.0,1.0,1.0,4.42972507843285,far,dense,0.0,0.0,120,2,1,1
17,32.0,-0.35434962333333336,-0.05659563,-0.21052831000000002,223.61666666666665,234.61666666666665,14.190545761178873,10.15452749678135,0.5,26.0,15.84547250321865,9.6,1.5,2.0,6.0,1.3999999999999997,2.2,4.0,1.0,2.0,2.480913658854624,far,dense,0.0,0.0,120,2,1,1
17,33.0,-0.36703719,-0.06369534,-0.21280823666666668,404.3,105.21333333333332,13.371472529803853,12.351310130202128,0.5,41.0,28.648689869797874,4.9,3.4,2.0,1.1,0.6999999999999998,3.1,1.0,1.0,3.0,2.3868047291906875,far,dense,0.0,0.0,120,2,1,1
17,34.0,-0.3015870266666667,-0.04753115,-0.24613876333333332,489.1533333333334,-459.3333333333333,16.652719872997864,-0.3577093279508219,0.5,45.0,45.35770932795082,1.5,2.3,2.0,0.5,0.0,1.0,1.0,0.0,2.0,2.9603193223476185,far,dense,0.0,0.0,120,2,1,1
17,36.0,-0.3183217333333333,-0.05190646333333334,-0.25086557,398.82333333333344,70.28333333333335,16.059403434676476,16.739386620070025,0.5,45.0,28.260613379929975,2.5,3.2999999999999994,2.0,0.0,1.3999999999999997,1.1,0.0,2.0,2.0,3.829684545126281,far,dense,0.0,0.0,120,2,1,1
17,41.0,-0.31783421,-0.06190192,-0.30535000333333334,305.96,-918.33,14.889910744212374,4.222325472282631,0.5,45.0,40.77767452771737,4.4,3.2000000000000006,2.0,0.5,1.2,2.7000000000000006,1.0,1.0,3.0,3.780967809343944,far,dense,0.0,0.0,120,2,1,1
17,42.0,-0.24754665,-0.15743234666666667,-0.29918321000000003,-270.98333333333335,220.62666666666667,-16.812380485481288,4.201873550706721,-0.5,-15.0,-19.201873550706722,4.0,2.9,2.0,3.5,0.0,0.5,2.0,0.0,1.0,2.1881214743066755,far,dense,0.0,0.0,120,2,1,1
17,44.0,-0.2412149766666667,-0.22656549,-0.27245731,-408.71000000000004,2649.69,-21.283070402186176,13.961182381115732,-0.5,-15.0,-28.96118238111573,3.0,0.6,2.0,2.1,0.0,0.9,3.0,0.0,1.0,2.7844382716501115,far,dense,0.0,0.0,120,2,1,1
17,46.0,-0.27501519333333335,-0.21287455,-0.26999386333333336,-184.05999999999997,232.3066666666667,-11.544834628075856,1.0424878986767172,-0.5,-12.0,-13.042487898676717,6.599999999999999,4.6,2.0,2.3,3.4,0.9,1.0,3.0,1.0,2.30462081652279,far,dense,0.0,0.0,120,2,1,1
17,47.0,-0.2705162266666667,-0.22112164,-0.27869431,-53.586666666666666,191.34,-12.94854358786497,-10.202849877591966,-0.5,-14.0,-3.7971501224080355,9.6,3.5,2.0,6.400000000000001,0.0,3.2000000000000006,1.0,0.0,4.0,1.6390638720789255,far,dense,0.0,0.0,120,2,1,1
17,49.0,-0.3011031433333333,-0.12451009333333334,-0.26276900333333336,250.0533333333333,87.25666666666666,11.093713438261082,14.281225828405006,0.5,32.0,17.718774171594994,8.7,2.2,3.0,2.7000000000000006,0.8000000000000002,5.2,1.0,1.0,3.0,5.242382217558605,near,non_dense,0.0,0.0,120,2,1,1
17,51.0,-0.42133653000000004,-0.37536138333333335,-0.5414248133333334,-87.14333333333332,228.91333333333338,-30.334779334188607,-17.82502515239405,-0.5,-24.0,-6.174974847605951,5.2,0.6999999999999998,3.0,2.5,0.0,2.7000000000000006,4.0,0.0,1.0,7.494515416196097,near,non_dense,0.0,0.0,120,2,1,1
17,52.0,-0.232026005,-0.17411269833333334,-0.2817348883333333,-211.34500000000003,109.51833333333332,-14.326934127562767,-0.02409755000635272,-0.5,-15.0,-14.975902449993647,5.3,2.0,3.0,0.0,2.1,3.2000000000000006,0.0,1.0,4.0,5.093580180136251,near,non_dense,0.0,0.0,120,2,1,1
17,53.0,-0.24850910333333331,-0.23118803,-0.28860066333333334,-281.63,162.78666666666663,-17.1549569309207,3.9562961366093865,-0.5,-16.0,-19.956296136609385,5.0,2.7999999999999994,3.0,1.3,1.6000000000000003,2.1,1.0,1.0,3.0,4.827214752460163,near,non_dense,0.0,0.0,120,2,1,1
17,54.0,-0.31048278,-0.14085144333333333,-0.25942750833333333,111.55833333333334,28.498333333333335,7.895050160571409,12.094978743363342,0.5,20.0,7.905021256636659,9.0,2.0,3.0,4.7,0.0,4.3,1.0,0.0,3.0,4.23807846779183,near,non_dense,0.0,0.0,120,2,1,1
17,55.0,-0.26927381833333336,-0.20354458499999997,-0.27492109833333334,-161.60333333333332,57.47666666666667,-8.780955555382526,8.451208950265238,-0.5,-3.0,-11.451208950265238,9.4,1.2,3.0,6.3,0.0,3.1,2.0,0.0,3.0,3.2694632938100905,near,non_dense,0.0,0.0,120,2,1,1
17,58.0,-0.32386110333333334,-0.09119371,-0.23065217000000002,218.12666666666667,104.57333333333331,13.83317950190826,29.543548786381127,0.5,45.0,15.456451213618871,12.4,4.7,3.0,4.2,1.8999999999999997,6.3,1.0,2.0,3.0,7.456424691158129,near,non_dense,0.0,0.0,120,2,1,1
17,59.0,-0.32860321666666664,-0.12991875666666666,-0.23738628666666664,176.57333333333335,120.31333333333333,9.772344579226546,25.48801715077143,0.5,38.0,12.511982849228565,8.1,2.6,3.0,5.2,0.0,2.9,3.0,0.0,2.0,3.6770430512021854,near,non_dense,0.0,0.0,120,2,1,1
17,60.0,-0.30583893666666667,-0.07618175666666667,-0.24677879333333333,308.5566666666667,107.07166666666667,15.068074826610996,23.135680804867842,0.5,45.0,21.864319195132158,5.900000000000001,2.0,3.0,3.0,0.0,2.9,1.0,0.0,3.0,5.510614623632982,near,non_dense,0.0,0.0,120,2,1,1
17,65.0,-0.28928435999999996,-0.23166527666666667,-0.2989791433333333,-85.68333333333335,44.04999999999999,-11.954287496091789,-8.928480723034426,-0.5,-15.0,-6.071519276965574,3.2000000000000006,1.2,3.0,0.0,0.0,3.2000000000000006,0.0,0.0,3.0,4.715903131171163,near,non_dense,0.0,0.0,120,2,1,1
17,66.0,-0.32780178666666665,-0.12489562666666666,-0.27542499666666664,140.07000000000002,24.166666666666668,10.614928454399246,29.074642616713856,0.5,39.0,9.925357383286146,5.8,2.3,3.0,3.1,0.5,2.2,2.0,1.0,2.0,3.9263260305513086,near,non_dense,0.0,0.0,120,2,1,1
17,70.0,-0.32192189666666665,-0.13250620666666665,-0.2690379133333333,107.8633333333333,85.09333333333335,10.787417558973637,24.35680636905937,0.5,32.0,7.6431936309406305,4.6,2.5,3.0,2.7000000000000006,0.0,1.8999999999999997,1.0,0.0,3.0,4.0782026781674015,near,non_dense,0.0,0.0,120,2,1,1
17,72.0,-0.26260582666666665,-0.18088146000000002,-0.29588508333333335,-307.97333333333336,103.80333333333334,-13.908552495173858,6.822984206862604,-0.5,-15.0,-21.822984206862603,3.2999999999999994,0.5,3.0,1.2,0.0,2.1,2.0,0.0,4.0,4.442283970129657,near,non_dense,0.0,0.0,120,2,1,1
17,73.0,-0.31596916999999997,-0.17280257,-0.26723058,106.07333333333334,-18.536666666666672,5.542341975951423,10.483645733063668,0.5,18.0,7.516354266936335,7.5,1.2,4.0,0.0,0.0,7.5,0.0,0.0,7.0,2.138827657815954,far,non_dense,0.0,0.0,120,2,1,1
17,75.0,-0.29713279,-0.19368792999999998,-0.3370527733333333,-120.29333333333334,126.38666666666666,-8.111291353487099,0.5239831809816607,-0.5,-8.0,-8.523983180981661,4.0,0.4000000000000001,4.0,1.8,0.0,2.2,1.0,0.0,2.0,2.678068197195032,far,non_dense,0.0,0.0,120,2,1,1
17,77.0,-0.30865272,-0.16386454666666667,-0.2768396833333333,-228.27,119.87666666666667,-6.758905430553607,13.175207609643238,-0.5,-3.0,-16.175207609643238,9.1,0.6,4.0,2.0,0.0,7.099999999999999,1.0,0.0,5.0,2.1233332364456197,far,non_dense,0.0,0.0,120,2,1,1
17,79.0,-0.27861098,-0.1682679016666667,-0.28405619,-220.09333333333333,129.68333333333334,-10.489170006921945,9.595809174070526,-0.5,-6.0,-15.595809174070524,8.0,1.8,4.0,5.3,0.0,2.7000000000000006,1.0,0.0,1.0,3.478815220207745,far,non_dense,0.0,0.0,120,2,1,1
17,80.0,-0.2846937666666667,-0.18793279333333335,-0.27142757333333334,-164.27666666666667,104.19999999999999,-11.438023315396252,-3.3593587034937045,-0.5,-15.0,-11.640641296506296,8.2,0.5,4.0,1.8999999999999997,0.0,6.3,1.0,0.0,8.0,5.20762665112027,far,non_dense,0.0,0.0,120,2,1,1
17,81.0,-0.26690896444444445,-0.20909622222222224,-0.3227232666666666,-284.2077777777778,88.56888888888888,-15.53147987114216,-0.8610425818946632,-0.5,-21.0,-20.138957418105335,7.900000000000001,0.5,4.0,2.8,0.0,5.1,1.0,0.0,4.0,4.7922123465796505,far,non_dense,0.0,0.0,120,2,1,1
17,82.0,-0.33047491333333334,-0.12192552333333333,-0.29633523,240.01333333333335,-93.31666666666666,8.734202350292428,10.992660026507329,0.5,28.0,17.007339973492673,5.1,2.5,4.0,0.0,0.0,5.1,0.0,0.0,7.0,3.0276371856021185,far,non_dense,0.0,0.0,120,2,1,1
17,83.0,-0.32160620666666667,-0.09172376666666666,-0.29446236333333337,288.69,-165.36333333333334,10.69137061290501,20.54343240536248,0.5,41.0,20.456567594637516,5.400000000000001,3.2999999999999994,4.0,0.5,1.0,3.9,1.0,2.0,3.0,3.577363640477824,far,non_dense,0.0,0.0,120,2,1,1
17,84.0,-0.3035634366666667,-0.08225155666666667,-0.30912735,281.1266666666667,75.27999999999999,13.63254045283101,20.079370053268914,0.5,40.0,19.920629946731086,1.8999999999999997,2.3,4.0,0.0,1.3999999999999997,0.5,0.0,1.0,1.0,4.562420469103071,far,non_dense,0.0,0.0,120,2,1,1
17,85.0,-0.31178119666666665,-0.11509594333333334,-0.2733676233333333,141.51333333333335,-16.07333333333334,7.946584803014582,23.972368045738317,0.5,34.0,10.02763195426168,8.6,2.0,4.0,3.1,0.4000000000000001,5.1,2.0,1.0,6.0,2.8389351372951244,far,non_dense,0.0,0.0,120,2,1,1
17,86.0,-0.32981422666666665,-0.12099561333333335,-0.27658243,64.39333333333327,52.329999999999984,8.028236539905736,17.437089694906792,0.5,22.0,4.562910305093205,8.1,2.1,4.0,2.1,4.4,1.6000000000000003,1.0,1.0,3.0,3.0571031670342292,far,non_dense,0.0,0.0,120,2,1,1
17,87.0,-0.30815914333333333,-0.11059804333333334,-0.28758424666666665,313.4066666666667,-111.54,10.772169545923537,15.79200990239809,0.5,38.0,22.207990097601908,5.2,2.5,4.0,3.5,0.5,1.2,1.0,1.0,1.0,3.9853993285287235,far,non_dense,0.0,0.0,120,2,1,1
17,88.0,-0.3160892933333333,-0.09610096,-0.2644819133333333,340.83666666666664,-160.16,12.046706470770642,13.848320653997016,0.5,38.0,24.151679346002982,4.5,1.3,4.0,0.6999999999999998,0.0,3.7999999999999994,1.0,0.0,2.0,4.687159039256532,far,non_dense,0.0,0.0,120,2,1,1
17,89.0,-0.3207131733333333,-0.11809196333333333,-0.2656482866666667,77.5,173.40333333333334,6.769629371739307,18.84168489180641,0.5,24.333333333333332,5.491648441526924,6.2,2.3,4.0,0.0,1.8,4.4,0.0,1.0,4.0,3.3859540349708848,far,non_dense,0.0,0.0,120,2,1,1
17,90.0,-0.3294635733333333,-0.14241564333333334,-0.25358153333333333,134.20000000000002,140.64,7.398857112568964,10.490590698672088,0.5,20.0,9.509409301327912,5.8,1.8,4.0,4.5,0.6999999999999998,0.6,4.0,1.0,1.0,2.927181844256573,far,non_dense,0.0,0.0,120,2,1,1
17,92.0,-0.325017705,-0.17799448166666668,-0.2687392933333333,-154.70833333333334,69.82166666666666,-6.460224085366826,7.462629388919069,-0.5,-3.5,-10.96262938891907,8.6,0.8000000000000002,4.0,4.2,0.0,4.4,1.0,0.0,5.0,2.0729774274216326,far,non_dense,0.0,0.0,120,2,1,1
17,93.0,-0.31314676,-0.19726066,-0.24854304333333332,-173.13666666666666,28.439999999999998,-6.866271487782403,1.9351273850042972,-0.5,-10.333333333333334,-12.26846071833763,7.400000000000001,1.1,4.0,3.5,0.0,3.9,2.0,0.0,5.0,2.3513781741235262,far,non_dense,0.0,0.0,120,2,1,1
17,94.0,-0.29691773666666665,-0.1973234,-0.2793912,-153.70333333333335,173.16333333333338,-7.937314791488306,2.891415109128945,-0.5,-8.0,-10.891415109128944,2.9,3.7000000000000006,4.0,1.8,1.1,0.0,1.0,1.0,0.0,2.7006096941159305,far,non_dense,0.0,0.0,120,2,1,1
17,95.0,-0.3130171666666667,-0.11859443666666665,-0.25450373666666665,249.35333333333332,-94.16666666666667,11.651214361563722,20.330827814328472,0.5,38.0,17.669172185671524,7.2,2.3,4.0,1.8,0.0,5.400000000000001,1.0,0.0,2.0,4.383630686327542,far,non_dense,0.0,0.0,120,2,1,1
17,96.0,-0.28701578666666666,-0.20690963333333334,-0.28589190999999997,-170.90666666666667,-14.373333333333335,-11.308083630869385,-2.889557036818561,-0.5,-15.0,-12.11044296318144,4.2,3.6,4.0,0.0,0.0,4.2,0.0,0.0,4.0,5.127043372269285,far,non_dense,0.0,0.0,120,2,1,1
18,2.0,-0.34780670333333336,-0.12816303333333334,-0.23581507666666668,255.00666666666666,-225.76666666666668,9.819258002974777,-0.9490950026879723,0.5,19.333333333333332,20.282428336021308,3.1,0.6999999999999998,1.0,0.6,0.0,2.5,1.0,0.0,3.0,1.4555334333041874,near,dense,0.0,0.0,117,2,3,1
18,4.0,-0.3296140733333333,-0.11386919666666667,-0.24385409333333333,337.48333333333335,-258.67,12.00797524253933,-6.842363034698138,0.5,20.0,26.84236303469814,1.0,0.9,1.0,0.0,0.5,0.5,0.0,1.0,1.0,1.857497821407588,near,dense,0.0,0.0,117,2,3,1
18,5.0,-0.33026101,-0.07014473333333333,-0.23576198666666667,460.2633333333334,-189.6966666666667,15.19381236077023,-1.6078981230488907,0.5,35.0,36.60789812304889,2.0,0.9,1.0,0.0,0.0,2.0,0.0,0.0,3.0,2.382352238533909,near,dense,0.0,0.0,117,2,3,1
18,6.0,-0.36627245999999997,-0.10941651333333334,-0.24600012333333332,589.2633333333333,453.3733333333333,10.769857353957361,-20.53481911775958,0.5,26.333333333333332,46.86815245109292,5.2,1.3999999999999997,1.0,0.5,0.0,4.7,1.0,0.0,2.0,1.6124491522498265,near,dense,0.0,0.0,117,2,3,1
18,7.0,-0.37407404333333333,-0.08586915333333334,-0.23207328333333332,351.93666666666667,-193.83,12.824763534450645,-2.991935716000436,0.5,25.0,27.991935716000437,0.4000000000000001,1.1,1.0,0.0,0.0,0.4000000000000001,0.0,0.0,1.0,1.5872919416266853,near,dense,0.0,0.0,117,2,3,1
18,8.0,-0.3506512933333334,-0.11226123333333334,-0.24668469,346.41333333333324,-175.15666666666667,12.975422430546928,-9.885960485468933,0.5,17.666666666666668,27.5526271521356,3.2999999999999994,0.6,1.0,0.6,0.0,2.7000000000000006,1.0,0.0,4.0,1.9902650432173512,near,dense,0.0,0.0,117,2,3,1
18,9.0,-0.32864795333333335,-0.07554869,-0.22480265666666668,462.09999999999997,-231.26,15.303883033277957,4.246019186130648,0.5,41.0,36.753980813869354,1.5,0.9,1.0,0.0,0.0,1.5,0.0,0.0,2.0,2.4086044930335144,near,dense,0.0,0.0,117,2,3,1
18,11.0,-0.29764540666666667,-0.06085322666666667,-0.24341816666666669,645.3966666666666,140.09333333333333,23.981910880027865,-7.7097239083498295,0.5,42.666666666666664,50.3763905750165,3.1,0.6,1.0,0.5,0.6999999999999998,1.8999999999999997,1.0,1.0,4.0,4.0590857070492445,near,dense,0.0,0.0,117,2,3,1
18,12.0,-0.3355660733333334,-0.10769122999999999,-0.24954257666666668,613.32,-280.3433333333333,13.650333594638786,-27.86451702215425,0.5,15.666666666666666,43.53118368882091,0.6,0.6999999999999998,1.0,0.0,0.0,0.6,0.0,0.0,1.0,2.098913437001554,near,dense,0.0,0.0,117,2,3,1
18,13.0,-0.3495625566666667,-0.11830574666666667,-0.22989784666666666,259.22999999999996,-171.43666666666664,10.530983022266717,-0.2850056547197977,0.5,20.333333333333332,20.61833898805313,3.4,0.6999999999999998,1.0,0.5,0.0,2.9,1.0,0.0,5.0,1.687278244081211,near,dense,0.0,0.0,117,2,3,1
18,14.0,-0.35792150333333334,-0.09860463000000001,-0.2216699666666667,305.36,-218.64000000000001,11.715561990142703,-5.620707454352908,0.5,18.666666666666668,24.28737412101957,2.3,0.8000000000000002,1.0,0.0,1.0,1.3,0.0,1.0,2.0,1.8525349606141257,near,dense,0.0,0.0,117,2,3,1
18,15.0,-0.33975299333333336,-0.09346015666666667,-0.22766045666666668,377.9766666666667,-206.4333333333333,13.404959794564405,-6.729742093537388,0.5,23.333333333333332,30.06307542687072,1.3999999999999997,0.8000000000000002,1.0,0.0,0.0,1.3999999999999997,0.0,0.0,2.0,2.2187742057309836,near,dense,0.0,0.0,117,2,3,1
18,16.0,-0.3393390166666667,-0.06053616666666667,-0.23804985333333337,494.1933333333334,-240.89333333333332,16.861253037998292,2.0267497114430975,0.5,41.333333333333336,39.30658362189023,0.6,0.8000000000000002,1.0,0.0,0.0,0.6,0.0,0.0,1.0,2.8284203040488656,near,dense,0.0,0.0,117,2,3,1
18,17.0,-0.36013740333333333,-0.11425204,-0.22546948666666666,267.31666666666666,-185.03333333333333,10.648485828876277,-1.9281936908912412,0.5,19.333333333333332,21.261527024224574,0.8000000000000002,1.1,1.0,0.4000000000000001,0.0,0.4000000000000001,1.0,0.0,1.0,1.3338786899901562,near,dense,0.0,0.0,117,2,3,1
18,19.0,-0.31263259,-0.09726272666666667,-0.24539714999999998,372.26,-286.5133333333333,14.45474015507878,-0.27505640432303186,0.5,29.333333333333332,29.608389737656363,0.4000000000000001,0.6999999999999998,1.0,0.0,0.0,0.4000000000000001,0.0,0.0,1.0,2.882840632846708,near,dense,0.0,0.0,117,2,3,1
18,20.0,-0.27666157666666663,-0.3085263166666667,-0.27804605,-327.56666666666666,-40.14666666666667,-14.158666570242852,1.386955886741266,-0.5,-24.666666666666668,-26.053622553407934,1.1,1.1,1.0,0.4000000000000001,0.0,0.6999999999999998,1.0,0.0,1.0,2.1260657633329836,near,dense,0.0,0.0,117,2,3,1
18,21.0,-0.25571815,-0.3134744366666667,-0.26625088,-497.93,-101.23000000000002,-16.918789184935203,8.937119671030736,-0.5,-30.666666666666668,-39.60378633769741,0.6,0.6,1.0,0.0,0.0,0.6,0.0,0.0,1.0,2.519208141907606,near,dense,0.0,0.0,117,2,3,1
18,22.0,-0.34419293333333334,-0.09868218,-0.25557308666666667,321.9866666666666,-239.06333333333336,13.187978510976187,2.723526432254752,0.5,28.333333333333332,25.60980690107858,1.0,0.6,1.0,0.0,0.0,1.0,0.0,0.0,2.0,2.1346772124959594,near,dense,0.0,0.0,117,2,3,1
18,23.0,-0.2729791,-0.3099846766666667,-0.26722768999999996,-462.3966666666667,-101.68666666666665,-14.099166645123296,10.777576747595345,-0.5,-26.0,-36.77757674759534,0.5,0.6,1.0,0.0,0.0,0.5,0.0,0.0,1.0,2.142347698956021,near,dense,0.0,0.0,117,2,3,1
18,24.0,-0.33407370999999997,-0.18982339,-0.24566233333333334,39.9533333333333,-217.95666666666668,3.832595864794231,4.822237509665745,0.5,8.0,3.177762490334255,8.1,0.6,1.0,1.7,0.0,6.400000000000001,1.0,0.0,2.0,1.167756143126337,near,dense,0.0,0.0,117,2,3,1
18,25.0,-0.3169675,-0.06467046666666666,-0.24107571333333333,602.59,-195.78333333333333,18.851847971252422,-4.261446942139941,0.5,43.666666666666664,47.928113608806605,3.6,0.6999999999999998,2.0,0.6999999999999998,0.4000000000000001,2.5,1.0,1.0,4.0,3.179549905805985,far,dense,0.0,0.0,117,2,3,1
18,26.0,-0.3508697766666667,-0.11243484666666666,-0.23761212,366.73333333333335,-244.38333333333333,12.802806825816013,-5.168816050940676,0.5,24.0,29.168816050940677,4.2,0.6999999999999998,2.0,0.0,0.0,4.2,0.0,0.0,3.0,2.1957084699124763,far,dense,0.0,0.0,117,2,3,1
18,27.0,-0.31953198666666666,-0.11649456333333334,-0.2370556566666667,369.46000000000004,-215.65333333333334,14.016592570319373,-4.385686542939125,0.5,25.0,29.385686542939123,2.2,0.8000000000000002,2.0,0.0,0.0,2.2,0.0,0.0,3.0,2.350842107402542,far,dense,0.0,0.0,117,2,3,1
18,28.0,-0.24995489,-0.31113707333333335,-0.27811235333333334,-498.26,-102.13333333333333,-17.512746327185653,9.296700166598598,-0.5,-30.333333333333332,-39.63003349993193,1.0,0.6999999999999998,2.0,0.0,0.0,1.0,0.0,0.0,2.0,2.0735035940033812,far,dense,0.0,0.0,117,2,3,1
18,29.0,-0.34078600000000003,-0.12370888666666667,-0.2581260633333333,259.77,-229.38666666666666,11.223894337048685,1.3387111101085407,0.5,22.0,20.661288889891463,5.5,0.8000000000000002,2.0,0.8000000000000002,0.9,3.7999999999999994,1.0,1.0,5.0,1.9999139322461004,far,dense,0.0,0.0,117,2,3,1
18,30.0,-0.33284873,-0.10458884,-0.23967977333333335,338.52666666666664,-247.15333333333334,13.367785787334833,-6.925346487015389,0.5,20.0,26.92534648701539,3.9,0.6999999999999998,2.0,0.0,0.0,3.9,0.0,0.0,3.0,2.3333543931127974,far,dense,0.0,0.0,117,2,3,1
18,31.0,-0.33320726,-0.11166502,-0.23236414333333333,282.65333333333336,-257.6033333333333,12.463743571341633,-0.48135726100314474,0.5,22.0,22.481357261003144,6.400000000000001,0.9,2.0,1.3,0.9,4.2,2.0,1.0,4.0,3.48941077609969,far,dense,0.0,0.0,117,2,3,1
18,32.0,-0.35773805666666664,-0.12153943,-0.23457533,277.94666666666666,-218.3066666666667,10.654365713745934,-2.44033712893084,0.5,19.666666666666668,22.107003795597507,2.1,0.8000000000000002,2.0,0.0,0.8000000000000002,1.3,0.0,1.0,2.0,1.8446758416454443,far,dense,0.0,0.0,117,2,3,1
18,33.0,-0.37203911333333334,-0.10559159666666666,-0.22455926666666667,322.55333333333334,-263.19,12.285806734240872,-7.988211119057072,0.5,17.666666666666668,25.654877785723738,5.0,0.6999999999999998,2.0,0.4000000000000001,0.6,4.0,1.0,1.0,5.0,2.1552912107685764,far,dense,0.0,0.0,117,2,3,1
18,34.0,-0.34151562999999996,-0.10099027666666667,-0.24960499666666666,409.79999999999995,-222.25666666666666,14.021529426479013,-10.2608699506391,0.5,22.333333333333332,32.59420328397243,1.2,0.6999999999999998,2.0,0.0,0.0,1.2,0.0,0.0,2.0,2.436206146129846,far,dense,0.0,0.0,117,2,3,1
18,35.0,-0.30966456666666664,-0.05917795,-0.23137586,555.2466666666667,-201.16,18.270781405278314,0.8374262418706332,0.5,45.0,44.16257375812936,1.5,0.9,2.0,0.0,0.0,1.5,0.0,0.0,3.0,3.2537058796312373,far,dense,0.0,0.0,117,2,3,1
18,36.0,-0.32600012666666667,-0.09089005,-0.22500723999999997,415.0466666666666,-294.7966666666667,15.188134163171535,4.655160015450278,0.5,37.666666666666664,33.011506651216386,0.4000000000000001,0.8000000000000002,2.0,0.4000000000000001,0.0,0.0,1.0,0.0,0.0,3.638383007130507,far,dense,0.0,0.0,117,2,3,1
18,37.0,-0.33239989333333336,-0.11410818,-0.23798260000000002,343.95,-196.37,13.831084934194743,17.64329863464539,0.5,45.0,27.35670136535461,1.6000000000000003,0.6,2.0,0.0,0.0,1.6000000000000003,0.0,0.0,2.0,2.511435376000056,far,dense,0.0,0.0,117,2,3,1
18,38.0,-0.34273467333333335,-0.09911295999999999,-0.2538494233333333,423.71333333333337,-59.946666666666665,15.899367108578593,8.632507269896921,0.5,42.333333333333336,33.70082606343641,1.8,1.0,2.0,0.0,0.0,1.8,0.0,0.0,4.0,3.1361844189257497,far,dense,0.0,0.0,117,2,3,1
18,39.0,-0.3334177266666667,-0.10710109666666667,-0.23342527333333332,355.8066666666667,-198.68666666666664,13.606036172806583,15.36692332082491,0.5,43.666666666666664,28.299743345841758,4.8,0.8000000000000002,2.0,0.0,0.0,4.8,0.0,0.0,3.0,2.4682167392146535,far,dense,0.0,0.0,117,2,3,1
18,40.0,-0.3274751966666667,-0.0936451,-0.23354959333333333,426.5333333333333,-250.00333333333333,15.988817104582404,6.074880004741234,0.5,40.0,33.92511999525877,2.4,0.8000000000000002,2.0,0.0,0.0,2.4,0.0,0.0,2.0,2.969923218518027,far,dense,0.0,0.0,117,2,3,1
18,41.0,-0.34910069,-0.09612561666666668,-0.23415251333333334,345.29999999999995,-173.63,14.015628546684491,6.535923880049585,0.5,34.0,27.464076119950416,5.400000000000001,0.6999999999999998,2.0,0.0,0.6999999999999998,4.7,0.0,1.0,2.0,3.5102914958091334,far,dense,0.0,0.0,117,2,3,1
18,42.0,-0.2774891466666667,-0.24685509333333333,-0.26635436333333334,-382.19000000000005,-109.13666666666667,-14.896696134064833,15.398190710349985,-0.5,-15.0,-30.398190710349983,1.6000000000000003,0.6,2.0,0.0,0.0,1.6000000000000003,0.0,0.0,2.0,1.932141494616139,far,dense,0.0,0.0,117,2,3,1
18,44.0,-0.23228995,-0.29364632333333335,-0.26436070333333334,-434.43333333333334,-123.40666666666668,-15.81646080326218,6.22012781844906,-0.5,-28.333333333333332,-34.55346115178239,2.7999999999999994,0.9,2.0,0.0,0.0,2.7999999999999994,0.0,0.0,2.0,2.0257066386919127,far,dense,0.0,0.0,117,2,3,1
18,45.0,-0.24645008666666668,-0.28325559666666666,-0.26458240666666666,-382.1033333333333,-124.43,-13.531508125639737,5.057964182894452,-0.5,-25.333333333333332,-30.391297516227784,0.4000000000000001,0.8000000000000002,2.0,0.0,0.0,0.4000000000000001,0.0,0.0,1.0,1.8052625778561415,far,dense,0.0,0.0,117,2,3,1
18,46.0,-0.2855234833333333,-0.29613559333333334,-0.2558995366666667,-278.71,-121.52999999999999,-9.729977712298506,6.1677169284430375,-0.5,-16.0,-22.16771692844304,5.0,1.0,2.0,1.1,0.0,3.9,1.0,0.0,6.0,2.00857970337354,far,dense,0.0,0.0,117,2,3,1
18,47.0,-0.27218917000000004,-0.30103742,-0.26164380666666665,-298.59666666666664,-114.17666666666666,-10.729655074802281,2.7494398566371117,-0.5,-21.0,-23.74943985663711,2.1,0.8000000000000002,2.0,0.0,0.4000000000000001,1.7,0.0,1.0,3.0,1.4858664356858053,far,dense,0.0,0.0,117,2,3,1
18,48.0,-0.2989941233333333,-0.24576781333333333,-0.2472465,-162.33,-149.61666666666667,-4.630924672021966,0.24455104706502104,-0.5,-12.666666666666666,-12.911217713731688,7.599999999999999,0.9,2.0,1.5,0.4000000000000001,5.7,1.0,1.0,3.0,1.2587838653787324,far,dense,0.0,0.0,117,2,3,1
18,50.0,-0.32771883333333335,-0.08096215333333333,-0.25749679333333336,371.93333333333334,-147.54666666666665,14.589194705254087,7.7509256350606455,0.5,37.333333333333336,29.58240769827269,3.2999999999999994,0.5,3.0,1.2,0.0,2.1,1.0,0.0,2.0,5.3848388978528945,near,non_dense,0.0,0.0,117,2,3,1
18,51.0,-0.2933396466666667,-0.1850212,-0.24322278,-433.31333333333333,-94.02333333333333,-14.806036974096607,19.797713207228835,-0.5,-14.666666666666666,-34.4643798738955,2.4,0.6,3.0,0.0,0.0,2.4,0.0,0.0,3.0,4.323662359631986,near,non_dense,0.0,0.0,117,2,3,1
18,52.0,-0.29463251333333335,-0.15279634,-0.24441072333333333,-262.31,-117.52,-11.80894558326961,9.529979168908758,-0.5,-11.333333333333334,-20.863312502242092,4.6,0.6999999999999998,3.0,0.0,0.5,4.1,0.0,1.0,4.0,4.325289694539664,near,non_dense,0.0,0.0,117,2,3,1
18,53.0,-0.25961995,-0.20766168666666665,-0.24302640333333334,-443.93333333333334,-162.14333333333335,-15.63778496315508,20.309061276715866,-0.5,-15.0,-35.30906127671587,5.599999999999999,0.6999999999999998,3.0,0.0,0.0,5.599999999999999,0.0,0.0,2.0,4.426317815948717,near,non_dense,0.0,0.0,117,2,3,1
18,54.0,-0.36097018666666664,-0.14607461333333335,-0.23709647,158.57000000000002,-169.73,7.138815387121948,1.3878408620314573,0.5,14.0,12.612159137968542,6.8,0.6999999999999998,3.0,0.0,0.0,6.8,0.0,0.0,6.0,3.801740579255629,near,non_dense,0.0,0.0,117,2,3,1
18,55.0,-0.29451936333333334,-0.19677236,-0.22766262333333334,-136.89000000000001,-123.77999999999999,-7.5006094132575605,1.5544667826817626,-0.5,-9.333333333333334,-10.887800116015095,10.5,1.0,3.0,2.9,0.0,7.599999999999999,1.0,0.0,4.0,2.922586709766558,near,non_dense,0.0,0.0,117,2,3,1
18,56.0,-0.32973977,-0.11337767666666666,-0.21744956333333332,228.62333333333333,-196.04,11.006848556075417,3.4826856951535903,0.5,21.666666666666668,18.183980971513076,5.5,0.8000000000000002,3.0,1.3999999999999997,0.0,4.1,1.0,0.0,6.0,4.020435550184165,near,non_dense,0.0,0.0,117,2,3,1
18,57.0,-0.4042248433333333,-0.14568311,-0.21637229000000002,187.01,-180.67666666666665,7.02513924111559,-5.874187301453599,0.5,9.0,14.874187301453597,9.5,1.1,3.0,3.6,0.0,5.900000000000001,1.0,0.0,6.0,2.555340326528867,near,non_dense,0.0,0.0,117,2,3,1
18,58.0,-0.36753852000000004,-0.11941291,-0.21432673666666666,242.0966666666667,-147.81,10.720473895191821,1.7443924653356586,0.5,21.0,19.25560753466434,10.699999999999998,1.0,3.0,1.6000000000000003,0.0,9.1,1.0,0.0,5.0,5.876333786110782,near,non_dense,0.0,0.0,117,2,3,1
18,59.0,-0.38894663333333335,-0.14920851,-0.21583222333333332,115.37666666666667,-167.54666666666665,7.184343815245771,3.1566360967289917,0.5,12.333333333333334,9.176697236604342,9.3,0.8000000000000002,3.0,1.7,1.6000000000000003,6.0,1.0,1.0,6.0,2.5485343303067998,near,non_dense,0.0,0.0,117,2,3,1
18,60.0,-0.36586004666666666,-0.10214139,-0.2297726,318.93,-223.04666666666665,10.78216335977622,-9.033355913512269,0.5,16.333333333333332,25.3666892468456,3.4,0.6999999999999998,3.0,0.0,0.0,3.4,0.0,0.0,5.0,4.044056168118412,near,non_dense,0.0,0.0,117,2,3,1
18,61.0,-0.3713959766666666,-0.12523080666666667,-0.22156248666666667,169.01333333333335,-160.97666666666666,9.0064604577602,4.55721097030634,0.5,18.0,13.442789029693662,9.3,0.8000000000000002,3.0,0.0,1.3999999999999997,7.900000000000001,0.0,1.0,3.0,4.268885989014756,near,non_dense,0.0,0.0,117,2,3,1
18,62.0,-0.37393861999999994,-0.08488260666666668,-0.22282013999999997,424.26666666666665,-178.3166666666667,13.301387063975042,-12.411503123344813,0.5,21.333333333333332,33.744836456678144,3.5,0.8000000000000002,3.0,0.5,0.8000000000000002,2.2,1.0,1.0,2.0,5.004799883505379,near,non_dense,0.0,0.0,117,2,3,1
18,65.0,-0.25010884666666666,-0.19772625666666666,-0.22951538000000002,-197.54999999999998,-177.9333333333333,-8.82346211244239,2.7125057558534746,-0.5,-13.0,-15.712505755853476,5.1,0.8000000000000002,3.0,0.0,0.0,5.1,0.0,0.0,3.0,3.5005617407986214,near,non_dense,0.0,0.0,117,2,3,1
18,66.0,-0.36345072666666667,-0.10711406,-0.22736087333333335,294.31,-192.17999999999998,9.644987611596902,-3.4084918704390597,0.5,20.0,23.40849187043906,4.0,0.9,3.0,0.9,0.0,3.1,1.0,0.0,5.0,3.623180166013139,near,non_dense,0.0,0.0,117,2,3,1
18,67.0,-0.23824974333333335,-0.21545199666666667,-0.23880156,-345.18,-170.54999999999998,-14.272328792719657,12.787865030653014,-0.5,-14.666666666666666,-27.45453169731968,2.6,0.6999999999999998,3.0,0.5,0.5,1.6000000000000003,1.0,1.0,2.0,4.426246042430816,near,non_dense,0.0,0.0,117,2,3,1
18,68.0,-0.25390717999999995,-0.24479584666666668,-0.23520148666666665,-330.8766666666667,-125.58999999999999,-12.461391187660952,10.983556210972472,-0.5,-15.333333333333334,-26.316889544305806,3.2000000000000006,0.8000000000000002,3.0,1.8999999999999997,0.0,1.3,2.0,0.0,1.0,3.9537303893251,near,non_dense,0.0,0.0,117,2,3,1
18,69.0,-0.32417033333333334,-0.09196682333333334,-0.23007249333333335,362.8866666666667,-257.06333333333333,12.237235226344625,6.137135718944665,0.5,35.0,28.862864281055334,3.9,0.8000000000000002,3.0,0.9,0.0,3.0,1.0,0.0,5.0,4.651927517361736,near,non_dense,0.0,0.0,117,2,3,1
18,70.0,-0.3436945966666667,-0.09921822333333334,-0.24045560666666665,326.55,-253.46,10.841927337034896,-7.972760083897506,0.5,18.0,25.97276008389751,4.7,0.6999999999999998,3.0,1.1,0.0,3.6,1.0,0.0,4.0,4.058667778912831,near,non_dense,0.0,0.0,117,2,3,1
18,72.0,-0.28426826666666666,-0.20164545666666667,-0.28121935333333337,-318.54,-138.61,-13.145809931850799,15.00233653996237,-0.5,-10.333333333333334,-25.335669873295704,4.6,0.5,3.0,1.3999999999999997,0.0,3.2000000000000006,1.0,0.0,5.0,4.199697195919899,near,non_dense,0.0,0.0,117,2,3,1
18,74.0,-0.35493021999999996,-0.12957026,-0.22558307666666666,167.80000000000004,-201.53,7.106672166438308,1.9870490213504766,0.5,15.333333333333334,13.346284311982856,6.099999999999999,1.1,4.0,2.2,0.0,3.9,1.0,0.0,6.0,2.4567024291460196,far,non_dense,0.0,0.0,117,2,3,1
18,75.0,-0.2737645633333333,-0.23226837333333336,-0.25707231,-236.62,-149.25666666666666,-9.324690291540847,3.820010690711461,-0.5,-15.0,-18.82001069071146,5.5,0.8000000000000002,4.0,3.4,0.0,2.1,2.0,0.0,3.0,3.155159429257102,far,non_dense,0.0,0.0,117,2,3,1
18,76.0,-0.31022215999999997,-0.23665326666666667,-0.23846346,-186.3033333333333,-85.52333333333333,-6.514044085964554,-0.1820187429274173,-0.5,-15.0,-14.817981257072583,7.400000000000001,0.6,4.0,2.2,0.0,5.2,1.0,0.0,6.0,2.2181231318240164,far,non_dense,0.0,0.0,117,2,3,1
18,77.0,-0.25780902333333333,-0.21351008999999999,-0.23188894666666668,-180.78666666666666,-153.74000000000004,-6.899330180542368,1.379202938909459,-0.5,-13.0,-14.379202938909458,9.2,1.0,4.0,2.0,1.3,5.900000000000001,1.0,1.0,6.0,2.145770593978703,far,non_dense,0.0,0.0,117,2,3,1
18,78.0,-0.3658099066666667,-0.10302415999999999,-0.22620537333333335,199.96666666666667,-301.1066666666666,8.86591509343081,2.7619468439441506,0.5,18.666666666666668,15.904719822722518,5.8,0.8000000000000002,4.0,3.0,0.0,2.7999999999999994,2.0,0.0,3.0,3.007988338906747,far,non_dense,0.0,0.0,117,2,3,1
18,80.0,-0.27245980666666664,-0.18583547333333336,-0.23807641333333332,-336.52,-179.24,-10.972498334098715,15.43240919746804,-0.5,-11.333333333333334,-26.765742530801372,8.3,0.6999999999999998,4.0,0.5,0.9,6.900000000000001,1.0,1.0,6.0,5.215829018460664,far,non_dense,0.0,0.0,117,2,3,1
18,81.0,-0.26472255666666666,-0.20588399999999998,-0.2525536566666667,-419.67,-146.30666666666667,-13.984443859902655,14.379232045350689,-0.5,-19.0,-33.37923204535068,2.5,0.8000000000000002,4.0,0.0,0.0,2.5,0.0,0.0,2.0,4.470321905497706,far,non_dense,0.0,0.0,117,2,3,1
18,82.0,-0.37239817000000003,-0.11316621666666667,-0.23333072,235.14333333333335,-256.4533333333333,7.7344966632905,-5.702561267783204,0.5,13.0,18.702561267783206,8.2,0.6999999999999998,4.0,1.0,1.6000000000000003,5.599999999999999,1.0,1.0,5.0,2.707789136896821,far,non_dense,0.0,0.0,117,2,3,1
18,84.0,-0.3512375366666667,-0.09542162,-0.23971971,399.24,-4.646666666666666,12.045550657770052,0.24570590753256324,0.5,32.0,31.754294092467436,4.6,1.0,4.0,0.5,0.4000000000000001,3.7000000000000006,1.0,1.0,3.0,4.045372537596879,far,non_dense,0.0,0.0,117,2,3,1
18,85.0,-0.3874330033333333,-0.14964683333333334,-0.2250596,497.90666666666675,334.31666666666666,6.563518740319062,-27.268597144408094,0.5,12.333333333333334,39.601930477741426,8.8,0.6999999999999998,4.0,0.0,1.3,7.5,0.0,1.0,5.0,2.4251302041929743,far,non_dense,0.0,0.0,117,2,3,1
18,87.0,-0.36613868666666666,-0.10797728,-0.22471598666666667,215.3766666666667,-268.56666666666666,9.113217139037202,-0.1303827622198727,0.5,17.0,17.13038276221987,5.0,1.0,4.0,2.2,0.0,2.7999999999999994,1.0,0.0,4.0,3.4385146342306263,far,non_dense,0.0,0.0,117,2,3,1
18,88.0,-0.3533573333333333,-0.08387418666666667,-0.23413467666666665,248.59666666666666,-261.37666666666667,11.319279489401277,2.8940695728373185,0.5,22.666666666666668,19.772597093829347,5.3,0.6,4.0,0.0,0.0,5.3,0.0,0.0,3.0,4.36914068122512,far,non_dense,0.0,0.0,117,2,3,1
18,89.0,-0.38765483333333334,-0.12317866666666666,-0.23052184333333334,149.10000000000002,-237.28333333333333,6.868352641158047,1.1410548813072463,0.5,13.0,11.858945118692754,3.0,0.6,4.0,0.0,0.0,3.0,0.0,0.0,6.0,3.304693381383761,far,non_dense,0.0,0.0,117,2,3,1
18,90.0,-0.42086416333333326,-0.16780403,-0.22937971333333332,44.126666666666665,-241.89000000000001,5.3483514814560325,2.4903037003967214,0.5,6.0,3.5096962996032786,9.0,1.0,4.0,4.4,0.0,4.6,2.0,0.0,4.0,2.1259454481803566,far,non_dense,0.0,0.0,117,2,3,1
18,91.0,-0.27455942666666666,-0.1988795733333333,-0.23851976333333336,-379.3666666666666,-203.42999999999998,-8.523072248767615,17.173631655676772,-0.5,-13.0,-30.173631655676772,6.5,0.8000000000000002,4.0,0.0,0.0,6.5,0.0,0.0,4.0,2.8500303925832946,far,non_dense,0.0,0.0,117,2,3,1
18,92.0,-0.28170973,-0.21056096666666668,-0.22039922666666667,-245.25,-176.5233333333333,-5.783797637966707,6.50641375157208,-0.5,-13.0,-19.50641375157208,9.7,1.1,4.0,0.5,0.6999999999999998,8.5,1.0,1.0,6.0,1.9372964644549855,far,non_dense,0.0,0.0,117,2,3,1
18,93.0,-0.30467527,-0.23474032,-0.25093787,-229.53666666666666,-203.20333333333335,-5.918129599439347,6.9232912993136955,-0.5,-11.333333333333334,-18.25662463264703,9.4,0.6999999999999998,4.0,0.8000000000000002,1.7,6.900000000000001,1.0,1.0,5.0,2.221311238146537,far,non_dense,0.0,0.0,117,2,3,1
18,94.0,-0.28353773666666665,-0.18699201666666668,-0.25668939333333335,-271.59999999999997,-223.9433333333333,-7.286847112685742,14.602209887571775,-0.5,-7.0,-21.602209887571775,5.5,0.8000000000000002,4.0,0.0,1.3999999999999997,4.1,0.0,1.0,4.0,2.494351278822458,far,non_dense,0.0,0.0,117,2,3,1
18,96.0,-0.29693864,-0.23787226333333333,-0.29072877,-265.9533333333333,-148.68666666666664,-10.81391890363406,8.819758444892015,-0.5,-12.333333333333334,-21.153091778225345,7.099999999999999,0.8000000000000002,4.0,1.8999999999999997,0.0,5.2,1.0,0.0,5.0,4.853093735429532,far,non_dense,0.0,0.0,117,2,3,1
23,1.0,-0.402846545,-0.24633116166666666,-0.3208040833333333,-217.37333333333333,-123.33999999999999,-13.351318746312588,6.734899406045393,-0.5,-10.5,-17.23489940604539,1.5,0.5,1.0,1.0,0.0,0.5,2.0,0.0,1.0,1.824776017671093,near,dense,99.0,99.0,112,2,4,1
23,2.0,-0.46119344333333334,-0.08248095666666667,-0.22320766666666667,368.3333333333333,-197.91,12.046908578693282,-17.537412097487408,0.5,11.666666666666666,29.204078764154076,3.2000000000000006,2.1,1.0,1.1,0.9,1.2,2.0,1.0,3.0,1.7956391730700147,near,dense,99.0,99.0,112,2,4,1
23,4.0,-0.4457702733333333,-0.04261376,-0.22112079666666665,343.8733333333334,-198.23333333333335,14.243027337494338,-5.264716501969802,0.5,22.0,27.2647165019698,2.1,3.0,1.0,0.0,0.0,2.1,0.0,0.0,3.0,2.223953562918096,near,dense,99.0,99.0,112,2,4,1
23,5.0,-0.43814402999999996,-0.01854627,-0.21467702,154.23000000000002,-66.64666666666666,17.707093527710043,13.771551852138957,0.5,26.0,12.228448147861045,0.6,1.8,1.0,0.0,0.0,0.6,0.0,0.0,1.0,2.7822958707931686,near,dense,99.0,99.0,112,2,4,1
23,6.0,-0.4643833533333333,-0.06415352333333334,-0.21597272999999997,356.40000000000003,-164.63666666666666,12.730855952235421,-13.257919470256596,0.5,15.0,28.257919470256596,5.3,2.0,1.0,2.4,0.0,2.9,3.0,0.0,5.0,1.9097352693753749,near,dense,99.0,99.0,112,2,4,1
23,7.0,-0.4551880366666667,-0.05070499333333334,-0.21743532666666665,395.63000000000005,-196.97666666666666,14.100951306407845,-9.035018743034845,0.5,22.333333333333332,31.368352076368183,5.5,2.1,1.0,1.8,1.7,2.0,2.0,2.0,3.0,1.767326428078771,near,dense,99.0,99.0,112,2,4,1
23,8.0,-0.4541659633333333,-0.04031712666666667,-0.21180539333333334,431.43666666666667,-226.49666666666667,14.908885441857445,-12.207358538671732,0.5,22.0,34.207358538671734,5.0,1.7,1.0,1.1,2.4,1.5,1.0,1.0,2.0,2.31880282097544,near,dense,99.0,99.0,112,2,4,1
23,9.0,-0.4474542833333333,-0.012897126666666666,-0.21618234333333333,269.81333333333333,-191.93666666666664,16.50406302748001,1.6072855069168537,0.5,23.0,21.392714493083144,2.2,0.9,1.0,0.0,0.5,1.7,0.0,1.0,3.0,2.6249992626865595,near,dense,99.0,99.0,112,2,4,1
23,11.0,-0.3708881533333333,0.019334803333333334,-0.18223728333333333,654.87,-259.4633333333333,24.39503936250232,-8.906001656533478,0.5,40.666666666666664,49.57266832320014,0.6,0.8000000000000002,1.0,0.0,0.0,0.6,0.0,0.0,1.0,4.052485022055223,near,dense,99.0,99.0,112,2,4,1
23,12.0,-0.4479856766666666,-0.04622211666666667,-0.2113271333333333,450.0366666666667,-207.96333333333334,15.093239139944018,-13.34876511035179,0.5,22.333333333333332,35.68209844368513,1.2,1.2,1.0,0.6999999999999998,0.0,0.5,1.0,0.0,1.0,2.3367950635751806,near,dense,99.0,99.0,112,2,4,1
23,13.0,-0.47218150666666664,-0.06788351333333333,-0.21873635,359.2966666666666,-117.47333333333334,12.678796801422274,-13.487587745786463,0.5,15.0,28.487587745786467,5.0,1.8999999999999997,1.0,1.8999999999999997,0.6999999999999998,2.4,1.0,1.0,4.0,1.982907808182107,near,dense,99.0,99.0,112,2,4,1
23,14.0,-0.45642175,-0.08750903333333333,-0.20885507,387.58666666666664,-207.85333333333332,13.07107685017717,-19.063952902390163,0.5,11.666666666666666,30.73061956905683,3.7000000000000006,1.2,1.0,0.9,0.4000000000000001,2.4,1.0,1.0,4.0,2.0892905119867704,near,dense,99.0,99.0,112,2,4,1
23,15.0,-0.41405365666666666,-0.049561136666666665,-0.19330831333333334,494.9166666666667,-256.5733333333333,15.162333487670239,-13.907169784384102,0.5,25.333333333333332,39.24050311771743,1.8,1.1,1.0,0.5,0.9,0.4000000000000001,1.0,2.0,1.0,2.4511562659241406,near,dense,99.0,99.0,112,2,4,1
23,17.0,-0.4361909033333333,-0.058626160000000004,-0.20314292333333336,243.28999999999996,-144.91666666666666,12.94130161823736,-0.9564231984251611,0.5,18.333333333333332,19.289756531758496,3.6,2.1,1.0,1.3999999999999997,1.1,1.1,2.0,1.0,2.0,1.6336030725106514,near,dense,99.0,99.0,112,2,4,1
23,19.0,-0.4223470866666667,-0.025220013333333333,-0.21648339333333333,293.7966666666667,-191.82666666666668,16.716804307420002,3.039050091760695,0.5,26.333333333333332,23.29428324157264,1.1,1.8999999999999997,1.0,0.6999999999999998,0.0,0.4000000000000001,1.0,0.0,1.0,3.3795645840347692,near,dense,99.0,99.0,112,2,4,1
23,20.0,-0.3818237,-0.3440006666666667,-0.24990590333333332,-39.25333333333333,-107.33666666666666,-17.797647621597452,-20.88771736174952,-0.5,-24.0,-3.1122826382504827,0.8000000000000002,2.5,1.0,0.4000000000000001,0.0,0.4000000000000001,1.0,0.0,1.0,2.7285815193505356,near,dense,99.0,99.0,112,2,4,1
23,22.0,-0.44116306,-0.02909753333333333,-0.22190040666666666,446.3966666666667,-111.67666666666668,16.970032890551835,-10.393493430015837,0.5,25.0,35.39349343001584,0.6999999999999998,1.1,1.0,0.0,0.6999999999999998,0.0,0.0,1.0,0.0,2.7955851368876594,near,dense,99.0,99.0,112,2,4,1
23,23.0,-0.3839620533333334,-0.34739085999999997,-0.24923220999999998,-473.79333333333335,-146.13666666666666,-14.683438947056798,16.56569545139667,-0.5,-21.0,-37.56569545139667,0.9,1.3999999999999997,1.0,0.0,0.0,0.9,0.0,0.0,2.0,2.29054399599173,near,dense,99.0,99.0,112,2,4,1
23,24.0,-0.4960583566666667,-0.1666810333333333,-0.23163847333333334,64.75,-185.4333333333333,4.4864597417116325,-3.1338391854632843,0.5,2.0,5.133839185463285,7.5,1.5,1.0,2.7999999999999994,1.0,3.7000000000000006,2.0,1.0,3.0,1.242815813225512,near,dense,99.0,99.0,112,2,4,1
23,25.0,-0.45581261333333334,-0.025701563333333333,-0.21429022666666667,222.32000000000002,-136.44333333333333,16.535807187425974,4.706227113839934,0.5,22.333333333333332,17.6271062194934,3.7000000000000006,1.5,2.0,1.0,0.8000000000000002,1.8999999999999997,2.0,1.0,4.0,2.8223753689652633,far,dense,99.0,99.0,112,2,4,1
23,26.0,-0.44433218333333335,-0.04592026,-0.20719846666666666,423.84,-260.43666666666667,15.445355926947016,-10.938374265638481,0.5,22.666666666666668,33.60504093230515,1.8999999999999997,1.3,2.0,0.0,0.0,1.8999999999999997,0.0,0.0,3.0,2.62767966148221,far,dense,99.0,99.0,112,2,4,1
23,27.0,-0.4504354,-0.036215203333333335,-0.21198859,37.116666666666674,-113.35666666666667,16.563303190941486,22.3904607809455,0.5,25.333333333333332,2.9428725523878345,2.3,1.8999999999999997,2.0,1.8,0.0,0.5,4.0,0.0,1.0,2.8023296929581587,far,dense,99.0,99.0,112,2,4,1
23,29.0,-0.4404312266666666,-0.10172002666666667,-0.26260669,393.50666666666666,-192.46666666666667,12.701839963820582,-9.866665818394424,0.5,21.333333333333332,31.199999151727756,6.2,1.1,2.0,0.6,2.2,3.4,1.0,1.0,6.0,2.2337187556491958,far,dense,99.0,99.0,112,2,4,1
23,30.0,-0.45608957666666666,-0.04048347333333333,-0.21133447000000002,438.3866666666667,-238.41,15.161527960258647,-10.091737159093405,0.5,24.666666666666668,34.75840382576007,4.7,2.7999999999999994,2.0,0.6,1.7,2.4,1.0,2.0,4.0,2.6700434003927307,far,dense,99.0,99.0,112,2,4,1
23,31.0,-0.45357010666666664,-0.061139196666666666,-0.20873543333333333,413.7033333333334,-273.93,14.249333720718658,-10.468000779770078,0.5,22.333333333333332,32.801334113103415,9.2,2.5,2.0,1.6000000000000003,3.6,4.0,2.0,1.0,5.0,3.9599801588229924,far,dense,99.0,99.0,112,2,4,1
23,32.0,-0.44355028999999996,-0.05458748,-0.20684565666666666,58.47333333333332,-128.24,14.019615032188932,21.030486126569013,0.5,25.666666666666668,4.636180540097654,4.3,3.0,2.0,2.7999999999999994,0.0,1.5,4.0,0.0,1.0,2.4294982536960257,far,dense,99.0,99.0,112,2,4,1
23,33.0,-0.4321779233333333,-0.033506023333333336,-0.19941717333333334,424.84666666666664,-244.4766666666667,16.0108225433659,-9.018189937916986,0.5,24.666666666666668,33.68485660458365,4.5,2.4,2.0,1.6000000000000003,0.0,2.9,3.0,0.0,3.0,2.7535218527033707,far,dense,99.0,99.0,112,2,4,1
23,34.0,-0.4478975733333333,-0.0050681066666666665,-0.21120841999999998,150.26,-116.16333333333334,18.51262012943857,15.752988272725153,0.5,27.666666666666668,11.913678393941515,1.0,2.4,2.0,0.5,0.0,0.5,1.0,0.0,1.0,3.2155469419876312,far,dense,99.0,99.0,112,2,4,1
23,35.0,-0.4293108666666667,0.0126469,-0.20331435,244.87999999999997,-165.46666666666667,20.404500419322435,11.250843659157027,0.5,30.666666666666668,19.41582300750964,0.4000000000000001,1.8,2.0,0.4000000000000001,0.0,0.0,1.0,0.0,0.0,3.6187084277848687,far,dense,99.0,99.0,112,2,4,1
23,37.0,-0.4400470033333333,-0.026370326666666666,-0.20599722666666667,12.53666666666667,-143.59666666666666,15.935128649546625,25.672670827463197,0.5,26.666666666666668,0.993995839203471,1.8,1.8,2.0,1.3,0.0,0.5,3.0,0.0,1.0,2.880310851039086,far,dense,99.0,99.0,112,2,4,1
23,39.0,-0.47209375,-0.03376477666666667,-0.21950938,137.63666666666668,-45.35,14.78031206310145,11.087188993206462,0.5,22.0,10.912811006793538,3.1,1.6000000000000003,2.0,1.2,0.6999999999999998,1.2,1.0,1.0,2.0,2.6444692996737715,far,dense,99.0,99.0,112,2,4,1
23,40.0,-0.44732437666666663,-0.00391927,-0.21074395999999998,330.46,-159.16333333333333,17.580980995220127,0.465454354262081,0.5,26.666666666666668,26.20121231240459,0.4000000000000001,1.8999999999999997,2.0,0.4000000000000001,0.0,0.0,1.0,0.0,0.0,3.2459945171774707,far,dense,99.0,99.0,112,2,4,1
23,41.0,-0.46489943,-0.03279743333333333,-0.21965332,6.48333333333331,-92.82333333333334,15.619186753136432,21.81928868902311,0.5,22.333333333333332,0.5140446443102218,3.1,1.8,2.0,0.0,0.5,2.6,0.0,1.0,3.0,3.9438390084072297,far,dense,99.0,99.0,112,2,4,1
23,42.0,-0.36246431999999995,-0.33987129666666666,-0.24994482666666665,-214.33333333333334,-136.99333333333334,-16.461986599192212,-8.339466685956797,-0.5,-25.333333333333332,-16.99386664737654,0.5,3.6,2.0,0.5,0.0,0.0,1.0,0.0,0.0,2.173018973010184,far,dense,99.0,99.0,112,2,4,1
23,44.0,-0.37225926000000004,-0.3369087333333333,-0.27983524666666665,-506.9866666666667,-221.7833333333333,-19.1849891528376,16.19749831414279,-0.5,-24.0,-40.19749831414279,0.5,2.6,2.0,0.5,0.0,0.0,1.0,0.0,0.0,2.5096057834302865,far,dense,99.0,99.0,112,2,4,1
23,46.0,-0.48121807,-0.2856829066666667,-0.28569121,-377.95,-235.5,-11.585738933209328,21.966556295688775,-0.5,-8.0,-29.966556295688775,3.2000000000000006,3.9,2.0,1.2,2.0,0.0,1.0,3.0,0.0,2.4511046426605083,far,dense,99.0,99.0,112,2,4,1
23,47.0,-0.4870695266666667,-0.26187451333333334,-0.27986598,-271.0733333333333,-158.34333333333333,-11.777790949684324,13.492616228584055,-0.5,-8.0,-21.492616228584055,1.3999999999999997,1.5,2.0,0.8000000000000002,0.0,0.6,1.0,0.0,1.0,1.622775089687976,far,dense,99.0,99.0,112,2,4,1
23,48.0,-0.4800482,-0.27349359,-0.24052503,-59.00333333333333,-177.15,-5.063307427201605,-3.655130634651964,-0.5,-8.333333333333334,-4.678202698681369,5.3,2.7999999999999994,2.0,4.0,0.0,1.3,2.0,0.0,3.0,1.3147177557466392,far,dense,99.0,99.0,112,2,4,1
23,49.0,-0.3775878525,-0.08701962749999999,-0.3327790566666667,164.76500000000001,112.09750000000001,13.051826319571525,2.519595674756374,0.5,15.583333333333334,13.06373765857696,13.300000000000002,0.5,3.0,0.0,0.0,13.300000000000002,0.0,0.0,10.0,5.7403652271150385,near,non_dense,99.0,99.0,112,2,4,1
23,50.0,-0.3351403866666667,-0.08412087666666666,-0.22230926666666664,243.48333333333335,-110.77333333333333,16.457004531234944,18.69491463051914,0.5,38.0,19.30508536948086,2.1,1.1,3.0,0.9,0.4000000000000001,0.8000000000000002,1.0,1.0,2.0,5.816109059619549,near,non_dense,99.0,99.0,112,2,4,1
23,55.0,-0.3449703866666667,-0.28060333666666665,-0.261529,-346.1433333333334,-48.30333333333334,-11.93654102380705,13.778031533388107,-0.5,-13.666666666666666,-27.444698200054773,8.4,2.2,3.0,8.0,0.0,0.4000000000000001,6.0,0.0,1.0,4.672267807217271,near,non_dense,99.0,99.0,112,2,4,1
23,56.0,-0.41996794333333337,-0.06611633333333333,-0.22883527666666667,228.5,-59.926666666666655,13.005407905300318,-0.11710044599784804,0.5,18.0,18.11710044599785,7.599999999999999,2.0,3.0,3.1,3.7000000000000006,0.8000000000000002,1.0,2.0,1.0,4.789492315690443,near,non_dense,99.0,99.0,112,2,4,1
23,57.0,-0.41502536,-0.11384179666666668,-0.23917580000000002,270.42,-45.24333333333334,10.03835102403477,-7.774148662028033,0.5,13.666666666666666,21.4408153286947,10.699999999999998,1.5,3.0,9.3,0.0,1.3999999999999997,4.0,0.0,3.0,3.5897168947100897,near,non_dense,99.0,99.0,112,2,4,1
23,58.0,-0.38411048500000006,-0.08071776,-0.231044645,154.86333333333334,34.13999999999999,13.455306532703874,3.05467002741628,0.5,15.333333333333334,12.278663305917055,10.800000000000002,1.2,3.0,1.6000000000000003,0.9,8.3,1.0,1.0,3.0,7.232764877038118,near,non_dense,99.0,99.0,112,2,4,1
23,59.0,-0.3741461066666667,-0.12718937666666666,-0.24491688666666667,314.92,-98.44333333333333,11.351511549045592,-4.969090907893399,0.5,20.0,24.9690909078934,12.0,1.6000000000000003,3.0,7.8,2.5,1.7,2.0,1.0,2.0,4.079613308210223,near,non_dense,99.0,99.0,112,2,4,1
23,60.0,-0.39417368,-0.09144743,-0.23408026,353.3500000000001,-87.67666666666666,12.522919967129292,-13.01609384067107,0.5,15.0,28.016093840671072,5.3,1.1,3.0,0.6,2.4,2.3,1.0,1.0,3.0,4.547268835848591,near,non_dense,99.0,99.0,112,2,4,1
23,61.0,-0.4005036333333334,-0.11093001000000001,-0.22692189,186.94333333333336,-161.46,11.169268778372363,-3.822193206606816,0.5,11.0,14.822193206606817,9.8,1.3999999999999997,3.0,4.3,0.0,5.5,2.0,0.0,3.0,5.224641543535378,near,non_dense,99.0,99.0,112,2,4,1
23,62.0,-0.3823837366666667,-0.07691868333333333,-0.23042306666666668,288.93333333333334,-163.61666666666667,14.48661620048238,-0.9086836857635808,0.5,22.0,22.90868368576358,4.0,1.7,3.0,1.0,2.1,0.9,1.0,1.0,1.0,5.320281763681755,near,non_dense,99.0,99.0,112,2,4,1
23,63.0,-0.3090717966666667,-0.33756468,-0.26361954666666665,-293.67,-67.94666666666667,-17.38660235194106,-2.049093123371899,-0.5,-25.333333333333332,-23.284240209961435,2.4,1.3,3.0,1.2,1.2,0.0,2.0,1.0,0.0,4.966780172113782,near,non_dense,99.0,99.0,112,2,4,1
23,64.0,-0.38709523,-0.17438333857142857,-0.36150939214285716,-16.158571428571424,-97.93214285714285,-36.14934354015925,-3.6474052945002717,-0.5,-4.928571428571429,-1.2811661340711569,3.2,0.8,3.0,2.4,0.4,0.4,2.0,1.0,1.0,12.91585607089402,near,non_dense,99.0,99.0,112,2,4,1
23,66.0,-0.38658019666666665,-0.07684378333333335,-0.23606039666666667,344.2833333333333,-149.65666666666667,13.327931001404641,-12.297224209553434,0.5,15.0,27.297224209553434,6.5,1.5,3.0,4.1,1.7,0.6999999999999998,2.0,1.0,1.0,4.9960587468109106,near,non_dense,99.0,99.0,112,2,4,1
23,67.0,-0.28958403000000005,-0.30397614666666667,-0.23253036333333332,-321.57666666666665,-210.15333333333334,-15.800632588743909,0.163545314759304,-0.5,-25.333333333333332,-25.496878648092636,2.7000000000000006,0.9,3.0,1.7,0.0,1.0,2.0,0.0,2.0,5.220675241855048,near,non_dense,99.0,99.0,112,2,4,1
23,71.0,-0.30622559666666666,-0.2977718733333333,-0.2725104466666667,-427.27,-254.67333333333332,-14.26733108534926,11.87699565672429,-0.5,-22.0,-33.87699565672429,3.1,1.3999999999999997,3.0,2.5,0.6,0.0,4.0,1.0,0.0,4.673312416978566,near,non_dense,99.0,99.0,112,2,4,1
23,72.0,-0.30430026,-0.28948056666666666,-0.26260406666666664,-284.62666666666667,-238.64666666666668,-14.988755989704208,6.567220610982702,-0.5,-16.0,-22.5672206109827,2.9,0.8000000000000002,3.0,2.1,0.0,0.8000000000000002,3.0,0.0,1.0,4.80662548366596,near,non_dense,99.0,99.0,112,2,4,1
23,73.0,-0.38434316666666674,-0.10735338,-0.21985899333333334,86.92999999999999,-199.62333333333333,10.163667894917454,4.107573121354082,0.5,11.0,6.892426878645918,12.300000000000002,2.2,4.0,8.6,3.2000000000000006,0.5,4.0,1.0,1.0,3.322105571874592,far,non_dense,99.0,99.0,112,2,4,1
23,74.0,-0.44926114666666667,-0.10067611,-0.22469040333333334,226.51999999999998,-166.56,10.598342328912535,-10.293445337829752,0.5,7.666666666666667,17.96011200449642,8.7,2.3,4.0,5.3,2.7999999999999994,0.6,3.0,1.0,1.0,3.4656487514000207,far,non_dense,99.0,99.0,112,2,4,1
23,75.0,-0.35709178333333336,-0.2544655,-0.21776836666666666,-221.30666666666664,-204.51999999999998,-11.028588970310407,2.5467619666037797,-0.5,-15.0,-17.54676196660378,3.2000000000000006,1.3,4.0,3.2000000000000006,0.0,0.0,5.0,0.0,0.0,3.8081152780590966,far,non_dense,99.0,99.0,112,2,4,1
23,76.0,-0.35378998666666667,-0.2549234333333333,-0.22052547,-154.96666666666667,-187.29999999999998,-8.337470352659272,-1.7131436946106504,-0.5,-14.0,-12.28685630538935,8.6,2.7999999999999994,4.0,8.6,0.0,0.0,5.0,0.0,0.0,2.7674447924761822,far,non_dense,99.0,99.0,112,2,4,1
23,77.0,-0.39919397333333334,-0.27704471333333336,-0.24107327,-111.88333333333334,-174.13333333333333,-9.387574293792914,-3.4624292272805586,-0.5,-12.333333333333334,-8.870904106052775,7.0,2.5,4.0,7.0,0.0,0.0,5.0,0.0,0.0,3.00530652354632,far,non_dense,99.0,99.0,112,2,4,1
23,78.0,-0.46323967000000005,-0.08113303666666667,-0.22696387666666665,199.88333333333335,-155.69000000000003,10.420703496785544,-4.8481681727828,0.5,11.0,15.8481681727828,10.2,2.1,4.0,5.5,2.1,2.6,3.0,1.0,4.0,3.427574560611969,far,non_dense,99.0,99.0,112,2,4,1
23,81.0,-0.32161797,-0.33301161,-0.23475121,-334.4433333333333,-241.08666666666667,-16.68642003452246,2.5170392275463462,-0.5,-24.0,-26.51703922754635,3.7999999999999994,0.9,4.0,1.2,0.0,2.6,3.0,0.0,1.0,5.310336650799621,far,non_dense,99.0,99.0,112,2,4,1
23,82.0,-0.45251847333333334,-0.07445526333333334,-0.21857827666666665,120.41666666666667,-131.14333333333335,11.325144554451294,4.785846045052191,0.5,14.333333333333334,9.547487288281141,5.0,2.2,4.0,1.8999999999999997,1.3,1.8,2.0,1.0,3.0,3.715496281919329,far,non_dense,99.0,99.0,112,2,4,1
23,83.0,-0.45530708666666664,-0.07371502,-0.2100588866666667,360.2633333333333,-234.17333333333332,11.61916199522797,-16.897565267731604,0.5,11.666666666666666,28.56423193439827,7.0,1.3,4.0,1.1,3.7999999999999994,2.1,1.0,1.0,4.0,3.896684606532615,far,non_dense,99.0,99.0,112,2,4,1
23,84.0,-0.4041714066666667,-0.07280118666666667,-0.20798105666666666,438.42,-240.82333333333335,14.316767071594645,-15.42771339548232,0.5,19.333333333333332,34.76104672881565,3.2000000000000006,1.2,4.0,0.5,0.9,1.8,1.0,1.0,3.0,4.604551528598123,far,non_dense,99.0,99.0,112,2,4,1
23,85.0,-0.42634166833333337,-0.105580175,-0.276231635,212.97500000000002,-141.11666666666667,10.246180589406466,-9.386168347861668,0.5,7.5,16.88616834786167,8.8,1.7,4.0,4.9,0.5,3.4,2.0,1.0,2.0,3.7022779083101542,far,non_dense,99.0,99.0,112,2,4,1
23,86.0,-0.4591324733333333,-0.07536658,-0.22109159999999997,264.8,-195.0566666666667,10.79767360202913,-5.99522187352398,0.5,15.0,20.995221873523978,6.400000000000001,2.2,4.0,2.3,2.2,1.8999999999999997,1.0,1.0,3.0,3.881543285442657,far,non_dense,99.0,99.0,112,2,4,1
23,87.0,-0.4516164866666667,-0.05878924,-0.20928061333333334,339.49333333333334,-242.0666666666667,12.584215843813995,-11.917439040466647,0.5,15.0,26.917439040466647,6.7,1.3999999999999997,4.0,2.7000000000000006,2.3,1.7,1.0,1.0,2.0,4.499484555317384,far,non_dense,99.0,99.0,112,2,4,1
23,88.0,-0.23683335333333333,-0.40860266333333334,-0.28772566,-457.99,-226.16,14.18636621867571,-8.687304887253593,0.5,-45.0,-36.312695112746404,8.2,1.0,4.0,0.0,0.6,7.599999999999999,0.0,1.0,5.0,5.265370994116922,far,non_dense,99.0,99.0,112,2,4,1
23,89.0,-0.41239032000000003,-0.12366937,-0.28767346833333335,349.09,-229.11166666666668,12.379206356667908,-27.011664163501337,0.5,0.6666666666666666,27.678330830168004,4.2,1.8,4.0,0.0,0.0,4.2,0.0,0.0,5.0,5.422386171673668,far,non_dense,99.0,99.0,112,2,4,1
23,92.0,-0.42376542166666664,-0.28114468,-0.22955782333333333,-150.29666666666665,-254.79666666666665,-6.837384491542871,-0.08341441269734746,-0.5,-12.0,-11.916585587302654,12.0,0.5,4.0,9.7,0.0,2.3,4.0,0.0,3.0,2.3830695309856673,far,non_dense,99.0,99.0,112,2,4,1
23,93.0,-0.44101253,-0.3004642833333333,-0.23566644,-278.66333333333336,-240.32333333333335,-8.541191120266047,9.42773858767285,-0.5,-12.666666666666666,-22.094405254339517,8.8,1.3999999999999997,4.0,3.7999999999999994,1.1,3.9,5.0,1.0,4.0,3.0127635790539693,far,non_dense,99.0,99.0,112,2,4,1
23,94.0,-0.41956828999999995,-0.29969745999999997,-0.23539920333333333,-234.72000000000003,-258.29333333333335,-10.426369008509534,4.943599489502325,-0.5,-13.666666666666666,-18.61026615616899,7.7,0.6,4.0,6.8,0.0,0.9,3.0,0.0,1.0,3.5898714934048126,far,non_dense,99.0,99.0,112,2,4,1
23,95.0,-0.43562590333333334,-0.06902401000000001,-0.1984192233333333,23.75666666666666,-178.39333333333332,13.241821612677347,20.116402992288453,0.5,22.0,1.8835970077115485,4.9,2.0,4.0,1.7,1.7,1.5,2.0,2.0,1.0,4.880531230599202,far,non_dense,99.0,99.0,112,2,4,1
23,96.0,-0.44076099,-0.32068559333333335,-0.23695692,-132.9766666666667,-201.20333333333335,-11.785478129805524,-2.456666840376481,-0.5,-13.0,-10.54333315962352,5.599999999999999,2.1,4.0,4.0,0.0,1.6000000000000003,1.0,0.0,2.0,5.580730079133997,far,non_dense,99.0,99.0,112,2,4,1
24,1.0,-0.19231082,-0.16501118666666667,-0.38495326,-59.373333333333335,-13.80000000000001,-15.892610965772215,-3.6268006646885085,-0.5,-8.0,-4.373199335311492,5.7,4.3,1.0,5.2,0.5,0.0,4.0,1.0,0.0,2.194923945233692,near,dense,0.0,0.0,117,3,4,2
24,2.0,-0.21151620666666668,-0.09529437,-0.37407156999999996,201.21333333333337,78.12333333333333,10.224822682778486,-7.820559436152201,0.5,7.0,14.8205594361522,5.7,2.4,1.0,3.2000000000000006,1.6000000000000003,0.9,2.0,1.0,2.0,1.6318940722496584,near,dense,0.0,0.0,117,3,4,2
24,3.0,-0.18904818999999998,-0.20181758333333333,-0.38678565333333337,-8.943333333333348,-40.89000000000002,-14.354067512346909,-9.674603610863047,-0.5,-10.333333333333334,-0.6587297224702873,2.4,2.5,1.0,0.0,1.6000000000000003,0.8000000000000002,0.0,1.0,2.0,2.7988257362876516,near,dense,0.0,0.0,117,3,4,2
24,6.0,-0.18115350666666666,-0.062455819999999995,-0.35927751,95.82999999999998,-19.031666666666677,11.585829788915149,18.274883541571032,0.5,25.333333333333332,7.0584497917623,3.9,0.4000000000000001,1.0,2.3,0.0,1.6000000000000003,3.0,0.0,2.0,1.7938756235434505,near,dense,0.0,0.0,117,3,4,2
24,7.0,-0.16592786666666667,-0.023955716666666665,-0.3480379966666667,86.62666666666667,-75.09666666666668,20.690382355301818,25.619430477988146,0.5,32.0,6.38056952201185,2.9,0.9,1.0,2.5,0.4000000000000001,0.0,4.0,1.0,0.0,2.8360233370875485,near,dense,0.0,0.0,117,3,4,2
24,9.0,-0.26953393333333336,-0.010530616666666668,-0.23197409666666666,240.35666666666665,-25.74333333333333,17.22124945252953,21.296301118835288,0.5,39.0,17.703698881164712,1.8,1.8,1.0,0.4000000000000001,0.0,1.3999999999999997,1.0,0.0,2.0,2.9580930780517467,near,dense,0.0,0.0,117,3,4,2
24,73.0,-0.449617105,-0.08460264499999999,-0.21041425833333335,243.22,143.44833333333335,9.897171927518196,-3.4146004210834477,0.5,14.5,17.91460042108345,10.1,3.5,4.0,3.4,2.6,4.1,3.0,1.0,5.0,3.5155949252938186,far,non_dense,0.0,0.0,117,3,4,2
24,74.0,-0.4364999333333333,0.003551903333333333,-0.23173215,96.3866666666667,-42.36333333333332,12.902563743395577,21.90054839547119,0.5,29.0,7.099451604528809,9.7,5.0,4.0,8.6,0.0,1.1,3.0,0.0,2.0,4.074753388246619,far,non_dense,0.0,0.0,117,3,4,2
24,79.0,-0.25099946666666667,-0.09806527666666666,-0.26962573166666665,-122.42833333333334,55.59166666666667,-10.157970471504433,8.017575330506858,-0.5,-1.0,-9.017575330506856,8.7,0.5,4.0,3.2000000000000006,0.0,5.5,1.0,0.0,2.0,3.556297940901215,far,non_dense,0.0,0.0,117,3,4,2
24,81.0,-0.16550251666666668,-0.08370971333333332,-0.32463806666666667,-37.946666666666694,5.120000000000005,-17.208217915742438,1.4616644902230365,-0.5,-1.3333333333333333,-2.7949978235563697,2.5,5.5,4.0,0.0,2.5,0.0,0.0,2.0,0.0,5.45233336542503,far,non_dense,0.0,0.0,117,3,4,2
24,82.0,-0.18513148333333332,-0.053358230000000006,-0.3047381466666667,144.72666666666666,-112.7,8.602568053207323,-0.32664694628458524,0.5,10.333333333333334,10.659980279617919,9.5,4.7,4.0,3.9,1.8,3.7999999999999994,1.0,1.0,3.0,3.0917028753748377,far,non_dense,0.0,0.0,117,3,4,2
24,83.0,-0.2945829566666667,-0.0021825083333333333,-0.3506803383333333,160.08333333333334,-51.07833333333334,19.543874121204556,8.04224316500106,0.5,19.833333333333332,11.791090168332273,5.2,5.599999999999999,4.0,0.6999999999999998,3.2999999999999994,1.2,1.0,2.0,2.0,5.73440308848118,far,non_dense,0.0,0.0,117,3,4,2
24,85.0,-0.24290737333333334,-0.029246043333333333,-0.28624960666666666,481.49,516.1,6.568187125346454,-18.131270550999652,0.5,17.333333333333332,35.46460388433298,12.1,7.099999999999999,4.0,4.1,4.4,3.6,2.0,2.0,3.0,3.07833491541167,far,non_dense,0.0,0.0,117,3,4,2
24,86.0,-0.25987279333333335,-0.012324306666666666,-0.27579998666666666,321.56666666666666,133.39333333333335,10.496682213186533,16.31470133182687,0.5,40.0,23.68529866817313,8.6,7.599999999999999,4.0,0.0,6.2,2.4,0.0,4.0,3.0,3.891253070662015,far,non_dense,0.0,0.0,117,3,4,2
24,94.0,-0.23982207666666666,-0.12058161333333334,-0.43036424,-26.528888888888886,48.82555555555555,-6.977000941824093,-2.93487834674694,-0.5,-4.888888888888889,-1.9540105421419487,10.3,0.6,4.0,6.3,0.0,4.0,1.0,0.0,3.0,2.641251480792078,far,non_dense,0.0,0.0,117,3,4,2
24,95.0,-0.15063635,-0.04481086666666667,-0.33475476333333337,114.25333333333329,-57.580000000000005,15.576273325974782,20.584562069552174,0.5,29.0,8.415437930447824,7.099999999999999,4.8,4.0,3.9,1.8999999999999997,1.3,1.0,3.0,2.0,5.54864877246425,far,non_dense,0.0,0.0,117,3,4,2
25,1.0,-0.3273336633333333,-0.21904311499999998,-0.32273257333333333,-236.70000000000002,-198.5583333333333,-13.24033909605363,-1.763585939181502,-0.5,-20.333333333333332,-18.569747394151833,11.6,0.5,1.0,2.4,0.0,9.2,3.0,0.0,11.0,1.7741594414020339,near,dense,0.0,0.0,117,2,5,1
25,7.0,-0.27885625666666664,-0.12202059666666666,-0.2377392833333333,34.15333333333334,-346.3933333333334,13.391909185313102,29.24641800643323,0.5,32.0,2.753581993566769,5.8,0.6,1.0,1.6000000000000003,1.5,2.7000000000000006,3.0,1.0,5.0,1.7475094141474414,near,dense,0.0,0.0,117,2,5,1
25,8.0,-0.27939991999999997,-0.10392949,-0.23297753333333335,-98.10333333333331,-120.17333333333333,14.982119181173156,-4.757173044505483,0.5,-12.666666666666666,-7.909493622161185,3.2999999999999994,0.5,1.0,0.6,0.0,2.7000000000000006,1.0,0.0,3.0,2.3491192425108616,near,dense,0.0,0.0,117,2,5,1
25,14.0,-0.2842054166666667,-0.12308807333333334,-0.23068114666666664,-234.10999999999999,-263.52,13.753892538432586,-26.642428380191422,0.5,-45.0,-18.357571619808578,5.1,0.6,1.0,1.7,0.0,3.4,1.0,0.0,4.0,2.130376465087987,near,dense,0.0,0.0,117,2,5,1
25,17.0,-0.32154751,-0.09930407666666667,-0.24284057333333334,398.8866666666667,-145.18,13.505383585577981,6.506785460131362,0.5,38.666666666666664,32.1598812065353,4.0,0.8000000000000002,1.0,0.9,1.0,2.1,2.0,1.0,3.0,1.6329370583168732,near,dense,0.0,0.0,117,2,5,1
25,19.0,-0.26695617,-0.10291053,-0.24344710333333333,169.63333333333335,-168.62333333333333,15.583461055718137,-0.00986931348292804,0.5,13.666666666666666,13.676535980149595,5.2,0.4000000000000001,1.0,0.4000000000000001,0.0,4.8,1.0,0.0,8.0,3.157225013228727,near,dense,0.0,0.0,117,2,5,1
25,20.0,-0.26754989333333334,-0.31439269666666664,-0.23510174000000003,-360.40333333333336,-286.34999999999997,-16.010628359478176,-15.027869273140098,-0.5,-43.0,-27.972130726859902,0.5,0.4000000000000001,1.0,0.0,0.0,0.5,0.0,0.0,1.0,2.5355909663881953,near,dense,0.0,0.0,117,2,5,1
25,23.0,-0.29065996499999996,-0.29312729333333337,-0.26579123666666665,-153.84833333333333,12.633333333333326,-17.374931589858964,-20.096537843652925,-0.5,-30.0,-9.903462156347075,2.1,0.9,1.0,1.7,0.0,0.4000000000000001,3.0,0.0,1.0,2.6573451748054415,near,dense,0.0,0.0,117,2,5,1
25,24.0,-0.29548001333333335,-0.20056534333333334,-0.24408831666666667,152.60000000000002,-137.72333333333336,5.010353355492531,1.6967613053399753,0.5,14.0,12.303238694660024,4.3,0.6999999999999998,1.0,3.0,0.0,1.3,3.0,0.0,2.0,1.2723005953127264,near,dense,0.0,0.0,117,2,5,1
25,26.0,-0.29849641666666665,-0.10496713333333334,-0.23190797666666665,468.3433333333334,-62.110000000000014,14.519249841355355,0.9493337737630642,0.5,37.0,36.050666226236935,3.2000000000000006,0.6,2.0,0.4000000000000001,0.0,2.7999999999999994,1.0,0.0,4.0,2.608463327970447,far,dense,0.0,0.0,117,2,5,1
25,29.0,-0.326268475,-0.05752210333333333,-0.21537794666666665,202.82166666666663,-313.79833333333335,17.670363964710305,15.147684289326543,0.5,31.5,16.352315710673455,1.1,1.1,2.0,0.4000000000000001,0.0,0.6999999999999998,1.0,0.0,1.0,3.145649156184685,far,dense,0.0,0.0,117,2,5,1
25,30.0,-0.32720807,-0.04801829,-0.23580168666666668,592.56,-197.88666666666668,17.44824900594041,-10.107954047014474,0.5,37.666666666666664,47.774620713681145,4.7,1.1,2.0,1.0,0.4000000000000001,3.2999999999999994,2.0,1.0,5.0,2.9973748388151105,far,dense,0.0,0.0,117,2,5,1
25,31.0,-0.31088846833333333,-0.08732227833333334,-0.22606843833333334,461.4933333333334,-265.9683333333333,15.475006891286627,-7.040821118354974,0.5,30.166666666666668,37.20748778502164,7.400000000000001,1.2,2.0,0.0,1.6000000000000003,5.8,0.0,1.0,5.0,4.452705085853034,far,dense,0.0,0.0,117,2,5,1
25,32.0,-0.35255138999999996,-0.07826130333333332,-0.21537699333333335,470.1566666666667,-286.3433333333333,14.240328982554894,-10.905961296760857,0.5,27.0,37.90596129676086,2.6,1.2,2.0,0.5,1.2,0.9,1.0,1.0,2.0,2.4347380509529906,far,dense,0.0,0.0,117,2,5,1
25,33.0,-0.31742686999999997,-0.05621155333333333,-0.23135822166666667,355.1033333333333,-253.99166666666667,17.00672748116769,9.203444268658219,0.5,37.833333333333336,28.629889064675115,3.0,1.2,2.0,0.0,0.6999999999999998,2.3,0.0,1.0,5.0,2.9084543559347225,far,dense,0.0,0.0,117,2,5,1
25,34.0,-0.3507356933333334,-0.06900684666666666,-0.23807650333333333,476.65000000000003,-236.95666666666668,15.272849257333833,-2.0961471634536886,0.5,36.333333333333336,38.42948049678702,4.6,1.8,2.0,0.0,0.9,3.7000000000000006,0.0,2.0,5.0,2.7563290095393858,far,dense,0.0,0.0,117,2,5,1
25,35.0,-0.31150889,-0.010697246666666667,-0.23062919333333332,631.2199999999999,-260.75333333333333,21.248471134986172,-5.657375328713175,0.5,44.333333333333336,49.99070866204651,3.1,1.8999999999999997,2.0,0.5,0.6,2.0,1.0,1.0,3.0,3.640594405572346,far,dense,0.0,0.0,117,2,5,1
25,36.0,-0.274324705,-0.10590851666666667,-0.21384388,228.8033333333333,-113.44166666666666,16.364298403562277,-16.113731045001277,0.5,2.3333333333333335,18.447064378334613,1.1,0.4000000000000001,2.0,0.0,0.6999999999999998,0.4000000000000001,0.0,1.0,1.0,3.856288157987567,far,dense,0.0,0.0,117,2,5,1
25,37.0,-0.3236452733333333,-0.09801334333333334,-0.23183122999999997,486.40333333333336,-218.13333333333333,15.113867135104975,-6.549167618250003,0.5,32.666666666666664,39.21583428491667,2.7999999999999994,1.3999999999999997,2.0,0.0,0.0,2.7999999999999994,0.0,0.0,2.0,2.8051550388600326,far,dense,0.0,0.0,117,2,5,1
25,38.0,-0.30625033333333335,-0.04030549,-0.22751943,632.3733333333333,-222.40333333333334,18.899952106087976,-9.984535151623897,0.5,41.0,50.9845351516239,3.7999999999999994,1.3999999999999997,2.0,0.0,0.0,3.7999999999999994,0.0,0.0,4.0,3.6776794568579074,far,dense,0.0,0.0,117,2,5,1
25,39.0,-0.3550312066666667,-0.06944821333333333,-0.24589574666666666,517.8100000000001,-172.95000000000002,15.541734301847166,-4.7479687318604675,0.5,37.0,41.74796873186047,2.7999999999999994,1.6000000000000003,2.0,0.8000000000000002,0.0,2.0,1.0,0.0,3.0,2.8840647527279812,far,dense,0.0,0.0,117,2,5,1
25,40.0,-0.33748435,-0.022709033333333333,-0.24578598666666665,592.34,-215.15666666666667,17.596261696677796,-2.7568834101894972,0.5,45.0,47.756883410189495,0.8000000000000002,1.3999999999999997,2.0,0.0,0.0,0.8000000000000002,0.0,0.0,2.0,3.2382259459196288,far,dense,0.0,0.0,117,2,5,1
25,42.0,-0.27631070333333335,-0.36244219333333333,-0.24724443,-375.0833333333333,-264.37333333333333,-15.334422080580552,-3.092574615189624,-0.5,-33.333333333333336,-30.24075871814371,1.0,1.1,2.0,0.0,0.0,1.0,0.0,0.0,2.0,1.9631988091817014,far,dense,0.0,0.0,117,2,5,1
25,44.0,-0.28381025666666665,-0.4014506133333333,-0.25690342,-560.0333333333333,-255.65,-21.991747562888175,8.152187267143518,-0.5,-37.0,-45.15218726714352,1.2,1.0,2.0,0.4000000000000001,0.0,0.8000000000000002,1.0,0.0,2.0,2.9454581990808784,far,dense,0.0,0.0,117,2,5,1
25,45.0,-0.37032182,-0.3718403066666667,-0.25414274000000003,-315.2633333333333,-242.58666666666667,-14.01150026350892,4.417824650551556,-0.5,-21.0,-25.417824650551555,1.3999999999999997,1.6000000000000003,2.0,0.8000000000000002,0.0,0.6,2.0,0.0,1.0,1.8680715912516954,far,dense,0.0,0.0,117,2,5,1
25,46.0,-0.3854695733333333,-0.32265366333333334,-0.26632277,-185.49,-258.5366666666667,-10.960917893177916,-1.3783677666722103,-0.5,-16.333333333333332,-14.954965566661123,2.9,1.1,2.0,2.9,0.0,0.0,4.0,0.0,0.0,2.350732119305326,far,dense,0.0,0.0,117,2,5,1
25,47.0,-0.3877466333333333,-0.35876434,-0.2675024066666667,-273.84999999999997,-227.44000000000003,-11.33150727888023,2.0789116417604645,-0.5,-20.0,-22.078911641760467,1.6000000000000003,1.7,2.0,1.6000000000000003,0.0,0.0,3.0,0.0,0.0,1.5679814641665983,far,dense,0.0,0.0,117,2,5,1
25,48.0,-0.4219920833333333,-0.2975238666666667,-0.23060315333333334,-101.59333333333329,-249.09333333333333,-4.829053730050592,-2.8091282451758848,-0.5,-11.0,-8.190871754824114,2.5,1.5,2.0,2.0,0.0,0.5,1.0,0.0,1.0,1.2952409407327137,far,dense,0.0,0.0,117,2,5,1
25,49.0,-0.3573601066666667,-0.07217898666666667,-0.23190213666666668,439.9433333333334,-216.42666666666665,12.602378561069502,-7.803371617241456,0.5,27.666666666666668,35.47003828390812,4.2,1.7,3.0,0.8000000000000002,1.3999999999999997,2.0,1.0,2.0,3.0,5.6055448963118755,near,non_dense,0.0,0.0,117,2,5,1
25,50.0,-0.3536621133333333,-0.06041985,-0.26591290333333334,430.55999999999995,315.32,15.172121477550867,15.863568824305782,0.5,39.0,23.136431175694216,4.0,0.8000000000000002,3.0,0.0,0.0,4.0,0.0,0.0,5.0,5.3992526465885975,near,non_dense,0.0,0.0,117,2,5,1
25,52.0,-0.34309715,-0.31875222666666664,-0.24173374666666667,-218.85,-229.96,-12.733748273813754,0.9779191021822567,-0.5,-16.666666666666668,-17.644585768848923,2.0,1.0,3.0,0.0,0.0,2.0,0.0,0.0,2.0,4.681482692741366,near,non_dense,0.0,0.0,117,2,5,1
25,54.0,-0.3877248766666666,-0.15396240333333333,-0.22702270666666666,236.42999999999998,-223.0566666666667,8.884782897896898,-8.061957566045011,0.5,11.0,19.061957566045013,9.0,1.2,3.0,3.2999999999999994,1.0,4.7,3.0,1.0,6.0,4.472022502410434,near,non_dense,0.0,0.0,117,2,5,1
25,55.0,-0.344571425,-0.2983598516666666,-0.24615541833333332,-246.8416666666667,-326.4916666666667,-10.776257430105666,4.3215236772230545,-0.5,-15.166666666666666,-19.488190343889723,6.8,1.3999999999999997,3.0,3.0,0.0,3.7999999999999994,2.0,0.0,2.0,4.161711448684591,near,non_dense,0.0,0.0,117,2,5,1
25,56.0,-0.3595664166666667,-0.08466441000000001,-0.24219018,437.72,-225.78333333333333,11.678888716225268,-3.9574506865001147,0.5,31.333333333333332,35.290784019833445,3.2000000000000006,1.6000000000000003,3.0,0.0,1.3,1.8999999999999997,0.0,1.0,3.0,4.13852741998306,near,non_dense,0.0,0.0,117,2,5,1
25,57.0,-0.3772944,-0.14455704333333333,-0.21657671,281.6766666666667,-238.66,9.412844912651897,-9.043262984160236,0.5,13.666666666666666,22.709929650826904,7.2,1.8999999999999997,3.0,3.6,1.8,1.8,5.0,2.0,4.0,3.5400113815652943,near,non_dense,0.0,0.0,117,2,5,1
25,59.0,-0.39124395333333334,-0.13510613000000002,-0.23261527,259.75666666666666,-223.29333333333332,9.111871448159553,-2.27598256353804,0.5,18.666666666666668,20.942649230204708,6.8,2.1,3.0,4.2,0.4000000000000001,2.2,3.0,1.0,4.0,3.2585693359285344,near,non_dense,0.0,0.0,117,2,5,1
25,60.0,-0.32244129,-0.06496911666666667,-0.24989364,501.61999999999995,180.08666666666667,13.871339622172945,-0.44266444308885394,0.5,40.0,40.44266444308885,4.0,1.3,3.0,0.0,0.9,3.1,0.0,1.0,4.0,5.058097251576672,near,non_dense,0.0,0.0,117,2,5,1
25,62.0,-0.30435089666666665,-0.09654733333333333,-0.23175894666666666,496.24666666666667,-249.0233333333333,13.812664561106999,4.990555757343469,0.5,45.0,40.009444242656535,2.5,1.1,3.0,0.0,0.0,2.5,0.0,0.0,4.0,5.235242746826061,near,non_dense,0.0,0.0,117,2,5,1
25,63.0,-0.31041356,-0.36589764666666663,-0.24944745666666668,-371.93333333333334,-268.9533333333333,-15.421114473259694,-3.0132072182139518,-0.5,-33.0,-29.98679278178605,3.5,1.0,3.0,0.4000000000000001,0.5,2.6,1.0,1.0,3.0,4.175665889673762,near,non_dense,0.0,0.0,117,2,5,1
25,64.0,-0.37484096333333333,-0.36959675,-0.27848843666666667,-339.99333333333334,-225.92999999999998,-14.87680125525525,5.411658811226143,-0.5,-22.0,-27.411658811226143,4.3,1.3999999999999997,3.0,2.9,0.0,1.3999999999999997,2.0,0.0,1.0,4.838042440015234,near,non_dense,0.0,0.0,117,2,5,1
25,65.0,-0.37418738,-0.31210099,-0.25271911666666663,-193.74666666666667,-234.56333333333336,-9.239694547795954,0.6206519416430556,-0.5,-15.0,-15.620651941643056,5.599999999999999,1.6000000000000003,3.0,1.8999999999999997,0.5,3.2000000000000006,1.0,1.0,4.0,3.825154540848063,near,non_dense,0.0,0.0,117,2,5,1
25,66.0,-0.3700678333333334,-0.10445025333333334,-0.24142043333333332,301.31,-249.58,11.630546376683762,20.707150386054973,0.5,45.0,24.292849613945027,6.8,2.0,3.0,2.1,1.2,3.5,2.0,2.0,3.0,4.084885707285287,near,non_dense,0.0,0.0,117,2,5,1
25,67.0,-0.26698335666666667,-0.3978081033333334,-0.23575803333333334,-447.26666666666665,-386.1433333333334,-16.65224381730994,-5.939524507438146,-0.5,-42.0,-36.06047549256186,0.6999999999999998,0.8000000000000002,3.0,0.6999999999999998,0.0,0.0,1.0,0.0,0.0,5.1930978244800015,near,non_dense,0.0,0.0,117,2,5,1
25,68.0,-0.35219694333333335,-0.3578498133333334,-0.26089988333333336,-302.8866666666667,-224.5233333333333,-13.85207098936476,2.4199669556351595,-0.5,-22.0,-24.41996695563516,3.1,1.1,3.0,1.6000000000000003,0.0,1.5,2.0,0.0,3.0,4.414011233635672,near,non_dense,0.0,0.0,117,2,5,1
25,69.0,-0.3475855033333333,-0.06672884333333333,-0.23908003666666666,471.1933333333334,-285.12666666666667,13.05249718463905,-8.98954162078968,0.5,29.0,37.98954162078968,4.3,1.1,3.0,0.0,0.9,3.4,0.0,2.0,4.0,5.104273695561335,near,non_dense,0.0,0.0,117,2,5,1
25,70.0,-0.4087128533333333,-0.09850753000000001,-0.25864880333333334,373.1666666666667,-166.85333333333335,11.200034403235412,-15.086229180148306,0.5,15.0,30.086229180148305,5.1,1.1,3.0,1.5,0.0,3.6,2.0,0.0,5.0,4.359735085553439,near,non_dense,0.0,0.0,117,2,5,1
25,71.0,-0.30787170999999997,-0.36272992666666665,-0.2467838,-326.6066666666667,-270.59,-15.847530369040728,0.3323707684617361,-0.5,-26.0,-26.332370768461733,3.0,1.1,3.0,2.4,0.0,0.6,2.0,0.0,1.0,5.187385069241089,near,non_dense,0.0,0.0,117,2,5,1
25,72.0,-0.3532427466666667,-0.33716662000000003,-0.24754100666666665,-48.563333333333354,-215.35333333333332,-12.555969237048815,-13.084624627730408,-0.5,-17.0,-3.9153753722695916,1.7,0.6999999999999998,3.0,0.0,0.0,1.7,0.0,0.0,3.0,3.9047559886296193,near,non_dense,0.0,0.0,117,2,5,1
25,75.0,-0.37044841,-0.3308033066666667,-0.24525041666666667,-402.6033333333333,-285.24,-9.382645903125281,14.920957432346077,-0.5,-16.0,-30.920957432346075,2.2,0.8000000000000002,4.0,2.2,0.0,0.0,3.0,0.0,0.0,2.9407370967378736,far,non_dense,0.0,0.0,117,2,5,1
25,76.0,-0.4009968033333333,-0.28786369333333334,-0.23365755666666665,-102.93000000000002,-207.98333333333335,-6.444689301723355,-4.368027355779666,-0.5,-12.666666666666666,-8.298639310887,5.8,1.2,4.0,2.7999999999999994,0.0,3.0,2.0,0.0,5.0,1.9754332994551074,far,non_dense,0.0,0.0,117,2,5,1
25,77.0,-0.3943191466666667,-0.29099500333333334,-0.24350686666666665,-112.32333333333334,-199.43999999999997,-6.434845791328757,-1.9440315794242302,-0.5,-11.0,-9.05596842057577,4.6,1.6000000000000003,4.0,2.1,0.6999999999999998,1.8,1.0,1.0,3.0,2.190862518786131,far,non_dense,0.0,0.0,117,2,5,1
25,78.0,-0.37649440666666667,-0.13491664666666667,-0.23698494,273.33666666666664,-214.71333333333334,8.462412176734583,-3.3708579336132907,0.5,18.666666666666668,22.037524600279955,2.1,0.9,4.0,0.0,0.0,2.1,0.0,0.0,3.0,2.898705551606344,far,non_dense,0.0,0.0,117,2,5,1
25,81.0,-0.2664201566666667,-0.34867871666666667,-0.23774062666666665,-667.1666666666666,-501.40000000000003,-13.441834925776766,15.716982148430498,-0.5,-33.0,-48.716982148430496,1.6000000000000003,0.5,4.0,0.8000000000000002,0.0,0.8000000000000002,1.0,0.0,1.0,4.509699932310969,far,non_dense,0.0,0.0,117,2,5,1
25,82.0,-0.3151627866666667,-0.15602944666666665,-0.22058028666666665,324.59666666666664,-261.82,8.474481230193863,5.82968368616649,0.5,32.0,26.17031631383351,5.0,1.1,4.0,0.0,0.8000000000000002,4.2,0.0,1.0,4.0,2.8672427235487365,far,non_dense,0.0,0.0,117,2,5,1
25,84.0,-0.36882935,-0.08279640333333334,-0.22052744666666668,467.8966666666667,-283.46666666666664,12.48270709243735,-13.390417482104246,0.5,24.333333333333332,37.723750815437576,2.7000000000000006,1.1,4.0,0.0,0.6,2.1,0.0,1.0,4.0,4.177843501425053,far,non_dense,0.0,0.0,117,2,5,1
25,89.0,-0.3768172716666667,-0.20503607833333334,-0.22312220000000002,65.2,-130.64166666666668,9.145707372193682,-1.0900250954030162,0.5,4.166666666666667,5.256691762069683,3.9,1.1,4.0,0.0,0.8000000000000002,3.1,0.0,1.0,4.0,4.1343541516490845,far,non_dense,0.0,0.0,117,2,5,1
25,90.0,-0.4036110233333334,-0.15374335000000003,-0.24911893,222.85666666666665,-67.49666666666666,6.400547381660812,-10.967619690014963,0.5,7.0,17.967619690014963,7.900000000000001,2.5,4.0,5.400000000000001,1.3999999999999997,1.1,5.0,2.0,2.0,2.628440416518316,far,non_dense,0.0,0.0,117,2,5,1
25,94.0,-0.40066084333333335,-0.30651680666666664,-0.24697740999999998,-165.23000000000002,-122.18999999999998,-8.298742772025356,-0.011812170039259365,-0.5,-13.333333333333334,-13.321521163294074,4.4,1.3999999999999997,4.0,2.7000000000000006,0.4000000000000001,1.3,2.0,1.0,3.0,2.7589860585837145,far,non_dense,0.0,0.0,117,2,5,1
25,96.0,-0.35710009000000004,-0.33903368333333334,-0.23407093,-256.1033333333333,-210.92999999999998,-12.040428944047918,4.64810249343434,-0.5,-16.0,-20.64810249343434,4.6,1.0,4.0,2.2,0.5,1.8999999999999997,1.0,1.0,3.0,5.386278284511309,far,non_dense,0.0,0.0,117,2,5,1
27,2.0,-0.4198578566666667,-0.09800948999999999,-0.20433336,206.13666666666668,28.27666666666667,9.689116085699146,-4.8452583685146235,0.5,11.0,15.845258368514626,3.2999999999999994,0.6999999999999998,1.0,1.5,0.5,1.3,2.0,1.0,3.0,1.4696844636745894,near,dense,-1.0,-1.0,99,2,3,2
27,4.0,-0.42996962,-0.08606361333333334,-0.20031505333333333,292.08,-76.82666666666667,12.837635551868216,-7.451527615703587,0.5,15.0,22.451527615703586,3.0,0.6,1.0,0.9,0.0,2.1,2.0,0.0,2.0,1.9976644763256133,near,dense,-1.0,-1.0,99,2,3,2
27,6.0,-0.4412694166666667,-0.08985639333333333,-0.22256854666666667,165.6233333333333,11.979999999999999,11.147948015641413,8.60224307676591,0.5,21.333333333333332,12.731090256567422,4.7,1.3999999999999997,1.0,1.8999999999999997,0.0,2.7999999999999994,3.0,0.0,4.0,1.6747667447677141,near,dense,-1.0,-1.0,99,2,3,2
27,8.0,-0.4174444,-0.07953501333333333,-0.19685922666666666,372.63000000000005,-27.419999999999998,13.688949535942797,-10.643223553271799,0.5,18.0,28.6432235532718,2.9,0.9,1.0,1.0,0.9,1.0,1.0,1.0,1.0,2.1002334513721728,near,dense,-1.0,-1.0,99,2,3,2
27,9.0,-0.40874558666666666,-0.03239250333333333,-0.20742426,421.28000000000003,108.61666666666667,15.706265235149727,-3.3828387905491866,0.5,29.0,32.38283879054919,4.0,0.8000000000000002,1.0,0.9,0.0,3.1,2.0,0.0,4.0,2.4773797826353583,near,dense,-1.0,-1.0,99,2,3,2
27,11.0,-0.35735983666666665,0.06737557666666667,-0.19324762000000004,587.4399999999999,46.96999999999999,25.292181458235007,-0.1551813974558791,0.5,45.0,45.155181397455884,5.1,1.0,1.0,1.5,0.6,3.0,1.0,1.0,4.0,4.188031978930749,near,dense,-1.0,-1.0,99,2,3,2
27,15.0,-0.28160341857142857,-0.30563516190476187,-0.6186617333333333,-8.064285714285715,-20.41904761904762,20.784263406737505,-17.38011663443163,0.5,-18.0,-0.6198833655683705,3.3999999999999995,0.4,1.0,0.0,2.0,1.4,0.0,1.0,3.0,3.5616580688305626,near,dense,-1.0,-1.0,99,2,3,2
27,17.0,-0.32282080333333335,-0.24011943833333335,-0.4526433,-232.4416666666667,-104.40166666666666,12.110107492027971,13.643426275309134,0.5,-3.5,-17.143426275309135,1.1,0.5,1.0,0.4000000000000001,0.0,0.6999999999999998,1.0,0.0,1.0,1.5609299005268327,near,dense,-1.0,-1.0,99,2,3,2
27,24.0,-0.3670399133333333,-0.19004969166666666,-0.38775289166666665,-275.32666666666665,-39.653333333333336,3.2836356341329407,20.16373685293852,0.5,-1.0,-21.16373685293852,1.8999999999999997,0.6999999999999998,1.0,0.5,0.5,0.9,1.0,1.0,1.0,1.3358253974276433,near,dense,-1.0,-1.0,99,2,3,2
27,25.0,-0.3647937083333333,-0.14839022166666666,-0.4014886733333333,372.38000000000005,209.485,14.066490001361544,-19.579830718283,0.5,8.166666666666666,27.746497384949667,14.9,1.1,2.0,0.0,0.0,14.9,0.0,0.0,15.0,2.4179407743171164,far,dense,-1.0,-1.0,99,2,3,2
27,28.0,-0.29295004444444445,-0.3059054311111111,-0.4054666588888889,-367.4166666666667,-20.930000000000007,-22.378183383473367,7.686930880134753,-0.5,-20.555555555555557,-28.24248643569031,6.3,2.9,2.0,0.7,0.0,5.6,1.0,0.0,8.0,2.8788186581277904,far,dense,-1.0,-1.0,99,2,3,2
27,32.0,-0.33532095166666664,-0.12056013333333333,-0.21493281833333333,212.12000000000003,65.855,11.672674559131623,2.694816359069278,0.5,19.0,16.30518364093072,8.0,1.3,2.0,0.8000000000000002,0.0,7.2,1.0,0.0,9.0,1.9275111542152708,far,dense,-1.0,-1.0,99,2,3,2
27,34.0,-0.3579871277777778,-0.15582252,-0.46313152999999996,187.5388888888889,21.016666666666666,16.888973710169452,-13.749022674976906,0.5,0.6666666666666666,14.415689341643574,9.8,0.4,2.0,1.8999999999999997,0.0,7.900000000000001,2.0,0.0,9.0,3.0113579618119264,far,dense,-1.0,-1.0,99,2,3,2
27,35.0,-0.3807842688888889,-0.14790222222222224,-0.4655042833333333,147.07000000000002,81.46444444444445,35.222477104055876,-1.8604931289653288,0.5,9.444444444444445,11.304937573409774,6.2,0.8999999999999999,2.0,4.6,0.4,1.2,5.0,1.0,2.0,5.494702371044476,far,dense,-1.0,-1.0,99,2,3,2
27,36.0,-0.38287535,-0.14707785222222222,-0.33248042222222224,76.43666666666667,-43.91333333333333,26.050681038487916,2.490647633010157,0.5,9.444444444444445,6.953796811434289,3.5999999999999996,1.1,2.0,0.8999999999999999,0.0,2.7,1.0,0.0,4.0,5.2825809245472195,far,dense,-1.0,-1.0,99,2,3,2
27,37.0,-0.3554719433333333,-0.049080149999999996,-0.21273282833333332,291.12333333333333,27.986666666666665,14.302003042751657,6.288675849393955,0.5,28.666666666666668,22.377990817272714,10.6,0.6,2.0,1.5,0.0,9.1,1.0,0.0,14.0,2.540926291688486,far,dense,-1.0,-1.0,99,2,3,2
27,38.0,-0.3784435,-0.04079293333333334,-0.21491609,449.40333333333336,-3.940000000000017,17.487715125853867,-7.544615683794087,0.5,27.0,34.544615683794085,4.7,0.8000000000000002,2.0,3.6,0.0,1.1,4.0,0.0,1.0,3.222882003343022,far,dense,-1.0,-1.0,99,2,3,2
27,40.0,-0.35547523666666664,0.009681765,-0.19109729666666667,469.4750000000001,130.94,18.5171128887812,-0.058116750669780025,0.5,35.5,35.558116750669775,6.8,1.2,2.0,2.7000000000000006,0.4000000000000001,3.7000000000000006,3.0,1.0,6.0,3.3532233732569376,far,dense,-1.0,-1.0,99,2,3,2
27,41.0,-0.39767737333333336,-0.08859078999999999,-0.20866593666666666,157.0633333333333,-50.356666666666676,14.953941007728853,2.9268975426328727,0.5,15.0,12.073102457367128,16.6,1.2,2.0,13.800000000000002,0.0,2.7999999999999994,6.0,0.0,5.0,3.6205972873593346,far,dense,-1.0,-1.0,99,2,3,2
27,47.0,-0.2266999822222222,-0.23996753444444444,-0.29206052,-57.354444444444454,93.97777777777777,-13.0384641705313,-5.192307605025402,-0.5,-10.0,-4.807692394974598,2.1,0.6,2.0,0.0,0.0,2.1,0.0,0.0,3.0,1.639599976958983,far,dense,-1.0,-1.0,99,2,3,2
27,49.0,-0.42479602000000005,-0.13271104666666667,-0.20169283999999998,457.94,14.050000000000002,11.591556848583236,-27.03414323587818,0.5,8.166666666666666,35.20080990254485,19.5,0.5,3.0,0.9,0.0,18.6,1.0,0.0,6.0,5.103644274562408,near,non_dense,-1.0,-1.0,99,2,3,2
27,50.0,-0.37626423166666667,-0.14386744833333334,-0.3881690166666667,150.5016666666667,-70.67833333333334,19.13484958178777,-9.568722012380453,0.5,2.0,11.568722012380453,5.1,1.2,3.0,0.0,0.9,4.2,0.0,2.0,3.0,6.62088651265196,near,non_dense,-1.0,-1.0,99,2,3,2
27,51.0,-0.25283125,-0.38737198666666667,-0.25749650333333335,-334.5233333333333,-200.96,-16.97365614345696,-12.952616213261612,-0.5,-38.666666666666664,-25.714050453405054,2.7999999999999994,0.9,3.0,0.4000000000000001,0.0,2.4,1.0,0.0,4.0,4.869046787445794,near,non_dense,-1.0,-1.0,99,2,3,2
27,52.0,-0.24525663666666667,-0.3423142533333334,-0.32112371,-72.51333333333334,-171.06000000000003,-12.353599628983247,-23.426064414406834,-0.5,-29.0,-5.573935585593168,9.1,0.5,3.0,0.8000000000000002,0.0,8.3,2.0,0.0,8.0,4.617681748465998,near,non_dense,-1.0,-1.0,99,2,3,2
27,53.0,-0.24180726666666666,-0.36620342999999994,-0.28068849333333334,-40.046666666666646,91.93666666666665,-17.80792926464198,-29.58837016371014,-0.5,-32.666666666666664,-3.0782965029565275,4.6,0.4000000000000001,3.0,1.1,1.3999999999999997,2.1,2.0,1.0,3.0,5.329520705216751,near,non_dense,-1.0,-1.0,99,2,3,2
27,54.0,-0.3401898933333333,-0.15054722333333334,-0.20890184,123.79333333333334,-23.49666666666667,8.973535149271374,7.484287037889165,0.5,17.0,9.515712962110834,8.7,1.5,3.0,2.1,1.6000000000000003,5.0,2.0,1.0,5.0,4.242335845751326,near,non_dense,-1.0,-1.0,99,2,3,2
27,58.0,-0.3991478866666667,-0.08342134999999999,-0.19135734000000001,251.51666666666668,303.71,13.366016473988902,0.6664838829211828,0.5,20.0,19.33351611707882,4.9,1.5,3.0,1.3,0.5,3.1,2.0,1.0,3.0,6.774685341579153,near,non_dense,-1.0,-1.0,99,2,3,2
27,59.0,-0.4342920066666667,-0.11965812999999999,-0.22013936999999997,296.3333333333333,-45.39666666666667,8.786809902773747,-12.44513837574236,0.5,10.333333333333334,22.778471709075692,4.4,1.3,3.0,2.7000000000000006,0.0,1.7,4.0,0.0,2.0,3.035081719597535,near,non_dense,-1.0,-1.0,99,2,3,2
27,60.0,-0.33085739666666664,-0.08237226666666667,-0.20745877333333332,389.3733333333333,206.76666666666665,13.54571074670834,-9.263578972034681,0.5,20.666666666666668,29.930245638701347,8.2,1.0,3.0,0.9,0.0,7.3,1.0,0.0,4.0,5.033877480765827,near,non_dense,-1.0,-1.0,99,2,3,2
27,65.0,-0.26832266,-0.32548068,-0.21934617999999997,-135.01,-114.84000000000003,-9.152085776394456,-4.622087293220554,-0.5,-15.0,-10.377912706779446,5.599999999999999,0.9,3.0,1.3999999999999997,1.0,3.2000000000000006,2.0,1.0,3.0,3.819960546105376,near,non_dense,-1.0,-1.0,99,2,3,2
27,66.0,-0.35869828000000004,-0.12791874,-0.19115172333333333,308.1266666666667,48.48000000000002,8.003783511917943,-7.351665180092304,0.5,16.333333333333332,23.68499851342564,8.6,1.2,3.0,0.0,2.3,6.3,0.0,2.0,5.0,3.61215188260771,near,non_dense,-1.0,-1.0,99,2,3,2
27,68.0,-0.28429645333333337,-0.3032821833333333,-0.22271754666666665,-585.5333333333333,19.96666666666668,-12.93329385863217,29.047773582758186,-0.5,-15.0,-44.04777358275819,4.4,0.6999999999999998,3.0,0.4000000000000001,0.5,3.5,1.0,1.0,4.0,4.395104452036744,near,non_dense,-1.0,-1.0,99,2,3,2
27,69.0,-0.3365022366666666,-0.06720938,-0.19951847,104.09333333333332,-72.46666666666665,14.437823621665865,21.66524805551913,0.5,29.666666666666668,8.001418611147534,5.1,1.1,3.0,1.6000000000000003,0.0,3.5,2.0,0.0,2.0,5.216645990196187,near,non_dense,-1.0,-1.0,99,2,3,2
27,73.0,-0.33287877666666665,-0.14897454333333335,-0.21346200666666668,82.42333333333333,-98.68666666666667,6.0624174915312885,4.664305174912095,0.5,11.0,6.335694825087905,12.0,1.1,4.0,1.8,1.3,8.9,2.0,1.0,10.0,2.179905875704394,far,non_dense,-1.0,-1.0,99,2,3,2
27,74.0,-0.29520174,-0.15354221666666668,-0.21034129333333332,135.67666666666665,-140.31666666666666,8.277571355454727,8.237508804186263,0.5,18.666666666666668,10.429157862480404,8.8,1.3,4.0,2.7999999999999994,0.0,6.0,1.0,0.0,6.0,2.5918198803084063,far,non_dense,-1.0,-1.0,99,2,3,2
27,75.0,-0.295661295,-0.31743945,-0.24700023000000002,-90.45166666666667,-150.04833333333335,-9.375466480313277,-9.21385205404998,-0.5,-16.166666666666668,-6.952814612616688,2.2,0.6,4.0,1.6000000000000003,0.0,0.6,2.0,0.0,1.0,2.9681394448606393,far,non_dense,-1.0,-1.0,99,2,3,2
27,76.0,-0.28169647999999997,-0.29070101333333337,-0.23351038999999998,-444.8833333333334,-153.40666666666667,-7.427436698203032,18.84806590492882,-0.5,-15.0,-33.84806590492882,2.3,1.1,4.0,1.6000000000000003,0.0,0.6999999999999998,1.0,0.0,1.0,1.9702561991744922,far,non_dense,-1.0,-1.0,99,2,3,2
27,78.0,-0.29050977,-0.16606879,-0.21251658666666665,282.20666666666665,-17.183333333333337,7.84855499715605,7.974079806894263,0.5,29.666666666666668,21.692586859772405,5.2,0.8000000000000002,4.0,1.1,0.0,4.1,2.0,0.0,6.0,2.7421409340978014,far,non_dense,-1.0,-1.0,99,2,3,2
27,83.0,-0.28598594666666666,-0.15906929666666667,-0.23058315,282.1066666666667,-89.64666666666666,9.711321939495798,10.31509991358274,0.5,32.0,21.684900086417258,8.0,0.5,4.0,1.8999999999999997,1.1,5.0,2.0,1.0,2.0,3.62419108360112,far,non_dense,-1.0,-1.0,99,2,3,2
27,85.0,-0.37926163333333335,-0.08781691333333334,-0.17634273,77.10333333333335,54.01,7.832559340227586,14.073241517405734,0.5,20.0,5.926758482594264,7.400000000000001,1.3,4.0,1.0,0.0,6.400000000000001,2.0,0.0,6.0,2.6529384927202186,far,non_dense,-1.0,-1.0,99,2,3,2
27,86.0,-0.33418390333333337,-0.09315272000000001,-0.18463374,303.8933333333334,-68.16000000000001,11.57993488460933,0.9737415586087769,0.5,24.333333333333332,23.35959177472456,5.599999999999999,1.1,4.0,4.1,0.0,1.5,6.0,0.0,3.0,4.1349578470821,far,non_dense,-1.0,-1.0,99,2,3,2
27,88.0,-0.16824468333333334,-0.39625678666666664,-0.2810514766666667,-543.0300000000001,15.079999999999984,11.051621382221944,-3.258514649563414,0.5,-45.0,-41.741485350436584,0.8000000000000002,0.8000000000000002,4.0,0.0,0.4000000000000001,0.4000000000000001,0.0,1.0,1.0,4.965708779736462,far,non_dense,-1.0,-1.0,99,2,3,2
27,93.0,-0.33205266833333336,-0.2629692416666667,-0.4404364233333333,-108.19500000000001,-119.365,-7.358624422044997,-0.8499622350689897,-0.5,-9.166666666666666,-8.316704431597676,2.4,0.8000000000000002,4.0,1.3999999999999997,0.0,1.0,1.0,0.0,2.0,2.2153338276928243,far,non_dense,-1.0,-1.0,99,2,3,2
27,95.0,-0.2908965266666667,-0.12700457333333334,-0.23292956333333334,289.57666666666665,-126.11333333333333,12.63025712997643,7.740897943953514,0.5,30.0,22.259102056046487,3.0,0.5,4.0,1.2,1.1,0.6999999999999998,2.0,1.0,1.0,4.8147745802109565,far,non_dense,-1.0,-1.0,99,2,3,2
27,96.0,-0.2517701866666667,-0.33435144,-0.2713801466666667,-95.9833333333333,-79.41333333333333,-11.888922710508057,-16.621978707954618,-0.5,-24.0,-7.378021292045382,5.0,1.3,4.0,1.3,0.0,3.7000000000000006,2.0,0.0,2.0,5.320452476921891,far,non_dense,-1.0,-1.0,99,2,3,2
28,1.0,-0.49723958,-0.37525940999999996,-0.24618949333333331,-307.6666666666667,-123.81,-12.156578164530117,6.423651308241162,-0.5,-18.0,-24.423651308241162,2.6,1.8,1.0,1.7,0.9,0.0,2.0,2.0,0.0,1.6001199948951903,near,dense,0.0,0.0,115,2,1,1
28,2.0,-0.46596581,-0.09867891333333334,-0.20771154333333333,305.9066666666667,-35.60666666666666,9.913832290389434,-10.617269713180661,0.5,13.666666666666666,24.28393637984733,4.7,1.8999999999999997,1.0,0.0,2.3,2.4,0.0,1.0,5.0,1.5015492695438555,near,dense,0.0,0.0,115,2,1,1
28,3.0,-0.4392008,-0.34140034666666663,-0.26341517666666664,-262.2866666666667,-90.16666666666667,-13.836970540122993,5.48789555984396,-0.5,-15.333333333333334,-20.82122889317729,1.1,0.4000000000000001,1.0,0.6999999999999998,0.0,0.4000000000000001,1.0,0.0,1.0,2.6311113762966727,near,dense,0.0,0.0,115,2,1,1
28,4.0,-0.4529519766666667,-0.04456081666666667,-0.20979284333333334,308.6266666666667,-105.3,14.38371262786606,-2.499859451001438,0.5,22.0,24.499859451001438,1.3999999999999997,2.6,1.0,0.5,0.9,0.0,1.0,1.0,0.0,2.1787528932323004,near,dense,0.0,0.0,115,2,1,1
28,5.0,-0.45001594333333333,-0.016184653333333333,-0.20775226333333333,368.1833333333334,-102.64999999999999,16.761980659062697,0.10565830351992256,0.5,29.333333333333332,29.227675029813412,1.3,2.6,1.0,0.0,0.5,0.8000000000000002,0.0,1.0,2.0,2.5882264046237253,near,dense,0.0,0.0,115,2,1,1
28,6.0,-0.4667663766666667,-0.07882442,-0.21659684,322.8233333333333,-86.76333333333334,11.089055864395087,-7.626840284390376,0.5,18.0,25.626840284390372,5.7,2.1,1.0,0.0,1.6000000000000003,4.1,0.0,2.0,5.0,1.6267543418350765,near,dense,0.0,0.0,115,2,1,1
28,7.0,-0.4613828066666667,-0.06882939666666667,-0.21581847,394.14000000000004,-15.180000000000007,12.340722020543703,-10.62153894534906,0.5,20.666666666666668,31.28820561201573,1.8999999999999997,2.3,1.0,0.6999999999999998,0.0,1.2,1.0,0.0,3.0,1.4967053496920801,near,dense,0.0,0.0,115,2,1,1
28,8.0,-0.45924333666666667,-0.05580423,-0.21585664000000002,441.8966666666667,-36.96000000000001,14.06574932427719,-17.07929610273264,0.5,18.0,35.07929610273264,1.2,2.0,1.0,0.0,0.0,1.2,0.0,0.0,1.0,2.146806798770012,near,dense,0.0,0.0,115,2,1,1
28,9.0,-0.4259929433333333,-0.013783416666666666,-0.19772152333333334,78.02666666666664,-55.776666666666664,16.795273458078245,25.805971507873142,0.5,32.0,6.194028492126857,0.9,2.6,1.0,0.0,0.4000000000000001,0.5,0.0,1.0,1.0,2.628680605109988,near,dense,0.0,0.0,115,2,1,1
28,10.0,-0.41724676666666666,0.02544067,-0.20904731666666665,535.3733333333333,-54.22666666666667,21.439977463553248,-4.499799392407688,0.5,38.0,42.49979939240769,1.7,2.0,1.0,0.4000000000000001,0.0,1.3,1.0,0.0,1.0,3.46868494239367,near,dense,0.0,0.0,115,2,1,1
28,12.0,-0.43719256666666667,-0.02042541,-0.2183970266666667,394.9533333333334,-123.81,16.09647107878912,-6.019437510743184,0.5,25.333333333333332,31.352770844076517,0.4000000000000001,3.0,1.0,0.4000000000000001,0.0,0.0,1.0,0.0,0.0,2.441758570957821,near,dense,0.0,0.0,115,2,1,1
28,13.0,-0.47105803333333335,-0.07266552333333333,-0.21798946,355.6366666666667,-37.839999999999996,11.466570411391857,-12.231676941793694,0.5,16.0,28.231676941793694,5.1,1.8,1.0,0.0,2.6,2.5,0.0,2.0,2.0,1.725918203173829,near,dense,0.0,0.0,115,2,1,1
28,14.0,-0.4643391366666667,-0.06152332666666666,-0.21521244000000003,337.5833333333333,-42.25999999999999,12.649343081054369,-4.465207145996281,0.5,22.333333333333332,26.798540479329613,4.2,2.6,1.0,0.0,1.8,2.4,0.0,1.0,3.0,1.9971564313045989,near,dense,0.0,0.0,115,2,1,1
28,15.0,-0.45001023,-0.032602023333333334,-0.21183821666666666,323.4533333333334,-10.31333333333333,14.901629838438685,-3.3435185447434783,0.5,22.333333333333332,25.676851878076814,0.5,2.2,1.0,0.0,0.5,0.0,0.0,1.0,0.0,2.4362460912560917,near,dense,0.0,0.0,115,2,1,1
28,16.0,-0.43453571,-0.007608576666666668,-0.20270362,386.87000000000006,-1.7933333333333508,18.163609788458956,-1.711087697570721,0.5,29.0,30.71108769757072,0.9,1.8999999999999997,1.0,0.0,0.0,0.9,0.0,0.0,2.0,3.110833295347575,near,dense,0.0,0.0,115,2,1,1
28,17.0,-0.4555612866666667,-0.05101148,-0.22796371999999998,359.37000000000006,41.71,12.63733477609919,-5.861375274750322,0.5,22.666666666666668,28.528041941416987,1.1,3.0,1.0,0.0,0.4000000000000001,0.6999999999999998,0.0,1.0,1.0,1.5578318004640606,near,dense,0.0,0.0,115,2,1,1
28,19.0,-0.4324955133333333,-0.030950489999999997,-0.19921197666666668,451.0033333333334,-117.45666666666666,15.962809957065064,-3.8022150125280327,0.5,32.0,35.80221501252803,2.9,2.4,1.0,0.0,1.8999999999999997,1.0,0.0,2.0,1.0,3.2059502579528,near,dense,0.0,0.0,115,2,1,1
28,22.0,-0.44334751333333333,-0.035152039999999996,-0.20682334,407.0,-12.346666666666673,15.559695740122791,-6.975743857741921,0.5,25.333333333333332,32.309077191075254,1.7,2.2,1.0,0.0,0.0,1.7,0.0,0.0,2.0,2.540477695265312,near,dense,0.0,0.0,115,2,1,1
28,24.0,-0.4881069533333333,-0.17391805333333332,-0.22272788333333335,171.17,-33.823333333333345,4.168979678265369,-8.588070621121256,0.5,5.0,13.588070621121256,6.099999999999999,2.5,1.0,0.8000000000000002,1.6000000000000003,3.7000000000000006,1.0,2.0,4.0,1.2025681589351345,near,dense,0.0,0.0,115,2,1,1
28,25.0,-0.4325552366666667,-0.01820084666666667,-0.20305722666666667,389.3966666666667,52.23333333333333,17.356762286431707,-2.578329962196728,0.5,28.333333333333332,30.91166329553006,0.8000000000000002,2.1,2.0,0.0,0.0,0.8000000000000002,0.0,0.0,1.0,2.996163000042227,far,dense,0.0,0.0,115,2,1,1
28,26.0,-0.4559191266666667,-0.07030009333333333,-0.20900127666666668,368.50666666666666,-6.6566666666666565,13.31124222756903,-14.253342355673643,0.5,15.0,29.25334235567364,4.0,2.0,2.0,0.0,1.6000000000000003,2.4,0.0,2.0,4.0,2.3641332062349343,far,dense,0.0,0.0,115,2,1,1
28,27.0,-0.45296217999999994,-0.05136489666666666,-0.20867769333333333,348.91333333333336,-3.9566666666666683,14.343234713195296,-3.3646219975316214,0.5,24.333333333333332,27.697955330864954,0.9,2.4,2.0,0.5,0.4000000000000001,0.0,1.0,1.0,0.0,2.4127460769539706,far,dense,0.0,0.0,115,2,1,1
28,29.0,-0.4741770633333333,-0.0721,-0.21784357,262.6433333333334,-125.86000000000001,12.69853961059795,-4.84954233510559,0.5,16.0,20.849542335105593,2.6,2.0,2.0,0.0,0.4000000000000001,2.2,0.0,1.0,4.0,2.2089481580672303,far,dense,0.0,0.0,115,2,1,1
28,30.0,-0.45742243666666665,-0.052626853333333334,-0.22171534666666667,230.7266666666667,-49.49000000000001,14.583320253786127,1.0174471334001058,0.5,19.333333333333332,18.315886199933228,2.3,2.9,2.0,0.6,0.0,1.7,1.0,0.0,3.0,2.5379880406794757,far,dense,0.0,0.0,115,2,1,1
28,31.0,-0.46855215,-0.08568663666666666,-0.21023166999999998,239.40999999999997,-52.423333333333325,13.212119274692512,-4.005199435664193,0.5,15.0,19.005199435664192,4.7,3.2000000000000006,2.0,0.0,2.0,2.7000000000000006,0.0,2.0,3.0,3.6442596491278594,far,dense,0.0,0.0,115,2,1,1
28,32.0,-0.4642762333333333,-0.05848688666666666,-0.21795275,217.54333333333332,-173.26999999999998,12.898025730852694,5.063986038319865,0.5,22.333333333333332,17.269347295013468,3.4,3.2000000000000006,2.0,1.2,1.0,1.2,1.0,2.0,2.0,2.2101170156024637,far,dense,0.0,0.0,115,2,1,1
28,33.0,-0.45501830000000004,-0.05163601,-0.21272618666666668,386.9166666666667,-108.30666666666667,13.052414138235937,-8.048125593399343,0.5,22.666666666666668,30.71479226006601,3.0,2.1,2.0,0.0,0.5,2.5,0.0,1.0,4.0,2.2431135694785134,far,dense,0.0,0.0,115,2,1,1
28,34.0,-0.4557579866666666,-0.040300010000000004,-0.21903134,416.8066666666667,-119.98,15.492274142287249,-11.08756453830002,0.5,22.0,33.08756453830002,2.7999999999999994,2.6,2.0,0.0,1.5,1.3,0.0,2.0,2.0,2.732316590353969,far,dense,0.0,0.0,115,2,1,1
28,35.0,-0.4262849766666667,0.023770763333333333,-0.21061836666666667,284.66333333333336,-38.18000000000001,21.123583187220124,11.73576672366392,0.5,34.333333333333336,22.597566609669414,3.6,2.7000000000000006,2.0,0.0,0.9,2.7000000000000006,0.0,1.0,3.0,3.779980643520844,far,dense,0.0,0.0,115,2,1,1
28,36.0,-0.45260945999999996,-0.03441552666666667,-0.21607583333333333,409.8766666666667,-21.393333333333317,15.658940855153011,-8.870770341082608,0.5,23.666666666666668,32.537437007749276,0.9,2.3,2.0,0.5,0.0,0.4000000000000001,1.0,0.0,1.0,3.7273174282714696,far,dense,0.0,0.0,115,2,1,1
28,37.0,-0.45462141666666667,-0.04975246666666666,-0.21541137666666668,321.00333333333333,-88.45666666666666,14.816755157348057,-3.482362347074021,0.5,22.0,25.48236234707402,2.4,2.7000000000000006,2.0,0.0,1.2,1.2,0.0,2.0,2.0,2.7194607959969335,far,dense,0.0,0.0,115,2,1,1
28,38.0,-0.44958094666666665,-0.013248586666666666,-0.22740445,405.62999999999994,-3.4900000000000095,16.91252430013238,-3.8669884873444382,0.5,28.333333333333332,32.20032182067777,2.7000000000000006,2.5,2.0,0.4000000000000001,0.0,2.3,1.0,0.0,5.0,3.390544331230474,far,dense,0.0,0.0,115,2,1,1
28,40.0,-0.44060713,-0.018623823333333334,-0.20308866666666667,490.6266666666667,-151.75,17.581167710949064,-9.28098651597039,0.5,29.666666666666668,38.947653182637055,1.0,1.7,2.0,0.0,0.5,0.5,0.0,1.0,1.0,3.269873202784284,far,dense,0.0,0.0,115,2,1,1
28,41.0,-0.4503820133333334,-0.051216630000000006,-0.20505105999999998,359.32,-100.03666666666668,14.793513661442425,-6.190739433981555,0.5,22.333333333333332,28.52407276731489,2.7999999999999994,2.9,2.0,0.6,0.4000000000000001,1.8,1.0,1.0,3.0,3.6854741419454373,far,dense,0.0,0.0,115,2,1,1
28,46.0,-0.4679225166666667,-0.37814684666666665,-0.24396315333333332,-389.37000000000006,-132.89666666666668,-13.120520929167315,12.909546402675607,-0.5,-18.0,-30.909546402675605,0.5,1.8999999999999997,2.0,0.5,0.0,0.0,1.0,0.0,0.0,2.5701870969573375,far,dense,0.0,0.0,115,2,1,1
28,47.0,-0.47479405,-0.35091777166666666,-0.24069730333333336,-145.52166666666665,-68.22500000000001,-11.603053346949778,-3.614650054118126,-0.5,-15.166666666666666,-11.552016612548542,1.3999999999999997,0.4000000000000001,2.0,1.3999999999999997,0.0,0.0,1.0,0.0,0.0,1.5973982068625932,far,dense,0.0,0.0,115,2,1,1
28,48.0,-0.3552943233333334,0.06249300666666666,-0.20575111999999998,198.35,32.25000000000001,-4.852681836879463,29.25428633697844,-0.5,45.0,15.745713663021563,2.7999999999999994,0.6,2.0,0.0,0.0,2.7999999999999994,0.0,0.0,5.0,1.315613720465416,far,dense,0.0,0.0,115,2,1,1
28,50.0,-0.3968345829166667,-0.11757380625000001,-0.44992394166666666,313.1325,127.37291666666665,41.386828821863595,-23.574562276675337,0.5,0.0,23.574562276675337,2.4,0.4000000000000001,3.0,0.5,0.0,1.8999999999999997,1.0,0.0,3.0,14.837424609065394,near,non_dense,0.0,0.0,115,2,1,1
28,54.0,-0.38499621666666667,-0.10470193333333333,-0.41489956666666666,76.84999999999998,30.58000000000001,13.179184557851835,19.566046071742505,0.5,25.666666666666668,6.10062059492416,5.599999999999999,12.0,3.0,1.3999999999999997,4.2,0.0,2.0,5.0,0.0,7.2296749013388215,near,non_dense,0.0,0.0,115,2,1,1
28,55.0,-0.45002285666666664,-0.34455261666666664,-0.22047545333333332,-151.72333333333336,-100.30333333333333,-9.576791430644542,-3.2890068263212746,-0.5,-15.333333333333334,-12.044326507012059,3.7999999999999994,0.9,3.0,2.0,1.8,0.0,2.0,1.0,0.0,3.690295818309236,near,non_dense,0.0,0.0,115,2,1,1
28,56.0,-0.4297604466666667,-0.06006181,-0.19838397333333332,8.949999999999989,-36.85,13.300125689565503,23.62285116905785,0.5,24.333333333333332,0.7104821642754852,3.4,1.3,3.0,0.0,0.6999999999999998,2.7000000000000006,0.0,1.0,5.0,4.770118443461587,near,non_dense,0.0,0.0,115,2,1,1
28,57.0,-0.36595821666666667,-0.13012642,-0.21816394000000003,239.55000000000004,-145.68999999999997,8.162778722691812,0.6503535435166005,0.5,19.666666666666668,19.016313123150066,7.8,0.4000000000000001,3.0,3.1,0.0,4.7,4.0,0.0,5.0,3.0045313870287234,near,non_dense,0.0,0.0,115,2,1,1
28,58.0,-0.4195544233333333,-0.08496597333333333,-0.18996574,318.6,-77.17999999999999,13.846470875680907,-5.291577378566527,0.5,20.0,25.29157737856653,9.4,1.8,3.0,2.0,1.2,6.2,2.0,1.0,5.0,7.43114407299288,near,non_dense,0.0,0.0,115,2,1,1
28,59.0,-0.4515137966666667,-0.09271182333333333,-0.20301273,342.10666666666674,77.98666666666666,10.489864978063776,-11.15761842976606,0.5,16.0,27.157618429766057,6.599999999999999,1.8999999999999997,3.0,4.9,0.8000000000000002,0.9,4.0,1.0,1.0,3.8495871113361098,near,non_dense,0.0,0.0,115,2,1,1
28,60.0,-0.4187822033333333,-0.039509623333333334,-0.19447851333333332,335.2866666666667,-60.00333333333334,14.383003824699246,5.38377691776007,0.5,32.0,26.61622308223993,4.3,2.0,3.0,0.4000000000000001,0.9,3.0,1.0,1.0,4.0,5.111867997176032,near,non_dense,0.0,0.0,115,2,1,1
28,61.0,-0.45415981666666666,-0.09338110666666666,-0.20585861666666663,88.02333333333331,58.51000000000001,10.263048287798595,9.012401299060409,0.5,16.0,6.98759870093959,9.0,2.1,3.0,1.0,4.7,3.2999999999999994,1.0,1.0,4.0,4.715581831632921,near,non_dense,0.0,0.0,115,2,1,1
28,62.0,-0.4341935133333334,-0.041954196666666665,-0.20349441999999998,454.9766666666667,-53.91999999999999,13.81892133983168,-10.45096538117473,0.5,25.666666666666668,36.1176320478414,3.5,2.1,3.0,0.4000000000000001,0.8000000000000002,2.3,1.0,1.0,2.0,5.102437449585142,near,non_dense,0.0,0.0,115,2,1,1
28,64.0,-0.4516755966666666,-0.32063355666666665,-0.231785665,-191.77666666666664,-12.054999999999998,-14.276059416417331,2.890566241065786,-0.5,-12.333333333333334,-15.22389957439912,5.2,0.5,3.0,3.6,0.0,1.6000000000000003,2.0,0.0,2.0,4.545717638562436,near,non_dense,0.0,0.0,115,2,1,1
28,65.0,-0.5002248800000001,-0.30537803999999996,-0.22001492,-96.99999999999996,-96.10000000000001,-8.995698200047105,-1.633135575263804,-0.5,-9.333333333333334,-7.700197758069529,6.5,1.7,3.0,2.3,1.5,2.7000000000000006,2.0,1.0,4.0,3.902553667578904,near,non_dense,0.0,0.0,115,2,1,1
28,66.0,-0.46704213666666666,-0.08410653666666668,-0.21289031666666666,155.39333333333335,-31.389999999999986,10.562061540519851,2.664336113893969,0.5,15.0,12.335663886106031,6.599999999999999,2.2,3.0,1.7,2.1,2.7999999999999994,3.0,2.0,5.0,3.9204952874052093,near,non_dense,0.0,0.0,115,2,1,1
28,69.0,-0.43603536333333337,-0.059644263333333336,-0.20097487333333333,319.7533333333334,-56.783333333333324,12.881142332679524,-2.7164663278549113,0.5,22.666666666666668,25.383132994521578,2.9,1.8,3.0,0.4000000000000001,0.9,1.6000000000000003,1.0,1.0,3.0,4.765645271524359,near,non_dense,0.0,0.0,115,2,1,1
28,70.0,-0.3970421,-0.11441650166666667,-0.44224239000000004,27.55499999999999,1.0899999999999939,17.24310015826441,-2.18741184766604,0.5,0.0,2.18741184766604,4.5,0.4000000000000001,3.0,1.2,0.0,3.2999999999999994,2.0,0.0,4.0,6.200894903164404,near,non_dense,0.0,0.0,115,2,1,1
28,72.0,-0.48930841666666663,-0.39185050000000005,-0.23728406999999999,-379.39333333333326,-173.51666666666665,-14.377772881587825,10.96981101898046,-0.5,-18.0,-28.96981101898046,3.6,1.8999999999999997,3.0,1.6000000000000003,1.0,1.0,1.0,1.0,1.0,4.471171123185823,near,non_dense,0.0,0.0,115,2,1,1
28,73.0,-0.4791002166666667,-0.15143088000000002,-0.22116656666666668,235.79,-19.0,6.396914471916855,-12.717831230672319,0.5,6.0,18.71783123067232,10.4,1.7,4.0,1.8,3.2999999999999994,5.3,2.0,1.0,7.0,2.238689372589317,far,non_dense,0.0,0.0,115,2,1,1
28,74.0,-0.4821852466666667,-0.13373711666666668,-0.22045525333333335,219.36999999999998,59.95666666666667,7.301707358196815,-10.414354455543434,0.5,7.0,17.41435445554343,6.8,1.7,4.0,0.0,2.0,4.8,0.0,2.0,6.0,2.5087895536140867,far,non_dense,0.0,0.0,115,2,1,1
28,75.0,-0.4711498033333334,-0.34765985666666666,-0.22661483333333332,-174.83333333333334,-18.19666666666667,-8.836865573062974,-1.4544545563317204,-0.5,-15.333333333333334,-13.878878777001612,3.4,1.3,4.0,1.5,0.0,1.8999999999999997,2.0,0.0,4.0,2.9293886753915523,far,non_dense,0.0,0.0,115,2,1,1
28,76.0,-0.47544107666666663,-0.2971083033333333,-0.22035013,-166.45000000000002,-54.63000000000002,-6.0837156715885525,2.8800472525499017,-0.5,-10.333333333333334,-13.213380585883234,4.3,1.5,4.0,2.3,0.0,2.0,1.0,0.0,1.0,1.9407147274309746,far,non_dense,0.0,0.0,115,2,1,1
28,77.0,-0.47896893999999995,-0.30231490666666666,-0.22872801333333334,-113.59000000000002,-71.86000000000001,-6.452543516179152,-1.982830274854452,-0.5,-11.0,-9.017169725145548,7.900000000000001,1.5,4.0,2.2,0.0,5.7,1.0,0.0,5.0,2.2057741053513324,far,non_dense,0.0,0.0,115,2,1,1
28,78.0,-0.46051753666666667,-0.11612274666666667,-0.20113670333333333,224.02,8.649999999999997,7.816559902604978,-2.4501543137051893,0.5,15.333333333333334,17.783487647038523,7.599999999999999,1.6000000000000003,4.0,1.3999999999999997,2.3,3.9,1.0,1.0,5.0,2.664025724221943,far,non_dense,0.0,0.0,115,2,1,1
28,79.0,-0.487461,-0.32823811,-0.229758,-79.09333333333335,-3.2766666666666815,-8.691637649907515,-5.721295793695055,-0.5,-12.0,-6.278704206304945,3.2000000000000006,1.2,4.0,1.2,1.2,0.8000000000000002,1.0,1.0,2.0,2.8788462548602314,far,non_dense,0.0,0.0,115,2,1,1
28,80.0,-0.47917246666666663,-0.34842362,-0.24298983333333335,-114.88333333333331,-38.633333333333326,-11.212313975296874,-3.8801609714135274,-0.5,-13.0,-9.119839028586473,5.7,1.3999999999999997,4.0,1.2,0.6,3.9,1.0,1.0,5.0,5.374846454031939,far,non_dense,0.0,0.0,115,2,1,1
28,81.0,-0.41593153,-0.32442981000000004,-0.2650956233333333,-209.70666666666668,38.21333333333333,-13.070052215177085,2.6472454074113543,-0.5,-14.0,-16.647245407411354,1.3,0.4000000000000001,4.0,0.0,0.0,1.3,0.0,0.0,1.0,4.287000287964185,far,non_dense,0.0,0.0,115,2,1,1
28,82.0,-0.46627643333333335,-0.12473008000000001,-0.21494354000000002,265.38666666666666,-42.829999999999984,8.091115233383714,-11.400651020840682,0.5,9.666666666666666,21.067317687507348,9.6,1.0,4.0,1.6000000000000003,0.0,8.0,2.0,0.0,7.0,2.756733783968589,far,non_dense,0.0,0.0,115,2,1,1
28,83.0,-0.46591909666666664,-0.10167896333333333,-0.20867893,245.56000000000003,-31.209999999999997,10.787429610455368,-7.160074516888876,0.5,12.333333333333334,19.49340785022221,5.400000000000001,1.6000000000000003,4.0,0.8000000000000002,0.0,4.6,1.0,0.0,6.0,3.5749281477019164,far,non_dense,0.0,0.0,115,2,1,1
28,84.0,-0.4389779233333333,-0.04338338,-0.20047685,298.36666666666673,-16.323333333333323,13.51061502432971,-3.6853849252509883,0.5,20.0,23.685384925250986,3.4,1.5,4.0,1.0,1.2,1.2,1.0,1.0,2.0,4.437843713887967,far,non_dense,0.0,0.0,115,2,1,1
28,85.0,-0.4740623466666667,-0.14058116,-0.22323635,211.86,-80.83999999999999,6.9582098332906455,-9.818184505408366,0.5,7.0,16.818184505408365,8.8,1.2,4.0,1.1,2.3,5.400000000000001,1.0,1.0,7.0,2.537808217676573,far,non_dense,0.0,0.0,115,2,1,1
28,86.0,-0.466481,-0.12244571666666666,-0.20979198333333335,235.73,-64.77,7.651187243118073,-7.713068221749801,0.5,11.0,18.7130682217498,7.599999999999999,1.2,4.0,0.0,1.1,6.5,0.0,1.0,6.0,2.9439688532342827,far,non_dense,0.0,0.0,115,2,1,1
28,87.0,-0.45203042,-0.11075391000000001,-0.20220726,312.9,-98.93,9.906178210175494,-13.17242486426072,0.5,11.666666666666666,24.83909153092738,3.5,1.2,4.0,0.6,0.0,2.9,1.0,0.0,5.0,3.7304964532268614,far,non_dense,0.0,0.0,115,2,1,1
28,88.0,-0.42972837666666663,-0.06335478666666666,-0.19582390000000002,234.59000000000003,-112.55333333333333,13.361015831477594,3.7107622811113568,0.5,22.333333333333332,18.622571052221975,4.8,1.5,4.0,1.2,1.3999999999999997,2.2,1.0,1.0,3.0,4.990892705559973,far,non_dense,0.0,0.0,115,2,1,1
28,89.0,-0.45683151333333333,-0.11167695666666666,-0.20266882333333333,257.2366666666667,-93.02666666666669,7.84369881644884,-7.420342308865425,0.5,13.0,20.420342308865425,6.8,1.2,4.0,2.7999999999999994,0.0,4.0,1.0,0.0,6.0,3.730478511687472,far,non_dense,0.0,0.0,115,2,1,1
28,90.0,-0.48069612,-0.13239699666666668,-0.22201729,276.87666666666667,44.40666666666667,7.3170379465384086,-13.646100562836068,0.5,8.333333333333334,21.9794338961694,8.7,1.8999999999999997,4.0,6.400000000000001,1.2,1.1,4.0,1.0,2.0,2.7482410099370136,far,non_dense,0.0,0.0,115,2,1,1
28,91.0,-0.46903611333333334,-0.35064086333333333,-0.22190863333333333,-102.90666666666668,-112.81666666666666,-8.585430107202297,-7.4975771413359915,-0.5,-15.666666666666666,-8.169089525330675,4.8,1.3,4.0,1.8999999999999997,1.6000000000000003,1.3,2.0,1.0,2.0,2.944101556782986,far,non_dense,0.0,0.0,115,2,1,1
28,92.0,-0.5133461366666666,-0.29628345333333334,-0.23187166,-30.019999999999982,-73.19000000000001,-6.332431417512752,-6.283574535767211,-0.5,-8.666666666666666,-2.383092130899456,4.8,1.5,4.0,2.4,1.8,0.6,2.0,1.0,1.0,2.0542157361260434,far,non_dense,0.0,0.0,115,2,1,1
28,94.0,-0.47337623666666667,-0.3168297,-0.23104118666666665,-71.26999999999998,-94.16666666666667,-7.963932559769225,-5.342339234869944,-0.5,-11.0,-5.657660765130056,3.6,1.2,4.0,1.3999999999999997,1.3,0.9,1.0,1.0,2.0,2.58231338894141,far,non_dense,0.0,0.0,115,2,1,1
28,95.0,-0.44332629333333334,-0.07978353666666667,-0.2007430033333333,326.74,-6.51333333333334,12.527092759003331,-7.937758922388034,0.5,18.0,25.93775892238803,4.5,1.3,4.0,0.0,1.1,3.4,0.0,1.0,4.0,4.518089886122254,far,non_dense,0.0,0.0,115,2,1,1
28,96.0,-0.48565209000000004,-0.3468517066666667,-0.22752102666666665,-44.45666666666665,-41.14000000000001,-10.642352629158434,-10.470875000021536,-0.5,-14.0,-3.5291249999784644,4.2,1.8999999999999997,4.0,0.0,2.1,2.1,0.0,1.0,3.0,5.033823340744981,far,non_dense,0.0,0.0,115,2,1,1
29,2.0,-0.22174058666666666,-0.1910398133333333,-0.2804859,259.7366666666667,-69.82000000000001,9.768305114018917,7.153724100750047,0.5,27.333333333333332,20.179609232583285,6.099999999999999,1.2,1.0,2.1,0.0,4.0,2.0,0.0,6.0,1.4573221826172837,near,dense,2.0,0.75,122,2,1,2
29,3.0,-0.19133924666666666,-0.32612162,-0.30278357,-356.84999999999997,-51.52333333333333,-13.9917724818312,1.7245937089385919,-0.5,-26.0,-27.724593708938595,4.6,1.2,1.0,1.3999999999999997,1.2,2.0,2.0,2.0,3.0,2.5954088642538315,near,dense,2.0,0.75,122,2,1,2
29,4.0,-0.21476302333333333,-0.1659574,-0.26083552666666665,382.27666666666664,-46.71333333333333,13.100816946606775,2.2999432037531684,0.5,32.0,29.70005679624683,5.3,1.0,1.0,1.0,0.8000000000000002,3.5,1.0,2.0,2.0,1.9262138601281908,near,dense,2.0,0.75,122,2,1,2
29,5.0,-0.21797940000000002,-0.16051834,-0.27021585,430.35999999999996,-22.77,15.065852099139049,10.230892115514045,0.5,43.666666666666664,33.435774551152626,4.2,1.3999999999999997,1.0,0.0,0.0,4.2,0.0,0.0,5.0,2.358353538151581,near,dense,2.0,0.75,122,2,1,2
29,6.0,-0.22704780000000002,-0.18371351,-0.27665297333333333,3.669999999999997,-166.18666666666664,10.52977733978139,19.714868267025906,0.5,20.0,0.28513173297409367,8.9,1.2,1.0,0.8000000000000002,1.8,6.3,2.0,1.0,5.0,1.5465529290215347,near,dense,2.0,0.75,122,2,1,2
29,7.0,-0.23706664,-0.17645542666666666,-0.28657064000000004,429.93333333333334,-86.15999999999998,11.885682829361977,-1.4026257211610762,0.5,32.0,33.40262572116108,3.7000000000000006,1.1,1.0,0.5,0.0,3.2000000000000006,1.0,0.0,4.0,1.4026277632994304,near,dense,2.0,0.75,122,2,1,2
29,8.0,-0.22928884666666668,-0.15660679333333336,-0.28290705666666666,373.72666666666663,-54.963333333333345,13.831862374129742,-1.7024519869111832,0.5,27.333333333333332,29.035785320244514,4.4,1.2,1.0,0.4000000000000001,0.5,3.5,1.0,1.0,4.0,2.031235130625807,near,dense,2.0,0.75,122,2,1,2
29,9.0,-0.20975684333333333,-0.12668986666666668,-0.32598808333333334,461.8566666666666,-71.27666666666666,16.55328170212124,9.117168459862645,0.5,45.0,35.88283154013735,3.7999999999999994,1.5,1.0,0.0,1.5,2.3,0.0,1.0,5.0,2.6078143972174153,near,dense,2.0,0.75,122,2,1,2
29,10.0,-0.20398004333333333,-0.12613947,-0.3280016266666667,390.81333333333333,15.776666666666662,19.403009556720594,1.6367076286880906,0.5,32.0,30.36329237131191,4.5,1.2,1.0,0.6999999999999998,1.8999999999999997,1.8999999999999997,1.0,1.0,2.0,3.044925305812228,near,dense,2.0,0.75,122,2,1,2
29,11.0,-0.22197115,-0.08512991666666665,-0.34995904666666666,624.54,-60.879999999999995,24.459974162664,-18.1395134881633,0.5,28.333333333333332,46.47284682149663,1.6000000000000003,0.5,1.0,0.0,0.0,1.6000000000000003,0.0,0.0,2.0,4.063933379105004,near,dense,2.0,0.75,122,2,1,2
29,12.0,-0.20654401,-0.15033208,-0.34022198,413.00666666666666,-50.04000000000002,14.297180612904242,-10.087549481340519,0.5,22.0,32.08754948134052,3.2999999999999994,0.6,1.0,1.3999999999999997,0.0,1.8999999999999997,2.0,0.0,1.0,2.1569344773375483,near,dense,2.0,0.75,122,2,1,2
29,13.0,-0.22591268666666667,-0.17148337,-0.3422192366666667,332.71999999999997,-226.42333333333332,10.869583227123584,6.150128012223488,0.5,32.0,25.84987198777651,6.0,1.0,1.0,1.0,0.4000000000000001,4.6,2.0,1.0,5.0,1.7246513967568913,near,dense,2.0,0.75,122,2,1,2
29,14.0,-0.20265986666666666,-0.16538299666666667,-0.3300081633333333,298.9266666666667,-38.79333333333337,12.178939229765327,-12.891047729019617,0.5,10.333333333333334,23.22438106235295,7.599999999999999,1.1,1.0,1.8999999999999997,0.5,5.2,1.0,1.0,5.0,1.8907191261505092,near,dense,2.0,0.75,122,2,1,2
29,15.0,-0.23875602666666665,-0.15545372999999998,-0.32008803999999996,205.70000000000002,-21.653333333333308,13.427399083448563,7.685304957464851,0.5,23.666666666666668,15.981361709201815,10.5,1.0,1.0,1.1,1.1,8.3,1.0,1.0,5.0,2.1882430424744492,near,dense,2.0,0.75,122,2,1,2
29,16.0,-0.21389316333333333,-0.13246179,-0.3263756033333333,89.80000000000003,-258.42333333333335,16.626992675613746,27.02320718771841,0.5,34.0,6.976792812281597,4.2,0.9,1.0,0.0,0.0,4.2,0.0,0.0,5.0,2.689914775113213,near,dense,2.0,0.75,122,2,1,2
29,17.0,-0.2841939633333333,-0.16250619666666666,-0.26411769,260.73,-29.67333333333333,10.300267369619858,-1.5901171857406702,0.5,18.666666666666668,20.256783852407338,7.3,1.1,1.0,0.6999999999999998,0.9,5.7,1.0,1.0,9.0,1.3126049690586823,near,dense,2.0,0.75,122,2,1,2
29,18.0,-0.19389819333333333,-0.3611999266666667,-0.29673284666666666,-438.40000000000003,-22.64333333333333,-18.741441071619256,0.060422816305668516,-0.5,-34.0,-34.06042281630567,0.6,1.2,1.0,0.0,0.0,0.6,0.0,0.0,1.0,2.854922757930456,near,dense,2.0,0.75,122,2,1,2
29,19.0,-0.17966987666666667,-0.15847466000000002,-0.2794025533333333,372.5466666666666,-118.5166666666667,15.010538726488962,8.055891912700831,0.5,37.0,28.944108087299167,4.2,0.9,1.0,0.0,0.0,4.2,0.0,0.0,6.0,2.9449560535304222,near,dense,2.0,0.75,122,2,1,2
29,20.0,-0.19060465000000001,-0.32319331,-0.30998248666666667,-382.2633333333333,1.436666666666649,-15.930707393942924,-7.3009791046904065,-0.5,-37.0,-29.69902089530959,1.3999999999999997,1.1,1.0,1.3999999999999997,0.0,0.0,3.0,0.0,0.0,2.4816767806937783,near,dense,2.0,0.75,122,2,1,2
29,21.0,-0.13839106666666667,-0.30659208666666665,-0.30577598333333333,-423.82,-84.38999999999999,-16.68702094559075,-9.072334858561433,-0.5,-42.0,-32.92766514143857,3.6,1.2,1.0,0.0,0.0,3.6,0.0,0.0,1.0,2.582916848425139,near,dense,2.0,0.75,122,2,1,2
29,22.0,-0.20975941333333334,-0.18071469333333334,-0.29946206000000003,340.11999999999995,-21.613333333333326,13.975458582111061,-5.424797007942253,0.5,21.0,26.42479700794225,3.7999999999999994,1.1,1.0,0.4000000000000001,0.0,3.4,1.0,0.0,5.0,2.3054008107978574,near,dense,2.0,0.75,122,2,1,2
29,25.0,-0.19098669333333332,-0.15400495333333333,-0.31754615,540.2233333333332,498.28999999999996,17.58441357636249,-5.971339298739437,0.5,36.0,41.97133929873944,3.4,1.6000000000000003,2.0,0.6,0.0,2.7999999999999994,1.0,0.0,4.0,3.0703387364394814,far,dense,2.0,0.75,122,2,1,2
29,26.0,-0.21382550666666666,-0.16629146333333333,-0.28854752666666666,309.97,-21.193333333333346,13.285006505673202,7.917633986381688,0.5,32.0,24.082366013618312,3.4,1.2,2.0,0.4000000000000001,0.0,3.0,1.0,0.0,2.0,2.2877947522708424,far,dense,2.0,0.75,122,2,1,2
29,27.0,-0.22811409333333332,-0.18685454999999998,-0.28833440000000005,335.2633333333333,-30.433333333333355,12.441785783709292,-2.7141367582208638,0.5,23.333333333333332,26.0474700915542,3.6,1.5,2.0,0.5,0.0,3.1,1.0,0.0,4.0,2.1491571930188584,far,dense,2.0,0.75,122,2,1,2
29,28.0,-0.22624,-0.20934183333333334,-0.2935905933333333,234.2266666666667,-13.493333333333323,-17.68211086557309,1.802328235582672,-0.5,20.0,18.197671764417326,0.6999999999999998,1.7,2.0,0.0,0.6999999999999998,0.0,0.0,1.0,0.0,2.1430742814402857,far,dense,2.0,0.75,122,2,1,2
29,29.0,-0.22340141,-0.18365734333333336,-0.2875692933333333,312.33,-23.919999999999998,11.987945935424063,-4.265720479509008,0.5,20.0,24.26572047950901,3.0,1.6000000000000003,2.0,0.6999999999999998,1.5,0.8000000000000002,1.0,1.0,1.0,2.1465336380144975,far,dense,2.0,0.75,122,2,1,2
29,30.0,-0.22608956666666666,-0.15414286,-0.30519616666666666,393.79,-58.919999999999995,14.499891582835764,-10.594557255549747,0.5,20.0,30.594557255549745,2.6,1.6000000000000003,2.0,0.0,0.6999999999999998,1.8999999999999997,0.0,1.0,3.0,2.4415828232921153,far,dense,2.0,0.75,122,2,1,2
29,31.0,-0.19582216333333333,-0.16026265666666664,-0.3242584866666666,339.01,-93.82000000000001,12.483573341813889,-18.00522492158406,0.5,8.333333333333334,26.33855825491739,5.8,1.3,2.0,0.4000000000000001,0.0,5.400000000000001,1.0,0.0,3.0,3.488437433625649,far,dense,2.0,0.75,122,2,1,2
29,32.0,-0.22221687,-0.17759468666666667,-0.30996380333333334,409.72666666666663,-23.370000000000005,11.436248587660215,-11.832717850780563,0.5,20.0,31.832717850780565,4.1,1.3,2.0,0.0,0.0,4.1,0.0,0.0,5.0,1.8914703449387502,far,dense,2.0,0.75,122,2,1,2
29,33.0,-0.21266796666666665,-0.17544575666666665,-0.31138142999999996,324.36333333333334,0.5766666666666728,12.918288258949675,10.799378924635887,0.5,36.0,25.200621075364115,1.8999999999999997,1.3,2.0,0.0,0.6,1.3,0.0,1.0,1.0,2.133942905515555,far,dense,2.0,0.75,122,2,1,2
29,34.0,-0.21082037333333334,-0.14893546,-0.30378241333333333,374.5833333333333,-44.623333333333335,15.274242499030185,15.8976580445381,0.5,45.0,29.1023419554619,0.6,1.2,2.0,0.0,0.0,0.6,0.0,0.0,1.0,2.5735465735941805,far,dense,2.0,0.75,122,2,1,2
29,35.0,-0.21906015666666667,-0.09693746333333335,-0.34951870333333335,609.8533333333334,-125.99333333333333,19.36878463506243,-3.714406301551245,0.5,43.666666666666664,47.381072968217914,1.7,1.3,2.0,0.6999999999999998,0.0,1.0,1.0,0.0,2.0,3.4218179821811034,far,dense,2.0,0.75,122,2,1,2
29,36.0,-0.20934953,-0.14188170333333336,-0.31422844333333333,476.28999999999996,-85.08333333333333,15.6318834813568,-7.337527638028189,0.5,29.666666666666668,37.004194304694856,5.5,1.0,2.0,1.3,0.6,3.6,1.0,1.0,4.0,3.6653111958737488,far,dense,2.0,0.75,122,2,1,2
29,39.0,-0.20580089333333332,-0.14021291666666666,-0.3205123733333333,255.13,10.176666666666657,14.185996882126068,17.1782945412316,0.5,37.0,19.8217054587684,5.599999999999999,1.1,2.0,0.6,0.0,5.0,1.0,0.0,5.0,2.465769330395139,far,dense,2.0,0.75,122,2,1,2
29,40.0,-0.21545859999999997,-0.13269311333333333,-0.33030318333333336,457.23,17.50666666666668,15.717692529724033,-3.1900405815832755,0.5,32.333333333333336,35.52337391491661,1.6000000000000003,1.1,2.0,0.0,0.6,1.0,0.0,1.0,1.0,2.91308679855378,far,dense,2.0,0.75,122,2,1,2
29,42.0,-0.16134384666666668,-0.31915475,-0.3143277066666667,-577.7033333333333,-167.29333333333332,-16.205824387238863,-0.7229733044427059,-0.5,-42.0,-41.277026695557296,0.6,1.2,2.0,0.0,0.6,0.0,0.0,1.0,0.0,1.9963530169380286,far,dense,2.0,0.75,122,2,1,2
29,45.0,-0.18841034333333337,-0.31163505,-0.31357826,-251.44333333333336,46.339999999999996,-14.448365103727951,-11.131387817043908,-0.5,-30.666666666666668,-19.53527884962276,1.5,1.6000000000000003,2.0,1.5,0.0,0.0,1.0,0.0,0.0,1.9207122301540112,far,dense,2.0,0.75,122,2,1,2
29,46.0,-0.19309047000000001,-0.29201594000000003,-0.3086702833333333,-293.69666666666666,23.090000000000014,-10.406838953251475,-3.181951080277706,-0.5,-26.0,-22.81804891972229,1.6000000000000003,1.3,2.0,0.6999999999999998,0.0,0.9,1.0,0.0,2.0,2.193202755314296,far,dense,2.0,0.75,122,2,1,2
29,47.0,-0.17893554,-0.30330434333333334,-0.32675619,-157.25,-1.1833333333333371,-11.365759819784648,-16.78284332147795,-0.5,-29.0,-12.21715667852205,4.1,0.9,2.0,1.3999999999999997,0.0,2.7000000000000006,2.0,0.0,3.0,1.5247259396795112,far,dense,2.0,0.75,122,2,1,2
29,48.0,-0.2121878,-0.06450929666666667,-0.35094998,817.2400000000001,-31.319999999999993,-5.117280983732162,-30.275027233310453,-0.5,26.333333333333332,56.60836056664379,3.0,0.4000000000000001,2.0,0.4000000000000001,0.0,2.6,1.0,0.0,3.0,1.316693107720204,far,dense,2.0,0.75,122,2,1,2
29,51.0,-0.15955291000000002,-0.28484286,-0.33263153,-288.54333333333335,-65.40333333333332,-14.922788260856708,7.417673207480746,-0.5,-15.0,-22.417673207480746,3.2000000000000006,1.1,3.0,0.8000000000000002,0.0,2.4,1.0,0.0,1.0,4.622095685822145,near,non_dense,2.0,0.75,122,2,1,2
29,52.0,-0.16268494,-0.27626801666666667,-0.32843332333333336,-254.70666666666668,-12.816666666666682,-12.14232483026945,1.1221489373445028,-0.5,-18.666666666666668,-19.78881560401117,1.8999999999999997,1.2,3.0,0.0,1.1,0.8000000000000002,0.0,1.0,1.0,4.51171444661517,near,non_dense,2.0,0.75,122,2,1,2
29,53.0,-0.15516524666666667,-0.2827991733333333,-0.3324886833333333,-395.49333333333334,-43.886666666666656,-16.651900795452605,-11.27310639971841,-0.5,-42.0,-30.72689360028159,4.0,1.3,3.0,0.4000000000000001,0.0,3.6,1.0,0.0,2.0,4.708072047664528,near,non_dense,2.0,0.75,122,2,1,2
29,54.0,-0.21077395000000002,-0.2264652766666667,-0.31678998333333336,179.67333333333332,-69.98000000000002,7.282645685910416,1.7073835869486917,0.5,15.666666666666666,13.959283079717975,3.9,1.3,3.0,0.0,1.1,2.7999999999999994,0.0,1.0,2.0,3.8405933495301023,near,non_dense,2.0,0.75,122,2,1,2
29,56.0,-0.22544808666666669,-0.19546693333333334,-0.3166259433333333,203.51666666666668,-47.929999999999986,9.695475256695754,16.188267069270506,0.5,32.0,15.811732930729491,6.099999999999999,1.2,3.0,0.6999999999999998,0.0,5.400000000000001,1.0,0.0,5.0,3.704124374132146,near,non_dense,2.0,0.75,122,2,1,2
29,58.0,-0.22660261999999998,-0.19193702666666668,-0.33457470666666667,250.35666666666668,6.429999999999988,11.556624381787275,0.5491470767619381,0.5,20.0,19.450852923238063,11.6,1.7,3.0,1.3,0.8000000000000002,9.5,1.0,1.0,4.0,6.107031990686735,near,non_dense,2.0,0.75,122,2,1,2
29,59.0,-0.26774326,-0.21743112,-0.31183588333333334,158.52666666666667,-29.893333333333317,6.99693115901929,-3.3163441932623563,0.5,9.0,12.316344193262358,9.9,1.5,3.0,1.7,0.0,8.2,1.0,0.0,7.0,2.497647824863641,near,non_dense,2.0,0.75,122,2,1,2
29,60.0,-0.22093395666666668,-0.16590569666666666,-0.35496979,323.8,-67.41666666666663,12.636110699645322,-8.156854260765911,0.5,17.0,25.15685426076591,2.5,1.2,3.0,0.0,0.0,2.5,0.0,0.0,3.0,4.328377009348503,near,non_dense,2.0,0.75,122,2,1,2
29,61.0,-0.25380031,-0.19882155666666668,-0.29500416,263.1133333333333,-72.15666666666668,10.459949373374393,-0.44195114493819315,0.5,20.0,20.44195114493819,11.300000000000002,1.0,3.0,3.2000000000000006,0.0,8.1,1.0,0.0,6.0,4.756073006841432,near,non_dense,2.0,0.75,122,2,1,2
29,62.0,-0.2059423,-0.18351575333333334,-0.3331659333333334,90.94333333333331,-272.7366666666667,12.76761259965653,15.601045349017127,0.5,22.666666666666668,7.06562131764954,5.900000000000001,0.6999999999999998,3.0,0.5,2.5,2.9,1.0,1.0,4.0,4.881289769258931,near,non_dense,2.0,0.75,122,2,1,2
29,63.0,-0.18519135333333334,-0.34557130999999996,-0.30878549,-452.5566666666667,-52.04333333333333,-16.817647163679528,0.49362396974887207,-0.5,-34.666666666666664,-35.16029063641554,3.0,1.1,3.0,0.9,0.0,2.1,2.0,0.0,3.0,4.602737876241879,near,non_dense,2.0,0.75,122,2,1,2
29,64.0,-0.18662045000000002,-0.29693101,-0.28486885666666667,-207.61666666666667,30.439999999999998,-10.91468978999322,1.130272468929429,-0.5,-15.0,-16.13027246892943,4.8,1.3999999999999997,3.0,1.1,2.2,1.5,2.0,2.0,2.0,3.767099305193279,near,non_dense,2.0,0.75,122,2,1,2
29,65.0,-0.18743221,-0.28165245,-0.31599342999999996,-180.19000000000003,-21.776666666666642,-10.018283538638682,-4.667242425630812,-0.5,-18.666666666666668,-13.999424241035854,2.4,1.8999999999999997,3.0,2.4,0.0,0.0,2.0,0.0,0.0,3.9136087198756435,near,non_dense,2.0,0.75,122,2,1,2
29,66.0,-0.22853564,-0.21585135,-0.3059891833333333,146.78999999999996,3.376666666666665,9.471853466251543,6.595507606739261,0.5,18.0,11.404492393260739,2.9,1.0,3.0,0.8000000000000002,0.0,2.1,1.0,0.0,2.0,3.4291975534340207,near,non_dense,2.0,0.75,122,2,1,2
29,67.0,-0.1736286,-0.3264163233333333,-0.3116350766666667,-395.0,-35.95666666666667,-17.128579454814314,-12.311434734396128,-0.5,-43.0,-30.688565265603874,2.0,1.1,3.0,1.0,0.4000000000000001,0.6,2.0,1.0,1.0,5.228705127781099,near,non_dense,2.0,0.75,122,2,1,2
29,68.0,-0.18217342,-0.30360654000000004,-0.30687849333333334,-240.0633333333333,-20.213333333333367,-12.239879161000667,-23.3488626003078,-0.5,-42.0,-18.6511373996922,4.1,1.1,3.0,0.6,1.3999999999999997,2.1,1.0,1.0,2.0,4.142753208191434,near,non_dense,2.0,0.75,122,2,1,2
29,70.0,-0.20951232,-0.21919427666666666,-0.3440262866666666,126.93999999999998,-8.540000000000001,9.951637180371776,2.4710384603820543,0.5,12.333333333333334,9.86229487295128,5.8,1.0,3.0,1.2,2.0,2.6,1.0,1.0,3.0,3.8220206938064583,near,non_dense,2.0,0.75,122,2,1,2
29,71.0,-0.19966308333333335,-0.32409890666666663,-0.32403406333333334,-527.7533333333333,-421.35666666666674,-10.947086136668709,3.7717594083605976,-0.5,-23.666666666666668,-27.438426075027262,4.2,0.6,3.0,1.3999999999999997,0.9,1.8999999999999997,2.0,1.0,1.0,3.5935250714755362,near,non_dense,2.0,0.75,122,2,1,2
29,72.0,-0.20581109,-0.30335618999999997,-0.35355156666666665,-706.1666666666666,-907.1666666666666,-12.610416657239204,12.877489680550227,-0.5,-22.0,-34.877489680550234,3.6,0.6,3.0,1.2,1.6000000000000003,0.8000000000000002,1.0,1.0,1.0,4.119673252154688,near,non_dense,2.0,0.75,122,2,1,2
29,73.0,-0.31128925,-0.17820291666666668,-0.2283717266666667,119.11666666666667,50.31333333333333,6.697214628101634,3.74552000197169,0.5,13.0,9.254479998028309,16.0,1.2,4.0,1.7,0.8000000000000002,13.5,1.0,1.0,9.0,2.2053926278769036,far,non_dense,2.0,0.75,122,2,1,2
29,74.0,-0.34096058333333334,-0.16092426,-0.22786785333333334,165.02,32.06666666666666,7.630287086411506,5.179172050303916,0.5,18.0,12.820827949696083,7.5,1.3,4.0,1.8,3.1,2.6,1.0,1.0,4.0,2.610799289684712,far,non_dense,2.0,0.75,122,2,1,2
29,75.0,-0.30083216333333335,-0.31514503,-0.24652516666666668,-165.04999999999998,8.76000000000001,-8.427615633385438,-2.1768412731951403,-0.5,-15.0,-12.823158726804861,6.5,1.3999999999999997,4.0,2.7000000000000006,1.1,2.7000000000000006,1.0,1.0,2.0,2.9246708340068905,far,non_dense,2.0,0.75,122,2,1,2
29,76.0,-0.3196473733333333,-0.3020947766666667,-0.22566311333333333,-104.40333333333331,8.226666666666668,-5.799878496702656,-6.88863668621115,-0.5,-15.0,-8.11136331378885,8.5,1.8999999999999997,4.0,2.7999999999999994,0.6,5.1,2.0,1.0,5.0,2.045293136022926,far,non_dense,2.0,0.75,122,2,1,2
29,77.0,-0.30319090666666665,-0.30750261,-0.2345682,-140.35,14.486666666666641,-6.369638013166644,-5.762514426090708,-0.5,-16.666666666666668,-10.904152240575959,7.5,1.3999999999999997,4.0,1.6000000000000003,1.6000000000000003,4.3,1.0,2.0,4.0,2.198622509360107,far,non_dense,2.0,0.75,122,2,1,2
29,80.0,-0.26395631999999997,-0.33976899666666666,-0.24580362333333336,-191.48666666666668,-45.70666666666667,-12.600760786344615,-11.122908689891304,-0.5,-26.0,-14.877091310108696,7.5,1.8999999999999997,4.0,1.8999999999999997,1.2,4.4,1.0,1.0,7.0,6.040314767132226,far,non_dense,2.0,0.75,122,2,1,2
29,81.0,-0.22609130666666666,-0.34718892,-0.2508851,-167.61666666666667,-9.176666666666677,-14.623438712348515,-21.31076367611062,-0.5,-34.333333333333336,-13.022569657222709,2.4,1.8,4.0,1.3999999999999997,0.0,1.0,1.0,0.0,1.0,4.684400150798886,far,non_dense,2.0,0.75,122,2,1,2
29,82.0,-0.2725065133333333,-0.16411313333333333,-0.24380873,113.19333333333334,-5.739999999999988,9.075339328421675,9.205718993338595,0.5,18.0,8.794281006661405,7.099999999999999,1.5,4.0,1.3,1.8999999999999997,3.9,2.0,1.0,3.0,3.130800059591595,far,non_dense,2.0,0.75,122,2,1,2
29,83.0,-0.26971429333333335,-0.16287590999999998,-0.23418229666666668,224.01666666666668,-14.960000000000015,9.890638696410475,2.5955693782708145,0.5,20.0,17.404430621729187,7.8,1.3999999999999997,4.0,0.0,0.8000000000000002,7.0,0.0,1.0,6.0,3.298930958171431,far,non_dense,2.0,0.75,122,2,1,2
29,84.0,-0.23071316666666666,-0.14858916666666666,-0.25862899666666667,330.8933333333334,-105.34666666666668,13.891985587270772,6.292046440624763,0.5,32.0,25.707953559375238,5.7,1.3999999999999997,4.0,1.0,0.0,4.7,1.0,0.0,4.0,4.522640914744368,far,non_dense,2.0,0.75,122,2,1,2
29,85.0,-0.26273552666666666,-0.18003272,-0.2539719333333333,168.06666666666663,-30.859999999999996,7.985090632181403,18.94246868614559,0.5,32.0,13.057531313854406,8.8,1.8,4.0,2.0,1.3999999999999997,5.400000000000001,2.0,1.0,6.0,2.6296028801487834,far,non_dense,2.0,0.75,122,2,1,2
29,87.0,-0.24968898333333334,-0.15305879666666666,-0.26922592666666667,255.54333333333332,-38.03333333333334,10.034174380396964,14.146181612177296,0.5,34.0,19.853818387822702,4.2,1.7,4.0,0.0,1.0,3.2000000000000006,0.0,1.0,3.0,3.581982916719323,far,non_dense,2.0,0.75,122,2,1,2
29,89.0,-0.30422624,-0.17991588333333333,-0.21193842333333332,182.53666666666666,-29.416666666666686,7.0019163755218905,-1.8484094726559832,0.5,12.333333333333334,14.181742805989316,5.7,1.5,4.0,2.5,0.0,3.2000000000000006,1.0,0.0,5.0,3.388487768448387,far,non_dense,2.0,0.75,122,2,1,2
29,91.0,-0.28081435,-0.31930077,-0.2506456166666667,-168.48666666666665,-49.44333333333333,-7.670116567741748,-1.9098378066226722,-0.5,-15.0,-13.09016219337733,5.2,1.2,4.0,1.1,1.0,3.1,1.0,1.0,3.0,2.7809547425250174,far,non_dense,2.0,0.75,122,2,1,2
29,92.0,-0.2689456866666667,-0.29501596999999996,-0.25275924,-129.44333333333336,-72.80333333333334,-5.974567394248915,-4.943214726082739,-0.5,-15.0,-10.056785273917262,6.599999999999999,1.3999999999999997,4.0,2.4,1.0,3.2000000000000006,2.0,1.0,3.0,2.1107116042676597,far,non_dense,2.0,0.75,122,2,1,2
29,93.0,-0.2538533733333333,-0.30918793666666666,-0.2719837133333333,-127.4333333333333,-35.30666666666667,-6.953049656560626,-5.432710125704342,-0.5,-15.333333333333334,-9.90062320762899,8.6,1.5,4.0,2.2,0.0,6.400000000000001,2.0,0.0,6.0,2.2772488430394504,far,non_dense,2.0,0.75,122,2,1,2
29,94.0,-0.27689283,-0.31848553,-0.26047064000000003,-87.02666666666664,-49.720000000000006,-7.668659310018806,-8.238674582663412,-0.5,-15.0,-6.761325417336589,4.2,1.3,4.0,1.5,0.0,2.7000000000000006,1.0,0.0,4.0,2.5898505818144795,far,non_dense,2.0,0.75,122,2,1,2
29,95.0,-0.23237757,-0.14563451,-0.24846391,349.1266666666667,-113.78999999999998,12.89325067284517,4.8754519089551165,0.5,32.0,27.124548091044886,3.9,1.1,4.0,0.4000000000000001,1.1,2.4,1.0,1.0,3.0,4.632996469057185,far,non_dense,2.0,0.75,122,2,1,2
29,96.0,-0.24266952333333333,-0.33471107333333333,-0.26375635333333336,-233.85666666666668,-40.533333333333324,-10.857204359979013,2.502258846742375,-0.5,-15.666666666666666,-18.16892551340904,4.8,1.6000000000000003,4.0,2.0,0.0,2.7999999999999994,1.0,0.0,3.0,4.997945606649715,far,non_dense,2.0,0.75,122,2,1,2
30,1.0,-0.35143228000000004,-0.38615015999999996,-0.2805284066666667,-494.92333333333335,-104.07333333333334,-14.684890316607607,15.682232068730498,-0.5,-24.0,-39.68223206873049,0.5,0.9,1.0,0.5,0.0,0.0,1.0,0.0,0.0,2.0237780751081687,near,dense,0.0,0.0,120,1,4,1
30,2.0,-0.33553323333333335,-0.14845753333333334,-0.21851437666666665,299.31333333333333,-154.76333333333332,10.897602681699121,5.668159514854694,0.5,29.666666666666668,23.998507151811975,1.0,1.3999999999999997,1.0,0.0,0.0,1.0,0.0,0.0,2.0,1.5740892938560478,near,dense,0.0,0.0,120,1,4,1
30,5.0,-0.3614608533333333,-0.1018194,-0.2512564,456.6466666666667,-168.41333333333333,15.722268973259096,8.386735319115651,0.5,45.0,36.61326468088435,2.6,0.9,1.0,0.0,0.0,2.6,0.0,0.0,4.0,2.420289055114646,near,dense,0.0,0.0,120,1,4,1
30,6.0,-0.35347244,-0.13513156666666667,-0.22734444666666667,327.65333333333336,-200.9433333333333,10.790269685373119,7.729232922082661,0.5,34.0,26.270767077917338,2.4,1.1,1.0,0.0,0.0,2.4,0.0,0.0,5.0,1.5752603462188783,near,dense,0.0,0.0,120,1,4,1
30,7.0,-0.3375191766666667,-0.13939657333333333,-0.22582585666666666,382.73,-134.77666666666667,12.645541881481885,5.31326600147116,0.5,36.0,30.68673399852884,1.8,1.3999999999999997,1.0,0.0,0.9,0.9,0.0,1.0,1.0,1.4361018716782705,near,dense,0.0,0.0,120,1,4,1
30,8.0,-0.3623605966666667,-0.10765326666666668,-0.24438697333333334,205.68999999999997,-140.97,14.887803767793287,12.841408696755598,0.5,29.333333333333332,16.491924636577735,2.6,0.9,1.0,1.8,0.0,0.8000000000000002,2.0,0.0,1.0,2.2182831198040085,near,dense,0.0,0.0,120,1,4,1
30,9.0,-0.34578533,-0.10938557333333333,-0.22834539666666664,490.22666666666674,-248.60666666666665,15.899703769731474,-2.3056601755427195,0.5,37.0,39.30566017554272,0.9,0.8000000000000002,1.0,0.0,0.9,0.0,0.0,1.0,0.0,2.5159917174993125,near,dense,0.0,0.0,120,1,4,1
30,13.0,-0.3331484666666667,-0.15616834666666668,-0.22961565000000003,343.34,-172.33666666666667,11.061007385418682,-8.861834498789117,0.5,18.666666666666668,27.528501165455783,4.6,0.9,1.0,0.0,0.0,4.6,0.0,0.0,5.0,1.6646325289599664,near,dense,0.0,0.0,120,1,4,1
30,14.0,-0.3623870533333333,-0.13625436333333332,-0.23198958,376.28666666666663,-138.53333333333333,12.529777845217646,3.829883084176602,0.5,34.0,30.1701169158234,2.6,1.3999999999999997,1.0,0.0,0.5,2.1,0.0,1.0,2.0,1.9783421573014157,near,dense,0.0,0.0,120,1,4,1
30,15.0,-0.37423104999999995,-0.11897534666666666,-0.24332656,374.84,-138.02,14.27740738262147,13.612541377275845,0.5,43.666666666666664,30.05412528939082,1.3,1.3,1.0,0.0,0.0,1.3,0.0,0.0,2.0,2.274979967238099,near,dense,0.0,0.0,120,1,4,1
30,18.0,-0.33632021,-0.3687155066666667,-0.25806644333333334,-175.26666666666665,-158.65666666666667,-19.261729376080297,-1.6140405887296818,-0.5,-15.666666666666666,-14.052626077936985,0.5,1.6000000000000003,1.0,0.0,0.0,0.5,0.0,0.0,1.0,3.025541612362842,near,dense,0.0,0.0,120,1,4,1
30,20.0,-0.3540461066666667,-0.3321057766666667,-0.25984055666666667,-472.25,-201.45333333333335,-14.555176432749448,22.86431722312138,-0.5,-15.0,-37.86431722312138,1.8,1.3999999999999997,1.0,0.0,0.6,1.2,0.0,1.0,2.0,2.1933187967034233,near,dense,0.0,0.0,120,1,4,1
30,23.0,-0.36044083,-0.3622051766666667,-0.2534035666666667,-400.99333333333334,-103.34999999999998,-13.535164564676483,16.48439480012038,-0.5,-15.666666666666666,-32.15106146678705,0.6999999999999998,1.3,1.0,0.0,0.0,0.6999999999999998,0.0,0.0,1.0,1.9988460196896016,near,dense,0.0,0.0,120,1,4,1
30,24.0,-0.38188547,-0.20052530333333332,-0.22840298666666667,155.49666666666667,-154.02,4.740111173142064,-0.800829603962514,0.5,11.666666666666666,12.467496270629182,8.1,1.5,1.0,2.2,0.8000000000000002,5.1,1.0,1.0,3.0,1.1974655511376207,near,dense,0.0,0.0,120,1,4,1
30,25.0,-0.35093836,-0.09427043,-0.23721742666666668,470.9866666666667,-165.75,18.589113656079032,5.903641670314747,0.5,43.666666666666664,37.76302499635192,2.7000000000000006,1.0,2.0,0.4000000000000001,0.0,2.3,1.0,0.0,2.0,3.2574925192488746,far,dense,0.0,0.0,120,1,4,1
30,27.0,-0.36938567,-0.13399465666666666,-0.22730222333333336,362.45,-185.14666666666668,12.83038706324985,2.9392868660236218,0.5,32.0,29.06071313397638,0.4000000000000001,1.3,2.0,0.0,0.0,0.4000000000000001,0.0,0.0,1.0,2.2228040969655614,far,dense,0.0,0.0,120,1,4,1
30,29.0,-0.36336153666666665,-0.14938112666666667,-0.22028298,323.30333333333334,-238.39000000000001,11.508303395560526,3.744676253483211,0.5,29.666666666666668,25.921990413183455,3.5,1.3999999999999997,2.0,0.0,0.0,3.5,0.0,0.0,5.0,2.078857098886672,far,dense,0.0,0.0,120,1,4,1
30,30.0,-0.3752839833333333,-0.13034669333333335,-0.22450819666666666,340.8366666666667,-199.35333333333332,13.47707713306533,10.67221245539873,0.5,38.0,27.327787544601268,1.8,1.3999999999999997,2.0,0.5,0.0,1.3,1.0,0.0,2.0,2.429812457188884,far,dense,0.0,0.0,120,1,4,1
30,31.0,-0.38377124999999995,-0.12809759333333334,-0.23118607666666668,334.30333333333334,-228.73333333333335,12.748400880954796,5.196045607029709,0.5,32.0,26.803954392970294,3.7000000000000006,1.1,2.0,0.0,0.6,3.1,0.0,1.0,5.0,3.5375132971215923,far,dense,0.0,0.0,120,1,4,1
30,32.0,-0.34880675666666666,-0.14154360666666665,-0.21672645333333332,306.75,-189.39333333333335,11.302628343481075,-2.5947682545102864,0.5,22.0,24.594768254510285,5.1,1.0,2.0,0.0,0.0,5.1,0.0,0.0,6.0,1.9018665119639724,far,dense,0.0,0.0,120,1,4,1
30,33.0,-0.38227138,-0.12642894666666668,-0.21159292333333335,339.0566666666667,-276.2,12.525148984576584,-10.185069736963028,0.5,17.0,27.18506973696303,1.8,1.2,2.0,0.0,0.0,1.8,0.0,0.0,3.0,2.17132496203454,far,dense,0.0,0.0,120,1,4,1
30,34.0,-0.36185903999999997,-0.13100537,-0.21964534666666666,379.8866666666667,-211.20333333333335,14.275769142534644,13.207906993822123,0.5,43.666666666666664,30.458759672844547,2.2,1.2,2.0,0.0,0.0,2.2,0.0,0.0,3.0,2.612038094968588,far,dense,0.0,0.0,120,1,4,1
30,35.0,-0.36049423666666663,-0.10187781333333334,-0.22727145333333332,494.6566666666666,-194.54,18.497958113674475,0.33914887623403206,0.5,40.0,39.66085112376597,2.9,1.5,2.0,0.0,0.0,2.9,0.0,0.0,4.0,3.2787905017576304,far,dense,0.0,0.0,120,1,4,1
30,36.0,-0.37108030000000003,-0.11577720333333334,-0.21199221000000001,438.9166666666667,-204.72333333333333,15.513255140988996,-4.5250324358885265,0.5,30.666666666666668,35.19169910255519,0.8000000000000002,1.1,2.0,0.0,0.0,0.8000000000000002,0.0,0.0,1.0,3.6020545663160353,far,dense,0.0,0.0,120,1,4,1
30,37.0,-0.35013853333333333,-0.13169171,-0.23287446,426.16333333333336,-253.3166666666667,14.238931711844137,3.830844590373424,0.5,38.0,34.169155409626576,0.9,1.0,2.0,0.0,0.5,0.4000000000000001,0.0,1.0,1.0,2.488991528435528,far,dense,0.0,0.0,120,1,4,1
30,38.0,-0.37118709,-0.10897962333333333,-0.22965819,315.5366666666667,-228.62666666666667,17.423464256432904,17.0340629422418,0.5,42.333333333333336,25.299270391091536,0.9,1.2,2.0,0.0,0.0,0.9,0.0,0.0,2.0,3.2887788985974424,far,dense,0.0,0.0,120,1,4,1
30,39.0,-0.38827557333333335,-0.11117969,-0.23416208000000002,424.25,-174.1966666666667,14.940370291234636,-12.349080462839405,0.5,21.666666666666668,34.015747129506074,2.4,0.8000000000000002,2.0,0.0,0.4000000000000001,2.0,0.0,1.0,2.0,2.470021646099625,far,dense,0.0,0.0,120,1,4,1
30,40.0,-0.3799674533333333,-0.11175746000000002,-0.2372121766666667,325.34,-149.24666666666667,16.436592342634913,-2.0852873803500445,0.5,24.0,26.085287380350042,4.3,0.9,2.0,1.5,0.0,2.7999999999999994,1.0,0.0,3.0,3.010609040259409,far,dense,0.0,0.0,120,1,4,1
30,42.0,-0.33870321333333336,-0.34507299666666663,-0.24614923666666666,-395.92333333333335,-187.26,-15.86448997628859,7.744556250648933,-0.5,-24.0,-31.74455625064893,1.5,1.2,2.0,0.0,0.8000000000000002,0.6999999999999998,0.0,1.0,1.0,2.008412083821938,far,dense,0.0,0.0,120,1,4,1
30,43.0,-0.3600109733333334,-0.3594031933333333,-0.2584178833333333,-479.06,-152.96666666666667,-19.199323460021773,23.076999771819715,-0.5,-15.333333333333334,-38.41033310515305,1.1,1.3999999999999997,2.0,0.0,0.0,1.1,0.0,0.0,2.0,2.4486130737976564,far,dense,0.0,0.0,120,1,4,1
30,45.0,-0.3638603166666667,-0.34745099,-0.24333486000000001,-421.53,-86.53000000000002,-13.450949361580655,18.797661490867874,-0.5,-15.0,-33.797661490867874,2.1,0.5,2.0,0.0,0.0,2.1,0.0,0.0,3.0,1.7996000514974642,far,dense,0.0,0.0,120,1,4,1
30,46.0,-0.36224121000000004,-0.31981882666666667,-0.24120553,-223.35999999999999,-187.51666666666665,-9.535202828279628,3.9086795022898713,-0.5,-14.0,-17.90867950228987,3.7999999999999994,0.4000000000000001,2.0,2.7000000000000006,0.0,1.1,2.0,0.0,2.0,2.0811640037943544,far,dense,0.0,0.0,120,1,4,1
30,47.0,-0.39238805666666665,-0.34414253666666667,-0.2517845,-314.25333333333333,-155.31,-11.148132753062463,10.19637459344973,-0.5,-15.0,-25.19637459344973,1.6000000000000003,1.1,2.0,0.0,0.9,0.6999999999999998,0.0,1.0,1.0,1.516907334656364,far,dense,0.0,0.0,120,1,4,1
30,49.0,-0.3844848966666667,-0.10982579666666666,-0.23602257000000001,102.14000000000003,-126.42666666666668,11.803007659270529,12.143896888294435,0.5,20.333333333333332,8.189436445038895,5.3,0.6,3.0,1.2,0.0,4.1,2.0,0.0,6.0,4.990629692484817,near,non_dense,0.0,0.0,120,1,4,1
30,50.0,-0.35572173333333335,-0.11462950666666667,-0.22518427,437.0133333333333,-251.33,14.473752779036774,1.9609073921291345,0.5,37.0,35.03909260787086,2.6,0.9,3.0,0.0,0.0,2.6,0.0,0.0,4.0,5.215895877109844,near,non_dense,0.0,0.0,120,1,4,1
30,51.0,-0.3375879533333333,-0.34290105000000004,-0.24442154333333332,-499.7833333333333,-130.41333333333333,-15.764512936392295,15.405233124042383,-0.5,-24.666666666666668,-40.07189979070905,3.0,1.0,3.0,0.4000000000000001,0.6,2.0,1.0,1.0,4.0,4.61010859161537,near,non_dense,0.0,0.0,120,1,4,1
30,52.0,-0.34006575,-0.32280919999999996,-0.23588502666666666,-341.6266666666667,-100.86333333333334,-11.789056472131131,12.39112859405868,-0.5,-15.0,-27.39112859405868,6.2,0.8000000000000002,3.0,0.0,0.0,6.2,0.0,0.0,6.0,4.616717926225076,near,non_dense,0.0,0.0,120,1,4,1
30,53.0,-0.3405403866666667,-0.34104409666666663,-0.26149308,-519.3166666666667,-265.34,-18.0288025170128,19.63805400936083,-0.5,-22.0,-41.63805400936083,0.4000000000000001,0.8000000000000002,3.0,0.0,0.0,0.4000000000000001,0.0,0.0,1.0,5.043243121163179,near,non_dense,0.0,0.0,120,1,4,1
30,54.0,-0.39293557333333334,-0.16919077666666668,-0.23128232666666668,274.59000000000003,-215.64333333333332,9.628125907811919,-6.016226291788038,0.5,16.0,22.01622629178804,4.3,1.5,3.0,2.0,0.0,2.3,1.0,0.0,4.0,5.025911602550292,near,non_dense,0.0,0.0,120,1,4,1
30,55.0,-0.3771819566666667,-0.28320503,-0.22810490333333333,-148.9933333333333,-170.65666666666667,-7.628216288716973,-2.0539315246932826,-0.5,-14.0,-11.946068475306717,6.0,1.1,3.0,1.3,0.0,4.7,1.0,0.0,4.0,2.8877956200100314,near,non_dense,0.0,0.0,120,1,4,1
30,56.0,-0.35390108,-0.16432929333333332,-0.22297037,188.09,-162.47666666666666,10.549096409142273,5.919217731081208,0.5,21.0,15.08078226891879,5.400000000000001,1.2,3.0,1.0,0.8000000000000002,3.6,1.0,1.0,3.0,3.9150352079661492,near,non_dense,0.0,0.0,120,1,4,1
30,57.0,-0.4070239166666667,-0.18277507,-0.22712738,156.07000000000002,-241.79,7.54822340237262,1.153201364363748,0.5,13.666666666666666,12.513465302302919,9.1,2.9,3.0,1.0,2.1,6.0,2.0,2.0,5.0,2.819911276354011,near,non_dense,0.0,0.0,120,1,4,1
30,59.0,-0.4094473033333334,-0.17402784666666668,-0.23128059666666667,201.00333333333333,-214.95333333333335,8.130671645023828,-3.7828211954927977,0.5,12.333333333333334,16.116154528826133,9.4,1.7,3.0,4.3,0.0,5.1,2.0,0.0,6.0,2.833968546587771,near,non_dense,0.0,0.0,120,1,4,1
30,60.0,-0.38917836666666666,-0.13257374666666666,-0.2196885266666667,307.96,-246.4,12.376929101248516,13.308215707713165,0.5,38.0,24.691784292286837,2.0,1.1,3.0,0.6999999999999998,0.5,0.8000000000000002,1.0,1.0,1.0,4.609844721283083,near,non_dense,0.0,0.0,120,1,4,1
30,62.0,-0.40097172,-0.12141926666666665,-0.22768166666666667,400.02333333333337,-279.5933333333333,13.970543000348043,6.926711720521425,0.5,39.0,32.073288279478575,4.9,1.0,3.0,0.0,0.8000000000000002,4.1,0.0,1.0,4.0,4.988098821508104,near,non_dense,0.0,0.0,120,1,4,1
30,64.0,-0.43371635666666664,-0.3467529375,-0.38263642666666664,-157.33916666666667,-195.13,-13.901666449525074,-6.884774762756524,-0.5,-19.5,-12.615225237243477,5.400000000000001,0.6,3.0,0.6999999999999998,1.1,3.6,1.0,1.0,4.0,4.427453077723707,near,non_dense,0.0,0.0,120,1,4,1
30,66.0,-0.41779531,-0.15429669000000001,-0.23234407666666668,271.66333333333336,-154.36333333333334,9.382342960815732,-13.448237087468991,0.5,8.333333333333334,21.781570420802325,4.1,1.2,3.0,1.3,0.0,2.7999999999999994,1.0,0.0,5.0,3.5926417259449557,near,non_dense,0.0,0.0,120,1,4,1
30,69.0,-0.39389227,-0.12431130333333333,-0.21895403333333333,348.26000000000005,-230.61666666666667,12.792953028639417,-9.25631293338469,0.5,18.666666666666668,27.92297960005136,2.9,0.6999999999999998,3.0,0.6,0.6,1.7,1.0,1.0,2.0,4.656292366312575,near,non_dense,0.0,0.0,120,1,4,1
30,70.0,-0.41535035,-0.15282861,-0.21620230333333335,263.89000000000004,-251.5,10.34696389829697,-1.8249825417529546,0.5,19.333333333333332,21.158315875086288,5.3,1.2,3.0,1.5,1.6000000000000003,2.2,1.0,1.0,4.0,3.9337937391245092,near,non_dense,0.0,0.0,120,1,4,1
30,73.0,-0.37611694999999995,-0.18101114,-0.22649787666666665,189.96999999999994,601.8733333333334,6.488505491813451,1.6983356005789247,0.5,11.666666666666666,9.968331066087742,8.3,0.8000000000000002,4.0,1.3,0.0,7.0,1.0,0.0,9.0,2.113763746288017,far,non_dense,0.0,0.0,120,1,4,1
30,74.0,-0.42534582,-0.16795683333333333,-0.23930449,137.4266666666667,-179.60666666666665,7.213445390725393,13.314663345863076,0.5,24.333333333333332,11.018669987470256,6.3,1.2,4.0,2.0,0.0,4.3,2.0,0.0,4.0,2.5782888163239064,far,non_dense,0.0,0.0,120,1,4,1
30,75.0,-0.40440370666666664,-0.31153368,-0.25206800333333335,-237.42,-174.13,-8.774972797827044,4.035989825544686,-0.5,-15.0,-19.035989825544686,7.0,1.7,4.0,2.5,0.0,4.5,1.0,0.0,6.0,2.7604051812559116,far,non_dense,0.0,0.0,120,1,4,1
30,76.0,-0.4012963566666667,-0.29695387666666667,-0.23844284666666668,-14.28000000000001,28.790000000000003,-6.4420809035029345,-9.855050397149446,-0.5,-11.0,-1.1449496028505532,8.4,0.5,4.0,1.5,0.0,6.900000000000001,1.0,0.0,7.0,1.8795296589133745,far,non_dense,0.0,0.0,120,1,4,1
30,77.0,-0.36267289666666663,-0.2904846966666667,-0.23365721333333334,-118.62666666666662,-142.88,-5.84085917099856,-4.488686632529077,-0.5,-14.0,-9.511313367470924,4.5,1.2,4.0,1.5,0.6,2.4,1.0,1.0,3.0,2.1460510725471544,far,non_dense,0.0,0.0,120,1,4,1
30,78.0,-0.39614745999999995,-0.16154757,-0.23221367333333331,167.34333333333333,-11.959999999999999,7.5474912292572,14.582655249321599,0.5,28.0,13.417344750678401,7.7,1.2,4.0,0.8000000000000002,1.6000000000000003,5.3,2.0,1.0,7.0,2.7577422539101897,far,non_dense,0.0,0.0,120,1,4,1
30,79.0,-0.38100796666666664,-0.29718427999999997,-0.24082764666666667,-156.62666666666664,-173.67,-8.631576583850796,-1.441901975083627,-0.5,-14.0,-12.558098024916374,3.7000000000000006,1.0,4.0,1.3,0.4000000000000001,2.0,1.0,1.0,3.0,2.8750580919594184,far,non_dense,0.0,0.0,120,1,4,1
30,83.0,-0.40861624333333335,-0.15810143499999998,-0.2591502583333333,221.64833333333334,-90.17999999999999,10.070011210463065,1.561892771534539,0.5,19.333333333333332,17.771440561798794,4.3,0.6,4.0,0.0,0.0,4.3,0.0,0.0,6.0,3.392788160263212,far,non_dense,0.0,0.0,120,1,4,1
30,84.0,-0.36380164666666664,-0.13167895,-0.22241468333333334,112.24000000000001,-57.24666666666667,14.121774495331543,29.66742693109622,0.5,38.666666666666664,8.999239735570448,4.5,1.3,4.0,1.7,0.6,2.2,1.0,1.0,4.0,4.479951818564374,far,non_dense,0.0,0.0,120,1,4,1
30,85.0,-0.3655528333333333,-0.16230055666666668,-0.24385315333333332,208.14666666666668,-161.42999999999998,7.191453544494428,3.3111034079365367,0.5,20.0,16.68889659206346,5.7,0.9,4.0,2.2,0.4000000000000001,3.1,1.0,1.0,5.0,2.534554112508089,far,non_dense,0.0,0.0,120,1,4,1
30,86.0,-0.33274884,-0.16725836666666669,-0.2354464066666667,269.3433333333333,-164.5666666666667,8.56892879186289,9.404443800389084,0.5,31.0,21.595556199610915,4.3,0.8000000000000002,4.0,0.4000000000000001,0.6999999999999998,3.2000000000000006,1.0,1.0,5.0,3.073531732271904,far,non_dense,0.0,0.0,120,1,4,1
30,88.0,-0.3798964733333334,-0.12546730666666667,-0.21606704,329.58666666666664,-170.6833333333333,12.557341120567358,15.907554404423157,0.5,42.333333333333336,26.425778928910177,2.6,1.1,4.0,0.5,0.0,2.1,1.0,0.0,3.0,4.629030377917458,far,non_dense,0.0,0.0,120,1,4,1
30,89.0,-0.39852573333333335,-0.15512461,-0.22405187666666668,237.9666666666667,-209.70333333333335,7.241438976995377,-3.7464874293886345,0.5,15.333333333333334,19.079820762721965,7.8,0.9,4.0,1.0,1.0,5.8,1.0,1.0,9.0,3.3150242875440075,far,non_dense,0.0,0.0,120,1,4,1
30,90.0,-0.4367119566666666,-0.177401,-0.23490255666666668,224.28333333333333,-143.5,6.247248277760853,-12.982711024229552,0.5,5.0,17.98271102422955,5.1,1.0,4.0,2.6,0.0,2.5,2.0,0.0,3.0,2.4869481144752825,far,non_dense,0.0,0.0,120,1,4,1
30,95.0,-0.36902660333333337,-0.13790079666666666,-0.22521728666666666,347.86666666666673,-228.56333333333336,12.38070201873793,-11.558109372895338,0.5,16.333333333333332,27.891442706228673,3.5,0.4000000000000001,4.0,0.0,0.0,3.5,0.0,0.0,2.0,4.282985871093731,far,non_dense,0.0,0.0,120,1,4,1
31,1.0,-0.37003785666666666,0.20593671333333333,-0.55512337,525.57,461.0366666666667,-14.152342670296548,6.009508341900535,-0.5,44.333333333333336,38.323824991432794,0.8000000000000002,0.4000000000000001,1.0,0.8000000000000002,0.0,0.0,2.0,0.0,0.0,1.9759843798350818,near,dense,0.0,0.0,125,2,2,2
31,2.0,-0.19127401333333335,0.06328782666666666,-0.45226377,0.0,0.0,9.372863687321663,2.6666666666666665,0.5,2.6666666666666665,0.0,4.7,0.5,1.0,1.3999999999999997,0.0,3.2999999999999994,1.0,0.0,5.0,1.373938864334728,near,dense,0.0,0.0,125,2,2,2
31,6.0,-0.40645371,-0.11298049333333333,-0.2563646133333333,278.66,4.589999999999989,10.818241438457415,-3.319495161658127,0.5,17.0,20.31949516165813,5.2,0.8000000000000002,1.0,1.8,0.8000000000000002,2.6,3.0,1.0,4.0,1.640810173210095,near,dense,0.0,0.0,125,2,2,2
31,8.0,-0.3925479566666667,-0.08316261333333334,-0.26423404333333333,17.73333333333331,-93.47666666666667,14.108704458946724,22.706910281824673,0.5,24.0,1.2930897181753285,4.3,0.5,1.0,2.2,0.0,2.1,3.0,0.0,4.0,2.0678557002279567,near,dense,0.0,0.0,125,2,2,2
31,10.0,-0.37241905,-0.06155966333333334,-0.26947231,457.1366666666667,-137.99666666666667,18.515464234754102,-1.3337626015569508,0.5,32.0,33.33376260155695,2.3,0.6999999999999998,1.0,0.0,0.6,1.7,0.0,1.0,3.0,2.9959354281464363,near,dense,0.0,0.0,125,2,2,2
31,11.0,-0.36216425,-0.037874413333333336,-0.25593158666666666,516.0366666666667,439.23333333333335,23.31651119576789,0.037998929741656674,0.5,37.666666666666664,37.62866773692501,1.6000000000000003,0.4000000000000001,1.0,0.0,0.0,1.6000000000000003,0.0,0.0,2.0,3.816309705505271,near,dense,0.0,0.0,125,2,2,2
31,13.0,-0.41427319,-0.08849948333333334,-0.22115032666666667,295.25,-59.306666666666665,11.027129119954525,-5.529214621687945,0.5,16.0,21.529214621687945,3.9,0.6,1.0,1.1,0.0,2.7999999999999994,2.0,0.0,5.0,1.634428969252638,near,dense,0.0,0.0,125,2,2,2
31,14.0,-0.4202580866666667,-0.10077646333333334,-0.25378095,143.81999999999996,380.9633333333333,11.680042086158693,7.846181269349725,0.5,18.333333333333332,10.487152063983606,4.7,0.6,1.0,1.3999999999999997,0.0,3.2999999999999994,1.0,0.0,4.0,1.8673120694321887,near,dense,0.0,0.0,125,2,2,2
31,15.0,-0.39491273,-0.08832378333333334,-0.26560092,146.14000000000001,816.2266666666666,13.468387095527403,6.67701013328769,0.5,17.333333333333332,10.656323200045644,1.6000000000000003,0.5,1.0,0.5,0.0,1.1,1.0,0.0,2.0,2.161097509171237,near,dense,0.0,0.0,125,2,2,2
31,16.0,-0.40470329000000005,-0.05376980666666667,-0.24783307,365.3333333333333,45.806666666666665,16.378813369067554,-3.9729260235619406,0.5,22.666666666666668,26.639592690228607,2.3,0.6,1.0,1.6000000000000003,0.0,0.6999999999999998,2.0,0.0,1.0,2.6983306024238423,near,dense,0.0,0.0,125,2,2,2
31,17.0,-0.41461798666666666,-0.10890319,-0.2766135533333333,271.21333333333337,-95.51666666666667,10.93262635388836,-6.443161371482,0.5,13.333333333333334,19.776494704815335,2.3,0.6999999999999998,1.0,1.3,0.0,1.0,1.0,0.0,2.0,1.343725591006133,near,dense,0.0,0.0,125,2,2,2
31,19.0,-0.37608800333333336,-0.09352363000000001,-0.28018799333333333,291.67,457.2033333333334,14.960047621817267,3.731833941718127,0.5,25.0,21.268166058281874,1.0,0.6999999999999998,1.0,1.0,0.0,0.0,1.0,0.0,0.0,2.986480188651394,near,dense,0.0,0.0,125,2,2,2
31,23.0,-0.41831005666666665,-0.29992574333333333,-0.2608500633333333,-305.38666666666666,52.836666666666666,-12.388251432863685,8.60169942738428,-0.5,-13.666666666666666,-22.268366094050947,2.4,0.5,1.0,0.9,0.0,1.5,1.0,0.0,3.0,1.826440430660493,near,dense,0.0,0.0,125,2,2,2
31,24.0,-0.42120398000000003,-0.16430179666666667,-0.25197917333333336,32.21333333333333,106.5,4.221867271284743,6.651049053299552,0.5,9.0,2.3489509467004495,5.8,0.6999999999999998,1.0,1.8,0.0,4.0,2.0,0.0,5.0,1.2158917112403038,near,dense,0.0,0.0,125,2,2,2
31,25.0,-0.37004165666666666,-0.07839631333333334,-0.27870958,493.55333333333334,109.81666666666668,19.5224408610789,-26.322548034714618,0.5,9.666666666666666,35.989214701381286,1.3,0.6999999999999998,2.0,1.3,0.0,0.0,2.0,0.0,0.0,3.2861834426219207,far,dense,0.0,0.0,125,2,2,2
31,26.0,-0.3942787966666666,-0.10964455666666667,-0.25875532,328.1433333333334,-48.96666666666667,12.98916724842376,0.4055831216164094,0.5,24.333333333333332,23.927750211716926,4.6,0.5,2.0,0.5,0.0,4.1,1.0,0.0,5.0,2.193890383196124,far,dense,0.0,0.0,125,2,2,2
31,27.0,-0.40618762,-0.10844275666666665,-0.24869803,285.1466666666667,-96.51333333333334,12.364492225130746,-0.459160435762616,0.5,20.333333333333332,20.79249376909595,4.8,0.6999999999999998,2.0,1.3,0.6999999999999998,2.7999999999999994,2.0,1.0,6.0,2.082078001734352,far,dense,0.0,0.0,125,2,2,2
31,30.0,-0.39928427333333333,-0.10822488666666667,-0.24111721,487.82,-145.83666666666667,12.8519782898507,-7.571148100768212,0.5,28.0,35.57114810076821,2.2,0.6,2.0,0.0,0.9,1.3,0.0,1.0,3.0,2.3115278657146523,far,dense,0.0,0.0,125,2,2,2
31,31.0,-0.41036737666666667,-0.12821770666666665,-0.2433925166666667,341.29333333333335,381.91333333333336,11.62854944026307,-5.553296378045563,0.5,19.333333333333332,24.886629711378898,5.599999999999999,0.6,2.0,1.1,0.0,4.5,2.0,0.0,6.0,3.371171371945677,far,dense,0.0,0.0,125,2,2,2
31,33.0,-0.40304841666666663,-0.11330802666666667,-0.27072337,392.77666666666664,-150.6966666666667,12.278539786835436,15.025944718968605,0.5,43.666666666666664,28.640721947698058,5.8,0.6999999999999998,2.0,0.5,0.0,5.3,1.0,0.0,6.0,2.1143677671779337,far,dense,0.0,0.0,125,2,2,2
31,35.0,-0.36465918,-0.08466945666666666,-0.2528788166666667,94.80666666666669,-23.840000000000003,19.49950019613628,16.753497913970662,0.5,23.666666666666668,6.913168752696006,2.7000000000000006,0.4000000000000001,2.0,1.5,0.0,1.2,3.0,0.0,2.0,3.3706048357258034,far,dense,0.0,0.0,125,2,2,2
31,36.0,-0.36086263,-0.08567449666666667,-0.25256772666666666,394.40333333333336,112.66666666666664,15.492091290007385,4.4462942401039625,0.5,33.0,28.553705759896037,1.8,0.5,2.0,1.3999999999999997,0.4000000000000001,0.0,2.0,1.0,0.0,3.6478465523155763,far,dense,0.0,0.0,125,2,2,2
31,41.0,-0.39924705,-0.11166108000000001,-0.24089569,149.15333333333336,369.9866666666667,13.842197930329974,21.123948772655393,0.5,32.0,10.876051227344611,2.0,0.6,2.0,1.3,0.0,0.6999999999999998,2.0,0.0,1.0,3.4657797720151255,far,dense,0.0,0.0,125,2,2,2
31,48.0,-0.45959732999999997,-0.23596203333333332,-0.24011900333333336,-321.57666666666665,-120.56000000000002,-4.758209410177165,17.88987556949725,-0.5,-5.0,-22.88987556949725,5.8,0.5,2.0,2.2,0.0,3.6,2.0,0.0,4.0,1.2384033304401296,far,dense,0.0,0.0,125,2,2,2
31,50.0,-0.40121460000000003,-0.09601043,-0.2493972866666667,153.42333333333332,-12.163333333333336,13.934079135418083,10.812586379989488,0.5,22.0,11.187413620010512,5.0,0.6,3.0,0.0,0.0,5.0,0.0,0.0,7.0,5.19018458158414,near,non_dense,0.0,0.0,125,2,2,2
31,51.0,-0.40727179,-0.29335569666666667,-0.25026955,-136.49666666666664,-35.75666666666666,-15.475615726025255,-2.7135217663731344,-0.5,-12.666666666666666,-9.953144900293532,2.4,0.4000000000000001,3.0,1.3999999999999997,0.0,1.0,1.0,0.0,1.0,4.575851005182098,near,non_dense,0.0,0.0,125,2,2,2
31,52.0,-0.40584059499999997,-0.3300767866666667,-0.3358328683333333,-330.18333333333334,31.866666666666674,-28.195551670452716,7.409837475035837,-0.5,-16.666666666666668,-24.076504141702504,8.2,0.4000000000000001,3.0,4.9,0.0,3.2999999999999994,1.0,0.0,3.0,9.574532184984527,near,non_dense,0.0,0.0,125,2,2,2
31,53.0,-0.38010927,-0.37960663,-0.4268861033333333,-226.1,-45.80333333333334,-41.53067978590264,-4.513106093264542,-0.5,-21.0,-16.486893906735457,2.1,0.6999999999999998,3.0,1.2,0.0,0.9,2.0,0.0,1.0,9.77879802371527,near,non_dense,0.0,0.0,125,2,2,2
31,54.0,-0.3952391766666667,-0.32572414916666664,-0.3792245733333333,-64.81250000000001,-61.28916666666667,9.88682263290893,-10.748796011567782,0.5,-15.25,-4.501203988432217,12.1,0.5,3.0,0.8000000000000002,0.6,10.699999999999998,1.0,1.0,4.0,5.359302854666866,near,non_dense,0.0,0.0,125,2,2,2
31,55.0,-0.40906437166666665,-0.31524440666666664,-0.3327572466666667,-189.765,-85.075,-7.2190052271640255,-0.8292698413165797,-0.5,-14.666666666666666,-13.837396825350089,8.9,0.4000000000000001,3.0,1.0,0.0,7.900000000000001,1.0,0.0,6.0,2.8604712066863844,near,non_dense,0.0,0.0,125,2,2,2
31,56.0,-0.41686850666666664,-0.13023592333333334,-0.23511602666666667,330.3933333333334,-94.37666666666667,10.91265520945412,0.908182953740153,0.5,25.0,24.091817046259848,8.2,0.5,3.0,0.6999999999999998,0.0,7.5,1.0,0.0,8.0,3.744188307857783,near,non_dense,0.0,0.0,125,2,2,2
31,61.0,-0.40443457333333327,-0.12195332666666665,-0.24231625,216.25,-44.38999999999999,8.762008837588516,-2.4353124310697756,0.5,13.333333333333334,15.768645764403109,11.5,0.5,3.0,1.8999999999999997,0.0,9.6,1.0,0.0,4.0,4.533586381162622,near,non_dense,0.0,0.0,125,2,2,2
31,65.0,-0.4071836766666667,-0.25678758333333335,-0.25673726333333335,-108.74000000000001,-122.45666666666666,-9.029369436195422,-3.881174646416691,-0.5,-11.333333333333334,-7.4521586869166425,9.3,0.4000000000000001,3.0,1.3,1.6000000000000003,6.400000000000001,1.0,1.0,2.0,3.6439421975010258,near,non_dense,0.0,0.0,125,2,2,2
31,68.0,-0.41577155666666665,-0.293775,-0.23495571666666668,-338.3566666666667,111.47666666666665,-11.159875086650267,11.339158776219906,-0.5,-13.333333333333334,-24.672492109553236,4.4,0.5,3.0,1.8,0.0,2.6,2.0,0.0,3.0,3.770130633687387,near,non_dense,0.0,0.0,125,2,2,2
31,69.0,-0.37713458000000005,-0.09625923666666665,-0.23056027999999998,298.7733333333333,-144.34,12.238118073104372,-5.452797798149976,0.5,16.333333333333332,21.786131131483312,2.9,0.6999999999999998,3.0,0.6,0.0,2.3,1.0,0.0,3.0,4.467323792995539,near,non_dense,0.0,0.0,125,2,2,2
31,70.0,-0.3828793466666667,-0.12180688333333334,-0.23250994,134.13666666666668,-5.150000000000008,9.889202576196313,2.552276312827044,0.5,12.333333333333334,9.781057020506289,3.5,0.6,3.0,1.5,0.0,2.0,1.0,0.0,3.0,3.7346999576384827,near,non_dense,0.0,0.0,125,2,2,2
31,73.0,-0.42581325999999997,-0.13386038666666666,-0.23732232666666667,196.54666666666665,434.69000000000005,6.354026396605295,-7.665239751094643,0.5,6.666666666666667,14.33190641776131,10.0,0.6,4.0,0.9,0.4000000000000001,8.7,1.0,1.0,8.0,2.1935664816125406,far,non_dense,0.0,0.0,125,2,2,2
31,74.0,-0.4258141233333333,-0.14887967333333332,-0.2333336,132.97666666666666,-283.6333333333334,6.8929633574812454,-5.363138119141937,0.5,4.333333333333333,9.69647145247527,5.900000000000001,0.5,4.0,0.0,0.6,5.3,0.0,1.0,6.0,2.3914324002324943,far,non_dense,0.0,0.0,125,2,2,2
31,75.0,-0.4231147866666667,-0.26660295333333334,-0.24276412666666666,-126.04666666666668,3.55333333333334,-8.15821500274142,-2.1421877312502615,-0.5,-11.333333333333334,-9.191145602083072,7.2,0.4000000000000001,4.0,2.0,0.0,5.2,1.0,0.0,6.0,2.646690392000041,far,non_dense,0.0,0.0,125,2,2,2
31,79.0,-0.4499427166666667,-0.26149622666666666,-0.2592870133333333,-148.64000000000001,-21.52999999999999,-8.400763615493887,2.5052863495377804,-0.5,-8.333333333333334,-10.838619682871114,7.099999999999999,0.5,4.0,1.3999999999999997,0.0,5.7,1.0,0.0,5.0,2.798590656933413,far,non_dense,0.0,0.0,125,2,2,2
31,83.0,-0.40628780999999997,-0.13098290333333332,-0.25903883,175.61333333333334,-89.58666666666666,9.148008779956884,-3.4721438682360457,0.5,9.333333333333334,12.80547720156938,3.7000000000000006,0.5,4.0,0.9,0.0,2.7999999999999994,1.0,0.0,3.0,3.2686050253163152,far,non_dense,0.0,0.0,125,2,2,2
31,85.0,-0.4039407183333334,-0.1642941425,-0.31929049,-386.35999999999996,48.972500000000004,8.531557454232358,27.550504374225383,0.5,-0.08333333333333333,-27.633837707558715,6.7,0.4000000000000001,4.0,0.0,0.0,6.7,0.0,0.0,7.0,3.068324617665493,far,non_dense,0.0,0.0,125,2,2,2
31,86.0,-0.42062671,-0.14138587,-0.27450450333333337,106.41333333333334,-174.3033333333333,7.302212669950136,7.907156109706282,0.5,15.666666666666666,7.759510556960385,4.0,0.6,4.0,0.0,1.3999999999999997,2.6,0.0,1.0,4.0,2.866014088668896,far,non_dense,0.0,0.0,125,2,2,2
31,93.0,-0.4306622533333333,-0.26466937,-0.23951895666666667,-253.0833333333333,-80.19666666666667,-6.326511165434499,8.787813944698359,-0.5,-9.666666666666666,-18.454480611365025,5.599999999999999,0.4000000000000001,4.0,1.5,0.0,4.1,2.0,0.0,4.0,2.194257868068539,far,non_dense,0.0,0.0,125,2,2,2
32,2.0,-0.27442739666666666,-0.17551567,-0.24503537,410.47,-14.440000000000007,10.896855428230936,6.723260348137576,0.5,40.0,33.27673965186242,5.0,3.2999999999999994,1.0,0.0,0.6,4.4,0.0,1.0,5.0,1.5804295461371964,near,dense,-0.5,-0.5,114,2,5,1
32,3.0,-0.23827422,-0.31660430666666667,-0.2821559466666667,-379.2033333333334,-158.42666666666668,-14.509618366954575,-13.985403068729168,-0.5,-45.0,-31.01459693127083,0.5,3.0,1.0,0.0,0.0,0.5,0.0,0.0,1.0,2.821518119887969,near,dense,-0.5,-0.5,114,2,5,1
32,4.0,-0.24470194,-0.15476268666666668,-0.23215835333333334,422.82666666666665,-260.37333333333333,14.702618526895284,4.417501678625871,0.5,39.0,34.582498321374125,3.6,3.6,1.0,0.0,0.0,3.6,0.0,0.0,4.0,2.175942704130781,near,dense,-0.5,-0.5,114,2,5,1
32,7.0,-0.27275862,-0.15493132666666667,-0.24381916333333334,381.6933333333333,-228.98,12.99307344384359,6.7817488822534955,0.5,38.0,31.218251117746505,1.7,2.6,1.0,0.0,0.0,1.7,0.0,0.0,3.0,1.560168429274114,near,dense,-0.5,-0.5,114,2,5,1
32,8.0,-0.28685301333333335,-0.13230015333333334,-0.23644561333333333,454.49333333333334,-178.15,14.175268989602822,2.827522064812058,0.5,40.0,37.17247793518794,3.7000000000000006,1.5,1.0,0.5,1.8,1.3999999999999997,1.0,1.0,3.0,2.1539994005673737,near,dense,-0.5,-0.5,114,2,5,1
32,13.0,-0.3115971866666667,-0.14539024,-0.24700459333333336,382.3766666666667,-193.24666666666667,11.818573264531272,0.7258598484817208,0.5,32.0,31.27414015151828,1.8999999999999997,1.8999999999999997,1.0,0.5,0.8000000000000002,0.6,1.0,1.0,1.0,1.8938648972244738,near,dense,-0.5,-0.5,114,2,5,1
32,14.0,-0.29456729666666664,-0.14501313666666668,-0.24455361,365.20666666666665,-209.45333333333335,11.479492894854024,-3.8698259419651264,0.5,26.0,29.86982594196513,4.7,1.3999999999999997,1.0,0.0,1.3999999999999997,3.2999999999999994,0.0,2.0,4.0,1.8981635113360937,near,dense,-0.5,-0.5,114,2,5,1
32,17.0,-0.25579263,-0.15940986333333332,-0.25088601666666666,359.52666666666664,-218.72,12.257661731812904,-4.405265388076841,0.5,25.0,29.40526538807684,0.4000000000000001,3.0,1.0,0.0,0.0,0.4000000000000001,0.0,0.0,1.0,1.5073109321768827,near,dense,-0.5,-0.5,114,2,5,1
32,18.0,-0.22565697333333334,-0.38977636,-0.28242202666666666,-519.16,-176.82333333333335,-21.176911319654007,-2.538511063971226,-0.5,-45.0,-42.46148893602878,1.1,1.7,1.0,0.0,0.0,1.1,0.0,0.0,2.0,3.2116320842090555,near,dense,-0.5,-0.5,114,2,5,1
32,20.0,-0.25041071666666664,-0.34503712999999997,-0.27732266,-554.3433333333334,-92.54333333333334,-16.388973861644754,3.3390926016924376,-0.5,-42.0,-45.339092601692435,1.5,2.5,1.0,0.0,0.0,1.5,0.0,0.0,2.0,2.4730366799892365,near,dense,-0.5,-0.5,114,2,5,1
32,21.0,-0.23456867,-0.30914421666666664,-0.28769573666666665,-481.98,-198.44333333333336,-17.625575945981385,-2.579419760021674,-0.5,-42.0,-39.42058023997833,4.4,2.5,1.0,0.0,0.0,4.4,0.0,0.0,5.0,2.737254510418046,near,dense,-0.5,-0.5,114,2,5,1
32,24.0,-0.29376436666666667,-0.19791278,-0.24720108333333335,138.19333333333336,-173.64,5.05332508585376,8.69732896531653,0.5,20.0,11.30267103468347,9.4,4.9,1.0,1.3999999999999997,7.599999999999999,0.4000000000000001,3.0,2.0,1.0,1.2556971569817572,near,dense,-0.5,-0.5,114,2,5,1
32,26.0,-0.22866503999999999,-0.14237348,-0.25349980499999997,489.32,-193.55499999999998,21.255010815978785,2.4790897484829295,0.5,42.5,40.02091025151707,1.2,1.3999999999999997,2.0,0.4000000000000001,0.0,0.8000000000000002,1.0,0.0,1.0,3.625037811394565,far,dense,-0.5,-0.5,114,2,5,1
32,27.0,-0.2583281766666667,-0.14299314666666665,-0.25543608333333334,501.95000000000005,-188.76999999999998,17.345130048715273,1.279430160054105,0.5,42.333333333333336,41.05390317327923,0.4000000000000001,1.2,2.0,0.0,0.4000000000000001,0.0,0.0,1.0,0.0,3.056895460420218,far,dense,-0.5,-0.5,114,2,5,1
32,28.0,-0.2558935,-0.3807288033333333,-0.28659981333333334,-475.45666666666665,-121.79,-20.961654364756384,-3.112955560467313,-0.5,-42.0,-38.88704443953269,1.1,1.3999999999999997,2.0,0.6999999999999998,0.0,0.4000000000000001,1.0,0.0,1.0,2.607853200782174,far,dense,-0.5,-0.5,114,2,5,1
32,29.0,-0.24043742999999998,-0.17620155666666668,-0.25396212999999995,383.59999999999997,-208.86333333333332,13.641021715090277,0.625804846558599,0.5,32.0,31.374195153441402,1.5,1.6000000000000003,2.0,0.0,1.0,0.5,0.0,2.0,1.0,2.418190890135617,far,dense,-0.5,-0.5,114,2,5,1
32,30.0,-0.25772078666666665,-0.15555197333333334,-0.24211785,440.59666666666664,-205.44333333333336,14.859322113314432,4.964114171126771,0.5,41.0,36.035885828873226,5.1,1.7,2.0,0.0,1.5,3.6,0.0,2.0,4.0,2.567954743612542,far,dense,-0.5,-0.5,114,2,5,1
32,31.0,-0.25458240666666665,-0.17607936666666668,-0.24680767,367.59999999999997,-199.62333333333333,13.586447059261175,-10.065573874882844,0.5,20.0,30.065573874882844,5.2,2.0,2.0,0.4000000000000001,1.2,3.6,1.0,1.0,5.0,3.697448281191743,far,dense,-0.5,-0.5,114,2,5,1
32,32.0,-0.27859238000000003,-0.14705164333333334,-0.2515633,356.24,-160.54333333333332,15.521373319301526,7.86354723289373,0.5,37.0,29.136452767106267,2.7999999999999994,2.1,2.0,1.3999999999999997,0.5,0.9,3.0,1.0,1.0,2.666582996909472,far,dense,-0.5,-0.5,114,2,5,1
32,33.0,-0.27534992333333336,-0.14431387333333334,-0.24574132333333334,493.31,-188.76,14.717349724493454,-8.347247682857606,0.5,32.0,40.347247682857606,2.3,1.3,2.0,0.0,0.0,2.3,0.0,0.0,4.0,2.5369102948030853,far,dense,-0.5,-0.5,114,2,5,1
32,34.0,-0.25817006000000003,-0.10941593999999999,-0.23308030666666668,431.5,-123.05333333333333,22.80584478217095,-20.291880106126083,0.5,15.0,35.29188010612608,5.400000000000001,1.3999999999999997,2.0,1.5,1.6000000000000003,2.3,2.0,1.0,2.0,4.004464772330245,far,dense,-0.5,-0.5,114,2,5,1
32,35.0,-0.2573562166666667,-0.10754763666666667,-0.23577697333333333,612.76,-231.88333333333333,21.684012876784788,-5.11692341559633,0.5,45.0,50.116923415596325,5.1,1.1,2.0,1.8,0.0,3.2999999999999994,2.0,0.0,4.0,3.778430171083985,far,dense,-0.5,-0.5,114,2,5,1
32,36.0,-0.26907276999999996,-0.12754158666666668,-0.23325263333333335,490.5466666666666,-190.98000000000002,17.37240359156048,-8.121237882873222,0.5,32.0,40.121237882873224,1.0,1.3999999999999997,2.0,0.0,0.5,0.5,0.0,1.0,1.0,4.1038720878791795,far,dense,-0.5,-0.5,114,2,5,1
32,37.0,-0.32190589,-0.11138156,-0.23933046,439.43333333333334,-221.98666666666668,15.316508406216764,2.059261843255302,0.5,38.0,35.94073815674469,2.7000000000000006,2.4,2.0,0.0,1.0,1.7,0.0,1.0,3.0,2.761208707489993,far,dense,-0.5,-0.5,114,2,5,1
32,38.0,-0.24002911666666668,-0.14986433666666668,-0.25952299333333334,506.55333333333334,-185.13333333333333,17.592725150539238,-3.4304044202978496,0.5,38.0,41.430404420297855,1.3999999999999997,1.3,2.0,0.0,0.5,0.9,0.0,1.0,1.0,3.44133638015188,far,dense,-0.5,-0.5,114,2,5,1
32,39.0,-0.2577015366666667,-0.16002347,-0.25060581666666665,438.43666666666667,-196.28666666666666,15.435402062939593,2.140778043732179,0.5,38.0,35.859221956267824,1.3999999999999997,2.0,2.0,0.0,0.6999999999999998,0.6999999999999998,0.0,1.0,1.0,2.659200719348402,far,dense,-0.5,-0.5,114,2,5,1
32,40.0,-0.2587591933333333,-0.14731919999999998,-0.2463006,469.17,-203.63333333333333,17.36491448181549,6.627134671167615,0.5,45.0,38.37286532883238,1.0,1.7,2.0,0.0,0.0,1.0,0.0,0.0,2.0,3.2021368119259326,far,dense,-0.5,-0.5,114,2,5,1
32,41.0,-0.27485279333333335,-0.13705494666666665,-0.23690984,417.10666666666674,-240.75,15.717900122290729,-2.1146662142894477,0.5,32.0,34.11466621428945,1.6000000000000003,1.3999999999999997,2.0,0.4000000000000001,0.8000000000000002,0.4000000000000001,1.0,1.0,1.0,3.7709696056990603,far,dense,-0.5,-0.5,114,2,5,1
32,42.0,-0.2877440066666667,-0.3925152,-0.2816692,-474.0133333333333,-178.33666666666667,-20.162058788560984,3.768995895029382,-0.5,-35.0,-38.768995895029384,0.5,2.1,2.0,0.5,0.0,0.0,1.0,0.0,0.0,2.659165886207406,far,dense,-0.5,-0.5,114,2,5,1
32,43.0,-0.22728348333333334,-0.35474495666666667,-0.29122983333333335,-574.4533333333334,-131.38333333333333,-21.14363036319339,5.650849118730872,-0.5,-41.0,-46.65084911873087,0.5,2.3,2.0,0.5,0.0,0.0,1.0,0.0,0.0,2.8810708808701087,far,dense,-0.5,-0.5,114,2,5,1
32,44.0,-0.2634933666666667,-0.35052917999999994,-0.2698315466666667,-501.1466666666667,-132.83666666666667,-17.266258820205376,-1.0118005200817375,-0.5,-42.0,-40.98819947991826,0.8000000000000002,2.0,2.0,0.0,0.4000000000000001,0.4000000000000001,0.0,1.0,1.0,2.292651408741216,far,dense,-0.5,-0.5,114,2,5,1
32,46.0,-0.31849013666666665,-0.30635893666666664,-0.2456364,-282.54,-211.14000000000001,-11.57779698379627,8.108616002745919,-0.5,-15.0,-23.10861600274592,3.6,1.7,2.0,2.2,0.4000000000000001,1.0,2.0,1.0,1.0,2.3727742200776207,far,dense,-0.5,-0.5,114,2,5,1
32,47.0,-0.32410001,-0.33444007000000003,-0.26136503333333333,-237.25333333333333,-103.78666666666668,-12.986713271243126,-4.595327474440862,-0.5,-24.0,-19.40467252555914,1.7,2.0,2.0,0.9,0.0,0.8000000000000002,2.0,0.0,2.0,1.7127028481729363,far,dense,-0.5,-0.5,114,2,5,1
32,49.0,-0.26656299666666666,-0.14964069,-0.24317036666666667,379.82666666666665,-183.01,12.729031511162148,0.9344213647519896,0.5,32.0,31.065578635248013,3.9,2.3,3.0,0.8000000000000002,0.5,2.6,1.0,1.0,4.0,5.666562142803952,near,non_dense,-0.5,-0.5,114,2,5,1
32,50.0,-0.3061117566666667,-0.12455766000000001,-0.23583339666666667,411.16333333333336,-203.35333333333332,14.663397127868237,6.371432064808455,0.5,40.0,33.62856793519155,2.6,1.2,3.0,0.0,0.9,1.7,0.0,2.0,2.0,5.339002913295306,near,non_dense,-0.5,-0.5,114,2,5,1
32,52.0,-0.32469555,-0.3176968,-0.23361580333333332,-280.8933333333334,-207.51999999999998,-12.443772404079203,7.973937062827598,-0.5,-15.0,-22.9739370628276,2.7000000000000006,2.0,3.0,0.0,0.9,1.8,0.0,1.0,2.0,4.821120638134147,near,non_dense,-0.5,-0.5,114,2,5,1
32,53.0,-0.26284899333333334,-0.3307943633333333,-0.26383522,-357.0566666666667,-148.26666666666668,-15.435105398931421,-5.463419688467302,-0.5,-34.666666666666664,-29.203246978199363,1.1,1.5,3.0,0.0,0.0,1.1,0.0,0.0,2.0,4.557242959225017,near,non_dense,-0.5,-0.5,114,2,5,1
32,54.0,-0.3396327833333333,-0.18147124,-0.22852953333333334,193.96,-178.57666666666668,7.7342251495223096,4.1362385506738955,0.5,20.0,15.863761449326105,9.1,1.8,3.0,3.1,0.0,6.0,1.0,0.0,5.0,3.9911650666880427,near,non_dense,-0.5,-0.5,114,2,5,1
32,55.0,-0.29909441,-0.2796073666666667,-0.24519110666666666,-133.5,-194.22333333333336,-7.834250907706186,-4.0811912070270395,-0.5,-15.0,-10.91880879297296,8.0,2.5,3.0,1.8999999999999997,0.9,5.2,1.0,2.0,6.0,3.1175503831090583,near,non_dense,-0.5,-0.5,114,2,5,1
32,56.0,-0.28130182666666664,-0.15212435000000002,-0.22268065666666667,376.96000000000004,-251.3166666666667,13.039319174686563,1.1688826771604006,0.5,32.0,30.8311173228396,3.7999999999999994,1.8,3.0,0.0,0.9,2.9,0.0,1.0,4.0,4.597643904103106,near,non_dense,-0.5,-0.5,114,2,5,1
32,57.0,-0.29797814333333333,-0.17632720000000002,-0.22611254333333333,297.29999999999995,-227.79666666666665,10.191142230937663,-2.6491524655495162,0.5,21.666666666666668,24.31581913221618,5.7,2.2,3.0,3.0,0.4000000000000001,2.3,4.0,1.0,3.0,3.816105696126096,near,non_dense,-0.5,-0.5,114,2,5,1
32,58.0,-0.29052432333333333,-0.17762725666666668,-0.22896555,332.57,-286.50333333333333,12.167394110145976,-6.200511163138702,0.5,21.0,27.200511163138703,5.2,1.8,3.0,0.5,0.6999999999999998,4.0,1.0,1.0,4.0,6.613027115703694,near,non_dense,-0.5,-0.5,114,2,5,1
32,59.0,-0.29408591666666667,-0.18344296999999998,-0.23466796,258.59,-215.0566666666667,8.91832334363498,-8.149773526403578,0.5,13.0,21.149773526403578,5.400000000000001,3.2999999999999994,3.0,2.6,0.0,2.7999999999999994,2.0,0.0,6.0,3.3050333681330386,near,non_dense,-0.5,-0.5,114,2,5,1
32,60.0,-0.21855153000000002,-0.18144449666666665,-0.24176692666666666,239.45666666666662,-154.75,12.741093946049167,18.415119419206032,0.5,38.0,19.584880580793968,5.2,2.7000000000000006,3.0,0.0,0.8000000000000002,4.4,0.0,1.0,5.0,4.661222588883926,near,non_dense,-0.5,-0.5,114,2,5,1
32,61.0,-0.23894236333333332,-0.18358324666666667,-0.24491019666666666,326.0233333333333,-273.76666666666665,10.945838132526204,-5.665066956661828,0.5,21.0,26.66506695666183,9.8,1.7,3.0,1.0,1.1,7.7,1.0,1.0,6.0,5.047867370588321,near,non_dense,-0.5,-0.5,114,2,5,1
32,62.0,-0.21297127000000002,-0.16717825,-0.24703776333333335,431.46000000000004,-327.3433333333333,13.971212904334793,-1.2886085529296902,0.5,34.0,35.288608552929695,3.0,0.6999999999999998,3.0,0.0,0.0,3.0,0.0,0.0,5.0,5.082648515432899,near,non_dense,-0.5,-0.5,114,2,5,1
32,63.0,-0.24416674333333332,-0.33614560000000004,-0.2858796333333333,-381.3233333333333,-217.87333333333333,-17.096948921565854,-3.8120107493201623,-0.5,-35.0,-31.187989250679838,0.6999999999999998,3.5,3.0,0.0,0.0,0.6999999999999998,0.0,0.0,1.0,4.891452461522895,near,non_dense,-0.5,-0.5,114,2,5,1
32,64.0,-0.30827546333333333,-0.3077600733333334,-0.25978359666666667,-297.31666666666666,-190.51333333333332,-14.410969003192939,9.317182279381347,-0.5,-15.0,-24.317182279381345,4.3,2.1,3.0,3.2000000000000006,0.6,0.5,1.0,1.0,1.0,4.552911176389307,near,non_dense,-0.5,-0.5,114,2,5,1
32,65.0,-0.2718899533333334,-0.2816921866666667,-0.25785774,-163.30666666666667,-185.92999999999998,-9.420551256588515,-1.643338816845663,-0.5,-15.0,-13.356661183154337,6.2,2.3,3.0,3.2000000000000006,0.0,3.0,1.0,0.0,6.0,3.882704539489019,near,non_dense,-0.5,-0.5,114,2,5,1
32,66.0,-0.34662085666666664,-0.13858938333333334,-0.31379438833333334,172.01,-169.09,14.05055127884369,-1.568496632803586,0.5,12.5,14.068496632803587,4.7,2.2,3.0,2.6,0.6999999999999998,1.3999999999999997,2.0,1.0,2.0,5.245157621150485,near,non_dense,-0.5,-0.5,114,2,5,1
32,67.0,-0.27415484333333334,-0.31879147,-0.26392634666666664,-381.3966666666667,-138.63333333333333,-15.661196573909896,-2.80601290179343,-0.5,-34.0,-31.193987098206566,1.7,1.3999999999999997,3.0,0.5,0.0,1.2,1.0,0.0,1.0,4.896723161061591,near,non_dense,-0.5,-0.5,114,2,5,1
32,68.0,-0.3092747633333333,-0.3169476,-0.24838258666666665,-287.93,-184.99666666666667,-12.25455504066158,8.549457795960334,-0.5,-15.0,-23.549457795960336,3.7999999999999994,1.8,3.0,2.7000000000000006,0.0,1.1,1.0,0.0,2.0,4.1694503514594174,near,non_dense,-0.5,-0.5,114,2,5,1
32,69.0,-0.26333435666666666,-0.13202887666666666,-0.22757478666666667,403.1566666666667,-305.5733333333333,14.186842536905118,8.026287962953797,0.5,41.0,32.973712037046205,2.7999999999999994,1.8,3.0,0.0,1.2,1.6000000000000003,0.0,1.0,3.0,5.3619889315587,near,non_dense,-0.5,-0.5,114,2,5,1
32,70.0,-0.30349147,-0.15181906666666667,-0.23813631666666668,327.28333333333336,-258.62333333333333,11.509783986664095,-4.10145421568165,0.5,22.666666666666668,26.768120882348317,2.9,2.2,3.0,0.4000000000000001,0.4000000000000001,2.1,1.0,1.0,4.0,4.177144398134167,near,non_dense,-0.5,-0.5,114,2,5,1
32,71.0,-0.28633996666666667,-0.31740530333333333,-0.26208374,-295.27,-142.08,-11.645201069669783,1.4831211408324034,-0.5,-22.666666666666668,-24.14978780749907,6.5,1.8999999999999997,3.0,0.9,0.0,5.599999999999999,2.0,0.0,2.0,3.9112833817535986,near,non_dense,-0.5,-0.5,114,2,5,1
32,72.0,-0.28142833666666667,-0.31913816,-0.24992449000000003,-374.5133333333333,-203.35666666666665,-14.34809780780585,-3.3689926810066466,-0.5,-34.0,-30.631007318993355,2.7000000000000006,2.1,3.0,0.5,0.4000000000000001,1.8,1.0,1.0,4.0,4.703611692728071,near,non_dense,-0.5,-0.5,114,2,5,1
32,73.0,-0.2703537866666667,-0.19757097666666668,-0.23785329,209.73333333333335,-234.14333333333335,6.659499763325989,-4.153843926438419,0.5,13.0,17.153843926438416,7.900000000000001,3.0,4.0,0.0,1.8,6.099999999999999,0.0,1.0,6.0,2.2191078312688655,far,non_dense,-0.5,-0.5,114,2,5,1
32,74.0,-0.25050878,-0.18803537,-0.24219078666666669,246.2266666666667,-208.43999999999997,8.04756828068269,-0.8052576259507244,0.5,19.333333333333332,20.13859095928406,2.9,2.3,4.0,0.0,0.6,2.3,0.0,1.0,5.0,2.6026238248417113,far,non_dense,-0.5,-0.5,114,2,5,1
32,75.0,-0.25163621666666663,-0.28656376333333333,-0.26578445,-166.93333333333334,-144.31,-8.581888981416894,-1.346717993705721,-0.5,-15.0,-13.653282006294278,5.7,2.7000000000000006,4.0,1.1,1.2,3.4,2.0,1.0,5.0,2.8933664722597214,far,non_dense,-0.5,-0.5,114,2,5,1
32,76.0,-0.3141169466666667,-0.26467089666666666,-0.24926429666666663,-162.40333333333334,-192.40333333333334,-6.303259990539349,-1.7172213931976146,-0.5,-15.0,-13.282778606802387,8.3,2.6,4.0,1.3999999999999997,1.0,5.900000000000001,2.0,1.0,4.0,2.047261397240974,far,non_dense,-0.5,-0.5,114,2,5,1
32,77.0,-0.2885042233333333,-0.27716467666666667,-0.25671808999999995,-175.1933333333333,-178.19333333333336,-7.230438765950332,-0.671142258649868,-0.5,-15.0,-14.328857741350133,8.2,3.4,4.0,5.400000000000001,0.0,2.7999999999999994,1.0,0.0,4.0,2.2804538327050623,far,non_dense,-0.5,-0.5,114,2,5,1
32,79.0,-0.27414687666666665,-0.2828837933333333,-0.26749759,-197.90333333333334,-203.32666666666668,-9.502003113656567,1.186282068604184,-0.5,-15.0,-16.186282068604182,5.5,3.4,4.0,2.2,1.1,2.2,2.0,2.0,3.0,3.228445913495776,far,non_dense,-0.5,-0.5,114,2,5,1
32,80.0,-0.24651436000000002,-0.28847782,-0.2540948,-263.2133333333333,-177.66666666666666,-12.03893731336636,6.527910550020394,-0.5,-15.0,-21.527910550020394,6.0,3.2999999999999994,4.0,1.3999999999999997,2.7999999999999994,1.8,2.0,3.0,3.0,5.973917999463552,far,non_dense,-0.5,-0.5,114,2,5,1
32,81.0,-0.25672405000000004,-0.3450868633333333,-0.27291913,-329.50333333333333,-201.89,-17.48929126832314,-15.050307915251686,-0.5,-42.0,-26.949692084748317,1.7,3.4,4.0,0.0,0.0,1.7,0.0,0.0,3.0,5.461948039937288,far,non_dense,-0.5,-0.5,114,2,5,1
32,82.0,-0.25098123,-0.19627393666666668,-0.23797114666666666,297.6133333333333,-238.24333333333334,9.288010293900456,-4.341446298921292,0.5,20.0,24.341446298921294,4.2,3.7000000000000006,4.0,0.0,0.0,4.2,0.0,0.0,4.0,3.08740508594923,far,non_dense,-0.5,-0.5,114,2,5,1
32,85.0,-0.3797328973333334,-0.14009301933333335,-0.365935034,70.44666666666666,-121.66533333333334,14.049926904447664,-1.761750437720112,0.5,4.0,5.761750437720112,6.0,2.9,4.0,1.1,0.8,4.1,2.0,1.0,6.0,4.948391855374834,far,non_dense,-0.5,-0.5,114,2,5,1
32,86.0,-0.3544996211111111,-0.14966992222222222,-0.35225779888888886,224.35999999999999,-200.85555555555555,14.67909730456289,-7.6834752119206975,0.5,10.666666666666666,18.350141878587365,7.300000000000001,2.1,4.0,0.8999999999999999,0.6,5.8,1.0,1.0,8.0,4.75080671208264,far,non_dense,-0.5,-0.5,114,2,5,1
32,87.0,-0.23889159333333332,-0.16705512666666666,-0.24549480999999998,275.84666666666664,-269.18666666666667,10.314173741809674,16.43882389878441,0.5,39.0,22.56117610121559,4.5,2.3,4.0,0.0,1.3,3.2000000000000006,0.0,1.0,5.0,3.87411495308776,far,non_dense,-0.5,-0.5,114,2,5,1
32,89.0,-0.24561094000000003,-0.18980145333333334,-0.23870133666666668,229.52999999999997,-264.59666666666664,7.8024471010687195,19.227009870778403,0.5,38.0,18.772990129221597,7.0,3.4,4.0,4.7,0.6999999999999998,1.6000000000000003,1.0,1.0,3.0,3.693975328441404,far,non_dense,-0.5,-0.5,114,2,5,1
32,90.0,-0.29238117,-0.16323611000000002,-0.24547409666666664,254.07666666666668,-213.22333333333333,8.374418363156481,0.8860333925898161,0.5,21.666666666666668,20.780633274076852,8.0,2.1,4.0,6.900000000000001,0.6,0.5,7.0,1.0,1.0,3.0698749894404416,far,non_dense,-0.5,-0.5,114,2,5,1
32,91.0,-0.2612546966666667,-0.28046938,-0.26486973,-235.94999999999996,-199.08,-8.558178846473593,4.298074417243218,-0.5,-15.0,-19.298074417243217,6.3,2.7000000000000006,4.0,2.6,1.0,2.7000000000000006,3.0,2.0,4.0,3.1950886894759627,far,non_dense,-0.5,-0.5,114,2,5,1
32,92.0,-0.27464547666666667,-0.27396501,-0.24879672,-96.26,-153.41,-6.116591201269562,-7.127007232872081,-0.5,-15.0,-7.872992767127919,8.2,3.4,4.0,0.9,2.2,5.1,2.0,2.0,3.0,2.137564203139357,far,non_dense,-0.5,-0.5,114,2,5,1
32,93.0,-0.25643393333333336,-0.27702753666666663,-0.25007411333333335,-161.8033333333333,-227.3033333333333,-7.072233008087278,-1.766294691143561,-0.5,-15.0,-13.233705308856438,1.7,3.1,4.0,0.0,0.5,1.2,0.0,1.0,2.0,2.3318793938182094,far,non_dense,-0.5,-0.5,114,2,5,1
32,94.0,-0.2727989866666667,-0.27282242,-0.2554850166666667,-155.47333333333333,-215.61,-7.931658269298971,-2.2840179844732877,-0.5,-15.0,-12.715982015526713,6.7,4.1,4.0,1.5,4.2,1.0,2.0,4.0,2.0,2.9338863015808916,far,non_dense,-0.5,-0.5,114,2,5,1
32,96.0,-0.22304943,-0.27639537,-0.27111045666666667,-230.58666666666667,-268.53000000000003,-11.746145403521185,3.8594136594930704,-0.5,-15.0,-18.85941365949307,5.5,2.6,4.0,0.0,2.0,3.5,0.0,2.0,6.0,5.4381225525709285,far,non_dense,-0.5,-0.5,114,2,5,1
33,3.0,-0.3176163066666666,-0.27297550000000004,-0.3345947055555556,188.36333333333334,-204.5622222222222,-22.508184957313777,-14.037664892342583,-0.5,0.7777777777777778,14.815442670120364,2.8,5.9,1.0,2.3,0.5,0.0,2.0,1.0,0.0,4.835016911319717,near,dense,0.0,0.0,114,2,2,1
33,8.0,-0.2850952633333333,-0.13641220666666667,-0.21399077333333336,456.09,-176.90333333333334,14.015369594680143,5.126907674449053,0.5,41.0,35.87309232555095,7.3,2.4,1.0,0.0,4.5,2.7999999999999994,0.0,1.0,3.0,2.1280158693379483,near,dense,0.0,0.0,114,2,2,1
33,9.0,-0.27279884666666665,-0.11713459,-0.21138356,544.4166666666666,-181.78666666666666,16.49846946593105,2.1797028066784443,0.5,45.0,42.82029719332155,5.7,1.8999999999999997,1.0,0.0,0.6,5.1,0.0,1.0,5.0,2.556635030226308,near,dense,0.0,0.0,114,2,2,1
33,10.0,-0.24862127166666667,-0.10828124,-0.21305174000000002,631.3183333333333,-266.11833333333334,19.466018045917348,-2.703305490589674,0.5,45.0,47.70330549058968,3.7999999999999994,0.4000000000000001,1.0,0.0,2.7999999999999994,1.0,0.0,1.0,1.0,3.1323252302893443,near,dense,0.0,0.0,114,2,2,1
33,12.0,-0.26394790333333334,-0.13672883,-0.21621813999999998,532.2199999999999,-240.67666666666665,15.216335540151212,-9.860986203391269,0.5,32.0,41.86098620339127,0.8000000000000002,2.6,1.0,0.0,0.4000000000000001,0.4000000000000001,0.0,1.0,1.0,2.310130374811005,near,dense,0.0,0.0,114,2,2,1
33,13.0,-0.36711842333333333,-0.24937640333333333,-0.402769235,169.64000000000001,-124.49833333333333,8.800581438974557,-6.676119586280039,0.5,6.666666666666667,13.342786252946707,7.599999999999999,1.0,1.0,0.0,0.0,7.599999999999999,0.0,0.0,3.0,1.3932091890717615,near,dense,0.0,0.0,114,2,2,1
33,17.0,-0.2767158566666667,-0.16323637,-0.21669762333333334,367.69,-244.67333333333332,11.718569072904595,-8.920119531631537,0.5,20.0,28.92011953163154,3.2000000000000006,2.3,1.0,0.0,1.5,1.7,0.0,1.0,3.0,1.5030823022106927,near,dense,0.0,0.0,114,2,2,1
33,19.0,-0.2565479016666667,-0.14994091499999998,-0.229166275,444.72166666666675,-248.96666666666667,14.586775336442656,-11.978932683256,0.5,23.0,34.978932683256,3.5,0.6,1.0,0.0,0.0,3.5,0.0,0.0,5.0,2.960975442410492,near,dense,0.0,0.0,114,2,2,1
33,21.0,-0.2598337133333333,-0.36848874666666664,-0.23573539666666665,-535.1966666666667,-345.18333333333334,-16.981374077549038,0.09511156934037264,-0.5,-42.0,-42.09511156934037,0.6,2.2,1.0,0.0,0.0,0.6,0.0,0.0,1.0,2.586658698129385,near,dense,0.0,0.0,114,2,2,1
33,22.0,-0.2662923,-0.14521705,-0.21736100333333333,424.50333333333333,-275.62333333333333,13.880634713538262,11.611310773814829,0.5,45.0,33.38868922618517,4.5,2.5,1.0,0.0,1.7,2.7999999999999994,0.0,1.0,4.0,2.3393822846061956,near,dense,0.0,0.0,114,2,2,1
33,23.0,-0.2842520866666667,-0.3537956666666666,-0.23613965333333334,-326.09,-276.77333333333337,-13.070537542558716,4.314799001159656,-0.5,-21.333333333333332,-25.64813233449299,0.5,2.7000000000000006,1.0,0.5,0.0,0.0,1.0,0.0,0.0,1.9624626301057155,near,dense,0.0,0.0,114,2,2,1
33,24.0,-0.3065647,-0.21992682333333335,-0.21897018666666668,150.45000000000002,-195.24666666666667,4.276172916460158,-0.16675818452309996,0.5,11.666666666666666,11.833424851189767,8.3,2.7000000000000006,1.0,2.7999999999999994,4.7,0.8000000000000002,2.0,1.0,1.0,1.1793822443517172,near,dense,0.0,0.0,114,2,2,1
33,27.0,-0.28878123666666666,-0.14202668333333332,-0.21471065,400.80999999999995,-228.31000000000003,13.292624052004676,8.47487527680047,0.5,40.0,31.52512472319953,3.7999999999999994,2.7000000000000006,2.0,0.0,0.6999999999999998,3.1,0.0,1.0,2.0,2.2968985047497745,far,dense,0.0,0.0,114,2,2,1
33,28.0,-0.23503502833333334,-0.35582842166666667,-0.2463380966666667,-226.4766666666667,-277.15333333333336,-17.938161840382534,-24.68680880327049,-0.5,-42.5,-17.81319119672951,0.5,1.0,2.0,0.0,0.0,0.5,0.0,0.0,1.0,2.1705745905169134,far,dense,0.0,0.0,114,2,2,1
33,29.0,-0.2992583766666667,-0.14687862333333332,-0.21350662666666667,358.33666666666664,-218.29,12.365426797164424,10.815553230802019,0.5,39.0,28.18444676919798,7.599999999999999,2.9,2.0,0.0,0.9,6.7,0.0,1.0,5.0,2.0858690789871233,far,dense,0.0,0.0,114,2,2,1
33,30.0,-0.2715072733333333,-0.15024642333333335,-0.21441392333333334,460.94,-264.92,13.86982347074983,-4.2545619867558,0.5,32.0,36.254561986755796,5.900000000000001,2.4,2.0,0.0,1.0,4.9,0.0,1.0,3.0,2.4535904834955367,far,dense,0.0,0.0,114,2,2,1
33,31.0,-0.251253,-0.14252818,-0.20695643666666666,400.69,-264.74666666666667,13.180991117043035,8.484313701407599,0.5,40.0,31.515686298592403,6.2,4.0,2.0,0.0,2.0,4.2,0.0,1.0,5.0,3.619474043935425,far,dense,0.0,0.0,114,2,2,1
33,32.0,-0.29821522,-0.15804249,-0.21514462999999998,347.95,-194.25,11.038775215765355,-6.367498683758583,0.5,21.0,27.367498683758583,9.7,2.4,2.0,0.0,5.599999999999999,4.1,0.0,1.0,2.0,1.9524550700609886,far,dense,0.0,0.0,114,2,2,1
33,33.0,-0.26898429,-0.15095126333333334,-0.21860873333333333,409.81333333333333,-229.91,12.812823369641832,-2.566602080528959,0.5,29.666666666666668,32.23326874719563,8.7,2.5,2.0,0.0,2.6,6.099999999999999,0.0,1.0,2.0,2.2105160879722328,far,dense,0.0,0.0,114,2,2,1
33,34.0,-0.28006127333333336,-0.13626008666666667,-0.21411929,467.3866666666666,-242.17666666666665,14.695902886194785,4.238384869072251,0.5,41.0,36.761615130927744,5.5,2.2,2.0,0.0,4.4,1.1,0.0,1.0,1.0,2.5721827916372724,far,dense,0.0,0.0,114,2,2,1
33,35.0,-0.27115193,-0.10129553000000001,-0.21249048,574.1633333333333,-269.42333333333335,18.62700265532918,-0.15997778204466093,0.5,45.0,45.159977782044656,0.9,2.3,2.0,0.0,0.4000000000000001,0.5,0.0,1.0,1.0,3.2713958677241517,far,dense,0.0,0.0,114,2,2,1
33,36.0,-0.2808287033333334,-0.12716323666666665,-0.21615975,472.3300000000001,-253.01333333333332,15.540485421036216,7.849574210950739,0.5,45.0,37.15042578904926,1.5,2.5,2.0,0.0,1.5,0.0,0.0,1.0,0.0,3.6597153480702764,far,dense,0.0,0.0,114,2,2,1
33,37.0,-0.333051985,-0.26429584,-0.3837151466666667,221.5016666666667,-193.84666666666666,19.02906576960287,-16.92188984322556,0.5,0.5,17.42188984322556,4.8,2.2,2.0,0.6,1.7,2.5,1.0,1.0,3.0,3.470400618366822,far,dense,0.0,0.0,114,2,2,1
33,39.0,-0.39571451333333335,-0.38612942,-0.5504380666666666,-61.55666666666669,-246.98333333333332,27.116750013060777,-26.158350355003403,0.5,-31.0,-4.841649644996599,3.2999999999999994,12.4,2.0,0.8000000000000002,2.5,0.0,1.0,3.0,0.0,4.864979862908682,far,dense,0.0,0.0,114,2,2,1
33,42.0,-0.31371540000000003,-0.3663910133333333,-0.39766904666666664,-157.79166666666666,-263.545,-17.472289402915322,-24.08912708777677,-0.5,-36.5,-12.410872912223233,1.8,0.4000000000000001,2.0,0.0,0.0,1.8,0.0,0.0,4.0,2.264371185155562,far,dense,0.0,0.0,114,2,2,1
33,43.0,-0.2597200866666667,-0.18151732666666667,-0.21732708666666667,372.24,-258.72666666666663,-23.496217378510007,-9.277993131318567,-0.5,20.0,29.277993131318567,0.4000000000000001,1.1,2.0,0.0,0.0,0.4000000000000001,0.0,0.0,1.0,3.190050180164508,far,dense,0.0,0.0,114,2,2,1
33,46.0,-0.2679112633333333,-0.32210813,-0.23189987333333337,-209.33,-242.10333333333332,-9.776469655850393,1.464545191755093,-0.5,-15.0,-16.464545191755093,5.7,2.7999999999999994,2.0,3.2000000000000006,0.0,2.5,1.0,0.0,3.0,2.034244869380854,far,dense,0.0,0.0,114,2,2,1
33,47.0,-0.2541053,-0.34020516333333334,-0.23925008,-250.34,-274.62,-11.190009749187626,4.690126801241913,-0.5,-15.0,-19.690126801241913,4.0,3.1,2.0,2.7999999999999994,0.0,1.2,1.0,0.0,3.0,1.5308188319407698,far,dense,0.0,0.0,114,2,2,1
33,48.0,-0.28600447333333334,-0.28615728,-0.22837084,-70.35000000000002,-268.87,-4.828597137664903,-9.466723574069787,-0.5,-15.0,-5.533276425930211,5.8,2.6,2.0,2.5,0.0,3.2999999999999994,1.0,0.0,3.0,1.2621646266320445,far,dense,0.0,0.0,114,2,2,1
33,49.0,-0.3365788783333334,-0.27131965583333334,-0.3809301725,259.49833333333333,-209.39083333333335,11.848636381376208,-18.577128790355548,0.5,1.8333333333333333,20.41046212368888,22.100000000000005,2.0,3.0,0.4000000000000001,1.7,20.0,1.0,1.0,13.0,3.9920192426579386,near,non_dense,0.0,0.0,114,2,2,1
33,50.0,-0.30761583666666664,-0.07239132666666666,-0.21434268,428.06,-101.72333333333334,15.506221417709048,11.33156635559793,0.5,45.0,33.668433644402064,3.0,1.7,3.0,0.0,1.1,1.8999999999999997,0.0,2.0,2.0,5.5741291553642744,near,non_dense,0.0,0.0,114,2,2,1
33,51.0,-0.29903993833333337,-0.224910195,-0.23009452500000002,81.39499999999998,-250.41166666666666,-41.49181643012802,-4.068671424144836,-0.5,2.3333333333333335,6.4020047574781715,3.2999999999999994,1.2,3.0,1.0,0.0,2.3,1.0,0.0,3.0,10.486104205707676,near,non_dense,0.0,0.0,114,2,2,1
33,54.0,-0.33777675333333335,-0.15108859,-0.21230531666666666,237.53333333333333,-228.41,9.604157111579438,8.650496180441287,0.5,27.333333333333332,18.682837152892045,7.2,2.1,3.0,3.7999999999999994,0.6999999999999998,2.7000000000000006,3.0,1.0,3.0,5.133233341243279,near,non_dense,0.0,0.0,114,2,2,1
33,55.0,-0.33163446,-0.29052035000000004,-0.2239636633333333,-185.62,-265.0566666666667,-8.17375896970286,-0.40033020353709264,-0.5,-15.0,-14.599669796462907,8.1,1.3,3.0,2.7999999999999994,0.0,5.3,1.0,0.0,3.0,3.045888889781313,near,non_dense,0.0,0.0,114,2,2,1
33,56.0,-0.35800172,-0.11263253,-0.2122752333333333,343.08666666666676,-187.54666666666665,11.087567506258244,5.0150196912915055,0.5,32.0,26.984980308708497,4.1,2.7000000000000006,3.0,0.0,0.8000000000000002,3.2999999999999994,0.0,1.0,5.0,4.098337354653169,near,non_dense,0.0,0.0,114,2,2,1
33,57.0,-0.37624839,-0.14206662,-0.20417009666666666,297.4766666666667,-216.26333333333332,8.746876676482334,-5.397592422615005,0.5,18.0,23.397592422615002,6.5,1.6000000000000003,3.0,1.2,1.8999999999999997,3.4,2.0,1.0,4.0,3.2541857235543037,near,non_dense,0.0,0.0,114,2,2,1
33,58.0,-0.35373830666666667,-0.11078377,-0.19886371666666666,361.33,-197.00333333333333,12.356965845050787,3.580116972546372,0.5,32.0,28.419883027453626,10.2,1.5,3.0,0.4000000000000001,2.4,7.400000000000001,1.0,1.0,1.0,6.609879955094658,near,non_dense,0.0,0.0,114,2,2,1
33,59.0,-0.38567828000000004,-0.14952716,-0.21121114333333332,235.75666666666666,-240.04333333333332,8.032862726646792,-9.543096033014258,0.5,9.0,18.54309603301426,11.5,2.1,3.0,4.5,2.6,4.4,2.0,1.0,2.0,3.1147497526422234,near,non_dense,0.0,0.0,114,2,2,1
33,60.0,-0.37568588,-0.11151761333333332,-0.20597489000000002,374.4066666666667,-260.1166666666666,11.416906191477596,-5.781742464502867,0.5,23.666666666666668,29.44840913116953,7.5,1.5,3.0,0.0,3.7999999999999994,3.7000000000000006,0.0,1.0,3.0,4.28317271710672,near,non_dense,0.0,0.0,114,2,2,1
33,61.0,-0.3788858533333333,-0.11703685333333334,-0.20993906333333334,274.02333333333337,-291.7833333333333,9.86703288725861,-0.5529047688436262,0.5,21.0,21.55290476884363,10.1,1.7,3.0,0.6999999999999998,8.0,1.3999999999999997,1.0,1.0,1.0,4.6686532356945785,near,non_dense,0.0,0.0,114,2,2,1
33,62.0,-0.34058569,-0.09669929666666666,-0.22372102666666668,398.1566666666667,-255.71,13.07987351191701,6.35023599866924,0.5,37.666666666666664,31.316430667997427,2.2,1.8,3.0,0.0,0.4000000000000001,1.8,0.0,1.0,2.0,4.831046729546029,near,non_dense,0.0,0.0,114,2,2,1
33,63.0,-0.30828707333333333,-0.34754181666666667,-0.24436812666666666,-390.59,-226.75666666666666,-15.81185306877896,15.72128556082559,-0.5,-15.0,-30.721285560825592,1.7,2.0,3.0,0.4000000000000001,0.8000000000000002,0.5,1.0,1.0,1.0,4.465838649963405,near,non_dense,0.0,0.0,114,2,2,1
33,64.0,-0.32957443666666664,-0.33693558,-0.23485541666666665,-354.9066666666667,-316.49333333333334,-13.796287068580831,12.91466513251084,-0.5,-15.0,-27.914665132510844,5.1,2.4,3.0,2.0,0.5,2.6,2.0,1.0,4.0,4.458897030609569,near,non_dense,0.0,0.0,114,2,2,1
33,66.0,-0.35961558333333327,-0.12671169000000002,-0.21027205333333332,283.22333333333336,-205.67,10.079567872093532,-0.2765173220569633,0.5,22.0,22.276517322056964,3.9,2.5,3.0,1.0,0.4000000000000001,2.5,1.0,1.0,2.0,3.7389888871022356,near,non_dense,0.0,0.0,114,2,2,1
33,68.0,-0.35387211999999996,-0.25218712666666665,-0.26492145666666667,-296.76666666666665,-339.25666666666666,-11.399698334564809,8.675081743689484,-0.5,-14.666666666666666,-23.34174841035615,6.099999999999999,0.5,3.0,1.5,0.0,4.6,1.0,0.0,4.0,3.6873849661186395,near,non_dense,0.0,0.0,114,2,2,1
33,69.0,-0.34116588,-0.11844627333333334,-0.2053324466666667,400.13000000000005,-287.50333333333333,11.67791747296644,2.5283596829075363,0.5,34.0,31.471640317092465,3.1,1.5,3.0,0.0,0.0,3.1,0.0,0.0,3.0,4.548101297952729,near,non_dense,0.0,0.0,114,2,2,1
33,70.0,-0.35394164,-0.13626914333333331,-0.20802390333333332,269.2966666666667,-224.29333333333332,10.11600452267384,3.8188642892927867,0.5,25.0,21.181135710707213,5.400000000000001,2.1,3.0,0.8000000000000002,0.4000000000000001,4.2,1.0,1.0,5.0,3.897889355760158,near,non_dense,0.0,0.0,114,2,2,1
33,71.0,-0.36539699333333336,-0.35297143333333336,-0.2265815666666667,-298.16333333333336,-356.33666666666676,-12.106086307385967,8.451601185644696,-0.5,-15.0,-23.451601185644694,6.599999999999999,2.0,3.0,1.7,1.6000000000000003,3.2999999999999994,1.0,1.0,5.0,3.959684762303239,near,non_dense,0.0,0.0,114,2,2,1
33,72.0,-0.28891360666666666,-0.33591627,-0.23169272333333332,-339.98333333333335,-349.56333333333333,-13.99245445640843,0.7408921612296465,-0.5,-26.0,-26.74089216122965,6.7,1.8999999999999997,3.0,0.0,1.2,5.5,0.0,1.0,3.0,4.314466496181834,near,non_dense,0.0,0.0,114,2,2,1
33,73.0,-0.390804,-0.15248803,-0.22892662333333333,172.99666666666667,-206.85333333333332,5.864551100433005,-6.940133296818381,0.5,6.666666666666667,13.606799963485047,12.9,0.6999999999999998,4.0,2.7000000000000006,0.0,10.2,1.0,0.0,3.0,2.086484359164457,far,non_dense,0.0,0.0,114,2,2,1
33,74.0,-0.35316482,-0.14984700666666667,-0.2196017166666667,237.57333333333335,-249.9333333333333,7.381667561501414,-0.6859832944277606,0.5,18.0,18.68598329442776,11.0,0.9,4.0,3.4,0.0,7.599999999999999,1.0,0.0,3.0,2.526156774124187,far,non_dense,0.0,0.0,114,2,2,1
33,75.0,-0.3854138833333334,-0.20332654333333333,-0.2835179566666666,-184.16666666666666,-212.63333333333335,-8.590091030468779,11.485359987332103,-0.5,-3.0,-14.485359987332103,7.099999999999999,0.6999999999999998,4.0,3.2999999999999994,0.0,3.7999999999999994,2.0,0.0,5.0,2.8131240920423775,far,non_dense,0.0,0.0,114,2,2,1
33,78.0,-0.33942455,-0.15197263333333333,-0.21119846,300.78000000000003,-264.09999999999997,8.705260804953793,6.009255388894264,0.5,29.666666666666668,23.6574112777724,11.699999999999998,2.1,4.0,1.7,7.0,3.0,2.0,1.0,1.0,3.0344916264422075,far,non_dense,0.0,0.0,114,2,2,1
33,79.0,-0.3336498766666667,-0.3160125833333333,-0.22707997333333332,-239.92666666666665,-295.65333333333336,-9.271461342409436,3.8710812881120433,-0.5,-15.0,-18.871081288112045,1.2,1.8999999999999997,4.0,0.0,0.0,1.2,0.0,0.0,1.0,2.98402671916372,far,non_dense,0.0,0.0,114,2,2,1
33,80.0,-0.3427480866666666,-0.34695242333333337,-0.38894340666666666,-119.30833333333335,-184.60833333333335,-21.23891293850917,-12.61597742359123,-0.5,-22.0,-9.38402257640877,3.5,1.8999999999999997,4.0,2.1,0.6999999999999998,0.6999999999999998,1.0,1.0,1.0,9.50914867416582,far,non_dense,0.0,0.0,114,2,2,1
33,83.0,-0.30494588666666667,-0.1488091,-0.20832877000000002,308.15000000000003,-234.90333333333334,9.523704361127479,13.76291214427301,0.5,38.0,24.237087855726987,9.3,1.8999999999999997,4.0,0.0,3.6,5.7,0.0,1.0,4.0,3.318360584430829,far,non_dense,0.0,0.0,114,2,2,1
33,84.0,-0.2995167966666667,-0.12741631333333334,-0.2122899,415.77,-252.63333333333333,13.347152235150423,8.298218342444878,0.5,41.0,32.701781657555124,3.4,2.0,4.0,0.0,2.6,0.8000000000000002,0.0,1.0,1.0,4.316216735154449,far,non_dense,0.0,0.0,114,2,2,1
33,86.0,-0.33317341166666664,-0.2813024533333333,-0.40411114833333334,318.0516666666667,-223.96666666666667,10.935273693762824,-24.515888975045907,0.5,0.5,25.015888975045907,10.6,2.3,4.0,0.0,3.1,7.5,0.0,2.0,6.0,3.963084517954129,far,non_dense,0.0,0.0,114,2,2,1
33,87.0,-0.31747320333333334,-0.14973925666666665,-0.2091626166666667,253.53666666666666,-209.91,9.436881657758493,9.725110721029251,0.5,29.666666666666668,19.941555945637415,6.099999999999999,2.3,4.0,0.0,0.0,6.099999999999999,0.0,0.0,7.0,3.594969643733744,far,non_dense,0.0,0.0,114,2,2,1
33,89.0,-0.2796290066666667,-0.21301323333333333,-0.23473094833333333,28.01000000000001,-234.83,9.24843298318448,0.46358105628564,0.5,2.6666666666666665,2.203085610381027,9.9,2.4,4.0,1.8999999999999997,0.8000000000000002,7.2,1.0,1.0,5.0,4.399744983565905,far,non_dense,0.0,0.0,114,2,2,1
33,90.0,-0.27990268333333335,-0.18881121,-0.22189885666666667,263.2733333333333,-221.97000000000003,7.666131500469626,-0.7073792311215227,0.5,20.0,20.70737923112152,6.599999999999999,3.4,4.0,4.3,1.7,0.6,4.0,3.0,1.0,2.9532849131280288,far,non_dense,0.0,0.0,114,2,2,1
33,91.0,-0.2708739566666667,-0.31504898000000003,-0.2348456866666667,-183.63666666666666,-272.05,-8.603400091174992,-0.5563263880160546,-0.5,-15.0,-14.443673611983945,6.099999999999999,2.2,4.0,2.7999999999999994,0.6,2.7000000000000006,1.0,1.0,5.0,2.9329897338615223,far,non_dense,0.0,0.0,114,2,2,1
33,92.0,-0.2968825133333333,-0.29787572,-0.22479406333333332,-97.93000000000002,-322.93333333333334,-5.708267164865487,-7.297458985197647,-0.5,-15.0,-7.702541014802353,10.3,3.2999999999999994,4.0,4.3,0.0,6.0,1.0,0.0,6.0,2.0377321463667535,far,non_dense,0.0,0.0,114,2,2,1
33,93.0,-0.28132778999999997,-0.31013712,-0.22615799333333333,-128.72,-298.66,-6.716341765292616,-4.875716538084768,-0.5,-15.0,-10.124283461915232,5.2,2.4,4.0,2.5,1.7,1.0,1.0,1.0,2.0,2.2800353172717718,far,non_dense,0.0,0.0,114,2,2,1
33,95.0,-0.24176524666666666,-0.18126709666666665,-0.21926100333333332,373.25,-282.00666666666666,11.276709695538592,8.64256679490475,0.5,38.0,29.357433205095248,6.0,1.7,4.0,0.0,1.2,4.8,0.0,1.0,2.0,4.428803357708712,far,non_dense,0.0,0.0,114,2,2,1
33,96.0,-0.28856271333333333,-0.31271658333333335,-0.23145209666666666,-223.57333333333335,-299.24333333333334,-10.771798057755618,2.584833756929213,-0.5,-15.0,-17.584833756929214,2.6,1.5,4.0,0.0,0.0,2.6,0.0,0.0,2.0,4.820530208288315,far,non_dense,0.0,0.0,114,2,2,1
37,2.0,-0.4361753016666667,-0.10135809333333334,-0.20942804666666667,121.50666666666666,-37.54666666666667,10.337804339403997,-1.9924297353168454,0.5,7.0,8.992429735316845,8.3,0.4000000000000001,1.0,2.7999999999999994,0.0,5.5,1.0,0.0,4.0,1.5024430913595666,near,dense,0.0,0.0,120,3,3,2
37,4.0,-0.43482187666666666,-0.07645243,-0.21712730333333333,192.50333333333333,43.120000000000005,13.011794424416761,-0.5800635441388623,0.5,13.666666666666666,14.246730210805529,3.0,0.5,1.0,1.8999999999999997,0.0,1.1,1.0,0.0,2.0,1.9793875905055156,near,dense,0.0,0.0,120,3,3,2
37,5.0,-0.42411317333333337,-0.045073375,-0.20151156666666667,333.90833333333336,-32.91666666666667,16.711243499705997,-10.045123294406162,0.5,14.666666666666666,24.711789961072828,6.099999999999999,0.4000000000000001,1.0,3.2000000000000006,0.0,2.9,3.0,0.0,2.0,2.5772241246737733,near,dense,0.0,0.0,120,3,3,2
37,6.0,-0.4289166233333333,-0.10097902666666668,-0.19138368333333333,140.72666666666666,36.129999999999995,11.01074011830165,-0.08152452263085398,0.5,10.333333333333334,10.414857855964188,8.9,1.5,1.0,3.9,2.5,2.5,3.0,1.0,2.0,1.610574701248538,near,dense,0.0,0.0,120,3,3,2
37,7.0,-0.42387989333333337,-0.07501106666666667,-0.19299607666666665,159.86333333333334,47.93666666666667,13.52650207777551,3.168881332270914,0.5,15.0,11.831118667729086,5.8,2.0,1.0,3.5,0.0,2.3,3.0,0.0,4.0,1.5413186134857237,near,dense,0.0,0.0,120,3,3,2
37,8.0,-0.42184272333333334,-0.058477539999999995,-0.19146647666666664,223.41333333333333,13.856666666666664,15.290739912485398,-1.5343084214823957,0.5,15.0,16.534308421482397,5.1,2.1,1.0,2.9,0.9,1.3,2.0,2.0,2.0,2.242366250128138,near,dense,0.0,0.0,120,3,3,2
37,9.0,-0.40266562666666667,-0.029368833333333334,-0.1875067566666667,339.85,7.513333333333332,17.22029487808059,-5.818185751057893,0.5,19.333333333333332,25.151519084391225,1.8,1.2,1.0,1.8,0.0,0.0,2.0,0.0,0.0,2.635081771277252,near,dense,0.0,0.0,120,3,3,2
37,10.0,-0.40930413,-0.02456964,-0.20664249,475.9433333333333,-44.23999999999999,20.22382950391801,-13.223474566491417,0.5,22.0,35.22347456649141,1.5,0.5,1.0,0.4000000000000001,0.0,1.1,1.0,0.0,1.0,3.2565276081879233,near,dense,0.0,0.0,120,3,3,2
37,11.0,-0.37849162,0.07130226333333334,-0.17194252333333335,553.8266666666667,27.593333333333323,26.808382355074958,4.01255855197456,0.5,45.0,40.98744144802544,1.0,1.8,1.0,1.0,0.0,0.0,1.0,0.0,0.0,4.555314822646524,near,dense,0.0,0.0,120,3,3,2
37,12.0,-0.44593085000000005,-0.035181529999999996,-0.21431154666666666,268.7366666666666,42.92666666666667,14.933620960969208,-4.888584376467118,0.5,15.0,19.88858437646712,3.9,0.8000000000000002,1.0,2.7000000000000006,0.0,1.2,2.0,0.0,1.0,2.306517050765637,near,dense,0.0,0.0,120,3,3,2
37,13.0,-0.4471585466666667,-0.10043617,-0.21729678333333333,206.9366666666667,50.23333333333335,11.092844767158638,-6.314908109245176,0.5,9.0,15.314908109245176,10.6,0.5,1.0,2.9,0.0,7.7,1.0,0.0,4.0,1.6891915693054216,near,dense,0.0,0.0,120,3,3,2
37,14.0,-0.45428847,-0.07417724666666667,-0.21896501000000002,246.87333333333333,34.126666666666665,12.427784103943411,-5.937195884735254,0.5,12.333333333333334,18.27052921806859,11.199999999999998,0.6,1.0,4.1,0.0,7.099999999999999,1.0,0.0,4.0,1.9408139645108171,near,dense,0.0,0.0,120,3,3,2
37,16.0,-0.4390661,-0.030774836666666666,-0.21515465999999997,384.85999999999996,-18.643333333333334,17.25128679292881,-11.149272624644619,0.5,17.333333333333332,28.482605957977952,6.8,0.6,1.0,0.5,1.0,5.3,1.0,1.0,4.0,2.8813899274055346,near,dense,0.0,0.0,120,3,3,2
37,17.0,-0.47084396,-0.09858378,-0.24685532,212.71,-9.566666666666672,11.366806895838012,-10.075512601954365,0.5,5.666666666666667,15.742179268621031,4.3,0.4000000000000001,1.0,2.3,0.0,2.0,1.0,0.0,3.0,1.385247820898604,near,dense,0.0,0.0,120,3,3,2
37,19.0,-0.4413507266666667,-0.017924593333333332,-0.22075592,328.9866666666666,8.196666666666658,15.395156999377042,-3.0142153651422348,0.5,21.333333333333332,24.347548698475567,3.7999999999999994,0.6,1.0,2.4,0.0,1.3999999999999997,1.0,0.0,1.0,3.052968668083557,near,dense,0.0,0.0,120,3,3,2
37,22.0,-0.44901678,-0.054265313333333336,-0.22515302333333334,223.95666666666668,37.453333333333326,14.184582482916815,-2.9078526087292773,0.5,13.666666666666666,16.574519275395943,5.1,0.6,1.0,3.1,0.0,2.0,2.0,0.0,1.0,2.3158768268905874,near,dense,0.0,0.0,120,3,3,2
37,25.0,-0.385136815,0.05562768666666667,-0.202205485,497.42833333333334,269.79,21.338838392970334,2.3531365241030238,0.5,39.166666666666664,36.81353014256364,11.9,0.5,2.0,2.0,0.0,9.9,3.0,0.0,4.0,3.5302454812088127,far,dense,0.0,0.0,120,3,3,2
37,26.0,-0.4333932866666667,-0.016841739999999997,-0.24447732,280.15333333333336,121.19333333333334,13.887985353525695,-0.4001723600288874,0.5,20.333333333333332,20.733505693362222,3.0,0.4000000000000001,2.0,2.2,0.0,0.8000000000000002,1.0,0.0,1.0,2.35372653442769,far,dense,0.0,0.0,120,3,3,2
37,27.0,-0.4287142066666667,-0.030948729999999997,-0.24755599666666664,377.6033333333333,18.530000000000012,14.952709721655756,-15.612223367161222,0.5,12.333333333333334,27.94555670049456,5.1,0.4000000000000001,2.0,2.1,0.0,3.0,4.0,0.0,5.0,2.6263392177494116,far,dense,0.0,0.0,120,3,3,2
37,29.0,-0.44132287333333337,-0.048515396666666676,-0.23018171666666667,102.18666666666668,58.00666666666668,12.720539937433863,3.437399155989431,0.5,11.0,7.562600844010569,5.400000000000001,0.4000000000000001,2.0,1.7,0.0,3.7000000000000006,1.0,0.0,5.0,2.2470094574852104,far,dense,0.0,0.0,120,3,3,2
37,30.0,-0.4404191366666666,-0.04044018,-0.2542332333333333,280.6033333333333,49.19333333333333,15.291458542132034,-8.433475827994089,0.5,12.333333333333334,20.766809161327426,5.2,0.4000000000000001,2.0,1.5,0.0,3.7000000000000006,2.0,0.0,5.0,2.62346511901056,far,dense,0.0,0.0,120,3,3,2
37,32.0,-0.44943879000000003,-0.07750308333333333,-0.24169654666666665,153.20666666666668,75.82666666666665,11.266298835926634,-3.671807367532633,0.5,7.666666666666667,11.3384740341993,6.8,0.5,2.0,1.3,0.4000000000000001,5.1,1.0,1.0,8.0,1.9117183062890348,far,dense,0.0,0.0,120,3,3,2
37,33.0,-0.42887304333333337,-0.06430177666666666,-0.21861043666666666,222.83666666666667,67.53000000000002,13.188030247684706,-4.824963977349206,0.5,11.666666666666666,16.491630644015874,7.599999999999999,0.4000000000000001,2.0,1.3,0.4000000000000001,5.900000000000001,1.0,1.0,8.0,2.21950506792242,far,dense,0.0,0.0,120,3,3,2
37,34.0,-0.4205737233333333,-0.03455687333333333,-0.21101466666666666,212.44000000000003,91.44666666666666,15.348472787146934,-0.7221971878419099,0.5,15.0,15.722197187841909,4.8,0.4000000000000001,2.0,3.6,0.0,1.2,1.0,0.0,2.0,2.6128296120320273,far,dense,0.0,0.0,120,3,3,2
37,37.0,-0.4348681966666667,-0.028285133333333334,-0.21587668999999998,374.2266666666667,-69.30999999999999,15.911173915150838,-10.36232401124451,0.5,17.333333333333332,27.695657344577842,3.5,0.6,2.0,3.0,0.0,0.5,4.0,0.0,1.0,2.8786980318560325,far,dense,0.0,0.0,120,3,3,2
37,38.0,-0.40745522666666667,-0.01146135,-0.19397019000000001,383.4666666666667,33.596666666666664,17.998052786814807,-6.379488553463458,0.5,22.0,28.37948855346346,4.5,1.3,2.0,1.5,1.1,1.8999999999999997,2.0,1.0,2.0,3.536110226127717,far,dense,0.0,0.0,120,3,3,2
37,40.0,-0.44325981666666664,-0.02627778,-0.25877975000000003,407.96999999999997,-12.020000000000001,18.830314520116016,-14.192924057257875,0.5,16.0,30.192924057257873,3.0,0.5,2.0,1.2,1.1,0.6999999999999998,2.0,1.0,1.0,3.3733664969594357,far,dense,0.0,0.0,120,3,3,2
37,48.0,-0.34045652666666665,0.14116074999999997,-0.18944715666666667,836.6366666666667,81.81666666666668,-5.545549957165615,-9.64124658287261,-0.5,45.0,54.64124658287261,2.4,1.7,2.0,0.0,1.6000000000000003,0.8000000000000002,0.0,1.0,1.0,1.3665347633753029,far,dense,0.0,0.0,120,3,3,2
37,49.0,-0.4287609966666667,-0.07745077333333333,-0.2477405,319.44,-18.136666666666674,11.966584161916863,-13.974355126235887,0.5,9.666666666666666,23.641021792902553,6.2,0.4000000000000001,3.0,1.7,0.0,4.5,2.0,0.0,5.0,5.470966812186024,near,non_dense,0.0,0.0,120,3,3,2
37,50.0,-0.43200067666666664,-0.05417622,-0.24200439666666665,344.6666666666667,1.9866666666666692,14.951089968324586,-6.174656204463273,0.5,19.333333333333332,25.507989537796607,4.0,0.5,3.0,3.2000000000000006,0.0,0.8000000000000002,2.0,0.0,1.0,5.420031526550612,near,non_dense,0.0,0.0,120,3,3,2
37,54.0,-0.4461047166666667,-0.16112430333333333,-0.18754037,85.83,-10.150000000000015,7.6547416011816845,-4.018748123230736,0.5,2.3333333333333335,6.352081456564069,13.6,1.0,3.0,3.7999999999999994,0.0,9.8,1.0,0.0,2.0,3.8746883913403862,near,non_dense,0.0,0.0,120,3,3,2
37,55.0,-0.4307004966666667,-0.279316495,-0.19296101499999999,-157.57000000000002,-10.076666666666668,-7.547598117091732,-1.3386056727158284,-0.5,-13.0,-11.661394327284171,8.2,1.3999999999999997,3.0,3.9,0.0,4.3,2.0,0.0,2.0,3.1666533737769895,near,non_dense,0.0,0.0,120,3,3,2
37,57.0,-0.44662606,-0.14084257,-0.19675481333333333,124.80666666666666,-20.079999999999995,8.208901730375116,-3.569988500395039,0.5,5.666666666666667,9.236655167061706,7.5,0.8000000000000002,3.0,2.3,0.0,5.2,2.0,0.0,3.0,2.8718520514619494,near,non_dense,0.0,0.0,120,3,3,2
37,59.0,-0.4590429866666667,-0.13947005999999998,-0.20681544,58.21666666666666,-39.98333333333334,7.83799244206153,2.0248513480565666,0.5,6.333333333333333,4.308481985276766,12.300000000000002,0.8000000000000002,3.0,4.9,0.0,7.400000000000001,3.0,0.0,3.0,2.808893669634303,near,non_dense,0.0,0.0,120,3,3,2
37,60.0,-0.4268418733333333,-0.07808644666666666,-0.21304027666666667,312.0,-37.4,14.282045994322099,-14.757071122544446,0.5,8.333333333333334,23.090404455877778,4.5,0.4000000000000001,3.0,2.4,0.0,2.1,3.0,0.0,2.0,4.892916180199676,near,non_dense,0.0,0.0,120,3,3,2
37,65.0,-0.43951126999999995,-0.2905319833333333,-0.19957621666666667,-288.5933333333333,-2.1666666666666665,-8.91904403659575,8.69146407030968,-0.5,-12.666666666666666,-21.358130736976346,3.5,0.8000000000000002,3.0,1.7,0.8000000000000002,1.0,2.0,1.0,1.0,3.8301227916259237,near,non_dense,0.0,0.0,120,3,3,2
37,66.0,-0.44113139333333334,-0.09024063666666667,-0.20145305666666669,168.0666666666667,55.95666666666667,11.0719443370373,-4.771561887450403,0.5,7.666666666666667,12.43822855411707,5.1,1.0,3.0,3.0,0.0,2.1,1.0,0.0,3.0,3.99584042142231,near,non_dense,0.0,0.0,120,3,3,2
37,70.0,-0.4474369366666667,-0.09855184,-0.23902148666666667,221.83333333333334,44.92666666666667,11.71499560968161,-7.084042911737885,0.5,9.333333333333334,16.41737624507122,3.7999999999999994,0.5,3.0,3.0,0.0,0.8000000000000002,3.0,0.0,1.0,4.320406958087371,near,non_dense,0.0,0.0,120,3,3,2
37,73.0,-0.4392335033333333,-0.15000804999999998,-0.19468701,178.09333333333336,121.89333333333333,6.2440276613760615,-8.513612492186304,0.5,4.666666666666667,13.18027915885297,3.5,1.7,4.0,1.6000000000000003,0.0,1.8999999999999997,1.0,0.0,2.0,2.218791114220925,far,non_dense,0.0,0.0,120,3,3,2
37,74.0,-0.44643936666666667,-0.12690092666666666,-0.19653293000000002,177.15333333333334,61.47333333333333,8.875776659527823,-7.110711914658981,0.5,6.0,13.11071191465898,8.1,2.4,4.0,1.8999999999999997,1.6000000000000003,4.6,2.0,1.0,6.0,2.841709441991842,far,non_dense,0.0,0.0,120,3,3,2
37,75.0,-0.45600126,-0.3003647933333333,-0.2553009533333333,-119.52999999999999,66.08999999999999,-8.135801746855146,-1.8205254980414403,-0.5,-10.666666666666666,-8.846141168625225,2.7999999999999994,0.4000000000000001,4.0,2.0,0.0,0.8000000000000002,2.0,0.0,1.0,2.7620810573443397,far,non_dense,0.0,0.0,120,3,3,2
37,76.0,-0.4508522666666666,-0.2686097333333333,-0.23112706333333333,-144.00666666666666,35.65000000000001,-5.704267841718569,1.3242698002439273,-0.5,-9.333333333333334,-10.657603133577261,9.8,0.6,4.0,1.8999999999999997,0.0,7.900000000000001,2.0,0.0,7.0,1.945022131290683,far,non_dense,0.0,0.0,120,3,3,2
37,78.0,-0.44177669333333336,-0.12552344333333332,-0.19595907333333332,88.14333333333336,8.166666666666666,9.07380831423226,0.47671404885922836,0.5,7.0,6.523285951140771,10.3,2.0,4.0,5.3,0.0,5.0,1.0,0.0,3.0,2.8194147824314295,far,non_dense,0.0,0.0,120,3,3,2
37,79.0,-0.42152575333333336,-0.3088443066666666,-0.2094815866666667,-192.07333333333335,-13.436666666666687,-8.908485974659575,-0.7850931030278913,-0.5,-15.0,-14.21490689697211,4.5,0.6999999999999998,4.0,3.0,0.0,1.5,2.0,0.0,2.0,3.1270678120914392,far,non_dense,0.0,0.0,120,3,3,2
37,82.0,-0.4622011666666667,-0.10852291333333335,-0.24113909333333336,154.61,29.670000000000005,8.474556733097765,-5.775664849113023,0.5,5.666666666666667,11.44233151577969,9.4,0.5,4.0,3.7999999999999994,0.0,5.599999999999999,1.0,0.0,4.0,2.8187489746043273,far,non_dense,0.0,0.0,120,3,3,2
37,83.0,-0.45090800666666664,-0.10988987666666666,-0.23019341333333335,160.5233333333333,9.796666666666667,10.480161791751375,-5.546630420744723,0.5,6.333333333333333,11.879963754078057,8.0,0.4000000000000001,4.0,3.0,0.0,5.0,1.0,0.0,4.0,3.4679215353018917,far,non_dense,0.0,0.0,120,3,3,2
37,85.0,-0.45331736333333333,-0.13263923,-0.22827721666666667,170.27,75.05666666666666,7.036534658210648,-8.267958867635608,0.5,4.333333333333333,12.601292200968942,10.699999999999998,0.6,4.0,2.6,0.0,8.1,2.0,0.0,3.0,2.532694991276403,far,non_dense,0.0,0.0,120,3,3,2
37,86.0,-0.44871886666666666,-0.12809491666666664,-0.23327949,155.79,15.386666666666665,8.70834367955681,-6.196327276221791,0.5,5.333333333333333,11.529660609555124,13.6,0.5,4.0,6.5,0.0,7.099999999999999,1.0,0.0,4.0,3.0480578979243873,far,non_dense,0.0,0.0,120,3,3,2
37,87.0,-0.4578133833333333,-0.11679422333333334,-0.23994646666666666,201.14333333333335,15.086666666666682,10.016571272426994,-9.219490129070863,0.5,5.666666666666667,14.886156795737529,4.6,0.5,4.0,0.0,0.0,4.6,0.0,0.0,3.0,3.7151701921823075,far,non_dense,0.0,0.0,120,3,3,2
37,89.0,-0.46178373666666667,-0.11926264666666668,-0.21761439333333332,110.85000000000002,33.23000000000001,7.692289649123567,-1.203754275429654,0.5,7.0,8.203754275429654,10.6,0.9,4.0,3.6,0.0,7.0,1.0,0.0,6.0,3.494842076426457,far,non_dense,0.0,0.0,120,3,3,2
37,90.0,-0.44481831666666666,-0.13554877666666668,-0.20563571666666666,108.09666666666669,-5.100000000000004,7.361623085190068,-2.3333197232869725,0.5,5.666666666666667,7.99998638995364,7.8,2.9,4.0,6.900000000000001,0.0,0.9,3.0,0.0,2.0,2.615438360041695,far,non_dense,0.0,0.0,120,3,3,2
37,92.0,-0.4303088033333333,-0.26035154666666666,-0.21338969,-109.38333333333333,24.193333333333317,-5.848540909432708,-2.4047903609013974,-0.5,-10.5,-8.095209639098604,8.4,0.6,4.0,2.1,0.0,6.3,3.0,0.0,5.0,2.075347590024848,far,non_dense,0.0,0.0,120,3,3,2
37,93.0,-0.42643145666666665,-0.2846539433333333,-0.19942161,-31.45333333333332,106.5,-5.976260054874099,-11.672210935409588,-0.5,-14.0,-2.3277890645904127,2.5,2.3,4.0,0.0,1.3,1.2,0.0,1.0,1.0,2.2801355203891696,far,non_dense,0.0,0.0,120,3,3,2
37,94.0,-0.44875923666666667,-0.2800925266666667,-0.20744272,-166.76,85.42,-7.290676817904468,1.6748584841736467,-0.5,-10.666666666666666,-12.341525150840313,6.900000000000001,0.8000000000000002,4.0,2.3,0.0,4.6,1.0,0.0,5.0,2.669560203902149,far,non_dense,0.0,0.0,120,3,3,2
37,95.0,-0.43911891333333336,-0.0883238,-0.22899762999999998,201.93333333333337,-10.729999999999999,12.824480526585438,-5.2779562172764525,0.5,9.666666666666666,14.944622883943119,8.3,0.4000000000000001,4.0,2.5,0.0,5.8,2.0,0.0,2.0,4.634786218037925,far,non_dense,0.0,0.0,120,3,3,2
38,2.0,-0.45907054333333336,-0.09001904,-0.20630933333333334,320.7133333333333,-22.823333333333323,11.32356341505016,-16.884905210497752,0.5,9.666666666666666,26.55157187716442,5.1,3.0,1.0,1.2,0.6,3.2999999999999994,2.0,1.0,4.0,1.5834617349670548,near,dense,2.0,2.0,115,2,1,2
38,7.0,-0.4508583633333333,-0.07893357111111111,-0.20627187555555557,262.3666666666666,-69.52222222222223,12.826546339832905,-9.83221430245137,0.5,11.88888888888889,21.72110319134026,6.5,0.5,1.0,0.5,0.0,6.0,1.0,0.0,9.0,1.5246065585400856,near,dense,2.0,2.0,115,2,1,2
38,8.0,-0.409223705,-0.03279628166666667,-0.20874874166666668,427.0,8.251666666666665,19.497987451595154,-9.97228069440223,0.5,21.5,31.47228069440223,3.9,4.0,1.0,1.3,0.4000000000000001,2.2,2.0,1.0,3.0,3.1201271124074683,near,dense,2.0,2.0,115,2,1,2
38,9.0,-0.41946694333333334,-0.02588192,-0.19235526,201.87666666666667,110.17666666666666,16.867254048718564,6.286810156560285,0.5,23.0,16.713189843439718,2.6,2.2,1.0,1.5,0.6999999999999998,0.4000000000000001,2.0,1.0,1.0,2.605366371603869,near,dense,2.0,2.0,115,2,1,2
38,10.0,-0.3895405,-0.0036986266666666663,-0.1790066233333333,543.9266666666666,-7.51333333333334,20.820435678867227,-15.03120539393369,0.5,30.0,45.03120539393368,2.7000000000000006,1.5,1.0,0.5,0.6999999999999998,1.5,1.0,1.0,2.0,3.3852412241589604,near,dense,2.0,2.0,115,2,1,2
38,11.0,-0.3546935233333333,0.08106395000000001,-0.17868307000000003,766.2333333333332,-10.89000000000001,28.807834005125983,-13.144724674194116,0.5,45.0,58.144724674194116,2.5,3.1,1.0,0.5,1.0,1.0,1.0,2.0,2.0,4.8204399413888455,near,dense,2.0,2.0,115,2,1,2
38,12.0,-0.4263508733333334,-0.03971338,-0.1941113866666667,457.06,-17.866666666666674,15.288076303816846,-17.172924584638043,0.5,20.666666666666668,37.83959125130471,3.2000000000000006,2.0,1.0,0.5,2.1,0.6,1.0,2.0,1.0,2.311238464837279,near,dense,2.0,2.0,115,2,1,2
38,13.0,-0.45117391,-0.09232030666666667,-0.20180026666666664,370.67333333333335,-31.549999999999994,11.580509623170999,-19.68771588214229,0.5,11.0,30.687715882142285,4.2,2.5,1.0,0.0,1.3999999999999997,2.7999999999999994,0.0,1.0,4.0,1.807397607403624,near,dense,2.0,2.0,115,2,1,2
38,14.0,-0.44418929333333335,-0.07874654,-0.19852612666666666,241.66,11.350000000000003,12.485468031314136,-7.006816658185568,0.5,13.0,20.006816658185567,4.4,2.5,1.0,1.3999999999999997,0.5,2.5,2.0,1.0,3.0,2.0423565223721245,near,dense,2.0,2.0,115,2,1,2
38,15.0,-0.42571365,-0.05757689333333333,-0.1987233833333333,435.98333333333335,-46.35666666666666,14.988622068676813,-20.09467274693621,0.5,16.0,36.09467274693621,4.8,0.4000000000000001,1.0,1.7,0.0,3.1,1.0,0.0,4.0,2.387155560555504,near,dense,2.0,2.0,115,2,1,2
38,16.0,-0.41418706,-0.01154145,-0.19063956666666668,388.2833333333333,-18.633333333333344,18.29947792522213,-6.145632133696736,0.5,26.0,32.145632133696736,2.2,2.0,1.0,0.0,0.0,2.2,0.0,0.0,3.0,3.071938401823665,near,dense,2.0,2.0,115,2,1,2
38,17.0,-0.46390776666666667,-0.07885945666666667,-0.21422758333333333,353.74666666666667,-31.843333333333344,12.125143705699218,-20.28637219003676,0.5,9.0,29.28637219003676,2.9,0.6,1.0,0.0,0.0,2.9,0.0,0.0,4.0,1.5041846244131676,near,dense,2.0,2.0,115,2,1,2
38,19.0,-0.41055874,-0.03336277333333334,-0.18622353666666666,493.49333333333334,-106.57,17.500972617013133,-15.18920787623186,0.5,25.666666666666668,40.855874542898526,1.8,2.0,1.0,0.6,0.6,0.6,1.0,1.0,1.0,3.507686155812259,near,dense,2.0,2.0,115,2,1,2
38,25.0,-0.42229113300000004,-0.0015927624296666668,-0.193309689,538.5166666666668,320.0566666666667,20.75463327792053,-16.916649634654327,0.5,27.666666666666668,44.58331630132099,2.0,4.1,2.0,0.0,0.5,1.5,0.0,1.0,2.0,3.518977316304465,far,dense,2.0,2.0,115,2,1,2
38,26.0,-0.4055101456666666,0.0011584319476,-0.18539005633333336,445.3033333333333,-82.62666666666667,20.716362342429875,-4.866267265078598,0.5,32.0,36.8662672650786,1.5,3.2000000000000006,2.0,1.5,0.0,0.0,2.0,0.0,0.0,3.526596739377361,far,dense,2.0,2.0,115,2,1,2
38,29.0,-0.42880708333333334,-0.05860403333333333,-0.19461235,274.23333333333335,233.42,14.192172030172514,-0.703533979819125,0.5,22.0,22.703533979819127,7.400000000000001,4.5,2.0,0.0,1.8,5.599999999999999,0.0,1.0,2.0,2.3324813483250115,far,dense,2.0,2.0,115,2,1,2
38,30.0,-0.4221334333333333,-0.05294774666666666,-0.19026135666666666,356.9666666666667,-42.833333333333336,15.078240190531853,-8.21961979537494,0.5,21.333333333333332,29.55295312870828,3.1,1.5,2.0,0.0,2.0,1.1,0.0,1.0,2.0,2.6337239301442885,far,dense,2.0,2.0,115,2,1,2
38,31.0,-0.41729919,-0.09620432000000001,-0.18477042333333335,278.75333333333333,-53.32333333333332,13.022216856600389,-8.077740763295905,0.5,15.0,23.077740763295907,7.0,2.5,2.0,1.0,1.8999999999999997,4.1,2.0,2.0,6.0,3.6151020842627957,far,dense,2.0,2.0,115,2,1,2
38,32.0,-0.44586523333333333,-0.10261963,-0.19632775666666666,246.98333333333335,29.49666666666667,11.617054261186,-9.447530694477914,0.5,11.0,20.447530694477916,3.6,2.3,2.0,0.0,0.5,3.1,0.0,1.0,3.0,1.9542147421577558,far,dense,2.0,2.0,115,2,1,2
38,33.0,-0.44628203000000005,-0.08586442666666666,-0.19866842333333334,411.5533333333333,-43.26333333333332,12.396061855013782,-21.072134755711044,0.5,13.0,34.07213475571104,4.9,1.5,2.0,0.6999999999999998,0.5,3.7000000000000006,1.0,1.0,6.0,2.203615934139085,far,dense,2.0,2.0,115,2,1,2
38,34.0,-0.42615502,-0.04988435333333333,-0.19240505333333333,421.9766666666667,-1.5600000000000047,16.328458574843978,-12.935073260085595,0.5,22.0,34.935073260085595,3.2000000000000006,2.1,2.0,0.4000000000000001,0.0,2.7999999999999994,1.0,0.0,3.0,2.7486864293901974,far,dense,2.0,2.0,115,2,1,2
38,35.0,-0.42269946999999997,0.0038852733333333334,-0.19668529333333332,644.42,419.1233333333334,20.01687517822415,-7.107167451780082,0.5,28.333333333333332,35.440500785113414,2.7000000000000006,1.1,2.0,0.5,0.0,2.2,1.0,0.0,3.0,3.483808144961046,far,dense,2.0,2.0,115,2,1,2
38,36.0,-0.42927671333333334,-0.059327986666666666,-0.19649720666666667,255.13000000000002,48.61666666666665,15.503752798562436,-5.121985988590926,0.5,16.0,21.121985988590925,2.3,0.9,2.0,1.8999999999999997,0.0,0.4000000000000001,1.0,0.0,1.0,3.5950935329218723,far,dense,2.0,2.0,115,2,1,2
38,37.0,-0.41543277,-0.007016606666666667,-0.2003802033333333,404.45000000000005,-12.033333333333323,18.67162337360422,-7.484056101146872,0.5,26.0,33.48405610114687,2.9,2.5,2.0,1.1,0.4000000000000001,1.3999999999999997,2.0,1.0,2.0,3.429958528653741,far,dense,2.0,2.0,115,2,1,2
38,38.0,-0.4304485433333333,-0.027075150000000003,-0.20098048999999998,357.56666666666666,111.58999999999999,16.740674830601062,-7.602626595541477,0.5,22.0,29.602626595541476,5.2,2.0,2.0,1.5,0.0,3.7000000000000006,2.0,0.0,4.0,3.383859438784171,far,dense,2.0,2.0,115,2,1,2
38,39.0,-0.42245333333333335,-0.08631063,-0.19007706,155.07,-284.50666666666666,14.359750495202036,2.161892496959213,0.5,15.0,12.838107503040789,5.0,1.7,2.0,0.6999999999999998,1.1,3.2000000000000006,1.0,2.0,5.0,2.5724742299819856,far,dense,2.0,2.0,115,2,1,2
38,40.0,-0.39912032,-0.08972584666666666,-0.20206357,0.0,0.0,17.36045288335493,23.666666666666668,0.5,23.666666666666668,0.0,1.7,1.8,2.0,0.0,0.0,1.7,0.0,0.0,2.0,3.200808934186951,far,dense,2.0,2.0,115,2,1,2
38,41.0,-0.4046034633333333,-0.08425471,-0.19548471,246.28666666666666,-31.99000000000001,16.288844848451145,-2.3898542802104736,0.5,18.0,20.389854280210475,5.5,4.0,2.0,1.8,0.9,2.7999999999999994,2.0,1.0,3.0,4.012841616975503,far,dense,2.0,2.0,115,2,1,2
38,42.0,-0.36379158333333333,-0.32352986,-0.22657618999999998,-438.21000000000004,48.02,-16.868019049879933,10.279016501628313,-0.5,-26.0,-36.27901650162831,1.5,0.4000000000000001,2.0,0.0,0.0,1.5,0.0,0.0,2.0,2.066578905875949,far,dense,2.0,2.0,115,2,1,2
38,44.0,-0.26957211,-0.37518964000000005,-0.2938616766666667,-317.5466666666667,301.31,-32.66167925753913,-14.71059364223303,-0.5,-41.0,-26.289406357766968,1.3999999999999997,1.0,2.0,1.3999999999999997,0.0,0.0,3.0,0.0,0.0,4.886424268128146,far,dense,2.0,2.0,115,2,1,2
38,45.0,-0.3403553166666667,-0.3253415,-0.22975696666666667,-368.05,-56.49666666666669,-15.75232433495556,-7.196134220067321,-0.5,-37.666666666666664,-30.470532446599346,1.3,3.5,2.0,0.0,0.0,1.3,0.0,0.0,3.0,1.9032757852616404,far,dense,2.0,2.0,115,2,1,2
38,46.0,-0.39470188666666667,-0.29581239666666664,-0.21558167333333333,-217.57333333333335,55.079999999999984,-10.280522061413732,3.0127029285371805,-0.5,-15.0,-18.01270292853718,2.7000000000000006,2.0,2.0,2.3,0.0,0.4000000000000001,2.0,0.0,1.0,2.2297404822364655,far,dense,2.0,2.0,115,2,1,2
38,48.0,-0.43646461666666664,-0.25553818333333334,-0.21686527666666666,-55.25999999999999,149.21333333333328,-4.888287843663334,-3.425073704662194,-0.5,-8.0,-4.574926295337806,6.5,2.4,2.0,1.1,1.5,3.9,2.0,1.0,5.0,1.3997041927168858,far,dense,2.0,2.0,115,2,1,2
38,49.0,-0.40858429444444444,-0.09935904999999999,-0.23999267999999999,293.0344444444445,-53.26555555555556,14.74437980329628,-1.5019777359121254,0.5,19.88888888888889,21.390866624801014,21.6,2.1,3.0,2.0,1.2,18.4,1.0,2.0,10.0,6.566398400022677,near,non_dense,2.0,2.0,115,2,1,2
38,50.0,-0.40055204333333333,-0.08662955,-0.22705176000000002,271.67333333333335,122.17999999999999,15.685095318524404,-0.1582605213307957,0.5,22.333333333333332,22.49159385466413,2.2,1.5,3.0,0.0,0.0,2.2,0.0,0.0,3.0,5.495141882626352,near,non_dense,2.0,2.0,115,2,1,2
38,51.0,-0.41174748666666666,-0.23244721666666668,-0.2558169866666667,-351.26000000000005,-21.27,-15.693498211151839,21.08050326638361,-0.5,-8.0,-29.080503266383605,3.2999999999999994,2.0,3.0,1.6000000000000003,0.9,0.8000000000000002,1.0,1.0,1.0,4.923267030708969,near,non_dense,2.0,2.0,115,2,1,2
38,52.0,-0.40429792999999997,-0.20720796666666666,-0.26649261333333335,-257.32,-13.75333333333335,-14.027445841238384,10.303294142532115,-0.5,-11.0,-21.303294142532113,4.9,3.1,3.0,1.8,1.8,1.3,1.0,1.0,1.0,5.060492937065619,near,non_dense,2.0,2.0,115,2,1,2
38,53.0,-0.4057477233333333,-0.20290381666666665,-0.2752342033333333,-353.51666666666665,27.04333333333335,-17.863278524330177,17.267330694417367,-0.5,-12.0,-29.267330694417367,1.2,1.5,3.0,1.2,0.0,0.0,2.0,0.0,0.0,5.046997060210534,near,non_dense,2.0,2.0,115,2,1,2
38,54.0,-0.44547384333333334,-0.14726286666666666,-0.25709241,179.11333333333334,11.643333333333354,9.063702530602635,-8.828633704528999,0.5,6.0,14.828633704528999,11.300000000000002,6.2,3.0,7.3,0.6,3.4,1.0,1.0,2.0,4.83208243683584,near,non_dense,2.0,2.0,115,2,1,2
38,55.0,-0.434343,-0.23499415999999998,-0.2617265066666667,-122.95,30.06333333333335,-9.2958668743657,0.8455879119034287,-0.5,-9.333333333333334,-10.178921245236763,7.5,5.900000000000001,3.0,6.900000000000001,0.0,0.6,2.0,0.0,1.0,3.4534768308305837,near,non_dense,2.0,2.0,115,2,1,2
38,56.0,-0.40948124,-0.10975297666666667,-0.22777665333333333,230.08,-101.70333333333333,11.96106801187526,-5.381452081638123,0.5,13.666666666666666,19.04811874830479,7.2,3.1,3.0,1.2,2.2,3.7999999999999994,1.0,2.0,5.0,4.243773203311289,near,non_dense,2.0,2.0,115,2,1,2
38,57.0,-0.43101813333333333,-0.13473123333333334,-0.19831040333333336,117.12333333333333,45.15999999999999,9.174806234464038,-0.6965366895454546,0.5,9.0,9.696536689545454,7.099999999999999,4.4,3.0,1.8999999999999997,3.2999999999999994,1.8999999999999997,2.0,2.0,2.0,3.3151000157112858,near,non_dense,2.0,2.0,115,2,1,2
38,58.0,-0.4158066333333333,-0.13789492333333334,-0.21665273333333335,219.5533333333333,-12.353333333333337,12.339297731448866,-7.17662536908674,0.5,11.0,18.17662536908674,11.5,2.7999999999999994,3.0,4.3,0.0,7.2,2.0,0.0,1.0,6.765755058627047,near,non_dense,2.0,2.0,115,2,1,2
38,60.0,-0.3913461166666667,-0.05869296333333334,-0.19995612666666665,314.47666666666663,65.14333333333332,18.31039800455866,0.9647562141962448,0.5,27.0,26.035243785803754,6.099999999999999,3.2999999999999994,3.0,2.4,1.1,2.6,3.0,2.0,4.0,6.558929254071052,near,non_dense,2.0,2.0,115,2,1,2
38,61.0,-0.40488485333333335,-0.10152761333333334,-0.17771224333333335,308.76,-72.82666666666665,11.865889953759364,-10.561966032365206,0.5,15.0,25.561966032365206,8.7,4.8,3.0,0.0,3.2999999999999994,5.400000000000001,0.0,2.0,4.0,5.579719741647234,near,non_dense,2.0,2.0,115,2,1,2
38,62.0,-0.3849337566666666,-0.02548717,-0.17639181,466.1566666666667,188.56000000000006,18.5741177824862,-8.9260295345703,0.5,29.666666666666668,38.59269620123697,2.1,3.2999999999999994,3.0,0.5,0.5,1.1,1.0,1.0,1.0,6.594803042012365,near,non_dense,2.0,2.0,115,2,1,2
38,65.0,-0.40842069,-0.3058203566666667,-0.20064169333333334,-117.97333333333331,8.810000000000002,-9.779010023590759,-5.233092565774181,-0.5,-15.0,-9.76690743422582,6.099999999999999,0.4000000000000001,3.0,4.2,0.0,1.8999999999999997,1.0,0.0,2.0,4.121124807290754,near,non_dense,2.0,2.0,115,2,1,2
38,66.0,-0.42776485,-0.08723592000000001,-0.19795985333333332,386.8633333333333,427.41,12.872600874460241,-18.36140492885816,0.5,13.666666666666666,32.02807159552483,5.1,4.4,3.0,1.6000000000000003,3.1,0.4000000000000001,1.0,2.0,1.0,4.508303553451049,near,non_dense,2.0,2.0,115,2,1,2
38,67.0,-0.37940297666666667,-0.3084380633333333,-0.22498500333333335,-358.81333333333333,32.410000000000004,-15.682403578759065,12.372503687739348,-0.5,-17.333333333333332,-29.705837021072682,2.7000000000000006,0.4000000000000001,3.0,0.6999999999999998,1.2,0.8000000000000002,1.0,1.0,1.0,4.886612924328524,near,non_dense,2.0,2.0,115,2,1,2
38,69.0,-0.407460655,-0.08191628666666667,-0.18811112666666666,420.1783333333333,-74.84166666666668,15.116395058575273,-16.28619084143831,0.5,18.5,34.786190841438305,2.4,0.9,3.0,0.0,0.0,2.4,0.0,0.0,4.0,5.372451869019311,near,non_dense,2.0,2.0,115,2,1,2
38,70.0,-0.43450246833333334,-0.10715199666666668,-0.18929765333333334,62.44166666666666,-15.46333333333333,11.654419125828312,7.163843236372576,0.5,12.333333333333334,5.169490096960758,7.7,0.5,3.0,1.3999999999999997,0.0,6.3,2.0,0.0,6.0,4.319478154962037,near,non_dense,2.0,2.0,115,2,1,2
38,73.0,-0.44956087166666664,-0.13960405166666665,-0.19242475666666667,149.28666666666666,39.16166666666666,7.626146742846376,-4.692643808842988,0.5,7.666666666666667,12.359310475509654,7.400000000000001,2.1,4.0,2.6,1.7,3.1,4.0,2.0,3.0,2.630326020259543,far,non_dense,2.0,2.0,115,2,1,2
38,74.0,-0.45371694500000004,-0.13776153833333335,-0.20124793666666665,247.20333333333335,121.05000000000001,7.941435054905617,-12.465744298983418,0.5,8.0,20.46574429898342,5.3,1.8,4.0,0.9,0.9,3.5,2.0,1.0,5.0,2.755643544572223,far,non_dense,2.0,2.0,115,2,1,2
38,82.0,-0.4290553833333333,-0.12354445333333335,-0.20109288,206.32000000000002,-18.410000000000007,10.228164289578034,-8.081049461710036,0.5,9.0,17.081049461710034,7.8,6.0,4.0,2.0,2.6,3.2000000000000006,2.0,2.0,3.0,3.420870337373439,far,non_dense,2.0,2.0,115,2,1,2
38,83.0,-0.41951157666666666,-0.048166093333333326,-0.2043480666666667,376.32666666666665,166.52666666666667,17.415079564547238,-9.15575032519289,0.5,22.0,31.155750325192894,0.8000000000000002,1.2,4.0,0.8000000000000002,0.0,0.0,2.0,0.0,0.0,5.494763865916597,far,non_dense,2.0,2.0,115,2,1,2
38,86.0,-0.43502852416666665,-0.12494909916666667,-0.18843047416666667,256.40833333333336,4.170000000000006,9.568008382328278,-10.311151402649445,0.5,10.916666666666666,21.22781806931611,3.9,1.0,4.0,1.0,0.0,2.9,1.0,0.0,5.0,3.4546152666402943,far,non_dense,2.0,2.0,115,2,1,2
38,87.0,-0.43355017,-0.08098513666666667,-0.19774932,253.68333333333337,-59.40666666666667,12.40983463221288,-8.002217740781989,0.5,13.0,21.00221774078199,6.7,4.7,4.0,1.3,3.7000000000000006,1.7,1.0,3.0,3.0,4.391278338002932,far,non_dense,2.0,2.0,115,2,1,2
38,88.0,-0.42629099000000004,-0.06355556,-0.19330326666666667,311.29333333333335,-79.73,14.365829165606462,-7.7716984478831685,0.5,18.0,25.771698447883168,2.2,2.3,4.0,0.5,0.0,1.7,1.0,0.0,2.0,5.140195475033795,far,non_dense,2.0,2.0,115,2,1,2
38,89.0,-0.43339253222222224,-0.12229146888888888,-0.22275233111111112,72.68555555555557,99.35111111111111,9.332438641322259,-0.017572555236123815,0.5,6.0,6.017572555236124,6.8,0.7,4.0,2.0,0.0,4.8,2.0,0.0,5.0,4.439577380326116,far,non_dense,2.0,2.0,115,2,1,2
38,90.0,-0.44480089333333334,-0.09718761,-0.1980240533333333,321.51000000000005,-37.94666666666666,9.282254918529755,-16.95086053590406,0.5,9.666666666666666,26.617527202570727,4.2,1.5,4.0,3.7999999999999994,0.4000000000000001,0.0,6.0,1.0,0.0,3.4032338964523206,far,non_dense,2.0,2.0,115,2,1,2
38,91.0,-0.38087297333333336,-0.26705898,-0.22528931333333335,-338.99666666666667,-45.01333333333332,-12.738633049678732,14.065232797053904,-0.5,-14.0,-28.065232797053906,2.5,0.5,4.0,1.7,0.0,0.8000000000000002,3.0,0.0,2.0,4.24321747879421,far,non_dense,2.0,2.0,115,2,1,2
38,95.0,-0.40394610999999997,-0.09012983333333334,-0.17911623333333335,370.9133333333334,123.92,13.617994823126345,-12.707585268875567,0.5,18.0,30.707585268875565,4.7,3.4,4.0,0.0,3.2000000000000006,1.5,0.0,1.0,2.0,4.937702305084191,far,non_dense,2.0,2.0,115,2,1,2
39,2.0,-0.28676048000000004,-0.15243415999999999,-0.31812632333333335,239.44333333333336,-76.50666666666666,9.153343690525311,6.9839016638695535,0.5,26.333333333333332,19.34943166946378,6.7,5.400000000000001,1.0,2.2,2.7999999999999994,1.7,1.0,2.0,1.0,1.5454536403775518,near,dense,0.0,0.0,114,2,5,1
39,5.0,-0.24726767333333333,-0.08359055066666667,-0.355847166,40.43266666666669,-28.821333333333325,18.906370934988573,29.932633521302716,0.5,33.2,3.2673664786972814,1.8,2.2,1.0,0.0,1.4,0.4,0.0,2.0,1.0,2.989176690233299,near,dense,0.0,0.0,114,2,5,1
39,6.0,-0.23567033666666667,-0.09019888,-0.36288528,564.7033333333333,122.04666666666667,17.763316369117355,-20.96704720516839,0.5,24.666666666666668,45.633713871835056,3.2000000000000006,0.6999999999999998,1.0,2.4,0.8000000000000002,0.0,3.0,1.0,0.0,2.8820053044382594,near,dense,0.0,0.0,114,2,5,1
39,7.0,-0.3051679866666666,-0.12789257666666667,-0.3259272266666667,366.21000000000004,-64.31666666666668,21.92562469367307,-25.593454422094283,0.5,4.0,29.593454422094283,3.2000000000000006,0.6,1.0,2.5,0.0,0.6999999999999998,3.0,0.0,1.0,3.1347129134704623,near,dense,0.0,0.0,114,2,5,1
39,8.0,-0.2862659577777778,-0.14953440444444444,-0.3281003522222222,149.86333333333334,-45.28999999999999,15.966922432477695,9.111756302277046,0.5,21.22222222222222,12.110465919945177,2.7,0.5,1.0,0.0,0.0,2.7,0.0,0.0,3.0,2.5530218872630326,near,dense,0.0,0.0,114,2,5,1
39,9.0,-0.31791727666666664,-0.13212657666666666,-0.3503285366666667,30.033333333333342,-36.673333333333346,22.20809263480386,-1.0936623280182554,0.5,1.3333333333333333,2.426995661351589,2.6,0.6,1.0,0.0,0.0,2.6,0.0,0.0,2.0,3.700752305932159,near,dense,0.0,0.0,114,2,5,1
39,10.0,-0.25355261444444444,-0.08449319,-0.3581878922222222,375.1166666666667,28.318888888888893,32.828598236740234,-5.920556218709348,0.5,23.11111111111111,29.03166732982046,1.3,0.5,1.0,0.0,0.0,1.3,0.0,0.0,2.0,5.443051091901414,near,dense,0.0,0.0,114,2,5,1
39,13.0,-0.2925486422222222,-0.1404995388888889,-0.37281834444444445,273.8511111111111,-17.146666666666672,12.687964737111015,-8.574370921347164,0.5,13.555555555555555,22.12992647690272,6.4,1.8999999999999997,1.0,3.5999999999999996,0.0,2.8,2.0,0.0,4.0,2.041570974864197,near,dense,0.0,0.0,114,2,5,1
39,14.0,-0.29749309444444444,-0.14477595666666668,-0.35025807555555555,246.45333333333332,-107.59444444444446,14.462741683076157,-1.9159102350378505,0.5,18.0,19.915910235037853,4.6,0.4,1.0,0.0,0.0,4.6,0.0,0.0,6.0,2.277194804954184,near,dense,0.0,0.0,114,2,5,1
39,16.0,-0.30155860333333334,-0.11403317666666667,-0.3697605133333333,350.4666666666667,-28.813333333333333,15.370679191370513,-20.987901276489747,0.5,7.333333333333333,28.32123460982308,1.5,0.5,1.0,0.0,0.0,1.5,0.0,0.0,2.0,2.527488170074466,near,dense,0.0,0.0,114,2,5,1
39,25.0,-0.2882414233333333,-0.10246977555555556,-0.36756102888888886,391.1144444444444,121.14666666666669,17.217429624985712,-16.494873120584895,0.5,15.11111111111111,31.605984231696002,2.9,0.7,2.0,1.5,0.0,1.4,2.0,0.0,1.0,2.9651093890168005,far,dense,0.0,0.0,114,2,5,1
39,26.0,-0.2759756377777778,-0.11493294555555557,-0.3690247122222222,341.60333333333335,-30.798888888888882,22.043670366621726,-6.716099165603021,0.5,20.88888888888889,27.60498805449191,2.1,0.7,2.0,0.6,0.0,1.5,1.0,0.0,3.0,3.803276564366382,far,dense,0.0,0.0,114,2,5,1
39,27.0,-0.29641396600000003,-0.13309845733333334,-0.355194442,68.94200000000001,-3.639999999999998,15.446887563287735,13.162125734501995,0.5,18.733333333333334,5.571207598831338,2.7,0.5,2.0,0.7,0.4,1.6,1.0,1.0,3.0,2.590724782403466,far,dense,0.0,0.0,114,2,5,1
39,30.0,-0.2737528166666667,-0.08956926833333334,-0.38724944666666666,374.1833333333334,-94.13999999999999,16.763252925561936,-1.237780018315485,0.5,29.0,30.237780018315487,4.4,3.6,2.0,2.7999999999999994,0.0,1.6000000000000003,3.0,0.0,1.0,2.8480558968822236,far,dense,0.0,0.0,114,2,5,1
39,32.0,-0.28559471666666664,-0.137929365,-0.351195795,155.1016666666667,-45.44499999999999,15.07096954023931,0.9662240154805671,0.5,13.5,12.533775984519432,4.2,2.7000000000000006,2.0,0.0,2.1,2.1,0.0,2.0,2.0,2.6471316463704926,far,dense,0.0,0.0,114,2,5,1
39,33.0,-0.28006368666666664,-0.13936839555555555,-0.3540775166666667,238.9433333333333,-10.867777777777778,17.070826728814634,11.246528919299632,0.5,30.555555555555557,19.309026636255922,0.5,0.8,2.0,0.0,0.0,0.5,0.0,0.0,1.0,2.956481195050949,far,dense,0.0,0.0,114,2,5,1
39,34.0,-0.2748902066666667,-0.13388896111111112,-0.35057754222222226,425.53222222222223,-113.95555555555555,16.07392436974405,-18.053953806465774,0.5,16.333333333333332,34.387287139799106,1.7999999999999998,0.4,2.0,0.0,0.0,1.7999999999999998,0.0,0.0,2.0,2.8069435920630905,far,dense,0.0,0.0,114,2,5,1
39,35.0,-0.2621499308333333,-0.10061791416666667,-0.3381141683333333,219.52333333333334,-27.905833333333323,32.81030151768206,17.51030485353701,0.5,35.25,17.73969514646299,1.2,0.5,2.0,0.6999999999999998,0.0,0.5,1.0,0.0,1.0,4.720425204810004,far,dense,0.0,0.0,114,2,5,1
39,39.0,-0.24237411333333334,-0.05026876166666666,-0.37042986333333333,297.4533333333333,-60.919999999999995,22.45184998709655,20.796109711094676,0.5,44.833333333333336,24.037223622238656,2.5,0.4000000000000001,2.0,0.6,0.0,1.8999999999999997,1.0,0.0,2.0,3.938805628701791,far,dense,0.0,0.0,114,2,5,1
39,41.0,-0.2851102833333333,-0.13130573,-0.3747259766666667,315.8366666666667,-120.90666666666665,18.23148132962712,7.4772179901526785,0.5,33.0,25.522782009847322,4.3,8.7,2.0,0.9,2.4,1.0,1.0,4.0,1.0,4.529451291276353,far,dense,0.0,0.0,114,2,5,1
39,42.0,-0.22822161,-0.4084142833333333,-0.3788373166666667,-249.43000000000004,-98.81666666666666,-26.57715552600683,-16.84354513393141,-0.5,-37.0,-20.15645486606859,1.5,2.3,2.0,1.5,0.0,0.0,1.0,0.0,0.0,3.682164662904995,far,dense,0.0,0.0,114,2,5,1
39,46.0,-0.24146827,-0.366969395,-0.318615625,-285.03833333333336,-67.28000000000002,-11.200941870653466,2.5339666476877145,-0.5,-20.5,-23.033966647687716,2.0,1.8999999999999997,2.0,0.0,1.2,0.8000000000000002,0.0,1.0,2.0,2.3081570742949276,far,dense,0.0,0.0,114,2,5,1
39,47.0,-0.252246458,-0.35504005266666666,-0.34630369133333333,-215.80866666666668,-75.49466666666666,-15.08300835272196,-5.160487313582538,-0.5,-22.6,-17.439512686417462,2.0,0.4,2.0,0.8,0.0,1.2,1.0,0.0,2.0,1.9684285491772744,far,dense,0.0,0.0,114,2,5,1
39,49.0,-0.279535715,-0.151359795,-0.327183495,390.78833333333336,-115.98666666666668,13.633886151593197,-24.396129073978283,0.5,7.166666666666667,31.562795740644948,3.9,1.6000000000000003,3.0,0.0,0.0,3.9,0.0,0.0,3.0,6.215309951365005,near,non_dense,0.0,0.0,114,2,5,1
39,52.0,-0.28312099333333335,-0.4510730633333333,-0.49132322333333334,-381.97333333333336,-143.69,-14.21112458653568,22.200623769027132,-0.5,-8.666666666666666,-30.867290435693803,3.4,0.6999999999999998,3.0,2.1,0.8000000000000002,0.5,2.0,1.0,1.0,5.072297197467389,near,non_dense,0.0,0.0,114,2,5,1
39,53.0,-0.13961895333333332,-0.47289268,-0.4024516333333333,-814.3299999999999,-41.69,-31.423977444021457,13.762251945174059,-0.5,-45.0,-58.76225194517406,0.4000000000000001,2.3,3.0,0.4000000000000001,0.0,0.0,1.0,0.0,0.0,7.232356184213067,near,non_dense,0.0,0.0,114,2,5,1
39,54.0,-0.26918972999999996,-0.19058570733333333,-0.33695932333333334,99.56733333333334,-81.94133333333335,11.500878024410666,15.357994407567187,0.5,23.533333333333335,8.175338925766146,9.8,4.7,3.0,2.1,2.1,5.6,1.0,1.0,5.0,6.151840128573274,near,non_dense,0.0,0.0,114,2,5,1
39,55.0,-0.2774762828571428,-0.31179677857142857,-0.35624794428571427,-197.52285714285713,-119.5942857142857,-14.110914506868351,0.3904066329049617,-0.5,-15.571428571428571,-15.961835204333534,9.8,0.7,3.0,9.4,0.0,0.4,5.0,0.0,1.0,4.82401303282346,near,non_dense,0.0,0.0,114,2,5,1
39,56.0,-0.2796813107142857,-0.12859397642857143,-0.3593852492857143,262.0221428571428,-125.67857142857143,13.54133068011051,3.754544661901116,0.5,24.928571428571427,21.174026766670313,6.0,0.7,3.0,3.6,0.0,2.4,1.0,0.0,3.0,4.79184193647959,near,non_dense,0.0,0.0,114,2,5,1
39,59.0,-0.31141919733333334,-0.182664106,-0.283049794,207.8846666666667,-127.59466666666667,10.364427370170272,-1.0658403868061055,0.5,15.733333333333333,16.79917372013944,7.1,0.7,3.0,0.0,1.5,5.6,0.0,1.0,5.0,3.670223323701377,near,non_dense,0.0,0.0,114,2,5,1
39,60.0,-0.3097686766666667,-0.13120395666666665,-0.2798816966666667,235.59,-143.09666666666666,13.399985849636096,7.961956453124732,0.5,27.0,19.03804354687527,6.400000000000001,3.7999999999999994,3.0,0.6999999999999998,3.0,2.7000000000000006,1.0,2.0,3.0,4.773490812743948,near,non_dense,0.0,0.0,114,2,5,1
39,61.0,-0.3084896533333333,-0.13849361000000002,-0.33316992666666667,133.34666666666666,45.176666666666655,11.337322588160845,5.890913677020838,0.5,16.666666666666668,10.775752989645829,9.3,5.5,3.0,0.0,2.9,6.400000000000001,0.0,3.0,4.0,4.984029929981283,near,non_dense,0.0,0.0,114,2,5,1
39,65.0,-0.28862062,-0.1561895,-0.31200606,234.35,-100.64,-43.94951732393531,-18.937839064519803,-0.5,0.0,18.937839064519803,3.7,0.4,3.0,3.7,0.0,0.0,5.0,0.0,0.0,13.795226980284069,near,non_dense,0.0,0.0,114,2,5,1
39,66.0,-0.25456509,-0.14118787714285713,-0.3288900057142857,145.68,-62.617142857142845,10.961156641306433,13.727589524560509,0.5,25.5,11.772410475439491,4.5,0.6,3.0,0.4,0.8,3.3,1.0,1.0,6.0,4.017228068267804,near,non_dense,0.0,0.0,114,2,5,1
39,69.0,-0.2421015566666667,-0.09747157666666667,-0.34161884,425.79999999999995,102.04444444444445,18.725614166545544,8.146629275749579,0.5,42.55555555555556,34.408926279805975,6.6,2.9,3.0,0.7,1.4,4.5,1.0,1.0,2.0,6.956442206886859,near,non_dense,0.0,0.0,114,2,5,1
39,70.0,-0.24425254111111108,-0.10799537111111111,-0.34603066555555556,425.91555555555556,125.24000000000001,13.648506893319878,2.6928467791859867,0.5,37.111111111111114,34.41826433192513,2.3,4.6,3.0,0.0,0.0,2.3,0.0,0.0,3.0,5.051146619606315,near,non_dense,0.0,0.0,114,2,5,1
39,73.0,-0.25353205,-0.1824002366666667,-0.3401092666666667,52.48000000000002,-50.00333333333333,6.949486731894648,27.75908771450395,0.5,32.0,4.240912285496051,12.6,2.7999999999999994,4.0,0.0,2.0,10.6,0.0,1.0,9.0,2.346734635396384,far,non_dense,0.0,0.0,114,2,5,1
39,74.0,-0.23751073999999997,-0.18895590333333334,-0.36104044,149.3066666666667,-14.883333333333326,8.54658772241313,11.601185017026227,0.5,23.666666666666668,12.06548164964044,9.0,2.9,4.0,2.6,2.2,4.2,1.0,3.0,6.0,2.848948190154672,far,non_dense,0.0,0.0,114,2,5,1
39,75.0,-0.29498953666666666,-0.2487922366666667,-0.34501144333333333,14.969999999999985,46.59666666666666,-8.747677165834142,2.123606639090274,-0.5,3.3333333333333335,1.2097266942430602,9.3,0.4000000000000001,4.0,2.4,0.0,6.900000000000001,2.0,0.0,4.0,2.921607864732503,far,non_dense,0.0,0.0,114,2,5,1
39,82.0,-0.23956787000000002,-0.19767710333333333,-0.37649679333333336,178.13,-71.45333333333333,8.170251789949317,-10.394697130629025,0.5,4.0,14.394697130629025,4.2,0.8000000000000002,4.0,0.0,0.0,4.2,0.0,0.0,4.0,2.7060495315102684,far,non_dense,0.0,0.0,114,2,5,1
39,87.0,-0.3078165533333333,-0.09206778666666666,-0.3566213233333333,86.01000000000003,-3.396666666666666,10.641366280034369,16.71619285425212,0.5,23.666666666666668,6.950473812414544,5.7,0.4000000000000001,4.0,3.2999999999999994,0.0,2.4,2.0,0.0,4.0,3.8340538986832553,far,non_dense,0.0,0.0,114,2,5,1
39,88.0,-0.28209693999999996,-0.14146667000000002,-0.33854122999999997,536.3800000000001,215.9533333333333,13.805590478617136,-23.678236757387655,0.5,19.666666666666668,43.344903424054316,6.400000000000001,0.4000000000000001,4.0,0.0,0.0,6.400000000000001,0.0,0.0,3.0,5.045703566693695,far,non_dense,0.0,0.0,114,2,5,1
39,89.0,-0.26506128,-0.18904084666666665,-0.32525399666666666,164.53333333333333,-102.06,7.792643811984941,9.037383739069805,0.5,22.333333333333332,13.295949594263528,7.3,3.1,4.0,0.0,2.3,5.0,0.0,1.0,4.0,3.3774899884841028,far,non_dense,0.0,0.0,114,2,5,1
39,94.0,-0.36172452,-0.1184041575,-0.39474388,453.585,402.39,-11.332416131935425,-16.654233975166264,-0.5,20.0,36.654233975166264,5.6,0.6,4.0,0.0,1.0,4.6,0.0,1.0,4.0,3.6268309481467216,far,non_dense,0.0,0.0,114,2,5,1
39,95.0,-0.24435665625,-0.119038565,-0.36555773625,225.59625,-138.46,11.967862821094293,12.644552054366656,0.5,30.875,18.230447945633344,4.9,0.6,4.0,1.0,0.0,3.9,1.0,0.0,4.0,4.284424749834743,far,non_dense,0.0,0.0,114,2,5,1
40,1.0,-0.2304679616666667,-0.11553298500000002,-0.41080073,236.88,-3.1683333333333317,-10.785171239496828,-2.407063430182744,-0.5,12.0,14.407063430182745,3.4,0.6,1.0,0.0,0.0,3.4,0.0,0.0,4.0,1.4369106911309253,near,dense,1.5,0.5,120,2,2,2
40,2.0,-0.30201457000000004,-0.08342686,-0.4434540966666667,205.07333333333335,5.846666666666664,10.56437422509696,-8.445764882685781,0.5,7.0,15.44576488268578,5.8,2.5,1.0,3.0,2.0,0.8000000000000002,2.0,2.0,1.0,1.6413063744954444,near,dense,1.5,0.5,120,2,2,2
40,4.0,-0.31132643666666665,-0.05669836,-0.4740536933333333,324.31,38.413333333333334,14.485514695112272,-17.42646212299905,0.5,7.0,24.42646212299905,7.7,2.0,1.0,3.2999999999999994,0.0,4.4,2.0,0.0,4.0,2.1410962363655606,near,dense,1.5,0.5,120,2,2,2
40,5.0,-0.30711634000000004,-0.02471958,-0.4724299733333333,454.74,-40.153333333333336,16.25476511224539,-19.9168883243787,0.5,14.333333333333334,34.250221657712025,7.400000000000001,2.0,1.0,0.0,2.0,5.400000000000001,0.0,1.0,4.0,2.541172946601695,near,dense,1.5,0.5,120,2,2,2
40,6.0,-0.31323840333333336,-0.07124676,-0.4604486033333333,272.3666666666667,84.17,11.182522249452207,-16.514181082608747,0.5,4.0,20.514181082608747,8.5,2.7999999999999994,1.0,4.7,0.0,3.7999999999999994,3.0,0.0,3.0,1.7884270519894618,near,dense,1.5,0.5,120,2,2,2
40,7.0,-0.29112530666666664,-0.04834277333333333,-0.43496545999999997,322.83,9.00666666666667,13.9154041259362,-14.648324444208072,0.5,9.666666666666666,24.31499111087474,6.099999999999999,2.5,1.0,1.0,2.1,3.0,1.0,2.0,3.0,1.667043663750519,near,dense,1.5,0.5,120,2,2,2
40,8.0,-0.30540346333333335,-0.050979986666666664,-0.45365389,388.8566666666666,-93.40666666666668,14.391093908850621,-22.288004192312922,0.5,7.0,29.288004192312922,10.3,1.8999999999999997,1.0,0.0,5.400000000000001,4.9,0.0,1.0,3.0,2.2188581908014746,near,dense,1.5,0.5,120,2,2,2
40,9.0,-0.30073387333333335,-0.03883006333333333,-0.46179222999999997,487.5800000000001,-44.25333333333333,16.046866966775728,-7.723673034849001,0.5,29.0,36.723673034849,1.8999999999999997,1.8,1.0,0.0,1.8999999999999997,0.0,0.0,2.0,0.0,2.554281977023059,near,dense,1.5,0.5,120,2,2,2
40,10.0,-0.30301010333333334,0.017540613333333333,-0.48933062,569.9866666666667,-80.35333333333334,20.39356253624637,1.7362675918684094,0.5,44.666666666666664,42.93039907479826,2.3,1.7,1.0,0.5,1.1,0.6999999999999998,1.0,1.0,1.0,3.354140756993426,near,dense,1.5,0.5,120,2,2,2
40,11.0,-0.2713244733333333,0.029462056666666667,-0.45634267666666667,728.4833333333332,-27.076666666666664,25.781161284285105,-6.535885892544414,0.5,45.0,51.53588589254442,2.7999999999999994,1.5,1.0,0.5,0.6,1.7,1.0,1.0,2.0,4.330320969980774,near,dense,1.5,0.5,120,2,2,2
40,12.0,-0.2968252,-0.049320513333333336,-0.45651573,513.2700000000001,-24.69333333333334,15.200460477850223,-21.6585989142232,0.5,17.0,38.6585989142232,2.7999999999999994,1.5,1.0,0.4000000000000001,0.4000000000000001,2.0,1.0,1.0,2.0,2.233226744477662,near,dense,1.5,0.5,120,2,2,2
40,13.0,-0.31071387,-0.07947860333333333,-0.45963797999999995,91.46333333333335,114.92666666666666,11.838205434702287,-2.8888583371154275,0.5,4.0,6.888858337115427,7.8,3.7000000000000006,1.0,3.4,2.2,2.2,2.0,2.0,1.0,1.9456320811670509,near,dense,1.5,0.5,120,2,2,2
40,14.0,-0.31302331,-0.08135387666666667,-0.4608024766666667,384.17,-146.59666666666666,13.066093965586363,-24.93501265391923,0.5,4.0,28.93501265391923,5.1,2.2,1.0,0.0,5.1,0.0,0.0,1.0,0.0,2.0227698392232862,near,dense,1.5,0.5,120,2,2,2
40,15.0,-0.3094978333333333,-0.07016764666666668,-0.45280655333333336,374.13000000000005,-60.29333333333333,14.04902949301591,-23.178817409508298,0.5,5.0,28.178817409508298,8.7,2.0,1.0,0.5,2.7000000000000006,5.5,1.0,2.0,4.0,2.3567796159595495,near,dense,1.5,0.5,120,2,2,2
40,16.0,-0.2923399,-0.028565656666666665,-0.4643212366666667,473.7866666666667,-69.35000000000001,17.541946933207083,-14.018116620050714,0.5,21.666666666666668,35.68478328671738,5.2,1.6000000000000003,1.0,0.0,0.8000000000000002,4.4,0.0,1.0,5.0,2.921033020644302,near,dense,1.5,0.5,120,2,2,2
40,17.0,-0.30096327333333334,-0.08756378333333333,-0.45338419999999996,360.11999999999995,204.67333333333332,11.56849852438454,-23.123608706899017,0.5,4.0,27.123608706899017,10.9,4.1,1.0,0.0,4.2,6.7,0.0,2.0,1.0,1.4613373258485254,near,dense,1.5,0.5,120,2,2,2
40,18.0,-0.23189895333333332,-0.32401314666666664,-0.44474151666666667,-531.09,-40.26,-23.38735527879157,14.667436821467838,-0.5,-25.333333333333332,-40.00077015480117,4.3,1.8999999999999997,1.0,1.0,1.0,2.3,1.0,2.0,2.0,3.6830101221725786,near,dense,1.5,0.5,120,2,2,2
40,19.0,-0.3006647533333333,-0.06363945333333333,-0.4595552266666667,403.4633333333333,-37.129999999999995,15.838712165159137,-24.388152784945294,0.5,6.0,30.388152784945294,5.7,2.6,1.0,0.0,0.8000000000000002,4.9,0.0,2.0,4.0,3.2125803767248247,near,dense,1.5,0.5,120,2,2,2
40,20.0,-0.2988908866666667,-0.08850824,-0.4396969,404.81333333333333,390.97,-17.99451776420774,-26.489832424383025,-0.5,4.0,30.489832424383025,0.5,3.4,1.0,0.0,0.0,0.5,0.0,0.0,1.0,2.6022359104901587,near,dense,1.5,0.5,120,2,2,2
40,21.0,-0.24799755666666665,-0.31485157999999996,-0.45032311333333336,-376.00333333333333,-94.86333333333334,-18.26128307060622,2.9865802671971955,-0.5,-25.333333333333332,-28.319913600530526,9.4,2.1,1.0,3.6,0.0,5.8,1.0,0.0,2.0,2.8680110703560704,near,dense,1.5,0.5,120,2,2,2
40,23.0,-0.2558702433333333,-0.2867211633333333,-0.43400802,-312.6766666666667,-41.690000000000005,-13.58351737206795,2.5502597979677923,-0.5,-21.0,-23.550259797967794,4.5,2.9,1.0,4.1,0.0,0.4000000000000001,1.0,0.0,1.0,2.1076528825682566,near,dense,1.5,0.5,120,2,2,2
40,24.0,-0.24668785333333332,-0.17884456666666668,-0.36816898000000003,50.20666666666667,153.85,4.338036046670406,1.2185216562690866,0.5,5.0,3.7814783437309134,4.8,2.6,1.0,3.9,0.9,0.0,2.0,1.0,0.0,1.4421383656278335,near,dense,1.5,0.5,120,2,2,2
40,25.0,-0.26200570666666667,-0.026586386666666666,-0.4025890433333334,425.1233333333333,42.02666666666667,19.41146133921588,12.313787222298311,0.5,44.333333333333336,32.01954611103502,1.8999999999999997,2.1,2.0,0.4000000000000001,0.6,0.9,1.0,1.0,1.0,3.4626386566125844,far,dense,1.5,0.5,120,2,2,2
40,26.0,-0.27882625666666666,-0.049297853333333336,-0.4290939266666667,403.26,-23.72000000000001,15.242104269134677,-1.3728380738201078,0.5,29.0,30.372838073820105,6.400000000000001,3.5,2.0,0.4000000000000001,2.6,3.4,1.0,3.0,3.0,2.628187976045529,far,dense,1.5,0.5,120,2,2,2
40,27.0,-0.24809284,-0.03576590333333333,-0.37799223333333337,492.2966666666666,365.6233333333334,20.51846829000506,-0.7455907874524144,0.5,36.333333333333336,37.07892412078575,3.9,2.2,2.0,1.6000000000000003,1.2,1.1,3.0,2.0,1.0,3.491218115548692,far,dense,1.5,0.5,120,2,2,2
40,28.0,-0.21707812999999998,-0.29958498666666666,-0.40669388666666667,-515.3933333333333,14.98333333333334,-20.329965713482547,9.818524668104262,-0.5,-29.0,-38.81852466810426,1.6000000000000003,2.7999999999999994,2.0,0.6,0.5,0.5,1.0,1.0,1.0,2.3472625355935475,far,dense,1.5,0.5,120,2,2,2
40,29.0,-0.29614367999999996,-0.08439984666666667,-0.43642128333333335,256.01,-129.56,12.433169240888455,-15.282225549964501,0.5,4.0,19.2822255499645,9.7,2.0,2.0,3.1,0.0,6.599999999999999,1.0,0.0,6.0,2.2228925851124504,far,dense,1.5,0.5,120,2,2,2
40,30.0,-0.2698942033333333,-0.05907161666666667,-0.4086449933333333,473.24666666666667,-23.620000000000005,15.772610677343687,-20.644111430942285,0.5,15.0,35.64411143094229,6.5,3.4,2.0,0.0,1.7,4.8,0.0,2.0,4.0,2.9042266054904338,far,dense,1.5,0.5,120,2,2,2
40,31.0,-0.29868532,-0.06231088666666667,-0.4441579566666667,380.1166666666666,-73.37666666666668,14.138655175110904,-24.629722674767944,0.5,4.0,28.629722674767944,8.6,3.5,2.0,2.4,0.6,5.599999999999999,2.0,1.0,3.0,3.910451128833067,far,dense,1.5,0.5,120,2,2,2
40,32.0,-0.28064932333333337,-0.09304645666666667,-0.41166047333333333,359.07333333333344,-96.63333333333333,12.06088947937269,-0.04477560373001307,0.5,27.0,27.044775603730013,7.099999999999999,2.7000000000000006,2.0,0.0,1.7,5.400000000000001,0.0,1.0,5.0,2.227810238030297,far,dense,1.5,0.5,120,2,2,2
40,33.0,-0.28608599333333334,-0.10430503666666667,-0.4173419,286.35,5.276666666666671,12.781242873178067,-6.567381298513088,0.5,15.0,21.567381298513087,8.3,2.7000000000000006,2.0,2.1,1.3,4.9,1.0,1.0,5.0,2.2738657159425384,far,dense,1.5,0.5,120,2,2,2
40,34.0,-0.28525423,-0.07442449333333334,-0.43367037333333336,345.00666666666666,-39.88,15.681090496958282,-18.985298866872725,0.5,7.0,25.985298866872725,4.6,3.4,2.0,0.9,1.8,1.8999999999999997,1.0,2.0,2.0,2.762678113817491,far,dense,1.5,0.5,120,2,2,2
40,35.0,-0.24773741000000002,-0.017641623333333332,-0.39991351,211.05333333333337,-149.89000000000001,19.70339642120675,29.103831973730806,0.5,45.0,15.896168026269194,3.5,2.3,2.0,0.5,1.3999999999999997,1.6000000000000003,1.0,1.0,2.0,3.5107059266456115,far,dense,1.5,0.5,120,2,2,2
40,36.0,-0.2695654033333333,-0.034931540000000004,-0.41878875,549.4966666666667,2.960000000000008,20.11984012517014,3.6128718971121123,0.5,45.0,41.387128102887885,1.8999999999999997,2.0,2.0,0.5,0.8000000000000002,0.6,1.0,1.0,1.0,4.844167210331774,far,dense,1.5,0.5,120,2,2,2
40,37.0,-0.2961914366666667,-0.05673291,-0.45076110333333336,246.38666666666666,12.636666666666665,14.413700386503043,-12.557412910318297,0.5,6.0,18.557412910318295,8.0,1.5,2.0,1.8,0.0,6.2,2.0,0.0,6.0,2.619126516117967,far,dense,1.5,0.5,120,2,2,2
40,38.0,-0.30140431666666667,-0.05767945666666666,-0.4615436866666667,83.77000000000002,-113.62666666666667,16.99240159390087,-2.3094099227394493,0.5,4.0,6.309409922739449,4.5,2.0,2.0,3.1,0.0,1.3999999999999997,2.0,0.0,2.0,3.4201472570248974,far,dense,1.5,0.5,120,2,2,2
40,39.0,-0.3065951066666667,-0.08107751333333334,-0.4679701033333334,397.5566666666667,-88.0,15.051773611629407,-25.94327297980048,0.5,4.0,29.94327297980048,7.0,1.6000000000000003,2.0,0.6999999999999998,1.6000000000000003,4.7,1.0,1.0,4.0,2.6059723897685445,far,dense,1.5,0.5,120,2,2,2
40,40.0,-0.25379181666666667,-0.06877473333333334,-0.3882150466666667,354.94000000000005,16.839999999999986,17.822063079951633,1.5998731688694423,0.5,28.333333333333332,26.733460164463892,3.7999999999999994,3.7000000000000006,2.0,0.9,1.8,1.1,1.0,3.0,2.0,3.4208595859547493,far,dense,1.5,0.5,120,2,2,2
40,41.0,-0.29322593333333336,-0.04587083333333333,-0.4494864633333333,336.19,-2.323333333333333,17.273657022255346,-3.654576283384371,0.5,21.666666666666668,25.32124295005104,5.2,1.8999999999999997,2.0,2.7999999999999994,0.6,1.8,3.0,1.0,2.0,4.32434922963457,far,dense,1.5,0.5,120,2,2,2
40,42.0,-0.22646040666666667,-0.29970039,-0.41170169666666667,-421.74333333333334,-91.05333333333333,-16.32940048519203,7.7649704211835315,-0.5,-24.0,-31.764970421183534,1.1,1.3999999999999997,2.0,1.1,0.0,0.0,1.0,0.0,0.0,2.0891130506000772,far,dense,1.5,0.5,120,2,2,2
40,43.0,-0.19916879666666668,-0.31462238000000003,-0.39737267333333337,-556.9499999999999,-93.61333333333334,-26.050031768342365,14.948500136919376,-0.5,-27.0,-41.94850013691937,1.2,2.1,2.0,0.6999999999999998,0.5,0.0,1.0,1.0,0.0,3.4515371047672545,far,dense,1.5,0.5,120,2,2,2
40,44.0,-0.24647727,-0.30183422,-0.42581286,-421.66,-126.25333333333333,-16.483643084938116,10.75869390023059,-0.5,-21.0,-31.758693900230586,3.2000000000000006,1.2,2.0,1.1,0.9,1.2,2.0,2.0,1.0,2.127491123616182,far,dense,1.5,0.5,120,2,2,2
40,45.0,-0.2165985,-0.2966320333333334,-0.4060101733333334,-480.09666666666664,-237.14333333333335,-16.594005276467385,12.160041453274447,-0.5,-24.0,-36.16004145327445,1.6000000000000003,1.6000000000000003,2.0,0.6,0.0,1.0,1.0,0.0,1.0,2.173738171613973,far,dense,1.5,0.5,120,2,2,2
40,46.0,-0.22342826000000002,-0.26874456666666663,-0.38465681,-503.3433333333333,-143.65333333333334,-11.751467571706348,12.598041767147668,-0.5,-23.0,-35.59804176714767,2.1,2.7000000000000006,2.0,0.5,1.2,0.4000000000000001,1.0,2.0,1.0,2.409469794836172,far,dense,1.5,0.5,120,2,2,2
40,47.0,-0.22416695,0.00505751,-0.4069893466666667,415.29833333333335,-47.326666666666675,-14.67483393956322,16.360046596078757,-0.5,45.0,28.639953403921243,0.5,0.6,2.0,0.0,0.0,0.5,0.0,0.0,1.0,1.8803236474277085,far,dense,1.5,0.5,120,2,2,2
40,48.0,-0.23132271999999998,0.023631786666666668,-0.41548946666666664,796.0,-156.4466666666667,-5.12180192117527,-9.078504530582842,-0.5,45.0,54.07850453058285,3.7999999999999994,2.2,2.0,0.5,0.9,2.4,1.0,1.0,2.0,1.3692855857849402,far,dense,1.5,0.5,120,2,2,2
40,49.0,-0.28952252,-0.05525719666666667,-0.4627411066666667,236.82333333333335,29.650000000000006,11.80599106489329,-12.83711936575821,0.5,5.0,17.83711936575821,8.7,1.8999999999999997,3.0,1.3999999999999997,1.8,5.5,1.0,2.0,6.0,5.571121692805977,near,non_dense,1.5,0.5,120,2,2,2
40,50.0,-0.29556508,-0.03021577,-0.49340378333333335,383.98333333333335,-101.22666666666667,15.720730620433466,15.079046753015364,0.5,44.0,28.920953246984634,4.1,1.1,3.0,1.3,0.0,2.7999999999999994,3.0,0.0,3.0,5.706114335211542,near,non_dense,1.5,0.5,120,2,2,2
40,51.0,-0.22680014333333331,-0.30878740666666665,-0.40026673666666673,-301.0833333333333,-47.839999999999996,-16.90278941765182,-15.989596463672726,-0.5,-38.666666666666664,-22.677070202993942,6.5,1.8,3.0,2.7000000000000006,0.0,3.7999999999999994,1.0,0.0,1.0,4.969211175128529,near,non_dense,1.5,0.5,120,2,2,2
40,52.0,-0.23109886,-0.28053957333333335,-0.3925825033333334,-201.01999999999998,-121.34666666666665,-12.954370729918155,-8.526191763132177,-0.5,-23.666666666666668,-15.14047490353449,1.1,1.8999999999999997,3.0,0.0,0.0,1.1,0.0,0.0,2.0,4.858518147394945,near,non_dense,1.5,0.5,120,2,2,2
40,53.0,-0.21653118000000002,-0.29896063666666667,-0.38827836666666665,-346.77,-115.66333333333334,-17.4349573379215,-13.548556616429602,-0.5,-39.666666666666664,-26.118110050237068,3.6,1.7,3.0,2.2,0.0,1.3999999999999997,1.0,0.0,2.0,5.024903387942889,near,non_dense,1.5,0.5,120,2,2,2
40,54.0,-0.28996733,-0.14247729666666667,-0.4229020266666667,263.2333333333333,-59.900000000000006,8.821778826205696,-10.159607719499196,0.5,9.666666666666666,19.826274386165863,12.800000000000002,2.9,3.0,5.1,0.0,7.7,2.0,0.0,3.0,4.547735235267719,near,non_dense,1.5,0.5,120,2,2,2
40,55.0,-0.24991304,-0.2645319366666667,-0.40026639666666664,-129.71333333333334,-80.6,-9.319655395334076,-11.230218545482357,-0.5,-21.0,-9.769781454517643,12.5,3.5,3.0,12.5,0.0,0.0,1.0,0.0,0.0,3.5637900632427875,near,non_dense,1.5,0.5,120,2,2,2
40,56.0,-0.28204624,-0.10717407666666667,-0.41166509,160.44999999999996,-54.74,12.895489474208581,8.915186557197751,0.5,21.0,12.084813442802249,6.7,3.5,3.0,1.7,0.0,5.0,2.0,0.0,4.0,4.734102893363712,near,non_dense,1.5,0.5,120,2,2,2
40,57.0,-0.24570304666666667,-0.13914208333333333,-0.3700680033333333,176.32666666666668,-4.183333333333337,9.674186430800264,14.052717118575805,0.5,27.333333333333332,13.280616214757528,9.8,5.900000000000001,3.0,4.4,3.7999999999999994,1.6000000000000003,3.0,2.0,2.0,3.5141910313455944,near,non_dense,1.5,0.5,120,2,2,2
40,58.0,-0.23155215666666665,-0.11833137,-0.3614875166666667,210.41666666666666,-44.050000000000004,12.35060057821412,16.151784593811318,0.5,32.0,15.84821540618868,11.4,2.4,3.0,1.6000000000000003,3.2000000000000006,6.599999999999999,1.0,1.0,2.0,6.495942660552189,near,non_dense,1.5,0.5,120,2,2,2
40,59.0,-0.27601824999999997,-0.10324054999999999,-0.40353689333333337,241.97000000000003,-75.58333333333333,10.873594151705703,-3.224757299812159,0.5,15.0,18.224757299812158,9.3,4.4,3.0,8.3,0.0,1.0,3.0,0.0,2.0,4.1073317288278615,near,non_dense,1.5,0.5,120,2,2,2
40,60.0,-0.28585152,-0.03657085666666667,-0.42049797333333333,472.00333333333333,-18.976666666666663,14.969040316321179,-13.883799071657668,0.5,21.666666666666668,35.550465738324334,4.8,1.2,3.0,0.0,2.3,2.5,0.0,1.0,3.0,5.382369144877714,near,non_dense,1.5,0.5,120,2,2,2
40,61.0,-0.25684962666666666,-0.13822437333333334,-0.37639297,172.76333333333335,-2.4466666666666583,10.291970975469487,3.321101154523776,0.5,16.333333333333332,13.012232178809557,9.4,1.1,3.0,0.0,0.9,8.5,0.0,1.0,3.0,4.658312991737956,near,non_dense,1.5,0.5,120,2,2,2
40,62.0,-0.29358159333333333,-0.07437063666666667,-0.4511518966666667,282.14000000000004,-137.25333333333333,13.856052768377346,19.083041873363076,0.5,40.333333333333336,21.250291459970256,6.5,1.2,3.0,1.5,4.2,0.8000000000000002,1.0,1.0,1.0,5.155148486798166,near,non_dense,1.5,0.5,120,2,2,2
40,63.0,-0.21398260666666666,-0.30170393,-0.39922764000000005,-518.6133333333333,9.203333333333338,-19.30460334638104,8.727716104392767,-0.5,-30.333333333333332,-39.0610494377261,1.6000000000000003,1.7,3.0,0.0,0.6,1.0,0.0,1.0,2.0,5.164647383295006,near,non_dense,1.5,0.5,120,2,2,2
40,64.0,-0.18436970666666666,-0.32089331,-0.37927620666666667,-299.3433333333333,-56.94,-14.576268817023552,-22.453983554503576,-0.5,-45.0,-22.546016445496424,3.7000000000000006,1.3,3.0,2.3,0.4000000000000001,1.0,2.0,1.0,2.0,4.708199360203015,near,non_dense,1.5,0.5,120,2,2,2
40,65.0,-0.2049609166666667,-0.3123850133333333,-0.39610958,-234.29999999999998,-94.72666666666669,-10.476716090679735,-18.686267022030325,-0.5,-36.333333333333336,-17.647066311303007,8.3,1.3,3.0,2.2,0.8000000000000002,5.3,2.0,1.0,6.0,4.000942869524159,near,non_dense,1.5,0.5,120,2,2,2
40,66.0,-0.22532979333333333,-0.11274878666666667,-0.36452012000000006,253.54,-59.96999999999999,12.179867719026069,10.903810531080817,0.5,30.0,19.09618946891918,6.7,4.4,3.0,3.2000000000000006,1.8,1.7,1.0,1.0,2.0,4.715384160581405,near,non_dense,1.5,0.5,120,2,2,2
40,67.0,-0.22238987666666665,-0.29662498,-0.4095920433333333,-464.28999999999996,-286.5566666666667,-16.85057095402551,3.756109246519486,-0.5,-31.0,-34.756109246519486,3.1,2.2,3.0,2.3,0.0,0.8000000000000002,3.0,0.0,1.0,5.256077670461153,near,non_dense,1.5,0.5,120,2,2,2
40,68.0,-0.22969512,-0.28390246999999996,-0.40408982,-300.84666666666664,-103.27333333333333,-13.28115575843909,-2.0074217831790917,-0.5,-24.666666666666668,-22.659244883487574,4.3,1.7,3.0,2.3,0.0,2.0,2.0,0.0,2.0,4.205534352659332,near,non_dense,1.5,0.5,120,2,2,2
40,69.0,-0.28044622999999996,-0.07186535000000001,-0.4312498466666666,304.8333333333333,-54.079999999999984,13.157888083060998,6.373819687456823,0.5,29.333333333333332,22.959513645876513,4.8,1.6000000000000003,3.0,1.7,1.3999999999999997,1.7,1.0,1.0,3.0,5.045284094133201,near,non_dense,1.5,0.5,120,2,2,2
40,70.0,-0.2954298266666667,-0.09333921333333334,-0.4459376933333334,305.8233333333333,594.84,11.518936194288292,-16.034078714797513,0.5,7.0,23.034078714797513,4.7,2.3,3.0,2.2,0.0,2.5,3.0,0.0,2.0,4.289377376517884,near,non_dense,1.5,0.5,120,2,2,2
40,71.0,-0.2284476533333333,-0.2944980366666667,-0.40988303333333337,-265.62333333333333,35.50333333333331,-15.436977746768799,-0.9937149929036456,-0.5,-21.0,-20.006285007096356,3.7000000000000006,5.1,3.0,0.6999999999999998,3.0,0.0,1.0,2.0,0.0,4.791657514817822,near,non_dense,1.5,0.5,120,2,2,2
40,72.0,-0.19615706333333335,-0.2839280366666667,-0.38487622,-275.05333333333334,-48.32333333333332,-12.766623867021046,-12.616797215201608,-0.5,-33.333333333333336,-20.716536118131724,3.9,1.3999999999999997,3.0,1.2,0.4000000000000001,2.3,2.0,1.0,2.0,4.266630506695817,near,non_dense,1.5,0.5,120,2,2,2
40,73.0,-0.28558279000000003,-0.10768709333333333,-0.41674516666666667,178.80000000000004,-2.52333333333335,7.349458149238605,-9.466903356640966,0.5,4.0,13.466903356640964,10.0,2.0,4.0,3.2000000000000006,2.4,4.4,3.0,2.0,3.0,2.5050233962320667,far,non_dense,1.5,0.5,120,2,2,2
40,74.0,-0.30687992999999997,-0.10979398333333333,-0.4484084433333333,232.24333333333334,5.753333333333349,7.6927799772066905,-13.492161774184302,0.5,4.0,17.4921617741843,5.5,1.6000000000000003,4.0,1.5,0.0,4.0,2.0,0.0,4.0,2.6537739073400872,far,non_dense,1.5,0.5,120,2,2,2
40,75.0,-0.26044271333333335,-0.2759185933333333,-0.4364799133333333,-294.22333333333336,-110.83,-8.402176001679463,1.1603869981474269,-0.5,-21.0,-22.160386998147427,4.2,2.3,4.0,3.2999999999999994,0.0,0.9,2.0,0.0,2.0,2.906329960435677,far,non_dense,1.5,0.5,120,2,2,2
40,76.0,-0.20726327666666666,-0.22999223333333332,-0.36970254,-290.2966666666667,-81.40666666666665,-7.426831610140295,3.864637330844611,-0.5,-18.0,-21.864637330844612,7.5,9.1,4.0,4.2,3.2999999999999994,0.0,3.0,2.0,0.0,2.365676751773291,far,non_dense,1.5,0.5,120,2,2,2
40,77.0,-0.22256021666666667,-0.25794755333333336,-0.39386351,-216.40666666666667,-46.49666666666666,-8.200406766618249,-1.033961601046893,-0.5,-17.333333333333332,-16.299371732286442,10.6,5.8,4.0,3.2999999999999994,4.3,3.0,2.0,2.0,2.0,2.731028810655854,far,non_dense,1.5,0.5,120,2,2,2
40,79.0,-0.21191252000000002,-0.28003529666666666,-0.39891516000000005,-186.54,-70.24666666666667,-11.139148403790507,-27.95013337724941,-0.5,-42.0,-14.04986662275059,7.3,3.6,4.0,2.2,2.7000000000000006,2.4,3.0,2.0,3.0,3.821586442974374,far,non_dense,1.5,0.5,120,2,2,2
40,80.0,-0.21268838,-0.2710861466666667,-0.3879714533333333,-368.32,-169.25,-12.34838962755648,-15.258781631331095,-0.5,-43.0,-27.7412183686689,2.0,2.1,4.0,1.1,0.0,0.9,1.0,0.0,1.0,5.543325352436252,far,non_dense,1.5,0.5,120,2,2,2
40,81.0,-0.23623773,-0.3042088566666667,-0.43347045666666667,-310.06,-44.400000000000006,-15.095521997607301,-9.646822959954713,-0.5,-33.0,-23.353177040045285,2.2,1.7,4.0,1.3999999999999997,0.0,0.8000000000000002,1.0,0.0,1.0,4.83142483442009,far,non_dense,1.5,0.5,120,2,2,2
40,82.0,-0.25014341,-0.14598783,-0.40478599,258.07666666666665,-136.32333333333335,8.493628315862512,3.2287833970691024,0.5,22.666666666666668,19.437883269597567,7.599999999999999,2.0,4.0,0.8000000000000002,0.0,6.8,1.0,0.0,6.0,2.9761088622081124,far,non_dense,1.5,0.5,120,2,2,2
40,83.0,-0.30798533666666666,-0.10397340333333334,-0.46961679000000006,237.08,44.00666666666667,11.181524565844157,-10.856451050293288,0.5,7.0,17.856451050293288,9.5,3.1,4.0,0.0,2.6,6.900000000000001,0.0,2.0,5.0,3.588637903555622,far,non_dense,1.5,0.5,120,2,2,2
40,84.0,-0.27407013333333335,-0.10159824,-0.41568848333333336,305.7266666666667,-41.93333333333334,13.124081835335259,-1.6934646171587637,0.5,21.333333333333332,23.026797950492096,6.5,1.6000000000000003,4.0,0.0,1.7,4.8,0.0,1.0,5.0,4.292839882654558,far,non_dense,1.5,0.5,120,2,2,2
40,85.0,-0.3074821233333333,-0.08573159666666667,-0.46478982666666663,151.95666666666668,87.58333333333336,7.583345205104038,-7.445110427277995,0.5,4.0,11.445110427277994,10.9,1.8999999999999997,4.0,1.5,1.8,7.599999999999999,1.0,1.0,5.0,2.636182795041483,far,non_dense,1.5,0.5,120,2,2,2
40,86.0,-0.24694964333333333,-0.13576251333333333,-0.38223898333333334,122.87,54.09333333333334,7.961772652338904,22.74564644613828,0.5,32.0,9.25435355386172,11.199999999999998,1.5,4.0,1.2,1.2,8.8,2.0,1.0,7.0,3.10430943403297,far,non_dense,1.5,0.5,120,2,2,2
40,87.0,-0.27939837333333334,-0.09678558666666666,-0.42779889666666665,358.12000000000006,-86.23666666666666,10.23429669301048,-25.639638870694977,0.5,1.3333333333333333,26.97297220402831,7.2,1.7,4.0,0.5,0.0,6.7,1.0,0.0,4.0,3.693134455889716,far,non_dense,1.5,0.5,120,2,2,2
40,88.0,-0.27395996666666667,-0.04523680333333333,-0.42003686333333334,311.97999999999996,-30.99000000000001,13.251763463887427,-17.49778808280116,0.5,6.0,23.49778808280116,2.9,1.0,4.0,0.0,0.5,2.4,0.0,1.0,4.0,4.759782247742971,far,non_dense,1.5,0.5,120,2,2,2
40,89.0,-0.28715858666666666,-0.07433893,-0.4237502533333333,232.09,5.556666666666672,7.922152197355192,8.51938702436912,0.5,26.0,17.48061297563088,9.2,1.8,4.0,1.8,0.0,7.400000000000001,2.0,0.0,6.0,3.7216149086605053,far,non_dense,1.5,0.5,120,2,2,2
40,90.0,-0.27344836,-0.13927824666666666,-0.30815084666666664,84.91666666666667,117.21333333333332,7.30611485098457,6.6042251489480135,0.5,13.0,6.3957748510519865,8.8,5.3,4.0,6.0,2.7999999999999994,0.0,3.0,3.0,0.0,2.732616567778852,far,non_dense,1.5,0.5,120,2,2,2
40,91.0,-0.2586451966666667,-0.1936321666666667,-0.3436239033333333,-340.4666666666667,-155.65,-8.676883445560625,13.64335400535623,-0.5,-12.0,-25.64335400535623,4.8,2.7999999999999994,4.0,3.2000000000000006,0.6,1.0,3.0,1.0,2.0,3.0418701245803255,far,non_dense,1.5,0.5,120,2,2,2
40,92.0,-0.24404348333333334,-0.25059544333333333,-0.29598057333333333,-115.09000000000002,-53.88666666666668,-7.197807584856907,-6.33162244230532,-0.5,-15.0,-8.668377557694681,7.400000000000001,1.2,4.0,6.5,0.0,0.9,4.0,0.0,1.0,2.477356481750608,far,non_dense,1.5,0.5,120,2,2,2
40,95.0,-0.24825201333333333,-0.06747449333333333,-0.3888977066666666,431.46000000000004,-225.53,13.776794366132117,-3.496812764297039,0.5,29.0,32.49681276429704,6.2,2.3,4.0,0.0,3.4,2.7999999999999994,0.0,1.0,2.0,4.710842091568772,far,non_dense,1.5,0.5,120,2,2,2
40,96.0,-0.18745480666666667,-0.23658611333333335,-0.3658804466666667,-244.25666666666666,-188.51,-14.197862903485403,-2.603014965239003,-0.5,-21.0,-18.396985034761,3.2999999999999994,3.0,4.0,2.9,0.0,0.4000000000000001,2.0,0.0,1.0,6.236432128580674,far,non_dense,1.5,0.5,120,2,2,2
41,2.0,-0.43874937333333336,-0.07081955666666667,-0.19988079,196.15333333333334,-69.15666666666665,10.486895434007641,6.439500541821292,0.5,22.0,15.56049945817871,6.2,3.1,1.0,3.2999999999999994,1.8999999999999997,1.0,2.0,2.0,2.0,1.6166199653661248,near,dense,0.0,0.0,110,2,4,2
41,4.0,-0.41444913,-0.05489300333333333,-0.23847385499999998,228.63000000000002,152.58833333333334,17.820185325313734,-0.8034830575346849,0.5,17.333333333333332,18.136816390868017,3.7999999999999994,5.599999999999999,1.0,3.1,0.0,0.6999999999999998,2.0,0.0,1.0,2.7797807714939142,near,dense,0.0,0.0,110,2,4,2
41,5.0,-0.42016225,0.015950796666666666,-0.20952392,591.5533333333334,518.34,18.37281374363177,-16.926887075504585,0.5,30.0,46.92688707550459,1.5,4.5,1.0,1.1,0.4000000000000001,0.0,2.0,1.0,0.0,3.003086311053415,near,dense,0.0,0.0,110,2,4,2
41,6.0,-0.4488096833333333,-0.06391417333333334,-0.20808879333333333,231.48000000000002,-78.88333333333334,12.381195690143931,-5.362901885833569,0.5,13.0,18.36290188583357,9.4,4.1,1.0,3.5,1.7,4.2,3.0,2.0,1.0,1.9640818584048663,near,dense,0.0,0.0,110,2,4,2
41,7.0,-0.4452527933333334,-0.05984534666666667,-0.20640864,256.3466666666667,-115.62333333333333,13.35645970835857,-5.335530882842934,0.5,15.0,20.335530882842935,4.8,3.5,1.0,4.2,0.6,0.0,1.0,1.0,0.0,1.6845368533865797,near,dense,0.0,0.0,110,2,4,2
41,8.0,-0.42977794499999994,-0.023413861666666664,-0.20602367833333335,270.425,-74.02,16.089594186023593,2.8809929908564773,0.5,24.333333333333332,21.45234034247686,2.7000000000000006,1.1,1.0,1.6000000000000003,0.6,0.5,3.0,1.0,1.0,2.600045714931976,near,dense,0.0,0.0,110,2,4,2
41,9.0,-0.4233040133333333,0.018370846666666666,-0.19972794666666668,436.21333333333337,-86.08666666666666,20.308688646054097,-1.270704342891025,0.5,33.333333333333336,34.60403767622436,6.0,3.2999999999999994,1.0,1.8,4.2,0.0,3.0,1.0,0.0,3.3502456230289006,near,dense,0.0,0.0,110,2,4,2
41,10.0,-0.41620569333333335,0.019651349999999998,-0.19870063000000002,470.19666666666666,-88.50999999999999,21.780072457036116,-3.2998758296439896,0.5,34.0,37.29987582964399,6.0,2.9,1.0,0.4000000000000001,2.3,3.2999999999999994,1.0,2.0,3.0,3.633598500627469,near,dense,0.0,0.0,110,2,4,2
41,11.0,-0.3741186066666667,0.09032136333333333,-0.18839429,662.13,-78.66666666666666,28.499894321034464,-6.430880333689636,0.5,45.0,51.430880333689636,3.7000000000000006,3.0,1.0,0.0,0.6,3.1,0.0,1.0,4.0,4.800997365289315,near,dense,0.0,0.0,110,2,4,2
41,12.0,-0.43624851,-0.016184696666666665,-0.20327344333333333,351.96999999999997,-126.32333333333334,17.19478402376912,1.0788380129737345,0.5,29.0,27.921161987026267,1.2,4.0,1.0,1.2,0.0,0.0,2.0,0.0,0.0,2.6626924681586197,near,dense,0.0,0.0,110,2,4,2
41,13.0,-0.44767229000000003,-0.08244531333333333,-0.20111592333333336,207.4333333333333,-83.16000000000001,11.786155779453756,-5.455322048779202,0.5,11.0,16.455322048779202,9.8,3.7000000000000006,1.0,5.0,1.0,3.7999999999999994,1.0,1.0,3.0,1.938744484802755,near,dense,0.0,0.0,110,2,4,2
41,14.0,-0.43805159,-0.054370013333333335,-0.20671386,513.3533333333334,365.32666666666665,12.894655649124369,-25.72341840662526,0.5,15.0,40.723418406625264,4.6,2.9,1.0,0.9,0.6999999999999998,3.0,2.0,1.0,4.0,2.106583814926901,near,dense,0.0,0.0,110,2,4,2
41,15.0,-0.42554219666666665,0.008693729999999998,-0.19838526,444.15333333333336,-75.30666666666667,19.77267596835283,-0.23390393237399584,0.5,35.0,35.233903932374,1.1,4.7,1.0,0.6999999999999998,0.4000000000000001,0.0,1.0,1.0,0.0,3.463357594951485,near,dense,0.0,0.0,110,2,4,2
41,16.0,-0.3931192666666667,0.03460227,-0.20267062333333333,600.09,-155.64666666666668,21.51620742847054,-4.27075251714993,0.5,43.333333333333336,47.604085850483266,3.2000000000000006,3.1,1.0,0.0,0.4000000000000001,2.7999999999999994,0.0,1.0,2.0,3.748654071898326,near,dense,0.0,0.0,110,2,4,2
41,19.0,-0.28387803,-0.06493704333333333,-0.21590536666666668,386.2,-46.576666666666675,16.18990676614227,2.3634322260716956,0.5,33.0,30.636567773928306,1.0,0.5,1.0,0.6,0.0,0.4000000000000001,1.0,0.0,1.0,3.2264324017817754,near,dense,0.0,0.0,110,2,4,2
41,22.0,-0.41547181333333333,-0.00949387,-0.19239970333333334,561.8733333333333,468.77,16.541107934608622,-13.239091464775617,0.5,31.333333333333332,44.572424798108955,2.3,3.0,1.0,0.0,0.9,1.3999999999999997,0.0,1.0,2.0,2.7706744806405283,near,dense,0.0,0.0,110,2,4,2
41,24.0,-0.44557828666666666,-0.15221760666666667,-0.2045979566666667,119.82333333333331,-97.45,4.718752135829711,-3.838707938627658,0.5,5.666666666666667,9.505374605294325,8.7,2.4,1.0,3.0,3.2000000000000006,2.5,2.0,2.0,2.0,1.302591940272645,near,dense,0.0,0.0,110,2,4,2
41,25.0,-0.3117701533333333,0.16519118,-0.18457304333333333,572.1033333333334,-88.26,34.77704247852315,-0.38395273266950625,0.5,45.0,45.383952732669506,2.7999999999999994,4.4,2.0,1.8,1.0,0.0,2.0,2.0,0.0,5.633586110609699,far,dense,0.0,0.0,110,2,4,2
41,26.0,-0.40212151,0.01842535,-0.22242577,18.24333333333331,-5.323333333333323,20.285623897939196,29.88612173807432,0.5,31.333333333333332,1.447211595259013,2.4,8.4,2.0,0.0,2.4,0.0,0.0,4.0,0.0,3.4639751038481243,far,dense,0.0,0.0,110,2,4,2
41,28.0,-0.3334602066666667,-0.042365556666666665,-0.20843356666666665,565.7066666666666,258.425,-19.857967534325404,-16.209849732857936,-0.5,28.666666666666668,44.876516399524604,1.1,2.2,2.0,0.0,0.0,1.1,0.0,0.0,2.0,2.4392194641341227,far,dense,0.0,0.0,110,2,4,2
41,29.0,-0.29100781833333333,-0.04420297833333334,-0.21434317,272.02833333333336,-32.373333333333335,19.118396969386804,15.420470039887553,0.5,37.0,21.57952996011245,3.7999999999999994,4.3,2.0,2.4,0.5,0.9,1.0,1.0,2.0,3.347992372110866,far,dense,0.0,0.0,110,2,4,2
41,30.0,-0.25544860166666666,0.04138494166666667,-0.20121347999999997,427.6433333333334,24.509999999999994,29.513704260270615,11.075805373549251,0.5,45.0,33.92419462645075,5.900000000000001,3.9,2.0,4.2,0.0,1.7,5.0,0.0,2.0,5.040130029790001,far,dense,0.0,0.0,110,2,4,2
41,32.0,-0.3402184833333333,-0.023224176666666665,-0.21012986999999997,363.7033333333334,-70.36666666666666,19.011935049935506,3.148053285162341,0.5,32.0,28.851946714837663,2.6,3.7000000000000006,2.0,2.6,0.0,0.0,3.0,0.0,0.0,3.3541744929044377,far,dense,0.0,0.0,110,2,4,2
41,33.0,-0.37500450999999996,-0.06827388,-0.20763074,290.93,-66.83666666666666,15.159733567940192,-1.0789659825711102,0.5,22.0,23.07896598257111,7.2,4.3,2.0,2.7000000000000006,0.9,3.6,1.0,1.0,5.0,2.7012269816059167,far,dense,0.0,0.0,110,2,4,2
41,35.0,-0.33087147333333333,0.12886955,-0.19956975,351.1066666666666,45.23000000000002,33.697583769007196,17.14732473016213,0.5,45.0,27.852675269837874,1.8,4.9,2.0,0.0,1.8,0.0,0.0,3.0,0.0,5.7639749843234975,far,dense,0.0,0.0,110,2,4,2
41,36.0,-0.33721224333333333,0.12648238333333334,-0.17642845666666665,607.6133333333333,-98.93666666666667,31.471659980684446,-3.2008986716964167,0.5,45.0,48.200898671696415,3.0,5.3,2.0,1.2,1.8,0.0,2.0,2.0,0.0,6.904628843440592,far,dense,0.0,0.0,110,2,4,2
41,37.0,-0.40439842,0.006358093333333333,-0.18758887333333332,160.86666666666667,-6.76333333333334,19.1621267045201,16.905396506388918,0.5,29.666666666666668,12.761270160277746,4.6,3.1,2.0,0.9,1.0,2.7000000000000006,1.0,2.0,4.0,3.5630099415987666,far,dense,0.0,0.0,110,2,4,2
41,38.0,-0.42517035,0.00154392,-0.2023242633333333,388.8833333333334,-75.50999999999999,20.450862103848763,-0.8494318949192644,0.5,30.0,30.849431894919263,6.0,4.6,2.0,2.7000000000000006,1.3,2.0,3.0,3.0,2.0,4.087262253220011,far,dense,0.0,0.0,110,2,4,2
41,39.0,-0.4146581516666667,-0.010729195000000002,-0.193301355,386.84999999999997,-83.76166666666667,17.878266391242757,-3.6881311324292194,0.5,27.0,30.68813113242922,4.7,1.1,2.0,2.2,0.0,2.5,1.0,0.0,5.0,3.25800868747292,far,dense,0.0,0.0,110,2,4,2
41,40.0,-0.39125392666666664,0.06529912333333333,-0.19949677333333335,489.3066666666667,-110.38666666666666,26.3822440386717,6.184161430429097,0.5,45.0,38.8158385695709,3.7000000000000006,6.900000000000001,2.0,1.1,2.6,0.0,1.0,3.0,0.0,4.881328083838733,far,dense,0.0,0.0,110,2,4,2
41,41.0,-0.38369665000000003,-0.0021770699999999984,-0.19478743,410.56,-99.17999999999999,19.78834052884392,-1.2356704607215692,0.5,31.333333333333332,32.5690037940549,4.4,0.4000000000000001,2.0,2.9,0.0,1.5,3.0,0.0,3.0,4.961727419249837,far,dense,0.0,0.0,110,2,4,2
41,48.0,-0.34225675833333336,-0.016135001666666666,-0.217094855,301.6033333333333,-39.43000000000001,-6.59887419577759,-1.8582055392093622,-0.5,18.5,20.35820553920936,2.4,5.3,2.0,0.6999999999999998,1.7,0.0,1.0,1.0,0.0,1.646403916626624,far,dense,0.0,0.0,110,2,4,2
41,49.0,-0.40730994,0.008954536666666667,-0.18655563333333333,372.5233333333333,406.76,16.768068315023275,8.448378174426852,0.5,38.0,29.551621825573147,8.5,3.1,3.0,2.5,1.3,4.7,3.0,2.0,3.0,7.484294964998338,near,non_dense,0.0,0.0,110,2,4,2
41,50.0,-0.42239962,-0.026882756666666664,-0.20274966333333333,325.8233333333333,-71.35333333333331,17.04666077279334,-0.513659504558691,0.5,25.333333333333332,25.846992837892028,6.599999999999999,3.0,3.0,2.1,1.5,3.0,1.0,2.0,3.0,6.35683343921182,near,non_dense,0.0,0.0,110,2,4,2
41,54.0,-0.44201997000000004,-0.11340773,-0.20342846666666667,136.20333333333332,-37.76333333333334,10.017429363105707,-2.4714379061840517,0.5,8.333333333333334,10.804771239517386,9.5,1.8999999999999997,3.0,3.7000000000000006,0.9,4.9,3.0,1.0,3.0,5.2467702510248335,near,non_dense,0.0,0.0,110,2,4,2
41,56.0,-0.43510098,-0.05580822999999999,-0.21266018333333334,271.62,-64.00333333333334,14.8183667251404,0.45286240612530787,0.5,22.0,21.54713759387469,7.900000000000001,3.2000000000000006,3.0,5.599999999999999,0.0,2.3,2.0,0.0,3.0,5.438563055820766,near,non_dense,0.0,0.0,110,2,4,2
41,57.0,-0.41970813,-0.13952374333333334,-0.21135241333333332,302.2033333333333,-46.48,9.145243151751545,-16.97325971821262,0.5,7.0,23.97325971821262,6.900000000000001,5.2,3.0,0.8000000000000002,6.099999999999999,0.0,2.0,3.0,0.0,3.501313838900311,near,non_dense,0.0,0.0,110,2,4,2
41,58.0,-0.37257971166666665,-0.045928334999999994,-0.19084999833333335,415.62999999999994,-2.1749999999999936,25.54849427437986,-8.804531323695375,0.5,24.166666666666668,32.97119799036204,8.1,0.5,3.0,3.5,0.0,4.6,4.0,0.0,2.0,12.986452902259481,near,non_dense,0.0,0.0,110,2,4,2
41,59.0,-0.4301036566666667,-0.07579258666666666,-0.19797506333333334,395.50666666666666,99.21,12.135089137985373,-14.041515963336279,0.5,17.333333333333332,31.374849296669613,6.3,2.1,3.0,4.5,0.4000000000000001,1.3999999999999997,4.0,1.0,1.0,4.356008960134417,near,non_dense,0.0,0.0,110,2,4,2
41,60.0,-0.42172404333333335,-0.044680826666666666,-0.19291364,285.85333333333335,-163.92,15.461651368670445,4.657090402028348,0.5,27.333333333333332,22.676242931304984,10.4,2.7999999999999994,3.0,3.9,4.8,1.7,2.0,2.0,2.0,5.690891245334975,near,non_dense,0.0,0.0,110,2,4,2
41,61.0,-0.44152911666666667,-0.08027849,-0.20390779,175.72333333333336,72.46,12.284974297742977,0.3935098969603117,0.5,14.333333333333334,13.939823436373024,9.7,1.7,3.0,2.5,0.0,7.2,3.0,0.0,3.0,5.563134184798625,near,non_dense,0.0,0.0,110,2,4,2
41,62.0,-0.4172085933333333,-0.017994286666666665,-0.19012287333333333,357.67333333333335,-194.2166666666667,18.099495426253842,3.6264025955631367,0.5,32.0,28.37359740443686,6.400000000000001,2.9,3.0,2.3,1.2,2.9,3.0,1.0,3.0,6.757352994591954,near,non_dense,0.0,0.0,110,2,4,2
41,66.0,-0.3918332666666666,-0.05056822666666667,-0.19822459333333334,262.95666666666665,99.77666666666666,14.780178435951308,-1.1932239080086486,0.5,19.666666666666668,20.859890574675315,7.599999999999999,4.2,3.0,4.5,1.0,2.1,4.0,1.0,3.0,5.639250637179441,near,non_dense,0.0,0.0,110,2,4,2
41,67.0,-0.24565605999999998,-0.23420553666666666,-0.28603375000000003,-339.75666666666666,-104.74999999999999,-18.08299277669775,12.952299702168048,-0.5,-14.0,-26.952299702168048,2.4,0.4000000000000001,3.0,2.0,0.0,0.4000000000000001,2.0,0.0,1.0,5.5272285387700615,near,non_dense,0.0,0.0,110,2,4,2
41,69.0,-0.44543346,-0.059269800000000004,-0.20519471,233.7966666666667,-53.199999999999996,13.830379726818384,-1.546678984080419,0.5,17.0,18.54667898408042,7.3,2.3,3.0,2.7000000000000006,1.0,3.6,1.0,1.0,4.0,5.320242117490087,near,non_dense,0.0,0.0,110,2,4,2
41,70.0,-0.44123360666666667,-0.09002385,-0.19987738666666666,218.21000000000004,-118.58666666666666,12.244450260914485,-4.310216089976428,0.5,13.0,17.310216089976425,7.2,1.8999999999999997,3.0,4.1,0.4000000000000001,2.7000000000000006,1.0,1.0,5.0,4.49721666807242,near,non_dense,0.0,0.0,110,2,4,2
41,73.0,-0.44137444,-0.05886059,-0.20940974,458.49333333333334,592.1366666666667,14.181823148261428,-20.37147094914803,0.5,16.0,36.371470949148026,8.1,0.6999999999999998,4.0,8.1,0.0,0.0,8.0,0.0,0.0,4.405757139317242,far,non_dense,0.0,0.0,110,2,4,2
41,74.0,-0.44825405,-0.12778058666666667,-0.21004557333333332,0.0,0.0,7.976944864019193,8.333333333333334,0.5,8.333333333333334,0.0,5.5,1.3999999999999997,4.0,3.2000000000000006,0.0,2.3,1.0,0.0,3.0,2.7808640292133,far,non_dense,0.0,0.0,110,2,4,2
41,76.0,-0.43536029333333337,-0.2782627133333333,-0.20826065333333332,-215.42999999999998,-62.05333333333334,-7.248880789486396,5.089683572080205,-0.5,-12.0,-17.089683572080204,5.7,2.0,4.0,2.7000000000000006,0.0,3.0,2.0,0.0,2.0,2.2550271517146894,far,non_dense,0.0,0.0,110,2,4,2
41,78.0,-0.4263397583333333,-0.046846196666666666,-0.200293305,411.7966666666667,198.35833333333335,14.855973447469161,-9.833773055613056,0.5,22.833333333333332,32.66710638894639,8.0,1.2,4.0,3.7999999999999994,3.1,1.1,4.0,1.0,2.0,4.791829953200918,far,non_dense,0.0,0.0,110,2,4,2
41,79.0,-0.44910670999999996,-0.32571791666666666,-0.22098591666666667,-264.1166666666666,-54.64000000000001,-9.876057037974265,5.951911337538487,-0.5,-15.0,-20.951911337538487,5.8,1.7,4.0,2.6,1.8999999999999997,1.3,2.0,1.0,2.0,3.306058397382906,far,non_dense,0.0,0.0,110,2,4,2
41,82.0,-0.33643885333333334,-0.12256004333333333,-0.2058325666666667,146.54,-102.95333333333333,9.21359058258219,-2.6247608534216806,0.5,9.0,11.624760853421682,7.099999999999999,1.5,4.0,1.8999999999999997,2.5,2.7000000000000006,2.0,1.0,3.0,3.049793333152055,far,non_dense,0.0,0.0,110,2,4,2
41,84.0,-0.39969978666666667,0.009793016666666666,-0.19586769999999998,317.77,-11.359999999999994,21.690130072792414,12.791863952560341,0.5,38.0,25.208136047439655,4.5,3.5,4.0,3.2000000000000006,0.0,1.3,3.0,0.0,2.0,6.435030329419156,far,non_dense,0.0,0.0,110,2,4,2
41,85.0,-0.4238004,-0.12062551333333334,-0.20273980666666666,237.26666666666668,-78.02,8.317595771533076,-9.82194799023146,0.5,9.0,18.82194799023146,7.900000000000001,3.1,4.0,2.5,1.8999999999999997,3.5,2.0,2.0,3.0,2.989865752802308,far,non_dense,0.0,0.0,110,2,4,2
41,87.0,-0.37092462,-0.09769598666666668,-0.19551941666666664,305.91333333333336,-182.96,11.71125692454047,-11.934234169553742,0.5,12.333333333333334,24.267567502887076,6.2,2.5,4.0,0.6,1.8999999999999997,3.7000000000000006,1.0,4.0,5.0,4.2624101250450925,far,non_dense,0.0,0.0,110,2,4,2
41,89.0,-0.34289688833333337,-0.10839154666666667,-0.19805760333333333,153.64833333333334,-45.61833333333333,8.656632405268851,-3.8553191201047667,0.5,8.333333333333334,12.1886524534381,11.199999999999998,0.4000000000000001,4.0,7.7,0.0,3.5,1.0,0.0,3.0,4.21349780146907,far,non_dense,0.0,0.0,110,2,4,2
41,90.0,-0.2941163766666666,-0.12380953,-0.18636310999999997,170.29,-124.48,7.362895305670665,-3.8421399781346053,0.5,9.666666666666666,13.508806644801274,9.5,0.4000000000000001,4.0,7.2,0.0,2.3,4.0,0.0,2.0,2.832366847927178,far,non_dense,0.0,0.0,110,2,4,2
41,93.0,-0.2338003466666667,-0.19927006,-0.28638016666666666,-188.33,-107.06333333333335,-6.579810159636459,5.273221497144617,-0.5,-9.666666666666666,-14.939888163811284,10.699999999999998,0.4000000000000001,4.0,3.2999999999999994,0.0,7.400000000000001,3.0,0.0,5.0,2.3571848765135512,far,non_dense,0.0,0.0,110,2,4,2
41,95.0,-0.19329809,-0.06691997,-0.20426294,379.94000000000005,241.8766666666667,17.955839590059835,7.860027032557429,0.5,38.0,30.13997296744257,6.900000000000001,5.2,4.0,5.400000000000001,0.6999999999999998,0.8000000000000002,2.0,1.0,1.0,6.220815614138739,far,non_dense,0.0,0.0,110,2,4,2
42,1.0,-0.3625677733333333,-0.31029489,-0.2543595733333333,-381.43666666666667,-54.36333333333334,-14.756213090929256,8.742445744442394,-0.5,-20.0,-28.742445744442392,4.0,0.6,1.0,3.6,0.0,0.4000000000000001,4.0,0.0,1.0,1.9047348864894122,near,dense,0.0,0.0,118,2,3,2
42,2.0,-0.3282477466666667,-0.05357097333333333,-0.20825916,231.5666666666667,-37.48333333333333,11.518836246818239,11.217394128050266,0.5,28.666666666666668,17.449272538616402,5.2,1.2,1.0,2.2,1.0,2.0,4.0,1.0,3.0,1.6127586289165758,near,dense,0.0,0.0,118,2,3,2
42,3.0,-0.3379676833333334,-0.19407226,-0.26958189666666665,-415.4266666666667,-104.41666666666667,-14.536361144870279,23.303698545309985,-0.5,-8.0,-31.303698545309985,2.2,0.4000000000000001,1.0,1.3999999999999997,0.8000000000000002,0.0,2.0,1.0,0.0,2.9210625466536393,near,dense,0.0,0.0,118,2,3,2
42,4.0,-0.32087905,-0.04745876333333334,-0.21993715666666666,343.15333333333336,-27.196666666666676,13.577767483547595,-2.8576768498690654,0.5,23.0,25.857676849869065,2.6,1.1,1.0,0.5,0.9,1.2,1.0,1.0,2.0,2.0287120737745,near,dense,0.0,0.0,118,2,3,2
42,5.0,-0.30329095333333334,-0.018223956666666666,-0.22514114333333332,336.9433333333333,85.62666666666667,16.50489584987008,11.610266071383885,0.5,37.0,25.389733928616113,3.1,1.2,1.0,1.1,1.2,0.8000000000000002,2.0,1.0,1.0,2.549109374050611,near,dense,0.0,0.0,118,2,3,2
42,6.0,-0.3320919,-0.07347922333333333,-0.23282913333333333,274.47999999999996,-21.173333333333336,11.583400034124375,-2.3495930797921702,0.5,18.333333333333332,20.682926413125504,5.2,1.2,1.0,1.7,0.9,2.6,2.0,1.0,3.0,1.6843013509041687,near,dense,0.0,0.0,118,2,3,2
42,7.0,-0.3203613966666667,-0.03051001,-0.22753778,355.13000000000005,36.120000000000005,15.748558254158013,5.239843860779435,0.5,32.0,26.760156139220566,4.5,1.3999999999999997,1.0,3.0,0.8000000000000002,0.6999999999999998,4.0,1.0,1.0,1.9165847775301283,near,dense,0.0,0.0,118,2,3,2
42,8.0,-0.30545462333333334,-0.05724388666666667,-0.23552843,269.58000000000004,-61.21000000000001,13.928043041068861,11.686303911212567,0.5,32.0,20.313696088787434,2.2,1.3999999999999997,1.0,1.7,0.5,0.0,2.0,1.0,0.0,2.106266077064608,near,dense,0.0,0.0,118,2,3,2
42,9.0,-0.2753182766666667,-0.03966578666666667,-0.21723866,313.1333333333333,-47.26333333333333,15.980615438321287,21.404424035157266,0.5,45.0,23.595575964842734,2.7000000000000006,1.3999999999999997,1.0,1.5,0.0,1.2,2.0,0.0,2.0,2.5219809766634946,near,dense,0.0,0.0,118,2,3,2
42,10.0,-0.28369686,-0.02641243,-0.24008216666666668,480.82666666666665,-138.38,19.599631318194856,0.10154025502127695,0.5,36.333333333333336,36.23179307831206,0.4000000000000001,1.0,1.0,0.4000000000000001,0.0,0.0,1.0,0.0,0.0,3.102792026881294,near,dense,0.0,0.0,118,2,3,2
42,11.0,-0.2575493066666667,0.015967223333333332,-0.22133309666666667,348.75,-18.649999999999995,25.783720731181365,18.720596813693092,0.5,45.0,26.279403186306908,3.7000000000000006,1.7,1.0,1.8,0.5,1.3999999999999997,2.0,1.0,2.0,4.218517077409047,near,dense,0.0,0.0,118,2,3,2
42,12.0,-0.3347143166666666,-0.05183882333333333,-0.23657521333333334,389.00333333333333,-101.94333333333333,14.190046975394855,-4.645951075222958,0.5,24.666666666666668,29.312617741889625,1.5,1.1,1.0,0.9,0.6,0.0,1.0,1.0,0.0,2.212163912479545,near,dense,0.0,0.0,118,2,3,2
42,13.0,-0.33653249333333335,-0.09334421,-0.21773351,202.85000000000002,-131.67333333333332,10.877494713701452,-1.6187152296555034,0.5,13.666666666666666,15.28538189632217,6.099999999999999,1.3999999999999997,1.0,2.3,0.6999999999999998,3.1,2.0,1.0,4.0,1.682440638742009,near,dense,0.0,0.0,118,2,3,2
42,14.0,-0.3387859766666666,-0.05686699,-0.24080782333333337,268.0133333333333,-115.69666666666667,12.087319154118005,0.8043571441642025,0.5,21.0,20.195642855835796,4.2,1.5,1.0,0.5,1.8999999999999997,1.8,1.0,1.0,1.0,1.9440192225558217,near,dense,0.0,0.0,118,2,3,2
42,15.0,-0.30840142666666664,-0.054190340000000004,-0.22069659333333333,316.23333333333335,-98.93666666666667,14.363784357185333,7.170829340167875,0.5,31.0,23.829170659832126,3.2000000000000006,1.7,1.0,1.5,1.2,0.5,2.0,1.0,1.0,2.3170059463188974,near,dense,0.0,0.0,118,2,3,2
42,16.0,-0.30522495666666666,-0.014277586666666666,-0.23863819666666666,454.31,-80.38666666666667,19.151854329854178,10.766320683667118,0.5,45.0,34.23367931633288,2.6,1.8999999999999997,1.0,1.6000000000000003,1.0,0.0,2.0,1.0,0.0,3.0774780890446567,near,dense,0.0,0.0,118,2,3,2
42,17.0,-0.32025544666666667,-0.05205382,-0.24021461,294.1366666666667,-81.47333333333331,13.151662539225955,3.83588227896862,0.5,26.0,22.164117721031378,3.9,1.8999999999999997,1.0,2.3,0.4000000000000001,1.2,3.0,1.0,2.0,1.6966814278462667,near,dense,0.0,0.0,118,2,3,2
42,18.0,-0.27797688,-0.2905213266666667,-0.2479819533333333,-262.2366666666667,-21.32000000000001,-18.899162257283386,-6.239647043536909,-0.5,-26.0,-19.76035295646309,2.4,1.3999999999999997,1.0,1.8999999999999997,0.0,0.5,2.0,0.0,1.0,2.9710852670321106,near,dense,0.0,0.0,118,2,3,2
42,19.0,-0.2963126566666667,-0.031905866666666664,-0.23569409,416.41666666666674,-89.00666666666666,15.80551894767197,0.621701858548235,0.5,32.0,31.378298141451765,1.8999999999999997,1.6000000000000003,1.0,0.9,1.0,0.0,2.0,1.0,0.0,3.11646828362413,near,dense,0.0,0.0,118,2,3,2
42,21.0,-0.28730399333333334,-0.3447989633333333,-0.2385657366666667,-438.4633333333333,-87.86666666666666,-16.402960150151475,-0.2937499094516234,-0.5,-33.333333333333336,-33.03958342388171,1.6000000000000003,1.2,1.0,0.5,1.1,0.0,1.0,1.0,0.0,2.6192789807512056,near,dense,0.0,0.0,118,2,3,2
42,22.0,-0.31902094666666664,-0.04319976666666667,-0.22947978,212.42,-68.79666666666667,14.361913080088867,15.993488674307343,0.5,32.0,16.006511325692657,0.4000000000000001,1.7,1.0,0.4000000000000001,0.0,0.0,1.0,0.0,0.0,2.328633694218442,near,dense,0.0,0.0,118,2,3,2
42,23.0,-0.32564653,-0.29619449999999997,-0.24440123000000002,-195.14666666666668,-37.00333333333333,-13.029480937505085,-1.2950883618719082,-0.5,-16.0,-14.70491163812809,3.5,1.6000000000000003,1.0,1.6000000000000003,0.6,1.3,2.0,1.0,2.0,1.8744090534439648,near,dense,0.0,0.0,118,2,3,2
42,24.0,-0.37003258999999994,-0.16414260666666666,-0.22339419333333332,59.71333333333333,-207.8166666666667,3.680529280793451,-0.8329197484301263,0.5,3.6666666666666665,4.499586415096793,7.7,1.1,1.0,4.0,0.0,3.7000000000000006,4.0,0.0,2.0,1.2773881528273168,near,dense,0.0,0.0,118,2,3,2
42,25.0,-0.3435638466666667,-0.01957067,-0.20983825,433.9266666666667,-207.28666666666666,18.13909676426599,-3.0310647358380955,0.5,29.666666666666668,32.697731402504765,2.6,1.3,2.0,0.9,1.3,0.4000000000000001,1.0,1.0,1.0,3.184755484824782,far,dense,0.0,0.0,118,2,3,2
42,27.0,-0.35632284666666664,-0.06871445333333333,-0.22315991333333332,284.58,-102.27333333333333,14.21961442563969,0.5560069999735641,0.5,22.0,21.44399300002644,3.2000000000000006,1.3999999999999997,2.0,1.2,0.0,2.0,2.0,0.0,3.0,2.476993762969552,far,dense,0.0,0.0,118,2,3,2
42,28.0,-0.35200608833333336,-0.21460050666666666,-0.22816102666666668,-265.3016666666667,-245.21,-20.243469635158633,11.578031592629522,-0.5,-6.5,-18.07803159262952,1.2,0.9,2.0,1.2,0.0,0.0,2.0,0.0,0.0,2.50596215355903,far,dense,0.0,0.0,118,2,3,2
42,29.0,-0.3796397866666667,-0.09012722333333334,-0.21036977666666667,48.54333333333337,-366.5433333333333,13.41225004566885,14.342108018139186,0.5,18.0,3.6578919818608147,9.6,1.6000000000000003,2.0,3.5,0.0,6.099999999999999,4.0,0.0,5.0,2.3824706828037012,far,dense,0.0,0.0,118,2,3,2
42,30.0,-0.35206332,-0.059362726666666664,-0.22216043666666666,194.96,-192.03666666666666,15.502401321477214,17.30915427898955,0.5,32.0,14.690845721010449,6.0,1.7,2.0,2.0,1.3,2.7000000000000006,1.0,1.0,3.0,2.7199634045648153,far,dense,0.0,0.0,118,2,3,2
42,31.0,-0.36263265333333333,-0.10018802,-0.22435024666666667,246.12333333333333,-232.77666666666667,13.416310274984333,-0.5461628967010075,0.5,18.0,18.54616289670101,8.3,1.8,2.0,2.2,1.3999999999999997,4.7,3.0,2.0,4.0,3.8173526623099154,far,dense,0.0,0.0,118,2,3,2
42,32.0,-0.3845140733333334,-0.09751280666666667,-0.22703606666666665,196.41,-143.07333333333335,11.581776836993347,6.866558910903113,0.5,21.666666666666668,14.800107755763554,7.099999999999999,1.5,2.0,2.5,1.6000000000000003,3.0,2.0,1.0,5.0,2.0512586351323683,far,dense,0.0,0.0,118,2,3,2
42,33.0,-0.3908473966666666,-0.07661922,-0.23100027,177.9766666666667,-290.3766666666667,12.98424756895565,11.588901559603492,0.5,25.0,13.411098440396508,8.3,1.3,2.0,4.8,0.0,3.5,1.0,0.0,4.0,2.244615634469474,far,dense,0.0,0.0,118,2,3,2
42,34.0,-0.35065680000000005,-0.07640613666666667,-0.23492488666666667,277.2766666666667,-307.8,15.132632152532468,2.1063360072012656,0.5,23.0,20.893663992798736,3.6,1.6000000000000003,2.0,0.5,1.2,1.8999999999999997,1.0,2.0,2.0,2.6027760774324524,far,dense,0.0,0.0,118,2,3,2
42,35.0,-0.33358099999999996,-0.04222398333333333,-0.22165165666666667,203.47666666666666,-280.0833333333333,19.656948089628617,29.667396810497184,0.5,45.0,15.332603189502818,6.3,2.4,2.0,2.0,1.8999999999999997,2.4,1.0,2.0,3.0,3.3162518653331854,far,dense,0.0,0.0,118,2,3,2
42,36.0,-0.34734704,-0.07003630333333333,-0.22012633666666667,266.57,-145.66,15.240982850757208,3.246450158067867,0.5,23.333333333333332,20.086883175265466,3.4,1.5,2.0,1.5,1.5,0.4000000000000001,1.0,1.0,1.0,3.550720671918864,far,dense,0.0,0.0,118,2,3,2
42,37.0,-0.3522420133333333,-0.042063036666666664,-0.21307258333333334,353.96000000000004,-180.36333333333334,16.23971075871103,7.9946736865227495,0.5,34.666666666666664,26.671992980143916,6.0,1.1,2.0,1.1,0.9,4.0,2.0,1.0,5.0,3.1093481452613276,far,dense,0.0,0.0,118,2,3,2
42,38.0,-0.36405335666666666,-0.04113769,-0.21936112,298.66333333333336,11.803333333333342,16.362359646113195,2.1614504555324956,0.5,24.666666666666668,22.505216211134172,4.9,1.2,2.0,1.6000000000000003,0.0,3.2999999999999994,2.0,0.0,6.0,3.1732601205575084,far,dense,0.0,0.0,118,2,3,2
42,39.0,-0.3679183433333333,-0.07336089666666668,-0.2275999,282.4733333333333,8.873333333333354,14.040160296637994,-1.2852490782702015,0.5,20.0,21.2852490782702,7.8,1.2,2.0,0.4000000000000001,0.8000000000000002,6.599999999999999,1.0,1.0,7.0,2.477520910416243,far,dense,0.0,0.0,118,2,3,2
42,40.0,-0.3503169533333333,-0.05820514333333334,-0.25336797666666666,313.30333333333334,-204.4466666666667,16.429120332494417,5.391614003496557,0.5,29.0,23.608385996503443,6.5,1.0,2.0,0.0,0.5,6.0,0.0,1.0,6.0,2.9941115829430345,far,dense,0.0,0.0,118,2,3,2
42,41.0,-0.3548495866666667,-0.06600084666666667,-0.24251333,244.82666666666668,-52.050000000000004,14.63003665442561,3.8848783251816528,0.5,22.333333333333332,18.44845500815168,5.599999999999999,1.2,2.0,0.6999999999999998,0.9,4.0,1.0,1.0,4.0,3.5337648263153163,far,dense,0.0,0.0,118,2,3,2
42,42.0,-0.32702472833333335,-0.2932284733333333,-0.247496085,-261.66833333333335,-76.81,-15.826865686954731,-3.7824727376182987,-0.5,-23.5,-19.7175272623817,3.5,0.4000000000000001,2.0,1.7,0.0,1.8,1.0,0.0,2.0,1.978275702077723,far,dense,0.0,0.0,118,2,3,2
42,44.0,-0.3429795466666667,-0.3227580566666666,-0.24483974666666666,-362.75,-144.25666666666666,-17.158135655437714,1.3343469701299793,-0.5,-26.0,-27.33434697012998,1.8999999999999997,1.0,2.0,0.5,0.0,1.3999999999999997,1.0,0.0,2.0,2.2027372680485295,far,dense,0.0,0.0,118,2,3,2
42,45.0,-0.36922703333333334,-0.29806443,-0.23805123333333333,-265.18,-328.41,-14.168056235378558,2.648808994823988,-0.5,-17.333333333333332,-19.98214232815732,2.2,0.8000000000000002,2.0,1.3999999999999997,0.0,0.8000000000000002,2.0,0.0,1.0,1.795815002171299,far,dense,0.0,0.0,118,2,3,2
42,46.0,-0.3804271533333334,-0.27660534666666664,-0.23842768,-339.82666666666665,-295.8633333333333,-11.234938614039839,12.607002112665391,-0.5,-13.0,-25.607002112665395,4.6,1.1,2.0,2.2,2.4,0.0,2.0,1.0,0.0,2.3406875594912924,far,dense,0.0,0.0,118,2,3,2
42,47.0,-0.3711253833333334,-0.29132405666666666,-0.2385993266666667,-110.16333333333334,-14.800000000000004,-12.384938095353045,-7.698848306769347,-0.5,-16.0,-8.301151693230652,4.8,1.2,2.0,1.6000000000000003,0.9,2.3,2.0,1.0,3.0,1.613364790149758,far,dense,0.0,0.0,118,2,3,2
42,49.0,-0.35763473333333334,-0.08655533333333333,-0.20400809,66.91333333333334,-332.7033333333333,11.978218772303498,14.291204400841815,0.5,19.333333333333332,5.042128932491517,8.6,0.9,3.0,3.0,0.0,5.599999999999999,1.0,0.0,6.0,4.976882301721328,near,non_dense,0.0,0.0,118,2,3,2
42,50.0,-0.3698195133333333,-0.06926212,-0.24305188,232.65666666666667,-300.02333333333337,13.299413514818719,-2.1980741141664377,0.5,15.333333333333334,17.53140744749977,3.0,0.9,3.0,0.0,1.0,2.0,0.0,1.0,3.0,4.837017464743311,near,non_dense,0.0,0.0,118,2,3,2
42,51.0,-0.38946241833333334,-0.238782095,-0.227207705,-163.79666666666665,-316.935,-20.480336815904824,4.342591093638567,-0.5,-8.0,-12.342591093638566,1.8999999999999997,0.8000000000000002,3.0,0.9,1.0,0.0,1.0,1.0,0.0,5.660758351387201,near,non_dense,0.0,0.0,118,2,3,2
42,52.0,-0.34592081333333335,-0.28923500333333335,-0.22785194,-277.3533333333333,-252.06000000000003,-12.408567390980837,3.566107732567288,-0.5,-17.333333333333332,-20.89944106590062,5.8,0.9,3.0,2.7999999999999994,0.0,3.0,1.0,0.0,3.0,4.553304311830522,near,non_dense,0.0,0.0,118,2,3,2
42,54.0,-0.4078704833333333,-0.12972458333333334,-0.21627176,114.56333333333335,-239.11666666666665,8.224771180627654,-1.9660387871940943,0.5,6.666666666666667,8.63270545386076,10.4,1.0,3.0,6.8,0.0,3.6,3.0,0.0,4.0,4.146311273433693,near,non_dense,0.0,0.0,118,2,3,2
42,55.0,-0.39548366333333335,-0.2556077033333333,-0.2164279533333333,-127.63333333333333,-324.2633333333333,-7.491995556712614,-0.04909583747965246,-0.5,-9.666666666666666,-9.617570829187015,9.1,1.2,3.0,3.5,0.0,5.599999999999999,1.0,0.0,4.0,2.9710147705296808,near,non_dense,0.0,0.0,118,2,3,2
42,56.0,-0.3941325133333333,-0.09315517,-0.20982422,157.21,-350.75333333333333,10.670431909714758,6.153734838941051,0.5,18.0,11.84626516105895,4.9,1.0,3.0,0.5,0.6,3.7999999999999994,1.0,1.0,4.0,3.7925007829307034,near,non_dense,0.0,0.0,118,2,3,2
42,57.0,-0.42194584,-0.12948684333333335,-0.22161672333333335,204.40333333333334,-354.94000000000005,8.216416009317422,-8.735763754241585,0.5,6.666666666666667,15.402430420908251,10.4,1.0,3.0,3.7000000000000006,1.6000000000000003,5.1,4.0,1.0,3.0,2.9751530660385868,near,non_dense,0.0,0.0,118,2,3,2
42,59.0,-0.43798253,-0.14080087333333333,-0.21867469666666664,168.69333333333336,-363.3333333333333,7.890664022003951,-5.711570240885255,0.5,7.0,12.711570240885257,11.1,1.3,3.0,4.7,0.0,6.400000000000001,5.0,0.0,3.0,2.8466663139396835,near,non_dense,0.0,0.0,118,2,3,2
42,61.0,-0.38892377333333333,-0.12174612333333333,-0.22156979666666665,190.81999999999996,-92.32666666666667,9.57436029336697,-4.712217106841815,0.5,9.666666666666666,14.378883773508482,9.3,0.9,3.0,0.0,0.0,9.3,0.0,0.0,3.0,4.463240713031436,near,non_dense,0.0,0.0,118,2,3,2
42,62.0,-0.3863968766666667,-0.06832755333333333,-0.22160324,257.43333333333334,-217.73333333333335,12.328436970848315,2.601593232224781,0.5,22.0,19.398406767775217,5.599999999999999,0.9,3.0,0.0,0.0,5.599999999999999,0.0,0.0,6.0,4.568465827635822,near,non_dense,0.0,0.0,118,2,3,2
42,63.0,-0.35409459666666665,-0.31806365333333336,-0.24016550333333334,-141.78333333333333,-214.58333333333334,-15.398648764720107,-10.316182417877522,-0.5,-21.0,-10.683817582122478,3.4,0.8000000000000002,3.0,1.7,0.0,1.7,1.0,0.0,3.0,4.282535112720282,near,non_dense,0.0,0.0,118,2,3,2
42,64.0,-0.34938912333333333,-0.30746243333333334,-0.24211709333333334,-312.07,-165.84333333333333,-13.845446376387565,-0.4845495273095442,-0.5,-24.0,-23.515450472690457,4.0,1.8,3.0,1.8999999999999997,1.5,0.6,1.0,2.0,1.0,4.288489396393637,near,non_dense,0.0,0.0,118,2,3,2
42,65.0,-0.3767403266666667,-0.27829995,-0.22202006666666665,-175.19000000000003,-261.03000000000003,-9.96431484412924,0.5344477253307733,-0.5,-12.666666666666666,-13.201114391997441,6.5,0.8000000000000002,3.0,3.6,0.0,2.9,1.0,0.0,3.0,3.8392653039676223,near,non_dense,0.0,0.0,118,2,3,2
42,66.0,-0.41285442,-0.09990805000000001,-0.22673805666666666,128.87333333333333,-293.61333333333334,9.679763605815987,1.2889912928172282,0.5,11.0,9.711008707182772,6.7,0.9,3.0,3.2999999999999994,0.0,3.4,2.0,0.0,4.0,3.5228538000226894,near,non_dense,0.0,0.0,118,2,3,2
42,67.0,-0.34225318666666665,-0.3166979933333333,-0.23689665333333335,-254.0666666666667,-300.02,-14.726205756514462,1.1447179054749121,-0.5,-18.0,-19.14471790547491,2.6,1.0,3.0,1.6000000000000003,1.0,0.0,1.0,1.0,0.0,4.732309634721905,near,non_dense,0.0,0.0,118,2,3,2
42,68.0,-0.3596513766666667,-0.29848343,-0.23110628666666666,-251.78,-204.72000000000003,-12.561098324619934,3.9724104207838073,-0.5,-15.0,-18.972410420783806,4.4,1.3,3.0,2.3,0.0,2.1,2.0,0.0,4.0,4.042629724473106,near,non_dense,0.0,0.0,118,2,3,2
42,69.0,-0.37199286,-0.10050863333333333,-0.20092739,224.73,-346.6666666666667,12.535650932729746,6.065891675817203,0.5,23.0,16.934108324182798,4.8,1.3,3.0,2.5,0.0,2.3,2.0,0.0,3.0,4.788507440299828,near,non_dense,0.0,0.0,118,2,3,2
42,70.0,-0.39714556,-0.09642914000000001,-0.21531858666666667,116.64666666666665,-247.84,10.724210776505643,11.210308864022712,0.5,20.0,8.789691135977288,6.400000000000001,1.2,3.0,2.1,0.0,4.3,2.0,0.0,4.0,4.036275544946798,near,non_dense,0.0,0.0,118,2,3,2
42,71.0,-0.36392408666666665,-0.26261877,-0.23569513666666667,-161.74333333333337,-155.57,-10.78285425549665,-2.478800661322151,-0.5,-14.666666666666666,-12.187866005344516,5.1,1.2,3.0,1.7,0.0,3.4,1.0,0.0,4.0,3.4800989950680807,near,non_dense,0.0,0.0,118,2,3,2
42,72.0,-0.34702135000000006,-0.30368401666666667,-0.22458932333333334,-206.60666666666665,-236.39333333333332,-13.072561114216848,-1.7648748550186404,-0.5,-17.333333333333332,-15.568458478314694,4.0,0.8000000000000002,3.0,0.0,1.6000000000000003,2.4,0.0,1.0,2.0,4.255030919040602,near,non_dense,0.0,0.0,118,2,3,2
42,73.0,-0.4131619933333333,-0.13674974666666664,-0.22339811666666667,69.25,-218.99,6.3015388630115785,3.1151292597799185,0.5,8.333333333333334,5.218204073553415,6.7,1.0,4.0,3.5,0.0,3.2000000000000006,2.0,0.0,5.0,2.1885522927233363,far,non_dense,0.0,0.0,118,2,3,2
42,74.0,-0.41951885,-0.13173535666666666,-0.2267940966666667,24.75333333333333,-365.31,7.2003248619289195,4.134758919364253,0.5,6.0,1.8652410806357473,7.7,1.0,4.0,5.0,0.0,2.7000000000000006,1.0,0.0,4.0,2.4949445051794297,far,non_dense,0.0,0.0,118,2,3,2
42,75.0,-0.39399616,-0.28147398333333334,-0.2439073833333333,-222.79666666666665,-55.98333333333333,-9.107624089912695,4.788425611178659,-0.5,-12.0,-16.78842561117866,5.400000000000001,1.2,4.0,2.5,0.0,2.9,3.0,0.0,3.0,3.063926907627996,far,non_dense,0.0,0.0,118,2,3,2
42,76.0,-0.40365077,-0.26271053333333333,-0.22718220333333336,-66.2133333333333,-227.5666666666667,-6.16040193945526,-4.010618256699641,-0.5,-9.0,-4.989381743300359,13.0,1.8,4.0,2.0,0.0,11.0,1.0,0.0,8.0,1.9559382890538861,far,non_dense,0.0,0.0,118,2,3,2
42,77.0,-0.4011677233333333,-0.25367201333333333,-0.23173973666666667,-113.31333333333335,-246.03333333333333,-6.197973191753494,-0.128152622075822,-0.5,-8.666666666666666,-8.538514044590846,3.5,1.3,4.0,0.0,0.0,3.5,0.0,0.0,5.0,2.1521285878103185,far,non_dense,0.0,0.0,118,2,3,2
42,78.0,-0.41040778000000006,-0.11401685333333333,-0.22101431333333332,117.21000000000004,-295.45,8.070083064204223,-1.1654733977549345,0.5,7.666666666666667,8.832140064421601,9.5,1.1,4.0,1.8,3.9,3.7999999999999994,1.0,1.0,5.0,2.70880280929682,far,non_dense,0.0,0.0,118,2,3,2
42,79.0,-0.37472243,-0.2725337833333333,-0.2337848366666667,-78.55333333333336,-235.5,-8.256230465598454,-6.74742733105368,-0.5,-12.666666666666666,-5.919239335612986,7.3,1.2,4.0,4.2,0.0,3.1,1.0,0.0,5.0,2.852993121486087,far,non_dense,0.0,0.0,118,2,3,2
42,80.0,-0.36011786333333334,-0.29763386666666664,-0.23227263333333334,-161.3366666666667,-176.66333333333333,-11.398500145751912,-4.509444266471294,-0.5,-16.666666666666668,-12.157222400195373,7.5,1.1,4.0,2.2,0.0,5.3,1.0,0.0,7.0,5.296300081701137,far,non_dense,0.0,0.0,118,2,3,2
42,81.0,-0.35214927999999995,-0.3285614666666667,-0.23142386333333334,-259.65333333333336,-164.46666666666667,-13.423751528681898,1.5656907106385962,-0.5,-18.0,-19.565690710638595,4.4,0.9,4.0,0.6999999999999998,0.0,3.7000000000000006,1.0,0.0,2.0,4.297908498153169,far,non_dense,0.0,0.0,118,2,3,2
42,83.0,-0.38399247333333336,-0.08469051333333333,-0.20717722333333333,303.9766666666667,-174.98000000000002,10.55625996294654,-2.905592494804163,0.5,20.0,22.905592494804164,6.2,1.1,4.0,1.5,0.0,4.7,2.0,0.0,8.0,3.3268846575253352,far,non_dense,0.0,0.0,118,2,3,2
42,84.0,-0.3554851333333333,-0.048127493333333334,-0.20514924999999998,100.43333333333335,-36.830000000000005,12.88046205148045,24.765367569859716,0.5,32.333333333333336,7.567965763473619,1.3,0.9,4.0,1.3,0.0,0.0,2.0,0.0,0.0,4.287115082591148,far,non_dense,0.0,0.0,118,2,3,2
42,86.0,-0.37109811,-0.11844663,-0.21331008333333332,75.71,-113.55666666666666,7.713780069838855,7.295014723339652,0.5,13.0,5.704985276660348,8.3,0.8000000000000002,4.0,0.5,0.0,7.8,1.0,0.0,6.0,2.857945854194527,far,non_dense,0.0,0.0,118,2,3,2
42,87.0,-0.3326376466666667,-0.21585360666666667,-0.23410981499999997,-346.8216666666667,-264.90000000000003,9.686380870346786,10.982349634203956,0.5,-10.666666666666666,-21.649016300870624,4.6,0.9,4.0,0.8000000000000002,0.0,3.7999999999999994,1.0,0.0,4.0,3.8184555274001433,far,non_dense,0.0,0.0,118,2,3,2
42,89.0,-0.3779119311111111,-0.2080096388888889,-0.22302987000000002,-300.0533333333333,-292.6611111111111,7.802916204436591,7.2232865579306536,0.5,-12.777777777777779,-20.00106433570843,5.2,1.1,4.0,1.4,0.0,3.7999999999999994,1.0,0.0,4.0,3.8229163287457544,far,non_dense,0.0,0.0,118,2,3,2
42,90.0,-0.4243383233333333,-0.14618529666666666,-0.22936401333333334,16.850000000000023,-265.0366666666667,6.531093067505659,4.730299803041514,0.5,6.0,1.2697001969584858,7.7,0.8000000000000002,4.0,5.7,0.0,2.0,5.0,0.0,3.0,2.640739495839842,far,non_dense,0.0,0.0,118,2,3,2
42,91.0,-0.3801700666666667,-0.2642691033333333,-0.22729314,-169.01666666666665,-223.25666666666666,-8.22563090625337,0.7359344187497415,-0.5,-12.0,-12.735934418749741,5.2,1.0,4.0,2.1,0.0,3.1,1.0,0.0,4.0,2.811806771580402,far,non_dense,0.0,0.0,118,2,3,2
42,92.0,-0.40989850333333333,-0.23986883333333334,-0.2306169433333333,-10.54333333333337,-238.83333333333334,-5.310202753939141,-6.872193526611337,-0.5,-7.666666666666667,-0.7944731400553303,9.1,1.0,4.0,3.7999999999999994,0.0,5.3,2.0,0.0,6.0,1.959348091541849,far,non_dense,0.0,0.0,118,2,3,2
42,95.0,-0.38402781,-0.061282100000000006,-0.2027016033333333,111.77666666666664,-197.07000000000002,11.90550590841587,14.577278594538312,0.5,23.0,8.42272140546169,5.900000000000001,1.2,4.0,3.0,0.0,2.9,2.0,0.0,4.0,4.232797530025071,far,non_dense,0.0,0.0,118,2,3,2
42,96.0,-0.37841337,-0.2980317766666667,-0.22420335,-377.89333333333326,-439.17,-10.413777123429943,10.599196699604313,-0.5,-13.333333333333334,-23.93253003293765,8.3,1.1,4.0,3.4,0.0,4.9,1.0,0.0,4.0,4.807361218860947,far,non_dense,0.0,0.0,118,2,3,2
45,1.0,-0.34054981999999995,-0.08386065,-0.2549290366666667,192.97333333333333,-118.99666666666667,-11.207797588015088,7.304505257348256,-0.5,22.0,14.695494742651745,2.2,1.8,1.0,0.6,0.0,1.6000000000000003,1.0,0.0,2.0,1.4632139503406638,near,dense,0.0,0.0,116,2,2,2
45,3.0,-0.3577177233333333,-0.040780199999999996,-0.22098927666666668,247.24,-118.79333333333334,-13.07087987471587,9.50527011126525,-0.5,28.333333333333332,18.82806322206808,0.8000000000000002,2.3,1.0,0.0,0.0,0.8000000000000002,0.0,0.0,2.0,2.574844009089728,near,dense,0.0,0.0,116,2,2,2
45,4.0,-0.30333853666666666,0.03066996333333333,-0.23155789333333332,474.17333333333335,-40.080000000000005,15.689313219639951,8.890286773099978,0.5,45.0,36.10971322690002,3.2000000000000006,2.2,1.0,1.0,0.0,2.2,1.0,0.0,2.0,2.461299675408738,near,dense,0.0,0.0,116,2,2,2
45,5.0,-0.3900642666666667,-0.05361879666666667,-0.20685634666666666,277.27333333333337,-19.543333333333333,20.761221075016824,-1.1151911090177873,0.5,20.0,21.11519110901779,5.7,1.8,1.0,3.9,1.3,0.5,4.0,1.0,1.0,3.24799969151447,near,dense,0.0,0.0,116,2,2,2
45,6.0,-0.40895230666666665,-0.061464153333333334,-0.21342237333333333,266.43,-20.70333333333333,10.06701821806273,-3.2894389429525916,0.5,17.0,20.28943894295259,9.8,2.1,1.0,2.3,0.0,7.5,1.0,0.0,3.0,1.5496005396615204,near,dense,0.0,0.0,116,2,2,2
45,7.0,-0.38762690666666666,-0.052848570000000004,-0.21114644666666668,262.88666666666666,5.593333333333334,11.279710243789864,1.3137297892517228,0.5,21.333333333333332,20.01960354408161,11.1,1.5,1.0,1.6000000000000003,0.0,9.5,1.0,0.0,3.0,1.3423445490750054,near,dense,0.0,0.0,116,2,2,2
45,8.0,-0.3728128866666667,-0.015804711666666665,-0.20645042666666666,280.81333333333333,-9.025,22.674159188312032,9.115227335383926,0.5,30.5,21.384772664616076,6.400000000000001,1.6000000000000003,1.0,6.400000000000001,0.0,0.0,5.0,0.0,0.0,3.674498658139901,near,dense,0.0,0.0,116,2,2,2
45,9.0,-0.3303129266666667,0.02204375,-0.19802969666666667,350.03333333333336,-11.98999999999999,48.18801979995825,18.34391793467388,0.5,45.0,26.65608206532612,4.8,1.5,1.0,4.8,0.0,0.0,6.0,0.0,0.0,7.614222108728559,near,dense,0.0,0.0,116,2,2,2
45,13.0,-0.399251585,-0.06270517166666667,-0.20827841333333333,339.765,137.08333333333334,6.99883889264698,-6.8741178638001985,0.5,19.0,25.874117863800198,6.0,2.3,1.0,0.0,0.0,6.0,0.0,0.0,6.0,1.2759173077248323,near,dense,0.0,0.0,116,2,2,2
45,15.0,-0.36582321,0.012963240000000001,-0.21527325666666666,400.0466666666667,100.06333333333335,13.845090398858781,10.201920137878464,0.5,40.666666666666664,30.4647465287882,4.9,1.7,1.0,0.4000000000000001,0.0,4.5,1.0,0.0,5.0,2.173010059376244,near,dense,0.0,0.0,116,2,2,2
45,16.0,-0.40934365,-0.07233525666666667,-0.21443077666666666,261.08666666666664,-4.996666666666651,17.890617261055837,-4.8825281768282425,0.5,15.0,19.88252817682824,3.4,2.5,1.0,2.2,0.6999999999999998,0.5,1.0,1.0,1.0,2.9098455942786075,near,dense,0.0,0.0,116,2,2,2
45,20.0,-0.2807258666666667,-0.32361094,-0.3078893233333333,-325.05333333333334,-40.45666666666665,-13.469345154421548,-1.5795527535567186,-0.5,-26.333333333333332,-24.753780579776613,1.8999999999999997,0.4000000000000001,1.0,0.5,0.0,1.3999999999999997,1.0,0.0,2.0,1.9344530194127092,near,dense,0.0,0.0,116,2,2,2
45,21.0,-0.31113732,0.054356676666666666,-0.19647050666666666,431.80999999999995,99.03666666666668,-25.28897030007838,12.116380925735248,-0.5,45.0,32.88361907426475,2.4,1.5,1.0,1.7,0.0,0.6999999999999998,4.0,0.0,1.0,4.070561280183466,near,dense,0.0,0.0,116,2,2,2
45,25.0,-0.3809620166666667,-0.041923398333333334,-0.21600626,5.1783333333333275,-26.435000000000002,21.639385021698885,27.10565447587388,0.5,27.5,0.39434552412612095,0.5,1.3999999999999997,2.0,0.0,0.0,0.5,0.0,0.0,1.0,1.9103197400365193,far,dense,0.0,0.0,116,2,2,2
45,26.0,-0.36613962,-0.0894899775,-0.251078505,184.2475,-55.025000000000006,20.494217355296577,4.719003484436222,0.5,18.75,14.030996515563778,4.9,1.7,2.0,3.4,0.0,1.5,2.0,0.0,3.0,3.480781966666213,far,dense,0.0,0.0,116,2,2,2
45,27.0,-0.281754255,-0.33115426,-0.30631765499999997,-416.095,-69.91499999999999,10.760325625930477,5.186874965161053,0.5,-26.5,-31.686874965161053,3.7,1.7,2.0,3.7,0.0,0.0,4.0,0.0,0.0,1.9001591548548158,far,dense,0.0,0.0,116,2,2,2
45,29.0,-0.36763798333333336,-0.03786332,-0.21427491333333334,280.24333333333334,-23.856666666666673,11.88325338686044,11.991967868347494,0.5,33.333333333333336,21.34136546498584,9.8,1.8999999999999997,2.0,1.1,1.3999999999999997,7.3,1.0,1.0,5.0,2.0764327536746134,far,dense,0.0,0.0,116,2,2,2
45,30.0,-0.3654491133333333,-0.07710291666666667,-0.22992522166666665,227.87166666666667,54.556666666666665,24.90960563332827,1.6468931139054233,0.5,19.0,17.353106886094576,2.6,1.3999999999999997,2.0,2.6,0.0,0.0,2.0,0.0,0.0,4.197379715912482,far,dense,0.0,0.0,116,2,2,2
45,32.0,-0.37251110666666665,-0.06281138000000001,-0.22232739666666665,232.40333333333334,-53.32666666666666,10.741549196418399,5.301793184681434,0.5,23.0,17.698206815318567,7.2,1.8999999999999997,2.0,7.2,0.0,0.0,6.0,0.0,0.0,1.793685434523333,far,dense,0.0,0.0,116,2,2,2
45,34.0,-0.34465051999999996,0.020168895,-0.21304084,376.15000000000003,-32.00500000000001,22.453803458260523,11.355055893136594,0.5,40.0,28.644944106863406,5.8,1.3,2.0,1.1,0.5,4.2,2.0,1.0,4.0,3.793352815775003,far,dense,0.0,0.0,116,2,2,2
45,39.0,-0.3554538115,-0.01344719839645,-0.22730302575,350.655,122.37,20.51603928927781,13.296576164316926,0.5,40.0,26.703423835683076,3.8,1.0,2.0,0.0,0.0,3.8,0.0,0.0,4.0,3.500193389217988,far,dense,0.0,0.0,116,2,2,2
45,40.0,-0.38374993,-0.046834845,-0.21121873,193.15500000000003,-92.37,14.92066845392149,10.290670798986568,0.5,25.0,14.709329201013432,3.4,0.7,2.0,3.4,0.0,0.0,3.0,0.0,0.0,2.770257682672399,far,dense,0.0,0.0,116,2,2,2
45,41.0,-0.300751685,-0.27898266,-0.3119515583333333,-202.27166666666665,173.30333333333337,13.476547015336548,-2.763076114842203,0.5,-18.166666666666668,-15.403590551824465,1.6000000000000003,0.4000000000000001,2.0,0.4000000000000001,0.0,1.2,1.0,0.0,2.0,3.4173152884538722,far,dense,0.0,0.0,116,2,2,2
45,45.0,-0.31867453333333334,-0.3110205133333333,-0.27587559666666667,-354.0133333333333,24.280000000000012,-12.98419646322305,5.959170932919682,-0.5,-21.0,-26.95917093291968,1.2,0.9,2.0,0.0,0.0,1.2,0.0,0.0,1.0,1.791466422115466,far,dense,0.0,0.0,116,2,2,2
45,46.0,-0.29444190666666664,-0.31180072,-0.2880800466666667,-374.9166666666667,7.25,-9.515013617460667,7.551022095967579,-0.5,-21.0,-28.55102209596758,2.1,0.6,2.0,0.5,0.0,1.6000000000000003,1.0,0.0,2.0,2.004668922077464,far,dense,0.0,0.0,116,2,2,2
45,47.0,-0.22707630666666667,0.05289071,-0.2519313166666667,213.32000000000002,-12.21,-11.368865476119268,28.75504592083982,-0.5,45.0,16.24495407916018,3.2000000000000006,2.0,2.0,1.3,0.0,1.8999999999999997,2.0,0.0,2.0,1.5616352328929912,far,dense,0.0,0.0,116,2,2,2
45,50.0,-0.30695716666666667,-0.34695845,-0.27474222333333337,-361.8233333333333,-90.48,13.055141458637237,2.887259054169012,0.5,-24.666666666666668,-27.55392572083568,5.7,0.8000000000000002,3.0,0.0,0.0,5.7,0.0,0.0,3.0,4.87354765034783,near,non_dense,0.0,0.0,116,2,2,2
45,54.0,-0.35703323000000003,-0.08810552333333332,-0.23841546,230.75,61.68333333333334,21.727530284001848,2.4276994479363814,0.5,20.0,17.57230055206362,5.1,1.3,3.0,5.1,0.0,0.0,5.0,0.0,0.0,11.231340753073036,near,non_dense,0.0,0.0,116,2,2,2
45,58.0,-0.3837343866666667,-0.07364976333333334,-0.22093360666666664,204.80333333333337,-51.103333333333325,21.328121807830957,5.070282149233067,0.5,20.666666666666668,15.596384517433599,11.1,2.1,3.0,8.4,0.0,2.7000000000000006,2.0,0.0,2.0,11.122034250337606,near,non_dense,0.0,0.0,116,2,2,2
45,59.0,-0.3599089266666667,-0.05072332333333333,-0.25035316999999996,197.72333333333333,-48.823333333333345,6.164813385942267,16.94277859376298,0.5,32.0,15.05722140623702,9.2,0.6999999999999998,3.0,0.0,0.0,9.2,0.0,0.0,5.0,2.3196202835190327,near,non_dense,0.0,0.0,116,2,2,2
45,63.0,-0.29678525666666666,-0.29662947,-0.27828439,-242.64,-92.95666666666666,-15.788271717279159,-4.522240494246083,-0.5,-23.0,-18.47775950575392,1.8999999999999997,2.6,3.0,0.0,0.0,1.8999999999999997,0.0,0.0,1.0,4.426563034911479,near,non_dense,0.0,0.0,116,2,2,2
45,65.0,-0.34256890833333337,-0.21448515166666668,-0.23552354500000003,-18.923333333333346,-57.245000000000005,-25.454215351078208,-3.392265074264135,-0.5,-4.833333333333333,-1.4410682590691986,4.2,1.2,3.0,4.2,0.0,0.0,4.0,0.0,0.0,8.428769108012885,near,non_dense,0.0,0.0,116,2,2,2
45,68.0,-0.31407499333333333,-0.07615085333333334,-0.27286229666666667,181.4933333333333,-19.76,-10.738756905207154,11.845408155164177,-0.5,25.666666666666668,13.82125851150249,1.6000000000000003,0.6,3.0,0.0,0.0,1.6000000000000003,0.0,0.0,3.0,3.4743749920204685,near,non_dense,0.0,0.0,116,2,2,2
45,69.0,-0.35653414333333333,-0.07511799666666667,-0.22970940666666664,109.92,-41.426666666666655,11.223392518056585,11.629264239727702,0.5,20.0,8.370735760272298,5.7,0.6999999999999998,3.0,1.2,0.0,4.5,1.0,0.0,5.0,4.196486306655139,near,non_dense,0.0,0.0,116,2,2,2
45,70.0,-0.30685285833333337,-0.32506144666666664,-0.30892546833333334,-82.95333333333333,41.861666666666665,10.918459553206352,-15.182856315801297,0.5,-21.5,-6.317143684198702,7.5,0.5,3.0,1.6000000000000003,0.0,5.900000000000001,2.0,0.0,2.0,4.0878913373233425,near,non_dense,0.0,0.0,116,2,2,2
45,71.0,-0.27974557,-0.30682006333333334,-0.2873677233333333,-99.19333333333333,11.01333333333334,-9.77348837694529,-14.446131891248692,-0.5,-22.0,-7.553868108751307,1.5,1.6000000000000003,3.0,0.0,0.0,1.5,0.0,0.0,2.0,3.1951034437803956,near,non_dense,0.0,0.0,116,2,2,2
45,76.0,-0.328548415,-0.12938275999999999,-0.267350615,412.395,538.635,-11.248040079292574,-20.405108932473574,-0.5,11.0,31.405108932473574,7.5,1.3,4.0,7.5,0.0,0.0,4.0,0.0,0.0,3.6368419755888937,far,non_dense,0.0,0.0,116,2,2,2
45,82.0,-0.33629682166666663,-0.05965426166666666,-0.224480865,224.8516666666667,0.939999999999999,20.648206008722187,12.043541785630515,0.5,29.166666666666668,17.12312488103615,9.9,1.7,4.0,3.0,0.0,6.900000000000001,1.0,0.0,3.0,6.092761191436916,far,non_dense,0.0,0.0,116,2,2,2
45,86.0,-0.35110677333333334,-0.06308693333333333,-0.24357686333333337,203.74,-24.063333333333333,36.70456136121094,10.15125815322163,0.5,25.666666666666668,15.515408513445038,9.9,1.5,4.0,9.9,0.0,0.0,4.0,0.0,0.0,10.946367963144658,far,non_dense,0.0,0.0,116,2,2,2
45,89.0,-0.40055786666666665,-0.11129008333333333,-0.21888699999999997,168.75000000000003,-3.7099999999999844,12.145928049437217,-1.1841490133365238,0.5,11.666666666666666,12.850815680003189,9.8,1.2,4.0,8.5,0.0,1.3,4.0,0.0,1.0,5.581784278671624,far,non_dense,0.0,0.0,116,2,2,2
45,94.0,-0.31484081333333336,-0.28305463000000003,-0.28018444666666664,-115.22666666666667,-21.583333333333314,-20.897214449350383,-9.225145749602959,-0.5,-18.0,-8.774854250397043,6.0,1.2,4.0,6.0,0.0,0.0,3.0,0.0,0.0,6.670853246005843,far,non_dense,0.0,0.0,116,2,2,2
46,1.0,-0.3748290633333333,-0.18696469666666668,-0.24793770333333331,7.771666666666657,-59.06833333333333,-8.394703654223946,2.5653379059931027,-0.5,3.1666666666666665,0.6013287606735638,0.4000000000000001,1.5,1.0,0.0,0.0,0.4000000000000001,0.0,0.0,1.0,1.0159651570392942,near,dense,-1.0,-1.0,115,2,4,2
46,3.0,-0.37245413666666666,-0.03526852666666667,-0.22440657666666666,328.55333333333334,-182.29999999999998,-27.507414430316274,6.57835272376125,-0.5,32.0,25.421647276238748,1.1,1.1,1.0,1.1,0.0,0.0,2.0,0.0,0.0,6.256307184569994,near,dense,-1.0,-1.0,115,2,4,2
46,5.0,-0.37929908333333334,-0.06599641833333333,-0.2378823866666667,244.785,-65.685,27.4292074793451,7.559884964853691,0.5,26.5,18.94011503514631,5.1,0.6,1.0,1.0,0.0,4.1,1.0,0.0,3.0,4.45674483851045,near,dense,-1.0,-1.0,115,2,4,2
46,6.0,-0.37386094666666664,-0.04883316000000001,-0.2500671033333333,198.82333333333335,-40.23666666666667,17.193183729176955,10.94947891004525,0.5,26.333333333333332,15.383854423288083,8.3,0.6999999999999998,1.0,8.3,0.0,0.0,11.0,0.0,0.0,2.741519274051479,near,dense,-1.0,-1.0,115,2,4,2
46,7.0,-0.36154239666666665,-0.03286503333333333,-0.2457713,228.04,-115.46666666666665,24.03185080519063,12.68885416747446,0.5,30.333333333333332,17.644479165858872,6.400000000000001,0.9,1.0,6.400000000000001,0.0,0.0,3.0,0.0,0.0,3.4036674539102876,near,dense,-1.0,-1.0,115,2,4,2
46,8.0,-0.34327971999999995,-0.024055223333333334,-0.26727001,442.9266666666667,-168.71333333333334,28.210302107473353,5.7287741536427035,0.5,40.0,34.2712258463573,4.5,0.6999999999999998,1.0,4.5,0.0,0.0,7.0,0.0,0.0,4.726641684111946,near,dense,-1.0,-1.0,115,2,4,2
46,9.0,-0.28161960999999996,0.01161018,-0.28122245,456.77666666666664,364.80999999999995,41.9415947131358,-22.67619589450884,0.5,12.666666666666666,35.34286256117551,4.7,0.5,1.0,4.7,0.0,0.0,5.0,0.0,0.0,6.949767565823663,near,dense,-1.0,-1.0,115,2,4,2
46,13.0,-0.3764315933333333,-0.05566809,-0.26185338333333336,274.5133333333333,-139.43166666666667,14.269133853516664,2.7596702738533945,0.5,24.0,21.240329726146605,6.900000000000001,0.8000000000000002,1.0,0.0,0.0,6.900000000000001,0.0,0.0,7.0,2.3535890514797413,near,dense,-1.0,-1.0,115,2,4,2
46,14.0,-0.34252009,-0.0113671,-0.2783441033333333,474.34999999999997,-117.37,26.568470429888595,1.9640763652934154,0.5,38.666666666666664,36.70259030137325,6.5,0.6,1.0,6.5,0.0,0.0,7.0,0.0,0.0,4.649876053819738,near,dense,-1.0,-1.0,115,2,4,2
46,15.0,-0.39396012,-0.09198595999999999,-0.27792882,178.05999999999997,-151.46333333333334,30.92139738792478,-0.11063538680128104,0.5,13.666666666666666,13.777302053467949,5.0,0.6,1.0,5.0,0.0,0.0,6.0,0.0,0.0,5.594089039378546,near,dense,-1.0,-1.0,115,2,4,2
46,19.0,-0.34046673666666666,-0.33962962999999996,-0.26528729333333334,-433.2516666666667,-127.28666666666668,27.35175149989325,16.855960969158772,0.5,-16.666666666666668,-33.52262763582544,1.7,0.6,1.0,0.0,0.5,1.2,0.0,1.0,1.0,5.801726456471296,near,dense,-1.0,-1.0,115,2,4,2
46,25.0,-0.36827690333333335,-0.07596012,-0.24686615666666667,488.67666666666673,-206.57333333333335,13.9803158809857,-7.477775524066078,0.5,30.333333333333332,37.81110885739941,2.1,0.6,2.0,0.0,0.0,2.1,0.0,0.0,1.0,2.3184809504028867,far,dense,-1.0,-1.0,115,2,4,2
46,26.0,-0.34651571333333336,-0.20196631500000004,-0.259815085,111.97333333333336,-152.305,21.08510180537059,-0.8874343227554249,0.5,3.1666666666666665,4.054100989422093,2.3,0.6999999999999998,2.0,0.0,0.0,2.3,0.0,0.0,4.0,3.5618430759369564,far,dense,-1.0,-1.0,115,2,4,2
46,27.0,-0.3649282366666666,-0.10218465333333333,-0.24461741333333334,183.57000000000002,-171.15666666666667,22.12411164846608,8.463031162032772,0.5,22.666666666666668,14.203635504633894,6.3,0.6999999999999998,2.0,5.599999999999999,0.0,0.6999999999999998,6.0,0.0,1.0,3.828164391064299,far,dense,-1.0,-1.0,115,2,4,2
46,29.0,-0.3675866033333333,-0.0849915,-0.2806511,423.0333333333333,-212.9333333333333,25.347641662392686,-8.398655951282663,0.5,24.333333333333332,32.731989284616,6.5,0.8000000000000002,2.0,6.5,0.0,0.0,6.0,0.0,0.0,4.443274347543135,far,dense,-1.0,-1.0,115,2,4,2
46,30.0,-0.3874401166666666,-0.09134168999999999,-0.24196218,175.84333333333333,-154.52666666666667,27.47673655833083,5.727544737230997,0.5,19.333333333333332,13.605788596102336,3.7999999999999994,0.6999999999999998,2.0,3.7999999999999994,0.0,0.0,5.0,0.0,0.0,4.797691299570096,far,dense,-1.0,-1.0,115,2,4,2
46,31.0,-0.36299969666666665,-0.06919112333333334,-0.25615963,331.53333333333336,-180.18999999999997,23.60754365122848,8.347776737468228,0.5,34.0,25.652223262531773,8.3,0.6,2.0,7.900000000000001,0.0,0.4000000000000001,6.0,0.0,1.0,6.440761436414188,far,dense,-1.0,-1.0,115,2,4,2
46,32.0,-0.3691211033333333,-0.059829143333333334,-0.26560623666666666,435.0666666666666,-170.22333333333333,19.105964714080297,-3.6630623388864514,0.5,30.0,33.663062338886455,8.9,0.6,2.0,8.9,0.0,0.0,6.0,0.0,0.0,3.3503893381656265,far,dense,-1.0,-1.0,115,2,4,2
46,33.0,-0.3497755,-0.038784926666666664,-0.2673620033333333,631.7399999999999,-192.20666666666668,28.439676536595854,-17.688930778981344,0.5,31.0,48.68893077898135,4.6,0.5,2.0,4.6,0.0,0.0,5.0,0.0,0.0,4.801746863090002,far,dense,-1.0,-1.0,115,2,4,2
46,34.0,-0.34749299333333333,-0.047893523333333334,-0.26575249333333334,504.75666666666666,-129.47666666666666,40.35434821010915,3.2780426438561747,0.5,42.333333333333336,39.055290689477154,8.3,0.6,2.0,8.3,0.0,0.0,7.0,0.0,0.0,6.4855474511257905,far,dense,-1.0,-1.0,115,2,4,2
46,37.0,-0.35581130833333335,-0.07159471499999999,-0.27434991166666667,340.62833333333333,-146.45333333333335,20.332274579827285,-1.8559442676777385,0.5,24.5,26.35594426767774,4.6,0.6,2.0,0.0,0.0,4.6,0.0,0.0,6.0,3.627383246132679,far,dense,-1.0,-1.0,115,2,4,2
46,38.0,-0.34043728666666667,-0.05955621333333333,-0.2755699733333333,332.5566666666667,-163.79666666666665,40.059249963019994,6.601930173942551,0.5,32.333333333333336,25.731403159390783,3.9,0.6999999999999998,2.0,3.9,0.0,0.0,4.0,0.0,0.0,6.921215187377672,far,dense,-1.0,-1.0,115,2,4,2
46,39.0,-0.35839449,-0.07743627333333333,-0.24735722000000002,287.6066666666666,-148.46333333333334,35.09754717408642,7.413246924682297,0.5,29.666666666666668,22.253419741984374,4.2,0.9,2.0,4.2,0.0,0.0,4.0,0.0,0.0,5.962425180971397,far,dense,-1.0,-1.0,115,2,4,2
46,40.0,-0.3511834333333333,-0.34398896333333334,-0.2850941433333333,-464.1233333333333,-116.14,49.49196466220348,17.577973829396772,0.5,-18.333333333333332,-35.911307162730104,2.1,0.6,2.0,2.1,0.0,0.0,2.0,0.0,0.0,7.6353782226038724,far,dense,-1.0,-1.0,115,2,4,2
46,44.0,-0.36546973,-0.3026062033333334,-0.2497195733333333,-300.46,-87.99,-38.754197857474004,9.247939879731437,-0.5,-14.0,-23.247939879731437,0.5,0.8000000000000002,2.0,0.5,0.0,0.0,1.0,0.0,0.0,5.754165813383669,far,dense,-1.0,-1.0,115,2,4,2
46,45.0,-0.33779903333333333,-0.31071645,-0.26452889,-295.61,-32.89333333333334,-27.946347143403553,8.206006926648287,-0.5,-14.666666666666666,-22.872673593314953,3.1,0.6,2.0,2.5,0.6,0.0,2.0,1.0,0.0,3.8515731180502777,far,dense,-1.0,-1.0,115,2,4,2
46,46.0,-0.33927642333333335,-0.25747270666666666,-0.2686516033333333,-103.49666666666671,-109.62666666666667,-15.79166687146443,3.0080020116463806,-0.5,-5.0,-8.008002011646381,3.5,0.6999999999999998,2.0,3.5,0.0,0.0,6.0,0.0,0.0,2.9956239999082594,far,dense,-1.0,-1.0,115,2,4,2
46,54.0,-0.33854220333333335,-0.10928233666666666,-0.27020551666666665,10.446666666666678,-115.33333333333333,16.17665191264492,24.19169447310703,0.5,25.0,0.8083055268929691,7.099999999999999,0.5,3.0,7.099999999999999,0.0,0.0,3.0,0.0,0.0,8.519712952659573,near,non_dense,-1.0,-1.0,115,2,4,2
46,55.0,-0.37241416,-0.14120390666666668,-0.27625509333333337,37.636666666666684,195.48333333333335,-18.18320942032734,5.087882034413368,-0.5,8.0,2.9121179655866327,3.9,0.6999999999999998,3.0,3.9,0.0,0.0,6.0,0.0,0.0,6.3064599478687455,near,non_dense,-1.0,-1.0,115,2,4,2
46,61.0,-0.32707379833333333,-0.17466620666666666,-0.28833361,29.261666666666674,-76.06333333333333,34.39486873374383,7.569226738620532,0.5,9.833333333333334,2.264106594712801,7.099999999999999,0.6999999999999998,3.0,0.0,0.0,7.099999999999999,0.0,0.0,6.0,13.7756785091215,near,non_dense,-1.0,-1.0,115,2,4,2
46,65.0,-0.3358970766666667,-0.29994108333333336,-0.27177097333333333,-273.8933333333333,-108.03666666666668,-26.218283477050992,6.525690874412265,-0.5,-14.666666666666666,-21.19235754107893,4.8,0.6999999999999998,3.0,4.8,0.0,0.0,6.0,0.0,0.0,8.666641061321101,near,non_dense,-1.0,-1.0,115,2,4,2
46,66.0,-0.32330789,-0.27385309666666663,-0.2701005733333333,-484.0333333333333,-152.64,33.00909941518663,22.451833299338812,0.5,-15.0,-37.45183329933881,4.3,0.5,3.0,4.3,0.0,0.0,7.0,0.0,0.0,11.784666840367601,near,non_dense,-1.0,-1.0,115,2,4,2
46,70.0,-0.33063172333333335,-0.30086273,-0.28329028666666667,-349.3566666666666,-87.27666666666666,45.483145412301184,12.031294625740676,0.5,-15.0,-27.031294625740674,5.7,0.6999999999999998,3.0,3.7000000000000006,0.6,1.3999999999999997,4.0,1.0,1.0,13.126123224500075,near,non_dense,-1.0,-1.0,115,2,4,2
46,73.0,-0.36555308999999997,-0.29956359666666665,-0.26234606666666666,-227.41666666666666,-100.49333333333334,11.90624645393959,2.596249065817716,0.5,-15.0,-17.596249065817716,7.5,0.6999999999999998,4.0,6.099999999999999,0.0,1.3999999999999997,3.0,0.0,1.0,4.0441433890094665,far,non_dense,-1.0,-1.0,115,2,4,2
46,74.0,-0.370131225,-0.26245959,-0.2804464,-194.88,-94.05,21.565318364343554,5.0787410096587315,0.5,-10.0,-15.078741009658732,5.8,0.7,4.0,5.8,0.0,0.0,3.0,0.0,0.0,6.344459728157947,far,non_dense,-1.0,-1.0,115,2,4,2
46,75.0,-0.3699137125,-0.26408904,-0.2696804975,-289.6625,-117.74499999999999,-16.918351789691965,13.162488801879476,-0.5,-9.25,-22.412488801879476,7.4,0.7,4.0,6.7,0.0,0.7,5.0,0.0,1.0,5.358656418792137,far,non_dense,-1.0,-1.0,115,2,4,2
46,77.0,-0.3483973533333333,-0.27471535333333336,-0.26759830333333334,-270.93333333333334,-164.03666666666666,-11.627333157604811,12.296662377960141,-0.5,-8.666666666666666,-20.963329044626807,7.8,0.6999999999999998,4.0,7.8,0.0,0.0,4.0,0.0,0.0,3.8433640898518546,far,non_dense,-1.0,-1.0,115,2,4,2
46,78.0,-0.34624016333333335,-0.28908813,-0.27544556000000003,-378.9533333333333,-82.53,18.37546798048262,18.32132167528842,0.5,-11.0,-29.32132167528842,2.5,0.6999999999999998,4.0,1.8,0.0,0.6999999999999998,3.0,0.0,1.0,5.658647815137084,far,non_dense,-1.0,-1.0,115,2,4,2
46,79.0,-0.31178358,-0.35243320333333333,-0.31880215666666667,-392.21000000000004,-106.28000000000002,-27.975206807299305,2.347049524826822,-0.5,-28.0,-30.347049524826826,4.4,0.6999999999999998,4.0,3.6,0.0,0.8000000000000002,4.0,0.0,1.0,8.090060475746299,far,non_dense,-1.0,-1.0,115,2,4,2
46,80.0,-0.38172724666666663,-0.09283265,-0.25523372666666666,222.17,-149.24666666666667,-35.82769063862997,3.809709102443142,-0.5,21.0,17.19029089755686,3.1,0.5,4.0,2.6,0.0,0.5,3.0,0.0,1.0,15.552968911177771,far,non_dense,-1.0,-1.0,115,2,4,2
46,82.0,-0.36845370000000005,-0.060064246666666675,-0.34945767,225.18999999999997,95.30333333333334,23.461989746465722,-5.090628530198323,0.5,12.333333333333334,17.423961863531655,8.2,1.0,4.0,7.400000000000001,0.4000000000000001,0.4000000000000001,7.0,1.0,1.0,7.038660695566577,far,non_dense,-1.0,-1.0,115,2,4,2
46,85.0,-0.39343332333333336,-0.072202195,-0.2546584533333333,47.53666666666667,-162.58,8.602470372615791,17.655207896504802,0.5,21.333333333333332,3.67812543682853,7.7,0.6999999999999998,4.0,0.0,0.0,7.7,0.0,0.0,9.0,3.530187482201489,far,non_dense,-1.0,-1.0,115,2,4,2
46,87.0,-0.4002872333333333,-0.06560895,-0.25390353,23.50333333333333,-197.13666666666668,47.141891807803724,14.514774855310897,0.5,16.333333333333332,1.818558478022436,6.400000000000001,0.9,4.0,5.7,0.0,0.6999999999999998,4.0,0.0,1.0,14.248247246191951,far,non_dense,-1.0,-1.0,115,2,4,2
46,91.0,-0.30619357333333336,-0.2571461133333333,-0.27573272,-334.13666666666666,-158.48666666666668,-19.6628192906899,17.853654856821308,-0.5,-8.0,-25.853654856821308,6.7,0.9,4.0,6.3,0.4000000000000001,0.0,6.0,1.0,0.0,6.626511017933886,far,non_dense,-1.0,-1.0,115,2,4,2
46,92.0,-0.29090609333333334,-0.24194854333333335,-0.26384413,-426.03999999999996,-92.07666666666667,-9.76665834181032,21.2979619240302,-0.5,-11.666666666666666,-32.96462859069687,8.7,0.6999999999999998,4.0,8.7,0.0,0.0,9.0,0.0,0.0,3.226762152319658,far,non_dense,-1.0,-1.0,115,2,4,2
46,93.0,-0.39304263666666667,-0.022648856666666665,-0.32761908666666667,226.11333333333332,-60.576666666666675,-11.249984602584048,9.504595688813797,-0.5,27.0,17.495404311186203,9.0,0.6999999999999998,4.0,5.8,0.6,2.6,2.0,1.0,2.0,3.8805920426871956,far,non_dense,-1.0,-1.0,115,2,4,2
46,94.0,-0.2686118766666667,-0.2706977933333334,-0.2687588733333333,-429.65333333333336,-106.03333333333335,-14.910338270562791,18.244208421951488,-0.5,-15.0,-33.24420842195149,8.7,0.8000000000000002,4.0,6.900000000000001,0.0,1.8,7.0,0.0,2.0,5.172098004816621,far,non_dense,-1.0,-1.0,115,2,4,2
50,3.0,-0.35924665333333333,0.062082176666666676,-0.3598427766666667,540.6966666666666,-84.72666666666665,-23.61569681731055,-2.4872201347426945,-0.5,41.666666666666664,44.153886801409364,1.3,2.9,1.0,0.0,0.0,1.3,0.0,0.0,1.0,5.135672034752683,near,dense,0.0,0.0,117,1,1,1
50,6.0,-0.383828315,0.049448581666666665,-0.325965225,459.70000000000005,-74.25333333333333,12.917967117550495,-2.539609570260376,0.5,35.0,37.539609570260374,8.3,2.0,1.0,6.8,1.5,0.0,5.0,1.0,0.0,2.0259097876871346,near,dense,0.0,0.0,117,1,1,1
50,7.0,-0.3727953933333333,0.07835546,-0.3306017433333333,504.6466666666667,-83.76666666666667,21.109430813009514,2.7899960026103963,0.5,44.0,41.210003997389606,6.900000000000001,2.6,1.0,6.900000000000001,0.0,0.0,5.0,0.0,0.0,2.939229320739928,near,dense,0.0,0.0,117,1,1,1
50,13.0,-0.38499952000000004,0.04312054666666667,-0.33845152166666664,185.7933333333333,-102.80499999999999,13.22809785416859,17.30204363864048,0.5,33.5,16.19795636135952,3.6,2.5,1.0,0.0,0.0,3.6,0.0,0.0,6.0,2.1199623552810483,near,dense,0.0,0.0,117,1,1,1
50,16.0,-0.36277631000000005,0.050866031666666665,-0.33409254666666666,622.8466666666667,323.32,37.5967911278078,-14.379231405217416,0.5,37.5,51.87923140521741,1.2,2.6,1.0,1.2,0.0,0.0,2.0,0.0,0.0,5.900976920630659,near,dense,0.0,0.0,117,1,1,1
50,17.0,-0.34820511666666665,-0.17257454333333333,-0.31144768,-400.1466666666667,-20.606666666666666,17.942906107877885,25.00975194875163,0.5,-7.666666666666667,-32.6764186154183,5.1,1.8,1.0,3.9,1.2,0.0,5.0,1.0,0.0,2.613039680595656,near,dense,0.0,0.0,117,1,1,1
50,28.0,-0.3744250433333334,0.0056595966666666666,-0.36864988,409.9233333333334,-52.54,-37.066509068380675,-4.474792010165409,-0.5,29.0,33.47479201016541,1.5,2.4,2.0,1.5,0.0,0.0,3.0,0.0,0.0,5.108685640977963,far,dense,0.0,0.0,117,1,1,1
50,30.0,-0.38218225933333333,-0.00082867382,-0.31298325666666665,333.1133333333333,-69.13333333333333,23.944272728470008,5.46426406501051,0.5,32.666666666666664,27.202402601656157,7.599999999999999,1.5,2.0,7.2,0.4000000000000001,0.0,5.0,1.0,0.0,4.285847839549578,far,dense,0.0,0.0,117,1,1,1
50,31.0,-0.38112926666666663,0.015697366666666667,-0.3524788033333333,406.33666666666664,-46.40333333333333,22.037952127082722,-4.181900850005877,0.5,29.0,33.18190085000588,11.300000000000002,1.8999999999999997,2.0,10.1,0.6999999999999998,0.5,6.0,1.0,1.0,6.041579261633835,far,dense,0.0,0.0,117,1,1,1
50,32.0,-0.3695766833333333,0.041447663333333336,-0.3473394733333333,443.2233333333333,-85.89666666666666,17.104350692854876,5.8058932221825,0.5,42.0,36.1941067778175,8.9,2.0,2.0,6.5,1.1,1.3,4.0,1.0,1.0,3.0128617909170283,far,dense,0.0,0.0,117,1,1,1
50,37.0,-0.37140458666666665,0.039058333333333334,-0.33139109166666664,297.79,-25.471666666666675,18.285841338111023,16.182139800026455,0.5,40.5,24.31786019997355,6.599999999999999,3.2999999999999994,2.0,0.0,0.0,6.599999999999999,0.0,0.0,7.0,3.32585563499552,far,dense,0.0,0.0,117,1,1,1
50,38.0,-0.37677274,0.034261066666666666,-0.3164478533333333,159.58999999999997,-48.05999999999998,34.01566224937863,25.63437105797001,0.5,38.666666666666664,13.032295608696657,3.9,2.0,2.0,3.9,0.0,0.0,7.0,0.0,0.0,6.267036187179692,far,dense,0.0,0.0,117,1,1,1
50,39.0,-0.37307102333333336,0.011775696666666668,-0.3003743466666667,240.45000000000005,-31.426666666666677,24.924408769078227,20.697920844385955,0.5,40.333333333333336,19.635412488947377,4.8,1.0,2.0,4.8,0.0,0.0,6.0,0.0,0.0,4.587935959489444,far,dense,0.0,0.0,117,1,1,1
50,40.0,-0.3980070766666666,-0.006203886666666666,-0.28537509,453.85666666666674,-58.39000000000001,37.39243083210938,-7.062436518439145,0.5,30.0,37.06243651843914,0.8000000000000002,1.8999999999999997,2.0,0.8000000000000002,0.0,0.0,2.0,0.0,0.0,6.547955476636932,far,dense,0.0,0.0,117,1,1,1
50,41.0,-0.35886625333333333,-0.16652979333333331,-0.3291501333333333,-226.23666666666668,-19.283333333333324,27.655065608223634,15.4747359955271,0.5,-3.0,-18.4747359955271,5.0,1.2,2.0,5.0,0.0,0.0,6.0,0.0,0.0,6.690689912663198,far,dense,0.0,0.0,117,1,1,1
50,43.0,-0.2924491533333333,-0.1824912333333333,-0.27466291,-524.7166666666667,52.02666666666668,-48.7411831614474,28.515609024019557,-0.5,-14.333333333333334,-42.84894235735289,2.7999999999999994,2.1,2.0,2.7999999999999994,0.0,0.0,3.0,0.0,0.0,7.317145191149255,far,dense,0.0,0.0,117,1,1,1
50,44.0,-0.3478142633333334,-0.17945617,-0.30935083,-84.00666666666666,-30.70333333333332,-29.685594441076375,-1.139922845408585,-0.5,-8.0,-6.860077154591415,1.0,1.6000000000000003,2.0,0.5,0.5,0.0,1.0,1.0,0.0,4.202705155593006,far,dense,0.0,0.0,117,1,1,1
50,45.0,-0.35980139000000005,-0.15757743,-0.2915337966666667,-242.57666666666668,-16.75,-26.022302025145525,18.47574510373837,-0.5,-1.3333333333333333,-19.8090784370717,2.2,2.3,2.0,2.2,0.0,0.0,1.0,0.0,0.0,3.5742610851175267,far,dense,0.0,0.0,117,1,1,1
50,49.0,-0.3901660983333333,0.02141259333333333,-0.311123645,235.13833333333332,194.27,21.645435823672937,17.798344075842778,0.5,37.0,19.201655924157222,8.4,1.1,3.0,0.0,0.0,8.4,0.0,0.0,7.0,9.023042952507309,near,non_dense,0.0,0.0,117,1,1,1
50,52.0,-0.37252233333333334,-0.13551279666666668,-0.29746447,185.42333333333332,-10.24666666666667,-47.34803952891227,-15.141874132150491,-0.5,0.0,15.141874132150491,2.7000000000000006,2.6,3.0,1.5,1.2,0.0,2.0,1.0,0.0,14.757366040145376,near,non_dense,0.0,0.0,117,1,1,1
50,55.0,-0.3917511833333333,0.016017143333333334,-0.31751,84.28000000000002,76.83,-14.5767040804339,22.117602143612043,-0.5,29.0,6.882397856387961,3.7999999999999994,1.3,3.0,2.7000000000000006,1.1,0.0,4.0,1.0,0.0,4.759913398558713,near,non_dense,0.0,0.0,117,1,1,1
50,57.0,-0.39265064,0.00434998,-0.30033823666666665,86.85333333333335,8.329999999999984,11.294737633864713,22.907460902307992,0.5,30.0,7.092539097692007,13.4,2.5,3.0,13.4,0.0,0.0,5.0,0.0,0.0,4.341565872640446,near,non_dense,0.0,0.0,117,1,1,1
50,59.0,-0.37624002,0.055131528333333325,-0.33284400333333336,374.56,58.064999999999976,10.29968714065366,6.079683502349224,0.5,36.666666666666664,30.586983164317445,6.8,3.0,3.0,0.0,2.3,4.5,0.0,2.0,4.0,3.8371052951925555,near,non_dense,0.0,0.0,117,1,1,1
50,61.0,-0.36859176499999996,0.0025374233333333323,-0.30352402,82.93166666666666,38.46333333333333,19.722607145964503,29.22770853235231,0.5,36.0,6.77229146764769,11.6,2.3,3.0,0.0,0.0,11.6,0.0,0.0,5.0,8.384213815744657,near,non_dense,0.0,0.0,117,1,1,1
50,64.0,-0.34113783166666667,-0.12784742833333332,-0.33170273833333336,0.6683333333333318,7.61166666666666,-29.23873445662483,-0.054576837929353715,-0.5,0.0,0.054576837929353715,1.5,0.5,3.0,0.0,0.0,1.5,0.0,0.0,3.0,8.07895510215741,near,non_dense,0.0,0.0,117,1,1,1
50,65.0,-0.38647431,0.02566237,-0.32383755,25.149999999999977,2.5600000000000023,-44.1224952063983,26.94622323103753,-0.5,29.0,2.05377676896247,3.2,2.4,3.0,3.2,0.0,0.0,3.0,0.0,0.0,13.765015086313706,near,non_dense,0.0,0.0,117,1,1,1
50,66.0,-0.368393726,-0.10417291799999999,-0.33107514400000004,64.732,-18.984,19.900503067230968,1.5139134072175444,0.5,6.8,5.286086592782455,8.3,2.2,3.0,7.8,0.5,0.0,10.0,1.0,0.0,7.307398091714381,near,non_dense,0.0,0.0,117,1,1,1
50,73.0,-0.3911329416666667,0.013704808333333334,-0.3575864283333334,265.71,-31.063333333333333,6.796130473314277,0.6351613539687785,0.5,22.333333333333332,21.698171979364556,11.1,1.6000000000000003,4.0,0.0,0.0,11.1,0.0,0.0,10.0,2.6391035014517787,far,non_dense,0.0,0.0,117,1,1,1
50,74.0,-0.3429526366666667,-0.0722622,-0.3452027133333333,155.77666666666664,-21.27666666666666,15.032292727471125,-11.720894598266826,0.5,1.0,12.720894598266826,7.2,1.8,4.0,6.2,0.6,0.4000000000000001,6.0,1.0,1.0,4.801732001831602,far,non_dense,0.0,0.0,117,1,1,1
50,75.0,-0.34360267000000005,-0.06645230666666667,-0.3474669733333333,262.16333333333336,-42.46999999999999,-17.28409236896142,-19.74188059670371,-0.5,1.6666666666666667,21.408547263370377,2.2,1.8999999999999997,4.0,2.2,0.0,0.0,4.0,0.0,0.0,5.487952960297416,far,non_dense,0.0,0.0,117,1,1,1
50,76.0,-0.3414868,-0.06577799333333334,-0.35993256,48.10999999999998,-25.439999999999998,-8.616713956735493,-3.9287157198721467,-0.5,0.0,3.9287157198721467,4.7,1.8,4.0,3.4,0.0,1.3,4.0,0.0,1.0,2.9792834423049794,far,non_dense,0.0,0.0,117,1,1,1
50,77.0,-0.36937652000000004,0.036450713333333336,-0.3673094133333333,308.5733333333333,-28.51333333333334,-11.639614088805054,3.801560893784759,-0.5,29.0,25.198439106215243,1.2,1.6000000000000003,4.0,1.2,0.0,0.0,2.0,0.0,0.0,3.6780485369145457,far,non_dense,0.0,0.0,117,1,1,1
50,78.0,-0.3529251133333333,-0.12124875333333333,-0.3371729266666667,94.16666666666667,-38.14666666666665,15.164136833535006,-7.689753972589774,0.5,0.0,7.689753972589774,8.1,1.5,4.0,6.599999999999999,0.5,1.0,4.0,1.0,1.0,5.028589838843832,far,non_dense,0.0,0.0,117,1,1,1
50,80.0,-0.3309183133333333,-0.13006341,-0.33578100666666666,202.17,-78.26,-40.56439902035654,-16.509425422709466,-0.5,0.0,16.509425422709466,2.6,1.8,4.0,2.6,0.0,0.0,3.0,0.0,0.0,16.884054272456073,far,non_dense,0.0,0.0,117,1,1,1
50,85.0,-0.40647827999999997,0.008018845,-0.346356745,260.43333333333334,-45.18333333333334,8.150003211419092,0.39939311344758543,0.5,21.666666666666668,21.26727355321908,12.4,1.6000000000000003,4.0,0.0,0.0,12.4,0.0,0.0,6.0,3.311159404982386,far,non_dense,0.0,0.0,117,1,1,1
50,86.0,-0.4100454633333333,0.020824386666666667,-0.3601253133333333,92.56999999999998,-23.359999999999996,17.291393174877587,21.4406315903437,0.5,29.0,7.559368409656304,9.3,1.3999999999999997,4.0,8.0,0.8000000000000002,0.5,4.0,1.0,1.0,6.032661799959058,far,non_dense,0.0,0.0,117,1,1,1
50,87.0,-0.38163609333333337,0.00572703,-0.30888821666666666,91.11000000000001,-29.49333333333334,27.92134578138062,24.559856802378892,0.5,32.0,7.440143197621109,11.0,1.0,4.0,8.6,0.0,2.4,5.0,0.0,1.0,8.710057065804106,far,non_dense,0.0,0.0,117,1,1,1
50,90.0,-0.417510385,-0.06795205833333333,-0.33212316166666667,262.43,-8.568333333333326,6.070065983997771,-17.263656891139362,0.5,4.166666666666667,21.43032355780603,9.2,2.0,4.0,0.0,0.9,8.3,0.0,1.0,8.0,2.4095376562679642,far,non_dense,0.0,0.0,117,1,1,1
50,93.0,-0.38120254666666664,-0.13721181000000002,-0.30911306666666666,110.7033333333333,-8.98999999999999,-10.775661435533971,-9.04015643128067,-0.5,0.0,9.04015643128067,2.6,1.8999999999999997,4.0,2.1,0.0,0.5,3.0,0.0,1.0,3.600070725937826,far,non_dense,0.0,0.0,117,1,1,1
50,94.0,-0.38577178,-0.00416854,-0.3032593433333333,76.54,-1.6566666666666758,-14.017418838924259,24.08299242294019,-0.5,30.333333333333332,6.250340910393146,1.8999999999999997,0.9,4.0,1.8999999999999997,0.0,0.0,2.0,0.0,0.0,4.4060963313835115,far,non_dense,0.0,0.0,117,1,1,1
53,1.0,-0.32791094,-0.2935348988888889,-0.25085665999999995,-79.9877777777778,-110.97333333333333,-12.126730047157064,4.653558603134306,-0.5,-1.4444444444444444,-6.098003047578751,0.4,0.8999999999999999,1.0,0.0,0.0,0.4,0.0,0.0,1.0,1.6541468198936253,near,dense,0.0,0.0,118,2,2,2
53,6.0,-0.313580746,-0.132589612,-0.251594364,344.154,-137.976,13.51455428805387,1.7628397845118635,0.5,28.0,26.23716021548814,9.9,7.1,1.0,8.9,1.0,0.0,6.0,1.0,0.0,2.1025980742544683,near,dense,0.0,0.0,118,2,2,2
53,7.0,-0.2893190175,-0.1122791175,-0.24108089,398.21250000000003,-137.4,19.63851645712822,12.391598928648023,0.5,42.75,30.358401071351977,8.0,5.9,1.0,8.0,0.0,0.0,6.0,0.0,0.0,2.739907667373285,near,dense,0.0,0.0,118,2,2,2
53,8.0,-0.24103333333333332,-0.09209387666666667,-0.24972711,223.44333333333336,-109.90666666666668,32.55679766082475,27.965420899511884,0.5,45.0,17.03457910048812,8.9,8.0,1.0,8.9,0.0,0.0,6.0,0.0,0.0,5.486765799217203,near,dense,0.0,0.0,118,2,2,2
53,13.0,-0.31102126333333335,-0.14245364000000002,-0.2563988366666667,151.4066666666667,-93.40333333333335,14.514549234335265,10.790590924335207,0.5,22.333333333333332,11.542742408998128,8.8,5.8,1.0,0.0,0.0,8.8,0.0,0.0,4.0,2.421810360381372,near,dense,0.0,0.0,118,2,2,2
53,14.0,-0.27249229,-0.11513775,-0.25765553,390.8299999999999,-96.38,27.356535897900294,11.204416258363324,0.5,41.0,29.79558374163668,8.1,8.7,1.0,6.9,1.2,0.0,4.0,1.0,0.0,4.798417744150861,near,dense,0.0,0.0,118,2,2,2
53,15.0,-0.259214964,-0.105859904,-0.252144952,136.724,-146.212,27.09240307104608,11.576615430004008,0.5,22.0,10.42338456999599,7.6,6.4,1.0,6.2,1.4,0.0,3.0,2.0,0.0,4.76684661003453,near,dense,0.0,0.0,118,2,2,2
53,17.0,-0.27886804666666665,-0.27402746166666664,-0.27515510000000004,-82.28833333333334,-69.76833333333333,16.268778385224365,5.440056444301561,0.5,-0.8333333333333334,-6.273389777634896,3.5,8.1,1.0,3.5,0.0,0.0,4.0,0.0,0.0,2.3043070424660588,near,dense,0.0,0.0,118,2,2,2
53,22.0,-0.27838710499999997,-0.2622894333333334,-0.2769784583333333,59.85833333333335,60.61166666666665,21.174873225819734,-1.2300675915397192,0.5,3.3333333333333335,4.563400924873052,6.3,3.0,1.0,6.3,0.0,0.0,4.0,0.0,0.0,3.670044524735875,near,dense,0.0,0.0,118,2,2,2
53,29.0,-0.26908118999999997,-0.14073015500000002,-0.25215347499999996,370.655,-142.49,11.299226698593934,16.742491385624593,0.5,45.0,28.25750861437541,7.4,8.9,2.0,5.7,1.7,0.0,3.0,3.0,0.0,1.9451158650668257,far,dense,0.0,0.0,118,2,2,2
53,30.0,-0.2697893,-0.13087263,-0.2581060525,189.05,-114.88,18.95627179329435,26.83745463153695,0.5,41.25,14.41254536846305,6.3,8.5,2.0,5.0,1.3,0.0,5.0,1.0,0.0,3.2245869774626232,far,dense,0.0,0.0,118,2,2,2
53,31.0,-0.282788635,-0.14029572,-0.261898895,55.795000000000016,-109.17,11.67645810352301,27.746374139997904,0.5,32.0,4.253625860002095,10.7,10.5,2.0,7.7,3.0,0.0,2.0,1.0,0.0,3.2531835707377184,far,dense,0.0,0.0,118,2,2,2
53,32.0,-0.2780721,-0.1441866066666667,-0.2546242083333333,347.99166666666673,-130.665,15.959178006037371,18.470268798305188,0.5,45.0,26.529731201694812,8.0,7.7,2.0,6.5,1.5,0.0,4.0,2.0,0.0,2.7891677970903586,far,dense,0.0,0.0,118,2,2,2
53,34.0,-0.26546285555555554,-0.10066272666666667,-0.2655833377777778,354.3311111111111,-130.71555555555557,24.464119621744256,7.542526122353703,0.5,34.55555555555556,27.01302943320185,4.1,0.4,2.0,1.5,0.0,2.6,3.0,0.0,3.0,4.089718090616113,far,dense,0.0,0.0,118,2,2,2
53,36.0,-0.23943853,-0.06146670333333334,-0.2684716816666667,245.53166666666667,-114.63333333333333,16.79792900102952,24.781479580916795,0.5,43.5,18.71852041908321,2.5,0.9,2.0,1.5,0.0,1.0,2.0,0.0,1.0,3.926955877592895,far,dense,0.0,0.0,118,2,2,2
53,37.0,-0.2832621066666667,-0.12567805666666668,-0.26503307444444446,167.67666666666665,-129.5922222222222,11.946753822168807,12.661331164539714,0.5,25.444444444444443,12.78311327990473,8.7,0.8,2.0,0.0,0.0,8.7,0.0,0.0,5.0,2.1245093360586345,far,dense,0.0,0.0,118,2,2,2
53,38.0,-0.26344058666666664,-0.059669596666666665,-0.28244841,442.6933333333333,-125.51333333333334,15.039958778098333,11.250527632992322,0.5,45.0,33.74947236700768,4.7,9.3,2.0,2.9,1.8,0.0,5.0,2.0,0.0,2.983947136146281,far,dense,0.0,0.0,118,2,2,2
53,40.0,-0.223002395,-0.090325205,-0.260886575,253.67666666666665,20.525000000000002,39.561865101521555,26.517305060982626,0.5,45.0,18.482694939017374,6.0,1.1,2.0,2.4,0.0,3.6,2.0,0.0,4.0,5.695419001030534,far,dense,0.0,0.0,118,2,2,2
53,42.0,-0.24190896333333334,-0.3952203266666667,-0.3017078733333333,-344.5,-71.64,-13.784744874086096,-7.069795224708525,-0.5,-33.333333333333336,-26.26353810862481,1.6000000000000003,10.9,2.0,1.1,0.5,0.0,1.0,1.0,0.0,1.8427936217520242,far,dense,0.0,0.0,118,2,2,2
53,43.0,-0.26923588000000004,-0.40079147666666665,-0.3120358233333333,-164.96083333333334,-67.37666666666667,-42.41535436587751,-16.840599518102064,-0.5,-29.416666666666668,-12.576067148564604,1.1,0.6,2.0,0.6999999999999998,0.0,0.4000000000000001,1.0,0.0,1.0,6.166264049947774,far,dense,0.0,0.0,118,2,2,2
53,45.0,-0.24189024666666667,-0.4016931133333333,-0.32644734000000003,-618.36,-98.99000000000001,-17.23569657554011,10.475050096320958,-0.5,-36.666666666666664,-47.14171676298762,3.2000000000000006,0.4000000000000001,2.0,0.8000000000000002,0.0,2.4,2.0,0.0,4.0,2.1806455103667735,far,dense,0.0,0.0,118,2,2,2
53,46.0,-0.3086609866666667,-0.3420781366666666,-0.28892013666666666,-71.85666666666668,-75.39333333333333,-13.420013519989672,-8.521885911875906,-0.5,-14.0,-5.478114088124094,5.5,0.6999999999999998,2.0,1.8999999999999997,1.8999999999999997,1.7,2.0,1.0,2.0,2.704187673999441,far,dense,0.0,0.0,118,2,2,2
53,47.0,-0.296296225,-0.36676036333333334,-0.29198088666666666,-242.215,-118.665,-14.759142871278675,-0.8676645873810599,-0.5,-19.333333333333332,-18.465668745952275,3.6,0.8000000000000002,2.0,0.6999999999999998,0.0,2.9,1.0,0.0,3.0,1.912057789283817,far,dense,0.0,0.0,118,2,2,2
53,49.0,-0.36158511666666665,-0.10725909500000001,-0.22249398,322.37833333333333,-8.639999999999995,29.703027373430725,0.4229444328158169,0.5,25.0,24.577055567184185,13.699999999999998,1.8999999999999997,3.0,0.0,0.0,13.699999999999998,0.0,0.0,10.0,12.550590104249475,near,non_dense,0.0,0.0,118,2,2,2
53,54.0,-0.41855010666666664,-0.33762724,-0.22879843333333336,-112.82333333333334,-101.02333333333333,15.871252590015018,-5.398723034710944,0.5,-14.0,-8.601276965289056,10.2,3.2999999999999994,3.0,4.5,5.7,0.0,4.0,1.0,0.0,8.318668172381757,near,non_dense,0.0,0.0,118,2,2,2
53,55.0,-0.3798580166666667,-0.12927274666666666,-0.19838513,294.02666666666664,-106.71666666666665,-16.144506058942213,-2.4156184759126944,-0.5,20.0,22.415618475912694,1.7,3.2000000000000006,3.0,1.7,0.0,0.0,2.0,0.0,0.0,5.702755513287947,near,non_dense,0.0,0.0,118,2,2,2
53,57.0,-0.36694188,-0.14763942,-0.21685217999999998,282.90333333333336,-246.67,14.177958668241288,-2.9009457456903376,0.5,18.666666666666668,21.567612412357004,16.0,3.2999999999999994,3.0,8.0,8.0,0.0,5.0,1.0,0.0,5.167154169500907,near,non_dense,0.0,0.0,118,2,2,2
53,59.0,-0.35606713,-0.11746872666666668,-0.20445576666666665,385.1333333333334,-167.06,15.777258930783276,-5.694622090667735,0.5,23.666666666666668,29.361288757334403,14.9,3.2000000000000006,3.0,6.8,8.1,0.0,2.0,1.0,0.0,5.655181141636738,near,non_dense,0.0,0.0,118,2,2,2
53,61.0,-0.3633907783333334,-0.134747175,-0.21699493333333333,220.6966666666667,-81.82166666666667,22.736440341513187,8.508150995317463,0.5,25.333333333333332,16.82518233801587,2.7000000000000006,2.9,3.0,0.0,0.0,2.7000000000000006,0.0,0.0,1.0,9.409815349433428,near,non_dense,0.0,0.0,118,2,2,2
53,64.0,-0.3671579166666667,-0.39525478166666667,-0.274347435,-266.74833333333333,-100.82833333333333,-28.378448361125667,-0.663991239732499,-0.5,-21.0,-20.3360087602675,6.8,2.0,3.0,0.0,1.3,5.5,0.0,1.0,3.0,7.801150382418125,near,non_dense,0.0,0.0,118,2,2,2
53,65.0,-0.3588663033333333,-0.15718342,-0.21937831333333332,274.5266666666667,-117.14333333333333,-29.923471323840634,-0.9290031112735567,-0.5,20.0,20.929003111273556,1.8999999999999997,3.5,3.0,1.8999999999999997,0.0,0.0,1.0,0.0,0.0,9.271975570638878,near,non_dense,0.0,0.0,118,2,2,2
53,66.0,-0.33156811,-0.4385340133333333,-0.27369055,-142.27999999999997,-40.71,37.912882257463146,-18.153044406109906,0.5,-29.0,-10.846955593890094,9.2,3.6,3.0,9.2,0.0,0.0,2.0,0.0,0.0,13.224203087874221,near,non_dense,0.0,0.0,118,2,2,2
53,68.0,-0.32903262833333335,-0.28292676666666666,-0.25268150333333333,133.17833333333337,-141.9,-35.587137024142294,-1.9864080292495565,-0.5,8.166666666666666,10.153074695916223,1.5,0.6999999999999998,3.0,0.0,0.0,1.5,0.0,0.0,2.0,9.749410054945313,near,non_dense,0.0,0.0,118,2,2,2
53,70.0,-0.3051915566666667,-0.11387788333333333,-0.2399431466666667,314.1233333333334,-133.90333333333334,9.850364372994795,12.052278270513051,0.5,36.0,23.947721729486947,10.0,1.3999999999999997,3.0,10.0,0.0,0.0,8.0,0.0,0.0,3.6969707618159933,near,non_dense,0.0,0.0,118,2,2,2
53,71.0,-0.3405729883333333,-0.4102311033333333,-0.26826888499999996,-108.56000000000002,-96.80666666666667,-27.062196392873243,-16.723745436655122,-0.5,-25.0,-8.276254563344876,7.7,4.8,3.0,6.5,1.2,0.0,5.0,1.0,0.0,7.279638951346616,near,non_dense,0.0,0.0,118,2,2,2
53,73.0,-0.36163787999999997,-0.18509849833333333,-0.23417421000000002,201.72333333333336,-136.25333333333333,8.87016367259683,-1.378718294336214,0.5,14.0,15.378718294336215,5.1,2.6,4.0,0.0,0.0,5.1,0.0,0.0,1.0,2.882820846774063,far,non_dense,0.0,0.0,118,2,2,2
53,74.0,-0.35095593333333336,-0.36354564666666667,-0.26003438333333334,-148.0533333333333,-131.08333333333334,17.455424433380532,-5.379571275929564,0.5,-16.666666666666668,-11.287095390737102,10.9,5.2,4.0,8.7,2.2,0.0,5.0,2.0,0.0,5.465895867787336,far,non_dense,0.0,0.0,118,2,2,2
53,75.0,-0.3542547833333334,-0.32453042000000004,-0.26456495333333335,-65.17,-134.84,-18.99776959439888,-6.698321881357295,-0.5,-11.666666666666666,-4.968344785309372,4.3,1.7,4.0,3.2999999999999994,0.6,0.4000000000000001,4.0,1.0,1.0,6.000839636229229,far,non_dense,0.0,0.0,118,2,2,2
53,76.0,-0.33793819333333336,-0.342530375,-0.2735587883333333,-21.609999999999996,-114.12833333333333,-8.099344926777531,-14.352525229238369,-0.5,-16.0,-1.6474747707616313,10.6,6.2,4.0,10.6,0.0,0.0,4.0,0.0,0.0,2.6158009045009933,far,non_dense,0.0,0.0,118,2,2,2
53,77.0,-0.345238205,-0.14027171500000002,-0.23691685,264.43000000000006,-127.08500000000001,-14.891942180193247,-2.159266711360404,-0.5,18.0,20.159266711360402,7.3,6.1,4.0,7.3,0.0,0.0,2.0,0.0,0.0,4.68726675287369,far,non_dense,0.0,0.0,118,2,2,2
53,80.0,-0.29529790666666667,-0.40499520666666666,-0.3018335733333333,-136.575,-99.185,-30.18340470173082,-17.754641362790228,-0.5,-28.166666666666668,-10.41202530387644,6.3,0.5,4.0,3.5,0.0,2.7999999999999994,1.0,0.0,3.0,12.158138207529959,far,non_dense,0.0,0.0,118,2,2,2
53,82.0,-0.31363917399999997,-0.135652192,-0.24645967600000002,286.856,-131.026,16.748816802388568,14.131049382619219,0.5,36.0,21.868950617380783,12.2,5.2,4.0,12.2,0.0,0.0,2.0,0.0,0.0,5.240394298070823,far,non_dense,0.0,0.0,118,2,2,2
53,83.0,-0.29308448000000004,-0.09189796666666666,-0.24248937666666667,391.69666666666666,-131.69666666666666,42.99376789376506,15.138344464379367,0.5,45.0,29.86165553562063,11.300000000000002,4.4,4.0,10.3,1.0,0.0,2.0,2.0,0.0,11.91733254748475,far,non_dense,0.0,0.0,118,2,2,2
53,85.0,-0.3639343016666667,-0.16202603166666665,-0.2320301183333333,167.77166666666665,-97.41833333333334,9.98507091035913,4.042977568318826,0.5,16.833333333333332,12.790355765014509,21.0,4.8,4.0,0.0,5.2,15.800000000000002,0.0,1.0,3.0,3.641625434063343,far,non_dense,0.0,0.0,118,2,2,2
53,86.0,-0.32831961666666665,-0.12903462333333335,-0.23872735,247.57000000000002,-105.62,25.283703943503895,12.792750470578873,0.5,31.666666666666668,18.87391619608779,3.7999999999999994,4.5,4.0,3.7999999999999994,0.0,0.0,1.0,0.0,0.0,7.961026389630199,far,non_dense,0.0,0.0,118,2,2,2
53,87.0,-0.32385598666666665,-0.10620357333333334,-0.23169646,367.41,-130.6,47.08637850809075,10.656546096304282,0.5,38.666666666666664,28.010120570362385,11.699999999999998,4.1,4.0,9.1,2.6,0.0,4.0,3.0,0.0,14.208850374199434,far,non_dense,0.0,0.0,118,2,2,2
53,89.0,-0.36746774,-0.15578965666666666,-0.23005825,223.72666666666666,-108.33666666666666,6.4582776880759445,-2.056179494675179,0.5,15.0,17.056179494675177,5.0,8.2,4.0,5.0,0.0,0.0,4.0,0.0,0.0,3.204836550664657,far,non_dense,0.0,0.0,118,2,2,2
53,91.0,-0.37273918333333333,-0.3325614433333333,-0.25697073,-83.88333333333333,-126.60333333333334,-26.545180671221335,-7.605012709206161,-0.5,-14.0,-6.394987290793839,6.599999999999999,5.0,4.0,5.0,1.6000000000000003,0.0,4.0,2.0,0.0,8.253448046498056,far,non_dense,0.0,0.0,118,2,2,2
53,92.0,-0.36517467000000003,-0.33512301333333333,-0.2738497366666667,-105.07333333333334,-154.79,-10.353874596249385,-4.9895573462982945,-0.5,-13.0,-8.010442653701705,10.0,4.9,4.0,6.7,3.2999999999999994,0.0,4.0,4.0,0.0,3.392101477811177,far,non_dense,0.0,0.0,118,2,2,2
53,93.0,-0.3434580966666667,-0.34543821999999996,-0.27763674666666666,-122.61333333333334,-116.99666666666667,-12.237870855572003,-6.652365884976729,-0.5,-16.0,-9.34763411502327,7.099999999999999,5.7,4.0,6.5,0.6,0.0,4.0,1.0,0.0,4.152606687753781,far,non_dense,0.0,0.0,118,2,2,2
56,4.0,-0.27453831666666667,-0.09028944333333333,-0.2914590833333333,5.446666666666677,-60.81333333333333,16.06326276733184,29.235666085331818,0.5,29.666666666666668,0.4310005813348498,2.5,1.0,1.0,0.9,0.0,1.6000000000000003,1.0,0.0,2.0,2.437235075108257,near,dense,0.0,0.0,122,2,3,2
56,5.0,-0.32067409999999996,-0.11564309333333334,-0.39570190666666666,21.209999999999997,-28.213333333333335,22.30751775767779,0.9882965938186595,0.5,2.6666666666666665,1.678370072848007,7.900000000000001,1.0,1.0,3.2999999999999994,2.4,2.2,5.0,2.0,2.0,3.504007613610175,near,dense,0.0,0.0,122,2,3,2
56,7.0,-0.3637698200000001,-0.09441822,-0.2691805233333333,243.65666666666667,157.95333333333335,12.271411998117946,-5.614146977050257,0.5,13.666666666666666,19.28081364371692,2.3,0.9,1.0,0.0,0.0,2.3,0.0,0.0,5.0,1.485987796970676,near,dense,0.0,0.0,122,2,3,2
56,8.0,-0.36715542333333334,-0.0691312,-0.25772772,213.03666666666663,-61.81333333333333,15.570809270132047,3.142179832502127,0.5,20.0,16.857820167497874,3.7000000000000006,1.0,1.0,0.6999999999999998,0.9,2.1,1.0,1.0,3.0,2.4273910567334736,near,dense,0.0,0.0,122,2,3,2
56,9.0,-0.3100233966666666,-0.10428040999999999,-0.25306435,49.936666666666646,-47.163333333333334,15.502447784097981,24.38179128377558,0.5,28.333333333333332,3.951542049557754,5.5,0.9,1.0,0.6,0.8000000000000002,4.1,1.0,1.0,6.0,2.4161005905945574,near,dense,0.0,0.0,122,2,3,2
56,10.0,-0.38269631000000004,-0.03469651666666667,-0.2896027133333334,412.6933333333333,241.5566666666667,18.354794309113558,-3.5780897457788434,0.5,23.333333333333332,26.91142307911218,3.0,0.9,1.0,0.0,0.0,3.0,0.0,0.0,4.0,2.9398301530648197,near,dense,0.0,0.0,122,2,3,2
56,14.0,-0.3983868466666667,-0.03405105666666667,-0.24290546333333332,21.379999999999995,-36.836666666666666,15.021703981841938,24.641510977958962,0.5,26.333333333333332,1.69182235537437,2.4,1.1,1.0,1.2,0.0,1.2,1.0,0.0,1.0,2.3891526541786785,near,dense,0.0,0.0,122,2,3,2
56,15.0,-0.4224470066666666,-0.060009603333333335,-0.41399956666666665,359.71999999999997,-111.07,14.018837806197254,-24.46502982578431,0.5,4.0,28.46502982578431,3.2999999999999994,2.9,1.0,0.0,1.0,2.3,0.0,1.0,4.0,2.3240600009517283,near,dense,0.0,0.0,122,2,3,2
56,17.0,-0.22640494,-0.08423454000000001,-0.38488716666666667,218.3466666666666,-74.90666666666665,12.982726691073205,22.055327164570826,0.5,39.333333333333336,17.278006168762506,1.8,2.4,1.0,0.5,0.0,1.3,1.0,0.0,2.0,1.6985071098715039,near,dense,0.0,0.0,122,2,3,2
56,19.0,-0.22002038333333332,-0.13393765666666668,-0.3660274266666667,373.43,-32.403333333333336,15.564869965549699,-5.216583512665312,0.5,24.333333333333332,29.54991684599865,4.6,2.1,1.0,0.4000000000000001,0.0,4.2,1.0,0.0,7.0,3.035083390529859,near,dense,0.0,0.0,122,2,3,2
56,21.0,-0.14267258000000002,-0.37282633000000004,-0.39826289,-667.6366666666667,-34.86666666666667,-26.85533158666968,5.934561968740513,-0.5,-45.0,-50.93456196874052,1.1,2.4,1.0,1.1,0.0,0.0,2.0,0.0,0.0,3.8812170748138484,near,dense,0.0,0.0,122,2,3,2
56,23.0,-0.223743895,-0.3788723383333334,-0.350611245,-251.00333333333333,-51.215,-14.8116772246632,-14.008691385719763,-0.5,-33.833333333333336,-19.82464194761357,1.2,0.6999999999999998,1.0,0.4000000000000001,0.0,0.8000000000000002,1.0,0.0,1.0,2.2554638441102313,near,dense,0.0,0.0,122,2,3,2
56,25.0,-0.3390720616666667,-0.12786336083333333,-0.5634477466666666,136.94833333333335,-57.00083333333333,14.633897697087065,-7.791818136810758,0.5,3.25,11.04181813681076,2.1,0.5,2.0,0.0,0.0,2.1,0.0,0.0,3.0,2.4847379274797476,far,dense,0.0,0.0,122,2,3,2
56,26.0,-0.299955385,-0.14992918166666666,-0.48763821166666665,187.1916666666667,-110.43833333333333,19.274154991161726,-3.812677568122265,0.5,11.0,14.812677568122266,3.6,0.4000000000000001,2.0,0.6,0.0,3.0,1.0,0.0,3.0,3.2836245386151792,far,dense,0.0,0.0,122,2,3,2
56,27.0,-0.28662482,-0.04724655333333333,-0.27558295,366.7633333333333,-94.90666666666668,19.57435525400294,10.957998020183267,0.5,38.666666666666664,27.708668646483403,2.6,1.0,2.0,1.5,0.6,0.5,2.0,1.0,1.0,3.3503968920973635,far,dense,0.0,0.0,122,2,3,2
56,28.0,-0.23903535333333334,-0.39327745666666664,-0.30145105666666666,-468.02,-217.29,-18.49633147782495,3.368258439147771,-0.5,-33.666666666666664,-37.03492510581444,2.1,2.5,2.0,0.9,0.5,0.6999999999999998,1.0,1.0,1.0,2.2571992271704957,far,dense,0.0,0.0,122,2,3,2
56,29.0,-0.2909586233333333,-0.05750251666666667,-0.26793078333333337,439.8233333333333,93.82666666666667,19.330492279697626,5.196307401842529,0.5,40.0,34.803692598157475,3.2999999999999994,1.1,2.0,1.7,0.5,1.1,2.0,1.0,2.0,3.2559236740432738,far,dense,0.0,0.0,122,2,3,2
56,30.0,-0.27507513,-0.02992655,-0.28691551,500.44000000000005,346.33666666666664,20.397758191248002,5.3996454853344344,0.5,45.0,39.60035451466556,3.7000000000000006,1.3999999999999997,2.0,0.6,0.9,2.2,1.0,1.0,3.0,3.6335611258196856,far,dense,0.0,0.0,122,2,3,2
56,31.0,-0.34449623,-0.026399213333333334,-0.23603238333333332,563.5033333333333,-77.68666666666667,18.7153235842831,-7.5906237914550445,0.5,37.0,44.590623791455045,2.1,0.8000000000000002,2.0,0.5,0.0,1.6000000000000003,1.0,0.0,2.0,5.230409971363216,far,dense,0.0,0.0,122,2,3,2
56,32.0,-0.3215585633333333,-0.024723463333333334,-0.26847652666666666,393.92,78.18666666666668,19.214494222078216,8.162020787539516,0.5,39.333333333333336,31.171312545793814,0.4000000000000001,0.8000000000000002,2.0,0.0,0.0,0.4000000000000001,0.0,0.0,1.0,3.3579048699561924,far,dense,0.0,0.0,122,2,3,2
56,33.0,-0.30925242000000003,-0.05406608666666667,-0.2848872333333334,287.40333333333336,-85.22666666666667,18.59534272898414,12.590798986165638,0.5,35.333333333333336,22.742534347167695,2.4,0.9,2.0,1.2,0.0,1.2,1.0,0.0,2.0,3.174267083482826,far,dense,0.0,0.0,122,2,3,2
56,34.0,-0.34755205,-0.02634122,-0.26869749000000004,608.07,-93.11666666666667,18.67285795990799,-16.783898641993762,0.5,31.333333333333332,48.117231975327094,7.3,1.1,2.0,1.5,0.9,4.9,3.0,1.0,5.0,3.3253133453699113,far,dense,0.0,0.0,122,2,3,2
56,37.0,-0.2885830466666667,-0.02967147666666667,-0.2681328566666667,457.9166666666667,-62.49666666666667,18.36824792005553,8.76456250864451,0.5,45.0,36.23543749135549,3.9,1.7,2.0,0.0,1.3999999999999997,2.5,0.0,1.0,3.0,3.2210132037116708,far,dense,0.0,0.0,122,2,3,2
56,38.0,-0.29020128,-0.029802753333333334,-0.30408568333333336,539.57,-96.41000000000001,20.070174150516085,-0.6967534279396167,0.5,42.0,42.69675342793962,4.2,1.3,2.0,1.7,0.0,2.5,3.0,0.0,4.0,3.9974978556576173,far,dense,0.0,0.0,122,2,3,2
56,39.0,-0.30572507666666665,-0.02206343666666667,-0.24729810666666666,509.96666666666675,-60.943333333333335,16.46046717397542,1.312456790033531,0.5,41.666666666666664,40.354209876633135,5.0,1.8999999999999997,2.0,1.8,0.4000000000000001,2.7999999999999994,1.0,1.0,3.0,2.8850216443029457,far,dense,0.0,0.0,122,2,3,2
56,41.0,-0.19168104333333336,-0.12456029666666667,-0.3508349233333334,247.02333333333334,-76.25,20.022144193573087,25.452778408211966,0.5,45.0,19.547221591788034,2.6,0.6999999999999998,2.0,0.9,0.0,1.7,1.0,0.0,3.0,4.852122671701236,far,dense,0.0,0.0,122,2,3,2
56,43.0,-0.24604242666666667,-0.09066699333333333,-0.3095813966666667,507.1400000000001,-135.62666666666667,-25.790447903285116,2.202800624981679,-0.5,42.333333333333336,40.13053270835166,0.4000000000000001,2.2,2.0,0.4000000000000001,0.0,0.0,1.0,0.0,0.0,3.4623196429610554,far,dense,0.0,0.0,122,2,3,2
56,44.0,-0.2728065933333333,-0.39021207666666663,-0.29132509333333334,-125.42999999999999,-157.90666666666667,-20.736984146464092,-19.07458942775457,-0.5,-29.0,-9.925410572245427,2.5,1.0,2.0,2.1,0.4000000000000001,0.0,2.0,1.0,0.0,2.71620551333694,far,dense,0.0,0.0,122,2,3,2
56,45.0,-0.14181373333333333,-0.30419782666666667,-0.34886486333333333,-506.50666666666666,-159.92999999999998,-17.326200036471274,9.413749695018128,-0.5,-30.666666666666668,-40.0804163616848,2.6,1.6000000000000003,2.0,1.8999999999999997,0.0,0.6999999999999998,3.0,0.0,1.0,2.2499635190985714,far,dense,0.0,0.0,122,2,3,2
56,46.0,-0.22359691666666667,-0.31545125333333335,-0.30968369,-22.296666666666663,-126.38,-10.995689717671965,-16.235640827081514,-0.5,-18.0,-1.7643591729184847,2.4,1.1,2.0,2.0,0.0,0.4000000000000001,4.0,0.0,1.0,2.3203499840287125,far,dense,0.0,0.0,122,2,3,2
56,47.0,-0.25512318,-0.34034097333333335,-0.2984664833333333,-273.9266666666667,1067.8266666666666,-12.263680015068019,-0.32388875585359916,-0.5,-22.0,-21.6761112441464,2.5,1.3999999999999997,2.0,1.5,1.0,0.0,3.0,1.0,0.0,1.590682804687069,far,dense,0.0,0.0,122,2,3,2
56,48.0,-0.15825510166666665,-0.16478026333333332,-0.32112089666666666,396.25333333333333,-155.45833333333334,-5.1775985421757875,-14.758954765648504,-0.5,15.0,29.7589547656485,2.2,1.8999999999999997,2.0,0.0,0.0,2.2,0.0,0.0,5.0,1.3860526161128626,far,dense,0.0,0.0,122,2,3,2
56,49.0,-0.28724292,-0.15682978333333333,-0.2592299466666667,262.76,-151.98666666666665,10.872767764956729,-5.792480921336272,0.5,15.0,20.792480921336274,7.2,1.1,3.0,0.9,0.0,6.3,1.0,0.0,8.0,5.012929903888092,near,non_dense,0.0,0.0,122,2,3,2
56,50.0,-0.2576885033333334,-0.10785316,-0.28753060333333336,388.6466666666667,-153.34,14.426170550631893,8.245971982769046,0.5,39.0,30.754028017230954,4.9,1.3999999999999997,3.0,0.0,0.0,4.9,0.0,0.0,6.0,5.136713758016649,near,non_dense,0.0,0.0,122,2,3,2
56,51.0,-0.29490052666666666,-0.38321758666666667,-0.28283408,-308.87666666666667,-146.36666666666667,-15.619224923729883,-3.5582577305807193,-0.5,-28.0,-24.44174226941928,1.8,1.3999999999999997,3.0,0.4000000000000001,0.4000000000000001,1.0,1.0,1.0,2.0,4.590096080054007,near,non_dense,0.0,0.0,122,2,3,2
56,52.0,-0.23422536000000002,-0.35160949999999996,-0.3389896733333333,-269.20666666666665,-119.34000000000002,-13.288300328185557,-5.69738742364439,-0.5,-27.0,-21.30261257635561,2.3,2.7999999999999994,3.0,1.8999999999999997,0.4000000000000001,0.0,1.0,1.0,0.0,4.772047830780882,near,non_dense,0.0,0.0,122,2,3,2
56,53.0,-0.20170234666666667,-0.3703061266666667,-0.3465068333333334,-124.46,-62.693333333333335,-16.571940346707095,-21.48467990256186,-0.5,-31.333333333333332,-9.848653430771472,4.3,1.3999999999999997,3.0,2.3,0.0,2.0,2.0,0.0,3.0,4.81230179074029,near,non_dense,0.0,0.0,122,2,3,2
56,54.0,-0.25487329666666664,-0.1994609833333333,-0.31976675000000004,228.91666666666666,-98.61333333333334,9.086616883738222,-15.114421617607556,0.5,3.0,18.114421617607558,9.2,3.2999999999999994,3.0,3.4,2.7999999999999994,3.0,2.0,3.0,2.0,4.782661384268852,near,non_dense,0.0,0.0,122,2,3,2
56,55.0,-0.19908533666666664,-0.29004664333333335,-0.3334416966666667,-48.163333333333334,435.25,-7.023621995085321,-11.188783721109408,-0.5,-15.0,-3.8112162788905946,7.2,2.0,3.0,2.0,2.7000000000000006,2.5,1.0,1.0,4.0,2.988347646916973,near,non_dense,0.0,0.0,122,2,3,2
56,56.0,-0.20800781999999998,-0.16106179666666667,-0.35197554,224.31333333333336,-149.78666666666666,11.151144746464112,-2.750154908413292,0.5,15.0,17.750154908413293,7.3,2.0,3.0,1.3,2.4,3.6,2.0,1.0,4.0,4.091873810198475,near,non_dense,0.0,0.0,122,2,3,2
56,57.0,-0.19625526666666668,-0.08995975333333334,-0.34972033,375.14000000000004,-134.55666666666664,7.06408326225565,15.314769018000874,0.5,45.0,29.685230981999126,1.8,2.1,3.0,0.0,0.0,1.8,0.0,0.0,3.0,2.58897983862955,near,non_dense,0.0,0.0,122,2,3,2
56,58.0,-0.28598160333333333,-0.13283874666666665,-0.26101363666666666,108.44000000000001,-93.53666666666668,12.30626370032204,14.0856930363207,0.5,22.666666666666668,8.580973630345964,8.4,1.3,3.0,1.2,0.0,7.2,1.0,0.0,5.0,6.818050878611378,near,non_dense,0.0,0.0,122,2,3,2
56,59.0,-0.34411091666666666,-0.17502956333333333,-0.6007417666666667,52.16666666666668,-24.8,13.428350217452357,15.205328989459169,0.5,19.333333333333332,4.1280043438741645,1.8999999999999997,9.1,3.0,0.4000000000000001,1.5,0.0,1.0,3.0,0.0,5.003224292495985,near,non_dense,0.0,0.0,122,2,3,2
56,61.0,-0.20591435,-0.17615868666666668,-0.3284859566666667,244.26333333333332,-76.74,10.29084006294748,0.004513504914488801,0.5,19.333333333333332,19.328819828418844,11.800000000000002,1.3,3.0,1.3999999999999997,4.4,6.0,1.0,1.0,2.0,4.659867819274788,near,non_dense,0.0,0.0,122,2,3,2
56,62.0,-0.20235382666666668,-0.09794893666666667,-0.3549450166666667,361.57,-103.15833333333335,17.68326225052606,3.5552443545660584,0.5,32.166666666666664,28.61142231210061,5.900000000000001,0.5,3.0,0.8000000000000002,2.3,2.7999999999999994,1.0,1.0,2.0,6.361686915476384,near,non_dense,0.0,0.0,122,2,3,2
56,63.0,-0.18010399666666665,-0.33102079,-0.34535647333333336,-466.3333333333333,-180.85333333333332,-16.053182359129217,5.901457361533272,-0.5,-31.0,-36.90145736153327,3.0,1.7,3.0,0.4000000000000001,0.0,2.6,1.0,0.0,2.0,4.553974059744751,near,non_dense,0.0,0.0,122,2,3,2
56,64.0,-0.23165097666666667,-0.34495606000000006,-0.3503205166666667,-52.00333333333331,-118.37,-13.316979548300196,-21.218253731494304,-0.5,-25.333333333333332,-4.115079601839031,3.0,1.3,3.0,1.8,0.0,1.2,2.0,0.0,2.0,4.277041240860248,near,non_dense,0.0,0.0,122,2,3,2
56,68.0,-0.25363311,-0.30845705,-0.3901925625,-186.82,139.3725,-11.63554700522699,-3.216732814263806,-0.5,-18.0,-14.783267185736193,0.6,2.7,3.0,0.0,0.0,0.6,0.0,0.0,1.0,3.8541959481536736,near,non_dense,0.0,0.0,122,2,3,2
56,69.0,-0.27181817333333336,-0.13560647333333334,-0.2737440066666667,550.59,184.84,12.740256283213506,0.09788880672398885,0.5,43.666666666666664,43.56877785994268,6.0,2.1,3.0,0.0,3.0,3.0,0.0,1.0,3.0,5.07109961362733,near,non_dense,0.0,0.0,122,2,3,2
56,70.0,-0.18004935,-0.11642677666666668,-0.33599202666666667,622.45,-160.35,16.724575530908563,-4.255136814910048,0.5,45.0,49.25513681491005,3.7999999999999994,1.5,3.0,1.0,0.0,2.7999999999999994,1.0,0.0,4.0,6.075156609974475,near,non_dense,0.0,0.0,122,2,3,2
56,72.0,-0.2013275,-0.33747304333333333,-0.32678589333333335,-372.1266666666667,17.616666666666674,-14.462325518543656,0.11998045714447987,-0.5,-26.0,-26.11998045714448,3.2999999999999994,1.5,3.0,1.6000000000000003,1.3,0.4000000000000001,2.0,2.0,1.0,4.664052464654696,near,non_dense,0.0,0.0,122,2,3,2
56,75.0,-0.3706641,-0.33753589,-0.2605717066666667,-186.67999999999998,-151.07333333333335,-8.927082487714456,-1.2278111645796344,-0.5,-16.0,-14.772188835420366,5.3,2.0,4.0,2.2,0.9,2.2,2.0,1.0,3.0,2.9076565253275923,far,non_dense,0.0,0.0,122,2,3,2
56,76.0,-0.37303114,-0.33488213,-0.2670621066666667,-157.97000000000003,-215.40333333333334,-8.098420135926002,-5.499664290061304,-0.5,-18.0,-12.500335709938696,3.1,1.5,4.0,3.1,0.0,0.0,3.0,0.0,0.0,2.6165488361175377,far,non_dense,0.0,0.0,122,2,3,2
56,77.0,-0.3380850833333333,-0.32591203,-0.25888969666666667,-218.77666666666673,-274.96,-7.181087503872014,1.3120325304468452,-0.5,-16.0,-17.312032530446846,6.0,1.5,4.0,2.4,1.1,2.5,1.0,1.0,4.0,2.287052014862357,far,non_dense,0.0,0.0,122,2,3,2
56,78.0,-0.32374032333333336,-0.16310346333333334,-0.25519065,318.33666666666664,-162.41333333333333,8.936453835142752,-11.523655559807878,0.5,13.666666666666666,25.190322226474546,3.0,1.6000000000000003,4.0,0.0,0.4000000000000001,2.6,0.0,1.0,5.0,2.864289010697638,far,non_dense,0.0,0.0,122,2,3,2
56,79.0,-0.30671355,-0.3326423866666667,-0.26876560666666666,-254.79,-276.83,-8.577609599080896,4.161806264070898,-0.5,-16.0,-20.1618062640709,5.3,1.7,4.0,1.1,0.6999999999999998,3.5,2.0,1.0,4.0,2.999905184835724,far,non_dense,0.0,0.0,122,2,3,2
56,80.0,-0.30415402666666663,-0.3549552866666667,-0.2724111166666667,-240.59666666666666,-22.086666666666662,-11.456768721740024,3.705339224909052,-0.5,-15.333333333333334,-19.038672558242386,4.2,2.0,4.0,0.0,1.7,2.5,0.0,1.0,4.0,5.220650899574306,far,non_dense,0.0,0.0,122,2,3,2
56,82.0,-0.34297839,-0.16161972333333333,-0.27121837,304.7866666666667,-129.75666666666666,7.578984666960934,-13.784762844716388,0.5,10.333333333333334,24.118096178049722,10.2,2.2,4.0,0.0,2.9,7.3,0.0,1.0,4.0,2.809985089359404,far,non_dense,0.0,0.0,122,2,3,2
56,83.0,-0.3515567,-0.13121553333333333,-0.28400824333333335,147.38333333333335,-71.79666666666667,9.319608960853527,-4.662601409865575,0.5,7.0,11.662601409865575,6.2,1.1,4.0,1.2,0.0,5.0,1.0,0.0,5.0,3.2972395924553712,far,non_dense,0.0,0.0,122,2,3,2
56,84.0,-0.22574348333333336,-0.12951835666666667,-0.3164371166666667,437.45666666666665,-72.45333333333333,13.211510025817482,-2.6164157237708436,0.5,32.0,34.61641572377084,3.4,2.1,4.0,0.0,0.9,2.5,0.0,1.0,5.0,4.287890972935007,far,non_dense,0.0,0.0,122,2,3,2
56,85.0,-0.36290458,-0.15156039,-0.25463990666666664,347.92333333333335,15.126666666666674,7.964897273906516,-16.531546926552952,0.5,11.0,27.531546926552952,10.0,1.8,4.0,0.6,0.6999999999999998,8.7,1.0,1.0,5.0,2.552749015970696,far,non_dense,0.0,0.0,122,2,3,2
56,86.0,-0.27581206,-0.17715712666666664,-0.2691497033333334,271.3066666666667,-198.71333333333334,8.042573675092939,-6.46878783109304,0.5,15.0,21.46878783109304,11.1,1.8,4.0,0.0,6.5,4.6,0.0,1.0,4.0,3.000949980956555,far,non_dense,0.0,0.0,122,2,3,2
56,87.0,-0.2875573633333333,-0.1371875,-0.2702239066666667,116.83333333333331,-126.33,10.348564215233774,10.088186224528895,0.5,19.333333333333332,9.24514710880444,10.5,1.7,4.0,1.5,8.4,0.6,2.0,1.0,1.0,3.7287298372042934,far,non_dense,0.0,0.0,122,2,3,2
56,88.0,-0.27776649666666664,-0.12140546333333334,-0.2748050766666667,474.9866666666667,-271.60999999999996,13.37722093734736,-13.252871585816385,0.5,24.333333333333332,37.586204919149715,5.3,1.7,4.0,0.0,3.0,2.3,0.0,2.0,2.0,5.028865401561983,far,non_dense,0.0,0.0,122,2,3,2
56,89.0,-0.31734675,-0.16789143666666664,-0.25794701666666664,243.1833333333333,-240.1966666666667,7.524891940364621,-12.243358268839595,0.5,7.0,19.243358268839597,10.5,1.8,4.0,0.6,2.9,7.0,1.0,1.0,3.0,3.409095643684088,far,non_dense,0.0,0.0,122,2,3,2
56,90.0,-0.34222554333333327,-0.15347417333333332,-0.26508552,278.5166666666667,-205.81333333333336,7.974231200817093,-11.039322872358204,0.5,11.0,22.039322872358202,4.6,1.8999999999999997,4.0,2.7000000000000006,1.2,0.6999999999999998,4.0,1.0,1.0,2.9889195725663176,far,non_dense,0.0,0.0,122,2,3,2
56,91.0,-0.3231354066666667,-0.33060891666666664,-0.2563492666666667,-298.36999999999995,-243.25666666666666,-8.292798926893765,7.610338455240915,-0.5,-16.0,-23.610338455240917,5.0,1.7,4.0,0.5,1.8,2.7000000000000006,1.0,1.0,4.0,3.0203284247206383,far,non_dense,0.0,0.0,122,2,3,2
56,92.0,-0.34140008666666666,-0.3009974266666667,-0.26014278333333335,-583.4066666666666,1261.3433333333332,-6.129345239054813,29.262408719660897,-0.5,-14.0,-43.2624087196609,6.5,1.7,4.0,1.2,0.0,5.3,2.0,0.0,7.0,2.118444953189012,far,non_dense,0.0,0.0,122,2,3,2
56,93.0,-0.3413418533333334,-0.30954194333333335,-0.25886320999999995,-151.56666666666666,-167.65333333333334,-6.70248307299967,-2.006366931887651,-0.5,-14.0,-11.99363306811235,5.599999999999999,1.8,4.0,0.0,0.5,5.1,0.0,1.0,5.0,2.223969798734479,far,non_dense,0.0,0.0,122,2,3,2
56,94.0,-0.33276705,-0.32742315666666666,-0.26143127666666666,-4.956666666666668,-65.26,-7.438248902438488,-14.941106978103884,-0.5,-15.333333333333334,-0.39222635522944954,5.400000000000001,1.8,4.0,0.0,1.6000000000000003,3.7999999999999994,0.0,1.0,5.0,2.5887491393295012,far,non_dense,0.0,0.0,122,2,3,2
56,95.0,-0.30229165333333335,-0.13783515999999998,-0.24864766000000002,380.5333333333333,-191.70333333333335,11.949707457002425,-10.112011239404131,0.5,20.0,30.11201123940413,1.3,1.8,4.0,0.0,0.9,0.4000000000000001,0.0,1.0,1.0,4.314527778812075,far,non_dense,0.0,0.0,122,2,3,2
56,96.0,-0.30446196666666664,-0.33705808666666665,-0.26301236666666666,-117.72333333333331,-119.82000000000001,-10.095999233182653,-6.684426235616367,-0.5,-16.0,-9.315573764383634,4.0,0.9,4.0,0.4000000000000001,1.2,2.4,1.0,2.0,4.0,4.629612631791422,far,non_dense,0.0,0.0,122,2,3,2
57,1.0,-0.3789508366666667,-0.34492426,-0.25813593333333335,-183.55333333333337,9.769999999999996,-12.391774929449069,-2.4404898104889843,-0.5,-17.333333333333332,-14.89284352284435,3.1,0.9,1.0,2.0,0.0,1.1,3.0,0.0,2.0,1.6032554487134785,near,dense,0.0,0.0,115,2,3,2
57,2.0,-0.34679266,-0.13580242333333334,-0.23092480666666668,253.62,-84.67333333333333,10.236802547816334,-3.57779559581475,0.5,17.0,20.57779559581475,5.5,1.2,1.0,0.0,0.0,5.5,0.0,0.0,4.0,1.4949529114723912,near,dense,0.0,0.0,115,2,3,2
57,3.0,-0.32994622,-0.34690971,-0.25268359,-328.93333333333334,-65.79333333333334,-14.490261699887943,10.688442938188354,-0.5,-16.0,-26.688442938188356,1.2,1.0,1.0,0.6999999999999998,0.0,0.5,1.0,0.0,1.0,2.8042262631637604,near,dense,0.0,0.0,115,2,3,2
57,4.0,-0.3319726,-0.10868201333333333,-0.22843902666666668,360.1666666666667,-44.49666666666667,13.302969246046947,-9.889267593614901,0.5,19.333333333333332,29.222600926948235,4.6,0.9,1.0,0.0,0.4000000000000001,4.2,0.0,1.0,6.0,1.977287934792618,near,dense,0.0,0.0,115,2,3,2
57,5.0,-0.3196832133333333,-0.08102677000000001,-0.24272435333333334,515.29,-82.21,16.370211721288893,-11.808738634837084,0.5,30.0,41.808738634837084,3.7999999999999994,1.1,1.0,0.0,1.3,2.5,0.0,1.0,4.0,2.526091803771872,near,dense,0.0,0.0,115,2,3,2
57,6.0,-0.35080199333333334,-0.12209097333333334,-0.23684442333333333,302.11666666666673,-28.863333333333333,10.910311798782345,-6.512637066302208,0.5,18.0,24.512637066302208,2.3,1.0,1.0,0.0,0.4000000000000001,1.8999999999999997,0.0,1.0,3.0,1.5995330299487875,near,dense,0.0,0.0,115,2,3,2
57,7.0,-0.34733544,-0.11247487,-0.23664774666666666,341.04,-110.77,12.456385429078276,-10.670733420064119,0.5,17.0,27.67073342006412,4.6,1.0,1.0,0.0,0.6,4.0,0.0,1.0,4.0,1.4799012114756163,near,dense,0.0,0.0,115,2,3,2
57,8.0,-0.34364248999999997,-0.09719868333333333,-0.23114990333333332,378.0666666666666,-29.963333333333335,13.830212625677158,-11.34160787105786,0.5,19.333333333333332,30.674941204391192,3.6,1.3,1.0,0.0,0.0,3.6,0.0,0.0,3.0,2.1187686676862674,near,dense,0.0,0.0,115,2,3,2
57,9.0,-0.32686603,-0.07602088333333333,-0.22532771666666665,453.51666666666665,-94.55333333333333,16.669689151766097,-7.130010511639132,0.5,29.666666666666668,36.7966771783058,4.2,1.2,1.0,0.0,2.0,2.2,0.0,2.0,1.0,2.550206942114727,near,dense,0.0,0.0,115,2,3,2
57,10.0,-0.31804113666666667,-0.0521144,-0.24657615,579.68,-129.53,19.97303891104159,-17.033106817214303,0.5,30.0,47.0331068172143,1.6000000000000003,1.0,1.0,0.0,0.6,1.0,0.0,1.0,2.0,3.2060513288819172,near,dense,0.0,0.0,115,2,3,2
57,11.0,-0.31707171333333334,-0.012038033333333331,-0.22955428,693.4233333333333,-122.89333333333332,25.372197959552693,-10.427870033954902,0.5,43.666666666666664,54.09453670062157,0.9,0.9,1.0,0.0,0.0,0.9,0.0,0.0,2.0,4.247251688004224,near,dense,0.0,0.0,115,2,3,2
57,12.0,-0.3521378766666667,-0.07903037,-0.23170545333333334,445.94,-66.35666666666667,15.425249354330182,-11.848600930516625,0.5,24.333333333333332,36.18193426384996,2.9,1.2,1.0,0.0,1.2,1.7,0.0,1.0,2.0,2.307779417438553,near,dense,0.0,0.0,115,2,3,2
57,13.0,-0.3759465033333333,-0.10604796999999999,-0.25403309333333335,340.63666666666666,-31.349999999999998,11.664527836217024,-17.30467510096344,0.5,10.333333333333334,27.638008434296776,8.7,1.1,1.0,0.0,1.0,7.7,0.0,2.0,8.0,1.7748911374238523,near,dense,0.0,0.0,115,2,3,2
57,14.0,-0.3501613333333333,-0.11151970333333333,-0.22154722999999998,358.23333333333335,-55.64000000000001,12.2571193894369,-10.399070692140612,0.5,18.666666666666668,29.06573735880728,10.699999999999998,1.0,1.0,0.0,1.8,8.9,0.0,2.0,5.0,1.9388270725363892,near,dense,0.0,0.0,115,2,3,2
57,15.0,-0.32992136666666666,-0.09490301,-0.2383715,408.34666666666664,-96.07333333333334,15.019819329892414,-12.79841589345858,0.5,20.333333333333332,33.13174922679192,7.099999999999999,1.0,1.0,0.0,1.8999999999999997,5.2,0.0,1.0,6.0,2.3506304037895336,near,dense,0.0,0.0,115,2,3,2
57,16.0,-0.3298329233333333,-0.0769899,-0.24185512666666667,521.9066666666666,-139.01000000000002,17.51658924274139,-13.678924007411439,0.5,28.666666666666668,42.3455906740781,2.6,1.0,1.0,0.0,1.0,1.6000000000000003,0.0,1.0,3.0,2.9325102028326806,near,dense,0.0,0.0,115,2,3,2
57,17.0,-0.36066821,-0.10948213,-0.23700318333333334,297.59666666666664,-91.80666666666667,12.090349060755335,-7.145900862165768,0.5,17.0,24.14590086216577,4.8,1.2,1.0,0.0,0.4000000000000001,4.4,0.0,1.0,5.0,1.465880373926516,near,dense,0.0,0.0,115,2,3,2
57,19.0,-0.3180172233333333,-0.09248759,-0.24304968666666668,493.49,-111.16333333333334,15.931544168167994,-20.706633343500584,0.5,19.333333333333332,40.03996667683392,2.5,1.0,1.0,0.0,0.0,2.5,0.0,0.0,3.0,3.1551956387937996,near,dense,0.0,0.0,115,2,3,2
57,20.0,-0.3110223933333333,-0.30683207333333334,-0.32088212,-350.3966666666667,10037.250000000002,-16.310746725175026,-1.9051060319729203,-0.5,-21.0,-19.09489396802708,1.2,0.5,1.0,1.2,0.0,0.0,2.0,0.0,0.0,2.4397926199347313,near,dense,0.0,0.0,115,2,3,2
57,21.0,-0.28578947000000005,-0.3405359866666666,-0.27838517,-411.90000000000003,-41.373333333333335,-17.774771733619627,8.753386980191209,-0.5,-24.666666666666668,-33.42005364685787,1.1,0.9,1.0,0.5,0.0,0.6,1.0,0.0,1.0,2.8071532864847613,near,dense,0.0,0.0,115,2,3,2
57,22.0,-0.32830739999999997,-0.10050415666666666,-0.23562749000000002,379.82,-99.34333333333332,14.339296770470616,-12.150533566762698,0.5,18.666666666666668,30.817200233429364,4.8,1.2,1.0,0.0,0.0,4.8,0.0,0.0,6.0,2.320325128152499,near,dense,0.0,0.0,115,2,3,2
57,23.0,-0.3484709033333333,-0.3516462633333333,-0.27158323,-332.16,-6367.45,-13.977945282817272,-0.33391677419473736,-0.5,-18.0,-17.666083225805263,0.4000000000000001,1.0,1.0,0.0,0.0,0.4000000000000001,0.0,0.0,1.0,2.0704973698272506,near,dense,0.0,0.0,115,2,3,2
57,24.0,-0.3595720533333333,-0.18718685666666668,-0.23350824,109.22000000000003,-26.15666666666667,4.5634344206977415,-3.5283764489191984,0.5,5.333333333333333,8.861709782252532,3.0,1.0,1.0,1.1,0.6,1.3,2.0,1.0,3.0,1.284653179224218,near,dense,0.0,0.0,115,2,3,2
57,26.0,-0.37819945000000005,-0.08433876666666666,-0.20770359000000002,324.06333333333333,80.44333333333333,14.065989169004888,-8.29330901912985,0.5,18.0,26.29330901912985,3.1,1.3999999999999997,2.0,0.0,1.1,2.0,0.0,1.0,2.0,2.4661116926199775,far,dense,0.0,0.0,115,2,3,2
57,27.0,-0.3390134866666667,-0.022143126666666665,-0.21263760333333334,557.25,19.176666666666673,14.40222522278877,-7.546552305684753,0.5,37.666666666666664,45.21321897235142,4.2,1.3,2.0,0.6999999999999998,0.4000000000000001,3.1,1.0,1.0,3.0,2.4501468163391418,far,dense,0.0,0.0,115,2,3,2
57,29.0,-0.33511409000000003,-0.10891885666666667,-0.21629890999999998,217.83333333333337,-71.75666666666667,12.708999932870766,0.32580314135985705,0.5,18.0,17.674196858640144,6.599999999999999,1.1,2.0,0.0,1.3,5.3,0.0,1.0,6.0,2.140435154176698,far,dense,0.0,0.0,115,2,3,2
57,30.0,-0.34755556,-0.08890484333333333,-0.20634514666666667,402.3933333333334,-204.90666666666667,14.131069935154954,-12.648717618688915,0.5,20.0,32.64871761868891,5.900000000000001,1.3,2.0,0.0,0.8000000000000002,5.1,0.0,1.0,7.0,2.46538671006596,far,dense,0.0,0.0,115,2,3,2
57,31.0,-0.36817780333333333,-0.09887044666666667,-0.21596371,334.2033333333333,-135.34666666666666,13.272223719104689,-11.116031388586366,0.5,16.0,27.116031388586368,8.0,1.1,2.0,0.0,0.8000000000000002,7.2,0.0,1.0,5.0,3.702533048611091,far,dense,0.0,0.0,115,2,3,2
57,32.0,-0.36051510000000003,-0.10947504666666667,-0.21682133,203.82333333333335,-100.25333333333333,11.57635002855458,1.462523101526111,0.5,18.0,16.537476898473887,6.2,1.2,2.0,0.0,1.1,5.1,0.0,2.0,4.0,1.992175281263006,far,dense,0.0,0.0,115,2,3,2
57,33.0,-0.36457505,-0.08924003666666668,-0.22494275333333333,324.72333333333336,-223.40333333333334,13.100902445617457,-7.013525662506705,0.5,19.333333333333332,26.34685899584004,5.400000000000001,0.9,2.0,0.0,1.0,4.4,0.0,1.0,5.0,2.2217472480441036,far,dense,0.0,0.0,115,2,3,2
57,34.0,-0.35064892000000003,-0.07181953333333334,-0.21590282333333333,313.65333333333336,-161.66333333333333,15.178581697622306,5.884653492314166,0.5,31.333333333333332,25.448679841019167,3.0,1.2,2.0,0.0,0.0,3.0,0.0,0.0,4.0,2.5940084834221366,far,dense,0.0,0.0,115,2,3,2
57,35.0,-0.34904650000000004,-0.044491626666666666,-0.21763445,406.6366666666667,-38.056666666666665,18.86799429391799,5.00699389468448,0.5,38.0,32.99300610531552,2.4,1.1,2.0,0.0,0.9,1.5,0.0,1.0,2.0,3.225771623326356,far,dense,0.0,0.0,115,2,3,2
57,36.0,-0.33393439666666663,-0.06426672333333333,-0.21202192666666667,392.0933333333334,147.78333333333333,16.648656138119183,-4.146346770029925,0.5,27.666666666666668,31.813013436696593,2.1,1.8,2.0,0.0,0.6999999999999998,1.3999999999999997,0.0,1.0,3.0,3.8584222540636794,far,dense,0.0,0.0,115,2,3,2
57,37.0,-0.3668924,-0.07577847333333333,-0.22901094,397.3333333333333,-94.60000000000001,15.70181361919789,-1.2381677972441416,0.5,31.0,32.23816779724414,4.8,1.0,2.0,0.0,0.6,4.2,0.0,1.0,4.0,2.740176095473675,far,dense,0.0,0.0,115,2,3,2
57,38.0,-0.36786755666666665,-0.053670489999999994,-0.23326840333333335,317.2266666666667,-60.79333333333333,18.14279944681208,-6.071940320985436,0.5,19.666666666666668,25.7386069876521,4.7,1.1,2.0,0.6999999999999998,2.2,1.8,1.0,1.0,3.0,3.4516057782042022,far,dense,0.0,0.0,115,2,3,2
57,39.0,-0.34857444,-0.08743977666666668,-0.20992426666666666,304.6766666666667,-124.42,14.318253259577327,-6.053679400208388,0.5,18.666666666666668,24.720346066875056,4.3,1.3999999999999997,2.0,0.4000000000000001,0.6,3.2999999999999994,1.0,1.0,3.0,2.608085950443178,far,dense,0.0,0.0,115,2,3,2
57,40.0,-0.3659091666666667,-0.05335863,-0.21529541333333335,427.82,-70.26,17.823315014107106,-8.378410660836943,0.5,26.333333333333332,34.71174399417028,5.400000000000001,1.2,2.0,0.0,0.8000000000000002,4.6,0.0,1.0,4.0,3.2996899295646593,far,dense,0.0,0.0,115,2,3,2
57,41.0,-0.35748913666666665,-0.08461390333333334,-0.21230951666666667,407.21333333333337,-210.76333333333332,15.695334158552134,-13.039794721329978,0.5,20.0,33.039794721329976,6.2,1.0,2.0,0.0,3.0,3.2000000000000006,0.0,1.0,2.0,3.841737634423859,far,dense,0.0,0.0,115,2,3,2
57,45.0,-0.26845272333333337,-0.41840114,-0.29233334666666666,-386.2,32.75333333333335,-30.88002869925006,-5.998483325038819,-0.5,-37.333333333333336,-31.334850008294513,1.1,0.6,2.0,1.1,0.0,0.0,1.0,0.0,0.0,4.488027636879436,far,dense,0.0,0.0,115,2,3,2
57,46.0,-0.31018057666666665,-0.2856230766666667,-0.30425225666666667,-106.69666666666667,2.2800000000000105,-11.742701536249148,-6.343024219614196,-0.5,-15.0,-8.656975780385805,3.2000000000000006,0.6,2.0,1.7,0.0,1.5,3.0,0.0,2.0,2.4015384842909473,far,dense,0.0,0.0,115,2,3,2
57,47.0,-0.3694716866666667,-0.1928258211111111,-0.4717099722222222,-26.12777777777777,37.18555555555555,-12.106914167394542,-2.8800880431985583,-0.5,-5.0,-2.1199119568014413,3.3,1.0,2.0,0.0,0.7,2.6,0.0,1.0,4.0,1.6719638750118984,far,dense,0.0,0.0,115,2,3,2
57,48.0,-0.26337210333333333,0.03823940666666667,-0.22893763,794.5933333333332,-25.24333333333334,-4.019770169963383,-13.198817870144046,-0.5,45.0,58.19881787014405,1.5,1.1,2.0,0.0,0.0,1.5,0.0,0.0,2.0,1.2997506506700518,far,dense,0.0,0.0,115,2,3,2
57,49.0,-0.35033332500000003,-0.10946124,-0.390004465,169.98666666666668,-28.34333333333333,9.579293891259422,-1.6254273349127148,0.5,12.166666666666666,13.79209400157938,7.599999999999999,0.6999999999999998,3.0,0.0,0.0,7.599999999999999,0.0,0.0,7.0,4.462362342035964,near,non_dense,0.0,0.0,115,2,3,2
57,50.0,-0.33692810999999995,-0.06389252666666667,-0.23449087999999998,346.08666666666676,-32.06333333333333,15.419434083787015,-3.4135347571309005,0.5,24.666666666666668,28.080201423797565,6.0,0.8000000000000002,3.0,0.4000000000000001,2.7000000000000006,2.9,1.0,1.0,2.0,5.41769042040091,near,non_dense,0.0,0.0,115,2,3,2
57,51.0,-0.31839974666666665,-0.34063996,-0.2743897433333333,-314.51666666666665,-41.47666666666666,-16.437277617098598,7.185394204493607,-0.5,-18.333333333333332,-25.518727537826937,1.0,0.9,3.0,0.5,0.5,0.0,1.0,1.0,0.0,4.766712251594583,near,non_dense,0.0,0.0,115,2,3,2
57,53.0,-0.31059649333333333,-0.35824950333333333,-0.2682655733333333,-245.49333333333334,-8.886666666666658,-18.330665557881208,-3.081572299232915,-0.5,-23.0,-19.918427700767086,1.5,1.0,3.0,1.0,0.5,0.0,2.0,1.0,0.0,5.138415687190108,near,non_dense,0.0,0.0,115,2,3,2
57,54.0,-0.35456212333333337,-0.16716048000000003,-0.22047735666666668,237.10666666666668,-81.24,7.997708091212577,-7.57129769368208,0.5,11.666666666666666,19.237964360348744,9.3,1.2,3.0,0.4000000000000001,0.6,8.3,1.0,1.0,4.0,4.014688722852445,near,non_dense,0.0,0.0,115,2,3,2
57,55.0,-0.3522301033333333,-0.2796208866666667,-0.24787976,-25.52666666666668,-110.27333333333335,-7.676025026112835,-7.928859991683761,-0.5,-10.0,-2.0711400083162395,3.6,1.2,3.0,1.1,0.5,2.0,1.0,1.0,4.0,3.1329665949472876,near,non_dense,0.0,0.0,115,2,3,2
57,56.0,-0.33963709000000003,-0.12127869333333334,-0.23880988000000003,228.77333333333334,-156.90666666666667,11.541687428881673,-1.5618282907756722,0.5,17.0,18.561828290775672,8.6,1.1,3.0,0.0,1.7,6.900000000000001,0.0,1.0,5.0,3.949890459802342,near,non_dense,0.0,0.0,115,2,3,2
57,57.0,-0.3825059433333333,-0.15369756666666667,-0.2322758,164.3066666666667,-163.08,7.575042384486593,-3.664572989891709,0.5,9.666666666666666,13.331239656558376,7.3,1.0,3.0,1.1,0.0,6.2,2.0,0.0,5.0,2.6671310437996034,near,non_dense,0.0,0.0,115,2,3,2
57,58.0,-0.3567933233333333,-0.11443512333333333,-0.23489378666666663,220.7166666666667,-152.70000000000002,12.669199595399098,-3.241473272045757,0.5,14.666666666666666,17.908139938712424,9.7,0.8000000000000002,3.0,1.0,3.2999999999999994,5.400000000000001,2.0,1.0,1.0,7.239406830627357,near,non_dense,0.0,0.0,115,2,3,2
57,59.0,-0.41480250999999996,-0.15814746,-0.23169267000000002,100.22666666666665,-45.00666666666666,7.496626517946744,-2.7986904026359354,0.5,5.333333333333333,8.132023735969268,7.400000000000001,1.2,3.0,1.3,0.6,5.5,1.0,1.0,6.0,2.661657530286526,near,non_dense,0.0,0.0,115,2,3,2
57,60.0,-0.3309732066666667,-0.07927885666666666,-0.24909558333333334,320.63,124.44,14.322238162641954,-6.681407625132409,0.5,19.333333333333332,26.01474095846574,6.3,1.0,3.0,0.0,1.6000000000000003,4.7,0.0,1.0,6.0,4.963192008391245,near,non_dense,0.0,0.0,115,2,3,2
57,61.0,-0.38158812999999997,-0.10847180666666667,-0.23994211333333335,293.3833333333334,-99.85666666666667,10.696444052825576,-11.470713132056295,0.5,12.333333333333334,23.80404646538963,7.599999999999999,0.9,3.0,0.5,3.4,3.7000000000000006,1.0,1.0,3.0,4.935157654121064,near,non_dense,0.0,0.0,115,2,3,2
57,62.0,-0.34642057333333337,-0.08352943666666668,-0.22702130333333334,360.83666666666664,-101.52333333333333,15.128338107129812,-5.943628933608572,0.5,23.333333333333332,29.276962266941904,0.8000000000000002,0.9,3.0,0.0,0.0,0.8000000000000002,0.0,0.0,1.0,5.464013374857649,near,non_dense,0.0,0.0,115,2,3,2
57,63.0,-0.3425152166666667,-0.3873182233333334,-0.2670865466666667,-496.09,-26.27,-19.98152811167784,15.584254463874055,-0.5,-24.666666666666668,-40.25092113054072,0.9,0.6,3.0,0.4000000000000001,0.0,0.5,1.0,0.0,1.0,5.43972386760407,near,non_dense,0.0,0.0,115,2,3,2
57,64.0,-0.39605533,-0.31089743,-0.2463095,-442.6033333333333,-74.86333333333333,-12.634699923111299,22.911209381592908,-0.5,-13.0,-35.911209381592904,2.2,1.1,3.0,0.5,0.0,1.7,1.0,0.0,3.0,4.099853856802899,near,non_dense,0.0,0.0,115,2,3,2
57,65.0,-0.38445077333333333,-0.26837416333333336,-0.26973767333333337,-46.05333333333332,862.4499999999999,-8.391168272084984,-4.930068291778035,-0.5,-8.666666666666666,-3.7365983748886316,2.7999999999999994,0.6999999999999998,3.0,0.0,0.4000000000000001,2.4,0.0,1.0,4.0,3.566197359032673,near,non_dense,0.0,0.0,115,2,3,2
57,66.0,-0.36869626333333333,-0.12380172333333332,-0.23255647999999998,79.61000000000001,-127.88666666666667,9.329345278660128,6.5407369001545135,0.5,13.0,6.4592630998454865,8.1,1.1,3.0,0.9,0.9,6.3,1.0,1.0,7.0,3.3954887515291445,near,non_dense,0.0,0.0,115,2,3,2
57,67.0,-0.34844672666666665,-0.3583205866666667,-0.27747098666666664,-262.24,-28.563333333333343,-16.3131376168927,0.277190746181135,-0.5,-21.0,-21.277190746181134,2.7999999999999994,1.0,3.0,0.5,0.6,1.7,1.0,1.0,3.0,5.073475501170865,near,non_dense,0.0,0.0,115,2,3,2
57,68.0,-0.3790094366666667,-0.3188162333333333,-0.27251238333333333,-423.3333333333333,-134.52,-13.064969264542531,18.681045667645467,-0.5,-15.666666666666666,-34.347712334312135,2.2,0.9,3.0,0.5,0.0,1.7,1.0,0.0,2.0,4.134552508648263,near,non_dense,0.0,0.0,115,2,3,2
57,69.0,-0.34520717666666667,-0.10938639333333333,-0.23470872333333334,227.5533333333333,-140.91333333333333,12.72577584356265,4.2038246964764925,0.5,22.666666666666668,18.462841970190173,6.7,1.1,3.0,1.8,0.0,4.9,1.0,0.0,4.0,4.794313952350351,near,non_dense,0.0,0.0,115,2,3,2
57,70.0,-0.35459827666666666,-0.11834112333333334,-0.22921050666666667,174.0966666666667,-221.39666666666668,10.801298512578514,5.874435688907178,0.5,20.0,14.125564311092822,7.5,1.1,3.0,1.8,0.0,5.7,1.0,0.0,5.0,4.058336566132398,near,non_dense,0.0,0.0,115,2,3,2
57,72.0,-0.36218293333333335,-0.22046375166666665,-0.39496477166666666,-74.85166666666665,-13.588333333333326,-48.94914297705322,-1.9268105958807416,-0.5,-8.0,-6.073189404119258,0.9,0.8000000000000002,3.0,0.4000000000000001,0.0,0.5,1.0,0.0,1.0,23.496672618309294,near,non_dense,0.0,0.0,115,2,3,2
57,73.0,-0.38457616,-0.15475925,-0.22637884,320.28333333333336,-179.49333333333334,6.491934902550331,-18.986613697971503,0.5,7.0,25.986613697971503,8.0,0.8000000000000002,4.0,0.0,1.5,6.5,0.0,1.0,6.0,2.1662321064476138,far,non_dense,0.0,0.0,115,2,3,2
57,74.0,-0.3466337033333333,-0.15106129,-0.23985192666666666,160.73333333333335,-114.08666666666666,7.3477386775434566,-0.707979176592108,0.5,12.333333333333334,13.041312509925442,10.1,1.0,4.0,0.8000000000000002,1.6000000000000003,7.7,1.0,1.0,4.0,2.5089142979045964,far,non_dense,0.0,0.0,115,2,3,2
57,76.0,-0.33905070000000004,-0.26481716,-0.25442561333333336,-184.35333333333332,-119.87,-5.78438530244075,5.624419252190028,-0.5,-9.333333333333334,-14.95775258552336,3.2999999999999994,1.1,4.0,1.2,0.0,2.1,1.0,0.0,5.0,1.9043739283513421,far,non_dense,0.0,0.0,115,2,3,2
57,77.0,-0.3704933833333333,-0.27848701000000003,-0.26801739,-9.169999999999996,-40.74,-6.828182509954299,-8.922646535708457,-0.5,-9.666666666666666,-0.7440201309582098,2.7999999999999994,1.1,4.0,1.8999999999999997,0.0,0.9,2.0,0.0,2.0,2.2176391195492977,far,non_dense,0.0,0.0,115,2,3,2
57,78.0,-0.3800669033333333,-0.12699970333333332,-0.24190686333333333,180.14,-175.4366666666667,8.247162025261227,-5.615898188747213,0.5,9.0,14.615898188747211,11.1,1.3,4.0,1.7,0.0,9.4,1.0,0.0,3.0,2.788007142086819,far,non_dense,0.0,0.0,115,2,3,2
57,79.0,-0.3550965666666666,-0.30017708666666665,-0.24909018333333333,-150.14666666666665,-169.21333333333334,-8.569315479369232,-1.4843174195268602,-0.5,-13.666666666666666,-12.182349247139806,2.2,1.1,4.0,1.6000000000000003,0.0,0.6,1.0,0.0,1.0,2.9484421590287497,far,non_dense,0.0,0.0,115,2,3,2
57,81.0,-0.34548398666666663,-0.34935596666666663,-0.2564461633333333,-188.92,16.596666666666664,-16.39532197222572,-0.6717248483505944,-0.5,-16.0,-15.328275151649407,1.8999999999999997,1.0,4.0,0.8000000000000002,0.0,1.1,1.0,0.0,1.0,5.247795647701198,far,non_dense,0.0,0.0,115,2,3,2
57,82.0,-0.3434460266666666,-0.13126951,-0.23059598666666667,353.05333333333334,-226.66,8.521888742169457,-11.645451177960659,0.5,17.0,28.645451177960656,9.6,1.0,4.0,0.0,1.1,8.5,0.0,1.0,8.0,2.821185769241925,far,non_dense,0.0,0.0,115,2,3,2
57,83.0,-0.3483051666666667,-0.11754877333333334,-0.24823293666666668,315.71666666666664,-153.80333333333334,10.113088084573413,-10.949424465178794,0.5,14.666666666666666,25.61609113184546,7.599999999999999,1.0,4.0,0.0,0.5,7.099999999999999,0.0,1.0,5.0,3.45401726144978,far,non_dense,0.0,0.0,115,2,3,2
57,84.0,-0.31423930333333333,-0.08793449333333332,-0.23447736666666666,293.4633333333333,-100.25666666666666,14.534327076829952,-0.14387070499086008,0.5,23.666666666666668,23.810537371657528,5.1,1.2,4.0,0.0,0.6999999999999998,4.4,0.0,1.0,3.0,4.5946680639545585,far,non_dense,0.0,0.0,115,2,3,2
57,85.0,-0.3712391566666667,-0.1524884,-0.22495703999999997,259.6666666666667,-117.40666666666665,7.646002931834526,-10.06839992789697,0.5,11.0,21.068399927896966,8.7,1.0,4.0,0.0,0.4000000000000001,8.3,0.0,1.0,7.0,2.646447653889878,far,non_dense,0.0,0.0,115,2,3,2
57,86.0,-0.3597534,-0.13351187333333334,-0.23086357999999998,239.21333333333337,-178.38666666666666,9.196454211888506,-3.075558225403487,0.5,16.333333333333332,19.408891558736823,12.0,1.1,4.0,4.0,0.0,8.0,1.0,0.0,4.0,3.0878454514103435,far,non_dense,0.0,0.0,115,2,3,2
57,87.0,-0.35926795,-0.11921564,-0.23085527666666664,410.1033333333333,-205.60999999999999,10.195991034091927,-17.274278710257914,0.5,16.0,33.27427871025791,8.4,1.0,4.0,0.0,2.7000000000000006,5.7,0.0,2.0,3.0,3.7236705537334096,far,non_dense,0.0,0.0,115,2,3,2
57,88.0,-0.33306838333333333,-0.10126622333333334,-0.2379076,328.96999999999997,-157.5,13.38937008817713,-6.024751270227809,0.5,20.666666666666668,26.691417936894478,3.1,0.9,4.0,0.6999999999999998,0.0,2.4,1.0,0.0,3.0,4.789916018345683,far,non_dense,0.0,0.0,115,2,3,2
57,89.0,-0.3546133866666667,-0.13837008,-0.23164452,165.65333333333334,-116.47333333333334,8.002142929887727,2.5594967545986167,0.5,16.0,13.440503245401382,7.3,1.1,4.0,0.4000000000000001,0.6,6.3,1.0,1.0,4.0,3.4183621614066646,far,non_dense,0.0,0.0,115,2,3,2
57,90.0,-0.42641601,-0.17110301000000003,-0.2337374,264.2366666666667,-178.67999999999998,6.392095490732733,-17.105859615117513,0.5,4.333333333333333,21.43919294845084,6.8,1.0,4.0,1.8999999999999997,1.1,3.7999999999999994,4.0,1.0,4.0,2.413427772964941,far,non_dense,0.0,0.0,115,2,3,2
57,91.0,-0.35210181,-0.28670031,-0.2643680466666667,-100.50666666666666,-143.88,-7.79108558823312,-4.1785914254264105,-0.5,-12.333333333333334,-8.154741907906923,1.3999999999999997,1.1,4.0,0.4000000000000001,0.0,1.0,1.0,0.0,2.0,2.9053275452929594,far,non_dense,0.0,0.0,115,2,3,2
57,92.0,-0.38216256,-0.28402048333333335,-0.24236261,-108.68333333333335,-131.48333333333332,-5.686912290733525,-2.1818333806279746,-0.5,-11.0,-8.818166619372024,3.6,1.0,4.0,1.0,0.0,2.6,2.0,0.0,4.0,2.0369076497524468,far,non_dense,0.0,0.0,115,2,3,2
57,93.0,-0.34679882666666667,-0.27397898,-0.2456703166666667,-47.75666666666666,-193.28666666666666,-6.268081925902481,-6.125199412490631,-0.5,-10.0,-3.8748005875093683,4.9,1.0,4.0,1.3,0.0,3.6,2.0,0.0,6.0,2.2618727456389274,far,non_dense,0.0,0.0,115,2,3,2
57,94.0,-0.35447386,-0.28214866666666666,-0.25601810666666663,-160.52666666666667,-145.57333333333335,-7.893944755216058,1.3578776687333598,-0.5,-11.666666666666666,-13.024544335400028,2.9,0.8000000000000002,4.0,0.0,0.0,2.9,0.0,0.0,4.0,2.6824573125805657,far,non_dense,0.0,0.0,115,2,3,2
57,95.0,-0.32302152,-0.10673621999999999,-0.24745057666666667,57.139999999999986,38.93,13.208526552389822,14.697203531484684,0.5,19.333333333333332,4.636129801848649,4.0,0.8000000000000002,4.0,0.0,0.0,4.0,0.0,0.0,4.0,4.483730032491792,far,non_dense,0.0,0.0,115,2,3,2
57,96.0,-0.36235643666666667,-0.31815461333333334,-0.28132636333333333,-40.370000000000005,-103.58333333333333,-10.502681895081027,-15.724526424560203,-0.5,-19.0,-3.275473575439797,3.7999999999999994,0.9,4.0,0.8000000000000002,0.4000000000000001,2.6,2.0,1.0,5.0,5.090141940266748,far,non_dense,0.0,0.0,115,2,3,2
59,1.0,-0.44236148333333336,-0.08639594333333334,-0.21054911666666667,170.61333333333334,-71.93,-15.184631973629564,-1.8504148499117292,-0.5,11.0,12.85041484991173,1.2,0.6,1.0,0.8000000000000002,0.4000000000000001,0.0,2.0,1.0,0.0,2.168971735696545,near,dense,0.0,0.0,119,2,2,2
59,2.0,-0.30546165333333336,-0.17632122666666664,-0.21929720333333333,-279.1933333333333,-87.11666666666667,14.458168858793597,17.361878327841513,0.5,-3.6666666666666665,-21.028544994508177,7.900000000000001,0.5,1.0,5.599999999999999,0.8000000000000002,1.5,5.0,1.0,2.0,2.235412916694646,near,dense,0.0,0.0,119,2,2,2
59,3.0,-0.3773669966666667,-0.0647278,-0.2114611333333333,347.62000000000006,-119.28000000000002,-21.670222689651563,-6.182368768323978,-0.5,20.0,26.18236876832398,1.0,0.6,1.0,0.4000000000000001,0.0,0.6,1.0,0.0,1.0,4.730705526593794,near,dense,0.0,0.0,119,2,2,2
59,4.0,-0.37521592666666664,-0.01017237,-0.17417961333333332,450.9766666666667,434.3633333333334,22.66921751125261,-8.633749667000911,0.5,25.333333333333332,33.96708300033424,6.099999999999999,1.3,1.0,5.1,0.0,1.0,6.0,0.0,1.0,3.6382899394554897,near,dense,0.0,0.0,119,2,2,2
59,5.0,-0.4286229633333334,-0.07394611333333334,-0.20555913666666667,287.86000000000007,66.30666666666669,33.82232721313776,-8.01464244572543,0.5,13.666666666666666,21.681309112392096,7.2,0.6,1.0,7.2,0.0,0.0,8.0,0.0,0.0,5.592803490227137,near,dense,0.0,0.0,119,2,2,2
59,6.0,-0.42225101000000004,-0.06313379333333334,-0.20028654333333332,307.47666666666663,-68.46666666666667,15.841239185975745,-8.158815586910121,0.5,15.0,23.158815586910123,9.1,0.6999999999999998,1.0,8.5,0.0,0.6,6.0,0.0,1.0,2.472512364518881,near,dense,0.0,0.0,119,2,2,2
59,7.0,-0.4098523333333333,-0.05766331,-0.22371346,363.59,-83.39666666666668,18.70450265245137,-5.051878853752899,0.5,22.333333333333332,27.38521218708623,5.400000000000001,0.6999999999999998,1.0,5.400000000000001,0.0,0.0,7.0,0.0,0.0,2.55408768290126,near,dense,0.0,0.0,119,2,2,2
59,8.0,-0.40052390000000004,-0.032836043333333335,-0.19710275666666666,389.11000000000007,-93.47000000000001,23.432433748629222,-2.97401811779878,0.5,26.333333333333332,29.30735145113211,3.7999999999999994,0.6,1.0,3.7999999999999994,0.0,0.0,3.0,0.0,0.0,3.912207129092885,near,dense,0.0,0.0,119,2,2,2
59,9.0,-0.3933970133333333,-0.01978304666666667,-0.19939959666666665,558.2066666666667,-68.30666666666666,32.611650987892155,-12.043532580414157,0.5,30.0,42.04353258041416,3.6,0.6,1.0,3.2000000000000006,0.0,0.4000000000000001,2.0,0.0,1.0,5.468765452544169,near,dense,0.0,0.0,119,2,2,2
59,10.0,-0.33996542333333335,0.028925886666666668,-0.18230353333333335,755.8666666666668,-149.85333333333332,46.98853647010364,-7.567596539436501,0.5,45.0,52.5675965394365,3.7000000000000006,0.6999999999999998,1.0,3.7000000000000006,0.0,0.0,5.0,0.0,0.0,7.5496157702696935,near,dense,0.0,0.0,119,2,2,2
59,13.0,-0.40721946666666664,-0.08116973555555557,-0.2026270722222222,287.3233333333334,10.144444444444433,11.285643995200985,-6.085332394152192,0.5,15.555555555555555,21.640887949707746,7.0,0.7,1.0,0.0,0.0,7.0,0.0,0.0,4.0,1.777820920547492,near,dense,0.0,0.0,119,2,2,2
59,14.0,-0.3780247766666667,-0.049631940000000006,-0.21808299666666667,395.9666666666667,-151.94,24.103321088215257,-7.157121626960527,0.5,22.666666666666668,29.823788293627192,9.0,0.5,1.0,9.0,0.0,0.0,6.0,0.0,0.0,4.223118144706697,near,dense,0.0,0.0,119,2,2,2
59,15.0,-0.39598896333333333,-0.037944900000000004,-0.21461664666666666,352.5900000000001,-78.99333333333334,26.501236721721117,-0.22337055028485153,0.5,26.333333333333332,26.556703883618184,5.599999999999999,0.5,1.0,4.5,0.0,1.1,3.0,0.0,1.0,4.630491026379633,near,dense,0.0,0.0,119,2,2,2
59,16.0,-0.43605920666666664,-0.06991361,-0.22865392333333334,246.76333333333335,-43.916666666666686,37.83866446437446,-4.9192852113443415,0.5,13.666666666666666,18.585951878011006,3.4,0.4000000000000001,1.0,3.4,0.0,0.0,5.0,0.0,0.0,6.656566312504903,near,dense,0.0,0.0,119,2,2,2
59,18.0,-0.39386148,-0.033679596666666665,-0.20893993333333336,223.97333333333336,-118.19,-41.05822203269057,8.130566688901434,-0.5,25.0,16.869433311098565,1.0,0.6,1.0,0.6,0.4000000000000001,0.0,1.0,1.0,0.0,6.546547940291713,near,dense,0.0,0.0,119,2,2,2
59,19.0,-0.3754742566666667,-0.020278599999999997,-0.22790781999999998,572.3933333333333,202.6,31.289546682960165,-15.11205722876567,0.5,28.0,43.11205722876567,5.5,0.5,1.0,4.8,0.0,0.6999999999999998,5.0,0.0,1.0,6.83973530083972,near,dense,0.0,0.0,119,2,2,2
59,21.0,-0.39894366333333336,-0.06075481333333333,-0.21961562,321.2966666666667,-83.60000000000001,-32.82219286131574,-3.5330566251460396,-0.5,20.666666666666668,24.199723291812706,0.4000000000000001,0.6999999999999998,1.0,0.4000000000000001,0.0,0.0,1.0,0.0,0.0,5.305687470280801,near,dense,0.0,0.0,119,2,2,2
59,25.0,-0.38129912833333335,-0.031855955,-0.2097046783333333,451.24499999999995,-65.29166666666667,20.95904813032497,-9.653960248343077,0.5,24.333333333333332,33.98729358167641,4.4,0.6999999999999998,2.0,0.0,0.0,4.4,0.0,0.0,4.0,3.4847382691928677,far,dense,0.0,0.0,119,2,2,2
59,26.0,-0.4388546133333333,-0.07347485,-0.20510006333333333,304.48,-107.75333333333333,24.745931235664738,-9.933109839995643,0.5,13.0,22.93310983999564,8.1,0.8000000000000002,2.0,7.599999999999999,0.0,0.5,6.0,0.0,1.0,4.1828720182338515,far,dense,0.0,0.0,119,2,2,2
59,27.0,-0.4546073666666666,-0.10586349666666667,-0.21877010666666666,185.66,-106.57666666666667,18.671922041723416,-6.317047117140451,0.5,7.666666666666667,13.983713783807117,7.3,0.8000000000000002,2.0,6.7,0.6,0.0,7.0,1.0,0.0,3.313546959644052,far,dense,0.0,0.0,119,2,2,2
59,28.0,-0.4377388166666667,-0.07171852,-0.21099979333333332,265.5566666666667,-85.54,-36.391023812282555,-5.001445761330056,-0.5,15.0,20.001445761330057,0.5,0.8000000000000002,2.0,0.5,0.0,0.0,1.0,0.0,0.0,5.080052792587872,far,dense,0.0,0.0,119,2,2,2
59,29.0,-0.4182611633333333,-0.07679661,-0.22036619333333332,206.85666666666668,-93.08,19.04568985471538,2.4197758217221748,0.5,18.0,15.580224178277824,4.7,0.6,2.0,4.7,0.0,0.0,5.0,0.0,0.0,3.3844941427967643,far,dense,0.0,0.0,119,2,2,2
59,30.0,-0.43400802,-0.08649052333333333,-0.22895329333333334,415.7633333333333,46.876666666666665,24.310108462349863,-18.314852176747422,0.5,13.0,31.314852176747422,4.6,0.6,2.0,3.6,0.0,1.0,4.0,0.0,1.0,4.252682785293183,far,dense,0.0,0.0,119,2,2,2
59,31.0,-0.43293049666666666,-0.09358515333333334,-0.2352997933333333,249.63000000000002,-107.85333333333334,20.42825976284962,-6.4685328298238955,0.5,12.333333333333334,18.80186616315723,7.099999999999999,0.6,2.0,6.400000000000001,0.0,0.6999999999999998,7.0,0.0,1.0,5.535839641715685,far,dense,0.0,0.0,119,2,2,2
59,32.0,-0.39777045333333333,-0.09593859666666667,-0.23695911666666666,229.77666666666664,-71.89999999999999,16.73686831060417,-1.3065342069585242,0.5,16.0,17.306534206958524,7.400000000000001,0.5,2.0,7.0,0.0,0.4000000000000001,5.0,0.0,1.0,2.923918224002333,far,dense,0.0,0.0,119,2,2,2
59,33.0,-0.40978599666666665,-0.06066417333333333,-0.23293784666666664,225.38999999999996,-73.29666666666667,20.263602672227776,5.023864861939642,0.5,22.0,16.976135138060357,6.599999999999999,0.5,2.0,6.599999999999999,0.0,0.0,4.0,0.0,0.0,3.5732776396498505,far,dense,0.0,0.0,119,2,2,2
59,34.0,-0.42568607,-0.029130156666666667,-0.20457006666666666,536.72,-77.12666666666667,27.77234786644966,-15.09184636097323,0.5,25.333333333333332,40.425179694306564,6.0,0.9,2.0,5.599999999999999,0.0,0.4000000000000001,6.0,0.0,1.0,4.747779851418184,far,dense,0.0,0.0,119,2,2,2
59,35.0,-0.42905723999999995,-0.03975174333333333,-0.20475828666666665,496.67333333333335,-110.34666666666668,36.085979688635206,-15.408907343438328,0.5,22.0,37.40890734343833,1.8999999999999997,0.6,2.0,1.8999999999999997,0.0,0.0,1.0,0.0,0.0,6.008780169802967,far,dense,0.0,0.0,119,2,2,2
59,37.0,-0.38248618333333334,-0.05123787833333334,-0.21155736833333336,406.5016666666667,-112.04166666666667,17.917437729741145,-6.283939958206221,0.5,24.333333333333332,30.61727329153955,5.3,0.6,2.0,0.0,0.0,5.3,0.0,0.0,6.0,3.19841807023248,far,dense,0.0,0.0,119,2,2,2
59,39.0,-0.3653854082352941,-0.33076250705882354,-0.5979119194117647,-44.80882352941177,-206.7811764705882,19.61383521300824,-22.24888167649432,0.5,-25.11764705882353,-2.868765382329212,4.3,0.5,2.0,1.4,0.0,2.9,2.0,0.0,3.0,3.5448057742716266,far,dense,0.0,0.0,119,2,2,2
59,40.0,-0.27850149,-0.14769808666666664,-0.2811711866666667,447.16666666666674,-238.04,33.534851946061224,-18.013451184920914,0.5,15.666666666666666,33.68011785158758,4.2,0.4000000000000001,2.0,4.2,0.0,0.0,4.0,0.0,0.0,6.002176897328904,far,dense,0.0,0.0,119,2,2,2
59,42.0,-0.21137606,-0.18393421666666665,-0.22870745666666667,-475.1233333333333,-122.77000000000002,-28.01076709867056,23.452450924674405,-0.5,-12.333333333333334,-35.78578425800774,1.5,0.9,2.0,1.5,0.0,0.0,1.0,0.0,0.0,3.9826081456836877,far,dense,0.0,0.0,119,2,2,2
59,43.0,-0.1691819866666667,-0.21657374666666665,-0.25926579,-363.0733333333333,-39.919999999999995,-47.20079498030404,3.3462974031354586,-0.5,-24.0,-27.346297403135463,0.6,0.4000000000000001,2.0,0.6,0.0,0.0,1.0,0.0,0.0,7.204083690063754,far,dense,0.0,0.0,119,2,2,2
59,49.0,-0.35210107,-0.12727253,-0.19183366,380.8933333333334,-219.53333333333333,7.603784866857104,-15.688480854753697,0.5,13.0,28.688480854753696,7.7,0.6999999999999998,3.0,0.0,0.0,7.7,0.0,0.0,4.0,3.420858269670204,near,non_dense,0.0,0.0,119,2,2,2
59,52.0,-0.22190366333333333,-0.21858278,-0.22592838999999998,-342.65000000000003,-130.53666666666666,-43.75460970936524,10.808033653029776,-0.5,-15.0,-25.808033653029778,3.6,0.8000000000000002,3.0,2.2,0.0,1.3999999999999997,2.0,0.0,1.0,14.31293680330777,near,non_dense,0.0,0.0,119,2,2,2
59,55.0,-0.27026527333333333,-0.16255454,-0.20294465333333334,370.8833333333334,-193.88666666666668,-14.14654632341145,-9.934538298597777,-0.5,18.0,27.934538298597776,1.3999999999999997,0.8000000000000002,3.0,1.3999999999999997,0.0,0.0,2.0,0.0,0.0,4.914945085679598,near,non_dense,0.0,0.0,119,2,2,2
59,56.0,-0.29886731333333333,-0.10643235,-0.21582405666666668,338.33,-108.53333333333335,39.46244447343336,6.517344153423131,0.5,32.0,25.482655846576872,7.0,0.8000000000000002,3.0,6.3,0.0,0.6999999999999998,5.0,0.0,1.0,11.098026485277574,near,non_dense,0.0,0.0,119,2,2,2
59,57.0,-0.3119157833333333,-0.16788424999999998,-0.2198927066666667,288.75333333333333,-204.71333333333334,12.655411903123527,-12.081927362491925,0.5,9.666666666666666,21.748594029158593,3.9,0.9,3.0,2.2,1.7,0.0,2.0,1.0,0.0,4.063612592100274,near,non_dense,0.0,0.0,119,2,2,2
59,58.0,-0.342413,-0.17868647333333332,-0.26546102666666666,195.76999999999998,-172.40333333333334,44.19250881748321,-12.745188233630934,0.5,2.0,14.745188233630934,10.0,0.4000000000000001,3.0,5.400000000000001,0.6,4.0,4.0,1.0,1.0,23.60797423166895,near,non_dense,0.0,0.0,119,2,2,2
59,59.0,-0.28865804333333334,-0.11097445666666667,-0.23499834,341.18666666666667,-38.66666666666666,13.345948467767146,-2.364483609022968,0.5,23.333333333333332,25.6978169423563,6.2,0.6999999999999998,3.0,4.2,0.0,2.0,6.0,0.0,2.0,4.8493106655843095,near,non_dense,0.0,0.0,119,2,2,2
59,61.0,-0.3166211466666667,-0.13052913333333332,-0.19074473,378.445,3.464999999999994,17.70467028139758,-12.670741658118159,0.5,15.833333333333334,28.504074991451493,4.7,0.6999999999999998,3.0,0.0,0.0,4.7,0.0,0.0,5.0,7.816009670608563,near,non_dense,0.0,0.0,119,2,2,2
59,64.0,-0.25595870666666665,-0.22774704999999998,-0.23598876333333332,-180.35666666666665,-104.94,-32.620334278403185,1.917605689619944,-0.5,-11.666666666666666,-13.584272356286611,1.1,1.1,3.0,1.1,0.0,0.0,2.0,0.0,0.0,8.713368729322493,near,non_dense,0.0,0.0,119,2,2,2
59,65.0,-0.3329171066666667,-0.14475721,-0.20393203333333335,154.96,-84.53666666666668,-22.395778396383637,3.661910905568868,-0.5,15.333333333333334,11.671422427764464,0.4000000000000001,1.2,3.0,0.4000000000000001,0.0,0.0,1.0,0.0,0.0,7.766942967913134,near,non_dense,0.0,0.0,119,2,2,2
59,66.0,-0.20081260999999997,-0.19231701333333331,-0.19883282000000002,-344.7966666666666,-77.43666666666665,26.480332519282104,10.96971830376718,0.5,-15.0,-25.96971830376718,2.9,1.7,3.0,2.9,0.0,0.0,4.0,0.0,0.0,9.666549234575006,near,non_dense,0.0,0.0,119,2,2,2
59,68.0,-0.30083835999999997,-0.10750836000000001,-0.18057934,251.13666666666668,-101.47333333333331,-41.27519890504561,1.0846533055798755,-0.5,20.0,18.915346694420126,2.7000000000000006,1.1,3.0,0.0,0.0,2.7000000000000006,0.0,0.0,1.0,10.872762565528333,near,non_dense,0.0,0.0,119,2,2,2
59,70.0,-0.24691716666666666,-0.17907825333333335,-0.28078912666666667,-249.1966666666667,-79.77,32.331883801172765,13.435894623929698,0.5,-5.333333333333333,-18.76922795726303,5.0,0.4000000000000001,3.0,4.6,0.0,0.4000000000000001,3.0,0.0,1.0,10.621308399324738,near,non_dense,0.0,0.0,119,2,2,2
59,71.0,-0.17049949666666667,-0.13634563333333335,-0.20771904666666666,-271.31,-30.123333333333335,-27.345676358690596,8.101447377022744,-0.5,-12.333333333333334,-20.434780710356076,1.3999999999999997,1.0,3.0,0.9,0.0,0.5,1.0,0.0,1.0,7.4411725550632974,near,non_dense,0.0,0.0,119,2,2,2
59,73.0,-0.4261479883333334,-0.08607285666666666,-0.21832580666666668,207.22333333333333,39.36833333333333,10.631985826164449,-5.274507788393425,0.5,10.333333333333334,15.607841121726759,8.3,0.5,4.0,5.599999999999999,0.0,2.7000000000000006,9.0,0.0,3.0,3.6674646073753614,far,non_dense,0.0,0.0,119,2,2,2
59,79.0,-0.28340908000000004,-0.17233805666666666,-0.20664319333333334,-184.39000000000001,3.759999999999991,-20.818287022757495,5.554725400891563,-0.5,-8.333333333333334,-13.888058734224897,2.7000000000000006,0.9,4.0,2.7000000000000006,0.0,0.0,3.0,0.0,0.0,6.234260455409505,far,non_dense,0.0,0.0,119,2,2,2
59,82.0,-0.40365071999999996,-0.05588042666666667,-0.24981341666666668,283.09999999999997,-58.95333333333334,16.930722473456438,-6.322790973800469,0.5,15.0,21.32279097380047,5.599999999999999,0.5,4.0,4.3,0.6999999999999998,0.6,4.0,1.0,1.0,5.387771510233506,far,non_dense,0.0,0.0,119,2,2,2
59,83.0,-0.38627832,-0.03695953,-0.18904608,363.06333333333333,-62.033333333333324,28.123902751468094,-12.34554421376867,0.5,15.0,27.345544213768672,8.6,0.8000000000000002,4.0,6.400000000000001,0.0,2.2,4.0,0.0,1.0,7.8177856805515775,far,non_dense,0.0,0.0,119,2,2,2
59,86.0,-0.4080602633333334,-0.06853174666666667,-0.18945964666666668,242.46,-77.42666666666666,18.525882502377787,-5.261829387169416,0.5,13.0,18.261829387169417,3.9,0.8000000000000002,4.0,3.9,0.0,0.0,3.0,0.0,0.0,6.271326189363964,far,non_dense,0.0,0.0,119,2,2,2
59,87.0,-0.3795401533333333,-0.056846063333333335,-0.18659828666666667,395.4466666666667,-72.22,30.474573349852744,-11.11795577988749,0.5,18.666666666666668,29.784622446554156,8.5,0.6999999999999998,4.0,6.3,1.3999999999999997,0.8000000000000002,5.0,1.0,1.0,9.303691473794549,far,non_dense,0.0,0.0,119,2,2,2
59,92.0,-0.17042064999999998,-0.19135914,-0.21066335333333333,-116.87333333333333,-64.11,-8.63424727561421,1.802775192786908,-0.5,-7.0,-8.802775192786909,8.2,0.9,4.0,6.2,0.0,2.0,4.0,0.0,2.0,2.9399912851494556,far,non_dense,0.0,0.0,119,2,2,2
59,93.0,-0.2049727166666667,-0.18227219333333333,-0.21270951000000002,-181.67333333333332,-58.63333333333333,-10.550115154078785,6.350108956247181,-0.5,-7.333333333333333,-13.683442289580514,6.0,0.8000000000000002,4.0,4.7,0.0,1.3,4.0,0.0,1.0,3.5951146899513815,far,non_dense,0.0,0.0,119,2,2,2
59,94.0,-0.3589567233333333,-0.07021926,-0.17891330333333333,375.2533333333334,-160.46333333333334,-13.983241038328375,-13.263682051884627,-0.5,15.0,28.26368205188463,5.7,0.6,4.0,5.7,0.0,0.0,3.0,0.0,0.0,4.575387254114033,far,non_dense,0.0,0.0,119,2,2,2
62,2.0,-0.3741589066666666,-0.10496415999999999,-0.21102836333333333,254.19999999999996,-67.38666666666668,10.153817533558609,-4.520872606545357,0.5,15.333333333333334,19.854205939878693,2.2,0.6,1.0,0.0,0.0,2.2,0.0,0.0,4.0,1.5106168230626975,near,dense,-3.0,-3.0,118,2,3,1
62,3.0,-0.34599632,-0.28664949666666667,-0.23883203666666666,-243.32000000000002,-171.86,-14.213281943139236,3.630175658914365,-0.5,-15.0,-18.630175658914364,0.9,0.4000000000000001,1.0,0.9,0.0,0.0,1.0,0.0,0.0,2.708924359267087,near,dense,-3.0,-3.0,118,2,3,1
62,4.0,-0.3580205166666666,-0.10168219333333334,-0.22211661000000002,257.65,-73.73,12.904300119733989,13.876332964556473,0.5,34.0,20.12366703544353,2.9,0.6,1.0,1.0,0.0,1.8999999999999997,1.0,0.0,4.0,1.9049757062913006,near,dense,-3.0,-3.0,118,2,3,1
62,5.0,-0.37843748666666666,-0.12199532666666667,-0.29813660000000003,507.1266666666667,-87.89333333333333,15.382442685929048,-26.942291939172105,0.5,12.666666666666666,39.60895860583877,2.7000000000000006,0.4000000000000001,1.0,0.0,0.9,1.8,0.0,1.0,2.0,2.4200187080341564,near,dense,-3.0,-3.0,118,2,3,1
62,6.0,-0.34069659,-0.12338485333333334,-0.21991435666666667,359.67333333333335,-106.50333333333333,11.008083232051773,-1.0921653465091883,0.5,27.0,28.092165346509187,5.2,0.8000000000000002,1.0,0.4000000000000001,0.0,4.8,1.0,0.0,4.0,1.6567090614793214,near,dense,-3.0,-3.0,118,2,3,1
62,7.0,-0.3538333566666667,-0.10430771333333333,-0.2182856333333333,385.46999999999997,-104.39999999999999,12.439860354306816,-1.1070053644572748,0.5,29.0,30.107005364457276,5.0,0.8000000000000002,1.0,0.4000000000000001,1.3999999999999997,3.2000000000000006,1.0,1.0,4.0,1.5000133290826791,near,dense,-3.0,-3.0,118,2,3,1
62,9.0,-0.3518228833333333,-0.08833873666666665,-0.22580735,595.9333333333333,481.1433333333334,15.643788539510657,-23.211840256117394,0.5,23.333333333333332,46.545173589450734,1.2,0.4000000000000001,1.0,0.0,0.6,0.6,0.0,1.0,1.0,2.434903808935284,near,dense,-3.0,-3.0,118,2,3,1
62,10.0,-0.33734547,-0.06122091333333333,-0.22074377999999997,176.06333333333336,-199.4433333333333,18.78669165841496,23.233271614162344,0.5,38.0,14.76672838583766,2.6,0.6,1.0,0.6,0.0,2.0,1.0,0.0,4.0,3.0454027808565343,near,dense,-3.0,-3.0,118,2,3,1
62,12.0,-0.36056964333333336,-0.07077923,-0.21562488000000002,4.6733333333332885,65.52333333333335,14.24740659847992,23.968324197118942,0.5,24.333333333333332,0.3650091362143941,0.8000000000000002,0.6,1.0,0.0,0.4000000000000001,0.4000000000000001,0.0,1.0,1.0,2.1577085732892853,near,dense,-3.0,-3.0,118,2,3,1
62,13.0,-0.36561921999999997,-0.11531191666666667,-0.22677728666666666,-3.466666666666697,-180.93999999999997,11.388659844261774,20.082921053983444,0.5,21.0,0.9170789460165546,3.9,0.6,1.0,1.6000000000000003,0.0,2.3,2.0,0.0,3.0,1.8176945040135501,near,dense,-3.0,-3.0,118,2,3,1
62,15.0,-0.3607421333333333,-0.09691096666666665,-0.23724151333333332,217.32333333333335,-52.69666666666666,13.690047020263364,16.35936710382545,0.5,33.333333333333336,16.973966229507884,1.0,0.5,1.0,0.6,0.0,0.4000000000000001,1.0,0.0,1.0,2.2250263127585974,near,dense,-3.0,-3.0,118,2,3,1
62,23.0,-0.3621811466666667,-0.2964365,-0.24342191999999999,-338.46000000000004,-87.29,-12.888508441983818,12.101971711557866,-0.5,-14.333333333333334,-26.435305044891198,1.2,0.8000000000000002,1.0,1.2,0.0,0.0,2.0,0.0,0.0,1.93477991517391,near,dense,-3.0,-3.0,118,2,3,1
62,24.0,-0.39211102000000003,-0.17408943333333335,-0.23615286333333332,137.37,-83.98333333333333,4.50434808667423,-6.0625712167367025,0.5,4.666666666666667,10.72923788340337,6.0,0.8000000000000002,1.0,1.7,0.0,4.3,2.0,0.0,3.0,1.2252239322143226,near,dense,-3.0,-3.0,118,2,3,1
62,26.0,-0.3623984866666667,-0.11013645999999999,-0.2240336133333333,428.52333333333337,-96.54666666666667,13.557793835562274,-14.136338224665428,0.5,19.333333333333332,33.46967155799876,3.7000000000000006,0.5,2.0,0.0,0.0,3.7000000000000006,0.0,0.0,4.0,2.2754898050310417,far,dense,-3.0,-3.0,118,2,3,1
62,27.0,-0.3752907333333333,-0.08373694999999999,-0.22087358333333332,485.54333333333335,-106.48666666666668,14.255354863035613,-16.589866244696434,0.5,21.333333333333332,37.92319957802977,2.3,0.6,2.0,0.0,1.3,1.0,0.0,1.0,2.0,2.3612750786783274,far,dense,-3.0,-3.0,118,2,3,1
62,28.0,-0.3344815566666666,-0.33167718,-0.23586852333333333,-180.02,-88.82,-18.214951224952017,-7.9395981380922,-0.5,-22.0,-14.0604018619078,0.5,0.6,2.0,0.0,0.0,0.5,0.0,0.0,1.0,2.2203148765383376,far,dense,-3.0,-3.0,118,2,3,1
62,29.0,-0.37922914,-0.09707630666666667,-0.21981533,147.83333333333334,-116.57333333333334,12.946183849234956,6.120193634492263,0.5,17.666666666666668,11.546473032174404,3.1,0.6,2.0,0.0,0.0,3.1,0.0,0.0,3.0,2.246709974402329,far,dense,-3.0,-3.0,118,2,3,1
62,32.0,-0.38988453,-0.10081982666666667,-0.22004270666666667,28.57333333333334,-191.10666666666665,11.687175809088538,12.183892876282293,0.5,15.333333333333334,3.1494404570510426,6.099999999999999,0.6,2.0,0.5,1.7,3.9,1.0,1.0,5.0,1.9537745981279306,far,dense,-3.0,-3.0,118,2,3,1
62,35.0,-0.3788677833333333,-0.05784678666666667,-0.2339649566666667,74.93666666666665,68.83333333333336,18.336822004860043,11.871126644492785,0.5,22.0,10.128873355507219,0.4000000000000001,0.6999999999999998,2.0,0.0,0.0,0.4000000000000001,0.0,0.0,1.0,3.2175341518334784,far,dense,-3.0,-3.0,118,2,3,1
62,37.0,-0.3852384,-0.07996389999999999,-0.22879743666666666,336.75000000000006,-69.20666666666666,14.045790295015337,-5.635079400422829,0.5,20.666666666666668,26.301746067089496,2.0,0.6,2.0,0.0,1.3,0.6999999999999998,0.0,1.0,1.0,2.569730032730577,far,dense,-3.0,-3.0,118,2,3,1
62,38.0,-0.37527030666666666,-0.07168213333333333,-0.2276239733333333,124.7933333333333,-189.75666666666666,16.92664727033939,13.46224872122266,0.5,24.0,10.537751278777343,1.7,0.6,2.0,0.0,0.4000000000000001,1.3,0.0,1.0,2.0,3.359169515634136,far,dense,-3.0,-3.0,118,2,3,1
62,39.0,-0.37797037666666666,-0.09953943,-0.22617571333333333,424.06,-97.14999999999999,13.933604533200361,-12.121064401514394,0.5,21.0,33.121064401514396,3.2000000000000006,0.6999999999999998,2.0,0.0,0.5,2.7000000000000006,0.0,1.0,4.0,2.4880889915801503,far,dense,-3.0,-3.0,118,2,3,1
62,40.0,-0.3555147033333333,-0.08471572999999999,-0.24120539666666665,520.7466666666668,-97.41666666666667,17.170749478267496,-8.006077481662858,0.5,32.666666666666664,40.67274414832952,1.1,0.8000000000000002,2.0,0.0,0.4000000000000001,0.6999999999999998,0.0,1.0,1.0,3.132949929686766,far,dense,-3.0,-3.0,118,2,3,1
62,44.0,-0.35410929666666663,-0.25401861666666664,-0.2445558733333333,-295.59,-159.38,-15.860117200637982,7.4360858284936535,-0.5,-15.0,-22.436085828493656,6.8,0.4000000000000001,2.0,1.3,0.0,5.5,2.0,0.0,4.0,2.049719950608877,far,dense,-3.0,-3.0,118,2,3,1
62,45.0,-0.35971893666666666,-0.27405128,-0.23994079999999998,-273.73,-68.98666666666668,-14.392833708657086,7.0462567214384775,-0.5,-14.333333333333334,-21.37959005477181,4.0,0.6999999999999998,2.0,1.7,0.0,2.3,3.0,0.0,2.0,1.881560553170475,far,dense,-3.0,-3.0,118,2,3,1
62,46.0,-0.36910117,-0.27523147,-0.2609054933333333,-191.31333333333336,-394.5,-10.766478655201647,-1.0544122592537903,-0.5,-11.0,-9.94558774074621,3.2999999999999994,0.6999999999999998,2.0,3.2999999999999994,0.0,0.0,2.0,0.0,0.0,2.27898898733385,far,dense,-3.0,-3.0,118,2,3,1
62,47.0,-0.3644439066666667,-0.27699226000000005,-0.24728340000000001,-380.6333333333334,-171.49333333333334,-11.327581582891588,17.580927029713774,-0.5,-11.666666666666666,-29.247593696380438,1.7,0.5,2.0,1.7,0.0,0.0,2.0,0.0,0.0,1.5310610449959763,far,dense,-3.0,-3.0,118,2,3,1
62,49.0,-0.36681012333333335,-0.07775046000000001,-0.24541827000000002,498.58,-34.26333333333334,15.34956098502875,6.058575934285135,0.5,45.0,38.94142406571486,12.5,1.2,3.0,1.6000000000000003,1.1,9.8,3.0,1.0,8.0,6.965051657579193,near,non_dense,-3.0,-3.0,118,2,3,1
62,50.0,-0.3725611,-0.07151521000000001,-0.22229311666666665,513.43,-45.696666666666665,15.595736753323605,-10.767945013291046,0.5,29.333333333333332,40.101278346624376,4.2,0.8000000000000002,3.0,0.9,0.0,3.2999999999999994,2.0,0.0,4.0,5.751390850502124,near,non_dense,-3.0,-3.0,118,2,3,1
62,54.0,-0.3734673966666667,-0.13912174666666666,-0.24161181666666667,172.40333333333334,-80.53333333333333,8.2918231554754,3.534495339411673,0.5,17.0,13.465504660588328,8.9,1.1,3.0,3.6,1.5,3.7999999999999994,2.0,1.0,3.0,4.554808136247286,near,non_dense,-3.0,-3.0,118,2,3,1
62,55.0,-0.36749935333333333,-0.26828088333333333,-0.23314292,-181.72666666666666,-58.64333333333332,-9.197095252452574,3.5270338241582277,-0.5,-10.666666666666666,-14.193700490824895,7.599999999999999,0.6999999999999998,3.0,5.3,0.0,2.3,3.0,0.0,1.0,3.5337280270776836,near,non_dense,-3.0,-3.0,118,2,3,1
62,56.0,-0.3604657066666667,-0.10420645666666667,-0.24194794,201.87,-67.68,12.501735977945089,5.233011199514903,0.5,21.0,15.766988800485096,7.099999999999999,0.6999999999999998,3.0,2.2,0.6999999999999998,4.2,2.0,1.0,6.0,4.530555584829734,near,non_dense,-3.0,-3.0,118,2,3,1
62,58.0,-0.34878617666666667,-0.11451544666666667,-0.21349195666666665,716.4866666666667,376.72666666666663,12.393578192905286,-23.98642173274082,0.5,25.666666666666668,49.65308839940749,6.0,0.6999999999999998,3.0,1.1,0.4000000000000001,4.5,2.0,1.0,5.0,6.767989762305191,near,non_dense,-3.0,-3.0,118,2,3,1
62,59.0,-0.35331668666666666,-0.09768128999999999,-0.22962181666666667,524.6266666666667,442.6133333333333,13.462621355551633,-13.30912358334156,0.5,27.666666666666668,40.975790250008224,5.400000000000001,0.5,3.0,3.1,0.9,1.3999999999999997,5.0,1.0,2.0,4.872083186991882,near,non_dense,-3.0,-3.0,118,2,3,1
62,60.0,-0.35593,-0.11052713333333335,-0.21968933333333332,234.5,-71.73333333333333,12.164280720958535,2.0177893014625483,0.5,20.333333333333332,18.315544031870786,6.599999999999999,0.6,3.0,1.2,0.4000000000000001,5.0,2.0,1.0,8.0,4.413044343263313,near,non_dense,-3.0,-3.0,118,2,3,1
62,61.0,-0.35744802000000003,-0.12964622,-0.22253862,347.50333333333333,-54.94666666666668,10.16558068611927,-11.80829823548772,0.5,15.333333333333334,27.141631568821055,9.9,0.8000000000000002,3.0,0.6999999999999998,1.8,7.400000000000001,1.0,1.0,6.0,4.458469198574069,near,non_dense,-3.0,-3.0,118,2,3,1
62,68.0,-0.37508421,-0.21869813999999999,-0.26936208333333334,-234.35666666666665,-79.07000000000001,-11.962557191729625,12.30434902983282,-0.5,-6.0,-18.30434902983282,2.9,0.4000000000000001,3.0,2.0,0.0,0.9,1.0,0.0,1.0,3.9531650728550414,near,non_dense,-3.0,-3.0,118,2,3,1
62,73.0,-0.36004977666666665,-0.14539991,-0.22530672,250.78333333333333,-80.24,6.422880165603689,-6.25401499982656,0.5,13.333333333333334,19.587348333159895,7.5,0.9,4.0,1.3,1.3,4.9,1.0,1.0,6.0,2.1903537573191287,far,non_dense,-3.0,-3.0,118,2,3,1
62,75.0,-0.35538066333333335,-0.26882296,-0.2619409366666667,-115.67333333333333,-70.46000000000002,-7.967664393260179,-4.965373006482162,-0.5,-14.0,-9.034626993517838,3.7999999999999994,0.5,4.0,1.5,0.0,2.3,2.0,0.0,4.0,2.689645702159511,far,non_dense,-3.0,-3.0,118,2,3,1
62,76.0,-0.35352936333333335,-0.25805312333333336,-0.23306613,-93.52333333333331,-84.40666666666665,-5.971702272947247,-1.6953913446737954,-0.5,-9.0,-7.304608655326205,8.4,0.6,4.0,2.2,1.8,4.4,1.0,1.0,3.0,1.9450669822157034,far,non_dense,-3.0,-3.0,118,2,3,1
62,79.0,-0.35870815333333333,-0.2796325966666667,-0.27288437000000004,-158.14,-60.379999999999995,-10.452906935253395,0.3514717833690633,-0.5,-12.0,-12.351471783369064,2.3,0.8000000000000002,4.0,1.8999999999999997,0.0,0.4000000000000001,2.0,0.0,1.0,3.4934557820464875,far,non_dense,-3.0,-3.0,118,2,3,1
62,80.0,-0.3468673133333333,-0.25255308,-0.24465024333333332,-0.6366666666666893,-39.666666666666664,-11.388389818408706,-8.950273363040688,-0.5,-9.0,-0.04972663695931049,4.5,0.6,4.0,1.5,0.0,3.0,2.0,0.0,2.0,5.542192940390364,far,non_dense,-3.0,-3.0,118,2,3,1
62,81.0,-0.33477713,-0.28119702333333335,-0.2675959366666667,-208.60666666666665,-67.23000000000002,-15.650102549726666,1.2931538962691864,-0.5,-15.0,-16.293153896269185,1.7,0.6,4.0,1.7,0.0,0.0,2.0,0.0,0.0,4.980796641395806,far,non_dense,-3.0,-3.0,118,2,3,1
62,82.0,-0.35315531333333333,-0.14252604666666668,-0.2297712633333333,53.176666666666655,-83.46,8.326014488945974,8.179987577250396,0.5,12.333333333333334,4.1533457560829365,10.3,0.6999999999999998,4.0,1.6000000000000003,0.0,8.7,1.0,0.0,6.0,2.798538955306053,far,non_dense,-3.0,-3.0,118,2,3,1
62,83.0,-0.3695404566666667,-0.11772997666666667,-0.22573647,220.13,-85.25666666666666,9.982373585361493,-2.8598466570108703,0.5,14.333333333333334,17.193179990344202,5.3,0.6999999999999998,4.0,2.7000000000000006,0.0,2.6,1.0,0.0,4.0,3.3236323274681197,far,non_dense,-3.0,-3.0,118,2,3,1
62,84.0,-0.35078560333333336,-0.09587021333333334,-0.22652564333333333,186.45666666666668,-79.80666666666666,13.038268024567643,17.43686444192244,0.5,32.0,14.563135558077557,2.7999999999999994,0.8000000000000002,4.0,0.6999999999999998,0.0,2.1,1.0,0.0,3.0,4.183126367504982,far,non_dense,-3.0,-3.0,118,2,3,1
62,85.0,-0.37174552666666666,-0.13740079333333333,-0.24962323333333333,243.21000000000004,2843.7533333333336,7.781070103438625,2.979865519928026,0.5,15.666666666666666,12.68680114673864,10.4,0.6999999999999998,4.0,3.0,0.0,7.400000000000001,2.0,0.0,7.0,2.7037792030147667,far,non_dense,-3.0,-3.0,118,2,3,1
62,86.0,-0.36818090000000003,-0.14987752333333335,-0.24487450666666666,62.78333333333334,-64.99000000000001,7.968059416975372,10.096328758489179,0.5,15.0,4.903671241510821,9.3,0.6999999999999998,4.0,0.6,0.5,8.2,1.0,1.0,8.0,2.870253008528296,far,non_dense,-3.0,-3.0,118,2,3,1
62,89.0,-0.3337460966666667,-0.13759048333333335,-0.22596977333333335,286.27000000000004,-84.38000000000001,7.389195150553231,-8.692355891984295,0.5,13.666666666666666,22.359022558650963,6.5,0.6999999999999998,4.0,0.0,0.9,5.599999999999999,0.0,1.0,7.0,3.5201106656835974,far,non_dense,-3.0,-3.0,118,2,3,1
62,90.0,-0.3580034666666667,-0.15216496333333332,-0.2536894333333333,291.49666666666667,-93.86000000000001,7.013303685366044,-19.433916276376234,0.5,3.3333333333333335,22.76724960970957,5.400000000000001,0.8000000000000002,4.0,4.7,0.6999999999999998,0.0,5.0,1.0,0.0,2.6821095330521274,far,non_dense,-3.0,-3.0,118,2,3,1
62,91.0,-0.35672007333333333,-0.24165384333333337,-0.25294102333333335,-130.14666666666668,-71.80666666666666,-8.156537279695117,0.49839518380046927,-0.5,-9.666666666666666,-10.165061850467136,4.3,0.5,4.0,0.9,0.4000000000000001,3.0,1.0,1.0,4.0,2.790162371012005,far,non_dense,-3.0,-3.0,118,2,3,1
62,92.0,-0.36323117,-0.22579943,-0.24037283,-296.87666666666667,-191.03,-6.3572619688330905,15.859673397981048,-0.5,-6.0,-21.859673397981044,6.400000000000001,0.5,4.0,2.1,0.6,3.7000000000000006,2.0,1.0,2.0,2.0882278571462485,far,non_dense,-3.0,-3.0,118,2,3,1
62,93.0,-0.35038368000000003,-0.22203220666666668,-0.2452248,-221.49333333333334,26.463333333333328,-6.346865794909696,11.299662684147117,-0.5,-6.0,-17.29966268414712,3.1,0.6,4.0,3.1,0.0,0.0,3.0,0.0,0.0,2.2877105936709854,far,non_dense,-3.0,-3.0,118,2,3,1
62,94.0,-0.3431667866666667,-0.24748345666666668,-0.2384243566666667,-123.72666666666669,-80.88333333333334,-7.672608403084074,-0.3363701012796039,-0.5,-10.0,-9.663629898720396,4.8,0.8000000000000002,4.0,1.7,1.3999999999999997,1.7,1.0,1.0,2.0,2.583553290527538,far,non_dense,-3.0,-3.0,118,2,3,1
62,95.0,-0.35258686666666667,-0.11365770333333332,-0.24102061,408.8433333333333,-115.93666666666667,12.332090383067898,-11.599238409965134,0.5,20.333333333333332,31.932571743298467,4.0,0.9,4.0,0.0,0.8000000000000002,3.2000000000000006,0.0,1.0,3.0,4.431258248479447,far,non_dense,-3.0,-3.0,118,2,3,1
63,2.0,-0.27049546666666663,-0.13740678666666667,-0.21940426333333332,236.16,34.413333333333334,9.825703616467719,1.6434769146742798,0.5,19.333333333333332,17.68985641865905,4.7,0.9,1.0,0.9,0.8000000000000002,3.0,1.0,1.0,3.0,1.4611865719806507,near,dense,99.0,99.0,119,2,1,1
63,3.0,-0.22793766000000001,-0.32666466666666666,-0.23577176,-344.94,-105.33999999999999,-13.738659548012095,-13.828510022644588,-0.5,-39.666666666666664,-25.838156644022078,1.0,0.8000000000000002,1.0,1.0,0.0,0.0,2.0,0.0,0.0,2.6045865102778407,near,dense,99.0,99.0,119,2,1,1
63,4.0,-0.25941828,-0.11937476333333334,-0.22076736333333336,321.78666666666663,-44.98666666666667,12.35019870334177,7.896172379860121,0.5,32.0,24.103827620139878,3.7000000000000006,0.9,1.0,1.1,0.6,2.0,1.0,1.0,1.0,1.8766139185646677,near,dense,99.0,99.0,119,2,1,1
63,5.0,-0.26467173666666666,-0.09990943666666667,-0.23852948333333335,378.5566666666667,-95.98666666666668,14.585714009725676,-5.022921238395614,0.5,23.333333333333332,28.356254571728943,1.7,1.3,1.0,0.0,0.0,1.7,0.0,0.0,3.0,2.252439486485248,near,dense,99.0,99.0,119,2,1,1
63,6.0,-0.2844155533333333,-0.12552583666666667,-0.22402524666666668,212.7166666666667,-50.46333333333333,10.33025366300628,4.066195413325324,0.5,20.0,15.933804586674675,5.8,1.2,1.0,1.1,2.9,1.8,1.0,1.0,3.0,1.5350632862788414,near,dense,99.0,99.0,119,2,1,1
63,7.0,-0.28483981999999997,-0.11257070000000001,-0.23952025666666668,332.74333333333334,-109.46,11.32682345083232,13.07544973351679,0.5,38.0,24.92455026648321,3.5,0.6999999999999998,1.0,0.6999999999999998,0.8000000000000002,2.0,1.0,1.0,3.0,1.3674974146505983,near,dense,99.0,99.0,119,2,1,1
63,8.0,-0.3056360666666667,-0.10273067333333334,-0.23520694666666667,494.40333333333336,-57.10999999999999,13.199791233100484,-12.813418172062065,0.5,24.0,36.813418172062065,3.9,0.6999999999999998,1.0,0.0,1.8,2.1,0.0,1.0,2.0,1.9864256654733385,near,dense,99.0,99.0,119,2,1,1
63,9.0,-0.28166916999999997,-0.07882358,-0.22448972666666667,450.57666666666665,-72.03333333333332,15.628353721262576,9.915665062113256,0.5,43.666666666666664,33.75100160455341,2.6,0.9,1.0,0.0,0.5,2.1,0.0,1.0,3.0,2.421764737382375,near,dense,99.0,99.0,119,2,1,1
63,12.0,-0.28859739333333334,-0.08901823666666668,-0.21071014666666668,382.76666666666665,-68.52,13.851523120551912,0.9950568462819144,0.5,29.666666666666668,28.67160982038475,1.2,0.8000000000000002,1.0,0.0,0.0,1.2,0.0,0.0,1.0,2.142654705358008,near,dense,99.0,99.0,119,2,1,1
63,13.0,-0.3399745433333334,-0.09704215,-0.20791542333333335,267.4433333333333,-48.943333333333335,11.039482824051992,-0.03317313175067229,0.5,20.0,20.033173131750672,8.4,1.1,1.0,5.3,0.0,3.1,3.0,0.0,4.0,1.6913507496669349,near,dense,99.0,99.0,119,2,1,1
63,14.0,-0.28270138,-0.10927623666666668,-0.21863099,290.29333333333335,-107.75,12.32542825633432,16.255219402267112,0.5,38.0,21.744780597732888,6.8,1.6000000000000003,1.0,1.3999999999999997,1.2,4.2,1.0,1.0,5.0,1.9210949000808455,near,dense,99.0,99.0,119,2,1,1
63,15.0,-0.2723409233333333,-0.10585118333333333,-0.21620690666666667,358.4433333333333,-120.76666666666665,14.166794108286354,15.483692831587854,0.5,42.333333333333336,26.84964050174548,2.4,1.1,1.0,0.0,0.0,2.4,0.0,0.0,2.0,2.2750207984482174,near,dense,99.0,99.0,119,2,1,1
63,16.0,-0.26031987,-0.09282336333333334,-0.21668529666666667,440.07,-96.52333333333335,16.392729432937326,7.036013236114115,0.5,40.0,32.963986763885885,0.8000000000000002,1.2,1.0,0.0,0.0,0.8000000000000002,0.0,0.0,1.0,2.748543448904929,near,dense,99.0,99.0,119,2,1,1
63,17.0,-0.28355809,-0.12814672000000002,-0.22318560333333334,317.54,-111.28666666666668,11.521323866599465,8.214274190459877,0.5,32.0,23.78572580954012,4.1,1.1,1.0,2.7000000000000006,0.0,1.3999999999999997,3.0,0.0,2.0,1.401110015486636,near,dense,99.0,99.0,119,2,1,1
63,19.0,-0.25920585,-0.10621575999999999,-0.23215012333333332,431.80333333333334,-108.48,15.640575493673596,-9.011428555915655,0.5,23.333333333333332,32.344761889248986,0.9,0.9,1.0,0.0,0.0,0.9,0.0,0.0,1.0,3.1077538544051286,near,dense,99.0,99.0,119,2,1,1
63,20.0,-0.22075693,-0.3532672433333333,-0.25579920333333334,-372.6366666666666,-121.57666666666667,-16.739822192268687,-10.753857005161557,-0.5,-38.666666666666664,-27.91280966150511,2.9,1.1,1.0,2.9,0.0,0.0,2.0,0.0,0.0,2.5432840205394647,near,dense,99.0,99.0,119,2,1,1
63,21.0,-0.26004265666666665,-0.35259221,-0.2722497466666667,-427.75,-161.31,-16.620392363963603,-9.958858049282648,-0.5,-42.0,-32.04114195071735,0.6,0.9,1.0,0.6,0.0,0.0,1.0,0.0,0.0,2.5202857411384776,near,dense,99.0,99.0,119,2,1,1
63,22.0,-0.2958641233333333,-0.09248506666666667,-0.22263710666666667,323.8233333333333,-97.17999999999999,13.43055003523014,11.743613348245946,0.5,36.0,24.256386651754053,4.3,1.2,1.0,1.1,1.2,2.0,1.0,1.0,2.0,2.182406941275771,near,dense,99.0,99.0,119,2,1,1
63,23.0,-0.34396429999999995,-0.3340173966666667,-0.24908154000000002,-359.43666666666667,-53.13999999999999,-12.800633802292658,11.924047361681687,-0.5,-15.0,-26.924047361681687,3.0,1.2,1.0,1.7,0.6999999999999998,0.6,1.0,1.0,1.0,1.9270543791483916,near,dense,99.0,99.0,119,2,1,1
63,24.0,-0.35583565666666667,-0.16624956333333332,-0.21797696666666666,112.57333333333331,-195.89333333333335,4.2157147050784785,6.234222123829137,0.5,14.666666666666666,8.43244454283753,8.6,1.6000000000000003,1.0,2.6,0.0,6.0,1.0,0.0,6.0,1.2085203595496699,near,dense,99.0,99.0,119,2,1,1
63,25.0,-0.27615221,-0.03971189,-0.20691877333333333,563.7433333333333,-129.1,19.63530001099411,-27.22789051339311,0.5,15.0,42.227890513393106,2.9,1.0,2.0,1.2,0.0,1.7,2.0,0.0,2.0,3.3498922572384373,far,dense,99.0,99.0,119,2,1,1
63,26.0,-0.32571788333333335,-0.10761539999999999,-0.2224154633333333,329.91666666666663,-102.33333333333333,12.914478711955342,3.287184690650695,0.5,28.0,24.712815309349306,2.1,1.1,2.0,0.0,0.0,2.1,0.0,0.0,2.0,2.227576811738686,far,dense,99.0,99.0,119,2,1,1
63,27.0,-0.37931888999999996,-0.07267096,-0.21329250666666666,336.98333333333335,-50.26666666666667,13.564441729563285,-0.24215270218406934,0.5,25.0,25.242152702184068,4.0,1.3999999999999997,2.0,1.2,0.4000000000000001,2.4,1.0,1.0,4.0,2.365718665467604,far,dense,99.0,99.0,119,2,1,1
63,29.0,-0.34387044000000005,-0.09805518333333334,-0.21588174000000002,373.1233333333333,-165.11666666666667,13.344706726314397,6.050735970875135,0.5,34.0,27.949264029124866,4.8,2.0,2.0,1.2,1.0,2.6,2.0,1.0,4.0,2.2766723000629026,far,dense,99.0,99.0,119,2,1,1
63,30.0,-0.38472031166666665,-0.206966935,-0.34127841,229.74166666666667,-147.11833333333334,22.22199244653615,-7.209083234742387,0.5,10.0,17.209083234742387,3.4,1.7,2.0,0.0,0.0,3.4,0.0,0.0,2.0,3.8246811750004626,far,dense,99.0,99.0,119,2,1,1
63,31.0,-0.31651963666666666,-0.10673134333333334,-0.21953636666666668,348.33666666666664,-202.03666666666666,14.396322281712246,11.907411844988006,0.5,38.0,26.092588155011992,5.5,1.7,2.0,3.1,0.0,2.4,2.0,0.0,4.0,4.123812807677333,far,dense,99.0,99.0,119,2,1,1
63,32.0,-0.38645758,-0.22811749,-0.34446607999999995,225.43999999999997,-187.21166666666667,15.712859006714723,-11.386861581226697,0.5,5.5,16.886861581226697,4.1,2.1,2.0,0.0,1.3,2.7999999999999994,0.0,2.0,4.0,2.6766351370999772,far,dense,99.0,99.0,119,2,1,1
63,33.0,-0.33944009,-0.09989297000000001,-0.22251599333333336,369.0333333333333,-179.71,13.413895020754182,4.357102471350722,0.5,32.0,27.642897528649275,3.7999999999999994,1.8999999999999997,2.0,0.9,0.6999999999999998,2.2,2.0,1.0,2.0,2.3670579192845453,far,dense,99.0,99.0,119,2,1,1
63,34.0,-0.3405701333333333,-0.08244981,-0.22148919666666667,367.2366666666667,-112.62,14.882992924563316,10.491684006604471,0.5,38.0,27.50831599339553,3.9,2.0,2.0,0.0,2.5,1.3999999999999997,0.0,2.0,3.0,2.587229155593504,far,dense,99.0,99.0,119,2,1,1
63,37.0,-0.3811881366666667,-0.04964764666666666,-0.20381206333333335,396.8866666666666,-111.60000000000001,15.147511867121104,-2.7292858562564724,0.5,27.0,29.72928585625647,4.1,1.6000000000000003,2.0,0.6,0.6999999999999998,2.7999999999999994,1.0,1.0,2.0,2.6923101770978364,far,dense,99.0,99.0,119,2,1,1
63,38.0,-0.33005940666666667,-0.06516109666666667,-0.21498699,373.3533333333333,-84.54,16.239786481854438,12.033507536863057,0.5,40.0,27.966492463136944,8.1,1.6000000000000003,2.0,1.1,0.6999999999999998,6.3,1.0,1.0,6.0,3.223957220264746,far,dense,99.0,99.0,119,2,1,1
63,39.0,-0.37288705333333333,-0.05186063333333333,-0.21374690333333335,468.9766666666667,-161.77666666666667,15.428364100028881,-3.129276325519399,0.5,32.0,35.1292763255194,2.9,2.0,2.0,0.0,0.9,2.0,0.0,1.0,2.0,2.6873216047862165,far,dense,99.0,99.0,119,2,1,1
63,40.0,-0.34476028666666664,-0.04866107,-0.21531926,460.3,-200.64666666666668,16.79911058529518,7.8539934387332195,0.5,42.333333333333336,34.479339894600116,0.6,2.3,2.0,0.0,0.0,0.6,0.0,0.0,1.0,3.128237467129377,far,dense,99.0,99.0,119,2,1,1
63,42.0,-0.37929603777777776,-0.36625638666666666,-0.3943383266666667,-382.6922222222222,-167.51333333333332,-15.870473576914868,-0.6672998659863048,-0.5,-29.333333333333332,-28.66603346734703,1.5,0.6,2.0,0.4,0.0,1.1,1.0,0.0,2.0,2.051313447319421,far,dense,99.0,99.0,119,2,1,1
63,45.0,-0.3427090933333334,-0.35205106999999997,-0.25580617,-388.1466666666667,-111.81333333333333,-14.073021913995818,13.407938697130966,-0.5,-15.666666666666666,-29.074605363797634,1.0,2.0,2.0,1.0,0.0,0.0,1.0,0.0,0.0,1.8505673129909985,far,dense,99.0,99.0,119,2,1,1
63,46.0,-0.3530390833333333,-0.32970823,-0.22744587333333333,-301.1933333333333,-204.66333333333333,-11.179335063241377,7.561258557435562,-0.5,-15.0,-22.561258557435565,10.4,1.8,2.0,3.0,1.6000000000000003,5.8,4.0,1.0,3.0,2.2770115668457076,far,dense,99.0,99.0,119,2,1,1
63,47.0,-0.3631014111111111,-0.3517837211111111,-0.25026316666666665,-348.6011111111111,-150.14,-13.40444334635846,10.890174470446167,-0.5,-15.222222222222221,-26.112396692668387,2.1,0.5,2.0,1.4,0.0,0.7,2.0,0.0,1.0,1.7631059623521026,far,dense,99.0,99.0,119,2,1,1
63,49.0,-0.34782647333333333,-0.12082468,-0.21634897,239.55666666666664,-97.76666666666667,10.378251338994344,11.055712070351033,0.5,29.0,17.94428792964897,8.2,1.1,3.0,0.0,1.1,7.099999999999999,0.0,1.0,3.0,4.803450169210678,near,non_dense,99.0,99.0,119,2,1,1
63,51.0,-0.26957989666666665,-0.32969778,-0.2783564733333333,-384.4866666666667,-138.71666666666667,-14.481775740690424,-10.866218122365526,-0.5,-39.666666666666664,-28.800448544301144,3.1,1.5,3.0,0.6999999999999998,0.0,2.4,1.0,0.0,2.0,4.434377970783585,near,non_dense,99.0,99.0,119,2,1,1
63,52.0,-0.28759941333333333,-0.31113242,-0.26522257666666665,-284.57666666666665,-217.62666666666667,-12.161038496470667,6.316566621925521,-0.5,-15.0,-21.31656662192552,2.7000000000000006,2.1,3.0,0.0,0.0,2.7000000000000006,0.0,0.0,2.0,4.474067487176342,near,non_dense,99.0,99.0,119,2,1,1
63,53.0,-0.2751596966666667,-0.3525349066666667,-0.2597583833333333,-436.16,-158.81333333333333,-16.333792464880137,-0.995563280986057,-0.5,-33.666666666666664,-32.67110338568061,0.8000000000000002,1.2,3.0,0.0,0.4000000000000001,0.4000000000000001,0.0,1.0,1.0,4.637370743784323,near,non_dense,99.0,99.0,119,2,1,1
63,54.0,-0.33583730666666667,-0.16762911666666666,-0.22056098333333332,118.84333333333336,-55.18666666666667,7.9745945770240425,13.764560031413005,0.5,22.666666666666668,8.902106635253661,11.9,2.1,3.0,4.4,0.0,7.5,1.0,0.0,2.0,4.126895210276689,near,non_dense,99.0,99.0,119,2,1,1
63,55.0,-0.34811257,-0.2910432333333333,-0.2279145,-202.26666666666665,-90.48666666666666,-8.604944680211851,0.1510344326477989,-0.5,-15.0,-15.1510344326478,6.8,2.0,3.0,5.1,0.0,1.7,1.0,0.0,2.0,3.44126095110451,near,non_dense,99.0,99.0,119,2,1,1
63,56.0,-0.32202467333333334,-0.11315801666666665,-0.21041790666666668,261.28999999999996,-128.61333333333332,10.74637099378885,10.094416566601359,0.5,29.666666666666668,19.572250100065308,6.400000000000001,1.5,3.0,1.8999999999999997,2.0,2.5,1.0,1.0,2.0,4.025336271548599,near,non_dense,99.0,99.0,119,2,1,1
63,57.0,-0.33014033000000004,-0.1405035,-0.20900836666666667,205.41,-93.73333333333333,8.919920348545732,4.613510302520512,0.5,20.0,15.386489697479488,14.9,1.6000000000000003,3.0,5.7,0.0,9.2,2.0,0.0,2.0,3.2879156328906753,near,non_dense,99.0,99.0,119,2,1,1
63,58.0,-0.3664389666666667,-0.11175745333333333,-0.22684342666666665,219.57333333333335,-146.12,10.348520079675453,-4.114078336860733,0.5,12.333333333333334,16.447411670194068,6.400000000000001,1.1,3.0,0.0,0.0,6.400000000000001,0.0,0.0,1.0,5.7234297951188315,near,non_dense,99.0,99.0,119,2,1,1
63,59.0,-0.36359940999999996,-0.11130072333333334,-0.21152827333333332,337.33666666666664,-188.54,11.256672165712226,-4.268619571825805,0.5,21.0,25.268619571825806,6.7,2.0,3.0,3.5,2.4,0.8000000000000002,2.0,1.0,1.0,3.918115045480681,near,non_dense,99.0,99.0,119,2,1,1
63,60.0,-0.3119639033333333,-0.10063654,-0.20299752999999998,308.52,-177.85,12.316733414631493,6.5565950953392145,0.5,29.666666666666668,23.110071571327452,3.2999999999999994,1.2,3.0,1.3999999999999997,0.0,1.8999999999999997,2.0,0.0,2.0,4.53879767617984,near,non_dense,99.0,99.0,119,2,1,1
63,63.0,-0.2700974133333333,-0.35441412666666666,-0.24852843666666669,-308.52,-64.18666666666667,-15.695736583461875,-18.889928428672548,-0.5,-42.0,-23.110071571327452,1.6000000000000003,1.2,3.0,0.5,0.0,1.1,1.0,0.0,1.0,4.495114229722824,near,non_dense,99.0,99.0,119,2,1,1
63,64.0,-0.31590239999999997,-0.33284559666666663,-0.2564342133333333,-337.8433333333333,-137.85,-13.386047553654505,10.30657206414226,-0.5,-15.0,-25.306572064142262,2.7000000000000006,1.5,3.0,2.7000000000000006,0.0,0.0,1.0,0.0,0.0,4.2398561472556215,near,non_dense,99.0,99.0,119,2,1,1
63,65.0,-0.25922562666666665,-0.31174891,-0.26574964333333334,-270.78333333333336,-178.73333333333335,-10.834778385547594,5.283359956099936,-0.5,-15.0,-20.283359956099936,4.7,1.8999999999999997,3.0,3.5,0.4000000000000001,0.8000000000000002,2.0,1.0,1.0,4.333857886639541,near,non_dense,99.0,99.0,119,2,1,1
63,66.0,-0.31967531666666665,-0.12430718333333333,-0.2301606833333333,230.6,-81.34666666666668,11.011512059485746,13.059955580357482,0.5,30.333333333333332,17.27337775297585,6.2,1.8999999999999997,3.0,3.6,2.1,0.5,2.0,1.0,1.0,4.122985343925743,near,non_dense,99.0,99.0,119,2,1,1
63,67.0,-0.27684416666666667,-0.35725207,-0.2585653133333333,-321.8066666666667,-135.66666666666666,-14.812888555520038,-11.561340921830082,-0.5,-35.666666666666664,-24.10532574483658,4.3,1.5,3.0,1.3999999999999997,0.0,2.9,1.0,0.0,2.0,4.555531938400078,near,non_dense,99.0,99.0,119,2,1,1
63,68.0,-0.30392522666666666,-0.33489919,-0.24741562000000003,-318.18666666666667,-182.98000000000002,-11.992622304010107,7.834165174733492,-0.5,-16.0,-23.83416517473349,1.5,1.1,3.0,0.0,1.5,0.0,0.0,1.0,0.0,3.907792470434087,near,non_dense,99.0,99.0,119,2,1,1
63,69.0,-0.3176417333333333,-0.12050495,-0.21185705666666665,233.02666666666664,-110.83666666666666,12.05959340736831,22.544849783824287,0.5,40.0,17.455150216175713,5.2,2.0,3.0,1.3,2.4,1.5,1.0,1.0,2.0,4.600415535004833,near,non_dense,99.0,99.0,119,2,1,1
63,70.0,-0.35535218333333335,-0.10638737,-0.22361558666666667,344.82,-193.80666666666664,11.50299342628233,-1.4958345625085308,0.5,24.333333333333332,25.829167895841863,5.5,1.6000000000000003,3.0,1.5,2.3,1.7,1.0,1.0,1.0,4.337030682017587,near,non_dense,99.0,99.0,119,2,1,1
63,71.0,-0.28967054,-0.33692513999999996,-0.2628394566666667,-355.79333333333335,-186.86666666666667,-12.702224243543654,4.651138979432447,-0.5,-22.0,-26.65113897943245,4.5,1.5,3.0,1.2,0.5,2.7999999999999994,1.0,1.0,4.0,3.957112250318217,near,non_dense,99.0,99.0,119,2,1,1
63,72.0,-0.32234554,-0.3397663733333333,-0.25366406166666666,-274.76666666666665,-192.60666666666668,-13.106303483987977,1.3876050545625642,-0.5,-18.666666666666668,-20.05427172122923,1.8,0.5,3.0,0.0,0.0,1.8,0.0,0.0,3.0,4.220229672754913,near,non_dense,99.0,99.0,119,2,1,1
63,73.0,-0.2839723333333333,-0.16353867,-0.22899851666666668,192.15666666666667,-125.70666666666666,6.4302657232015035,5.60626760153514,0.5,20.0,14.393732398464861,18.3,3.5,4.0,5.5,0.0,12.800000000000002,1.0,0.0,6.0,2.3133779213926435,far,non_dense,99.0,99.0,119,2,1,1
63,74.0,-0.28187001666666667,-0.10849246333333333,-0.22756888666666666,184.70666666666668,-175.53999999999996,9.671474375723419,24.164319051056694,0.5,38.0,13.835680948943306,6.599999999999999,2.4,4.0,2.7000000000000006,1.5,2.4,2.0,1.0,3.0,3.2693429591490477,far,non_dense,99.0,99.0,119,2,1,1
63,75.0,-0.25890870666666665,-0.40305024333333334,-0.24682967333333336,-201.46333333333334,48.48666666666666,-19.20282921324385,-26.909140242669736,-0.5,-42.0,-15.090859757330263,2.7000000000000006,1.2,4.0,1.8999999999999997,0.8000000000000002,0.0,3.0,1.0,0.0,6.142647290070865,far,non_dense,99.0,99.0,119,2,1,1
63,76.0,-0.2977908066666667,-0.30309339,-0.23943094333333334,-84.30666666666666,-134.91333333333333,-8.204247248961828,-8.684905028501515,-0.5,-15.0,-6.315094971498485,7.8,1.5,4.0,5.900000000000001,0.0,1.8999999999999997,4.0,0.0,2.0,2.591268295244456,far,non_dense,99.0,99.0,119,2,1,1
63,77.0,-0.31763132666666666,-0.29970484999999997,-0.24390050333333332,-92.00999999999999,-110.81999999999998,-7.467900064783677,-8.107877332821735,-0.5,-15.0,-6.892122667178266,6.900000000000001,2.7999999999999994,4.0,5.5,0.0,1.3999999999999997,1.0,0.0,2.0,2.4217075468502016,far,non_dense,99.0,99.0,119,2,1,1
63,78.0,-0.28289786,-0.13679373333333333,-0.22789814,222.31333333333336,-132.36333333333334,9.454372423318798,15.347345246357738,0.5,32.0,16.652654753642263,8.6,2.4,4.0,2.4,2.1,4.1,2.0,1.0,2.0,3.2116444827795134,far,non_dense,99.0,99.0,119,2,1,1
63,79.0,-0.30178468333333336,-0.30985918333333334,-0.24681768666666667,-120.43333333333335,-137.01,-10.144274121734114,-5.9787924513585216,-0.5,-15.0,-9.02120754864148,3.5,2.4,4.0,3.0,0.5,0.0,1.0,1.0,0.0,3.2587102421171124,far,non_dense,99.0,99.0,119,2,1,1
63,82.0,-0.25622145333333335,-0.14105114,-0.24723093,184.35666666666665,-149.50666666666666,9.043501224282217,18.19053623324898,0.5,32.0,13.809463766751017,10.9,2.6,4.0,3.6,0.0,7.3,2.0,0.0,3.0,3.123273856718311,far,non_dense,99.0,99.0,119,2,1,1
63,83.0,-0.24527701666666668,-0.12585839333333335,-0.24241453333333332,298.07,-141.50333333333333,11.084749751766054,18.67269858269943,0.5,41.0,22.32730141730057,5.400000000000001,2.0,4.0,1.3,1.2,2.9,2.0,1.0,3.0,3.733905563212083,far,non_dense,99.0,99.0,119,2,1,1
63,85.0,-0.2833995633333333,-0.13174237333333333,-0.23441821333333335,214.44000000000003,-162.27999999999997,7.469139074561674,15.937107001959484,0.5,32.0,16.062892998040514,7.900000000000001,2.0,4.0,2.0,1.6000000000000003,4.3,2.0,1.0,5.0,2.8869260034888455,far,non_dense,99.0,99.0,119,2,1,1
63,87.0,-0.2849714666666667,-0.13417698333333336,-0.23080070333333333,219.46666666666667,-191.70000000000002,9.572975921242191,15.560578328188349,0.5,32.0,16.43942167181165,9.3,1.3999999999999997,4.0,0.8000000000000002,2.7999999999999994,5.7,1.0,1.0,3.0,3.558224821519806,far,non_dense,99.0,99.0,119,2,1,1
63,88.0,-0.28033012333333335,-0.10442502333333332,-0.22872231333333334,298.2033333333333,-180.35999999999999,11.912061795132447,-8.670622248611926,0.5,13.666666666666666,22.33728891527859,13.1,1.3999999999999997,4.0,0.0,3.2000000000000006,9.9,0.0,1.0,4.0,4.507119559628188,far,non_dense,99.0,99.0,119,2,1,1
63,89.0,-0.3091280433333333,-0.13222208,-0.22480824,143.49333333333337,-138.38,6.865083865444156,23.251454676060934,0.5,34.0,10.74854532393907,5.400000000000001,1.5,4.0,0.0,0.0,5.400000000000001,0.0,0.0,3.0,3.394564830155469,far,non_dense,99.0,99.0,119,2,1,1
63,90.0,-0.3343687633333334,-0.13615271333333334,-0.23627564999999998,214.46,-106.35000000000001,7.3124439068820415,15.935608877262785,0.5,32.0,16.064391122737216,9.5,2.2,4.0,7.0,0.9,1.6000000000000003,2.0,1.0,1.0,2.776822801475701,far,non_dense,99.0,99.0,119,2,1,1
63,91.0,-0.26199471,-0.29005959666666664,-0.2703085666666667,-169.17999999999998,-137.07999999999998,-9.00002199238086,-2.3273631905964685,-0.5,-15.0,-12.672636809403533,4.7,2.1,4.0,2.9,1.1,0.6999999999999998,1.0,1.0,1.0,3.1004950792221213,far,non_dense,99.0,99.0,119,2,1,1
63,92.0,-0.3148528033333333,-0.29405143,-0.25484934666666664,-142.24666666666667,-83.86666666666667,-7.420325125407626,-4.344837782155368,-0.5,-15.0,-10.655162217844632,13.699999999999998,2.5,4.0,6.2,0.0,7.5,2.0,0.0,3.0,2.4405196267695928,far,non_dense,99.0,99.0,119,2,1,1
63,93.0,-0.32191342333333334,-0.30354709333333335,-0.26122021666666667,-157.26666666666668,-113.85000000000001,-7.61142116960702,-3.21974613493205,-0.5,-15.0,-11.78025386506795,1.5,2.1,4.0,0.0,0.0,1.5,0.0,0.0,2.0,2.610129660278424,far,non_dense,99.0,99.0,119,2,1,1
63,94.0,-0.3404007766666666,-0.2817603833333333,-0.24736147666666666,-136.85333333333332,-115.60666666666664,-7.559901567926743,-4.748832075366052,-0.5,-15.0,-10.251167924633947,4.6,1.8,4.0,3.2000000000000006,0.0,1.3999999999999997,1.0,0.0,1.0,2.5932063340490537,far,non_dense,99.0,99.0,119,2,1,1
63,95.0,-0.2732902033333333,-0.11287888,-0.22116158,331.29333333333335,-217.23666666666668,11.568620764467937,-15.482602892638972,0.5,9.333333333333334,24.815936225972305,7.900000000000001,1.2,4.0,2.0,0.0,5.900000000000001,2.0,0.0,5.0,4.292198970353606,far,non_dense,99.0,99.0,119,2,1,1
63,96.0,-0.2812062733333333,-0.3159838133333333,-0.2860793566666667,-184.28666666666666,-81.97333333333331,-10.9473865988031,-1.1957796696874372,-0.5,-15.0,-13.804220330312562,1.0,1.3,4.0,0.0,0.0,1.0,0.0,0.0,1.0,4.987513664951808,far,non_dense,99.0,99.0,119,2,1,1
66,5.0,-0.31363444333333335,-0.10449085000000001,-0.20975723666666668,171.77333333333334,118.28333333333332,25.899019304607545,23.747391886522802,0.5,37.0,13.2526081134772,4.1,8.0,1.0,3.0,1.1,0.0,3.0,2.0,0.0,4.2972142356326675,near,dense,1.0,1.5,113,2,2,1
66,6.0,-0.31198414,-0.10710592333333334,-0.20791767333333333,399.38000000000005,10.013333333333321,14.85562254807409,7.1871460741256525,0.5,38.0,30.81285392587435,6.3,8.3,1.0,0.9,5.400000000000001,0.0,1.0,4.0,0.0,2.278739828532395,near,dense,1.0,1.5,113,2,2,1
66,7.0,-0.30435519333333333,-0.08994145666666666,-0.20159611,948.9,-9.606666666666664,16.10099673973536,-18.95985060529874,0.5,42.333333333333336,61.29318393863207,6.099999999999999,6.400000000000001,1.0,2.7999999999999994,2.4,0.9,3.0,3.0,1.0,2.200801856347604,near,dense,1.0,1.5,113,2,2,1
66,8.0,-0.2891460066666667,-0.081202,-0.19636360333333336,358.42333333333335,-143.37,20.09127190429943,17.347023352133384,0.5,45.0,27.65297664786662,6.3,6.0,1.0,2.9,3.4,0.0,4.0,2.0,0.0,3.145860535732813,near,dense,1.0,1.5,113,2,2,1
66,10.0,-0.28402757666666667,-0.0050936666666666665,-0.19283862333333332,351.22333333333336,-131.41,30.124341296530314,17.902515735994097,0.5,45.0,27.0974842640059,2.2,5.0,1.0,1.0,0.6,0.6,2.0,1.0,1.0,5.1105339936351415,near,dense,1.0,1.5,113,2,2,1
66,13.0,-0.33745722666666667,-0.10108745000000001,-0.20172834833333333,166.32666666666668,-33.06499999999999,10.034310050331209,15.667611588017438,0.5,28.5,12.832388411982558,4.9,7.099999999999999,1.0,0.0,0.0,4.9,0.0,0.0,7.0,1.6520239061050936,near,dense,1.0,1.5,113,2,2,1
66,16.0,-0.34055781333333335,-0.10341168333333334,-0.20067268333333332,351.18,90.32,31.44395775939233,4.905858977193266,0.5,32.0,27.094141022806735,5.5,6.400000000000001,1.0,3.9,1.6000000000000003,0.0,3.0,2.0,0.0,5.532185777776223,near,dense,1.0,1.5,113,2,2,1
66,19.0,-0.28448366833333333,-0.37480239833333334,-0.2392115725,-98.2475,-18.16333333333333,26.759810150766587,-24.17003639120051,0.5,-31.75,-7.579963608799488,2.7999999999999994,0.5,1.0,1.8999999999999997,0.0,0.9,3.0,0.0,1.0,5.733510651001517,near,dense,1.0,1.5,113,2,2,1
66,21.0,-0.33928759000000003,-0.07096117666666667,-0.20715511,368.90333333333336,130.97333333333333,-24.75668573641633,5.5384733267361055,-0.5,34.0,28.461526673263894,1.5,4.6,1.0,0.4000000000000001,1.1,0.0,1.0,2.0,0.0,3.932685668742715,near,dense,1.0,1.5,113,2,2,1
66,22.0,-0.25952693,-0.3549465133333333,-0.23495995,-266.6933333333333,-23.656666666666656,21.69116360269214,-21.424150625958944,0.5,-42.0,-20.575849374041056,2.7000000000000006,4.2,1.0,2.0,0.0,0.6999999999999998,3.0,0.0,1.0,3.7164476090683807,near,dense,1.0,1.5,113,2,2,1
66,27.0,-0.27491545666666667,-0.35574880333333336,-0.24402544333333334,-466.25,-46.473333333333336,14.49462220666509,8.305322774314137,0.5,-27.666666666666668,-35.9719894409808,5.400000000000001,0.6999999999999998,2.0,3.0,0.6999999999999998,1.7,3.0,1.0,3.0,2.4837316959359375,far,dense,1.0,1.5,113,2,2,1
66,28.0,-0.31240303333333336,-0.11895919666666667,-0.19730219000000002,837.5966666666667,-7.903333333333326,-26.706976679074867,-11.999562135508604,-0.5,45.0,56.999562135508604,1.3999999999999997,5.2,2.0,0.9,0.5,0.0,2.0,1.0,0.0,3.456631437434563,far,dense,1.0,1.5,113,2,2,1
66,29.0,-0.28605448,-0.10543519333333333,-0.19937393,292.7733333333333,195.43666666666664,17.25117301926173,22.412033768863438,0.5,45.0,22.58796623113656,3.5,5.3,2.0,1.3999999999999997,2.1,0.0,2.0,3.0,0.0,3.0048341936647005,far,dense,1.0,1.5,113,2,2,1
66,30.0,-0.2965331,-0.12470431,-0.19545485333333334,383.3866666666667,105.60000000000001,20.55714627250758,11.421059249016272,0.5,41.0,29.57894075098373,8.3,6.2,2.0,3.4,4.3,0.6,5.0,3.0,1.0,3.5944720890457056,far,dense,1.0,1.5,113,2,2,1
66,32.0,-0.28971177333333337,-0.11522244,-0.19633955333333333,397.1933333333333,-82.12333333333332,15.781995502966339,14.35585116848335,0.5,45.0,30.64414883151665,4.1,7.0,2.0,3.1,1.0,0.0,3.0,2.0,0.0,2.764648572248601,far,dense,1.0,1.5,113,2,2,1
66,33.0,-0.3054482733333333,-0.07981265666666666,-0.20206601333333332,364.45,-77.71666666666668,19.350916099864296,16.882055653049964,0.5,45.0,28.117944346950036,5.1,7.5,2.0,3.7999999999999994,1.3,0.0,5.0,2.0,0.0,3.3034396243846174,far,dense,1.0,1.5,113,2,2,1
66,34.0,-0.3072237066666667,-0.053570363333333336,-0.19554731,194.17333333333332,107.38000000000004,22.201401023741578,30.019193358956112,0.5,45.0,14.98080664104389,3.6,5.0,2.0,2.3,1.3,0.0,3.0,1.0,0.0,3.859125308592884,far,dense,1.0,1.5,113,2,2,1
66,41.0,-0.29532005333333333,-0.39004643,-0.22728820333333333,-156.79,-55.623333333333335,23.130299471098066,-29.903381824232966,0.5,-42.0,-12.096618175767036,1.3999999999999997,5.400000000000001,2.0,0.6999999999999998,0.6999999999999998,0.0,1.0,1.0,0.0,5.634337724814363,far,dense,1.0,1.5,113,2,2,1
66,43.0,-0.2205529066666667,-0.40716056000000006,-0.24916819666666667,-208.15333333333334,-63.05333333333332,-37.47124821775617,-28.94061231362654,-0.5,-45.0,-16.05938768637346,3.1,1.2,2.0,3.1,0.0,0.0,3.0,0.0,0.0,5.635897655210965,far,dense,1.0,1.5,113,2,2,1
66,44.0,-0.2756425722222222,-0.39124127888888893,-0.23824594555555556,-187.39999999999998,-0.9111111111111162,-28.90011151510109,-20.430656564513974,-0.5,-34.888888888888886,-14.458232324374912,2.9,0.6,2.0,1.4,0.0,1.5,1.0,0.0,2.0,4.078031353318357,far,dense,1.0,1.5,113,2,2,1
66,45.0,-0.31516620666666667,-0.35234773999999996,-0.2224242,-297.55333333333334,-35.94,-27.433124014351858,7.956751452644094,-0.5,-15.0,-22.956751452644095,6.099999999999999,6.900000000000001,2.0,5.599999999999999,0.5,0.0,3.0,1.0,0.0,3.8990351979436295,far,dense,1.0,1.5,113,2,2,1
66,46.0,-0.3461711855555556,-0.3381750055555555,-0.2242869577777778,-108.81,-7.962222222222213,-11.630483285312962,-6.605121348904834,-0.5,-15.0,-8.394878651095166,7.599999999999999,0.4,2.0,4.6,0.0,3.0,3.0,0.0,2.0,2.4394226207065177,far,dense,1.0,1.5,113,2,2,1
66,49.0,-0.29471826,-0.11817625833333334,-0.207199985,256.1616666666667,-30.25,17.036274168719252,21.73668682355522,0.5,41.5,19.76331317644478,11.699999999999998,3.2999999999999994,3.0,0.0,0.0,11.699999999999998,0.0,0.0,11.0,7.06673966510423,near,non_dense,1.0,1.5,113,2,2,1
66,50.0,-0.28822690999999995,-0.34567418666666666,-0.24002988333333333,-369.10999999999996,-25.23333333333333,40.17059943042169,13.477471362059894,0.5,-15.0,-28.47747136205989,2.5,1.7,3.0,1.6000000000000003,0.0,0.9,2.0,0.0,1.0,11.77163176476197,near,non_dense,1.0,1.5,113,2,2,1
66,51.0,-0.28488045,-0.3199077533333334,-0.22828354333333334,-224.03333333333333,-84.05666666666667,-29.019157981437843,2.2845569996662753,-0.5,-15.0,-17.284556999666275,2.5,2.0,3.0,2.5,0.0,0.0,2.0,0.0,0.0,7.211010194084735,near,non_dense,1.0,1.5,113,2,2,1
66,54.0,-0.25786479333333334,-0.32557595666666667,-0.24916702999999998,-369.55,-174.88666666666668,22.618617330364646,13.511418118851383,0.5,-15.0,-28.511418118851385,5.8,4.4,3.0,5.8,0.0,0.0,6.0,0.0,0.0,11.22735942116976,near,non_dense,1.0,1.5,113,2,2,1
66,57.0,-0.3046371483333334,-0.13045094666666668,-0.21645441333333335,75.10833333333332,-58.52666666666668,7.984410055552833,25.705262898452904,0.5,31.5,5.794737101547095,8.3,4.0,3.0,3.0,3.6,1.7,4.0,3.0,2.0,2.874074151291859,near,non_dense,1.0,1.5,113,2,2,1
66,64.0,-0.28991479000000003,-0.3422127666666667,-0.23664232,-206.04,147.33333333333334,-49.647934093230354,-10.10365961518566,-0.5,-26.0,-15.896340384814343,9.0,9.5,3.0,6.7,2.3,0.0,6.0,3.0,0.0,13.356790018948013,near,non_dense,1.0,1.5,113,2,2,1
66,65.0,-0.32085366333333337,-0.13738845,-0.21446389333333335,491.0466666666666,185.51999999999998,-24.502150530011946,6.320687627295084,-0.5,41.0,34.67931237270492,4.3,8.7,3.0,4.3,0.0,0.0,6.0,0.0,0.0,8.226782034075503,near,non_dense,1.0,1.5,113,2,2,1
66,69.0,-0.3159880533333333,-0.10284362000000001,-0.2047667333333333,910.3800000000001,252.81333333333336,35.228311184643594,-18.807241811804634,0.5,41.0,59.80724181180464,5.400000000000001,4.6,3.0,3.9,0.9,0.6,4.0,1.0,1.0,11.417639022079882,near,non_dense,1.0,1.5,113,2,2,1
66,71.0,-0.25075034,-0.3600240033333333,-0.25001967333333336,-156.00333333333336,15.79,-20.887622109768273,-20.964074510617746,-0.5,-33.0,-12.035925489382256,5.3,4.3,3.0,3.1,2.2,0.0,4.0,3.0,0.0,6.249290260954162,near,non_dense,1.0,1.5,113,2,2,1
66,74.0,-0.2900849466666667,-0.35062831666666666,-0.2482437266666667,-162.56999999999996,-26.950000000000006,13.687217288770809,-13.457444882744772,0.5,-26.0,-12.542555117255228,6.2,8.5,4.0,1.6000000000000003,4.6,0.0,3.0,4.0,0.0,4.424227442349837,far,non_dense,1.0,1.5,113,2,2,1
66,76.0,-0.30850380666666666,-0.30027633,-0.23384715333333336,-196.00333333333333,-102.84666666666665,-9.704300712503896,0.12199428860848727,-0.5,-15.0,-15.121994288608485,3.7999999999999994,2.0,4.0,3.2999999999999994,0.5,0.0,4.0,1.0,0.0,3.1258852403164146,far,non_dense,1.0,1.5,113,2,2,1
66,77.0,-0.30857023333333333,-0.14984204,-0.21175835333333334,126.98,947.5733333333334,-8.359414720827845,22.203274596856314,-0.5,32.0,9.796725403143688,5.3,3.9,4.0,1.8,0.4000000000000001,3.1,3.0,1.0,2.0,2.933669054111012,far,non_dense,1.0,1.5,113,2,2,1
66,80.0,-0.27928364333333333,-0.36247314,-0.2317273333333333,-314.6033333333333,-67.58999999999999,-19.18352437652277,-13.061145055019054,-0.5,-37.333333333333336,-24.272188278314278,7.099999999999999,3.7999999999999994,4.0,5.5,0.6,1.0,2.0,1.0,2.0,8.791623343975505,far,non_dense,1.0,1.5,113,2,2,1
66,83.0,-0.30460631666666665,-0.09755554666666666,-0.1998034,273.02666666666664,-130.19666666666666,16.18749900901297,22.602189732748126,0.5,43.666666666666664,21.06447693391854,4.7,4.1,4.0,2.7000000000000006,0.0,2.0,2.0,0.0,1.0,5.254489616129537,far,non_dense,1.0,1.5,113,2,2,1
66,86.0,-0.30973960666666667,-0.14767112000000002,-0.22811839999999997,305.77333333333337,-138.12,12.744979681239442,-3.5909385908850857,0.5,20.0,23.590938590885088,5.900000000000001,4.0,4.0,2.7000000000000006,2.7999999999999994,0.4000000000000001,4.0,2.0,1.0,4.48961169924464,far,non_dense,1.0,1.5,113,2,2,1
66,88.0,-0.29321119,-0.16103055666666666,-0.22587321333333332,261.6666666666667,-187.3166666666667,43.964012163313974,-0.188033394938292,0.5,20.0,20.18803339493829,5.400000000000001,4.1,4.0,4.8,0.6,0.0,5.0,1.0,0.0,13.659231388533913,far,non_dense,1.0,1.5,113,2,2,1
66,90.0,-0.31010919,-0.23389992666666667,-0.22441524666666668,178.48833333333334,-18.20333333333333,5.36230747618502,-3.270681913147302,0.5,10.5,13.770681913147302,4.6,3.7000000000000006,4.0,1.6000000000000003,1.3,1.7,3.0,1.0,3.0,2.170583924213954,far,non_dense,1.0,1.5,113,2,2,1
66,91.0,-0.30684165333333335,-0.28208873333333334,-0.21893154999999997,-131.97,-72.74000000000001,-15.119629875670604,-4.818287514152843,-0.5,-15.0,-10.181712485847157,6.900000000000001,6.099999999999999,4.0,3.2999999999999994,3.6,0.0,3.0,4.0,0.0,5.052198530982503,far,non_dense,1.0,1.5,113,2,2,1
66,92.0,-0.31924139333333335,-0.29615294666666664,-0.2232989466666667,-47.95666666666665,-90.27,-7.8376788088496765,-11.30006068212768,-0.5,-15.0,-3.6999393178723192,5.2,4.9,4.0,3.7000000000000006,1.1,0.4000000000000001,4.0,2.0,1.0,2.6575908777519364,far,non_dense,1.0,1.5,113,2,2,1
67,1.0,-0.42644964333333335,-0.36862704,-0.47897137333333334,-32.570000000000014,-136.96333333333334,-6.865979952512976,-21.572294691050875,-0.5,-24.0,-2.427705308949126,5.2,0.9,1.0,0.0,0.0,5.2,0.0,0.0,6.0,0.8310613099768824,near,dense,0.0,0.0,123,2,4,2
67,2.0,-0.4257150966666667,-0.06582822666666667,-0.21103918333333335,246.63333333333335,-15.730000000000004,11.041628139926559,-3.383575458923932,0.5,15.0,18.383575458923932,4.8,2.4,1.0,3.6,0.6999999999999998,0.5,2.0,1.0,1.0,1.5832735626350143,near,dense,0.0,0.0,123,2,4,2
67,4.0,-0.40662668,-0.01788451,-0.22437316666666665,460.8833333333334,-65.79,14.45300459080421,-7.68669271741386,0.5,26.666666666666668,34.35335938408053,1.8,2.6,1.0,0.6,1.2,0.0,1.0,1.0,0.0,2.330308841544783,near,dense,0.0,0.0,123,2,4,2
67,5.0,-0.38206786666666664,0.03313348333333333,-0.21594058333333332,429.6366666666666,-67.73333333333335,17.70534299650465,4.642373863907313,0.5,36.666666666666664,32.024292802759355,6.8,1.2,1.0,0.5,0.8000000000000002,5.5,1.0,1.0,2.0,2.735075527487377,near,dense,0.0,0.0,123,2,4,2
67,6.0,-0.4157097633333333,-0.0594279,-0.21120876333333335,248.17333333333337,-150.70666666666668,10.751938411904115,-4.165030770840269,0.5,14.333333333333334,18.498364104173604,4.9,2.0,1.0,1.3,2.2,1.3999999999999997,3.0,1.0,2.0,1.7107661628803996,near,dense,0.0,0.0,123,2,4,2
67,8.0,-0.40755511333333333,-0.023806683333333332,-0.21583298333333334,306.31333333333333,-104.38,13.80108491024069,0.16799184724481478,0.5,23.0,22.83200815275519,3.2999999999999994,1.8999999999999997,1.0,1.7,0.0,1.6000000000000003,2.0,0.0,1.0,2.2262195659040382,near,dense,0.0,0.0,123,2,4,2
67,9.0,-0.3513911166666667,0.08895886333333335,-0.2007742233333333,666.4166666666666,-180.91,23.583355475803234,-4.1502340083042855,0.5,44.0,48.15023400830429,2.7000000000000006,3.4,1.0,1.8,0.9,0.0,2.0,1.0,0.0,3.7529148581285674,near,dense,0.0,0.0,123,2,4,2
67,10.0,-0.35195054666666664,0.08707522000000001,-0.20797942666666666,576.52,-278.26,24.43947132822503,2.027305351079233,0.5,45.0,42.972694648920765,2.4,2.7999999999999994,1.0,0.0,0.9,1.5,0.0,1.0,3.0,3.9847066243680254,near,dense,0.0,0.0,123,2,4,2
67,11.0,-0.29002435666666665,0.13473299333333333,-0.20702204666666668,752.3533333333334,-272.3066666666667,30.45144685011773,-6.8916730007114495,0.5,45.0,51.89167300071145,1.8,2.9,1.0,0.4000000000000001,0.5,0.9,1.0,1.0,1.0,5.0020654990333355,near,dense,0.0,0.0,123,2,4,2
67,12.0,-0.38665239,-0.012170533333333332,-0.21598316333333334,376.8633333333334,-164.76000000000002,16.63695161917167,2.909330209346115,0.5,31.0,28.090669790653887,2.0,1.3,1.0,2.0,0.0,0.0,3.0,0.0,0.0,2.458282650664273,near,dense,0.0,0.0,123,2,4,2
67,14.0,-0.41157093666666666,-0.010442626666666668,-0.22899361,355.6266666666667,-306.18333333333334,14.636226710175743,-0.5077294034555564,0.5,26.0,26.507729403455556,4.3,1.0,1.0,2.5,0.9,0.9,3.0,2.0,1.0,2.269974872391114,near,dense,0.0,0.0,123,2,4,2
67,16.0,-0.34300206000000005,0.022732583333333334,-0.22994608000000002,504.29,-191.24,20.124142924542678,-1.9221423677194025,0.5,35.666666666666664,37.58880903438607,5.900000000000001,2.6,1.0,0.6,1.0,4.3,1.0,1.0,5.0,3.6225802009495305,near,dense,0.0,0.0,123,2,4,2
67,17.0,-0.4122244433333333,-0.014989493333333333,-0.31862916333333335,378.25333333333333,-143.30666666666667,12.87272240438354,-15.860944390370578,0.5,12.333333333333334,28.19427772370391,3.6,0.4000000000000001,1.0,0.8000000000000002,0.0,2.7999999999999994,1.0,0.0,2.0,1.6058858883136173,near,dense,0.0,0.0,123,2,4,2
67,19.0,-0.36128709666666664,0.0147925,-0.18610436,522.6366666666668,-162.21666666666667,17.820647504900545,-2.623001033204621,0.5,36.333333333333336,38.95633436653795,1.3,2.4,1.0,0.9,0.0,0.4000000000000001,1.0,0.0,1.0,3.390035283941953,near,dense,0.0,0.0,123,2,4,2
67,22.0,-0.35080785333333336,0.005153173333333333,-0.19246068000000002,388.4666666666667,-93.23,18.099872273329,0.37777333896929477,0.5,29.333333333333332,28.955559994364037,1.8999999999999997,2.0,1.0,1.8999999999999997,0.0,0.0,2.0,0.0,0.0,3.2569114114624385,near,dense,0.0,0.0,123,2,4,2
67,25.0,-0.32973722833333335,-0.009292433333333334,-0.20026355666666665,453.5683333333333,-76.44833333333332,19.706039925286884,-3.2215176668249974,0.5,28.0,31.221517666824997,16.4,0.9,2.0,6.7,0.0,9.7,5.0,0.0,9.0,3.208894392236487,far,dense,0.0,0.0,123,2,4,2
67,27.0,-0.36572863,-0.043627573333333336,-0.21674134999999997,476.4266666666667,60.60999999999999,15.627138278552467,-9.511929628234622,0.5,26.0,35.51192962823462,4.4,0.8000000000000002,2.0,1.5,0.6,2.3,3.0,1.0,2.0,2.6922441582803707,far,dense,0.0,0.0,123,2,4,2
67,28.0,-0.27005693333333336,-0.3676657466666667,-0.22610778666666667,-555.0500000000001,-40.00999999999999,-19.34891762620705,-3.6276379572547817,-0.5,-45.0,-41.372362042745216,2.2,0.6999999999999998,2.0,0.6,0.0,1.6000000000000003,1.0,0.0,2.0,2.282576094283433,far,dense,0.0,0.0,123,2,4,2
67,29.0,-0.3423170233333333,-0.0720244,-0.20081982666666667,327.05,-179.75333333333333,12.841425083027296,0.6223205007119622,0.5,25.0,24.377679499288035,6.7,0.6,2.0,1.2,0.0,5.5,1.0,0.0,7.0,2.111426028980895,far,dense,0.0,0.0,123,2,4,2
67,30.0,-0.3404023266666667,-0.06482219,-0.19833468666666665,198.67666666666665,-138.10999999999999,14.41845055605985,10.19102246143745,0.5,25.0,14.80897753856255,3.2999999999999994,0.6999999999999998,2.0,1.3999999999999997,0.0,1.8999999999999997,2.0,0.0,4.0,2.461046994370181,far,dense,0.0,0.0,123,2,4,2
67,31.0,-0.33260819333333336,-0.08606978666666666,-0.23146195666666666,358.8866666666667,-142.79999999999998,13.582914649690645,-6.750723548594459,0.5,20.0,26.75072354859446,6.599999999999999,1.0,2.0,1.3,0.4000000000000001,4.9,1.0,1.0,6.0,3.6622043280612147,far,dense,0.0,0.0,123,2,4,2
67,32.0,-0.33620686000000005,-0.08328855333333333,-0.22176929666666667,305.74666666666667,-56.626666666666665,12.069194022863561,-1.456436573334308,0.5,21.333333333333332,22.78976990666764,6.8,0.6999999999999998,2.0,1.5,0.0,5.3,3.0,0.0,6.0,2.0697563673785058,far,dense,0.0,0.0,123,2,4,2
67,33.0,-0.31584992,-0.08423866333333334,-0.22177347333333333,150.35666666666665,-135.85,13.09219335676675,17.792702551349077,0.5,29.0,11.207297448650921,5.8,0.9,2.0,0.6999999999999998,0.0,5.1,1.0,0.0,5.0,2.1756463379085176,far,dense,0.0,0.0,123,2,4,2
67,34.0,-0.3004785966666667,-0.06552692333333333,-0.2588449033333333,386.09666666666664,-221.65333333333334,15.663704097742515,11.22109525839032,0.5,40.0,28.77890474160968,3.7999999999999994,0.9,2.0,0.0,0.0,3.7999999999999994,0.0,0.0,5.0,2.6772028459472925,far,dense,0.0,0.0,123,2,4,2
67,35.0,-0.2835543866666667,0.015022673333333333,-0.23525183333333333,565.1366666666667,-227.58,23.051677737783592,2.875797176896571,0.5,45.0,42.124202823103424,1.6000000000000003,1.3999999999999997,2.0,0.0,0.0,1.6000000000000003,0.0,0.0,2.0,3.8736930496714037,far,dense,0.0,0.0,123,2,4,2
67,37.0,-0.398610315,-0.20025171666666666,-0.34495221333333337,210.9,-145.84833333333333,10.543059967703556,-10.220081352697893,0.5,5.5,15.720081352697894,2.0,0.5,2.0,0.0,0.0,2.0,0.0,0.0,4.0,2.1439006507715743,far,dense,0.0,0.0,123,2,4,2
67,38.0,-0.3560921866666667,0.00033220666666666673,-0.22664107333333336,434.10999999999996,-143.58666666666667,17.077713249594897,1.6422735134201822,0.5,34.0,32.357726486579814,2.6,1.2,2.0,0.9,0.0,1.7,1.0,0.0,2.0,3.4117895200419546,far,dense,0.0,0.0,123,2,4,2
67,39.0,-0.32561474333333335,-0.06874822,-0.20794642333333332,452.04999999999995,-219.23333333333335,15.097615815308272,-4.028272998990436,0.5,29.666666666666668,33.6949396656571,4.7,0.8000000000000002,2.0,0.0,0.9,3.7999999999999994,0.0,2.0,5.0,2.6712307896373613,far,dense,0.0,0.0,123,2,4,2
67,40.0,-0.4010702566666667,-0.2709900733333333,-0.23115039999999998,-193.02666666666667,-126.96666666666665,20.51473256140791,6.0545040457093355,0.5,-8.333333333333334,-14.387837379042667,2.0,2.5,2.0,0.4000000000000001,0.0,1.6000000000000003,1.0,0.0,2.0,3.8388192448962997,far,dense,0.0,0.0,123,2,4,2
67,42.0,-0.31110609666666666,-0.24014404,-0.26779237,-363.1466666666667,-133.92,-15.440982756316076,14.068255775064321,-0.5,-13.0,-27.06825577506432,6.0,2.0,2.0,0.6999999999999998,0.0,5.3,1.0,0.0,3.0,2.0122277407640983,far,dense,0.0,0.0,123,2,4,2
67,43.0,-0.36454098333333335,-0.08455497666666667,-0.2556188716666667,94.72500000000001,-170.52666666666667,-36.82296516488757,7.439380245925516,-0.5,14.5,7.060619754074483,0.4000000000000001,2.7999999999999994,2.0,0.4000000000000001,0.0,0.0,1.0,0.0,0.0,5.390626310485975,far,dense,0.0,0.0,123,2,4,2
67,44.0,-0.36477529000000003,-0.35339565,-0.24754548,-445.9466666666667,-9.093333333333339,-16.490102069119853,14.240008909267194,-0.5,-19.0,-33.240008909267196,0.4000000000000001,1.3,2.0,0.4000000000000001,0.0,0.0,1.0,0.0,0.0,2.1928162930618997,far,dense,0.0,0.0,123,2,4,2
67,45.0,-0.34417979666666665,-0.2930895,-0.25682446999999997,-369.99333333333334,-140.71,-14.739830062613962,9.245259838576905,-0.5,-18.333333333333332,-27.57859317191024,1.3,0.6,2.0,0.6,0.0,0.6999999999999998,1.0,0.0,1.0,1.8986270693376124,far,dense,0.0,0.0,123,2,4,2
67,46.0,-0.3646764333333334,-0.2987319366666667,-0.22173949666666667,-257.55,-151.81333333333336,-9.92012440640722,4.197282846786834,-0.5,-15.0,-19.197282846786834,8.2,1.3999999999999997,2.0,4.2,0.0,4.0,1.0,0.0,5.0,2.1041093028075895,far,dense,0.0,0.0,123,2,4,2
67,47.0,-0.3864167333333333,-0.31757193666666667,-0.22766171166666668,-198.12833333333333,-157.80666666666667,-11.569043559176649,-0.0652275093672543,-0.5,-14.833333333333334,-14.76810582396608,1.3999999999999997,1.1,2.0,0.0,1.3999999999999997,0.0,0.0,1.0,0.0,1.5880650476569607,far,dense,0.0,0.0,123,2,4,2
67,48.0,-0.2411742,0.07937527666666666,-0.24948617666666664,800.2333333333332,-61.783333333333324,-4.468677866175867,-8.676114667774455,-0.5,45.0,53.67611466777445,2.4,2.0,2.0,0.4000000000000001,0.4000000000000001,1.6000000000000003,1.0,1.0,2.0,1.3700532548410675,far,dense,0.0,0.0,123,2,4,2
67,49.0,-0.3539720766666667,-0.08850038666666667,-0.1925854433333333,0.9866666666666788,-351.3633333333333,11.053252925065122,19.667311696992844,0.5,20.0,0.33268830300715396,8.3,1.1,3.0,1.2,3.0,4.1,1.0,1.0,4.0,5.147785088017302,near,non_dense,0.0,0.0,123,2,4,2
67,50.0,-0.27167700666666666,-0.06476377,-0.28520226666666665,407.47333333333336,-153.71666666666667,15.909117904734094,14.627719539805653,0.5,45.0,30.372280460194347,4.1,2.7000000000000006,3.0,0.8000000000000002,0.6,2.7000000000000006,1.0,1.0,3.0,6.096026844208862,near,non_dense,0.0,0.0,123,2,4,2
67,56.0,-0.36424331,-0.0573022,-0.20524494333333335,304.83666666666664,-214.54666666666665,11.04899694455878,-1.721940252656477,0.5,21.0,22.72194025265648,5.599999999999999,1.3999999999999997,3.0,2.1,0.0,3.5,1.0,0.0,5.0,4.123363335273147,near,non_dense,0.0,0.0,123,2,4,2
67,57.0,-0.3832494633333334,-0.09076858333333333,-0.22740500666666666,284.1766666666667,-134.23,7.963548233045358,-10.848650159025661,0.5,10.333333333333334,21.181983492358995,3.2000000000000006,2.2,3.0,1.8,0.6999999999999998,0.6999999999999998,2.0,1.0,1.0,3.1528263662671954,near,non_dense,0.0,0.0,123,2,4,2
67,58.0,-0.27667521333333334,-0.08308759333333333,-0.2196020466666667,183.09,-93.40000000000002,11.363874771279052,18.352822689115897,0.5,32.0,13.647177310884102,8.8,1.5,3.0,1.5,0.6,6.7,1.0,1.0,3.0,6.456502368551155,near,non_dense,0.0,0.0,123,2,4,2
67,59.0,-0.3633382733333333,-0.10262118666666666,-0.20669344,233.74,-185.15666666666667,9.366254832590625,-0.4225311302968535,0.5,17.0,17.422531130296854,3.1,1.5,3.0,1.6000000000000003,0.0,1.5,2.0,0.0,2.0,3.4273827954355975,near,non_dense,0.0,0.0,123,2,4,2
67,60.0,-0.3433062433333333,-0.06119886,-0.21306309999999998,282.86,-115.80666666666666,12.040317799896174,3.91615831472676,0.5,25.0,21.08384168527324,5.8,2.2,3.0,2.5,0.0,3.2999999999999994,1.0,0.0,3.0,4.752552404798825,near,non_dense,0.0,0.0,123,2,4,2
67,61.0,-0.29775653333333335,-0.0942667,-0.21215446333333335,314.50666666666666,-101.41000000000001,11.155834511621263,-0.7760568324601175,0.5,22.666666666666668,23.442723499126785,9.1,2.3,3.0,2.0,1.8,5.3,3.0,1.0,2.0,5.29842737346659,near,non_dense,0.0,0.0,123,2,4,2
67,62.0,-0.37252093666666664,0.006619819999999999,-0.20293579333333334,516.11,-72.25,17.313223273429585,6.5301508442820735,0.5,45.0,38.469849155717924,8.9,1.3999999999999997,3.0,2.3,2.7000000000000006,3.9,3.0,1.0,2.0,6.298464624422315,near,non_dense,0.0,0.0,123,2,4,2
67,66.0,-0.31627267666666664,-0.05592597666666666,-0.22533813333333333,331.7366666666667,-66.06666666666666,12.657018843201074,0.6063186928742302,0.5,25.333333333333332,24.727014640459103,5.599999999999999,2.2,3.0,2.6,0.9,2.1,3.0,1.0,4.0,4.705508044754903,near,non_dense,0.0,0.0,123,2,4,2
67,67.0,-0.3223323433333333,-0.2717874966666667,-0.20108499000000002,-488.5733333333333,-136.27,-16.343786730029894,5.083985522801264,-0.5,-31.333333333333332,-36.41731885613459,2.6,0.4000000000000001,3.0,0.9,0.0,1.7,2.0,0.0,3.0,5.256177405951655,near,non_dense,0.0,0.0,123,2,4,2
67,70.0,-0.39726874333333334,-0.015345806666666665,-0.21481877333333332,398.8333333333333,-230.42,13.2907608826899,1.6050618958384213,0.5,31.333333333333332,29.72827143749491,4.3,2.3,3.0,1.2,0.0,3.1,2.0,0.0,5.0,4.961517641642559,near,non_dense,0.0,0.0,123,2,4,2
67,72.0,-0.4046876033333333,-0.29467286666666664,-0.23533773333333333,-354.96999999999997,-264.87666666666667,-13.239672941471921,12.125449396714894,-0.5,-14.333333333333334,-26.458782730048227,6.099999999999999,0.8000000000000002,3.0,1.2,0.0,4.9,2.0,0.0,4.0,4.4102063157848725,near,non_dense,0.0,0.0,123,2,4,2
67,73.0,-0.39025275833333334,-0.11265372666666666,-0.38120634000000003,328.40500000000003,97.55666666666667,10.104559093481702,-18.64534526615814,0.5,5.833333333333333,24.478678599491474,9.5,2.4,4.0,2.3,0.0,7.2,1.0,0.0,5.0,3.462580744060172,far,non_dense,0.0,0.0,123,2,4,2
67,74.0,-0.35781401444444444,-0.11060581888888889,-0.4328513811111111,179.43,161.26333333333332,8.089452825320112,-6.707701266546151,0.5,6.666666666666667,13.374367933212817,6.3,0.6,4.0,0.0,0.0,6.3,0.0,0.0,5.0,2.7650830640201267,far,non_dense,0.0,0.0,123,2,4,2
67,75.0,-0.34303877,-0.2519802266666667,-0.23920515666666667,-192.82000000000002,-73.48,-8.724641827560193,6.705766175567606,-0.5,-7.666666666666667,-14.372432842234273,4.2,1.7,4.0,2.3,1.3999999999999997,0.5,2.0,2.0,1.0,3.0699198949663202,far,non_dense,0.0,0.0,123,2,4,2
67,78.0,-0.3927638233333333,-0.08128935,-0.22447756,330.17,-65.27666666666666,9.096351906751288,-8.610238313040613,0.5,16.0,24.61023831304061,9.3,2.0,4.0,2.1,1.7,5.5,3.0,1.0,1.0,3.341998593922671,far,non_dense,0.0,0.0,123,2,4,2
67,81.0,-0.31686158166666667,-0.3546315,-0.24535057000000002,-446.96000000000004,81.82333333333332,-20.846128426242633,4.48846676442365,-0.5,-28.166666666666668,-32.65513343109032,3.1,1.5,4.0,1.8999999999999997,0.0,1.2,2.0,0.0,2.0,6.587744811177842,far,non_dense,0.0,0.0,123,2,4,2
67,82.0,-0.2986379966666666,-0.08385598999999999,-0.23377755999999997,183.73333333333335,-19.923333333333336,9.770299140038977,6.304869856792983,0.5,20.0,13.695130143207017,2.5,2.7000000000000006,4.0,1.3,0.6,0.6,2.0,1.0,1.0,3.3786727644892642,far,non_dense,0.0,0.0,123,2,4,2
67,83.0,-0.30920297,-0.08717781000000001,-0.21442165333333332,219.81333333333336,-39.99666666666667,11.91223531153607,3.615535882372214,0.5,20.0,16.384464117627786,5.3,2.0,4.0,2.0,1.3,2.0,2.0,1.0,3.0,3.816540034137954,far,non_dense,0.0,0.0,123,2,4,2
67,84.0,-0.30967149,-0.01853634,-0.24436505,269.26000000000005,-6.350000000000004,16.93283240599891,24.929876220827712,0.5,45.0,20.070123779172288,6.900000000000001,3.2000000000000006,4.0,4.2,0.0,2.7000000000000006,1.0,0.0,2.0,4.973302596067337,far,non_dense,0.0,0.0,123,2,4,2
67,86.0,-0.41512953999999996,-0.06386241333333333,-0.19460234666666668,182.25,-178.94333333333336,8.660758388812317,10.748768010767229,0.5,24.333333333333332,13.584565322566105,6.7,1.1,4.0,2.4,0.0,4.3,1.0,0.0,7.0,3.216920791127766,far,non_dense,0.0,0.0,123,2,4,2
67,87.0,-0.40652442,-0.05093244,-0.22145060333333333,281.2033333333333,-96.20666666666666,10.914509012847804,4.372976402798372,0.5,25.333333333333332,20.96035693053496,9.5,2.5,4.0,2.4,0.0,7.099999999999999,1.0,0.0,3.0,3.9992187560085526,far,non_dense,0.0,0.0,123,2,4,2
67,88.0,-0.31300334,-0.018600329999999998,-0.20033092,282.71999999999997,-256.2733333333333,15.712566074252535,18.926593646113094,0.5,40.0,21.073406353886906,6.099999999999999,3.2999999999999994,4.0,0.0,1.0,5.1,0.0,1.0,2.0,5.87270417875649,far,non_dense,0.0,0.0,123,2,4,2
67,89.0,-0.35872084,-0.04765455666666666,-0.21146604,142.67333333333337,-269.96,8.116744075857524,9.365403476241893,0.5,20.0,10.634596523758107,2.6,2.1,4.0,0.0,0.5,2.1,0.0,1.0,2.0,3.6468506680165835,far,non_dense,0.0,0.0,123,2,4,2
67,91.0,-0.38099603,-0.32063288666666667,-0.22340546333333333,-281.09999999999997,161.51333333333332,-10.358028648640706,5.952654662130764,-0.5,-15.0,-20.952654662130765,4.8,2.7000000000000006,4.0,2.1,0.4000000000000001,2.3,3.0,1.0,2.0,3.31562869603304,far,non_dense,0.0,0.0,123,2,4,2
67,93.0,-0.41253721,-0.36325399333333336,-0.5014467633333334,-78.88666666666666,-92.54,-9.786386433470158,-18.119939224072258,-0.5,-24.0,-5.880060775927743,8.7,0.8000000000000002,4.0,8.1,0.0,0.6,6.0,0.0,1.0,3.6160807059328266,far,non_dense,0.0,0.0,123,2,4,2
67,94.0,-0.40051392166666666,-0.3389257508333334,-0.4163088925,-34.51916666666666,-10.921666666666665,-10.120668444655369,-19.98726513317792,-0.5,-22.583333333333332,-2.5960682001554134,10.800000000000002,2.7000000000000006,4.0,1.3999999999999997,2.3,7.099999999999999,1.0,1.0,2.0,3.329471210357283,far,non_dense,0.0,0.0,123,2,4,2
67,95.0,-0.33436458333333335,-0.05304695,-0.21557068666666668,223.37666666666667,-263.34666666666664,12.65214962197516,15.34993185256292,0.5,32.0,16.65006814743708,5.2,2.7000000000000006,4.0,3.5,0.0,1.7,1.0,0.0,1.0,4.926903913889892,far,non_dense,0.0,0.0,123,2,4,2
67,96.0,-0.3608264233333333,-0.27775669,-0.22151951666666667,-325.25666666666666,-167.92,-11.669057457420775,9.244007873434525,-0.5,-15.0,-24.244007873434523,7.3,1.6000000000000003,4.0,5.2,0.0,2.1,1.0,0.0,2.0,5.114256405683032,far,non_dense,0.0,0.0,123,2,4,2
68,2.0,-0.37281454666666664,-0.10512681666666666,-0.23309868333333336,388.31333333333333,-78.39999999999999,12.333876483172048,-9.10954747743085,0.5,21.333333333333332,30.442880810764184,6.0,3.2000000000000006,1.0,0.4000000000000001,1.3,4.3,1.0,1.0,3.0,1.8075342914052988,near,dense,0.0,0.0,118,2,1,1
68,3.0,-0.37158965,-0.3798393166666667,-0.26077455666666666,-299.18666666666667,-26.19333333333333,-17.683954515819806,0.4555531619735789,-0.5,-23.0,-23.45555316197358,2.3,2.6,1.0,1.8999999999999997,0.4000000000000001,0.0,2.0,1.0,0.0,3.685288267278801,near,dense,0.0,0.0,118,2,1,1
68,4.0,-0.35588819,-0.09379873333333333,-0.23406417,419.02,-63.550000000000004,14.964519414553118,-6.516880198676233,0.5,26.333333333333332,32.85021353200957,2.2,4.0,1.0,0.0,2.2,0.0,0.0,1.0,0.0,2.2665677868753087,near,dense,0.0,0.0,118,2,1,1
68,5.0,-0.33033171333333333,-0.07238424666666667,-0.23679238666666666,443.01666666666665,-82.66666666666667,18.834104842858615,9.601835795652306,0.5,44.333333333333336,34.73149753768103,1.5,4.9,1.0,0.0,1.5,0.0,0.0,2.0,0.0,3.021186483660354,near,dense,0.0,0.0,118,2,1,1
68,6.0,-0.36659498000000007,-0.10517692000000001,-0.24358068666666666,389.8633333333334,-57.326666666666675,12.20233496328575,-6.897730613417868,0.5,23.666666666666668,30.564397280084535,6.599999999999999,4.9,1.0,0.0,6.599999999999999,0.0,0.0,3.0,0.0,1.8272317434234724,near,dense,0.0,0.0,118,2,1,1
68,7.0,-0.3631066766666667,-0.07316104666666667,-0.24052473,496.56,-55.97,16.806202322341438,6.070827093087037,0.5,45.0,38.92917290691296,0.8000000000000002,4.1,1.0,0.0,0.8000000000000002,0.0,0.0,1.0,0.0,2.184253923963173,near,dense,0.0,0.0,118,2,1,1
68,8.0,-0.33621919,-0.06931773333333334,-0.24400829666666665,425.70666666666665,-71.42333333333333,16.54575518430554,11.625567032599834,0.5,45.0,33.37443296740017,1.2,4.1,1.0,0.4000000000000001,0.8000000000000002,0.0,1.0,1.0,0.0,2.6095269426890453,near,dense,0.0,0.0,118,2,1,1
68,10.0,-0.3220225666666667,-0.014337589999999999,-0.23710095,652.1933333333333,-105.49000000000001,23.48628093093996,-5.625982387653596,0.5,45.0,50.6259823876536,0.4000000000000001,4.1,1.0,0.0,0.4000000000000001,0.0,0.0,1.0,0.0,3.828583728185597,near,dense,0.0,0.0,118,2,1,1
68,14.0,-0.35581577999999997,-0.07212482333333332,-0.23336600666666665,342.66333333333336,-105.23,14.454484212386205,11.135975205025607,0.5,38.0,26.864024794974394,1.3999999999999997,5.1,1.0,0.4000000000000001,1.0,0.0,1.0,1.0,0.0,2.3453975034246013,near,dense,0.0,0.0,118,2,1,1
68,17.0,-0.38275382,-0.10125567,-0.23716423,358.12999999999994,-135.75666666666666,12.368069385776343,-15.076576230773197,0.5,13.0,28.076576230773195,2.7999999999999994,5.5,1.0,0.4000000000000001,0.6999999999999998,1.7,1.0,1.0,2.0,1.6906471679456905,near,dense,0.0,0.0,118,2,1,1
68,20.0,-0.2800828733333333,-0.3521923433333333,-0.28903542,-344.99333333333334,-102.81666666666666,-16.210066542159275,6.046691487565636,-0.5,-21.0,-27.046691487565635,1.2,4.0,1.0,0.8000000000000002,0.4000000000000001,0.0,2.0,1.0,0.0,2.6164552565069403,near,dense,0.0,0.0,118,2,1,1
68,21.0,-0.3529224933333333,-0.3748957316666666,-0.35850456166666667,-518.5133333333333,-143.9466666666667,-20.28566160934199,12.150264233673939,-0.5,-28.5,-40.65026423367394,0.6,0.5,1.0,0.6,0.0,0.0,1.0,0.0,0.0,3.237875066489803,near,dense,0.0,0.0,118,2,1,1
68,23.0,-0.2855493344444444,-0.3442710744444445,-0.27657365666666667,-393.2088888888889,-145.99333333333334,-16.092827736982503,8.160014548273487,-0.5,-22.666666666666668,-30.82668121494016,0.8,0.4,1.0,0.8,0.0,0.0,2.0,0.0,0.0,2.5161729948152374,near,dense,0.0,0.0,118,2,1,1
68,24.0,-0.3505549533333333,-0.1792122416666667,-0.23220659500000002,189.3361111111111,-145.96333333333334,4.526596266463772,-8.176853163700114,0.5,6.666666666666667,14.84351983036678,5.6,0.4,1.0,2.4,0.0,3.2,3.0,0.0,4.0,1.3676173233539002,near,dense,0.0,0.0,118,2,1,1
68,25.0,-0.3266823566666667,-0.07973804333333333,-0.23952161000000002,513.8633333333333,-159.71,17.688965798228498,4.714285174287127,0.5,45.0,40.28571482571287,1.6000000000000003,3.0,2.0,0.0,1.1,0.5,0.0,1.0,1.0,3.074771176854579,far,dense,0.0,0.0,118,2,1,1
68,26.0,-0.33542963666666664,-0.10277199666666666,-0.23571646333333332,413.43,-151.33,15.045351132270213,6.588029734765129,0.5,39.0,32.41197026523487,2.7999999999999994,3.9,2.0,0.4000000000000001,0.0,2.4,1.0,0.0,2.0,2.5832894390275714,far,dense,0.0,0.0,118,2,1,1
68,27.0,-0.3445065333333333,-0.09406376666666667,-0.2420301566666667,450.2966666666667,-173.65666666666667,15.613701172989487,-10.302232954875988,0.5,25.0,35.30223295487599,1.0,2.7999999999999994,2.0,0.0,1.0,0.0,0.0,2.0,0.0,2.784128287486111,far,dense,0.0,0.0,118,2,1,1
68,29.0,-0.3405755766666667,-0.11754729666666668,-0.23240102666666665,400.86666666666673,-172.84666666666666,13.431634586349249,4.572966450611186,0.5,36.0,31.427033549388813,1.7,3.2999999999999994,2.0,0.0,0.0,1.7,0.0,0.0,1.0,2.276958453068285,far,dense,0.0,0.0,118,2,1,1
68,30.0,-0.32264957666666666,-0.10389278666666667,-0.23949680666666665,517.0200000000001,-216.95666666666668,16.417964223474474,-8.533190301941644,0.5,32.0,40.533190301941644,1.7,4.0,2.0,0.0,0.0,1.7,0.0,0.0,2.0,2.970357403005617,far,dense,0.0,0.0,118,2,1,1
68,31.0,-0.34281304333333334,-0.11856503333333333,-0.24368851,401.16,-158.12666666666667,14.222006409402384,0.5499697854494853,0.5,32.0,31.45003021455052,5.400000000000001,4.5,2.0,0.0,2.0,3.4,0.0,2.0,2.0,3.9173213851668756,far,dense,0.0,0.0,118,2,1,1
68,34.0,-0.32592789666666666,-0.10240153333333334,-0.24576210666666665,450.1966666666667,-129.76,16.790471499573574,3.705606817338231,0.5,39.0,35.29439318266177,2.4,5.400000000000001,2.0,0.0,0.0,2.4,0.0,0.0,1.0,2.818614152178895,far,dense,0.0,0.0,118,2,1,1
68,37.0,-0.36881212,-0.07509313333333333,-0.23424050666666665,371.46999999999997,-96.75333333333333,15.775901458382961,0.8775981558503325,0.5,30.0,29.122401844149667,3.2000000000000006,3.1,2.0,0.0,2.4,0.8000000000000002,0.0,2.0,1.0,2.856439399802326,far,dense,0.0,0.0,118,2,1,1
68,38.0,-0.33786161666666664,-0.07428206666666666,-0.2370508033333333,432.8966666666667,-85.54666666666667,17.20915565218795,7.061887410397669,0.5,41.0,33.93811258960233,3.6,3.2000000000000006,2.0,0.0,0.4000000000000001,3.2000000000000006,0.0,1.0,5.0,3.5901079596640915,far,dense,0.0,0.0,118,2,1,1
68,39.0,-0.3135246,-0.08567846,-0.21899323333333331,428.6733333333334,-120.39666666666666,16.19496629081307,7.392987123578071,0.5,41.0,33.607012876421926,2.5,4.6,2.0,0.0,0.0,2.5,0.0,0.0,1.0,2.9384606361512553,far,dense,0.0,0.0,118,2,1,1
68,40.0,-0.30655617333333335,-0.07817025333333333,-0.22609486999999998,481.72333333333336,-105.58,18.08689842538611,7.233987963936279,0.5,45.0,37.76601203606372,5.1,2.9,2.0,0.0,0.0,5.1,0.0,0.0,3.0,3.2293077269179555,far,dense,0.0,0.0,118,2,1,1
68,41.0,-0.31460579333333333,-0.10463888333333334,-0.22512177333333336,397.98,-159.33333333333334,15.98658914080167,0.7992745418615618,0.5,32.0,31.20072545813844,0.8000000000000002,3.7000000000000006,2.0,0.0,0.0,0.8000000000000002,0.0,0.0,1.0,3.9856324794186446,far,dense,0.0,0.0,118,2,1,1
68,45.0,-0.2985276866666667,-0.3877238566666667,-0.25352492,-310.4166666666667,-98.31,-17.78598331779886,-8.664040418369924,-0.5,-33.0,-24.335959581630078,2.3,0.4000000000000001,2.0,0.6,0.0,1.7,1.0,0.0,2.0,2.307529443412655,far,dense,0.0,0.0,118,2,1,1
68,46.0,-0.31682233,-0.3464898966666667,-0.25366885333333333,-225.67,-130.35666666666665,-11.786418220046599,-4.974652710844513,-0.5,-22.666666666666668,-17.69201395582215,5.0,1.8999999999999997,2.0,5.0,0.0,0.0,4.0,0.0,0.0,2.484559753700158,far,dense,0.0,0.0,118,2,1,1
68,47.0,-0.31497580000000003,-0.34167645666666663,-0.25394199333333334,-307.99333333333334,-152.82333333333335,-11.927872398387132,8.145975768305567,-0.5,-16.0,-24.145975768305565,1.0,2.7999999999999994,2.0,0.0,1.0,0.0,0.0,1.0,0.0,1.6155876089515677,far,dense,0.0,0.0,118,2,1,1
68,49.0,-0.37358124666666664,-0.11031936666666665,-0.33514427333333335,187.72666666666666,-123.96999999999998,10.44595191173064,3.1159902813253577,0.5,17.833333333333332,14.717343052007976,7.3,0.9,3.0,0.0,0.0,7.3,0.0,0.0,6.0,5.037216228591329,near,non_dense,0.0,0.0,118,2,1,1
68,50.0,-0.29955066333333336,-0.09451499333333334,-0.22172139333333332,423.60999999999996,-155.04,16.53929484171901,-13.210059076642098,0.5,20.0,33.210059076642096,3.5,2.3,3.0,0.0,2.3,1.2,0.0,2.0,2.0,6.067227029558165,near,non_dense,0.0,0.0,118,2,1,1
68,54.0,-0.37616758333333333,-0.15514067666666667,-0.24999963,202.63666666666668,-132.33666666666667,7.532466241431947,-9.886253089147646,0.5,6.0,15.886253089147644,11.9,0.5,3.0,6.0,0.0,5.900000000000001,1.0,0.0,3.0,4.07063696875158,near,non_dense,0.0,0.0,118,2,1,1
68,55.0,-0.365131825,-0.2854809016666667,-0.25501097833333336,-32.62166666666665,-93.14999999999999,-9.301534928504696,-11.942535640852372,-0.5,-14.5,-2.5574643591476254,5.7,0.4000000000000001,3.0,5.2,0.0,0.5,1.0,0.0,1.0,3.6110904783100946,near,non_dense,0.0,0.0,118,2,1,1
68,56.0,-0.32509557,-0.13235172333333334,-0.22175160666666668,168.08333333333334,-112.03000000000002,13.03708926325603,11.8226495366046,0.5,25.0,13.1773504633954,5.7,0.6,3.0,1.1,0.0,4.6,1.0,0.0,4.0,4.726219307182752,near,non_dense,0.0,0.0,118,2,1,1
68,57.0,-0.3712750466666666,-0.18110278333333332,-0.21172195666666668,209.08,-121.16000000000001,7.570468164291822,-7.391395745483653,0.5,9.0,16.391395745483653,11.4,5.1,3.0,5.900000000000001,1.1,4.4,2.0,2.0,2.0,3.0066281928842664,near,non_dense,0.0,0.0,118,2,1,1
68,58.0,-0.3470269666666666,-0.13167615,-0.22725606666666667,119.59333333333332,-64.09333333333333,14.024051838556526,11.624155083278133,0.5,21.0,9.375844916721867,5.5,3.4,3.0,0.6,1.0,3.9,1.0,2.0,3.0,7.592523413632118,near,non_dense,0.0,0.0,118,2,1,1
68,59.0,-0.38721258333333336,-0.17400509,-0.21497059666666665,225.09333333333333,-114.62,7.780699666987251,-4.646804602720171,0.5,13.0,17.64680460272017,12.0,4.2,3.0,2.9,5.7,3.4,2.0,3.0,2.0,2.9481325305403296,near,non_dense,0.0,0.0,118,2,1,1
68,60.0,-0.32477548666666667,-0.12405398000000001,-0.21694758666666666,381.24,-215.51,15.87411556397081,-4.888347589478612,0.5,25.0,29.888347589478613,2.1,1.1,3.0,0.5,0.5,1.1,1.0,1.0,2.0,5.86654496601804,near,non_dense,0.0,0.0,118,2,1,1
68,61.0,-0.34004419999999996,-0.14195829000000001,-0.20623076333333334,202.28666666666666,-110.19,10.628895506731746,7.141186113602117,0.5,23.0,15.858813886397883,9.1,2.7999999999999994,3.0,3.2999999999999994,2.1,3.7000000000000006,2.0,1.0,2.0,5.362841603252474,near,non_dense,0.0,0.0,118,2,1,1
68,62.0,-0.32490758000000003,-0.12444926666666667,-0.22684705333333333,408.32666666666665,-179.82333333333335,14.254294797007802,12.988119443430639,0.5,45.0,32.01188055656936,3.2000000000000006,2.6,3.0,0.0,2.4,0.8000000000000002,0.0,1.0,1.0,5.6166311721765565,near,non_dense,0.0,0.0,118,2,1,1
68,65.0,-0.40327425666666666,-0.22956748666666668,-0.302981295,-248.50666666666666,-147.67333333333332,-11.700211983407547,12.047974067385448,-0.5,-6.833333333333333,-18.881307400718782,4.1,3.7000000000000006,3.0,0.0,1.8999999999999997,2.2,0.0,3.0,2.0,4.767022756683454,near,non_dense,0.0,0.0,118,2,1,1
68,66.0,-0.36706387333333335,-0.11641757666666668,-0.2180581633333333,253.88,-91.76333333333334,12.940128273661275,-1.9036136974526023,0.5,18.0,19.903613697452602,6.8,4.4,3.0,4.6,0.9,1.3,2.0,1.0,2.0,5.009343103808448,near,non_dense,0.0,0.0,118,2,1,1
68,67.0,-0.30187996333333333,-0.35597012666666666,-0.29417815666666663,-423.2366666666667,-227.51,-15.602761502287086,9.514123927042355,-0.5,-23.666666666666668,-33.18079059370902,2.2,0.5,3.0,0.6,0.0,1.6000000000000003,1.0,0.0,2.0,4.956898955044411,near,non_dense,0.0,0.0,118,2,1,1
68,69.0,-0.29044538999999997,-0.13702077000000001,-0.2142738833333333,345.4066666666667,-190.12333333333333,14.478629229931258,17.9209041206156,0.5,45.0,27.0790958793844,2.3,2.4,3.0,1.0,0.0,1.3,1.0,0.0,2.0,5.53068563836959,near,non_dense,0.0,0.0,118,2,1,1
68,70.0,-0.33124905,-0.14931808,-0.27632392333333333,391.5066666666667,-207.41333333333333,10.825267065780556,-23.693230870138162,0.5,7.0,30.693230870138162,3.7999999999999994,0.4000000000000001,3.0,0.0,0.0,3.7999999999999994,0.0,0.0,7.0,3.996617116299658,near,non_dense,0.0,0.0,118,2,1,1
68,73.0,-0.45985443333333337,-0.16150782333333333,-0.22069983,111.14000000000003,-174.72666666666666,5.796059853836092,-3.7131228388801105,0.5,5.0,8.71312283888011,9.6,1.8999999999999997,4.0,0.0,9.0,0.6,0.0,2.0,1.0,2.203546341596733,far,non_dense,0.0,0.0,118,2,1,1
68,74.0,-0.38521322666666663,-0.14671122666666667,-0.22119366666666665,261.41,-90.20666666666666,8.504398026811575,-9.493948545183096,0.5,11.0,20.4939485451831,5.599999999999999,2.9,4.0,0.4000000000000001,3.7999999999999994,1.3999999999999997,1.0,2.0,2.0,2.886928374307628,far,non_dense,0.0,0.0,118,2,1,1
68,75.0,-0.40353338666666666,-0.3257453433333333,-0.24115345,-223.14333333333335,-102.24333333333334,-8.621491887179191,4.827262377876286,-0.5,-12.666666666666666,-17.493929044542952,4.3,0.6999999999999998,4.0,3.6,0.0,0.6999999999999998,2.0,0.0,1.0,2.895353820014805,far,non_dense,0.0,0.0,118,2,1,1
68,76.0,-0.3236454833333333,-0.30981672666666665,-0.23563819,-146.16,-139.19333333333333,-6.997434106400445,-3.541388931701307,-0.5,-15.0,-11.458611068298694,6.2,3.9,4.0,4.7,0.8000000000000002,0.6999999999999998,2.0,1.0,1.0,2.2459552646917107,far,non_dense,0.0,0.0,118,2,1,1
68,77.0,-0.34925339666666666,-0.32831351000000003,-0.24560825,-102.31333333333335,-110.93333333333334,-7.426189234552979,-6.9788677218947255,-0.5,-15.0,-8.021132278105275,7.400000000000001,5.599999999999999,4.0,5.8,0.5,1.1,2.0,1.0,1.0,2.4509758043359633,far,non_dense,0.0,0.0,118,2,1,1
68,80.0,-0.28176114999999996,-0.32933590333333335,-0.29925265333333334,-36.77999999999998,-120.21499999999999,-13.919953061810999,-24.449865112944547,-0.5,-27.333333333333332,-2.88346822038879,3.2000000000000006,0.4000000000000001,4.0,1.6000000000000003,0.0,1.6000000000000003,1.0,0.0,2.0,6.540400811856531,far,non_dense,0.0,0.0,118,2,1,1
68,81.0,-0.2735108533333333,-0.36288022000000003,-0.25137240666666666,-303.39000000000004,-157.01,-16.1270272903153,-18.214915079288858,-0.5,-42.0,-23.785084920711142,4.2,2.7999999999999994,4.0,2.4,1.0,0.8000000000000002,1.0,1.0,1.0,5.312511480182266,far,non_dense,0.0,0.0,118,2,1,1
68,83.0,-0.2901683566666667,-0.18196059,-0.26322177333333335,216.08,-82.09333333333332,9.741317798109542,-5.940179800478801,0.5,11.0,16.940179800478802,9.3,0.5,4.0,2.5,0.0,6.8,1.0,0.0,3.0,3.353547547417053,far,non_dense,0.0,0.0,118,2,1,1
68,85.0,-0.3490791133333333,-0.17147713333333334,-0.23030168666666664,147.20000000000002,-114.74666666666667,7.784409268907827,-2.5401446993265417,0.5,9.0,11.540144699326541,11.1,3.7999999999999994,4.0,4.2,3.7000000000000006,3.2000000000000006,1.0,1.0,3.0,2.8692338344674995,far,non_dense,0.0,0.0,118,2,1,1
68,88.0,-0.22176076,-0.20073866333333334,-0.25364637333333334,378.1366666666666,-165.07333333333335,14.53454662054295,-17.311719991764093,0.5,12.333333333333334,29.645053325097425,3.6,0.6,4.0,0.0,0.0,3.6,0.0,0.0,4.0,5.245205430080419,far,non_dense,0.0,0.0,118,2,1,1
68,89.0,-0.29271144,-0.19184476666666664,-0.23828008,188.13333333333333,-142.39,8.212646535234152,-1.7492247923457906,0.5,13.0,14.74922479234579,12.199999999999998,1.3999999999999997,4.0,4.4,0.0,7.8,1.0,0.0,4.0,4.018475567625639,far,non_dense,0.0,0.0,118,2,1,1
68,90.0,-0.34200844,-0.19156363,-0.22563812333333333,225.42666666666665,-136.89000000000001,6.815273744038575,-2.3396038434342272,0.5,15.333333333333334,17.67293717676756,9.4,4.6,4.0,6.3,2.6,0.5,2.0,1.0,1.0,2.6636129894972513,far,non_dense,0.0,0.0,118,2,1,1
68,91.0,-0.3078253266666667,-0.3146763833333333,-0.25399046666666664,-186.71000000000004,-153.95333333333335,-8.77655305882941,-3.6956946321698894,-0.5,-18.333333333333332,-14.637638701163445,3.2000000000000006,0.9,4.0,3.2000000000000006,0.0,0.0,1.0,0.0,0.0,2.999900087329388,far,non_dense,0.0,0.0,118,2,1,1
68,93.0,-0.27694157,-0.30995213,-0.26720473,-126.97333333333331,-113.17666666666666,-6.235810563994547,-21.378913227202293,-0.5,-31.333333333333332,-9.954420106131039,7.599999999999999,0.8000000000000002,4.0,2.5,0.0,5.1,1.0,0.0,2.0,2.261417642065647,far,non_dense,0.0,0.0,118,2,1,1
71,1.0,-0.42344928,-0.09423083,-0.197723965,193.67000000000002,-0.024999999999991473,-18.573051362647107,-0.9580110093171667,-0.5,13.0,13.958011009317167,3.4,2.8,1.0,3.4,0.0,0.0,7.0,0.0,0.0,2.662081589912489,near,dense,0.0,0.0,116,2,2,2
71,5.0,-0.3735862466666667,0.024077113333333334,-0.18420826,453.55,74.36,14.717973411690837,4.978816750439056,0.5,37.666666666666664,32.68784991622761,3.1,1.3,1.0,0.0,1.5,1.6000000000000003,0.0,1.0,2.0,2.426264106370076,near,dense,0.0,0.0,116,2,2,2
71,7.0,-0.40949706,-0.058441975,-0.18975614666666665,279.17333333333335,16.126666666666676,16.512989246121506,2.3796692302657196,0.5,22.5,20.12033076973428,5.2,1.8999999999999997,1.0,0.8000000000000002,0.6999999999999998,3.7000000000000006,1.0,1.0,4.0,2.1181546300252987,near,dense,0.0,0.0,116,2,2,2
71,8.0,-0.3941534933333333,-0.03897382666666666,-0.18141260333333334,344.8733333333333,-3.9933333333333203,28.235557299553523,3.47793092982956,0.5,28.333333333333332,24.855402403503774,3.0,2.6,1.0,2.2,0.8000000000000002,0.0,1.0,1.0,0.0,4.710165660615414,near,dense,0.0,0.0,116,2,2,2
71,9.0,-0.38021975,-0.006143693333333333,-0.18181124333333332,280.78000000000003,-14.76333333333334,37.70117659212175,14.430541654036553,0.5,34.666666666666664,20.23612501263011,5.0,1.8999999999999997,1.0,5.0,0.0,0.0,2.0,0.0,0.0,6.191284785874264,near,dense,0.0,0.0,116,2,2,2
71,13.0,-0.4097540416666667,-0.08014638,-0.18666481666666668,188.07333333333335,-25.191666666666663,14.242557129301039,6.445346944670601,0.5,20.0,13.554653055329396,9.5,2.9,1.0,0.0,0.6999999999999998,8.8,0.0,1.0,5.0,2.3221409085005917,near,dense,0.0,0.0,116,2,2,2
71,14.0,-0.39449316333333334,-0.053219013333333336,-0.19453217,286.46000000000004,23.71333333333335,24.496660936096163,5.354511107920712,0.5,26.0,20.64548889207929,7.5,4.3,1.0,4.6,2.9,0.0,4.0,1.0,0.0,4.289246787773297,near,dense,0.0,0.0,116,2,2,2
71,24.0,-0.43928777333333335,-0.17204434666666668,-0.19228634333333336,169.3133333333333,11.49333333333334,4.180650457809041,-7.535932448791865,0.5,4.666666666666667,12.202599115458531,7.599999999999999,2.7999999999999994,1.0,2.2,0.4000000000000001,5.0,1.0,1.0,5.0,1.1600375120194926,near,dense,0.0,0.0,116,2,2,2
71,25.0,-0.3677052316666667,-0.07031955166666666,-0.18883518333333335,263.42,40.021666666666654,24.234719310603793,6.181696046155857,0.5,25.166666666666668,18.984970620510808,4.5,2.3,2.0,0.0,0.0,4.5,0.0,0.0,4.0,4.0146988490998,far,dense,0.0,0.0,116,2,2,2
71,27.0,-0.3804270216666667,-0.22195130333333332,-0.3060536516666667,208.11333333333334,-35.559999999999995,14.86497943759454,-10.665624676954062,0.5,4.333333333333333,14.998958010287398,4.7,4.6,2.0,1.3999999999999997,1.3999999999999997,1.8999999999999997,1.0,1.0,2.0,2.6562477810673633,far,dense,0.0,0.0,116,2,2,2
71,29.0,-0.3899840233333333,-0.07208227,-0.18605159666666668,169.46166666666664,8.029999999999996,16.718350756115413,9.286710337220173,0.5,21.5,12.213289662779827,4.6,2.7999999999999994,2.0,3.7000000000000006,0.9,0.0,3.0,1.0,0.0,2.930132216382584,far,dense,0.0,0.0,116,2,2,2
71,30.0,-0.40771023333333334,-0.08457429999999999,-0.18744763333333334,258.26000000000005,43.53666666666667,35.355917778938306,-1.6130837159407843,0.5,17.0,18.613083715940785,5.400000000000001,4.1,2.0,5.400000000000001,0.0,0.0,5.0,0.0,0.0,5.898759901902866,far,dense,0.0,0.0,116,2,2,2
71,31.0,-0.41275448666666664,-0.11895762,-0.2572405033333333,199.9716666666667,239.54999999999998,19.616784485645763,-3.9121790927084015,0.5,10.5,14.412179092708401,12.699999999999998,0.4000000000000001,2.0,4.7,0.0,8.0,2.0,0.0,4.0,5.368074228996583,far,dense,0.0,0.0,116,2,2,2
71,32.0,-0.4017459333333333,-0.07763993333333334,-0.1826954133333333,237.26333333333332,3.763333333333321,19.69473180414072,-0.09983073668588566,0.5,17.0,17.099830736685885,5.1,2.7999999999999994,2.0,5.1,0.0,0.0,2.0,0.0,0.0,3.3793307672165755,far,dense,0.0,0.0,116,2,2,2
71,33.0,-0.41286917333333334,-0.050122660000000006,-0.19069649333333336,306.79333333333335,15.566666666666682,27.138704506341323,6.889065295338576,0.5,29.0,22.11093470466142,5.599999999999999,4.3,2.0,5.599999999999999,0.0,0.0,1.0,0.0,0.0,4.727860110305445,far,dense,0.0,0.0,116,2,2,2
71,35.0,-0.39536351499999994,-0.013376044999999998,-0.18807385666666665,369.49500000000006,24.916666666666675,34.142072491023946,7.203420193003666,0.5,33.833333333333336,26.629913140329666,3.4,2.6,2.0,3.4,0.0,0.0,3.0,0.0,0.0,5.127255824672251,far,dense,0.0,0.0,116,2,2,2
71,37.0,-0.33601232833333333,-0.06341505833333333,-0.19573965333333332,315.12333333333333,27.111666666666668,22.703315137576567,14.45537965288348,0.5,37.166666666666664,22.71128701378319,6.8,5.5,2.0,0.0,1.0,5.8,0.0,1.0,1.0,4.002151293417072,far,dense,0.0,0.0,116,2,2,2
71,38.0,-0.3588808266666667,-0.06993954666666667,-0.19129027333333334,303.32666666666665,13.163333333333336,45.13674422042692,7.1389117945329055,0.5,29.0,21.861088205467095,3.5,2.2,2.0,3.5,0.0,0.0,6.0,0.0,0.0,7.420348993278993,far,dense,0.0,0.0,116,2,2,2
71,39.0,-0.4282457433333333,-0.02037704,-0.20058880666666667,375.28666666666663,53.04666666666666,27.94963563591449,2.9526750401028843,0.5,30.0,27.047324959897114,4.9,1.1,2.0,4.9,0.0,0.0,3.0,0.0,0.0,4.96222192385797,far,dense,0.0,0.0,116,2,2,2
71,40.0,-0.41584089333333335,-0.083372,-0.18918620666666666,267.14000000000004,25.713333333333328,48.38828689778353,-4.253075133107802,0.5,15.0,19.253075133107803,1.8,1.5,2.0,1.8,0.0,0.0,3.0,0.0,0.0,7.540276547192033,far,dense,0.0,0.0,116,2,2,2
71,47.0,-0.4308223,-0.292541845,-0.20487054,-156.16500000000002,-29.10499999999999,-21.270186557924823,1.254984196158495,-0.5,-10.0,-11.254984196158496,3.1,1.3,2.0,3.1,0.0,0.0,3.0,0.0,0.0,2.762822177754221,far,dense,0.0,0.0,116,2,2,2
71,49.0,-0.4618702416666667,0.031329039999999996,-0.3759992566666666,86.92166666666667,65.775,36.44761194678876,6.735459388229823,0.5,13.0,6.264540611770177,15.6,2.9,3.0,2.7000000000000006,0.4000000000000001,12.5,1.0,1.0,8.0,16.83690582882284,near,non_dense,0.0,0.0,116,2,2,2
71,54.0,-0.40875408,-0.11432102666666666,-0.22898837666666663,117.46999999999998,24.706666666666667,7.930720394898981,2.5338072325890058,0.5,11.0,8.466192767410995,8.9,2.9,3.0,4.6,0.8000000000000002,3.5,1.0,1.0,5.0,4.39343029295366,near,non_dense,0.0,0.0,116,2,2,2
71,57.0,-0.4136551866666667,-0.11834106,-0.20468852333333332,160.42,18.08166666666666,10.782556759208711,0.43835324978231255,0.5,12.0,11.561646750217689,5.900000000000001,2.1,3.0,0.0,0.0,5.900000000000001,0.0,0.0,4.0,3.9725575751744486,near,non_dense,0.0,0.0,116,2,2,2
71,59.0,-0.41216767666666665,-0.05582982,-0.19724687,177.5,32.336666666666645,14.966513353283498,9.874045433879983,0.5,22.666666666666668,12.792621232786685,10.3,1.1,3.0,9.6,0.0,0.6999999999999998,6.0,0.0,1.0,5.379618513255974,near,non_dense,0.0,0.0,116,2,2,2
71,61.0,-0.4309941766666667,-0.07354671333333333,-0.19748513166666667,147.42666666666665,6.670000000000006,26.277414873333345,6.874797147724141,0.5,17.5,10.625202852275859,7.900000000000001,1.5,3.0,0.0,0.0,7.900000000000001,0.0,0.0,4.0,10.861217207337338,near,non_dense,0.0,0.0,116,2,2,2
71,63.0,-0.3700692933333333,-0.4563779233333333,-0.26502001333333336,-409.1433333333334,381.73,-15.25546151356302,-4.113304778519352,-0.5,-33.333333333333336,-29.22002855481398,3.0,0.9,3.0,0.0,0.9,2.1,0.0,1.0,3.0,4.253699315528596,near,non_dense,0.0,0.0,116,2,2,2
71,64.0,-0.40417320333333334,-0.2854751266666667,-0.2303741566666667,-239.94000000000003,-57.48333333333333,-40.96609121199799,5.6260743958394555,-0.5,-11.666666666666666,-17.29274106250612,10.800000000000002,0.4000000000000001,3.0,5.5,0.0,5.3,2.0,0.0,1.0,11.084690991170037,near,non_dense,0.0,0.0,116,2,2,2
71,65.0,-0.4228628366666667,-0.112856,-0.20953200000000002,176.09666666666666,10.523333333333332,-28.2755763667729,-0.3581481146833371,-0.5,12.333333333333334,12.691481448016669,0.6,1.5,3.0,0.0,0.6,0.0,0.0,1.0,0.0,9.162572276261836,near,non_dense,0.0,0.0,116,2,2,2
71,66.0,-0.37345790999999995,-0.34839953999999995,-0.2602835766666667,-377.16333333333336,-20.76333333333334,32.791189650575305,6.182578401287896,0.5,-21.0,-27.182578401287895,9.2,0.6,3.0,8.8,0.4000000000000001,0.0,4.0,1.0,0.0,11.858979776655751,near,non_dense,0.0,0.0,116,2,2,2
71,70.0,-0.38633736999999996,-0.08777831000000001,-0.18615688333333333,140.36333333333337,46.93333333333334,9.532407436663528,11.883859389832592,0.5,22.0,10.116140610167408,10.1,0.6999999999999998,3.0,2.1,0.0,8.0,1.0,0.0,5.0,3.469898163711457,near,non_dense,0.0,0.0,116,2,2,2
71,73.0,-0.4289891266666667,-0.13105285666666666,-0.19540278666666666,205.61166666666668,-10.306666666666661,9.35012822572713,-5.151993461269436,0.5,9.666666666666666,14.818660127936104,12.6,1.8,4.0,2.1,0.0,10.5,1.0,0.0,6.0,3.08906044537864,far,non_dense,0.0,0.0,116,2,2,2
71,76.0,-0.4241114266666666,-0.30309046666666667,-0.20631607,-112.98166666666667,-38.44499999999999,-8.227742284757905,-4.523953044606794,-0.5,-12.666666666666666,-8.142713622059873,10.2,2.4,4.0,1.6000000000000003,0.5,8.1,1.0,1.0,4.0,2.570480048837467,far,non_dense,0.0,0.0,116,2,2,2
71,78.0,-0.4103635466666667,-0.11412401,-0.18504856,173.33333333333334,-68.57000000000001,7.654748514859573,2.507675040283426,0.5,15.0,12.492324959716575,6.900000000000001,2.0,4.0,1.5,0.6999999999999998,4.7,1.0,1.0,5.0,2.6463424936311366,far,non_dense,0.0,0.0,116,2,2,2
71,83.0,-0.367383795,-0.07301358833333334,-0.18279053999999997,297.81666666666666,-20.595000000000002,24.97313494685857,3.3693569193741566,0.5,24.833333333333332,21.463976413959177,10.6,2.4,4.0,10.2,0.0,0.4000000000000001,2.0,0.0,1.0,7.225527281813989,far,non_dense,0.0,0.0,116,2,2,2
71,85.0,-0.4108932666666667,-0.11400846333333332,-0.189546475,176.94833333333335,14.97666666666666,13.582056201916194,3.413804660434465,0.5,16.166666666666668,12.752862006232201,12.9,2.2,4.0,0.0,0.0,12.9,0.0,0.0,8.0,4.49413765441625,far,non_dense,0.0,0.0,116,2,2,2
71,86.0,-0.37654805,-0.10337776666666666,-0.19780787,253.68333333333337,65.86666666666666,23.61657510193203,0.3834283770660913,0.5,18.666666666666668,18.283238289600575,6.7,2.2,4.0,6.7,0.0,0.0,6.0,0.0,0.0,7.461466512367662,far,non_dense,0.0,0.0,116,2,2,2
71,90.0,-0.3834857583333333,-0.23966053833333334,-0.2091537383333333,-76.72333333333334,-6.8150000000000075,6.624891588891875,1.5295354538037769,0.5,-4.0,-5.529535453803777,6.0,4.4,4.0,0.0,1.8,4.2,0.0,1.0,3.0,2.6118227140019976,far,non_dense,0.0,0.0,116,2,2,2
71,92.0,-0.3639618466666667,-0.3126488633333333,-0.21758898999999998,-139.20333333333335,-27.77,-6.496681127540879,-4.96746187225531,-0.5,-15.0,-10.03253812774469,13.1,4.2,4.0,4.5,1.5,7.099999999999999,1.0,1.0,4.0,2.063795130662285,far,non_dense,0.0,0.0,116,2,2,2
71,93.0,-0.3754606466666666,-0.30561446333333336,-0.22864858666666665,-125.44000000000001,-6.423333333333328,-11.759404410699283,-4.6260671881271636,-0.5,-13.666666666666666,-9.040599478539503,11.800000000000002,0.5,4.0,11.800000000000002,0.0,0.0,5.0,0.0,0.0,4.011382222413665,far,non_dense,0.0,0.0,116,2,2,2
71,94.0,-0.40388274333333335,-0.08244744999999999,-0.18186514333333334,256.30333333333334,25.103333333333335,-15.73657408766787,3.5279354138929393,-0.5,22.0,18.472064586107063,4.4,2.9,4.0,4.4,0.0,0.0,5.0,0.0,0.0,5.3391408976807915,far,non_dense,0.0,0.0,116,2,2,2
72,2.0,-0.31762233666666667,-0.12483244666666667,-0.22852937333333334,340.43666666666667,-159.0533333333333,11.64884579536446,14.976845843758184,0.5,41.0,26.023154156241816,4.3,5.400000000000001,1.0,0.4000000000000001,2.3,1.6000000000000003,1.0,2.0,3.0,1.748883629770167,near,dense,0.0,0.0,116,1,4,1
72,3.0,-0.28808154,-0.34424381666666665,-0.25888873,-354.9766666666667,-66.79666666666667,-16.100164715531623,-6.198734087652202,-0.5,-33.333333333333336,-27.13459924568113,3.6,4.0,1.0,2.3,1.3,0.0,2.0,1.0,0.0,3.059345712095279,near,dense,0.0,0.0,116,1,4,1
72,7.0,-0.30371318333333336,-0.13183272666666668,-0.22757065666666665,408.67333333333335,-165.77333333333334,12.898813763750686,7.7607998955893995,0.5,39.0,31.2392001044106,3.0,4.2,1.0,0.0,1.3999999999999997,1.6000000000000003,0.0,2.0,2.0,1.6084488421484997,near,dense,0.0,0.0,116,1,4,1
72,8.0,-0.30307766333333336,-0.11325293333333335,-0.22623628666666665,396.4816666666666,-125.25833333333333,14.442433769601118,12.026070508754074,0.5,42.333333333333336,30.307262824579258,1.6000000000000003,1.3999999999999997,1.0,0.0,0.4000000000000001,1.2,0.0,1.0,3.0,2.2343209401197246,near,dense,0.0,0.0,116,1,4,1
72,13.0,-0.32481804666666664,-0.118869505,-0.22731675416666666,414.0191666666667,-155.32666666666665,12.796753738470871,-2.647838358007187,0.5,29.0,31.64783835800719,2.5,0.4000000000000001,1.0,0.9,0.0,1.6000000000000003,2.0,0.0,3.0,2.1020614774538022,near,dense,0.0,0.0,116,1,4,1
72,14.0,-0.32680556,-0.1182008,-0.21777661666666667,236.76666666666668,-132.37333333333333,12.856498276952701,-1.0985659566425088,0.5,17.0,18.09856595664251,0.6999999999999998,2.7000000000000006,1.0,0.0,0.0,0.6999999999999998,0.0,0.0,1.0,2.0432201428030865,near,dense,0.0,0.0,116,1,4,1
72,15.0,-0.3321915166666667,-0.09513503666666667,-0.20866129666666666,409.9533333333334,-205.5666666666667,15.399323148995592,9.662956036271494,0.5,41.0,31.337043963728508,1.6000000000000003,3.2000000000000006,1.0,0.4000000000000001,1.2,0.0,1.0,2.0,0.0,2.5589428401400762,near,dense,0.0,0.0,116,1,4,1
72,16.0,-0.3100328,-0.064143775,-0.2174944,383.5833333333333,-172.38,19.249752964728014,8.1786924192505,0.5,37.5,29.3213075807495,0.9,0.4000000000000001,1.0,0.5,0.0,0.4000000000000001,1.0,0.0,1.0,3.240273435571607,near,dense,0.0,0.0,116,1,4,1
72,18.0,-0.30254099500000003,-0.37724775,-0.24595339000000002,-427.80833333333334,-126.19333333333333,-21.186339113118752,4.201889360698174,-0.5,-28.5,-32.701889360698175,0.9,1.3,1.0,0.0,0.9,0.0,0.0,1.0,0.0,3.259570947897265,near,dense,0.0,0.0,116,1,4,1
72,20.0,-0.3137988166666667,-0.34734771000000003,-0.23999474666666668,-284.24,-75.93666666666667,-17.05931046086354,-12.272547990217939,-0.5,-34.0,-21.72745200978206,2.0,2.2,1.0,0.6999999999999998,1.3,0.0,1.0,1.0,0.0,2.586404377404619,near,dense,0.0,0.0,116,1,4,1
72,21.0,-0.32329746,-0.36697013000000006,-0.24050949666666666,-415.59999999999997,-103.50333333333333,-17.839043181245284,-2.231321927718034,-0.5,-34.0,-31.76867807228197,0.8000000000000002,2.3,1.0,0.4000000000000001,0.0,0.4000000000000001,1.0,0.0,1.0,2.7347354683051974,near,dense,0.0,0.0,116,1,4,1
72,23.0,-0.33066368,-0.32825300333333335,-0.23515508,-281.19,-138.91333333333333,-13.863693415078485,6.494308438751122,-0.5,-15.0,-21.49430843875112,5.2,0.9,1.0,3.7999999999999994,0.0,1.3999999999999997,1.0,0.0,2.0,2.011308782318015,near,dense,0.0,0.0,116,1,4,1
72,24.0,-0.3481439366666667,-0.19195176,-0.21384462666666668,166.35000000000002,-133.29,4.607874841512536,0.2841203144270784,0.5,13.0,12.715879685572922,6.599999999999999,4.2,1.0,3.0,0.6999999999999998,2.9,2.0,1.0,2.0,1.2554688454686245,near,dense,0.0,0.0,116,1,4,1
72,27.0,-0.33808708333333337,-0.06949100666666667,-0.22282562666666664,288.0733333333333,-158.70333333333335,15.20717035340306,17.97952601569817,0.5,40.0,22.02047398430183,0.6999999999999998,3.4,2.0,0.0,0.6999999999999998,0.0,0.0,1.0,0.0,2.563641324779336,far,dense,0.0,0.0,116,1,4,1
72,29.0,-0.34136287333333337,-0.11216919666666665,-0.21394901666666666,373.40333333333336,-177.68999999999997,12.818085589357779,-8.543143137111791,0.5,20.0,28.543143137111787,1.3,3.5,2.0,0.0,0.9,0.4000000000000001,0.0,2.0,1.0,2.2404625567955487,far,dense,0.0,0.0,116,1,4,1
72,32.0,-0.32221968333333334,-0.12781158333333334,-0.21563725999999997,397.1866666666667,-136.44000000000003,11.791711083466746,3.6388466122807928,0.5,34.0,30.36115338771921,3.0,3.1,2.0,0.4000000000000001,1.6000000000000003,1.0,1.0,1.0,2.0,2.0877133479062713,far,dense,0.0,0.0,116,1,4,1
72,34.0,-0.32827597000000003,-0.08525624,-0.2091135266666667,462.1333333333334,-157.56,16.293804293405223,8.340956625431735,0.5,43.666666666666664,35.325710041234935,3.5,2.5,2.0,0.0,0.0,3.5,0.0,0.0,1.0,2.891977251449577,far,dense,0.0,0.0,116,1,4,1
72,42.0,-0.34643198000000003,-0.35643252666666664,-0.23765297,-389.07666666666665,-104.69333333333333,-16.039120312688432,-0.9254458563444944,-0.5,-30.666666666666668,-29.741220810322176,1.1,1.1,2.0,0.0,0.0,1.1,0.0,0.0,1.0,2.0058699605033983,far,dense,0.0,0.0,116,1,4,1
72,46.0,-0.3720412533333333,-0.31708534666666666,-0.23236277333333333,-258.02000000000004,-109.70333333333333,-11.070296186552634,4.723181704066875,-0.5,-15.0,-19.723181704066878,8.8,4.3,2.0,5.900000000000001,0.0,2.9,3.0,0.0,2.0,2.3815306603947346,far,dense,0.0,0.0,116,1,4,1
72,47.0,-0.3633467866666667,-0.3319505366666667,-0.23914496,-240.17333333333332,-114.60333333333334,-11.805282337837975,3.3589733113896387,-0.5,-15.0,-18.358973311389637,4.3,3.0,2.0,1.5,1.8999999999999997,0.9,2.0,1.0,2.0,1.6000012580626812,far,dense,0.0,0.0,116,1,4,1
72,48.0,-0.37849584333333336,-0.27051711333333334,-0.21985831666666666,-117.2333333333333,-125.05,-5.284964980010908,-3.0386236140346754,-0.5,-12.0,-8.961376385965325,6.400000000000001,3.4,2.0,4.6,0.0,1.8,2.0,0.0,2.0,1.32241279087878,far,dense,0.0,0.0,116,1,4,1
72,49.0,-0.3313444433333333,-0.12563077,-0.20708136,112.07666666666667,-51.870000000000005,12.024484847320705,27.432801870193,0.5,36.0,8.567198129807,8.8,2.3,3.0,2.3,1.8999999999999997,4.6,1.0,1.0,4.0,5.404304681385294,near,non_dense,0.0,0.0,116,1,4,1
72,51.0,-0.34397615000000004,-0.33648111333333336,-0.22828779333333335,-416.8833333333334,-134.93,-16.40970013517222,16.866776733316843,-0.5,-15.0,-31.86677673331685,4.6,2.3,3.0,0.5,1.3,2.7999999999999994,1.0,1.0,5.0,4.966319067414816,near,non_dense,0.0,0.0,116,1,4,1
72,52.0,-0.34998464333333335,-0.31146696333333335,-0.22630581333333333,-228.51333333333332,-137.47,-12.634845883303596,2.4676769054156087,-0.5,-15.0,-17.46767690541561,5.3,2.1,3.0,3.9,0.0,1.3999999999999997,1.0,0.0,2.0,4.860104500802632,near,non_dense,0.0,0.0,116,1,4,1
72,53.0,-0.32795494,-0.3275074466666667,-0.25789465666666667,-379.77666666666664,-132.75666666666666,-17.95861041886978,3.030324019965523,-0.5,-26.0,-29.030324019965523,3.4,1.8,3.0,2.0,0.0,1.3999999999999997,2.0,0.0,1.0,5.110829988575109,near,non_dense,0.0,0.0,116,1,4,1
72,54.0,-0.36453710999999994,-0.17448771333333335,-0.20866984333333335,0.0,0.0,8.230162701490622,18.0,0.5,18.0,0.0,9.8,2.7000000000000006,3.0,5.1,0.0,4.7,3.0,0.0,5.0,4.38706765756419,near,non_dense,0.0,0.0,116,1,4,1
72,55.0,-0.37575386000000005,-0.2866409833333334,-0.22299513333333332,-103.05999999999999,-151.4466666666667,-8.320096429746226,-7.122040514606884,-0.5,-15.0,-7.877959485393116,10.9,5.0,3.0,4.8,2.7999999999999994,3.2999999999999994,1.0,2.0,4.0,3.3817022624498634,near,non_dense,0.0,0.0,116,1,4,1
72,56.0,-0.3420020666666666,-0.12412470999999999,-0.20669536333333335,318.34,-175.51,12.371367414402895,9.6659264255769,0.5,34.0,24.334073574423098,4.6,3.0,3.0,1.5,1.2,1.8999999999999997,2.0,1.0,2.0,4.454611744375468,near,non_dense,0.0,0.0,116,1,4,1
72,57.0,-0.35496957333333334,-0.15408310333333333,-0.21383202666666667,250.83333333333334,-176.01,9.664466137267203,-1.173829202271558,0.5,18.0,19.17382920227156,7.5,3.7000000000000006,3.0,4.5,1.3999999999999997,1.6000000000000003,1.0,1.0,2.0,3.603989847749782,near,non_dense,0.0,0.0,116,1,4,1
72,58.0,-0.32128492000000003,-0.12182414333333334,-0.21765859,107.75,-133.60666666666665,14.09929309381513,4.096867832158208,0.5,12.333333333333334,8.236465501175125,11.1,1.8999999999999997,3.0,5.3,0.0,5.8,3.0,0.0,2.0,7.628307245097691,near,non_dense,0.0,0.0,116,1,4,1
72,59.0,-0.35610075999999996,-0.15445468333333334,-0.22007995333333333,271.66,-145.11333333333334,9.717459142959905,-0.7658303299232875,0.5,20.0,20.765830329923286,9.2,3.1,3.0,5.1,1.8999999999999997,2.2,4.0,2.0,3.0,3.674426287491059,near,non_dense,0.0,0.0,116,1,4,1
72,60.0,-0.3394282766666667,-0.11057868666666666,-0.21340815333333332,398.78666666666663,-145.26333333333332,13.171767830080455,7.51654178813342,0.5,38.0,30.48345821186658,4.1,2.3,3.0,0.0,0.8000000000000002,3.2999999999999994,0.0,1.0,4.0,4.886674698142695,near,non_dense,0.0,0.0,116,1,4,1
72,61.0,-0.33557499333333335,-0.14255773666666666,-0.21446578333333333,166.30666666666664,-75.77333333333333,10.611977217721334,2.2874327367477414,0.5,15.0,12.712567263252259,8.6,2.7999999999999994,3.0,1.8999999999999997,2.4,4.3,1.0,1.0,6.0,5.141356802434202,near,non_dense,0.0,0.0,116,1,4,1
72,62.0,-0.32892306666666665,-0.09366652666666668,-0.21796600666666666,290.02333333333326,-135.58666666666667,14.872385566108369,19.163800344601885,0.5,41.333333333333336,22.169532988731447,4.5,2.3,3.0,1.3999999999999997,1.2,1.8999999999999997,2.0,1.0,3.0,5.549421843267709,near,non_dense,0.0,0.0,116,1,4,1
72,63.0,-0.34518511,-0.33497261000000006,-0.23138305333333334,-298.37333333333333,-117.08666666666666,-15.668503746328668,7.807811289750592,-0.5,-15.0,-22.80781128975059,4.5,1.0,3.0,3.2000000000000006,0.0,1.3,1.0,0.0,2.0,4.397339441356792,near,non_dense,0.0,0.0,116,1,4,1
72,64.0,-0.3398006066666666,-0.23668661666666665,-0.19463062333333334,-281.59666666666664,-101.04666666666667,-13.986722378965865,6.5253942482219145,-0.5,-15.0,-21.525394248221914,5.7,0.9,3.0,4.5,0.0,1.2,4.0,0.0,2.0,4.510599783278722,near,non_dense,0.0,0.0,116,1,4,1
72,65.0,-0.3557452266666667,-0.29926717333333336,-0.22526615666666663,-173.95666666666668,-129.26000000000002,-10.217519317805047,-1.7026627962930778,-0.5,-15.0,-13.297337203706922,6.8,3.6,3.0,5.400000000000001,0.0,1.3999999999999997,1.0,0.0,2.0,4.182568752232043,near,non_dense,0.0,0.0,116,1,4,1
72,66.0,-0.3580137966666667,-0.14117916,-0.21223969333333334,259.7266666666667,-139.00333333333333,10.14026415820334,18.146359816842583,0.5,38.0,19.853640183157417,6.7,3.1,3.0,2.7999999999999994,1.6000000000000003,2.3,2.0,1.0,3.0,3.804138262725701,near,non_dense,0.0,0.0,116,1,4,1
72,67.0,-0.30886128333333335,-0.36844342333333335,-0.25602068333333333,-278.77,-144.64333333333335,-18.785732300631988,-13.69067760777179,-0.5,-35.0,-21.30932239222821,1.2,2.9,3.0,0.8000000000000002,0.4000000000000001,0.0,1.0,1.0,0.0,5.641223555744891,near,non_dense,0.0,0.0,116,1,4,1
72,68.0,-0.347884735,-0.28104440166666667,-0.24212053166666667,-300.14500000000004,-128.80333333333334,-13.095938755797,3.4432384023221165,-0.5,-19.5,-22.94323840232212,5.599999999999999,0.4000000000000001,3.0,3.7000000000000006,0.0,1.8999999999999997,2.0,0.0,3.0,4.259830540716946,near,non_dense,0.0,0.0,116,1,4,1
72,71.0,-0.35109835999999994,-0.3201021133333333,-0.23053173333333332,-260.6,-136.5666666666667,-12.751113708604237,4.920398233004526,-0.5,-15.0,-19.920398233004526,3.6,2.1,3.0,3.6,0.0,0.0,1.0,0.0,0.0,4.237589845405,near,non_dense,0.0,0.0,116,1,4,1
72,72.0,-0.31597678,-0.33543429666666663,-0.22718626666666666,-329.7,-126.85666666666667,-15.492115148589633,-16.7975621741305,-0.5,-42.0,-25.2024378258695,4.6,2.7999999999999994,3.0,2.0,0.9,1.7,2.0,1.0,2.0,4.922145957564236,near,non_dense,0.0,0.0,116,1,4,1
72,73.0,-0.34923415999999996,-0.16332273666666666,-0.2137463433333333,247.94666666666663,-188.49,6.755848916138764,-4.286504248705662,0.5,14.666666666666666,18.95317091537233,7.099999999999999,2.5,4.0,1.3999999999999997,1.6000000000000003,4.1,1.0,1.0,5.0,2.3105137028142693,far,non_dense,0.0,0.0,116,1,4,1
72,74.0,-0.34764247333333337,-0.14381659,-0.20939374666666666,274.81333333333333,-159.00333333333333,8.728934867580236,6.993127245819582,0.5,28.0,21.006872754180417,9.5,3.1,4.0,1.3999999999999997,1.8,6.3,1.0,3.0,3.0,2.7333916001532557,far,non_dense,0.0,0.0,116,1,4,1
72,75.0,-0.36000682,-0.29102152666666664,-0.22689465333333333,-142.88333333333335,-137.11,-9.268581265230985,-4.077924401921987,-0.5,-15.0,-10.922075598078015,6.400000000000001,2.7999999999999994,4.0,3.7999999999999994,0.5,2.1,2.0,1.0,3.0,3.1152306733901174,far,non_dense,0.0,0.0,116,1,4,1
72,76.0,-0.36942538166666666,-0.273804475,-0.22298427333333334,-68.23000000000002,-131.16333333333333,-6.893787756702191,-7.78446365526516,-0.5,-13.0,-5.21553634473484,11.9,4.6,4.0,6.8,0.0,5.1,2.0,0.0,2.0,2.343835521134813,far,non_dense,0.0,0.0,116,1,4,1
72,77.0,-0.3766531866666667,-0.29009919333333334,-0.23394117333333334,-127.66000000000001,-95.02000000000002,-7.287551635445159,-4.241603843340916,-0.5,-14.0,-9.758396156659083,9.7,3.9,4.0,5.1,1.7,2.9,1.0,1.0,4.0,2.3558857713581913,far,non_dense,0.0,0.0,116,1,4,1
72,78.0,-0.3482432,-0.13807637666666667,-0.22352606666666666,250.74333333333334,-111.80333333333333,8.851864353116706,21.833050444086734,0.5,41.0,19.166949555913266,9.2,4.2,4.0,2.6,4.8,1.8,1.0,3.0,2.0,3.0451974593627615,far,non_dense,0.0,0.0,116,1,4,1
72,79.0,-0.3699763833333334,-0.31593922,-0.24133032,-198.26,-60.96,-9.581713984718645,0.15509652216222905,-0.5,-15.0,-15.15509652216223,9.8,3.5,4.0,5.3,0.0,4.5,1.0,0.0,4.0,3.303282816260804,far,non_dense,0.0,0.0,116,1,4,1
72,80.0,-0.34802618333333335,-0.3255573033333333,-0.24078114333333334,-199.9333333333333,-145.16333333333333,-13.812006083160869,0.2830069840830311,-0.5,-15.0,-15.28300698408303,6.400000000000001,3.9,4.0,4.8,0.4000000000000001,1.2,2.0,1.0,2.0,6.292227015433092,far,non_dense,0.0,0.0,116,1,4,1
72,82.0,-0.34936894,-0.13703504666666666,-0.22298269,288.58666666666664,-127.32666666666667,8.928211733847478,5.94028655128422,0.5,28.0,22.05971344871578,6.5,2.3,4.0,0.6999999999999998,4.0,1.8,1.0,2.0,2.0,2.9608128803807072,far,non_dense,0.0,0.0,116,1,4,1
72,83.0,-0.33816141666666666,-0.11406431666666667,-0.22845531666666666,361.8233333333333,-104.10666666666667,11.448667289422419,6.342038027654873,0.5,34.0,27.657961972345124,6.0,2.7999999999999994,4.0,1.0,1.7,3.2999999999999994,1.0,1.0,3.0,3.9490194881124885,far,non_dense,0.0,0.0,116,1,4,1
72,85.0,-0.36078101333333334,-0.15279975,-0.21593474333333332,247.75666666666666,-87.82333333333334,7.484959499936394,-4.271980550838158,0.5,14.666666666666666,18.938647217504826,9.3,2.4,4.0,2.6,1.0,5.7,2.0,1.0,5.0,2.7492344611496002,far,non_dense,0.0,0.0,116,1,4,1
72,86.0,-0.3352569433333333,-0.13983119333333335,-0.21957279666666665,283.67333333333335,-134.22,9.157512270111338,-1.6841357178965335,0.5,20.0,21.684135717896535,7.5,3.2000000000000006,4.0,1.5,1.0,5.0,1.0,1.0,4.0,3.3196718168328636,far,non_dense,0.0,0.0,116,1,4,1
72,87.0,-0.3528612033333333,-0.12996908,-0.22552735999999998,308.6566666666667,-101.42,10.518851780970286,-3.593874586614478,0.5,20.0,23.593874586614476,6.900000000000001,2.5,4.0,0.8000000000000002,1.8999999999999997,4.2,1.0,1.0,4.0,4.000861974947916,far,non_dense,0.0,0.0,116,1,4,1
72,90.0,-0.39009946666666667,-0.18266777666666667,-0.21603382666666668,8.366666666666683,-129.1,6.362398796234896,18.027114357062658,0.5,18.666666666666668,0.6395523096040089,15.300000000000002,1.6000000000000003,4.0,7.7,0.0,7.599999999999999,3.0,0.0,2.0,2.5597234229530295,far,non_dense,0.0,0.0,116,1,4,1
72,91.0,-0.37030472833333333,-0.28913616833333333,-0.23328968833333333,-86.08999999999999,-114.59166666666665,-8.779483079587623,-8.252569389053365,-0.5,-14.833333333333334,-6.580763944279968,1.8,1.3999999999999997,4.0,0.0,0.0,1.8,0.0,0.0,2.0,3.113326122339813,far,non_dense,0.0,0.0,116,1,4,1
72,92.0,-0.34209257666666665,-0.28024144,-0.23643791,-130.62,-152.90333333333334,-6.511318149155197,-5.015339918668261,-0.5,-15.0,-9.98466008133174,9.0,4.5,4.0,6.3,0.0,2.7000000000000006,2.0,0.0,3.0,2.244623336331981,far,non_dense,0.0,0.0,116,1,4,1
72,93.0,-0.34441747,-0.28862051333333333,-0.23365159000000002,-105.04,-131.30666666666664,-6.8633018099809755,-6.9706882947245,-0.5,-15.0,-8.0293117052755,7.0,4.1,4.0,4.9,0.0,2.1,2.0,0.0,3.0,2.4779497089464453,far,non_dense,0.0,0.0,116,1,4,1
72,94.0,-0.3314559366666667,-0.30480168333333335,-0.23324117999999996,-326.09999999999997,-206.61666666666667,-8.340814089879247,9.643785061404644,-0.5,-15.0,-24.643785061404646,8.0,3.2000000000000006,4.0,4.8,0.0,3.2000000000000006,2.0,0.0,3.0,2.7841168294063223,far,non_dense,0.0,0.0,116,1,4,1
72,95.0,-0.33014888666666664,-0.11695253333333333,-0.21164060666666665,352.34666666666664,-196.52666666666667,13.73682456694006,13.066439309011123,0.5,40.0,26.933560690988873,3.0,2.0,4.0,1.2,0.6999999999999998,1.1,1.0,1.0,2.0,4.84032871408147,far,non_dense,0.0,0.0,116,1,4,1
72,96.0,-0.34437994666666666,-0.30148039833333334,-0.24011549166666665,-81.69166666666666,-111.22000000000001,-12.184206267166397,-8.75544692126684,-0.5,-15.0,-6.244553078733159,8.4,1.7,4.0,4.5,0.0,3.9,1.0,0.0,7.0,5.673776965670055,far,non_dense,0.0,0.0,116,1,4,1
73,2.0,-0.3435597733333333,-0.13463341,-0.22940655333333335,0.0,0.0,12.263283520374975,18.0,0.5,18.0,0.0,3.7999999999999994,1.3,1.0,1.7,0.0,2.1,2.0,0.0,3.0,1.7468638275236306,near,dense,0.0,0.0,114,2,1,1
73,5.0,-0.2981792833333333,-0.06483268666666667,-0.22934728000000001,354.3333333333333,-69.82333333333334,21.3528063314522,17.4694338896729,0.5,45.0,27.5305661103271,4.9,2.3,1.0,1.8999999999999997,0.0,3.0,1.0,0.0,2.0,3.489353128822675,near,dense,0.0,0.0,114,2,1,1
73,7.0,-0.3515636066666667,-0.10429040499999999,-0.21486995166666667,302.22,-77.47166666666666,13.932307472864814,-3.8148602097107287,0.5,19.666666666666668,23.481526876377398,1.7,2.1,1.0,0.6,0.0,1.1,1.0,0.0,1.0,1.8367731768892825,near,dense,0.0,0.0,114,2,1,1
73,9.0,-0.3461444366666666,-0.05038188,-0.19873465666666668,498.71000000000004,-122.32333333333334,17.87536326142697,-6.748171095619661,0.5,32.0,38.74817109561966,1.7,2.2,1.0,0.0,0.6999999999999998,1.0,0.0,1.0,2.0,2.7754180883159827,near,dense,0.0,0.0,114,2,1,1
73,10.0,-0.31132956333333334,-0.029418913333333335,-0.20778586333333335,635.4566666666666,-12.036666666666662,21.86045967912749,-4.268965280161157,0.5,45.0,49.268965280161154,2.5,2.3,1.0,0.0,0.5,2.0,0.0,1.0,4.0,3.54888920833556,near,dense,0.0,0.0,114,2,1,1
73,11.0,-0.28758946333333335,-0.00858731,-0.1966177033333333,402.71333333333337,-53.72,27.830136526924793,13.710462708814125,0.5,45.0,31.289537291185876,2.6,2.1,1.0,0.6,0.0,2.0,1.0,0.0,2.0,4.56452103499916,near,dense,0.0,0.0,114,2,1,1
73,12.0,-0.30863042,-0.0728071,-0.2001649533333333,521.2133333333334,158.43666666666667,16.2995660442463,-8.49660808349188,0.5,32.0,40.49660808349188,1.1,2.5,1.0,0.6999999999999998,0.4000000000000001,0.0,1.0,1.0,0.0,2.4971946389715165,near,dense,0.0,0.0,114,2,1,1
73,13.0,-0.40398975666666664,-0.24311964,-0.33065183833333334,277.17333333333335,-102.52,9.145418730780069,-20.53548102733696,0.5,1.0,21.53548102733696,5.400000000000001,0.4000000000000001,1.0,0.0,0.0,5.400000000000001,0.0,0.0,7.0,1.526887869155634,near,dense,0.0,0.0,114,2,1,1
73,16.0,-0.33255301,-0.03388928,-0.21941399333333333,552.4333333333334,-80.51,19.453974661831648,-4.922302177464829,0.5,38.0,42.922302177464836,2.5,3.0,1.0,0.4000000000000001,1.6000000000000003,0.5,1.0,1.0,1.0,3.3142171686351367,near,dense,0.0,0.0,114,2,1,1
73,17.0,-0.34885916999999994,-0.07801832666666668,-0.21827849666666665,305.5733333333333,-72.48,13.300963132001433,8.257929854507,0.5,32.0,23.742070145493003,4.6,3.2999999999999994,1.0,0.6999999999999998,0.6,3.2999999999999994,1.0,1.0,3.0,1.6987748892825965,near,dense,0.0,0.0,114,2,1,1
73,18.0,-0.29508271999999997,-0.4476969433333333,-0.27566623166666665,-498.71333333333337,45.39166666666667,-21.50203931598468,1.6227555110577867,-0.5,-37.0,-38.62275551105778,3.1,0.6999999999999998,1.0,0.4000000000000001,0.0,2.7000000000000006,1.0,0.0,4.0,3.375768848485295,near,dense,0.0,0.0,114,2,1,1
73,19.0,-0.3016798,-0.04810211666666667,-0.21023618,158.98333333333332,-84.81666666666666,16.88511815504116,19.64750375698917,0.5,32.0,12.352496243010828,1.7,3.2999999999999994,1.0,0.0,0.0,1.7,0.0,0.0,3.0,3.421655193390271,near,dense,0.0,0.0,114,2,1,1
73,22.0,-0.31261418,-0.07870072333333333,-0.21950690333333334,470.28333333333336,-116.35666666666667,15.24883304179979,-0.8728433961320098,0.5,35.666666666666664,36.539510062798676,2.7999999999999994,2.7000000000000006,1.0,0.0,0.8000000000000002,2.0,0.0,1.0,2.0,2.46765799446184,near,dense,0.0,0.0,114,2,1,1
73,23.0,-0.3577427966666667,-0.3713385866666667,-0.25294168,-484.2833333333333,-47.723333333333336,-14.247473616477913,13.627265261889681,-0.5,-24.0,-37.62726526188968,0.6,2.7999999999999994,1.0,0.0,0.6,0.0,0.0,1.0,0.0,2.0741901152986437,near,dense,0.0,0.0,114,2,1,1
73,26.0,-0.2867114366666667,-0.10564359666666667,-0.21236012333333334,536.8666666666667,413.74666666666667,15.256224123849977,-0.7128219918088708,0.5,41.0,41.71282199180887,1.1,3.4,2.0,0.0,0.6,0.5,0.0,1.0,1.0,2.5407462784592085,far,dense,0.0,0.0,114,2,1,1
73,28.0,-0.32482691333333336,-0.3976445766666667,-0.31820268444444444,-233.47444444444443,-114.62666666666668,-20.592315470877306,-17.304227244492413,-0.5,-35.44444444444444,-18.140217199952033,1.5,0.4,2.0,0.0,0.0,1.5,0.0,0.0,3.0,2.518266862852448,far,dense,0.0,0.0,114,2,1,1
73,29.0,-0.3303240791666667,-0.16794076416666667,-0.26558174416666663,95.62,-144.8575,15.581368354411994,18.320631990208437,0.5,25.75,7.429368009791563,2.0,0.4000000000000001,2.0,0.8000000000000002,0.0,1.2,1.0,0.0,2.0,2.6711440788177137,far,dense,0.0,0.0,114,2,1,1
73,30.0,-0.30372725,-0.10122635,-0.20488592666666663,149.5633333333333,-132.71666666666667,14.98513016068447,26.37940761237755,0.5,38.0,11.620592387622452,4.4,1.8,2.0,0.5,0.9,3.0,1.0,1.0,6.0,2.5514169385809145,far,dense,0.0,0.0,114,2,1,1
73,31.0,-0.31283254666666666,-0.12325810333333333,-0.2306595433333333,365.52666666666664,279.3866666666667,13.873903681540071,9.59974770906633,0.5,38.0,28.40025229093367,6.2,3.2999999999999994,2.0,0.0,3.2999999999999994,2.9,0.0,1.0,3.0,3.7454938881789697,far,dense,0.0,0.0,114,2,1,1
73,33.0,-0.27564451166666665,-0.13112849666666668,-0.227920205,203.37833333333336,-179.07666666666668,13.597489102602509,4.198154323871656,0.5,20.0,15.801845676128345,5.400000000000001,0.8000000000000002,2.0,0.6,1.1,3.7000000000000006,1.0,1.0,6.0,2.3219308116357342,far,dense,0.0,0.0,114,2,1,1
73,35.0,-0.27425296000000005,-0.060224806666666665,-0.22221997666666668,354.72,-188.08,21.087568837367147,17.43939112703134,0.5,45.0,27.56060887296866,3.2999999999999994,2.7000000000000006,2.0,1.7,0.0,1.6000000000000003,3.0,0.0,2.0,3.668493707529469,far,dense,0.0,0.0,114,2,1,1
73,36.0,-0.30995337333333334,-0.11421253333333332,-0.23798316,462.91,-192.89,16.065688570993427,9.033374342055916,0.5,45.0,35.966625657944086,0.5,2.1,2.0,0.0,0.0,0.5,0.0,0.0,1.0,3.7232167178021007,far,dense,0.0,0.0,114,2,1,1
73,37.0,-0.3090839066666667,-0.09166121666666667,-0.22545305666666668,462.3233333333333,-238.23666666666668,15.72977076326162,5.078956464684495,0.5,41.0,35.921043535315505,3.2000000000000006,3.4,2.0,0.4000000000000001,1.0,1.8,1.0,2.0,1.0,2.8094506511495303,far,dense,0.0,0.0,114,2,1,1
73,39.0,-0.2867732166666667,-0.09049298333333333,-0.2545778166666666,482.1666666666667,-235.45000000000002,15.43650634338015,0.5371929646395562,0.5,38.0,37.46280703536044,5.7,3.4,2.0,0.5,0.6,4.6,1.0,1.0,4.0,2.767520997761329,far,dense,0.0,0.0,114,2,1,1
73,44.0,-0.25306388,-0.3578242866666667,-0.27639319333333334,-335.0933333333333,-94.14999999999999,-19.990151809980592,-10.96432032042368,-0.5,-37.0,-26.035679679576322,1.3,2.1,2.0,0.8000000000000002,0.5,0.0,1.0,1.0,0.0,2.59506462257613,far,dense,0.0,0.0,114,2,1,1
73,45.0,-0.3035129733333333,-0.32810965000000003,-0.2638501833333333,-305.76666666666665,-127.11333333333334,-15.308753215241802,2.7570915268137823,-0.5,-21.0,-23.75709152681378,3.7000000000000006,3.6,2.0,0.0,0.0,3.7000000000000006,0.0,0.0,3.0,1.94723514255348,far,dense,0.0,0.0,114,2,1,1
73,46.0,-0.34245406333333334,-0.30238460666666667,-0.26745214,-61.489999999999974,-17.20666666666666,-10.565762175507347,-11.222423771992439,-0.5,-16.0,-4.777576228007561,5.400000000000001,3.6,2.0,1.2,2.2,2.0,2.0,2.0,3.0,2.2343590678738408,far,dense,0.0,0.0,114,2,1,1
73,47.0,-0.32735513666666666,-0.29882166666666665,-0.24872336666666664,-270.48333333333335,-140.93333333333334,-11.201164125921304,6.015689435771332,-0.5,-15.0,-21.015689435771332,3.5,2.6,2.0,0.4000000000000001,0.8000000000000002,2.3,1.0,2.0,4.0,1.5748417395704644,far,dense,0.0,0.0,114,2,1,1
73,56.0,-0.33116843999999995,-0.11426435333333333,-0.26077924999999996,380.43666666666667,-271.12,13.370097373552968,2.4412884220344053,0.5,32.0,29.558711577965596,4.6,1.1,3.0,1.6000000000000003,1.1,1.8999999999999997,2.0,1.0,3.0,4.918832425856093,near,non_dense,0.0,0.0,114,2,1,1
73,58.0,-0.300877,-0.14388186,-0.2571096883333333,39.73333333333331,-221.8083333333333,13.755713195501157,15.246180482579817,0.5,18.333333333333332,3.0871528507535175,8.5,0.5,3.0,2.4,0.0,6.099999999999999,3.0,0.0,4.0,7.36084221843673,near,non_dense,0.0,0.0,114,2,1,1
73,59.0,-0.3766381066666667,-0.18913325333333333,-0.2547114366666667,257.74,-194.35999999999999,7.652194186408837,-14.358906548598732,0.5,5.666666666666667,20.0255732152654,7.7,3.0,3.0,0.8000000000000002,3.2999999999999994,3.6,1.0,2.0,3.0,2.790426147307283,near,non_dense,0.0,0.0,114,2,1,1
73,60.0,-0.31892063333333337,-0.10307513333333333,-0.24593892666666664,202.45666666666668,-199.57000000000002,15.114798722051487,26.603098207811815,0.5,42.333333333333336,15.730235125521517,4.8,1.8,3.0,1.3,0.6999999999999998,2.7999999999999994,2.0,1.0,3.0,5.524333502758694,near,non_dense,0.0,0.0,114,2,1,1
73,65.0,-0.4534212366666666,-0.36508272999999997,-0.4321810533333334,-207.85000000000002,-200.38666666666666,-21.81537842261694,-4.850720133495332,-0.5,-21.0,-16.149279866504667,6.3,7.099999999999999,3.0,4.9,1.3999999999999997,0.0,4.0,2.0,0.0,7.832400125677658,near,non_dense,0.0,0.0,114,2,1,1
73,71.0,-0.31849858333333336,-0.35016907333333336,-0.28423508,-32.129999999999995,52.68333333333334,-14.66673450717279,-13.836935151419476,-0.5,-16.333333333333332,-2.4963981819138557,2.1,1.3999999999999997,3.0,1.6000000000000003,0.0,0.5,3.0,0.0,1.0,4.796594552369085,near,non_dense,0.0,0.0,114,2,1,1
73,72.0,-0.32329070666666665,-0.32129483333333336,-0.25625873666666665,-265.80333333333334,-173.50333333333333,-15.19066482417037,-0.3479315879247989,-0.5,-21.0,-20.652068412075206,5.599999999999999,2.0,3.0,2.4,0.6999999999999998,2.5,1.0,1.0,4.0,4.72709696285227,near,non_dense,0.0,0.0,114,2,1,1
73,73.0,-0.3344292833333333,-0.14629346333333335,-0.22318556999999997,86.38333333333333,-188.24,6.604462558386423,11.288291432275384,0.5,18.0,6.711708567724616,8.6,2.4,4.0,2.5,2.6,3.5,2.0,1.0,4.0,2.2244091721208776,far,non_dense,0.0,0.0,114,2,1,1
73,74.0,-0.34039665333333335,-0.14307137,-0.21995457333333335,103.9933333333333,-180.79,9.17351312789465,9.920050785418772,0.5,18.0,8.079949214581228,3.7000000000000006,2.2,4.0,1.3999999999999997,0.0,2.3,2.0,0.0,2.0,3.1632773615725505,far,non_dense,0.0,0.0,114,2,1,1
73,75.0,-0.34009958333333334,-0.3064278866666667,-0.26652203,-119.39999999999998,-160.65333333333334,-9.467602612408529,-5.72300208775243,-0.5,-15.0,-9.27699791224757,3.6,2.5,4.0,2.7000000000000006,0.0,0.9,2.0,0.0,1.0,3.0987093401658665,far,non_dense,0.0,0.0,114,2,1,1
73,79.0,-0.43831914,-0.3729392366666667,-0.4283271433333333,-31.636666666666656,-255.38666666666666,-11.113685501240212,-18.541932239387446,-0.5,-21.0,-2.4580677606125505,4.6,1.0,4.0,1.6000000000000003,1.3,1.7,2.0,1.0,2.0,3.6510323689085293,far,non_dense,0.0,0.0,114,2,1,1
73,82.0,-0.2987120433333333,-0.08478857666666667,-0.20511620333333333,411.78000000000003,-237.85000000000002,20.130479376928292,2.006011722736145,0.5,34.0,31.993988277263856,3.6,2.2,4.0,2.4,0.6999999999999998,0.5,3.0,1.0,1.0,6.018523534396414,far,non_dense,0.0,0.0,114,2,1,1
73,84.0,-0.414061835,-0.13032495333333333,-0.4047462783333333,134.14333333333335,-165.4466666666667,28.183544606272736,-10.422507732623645,0.5,0.0,10.422507732623645,7.599999999999999,0.4000000000000001,4.0,4.4,2.4,0.8000000000000002,3.0,1.0,1.0,7.645638232621663,far,non_dense,0.0,0.0,114,2,1,1
73,86.0,-0.32145671000000003,-0.15278684333333334,-0.23671275,141.41666666666666,91.86333333333334,9.116599460186286,9.012377542515265,0.5,20.0,10.987622457484735,11.300000000000002,1.5,4.0,2.0,1.2,8.1,2.0,1.0,7.0,3.2367178011558493,far,non_dense,0.0,0.0,114,2,1,1
73,88.0,-0.3073959466666667,-0.12575490666666667,-0.24072008666666667,309.1566666666667,-237.16333333333333,15.286311611434746,0.9795163214063235,0.5,25.0,24.020483678593678,2.7000000000000006,3.0,4.0,1.6000000000000003,0.0,1.1,1.0,0.0,2.0,5.490776129485305,far,non_dense,0.0,0.0,114,2,1,1
73,89.0,-0.3314707666666667,-0.13920928000000002,-0.24569062,150.09666666666666,-191.0666666666667,7.746996059190256,15.004635985745509,0.5,26.666666666666668,11.662030680921157,8.8,2.0,4.0,2.4,1.3,5.1,1.0,2.0,5.0,3.5522146919028317,far,non_dense,0.0,0.0,114,2,1,1
73,91.0,-0.32313217666666666,-0.3269449766666666,-0.2526435866666667,-77.14999999999998,-169.61666666666667,-9.528878343684243,-15.005691885009213,-0.5,-21.0,-5.994308114990787,5.7,3.9,4.0,1.3999999999999997,2.6,1.7,2.0,2.0,2.0,3.2306197887409582,far,non_dense,0.0,0.0,114,2,1,1
73,92.0,-0.3313036366666667,-0.2895858566666667,-0.22371757999999997,-54.90666666666664,-192.42666666666665,-5.571385802929459,-10.733927704898328,-0.5,-15.0,-4.266072295101672,7.400000000000001,4.0,4.0,1.7,3.1,2.6,2.0,2.0,4.0,2.1663752415597792,far,non_dense,0.0,0.0,114,2,1,1
73,93.0,-0.31399178666666666,-0.2778135133333333,-0.25946175,-56.35666666666666,-214.86,-6.512642396765884,-11.62126734499247,-0.5,-16.0,-4.378732655007529,5.599999999999999,2.6,4.0,0.9,1.3,3.4,1.0,2.0,3.0,2.3360437096481643,far,non_dense,0.0,0.0,114,2,1,1
