participant,trigger,x,y,z,gx,gy,target,difference,side,angle_p,angle_g,l_g,l_p,cond,sgb,sgm,sgc,f_b,f_m,f_c,h_B_w,distance,dense_column,VS left,VS right,Height,DomHand,regularity,Geschlecht,regularity_updated,mrde,predict
29,8.0,-0.2292888466666666,-0.1566067933333333,-0.2829070566666666,373.7266666666666,-54.96333333333335,13.831862374129742,-1.7024519869111832,0.5,27.33333333333333,29.03578532024452,4.4,1.2,1.0,0.4000000000000001,0.5,3.5,1.0,1.0,4.0,2.031235130625807,near,dense,2.0,0.75,122,2,1,2,1,0.0023154579920309,13.836565613746645
29,81.0,-0.2260913066666666,-0.34718892,-0.2508851,-167.61666666666667,-9.176666666666677,-14.623438712348516,-21.31076367611062,-0.5,-34.333333333333336,-13.022569657222707,2.4,1.8,4.0,1.3999999999999997,0.0,1.0,1.0,0.0,1.0,4.684400150798886,far,non_dense,2.0,0.75,122,2,1,2,1,0.0025274468064342,-14.635278284549711
29,34.0,-0.2108203733333333,-0.14893546,-0.3037824133333333,374.5833333333333,-44.623333333333335,15.274242499030183,15.8976580445381,0.5,45.0,29.1023419554619,0.6,1.2,2.0,0.0,0.0,0.6,0.0,0.0,1.0,2.5735465735941805,far,dense,2.0,0.75,122,2,1,2,1,0.0027558836731718,15.267150104045868
63,42.0,-0.3792960377777777,-0.3662563866666666,-0.3943383266666667,-382.6922222222222,-167.51333333333332,-15.870473576914868,-0.6672998659863048,-0.5,-29.33333333333333,-28.66603346734703,1.5,0.6,2.0,0.4,0.0,1.1,1.0,0.0,2.0,2.051313447319421,far,dense,99.0,99.0,119,2,1,1,1,0.0043552750319677,-15.861539542675018
73,23.0,-0.3577427966666667,-0.3713385866666667,-0.25294168,-484.2833333333333,-47.723333333333336,-14.247473616477912,13.62726526188968,-0.5,-24.0,-37.62726526188968,0.6,2.7999999999999994,1.0,0.0,0.6,0.0,0.0,1.0,0.0,2.074190115298644,near,dense,0.0,0.0,114,2,1,1,1,0.0044442966593656,-14.256691932678224
73,59.0,-0.3766381066666667,-0.1891332533333333,-0.2547114366666667,257.74,-194.36,7.652194186408837,-14.358906548598732,0.5,5.666666666666667,20.0255732152654,7.7,3.0,3.0,0.8000000000000002,3.2999999999999994,3.6,1.0,2.0,3.0,2.790426147307283,near,non_dense,0.0,0.0,114,2,1,1,1,0.0053603468941929,7.667151838541031
28,33.0,-0.4550183,-0.05163601,-0.2127261866666666,386.9166666666667,-108.30666666666669,13.052414138235935,-8.048125593399343,0.5,22.666666666666668,30.71479226006601,3.0,2.1,2.0,0.0,0.5,2.5,0.0,1.0,4.0,2.2431135694785134,far,dense,0.0,0.0,115,2,1,1,1,0.0128690536599528,13.081280887126924
73,31.0,-0.3128325466666666,-0.1232581033333333,-0.2306595433333333,365.5266666666666,279.3866666666667,13.873903681540073,9.59974770906633,0.5,38.0,28.40025229093367,6.2,3.2999999999999994,2.0,0.0,3.2999999999999994,2.9,0.0,1.0,3.0,3.7454938881789697,far,dense,0.0,0.0,114,2,1,1,1,0.0136980492955699,13.925209641456604
29,58.0,-0.2266026199999999,-0.1919370266666666,-0.3345747066666666,250.35666666666668,6.429999999999988,11.556624381787277,0.5491470767619381,0.5,20.0,19.450852923238063,11.6,1.7,3.0,1.3,0.8000000000000002,9.5,1.0,1.0,4.0,6.107031990686735,near,non_dense,2.0,0.75,122,2,1,2,1,0.0146535058893719,11.467134952545166
29,40.0,-0.2154585999999999,-0.1326931133333333,-0.3303031833333333,457.23,17.50666666666668,15.717692529724031,-3.1900405815832755,0.5,32.333333333333336,35.52337391491661,1.6000000000000003,1.1,2.0,0.0,0.6,1.0,0.0,1.0,1.0,2.91308679855378,far,dense,2.0,0.75,122,2,1,2,1,0.0150634313360404,15.761573612689972
29,5.0,-0.2179794,-0.16051834,-0.27021585,430.36,-22.77,15.065852099139049,10.230892115514044,0.5,43.66666666666666,33.435774551152626,4.2,1.3999999999999997,1.0,0.0,0.0,4.2,0.0,0.0,5.0,2.358353538151581,near,dense,2.0,0.75,122,2,1,2,1,0.017812492650805,15.023843944072723
15,56.0,-0.1941082266666667,-0.1654368133333333,-0.2284354033333333,408.10666666666674,-123.69,13.254016808904524,-8.114653401110813,0.5,23.33333333333333,31.447986734444147,7.900000000000001,0.8000000000000002,3.0,2.2,1.8,3.9,2.0,1.0,4.0,4.926332107206413,near,non_dense,0.0,0.0,123,1,1,2,1,0.018771863783065,13.346493244171144
15,61.0,-0.2261257166666666,-0.1825361366666666,-0.21631137,207.22666666666663,-40.656666666666666,10.790834740824913,2.03147511020874,0.5,18.0,15.96852488979126,12.4,0.8000000000000002,3.0,1.3,1.5,9.6,1.0,1.0,5.0,4.7786296948150175,near,non_dense,0.0,0.0,123,1,1,2,1,0.0249467666266107,10.910046100616457
38,90.0,-0.4448008933333333,-0.09718761,-0.1980240533333333,321.51000000000005,-37.94666666666666,9.282254918529755,-16.95086053590406,0.5,9.666666666666666,26.617527202570727,4.2,1.5,4.0,3.8,0.4000000000000001,0.0,6.0,1.0,0.0,3.403233896452321,far,non_dense,2.0,2.0,115,2,1,2,1,0.025293159750329,9.196176379919052
29,16.0,-0.2138931633333333,-0.13246179,-0.3263756033333333,89.80000000000003,-258.42333333333335,16.626992675613746,27.02320718771841,0.5,34.0,6.976792812281597,4.2,0.9,1.0,0.0,0.0,4.2,0.0,0.0,5.0,2.689914775113213,near,dense,2.0,0.75,122,2,1,2,1,0.0261431717439787,16.556669771671295
29,45.0,-0.1884103433333333,-0.31163505,-0.31357826,-251.44333333333336,46.34,-14.448365103727951,-11.131387817043908,-0.5,-30.666666666666668,-19.53527884962276,1.5,1.6000000000000003,2.0,1.5,0.0,0.0,1.0,0.0,0.0,1.9207122301540112,far,dense,2.0,0.75,122,2,1,2,1,0.0261800976981025,-14.498649537563324
28,54.0,-0.3849962166666666,-0.1047019333333333,-0.4148995666666666,76.84999999999998,30.58000000000001,13.179184557851835,19.566046071742505,0.5,25.666666666666668,6.10062059492416,5.599999999999999,12.0,3.0,1.3999999999999997,4.2,0.0,2.0,5.0,0.0,7.229674901338821,near,non_dense,0.0,0.0,115,2,1,1,1,0.026716934446702,13.372339308261871
15,60.0,-0.19309862,-0.1564202466666666,-0.2101436799999999,509.14,-48.29333333333333,14.69856050207538,-17.233438886830797,0.5,22.0,39.2334388868308,4.3,0.8000000000000002,3.0,0.6999999999999998,1.8,1.8,1.0,1.0,3.0,5.285736925486442,near,non_dense,0.0,0.0,123,1,1,2,1,0.034379241624834,14.516840875148771
29,27.0,-0.2281140933333333,-0.1868545499999999,-0.2883344,335.2633333333333,-30.433333333333355,12.441785783709292,-2.714136758220864,0.5,23.33333333333333,26.0474700915542,3.6,1.5,2.0,0.5,0.0,3.1,1.0,0.0,4.0,2.1491571930188584,far,dense,2.0,0.75,122,2,1,2,1,0.0351950217678327,12.517425417900084
28,17.0,-0.4555612866666667,-0.05101148,-0.2279637199999999,359.37000000000006,41.71,12.63733477609919,-5.861375274750322,0.5,22.666666666666668,28.528041941416987,1.1,3.0,1.0,0.0,0.4000000000000001,0.6999999999999998,0.0,1.0,1.0,1.5578318004640606,near,dense,0.0,0.0,115,2,1,1,1,0.0390410410946547,12.698154151439669
63,60.0,-0.3119639033333333,-0.10063654,-0.2029975299999999,308.52,-177.85,12.316733414631493,6.556595095339215,0.5,29.666666666666668,23.11007157132745,3.2999999999999994,1.2,3.0,1.3999999999999997,0.0,1.9,2.0,0.0,2.0,4.53879767617984,near,non_dense,99.0,99.0,119,2,1,1,1,0.0441490375928226,12.517116963863373
15,12.0,-0.2135768633333333,-0.14484725,-0.2056447866666666,66.21666666666665,-171.48000000000002,15.728709931630553,26.419056032960054,0.5,32.0,5.58094396703995,2.2,0.6999999999999998,1.0,0.4000000000000001,1.8,0.0,1.0,1.0,0.0,2.3388150728396986,near,dense,0.0,0.0,123,1,1,2,1,0.0497749878668163,15.845124423503876
28,2.0,-0.46596581,-0.0986789133333333,-0.2077115433333333,305.9066666666667,-35.60666666666666,9.913832290389434,-10.61726971318066,0.5,13.666666666666666,24.28393637984733,4.7,1.9,1.0,0.0,2.3,2.4,0.0,1.0,5.0,1.5015492695438557,near,dense,0.0,0.0,115,2,1,1,1,0.0593752054573393,10.00298708677292
15,78.0,-0.1831539499999999,-0.2032593133333333,-0.2361348266666666,402.00666666666666,-120.59333333333332,12.568657527189512,-12.311264725023683,0.5,18.666666666666668,30.97793139169035,9.8,0.8000000000000002,4.0,6.5,1.8,1.5,6.0,1.0,1.0,4.4505296265489775,far,non_dense,0.0,0.0,123,1,1,2,1,0.0612770931952315,12.29594200849533
63,20.0,-0.22075693,-0.3532672433333333,-0.2557992033333333,-372.6366666666666,-121.57666666666668,-16.739822192268687,-10.753857005161557,-0.5,-38.66666666666666,-27.91280966150511,2.9,1.1,1.0,2.9,0.0,0.0,2.0,0.0,0.0,2.5432840205394647,near,dense,99.0,99.0,119,2,1,1,1,0.071223750910312,-16.920964419841766
63,39.0,-0.3728870533333333,-0.0518606333333333,-0.2137469033333333,468.9766666666667,-161.77666666666667,15.42836410002888,-3.129276325519399,0.5,32.0,35.1292763255194,2.9,2.0,2.0,0.0,0.9,2.0,0.0,1.0,2.0,2.6873216047862165,far,dense,99.0,99.0,119,2,1,1,1,0.0769705736509644,15.635208785533903
28,19.0,-0.4324955133333333,-0.0309504899999999,-0.1992119766666666,451.0033333333334,-117.45666666666666,15.962809957065064,-3.8022150125280327,0.5,32.0,35.80221501252803,2.9,2.4,1.0,0.0,1.9,1.0,0.0,2.0,1.0,3.2059502579528,near,dense,0.0,0.0,115,2,1,1,1,0.0771076986652088,15.71560651063919
15,67.0,-0.14988724,-0.2732171433333333,-0.2681786533333333,-201.73,-120.06333333333332,-16.83972092496424,-29.59310134350447,-0.5,-45.0,-15.406898656495535,1.5,0.6999999999999998,3.0,0.0,0.0,1.5,0.0,0.0,2.0,5.098019831645447,near,non_dense,0.0,0.0,123,1,1,2,1,0.0819795720670082,-16.421787440776825
63,31.0,-0.3165196366666666,-0.1067313433333333,-0.2195363666666666,348.33666666666664,-202.03666666666663,14.396322281712246,11.907411844988006,0.5,38.0,26.092588155011992,5.5,1.7,2.0,3.1,0.0,2.4,2.0,0.0,4.0,4.123812807677333,far,dense,99.0,99.0,119,2,1,1,1,0.0823381961496372,14.056774973869324
15,63.0,-0.1693623233333333,-0.29444169,-0.2672374566666666,-367.67333333333335,-94.93666666666668,-19.195252662934376,-16.667735291568725,-0.5,-45.0,-28.33226470843128,1.3,0.6999999999999998,3.0,0.9,0.0,0.4000000000000001,2.0,0.0,1.0,5.268667221727124,near,non_dense,0.0,0.0,123,1,1,2,1,0.0856982614354866,-18.743737041950222
29,52.0,-0.16268494,-0.2762680166666666,-0.3284333233333333,-254.70666666666668,-12.816666666666682,-12.14232483026945,1.1221489373445028,-0.5,-18.666666666666668,-19.78881560401117,1.9,1.2,3.0,0.0,1.1,0.8000000000000002,0.0,1.0,1.0,4.51171444661517,near,non_dense,2.0,0.75,122,2,1,2,1,0.0864516110282062,-11.752279847860336
15,2.0,-0.16770682,-0.1757149333333333,-0.2176709666666666,331.8833333333333,-75.28,10.12786190925646,-12.57434983676597,0.5,13.0,25.574349836765965,10.1,1.0,1.0,1.5,0.6999999999999998,7.900000000000001,1.0,1.0,7.0,1.5426372806368027,near,dense,0.0,0.0,123,1,1,2,1,0.0895768184759822,9.989677369594574
63,71.0,-0.28967054,-0.3369251399999999,-0.2628394566666667,-355.7933333333333,-186.86666666666667,-12.702224243543654,4.651138979432447,-0.5,-22.0,-26.65113897943245,4.5,1.5,3.0,1.2,0.5,2.7999999999999994,1.0,1.0,4.0,3.957112250318217,near,non_dense,99.0,99.0,119,2,1,1,1,0.0921185748626654,-13.066747784614565
29,96.0,-0.2426695233333333,-0.3347110733333333,-0.2637563533333333,-233.85666666666668,-40.53333333333333,-10.857204359979011,2.502258846742375,-0.5,-15.666666666666666,-18.16892551340904,4.8,1.6000000000000003,4.0,2.0,0.0,2.7999999999999994,1.0,0.0,3.0,4.997945606649715,far,non_dense,2.0,0.75,122,2,1,2,1,0.0925350440617157,-10.394719243049622
28,87.0,-0.45203042,-0.11075391,-0.20220726,312.9,-98.93,9.906178210175494,-13.17242486426072,0.5,11.666666666666666,24.83909153092738,3.5,1.2,4.0,0.6,0.0,2.9,1.0,0.0,5.0,3.730496453226861,far,non_dense,0.0,0.0,115,2,1,1,1,0.0926953218213777,9.56037864089012
28,66.0,-0.4670421366666666,-0.0841065366666666,-0.2128903166666666,155.39333333333337,-31.389999999999983,10.562061540519853,2.664336113893969,0.5,15.0,12.335663886106031,6.599999999999999,2.2,3.0,1.7,2.1,2.7999999999999994,3.0,2.0,5.0,3.920495287405209,near,non_dense,0.0,0.0,115,2,1,1,1,0.095722740071997,10.186780989170074
29,80.0,-0.2639563199999999,-0.3397689966666666,-0.2458036233333333,-191.48666666666668,-45.70666666666667,-12.600760786344615,-11.122908689891304,-0.5,-26.0,-14.877091310108696,7.5,1.9,4.0,1.9,1.2,4.4,1.0,1.0,7.0,6.040314767132226,far,non_dense,2.0,0.75,122,2,1,2,1,0.1000374776009866,-13.205018639564514
38,46.0,-0.3947018866666666,-0.2958123966666666,-0.2155816733333333,-217.57333333333327,55.079999999999984,-10.280522061413732,3.0127029285371805,-0.5,-15.0,-18.01270292853718,2.7000000000000006,2.0,2.0,2.3,0.0,0.4000000000000001,2.0,0.0,1.0,2.229740482236465,far,dense,2.0,2.0,115,2,1,2,1,0.1038565204521822,-10.048948973417282
73,10.0,-0.3113295633333333,-0.0294189133333333,-0.2077858633333333,635.4566666666666,-12.036666666666662,21.86045967912749,-4.268965280161157,0.5,45.0,49.268965280161154,2.5,2.3,1.0,0.0,0.5,2.0,0.0,1.0,4.0,3.54888920833556,near,dense,0.0,0.0,114,2,1,1,1,0.108591731343723,21.47507965564728
38,74.0,-0.453716945,-0.1377615383333333,-0.2012479366666666,247.2033333333333,121.05,7.941435054905617,-12.465744298983418,0.5,8.0,20.46574429898342,5.3,1.8,4.0,0.9,0.9,3.5,2.0,1.0,5.0,2.755643544572223,far,non_dense,2.0,2.0,115,2,1,2,1,0.1117773018614171,8.249453455209732
50,32.0,-0.3695766833333333,0.0414476633333333,-0.3473394733333333,443.2233333333333,-85.89666666666666,17.104350692854876,5.8058932221825,0.5,42.0,36.1941067778175,8.9,2.0,2.0,6.5,1.1,1.3,4.0,1.0,1.0,3.0128617909170283,far,dense,0.0,0.0,117,1,1,1,1,0.1126716189282567,16.764886677265167
29,36.0,-0.20934953,-0.1418817033333333,-0.3142284433333333,476.29,-85.08333333333333,15.6318834813568,-7.337527638028189,0.5,29.666666666666668,37.004194304694856,5.5,1.0,2.0,1.3,0.6,3.6,1.0,1.0,4.0,3.6653111958737488,far,dense,2.0,0.75,122,2,1,2,1,0.1129016038198453,16.04570299386978
29,26.0,-0.2138255066666666,-0.1662914633333333,-0.2885475266666666,309.97,-21.193333333333342,13.285006505673202,7.917633986381688,0.5,32.0,24.082366013618312,3.4,1.2,2.0,0.4000000000000001,0.0,3.0,1.0,0.0,2.0,2.2877947522708424,far,dense,2.0,0.75,122,2,1,2,1,0.113174929467518,13.026085495948792
29,62.0,-0.2059423,-0.1835157533333333,-0.3331659333333334,90.94333333333331,-272.7366666666667,12.76761259965653,15.601045349017127,0.5,22.666666666666668,7.06562131764954,5.900000000000001,0.6999999999999998,3.0,0.5,2.5,2.9,1.0,1.0,4.0,4.881289769258931,near,non_dense,2.0,0.75,122,2,1,2,1,0.118125606264484,12.191007286310196
15,59.0,-0.1839776533333333,-0.1721294066666666,-0.2048274233333333,445.95,-136.29,12.4897946606849,-14.364127885418926,0.5,20.0,34.364127885418924,9.7,1.0,3.0,6.2,3.5,0.0,6.0,1.0,0.0,4.5510480751172695,near,non_dense,0.0,0.0,123,1,1,2,1,0.1210205395559924,13.040564954280851
73,17.0,-0.3488591699999999,-0.0780183266666666,-0.2182784966666666,305.5733333333333,-72.48,13.300963132001431,8.257929854507,0.5,32.0,23.742070145493003,4.6,3.2999999999999994,1.0,0.6999999999999998,0.6,3.2999999999999994,1.0,1.0,3.0,1.6987748892825965,near,dense,0.0,0.0,114,2,1,1,1,0.1242295742640041,13.089925050735474
28,69.0,-0.4360353633333333,-0.0596442633333333,-0.2009748733333333,319.7533333333334,-56.78333333333333,12.881142332679524,-2.716466327854912,0.5,22.666666666666668,25.38313299452157,2.9,1.8,3.0,0.4000000000000001,0.9,1.6000000000000003,1.0,1.0,3.0,4.765645271524359,near,non_dense,0.0,0.0,115,2,1,1,1,0.1273527480512696,12.274224311113358
73,36.0,-0.3099533733333333,-0.1142125333333333,-0.23798316,462.91,-192.89,16.065688570993427,9.033374342055916,0.5,45.0,35.966625657944086,0.5,2.1,2.0,0.0,0.0,0.5,0.0,0.0,1.0,3.7232167178021007,far,dense,0.0,0.0,114,2,1,1,1,0.1302013104966709,15.58092087507248
28,14.0,-0.4643391366666667,-0.0615233266666666,-0.21521244,337.5833333333333,-42.25999999999999,12.649343081054369,-4.465207145996281,0.5,22.33333333333333,26.798540479329613,4.2,2.6,1.0,0.0,1.8,2.4,0.0,1.0,3.0,1.9971564313045989,near,dense,0.0,0.0,115,2,1,1,1,0.1314090276145046,12.386898696422575
63,26.0,-0.3257178833333333,-0.1076153999999999,-0.2224154633333333,329.91666666666663,-102.33333333333331,12.914478711955342,3.287184690650695,0.5,28.0,24.712815309349303,2.1,1.1,2.0,0.0,0.0,2.1,0.0,0.0,2.0,2.227576811738686,far,dense,99.0,99.0,119,2,1,1,1,0.1414782484753842,13.229632377624512
28,59.0,-0.4515137966666667,-0.0927118233333333,-0.20301273,342.10666666666674,77.98666666666666,10.489864978063776,-11.15761842976606,0.5,16.0,27.157618429766057,6.599999999999999,1.9,3.0,4.9,0.8000000000000002,0.9,4.0,1.0,1.0,3.8495871113361098,near,non_dense,0.0,0.0,115,2,1,1,1,0.1463728817258808,11.053340137004852
38,73.0,-0.4495608716666666,-0.1396040516666666,-0.1924247566666666,149.28666666666666,39.16166666666666,7.626146742846376,-4.692643808842988,0.5,7.666666666666667,12.359310475509654,7.400000000000001,2.1,4.0,2.6,1.7,3.1,4.0,2.0,3.0,2.630326020259543,far,non_dense,2.0,2.0,115,2,1,2,1,0.1465866221429184,8.011717349290848
63,13.0,-0.3399745433333334,-0.09704215,-0.2079154233333333,267.4433333333333,-48.943333333333335,11.039482824051992,-0.0331731317506722,0.5,20.0,20.033173131750672,8.4,1.1,1.0,5.3,0.0,3.1,3.0,0.0,4.0,1.6913507496669349,near,dense,99.0,99.0,119,2,1,1,1,0.1488917140398807,11.29131093621254
63,79.0,-0.3017846833333333,-0.3098591833333333,-0.2468176866666666,-120.43333333333337,-137.01,-10.144274121734114,-5.9787924513585216,-0.5,-15.0,-9.02120754864148,3.5,2.4,4.0,3.0,0.5,0.0,1.0,1.0,0.0,3.2587102421171124,far,non_dense,99.0,99.0,119,2,1,1,1,0.1515489450145293,-10.638128221035004
28,60.0,-0.4187822033333333,-0.0395096233333333,-0.1944785133333333,335.2866666666667,-60.00333333333334,14.383003824699246,5.38377691776007,0.5,32.0,26.61622308223993,4.3,2.0,3.0,0.4000000000000001,0.9,3.0,1.0,1.0,4.0,5.111867997176032,near,non_dense,0.0,0.0,115,2,1,1,1,0.1554586515732641,13.588319718837738
63,96.0,-0.2812062733333333,-0.3159838133333333,-0.2860793566666667,-184.28666666666663,-81.97333333333331,-10.9473865988031,-1.1957796696874372,-0.5,-15.0,-13.804220330312562,1.0,1.3,4.0,0.0,0.0,1.0,0.0,0.0,1.0,4.987513664951808,far,non_dense,99.0,99.0,119,2,1,1,1,0.1572767420984203,-10.162966698408129
29,6.0,-0.2270478,-0.18371351,-0.2766529733333333,3.669999999999997,-166.18666666666664,10.52977733978139,19.714868267025903,0.5,20.0,0.2851317329740936,8.9,1.2,1.0,0.8000000000000002,1.8,6.3,2.0,1.0,5.0,1.5465529290215347,near,dense,2.0,0.75,122,2,1,2,1,0.1601031899384616,10.28216928243637
73,46.0,-0.3424540633333333,-0.3023846066666666,-0.26745214,-61.48999999999997,-17.20666666666666,-10.565762175507349,-11.22242377199244,-0.5,-16.0,-4.777576228007561,5.400000000000001,3.6,2.0,1.2,2.2,2.0,2.0,2.0,3.0,2.2343590678738408,far,dense,0.0,0.0,114,2,1,1,1,0.1601913970134174,-10.20783707499504
29,61.0,-0.25380031,-0.1988215566666666,-0.29500416,263.1133333333333,-72.15666666666668,10.459949373374393,-0.4419511449381931,0.5,20.0,20.44195114493819,11.300000000000002,1.0,3.0,3.2000000000000006,0.0,8.1,1.0,0.0,6.0,4.756073006841432,near,non_dense,2.0,0.75,122,2,1,2,1,0.161775783224636,11.229366809129717
29,84.0,-0.2307131666666666,-0.1485891666666666,-0.2586289966666666,330.8933333333334,-105.34666666666668,13.891985587270772,6.292046440624763,0.5,32.0,25.70795355937524,5.7,1.3999999999999997,4.0,1.0,0.0,4.7,1.0,0.0,4.0,4.522640914744368,far,non_dense,2.0,0.75,122,2,1,2,1,0.1640248665824795,13.150160014629364
38,86.0,-0.4350285241666666,-0.1249490991666666,-0.1884304741666666,256.40833333333336,4.170000000000006,9.568008382328278,-10.311151402649443,0.5,10.916666666666666,21.22781806931611,3.9,1.0,4.0,1.0,0.0,2.9,1.0,0.0,5.0,3.4546152666402943,far,non_dense,2.0,2.0,115,2,1,2,1,0.1644457176159017,8.999911695718765
29,29.0,-0.22340141,-0.1836573433333333,-0.2875692933333333,312.33,-23.92,11.987945935424063,-4.265720479509008,0.5,20.0,24.26572047950901,3.0,1.6000000000000003,2.0,0.6999999999999998,1.5,0.8000000000000002,1.0,1.0,1.0,2.146533638014497,far,dense,2.0,0.75,122,2,1,2,1,0.1650985537722076,11.633556336164474
63,59.0,-0.3635994099999999,-0.1113007233333333,-0.2115282733333333,337.33666666666664,-188.54,11.256672165712226,-4.268619571825805,0.5,21.0,25.26861957182581,6.7,2.0,3.0,3.5,2.4,0.8000000000000002,2.0,1.0,1.0,3.918115045480681,near,non_dense,99.0,99.0,119,2,1,1,1,0.1717820629824745,11.92973405122757
63,65.0,-0.2592256266666666,-0.31174891,-0.2657496433333333,-270.78333333333336,-178.73333333333335,-10.834778385547594,5.283359956099936,-0.5,-15.0,-20.283359956099936,4.7,1.9,3.0,3.5,0.4000000000000001,0.8000000000000002,2.0,1.0,1.0,4.333857886639541,near,non_dense,99.0,99.0,119,2,1,1,1,0.1726393236537845,-10.086584091186523
29,72.0,-0.20581109,-0.3033561899999999,-0.3535515666666666,-706.1666666666666,-907.1666666666666,-12.610416657239204,12.877489680550228,-0.5,-22.0,-34.877489680550234,3.6,0.6,3.0,1.2,1.6000000000000003,0.8000000000000002,1.0,1.0,1.0,4.119673252154688,near,non_dense,2.0,0.75,122,2,1,2,1,0.1759321559019377,-13.335199654102324
28,61.0,-0.4541598166666666,-0.0933811066666666,-0.2058586166666666,88.02333333333331,58.51000000000001,10.263048287798595,9.012401299060407,0.5,16.0,6.98759870093959,9.0,2.1,3.0,1.0,4.7,3.2999999999999994,1.0,1.0,4.0,4.715581831632921,near,non_dense,0.0,0.0,115,2,1,1,1,0.1761119265017591,9.432578086853027
15,31.0,-0.1767093033333333,-0.1411012866666666,-0.2091167866666666,57.78333333333334,-54.49,14.166596805178118,25.213983952657344,0.5,29.666666666666668,4.452682714009323,10.4,0.6999999999999998,2.0,2.4,2.2,5.8,3.0,1.0,3.0,3.9529632940785966,far,dense,0.0,0.0,123,1,1,2,1,0.1770106325423657,14.866313338279724
28,13.0,-0.4710580333333333,-0.0726655233333333,-0.21798946,355.6366666666667,-37.84,11.466570411391857,-12.231676941793694,0.5,16.0,28.23167694179369,5.1,1.8,1.0,0.0,2.6,2.5,0.0,2.0,2.0,1.725918203173829,near,dense,0.0,0.0,115,2,1,1,1,0.1775080424714024,11.16020604968071
63,22.0,-0.2958641233333333,-0.0924850666666666,-0.2226371066666666,323.8233333333333,-97.18,13.43055003523014,11.743613348245946,0.5,36.0,24.256386651754053,4.3,1.2,1.0,1.1,1.2,2.0,1.0,1.0,2.0,2.182406941275771,near,dense,99.0,99.0,119,2,1,1,1,0.1895286227089453,13.84417861700058
28,74.0,-0.4821852466666667,-0.1337371166666666,-0.2204552533333333,219.37,59.95666666666667,7.301707358196815,-10.414354455543434,0.5,7.0,17.41435445554343,6.8,1.7,4.0,0.0,2.0,4.8,0.0,2.0,6.0,2.5087895536140867,far,non_dense,0.0,0.0,115,2,1,1,1,0.1947824368196444,7.790375500917435
29,95.0,-0.23237757,-0.14563451,-0.24846391,349.1266666666667,-113.78999999999998,12.89325067284517,4.8754519089551165,0.5,32.0,27.12454809104489,3.9,1.1,4.0,0.4000000000000001,1.1,2.4,1.0,1.0,3.0,4.632996469057185,far,non_dense,2.0,0.75,122,2,1,2,1,0.2068416358108688,13.851547241210938
28,6.0,-0.4667663766666667,-0.07882442,-0.21659684,322.8233333333333,-86.76333333333334,11.089055864395087,-7.626840284390376,0.5,18.0,25.62684028439037,5.7,2.1,1.0,0.0,1.6000000000000003,4.1,0.0,2.0,5.0,1.6267543418350765,near,dense,0.0,0.0,115,2,1,1,1,0.2140911977756094,11.437329649925232
63,53.0,-0.2751596966666667,-0.3525349066666667,-0.2597583833333333,-436.16,-158.81333333333333,-16.333792464880137,-0.995563280986057,-0.5,-33.666666666666664,-32.67110338568061,0.8000000000000002,1.2,3.0,0.0,0.4000000000000001,0.4000000000000001,0.0,1.0,1.0,4.637370743784323,near,non_dense,99.0,99.0,119,2,1,1,1,0.2150963216032859,-17.33127385377884
28,62.0,-0.4341935133333334,-0.0419541966666666,-0.2034944199999999,454.9766666666667,-53.91999999999999,13.81892133983168,-10.45096538117473,0.5,25.666666666666668,36.1176320478414,3.5,2.1,3.0,0.4000000000000001,0.8000000000000002,2.3,1.0,1.0,2.0,5.102437449585142,near,non_dense,0.0,0.0,115,2,1,1,1,0.2153979025056883,14.917975664138794
38,65.0,-0.40842069,-0.3058203566666667,-0.2006416933333333,-117.97333333333331,8.810000000000002,-9.77901002359076,-5.233092565774181,-0.5,-15.0,-9.76690743422582,6.099999999999999,0.4000000000000001,3.0,4.2,0.0,1.9,1.0,0.0,2.0,4.121124807290754,near,non_dense,2.0,2.0,115,2,1,2,1,0.2168854057544096,-10.67282184958458
73,16.0,-0.33255301,-0.03388928,-0.2194139933333333,552.4333333333334,-80.51,19.453974661831648,-4.922302177464829,0.5,38.0,42.92230217746484,2.5,3.0,1.0,0.4000000000000001,1.6000000000000003,0.5,1.0,1.0,1.0,3.3142171686351367,near,dense,0.0,0.0,114,2,1,1,1,0.2176719158563108,18.73256266117096
29,64.0,-0.18662045,-0.29693101,-0.2848688566666666,-207.61666666666667,30.44,-10.91468978999322,1.130272468929429,-0.5,-15.0,-16.13027246892943,4.8,1.3999999999999997,3.0,1.1,2.2,1.5,2.0,2.0,2.0,3.767099305193279,near,non_dense,2.0,0.75,122,2,1,2,1,0.2208578389784403,-10.082696378231049
63,9.0,-0.2816691699999999,-0.07882358,-0.2244897266666666,450.57666666666665,-72.03333333333332,15.628353721262576,9.915665062113256,0.5,43.66666666666666,33.75100160455341,2.6,0.9,1.0,0.0,0.5,2.1,0.0,1.0,3.0,2.421764737382375,near,dense,99.0,99.0,119,2,1,1,1,0.2211890751904272,15.09268581867218
28,82.0,-0.4662764333333333,-0.12473008,-0.21494354,265.38666666666666,-42.829999999999984,8.091115233383714,-11.400651020840682,0.5,9.666666666666666,21.067317687507348,9.6,1.0,4.0,1.6000000000000003,0.0,8.0,2.0,0.0,7.0,2.756733783968589,far,non_dense,0.0,0.0,115,2,1,1,1,0.2222617045726156,8.70383158326149
28,96.0,-0.48565209,-0.3468517066666667,-0.2275210266666666,-44.45666666666665,-41.14000000000001,-10.642352629158434,-10.470875000021536,-0.5,-14.0,-3.5291249999784644,4.2,1.9,4.0,0.0,2.1,2.1,0.0,1.0,3.0,5.033823340744981,far,non_dense,0.0,0.0,115,2,1,1,1,0.2231152592813968,-9.51922982931137
28,95.0,-0.4433262933333333,-0.0797835366666666,-0.2007430033333333,326.74,-6.51333333333334,12.527092759003333,-7.937758922388034,0.5,18.0,25.93775892238803,4.5,1.3,4.0,0.0,1.1,3.4,0.0,1.0,4.0,4.518089886122254,far,non_dense,0.0,0.0,115,2,1,1,1,0.2302685386040593,11.48671880364418
29,67.0,-0.1736286,-0.3264163233333333,-0.3116350766666667,-395.0,-35.95666666666667,-17.128579454814314,-12.311434734396128,-0.5,-43.0,-30.68856526560388,2.0,1.1,3.0,1.0,0.4000000000000001,0.6,2.0,1.0,1.0,5.228705127781099,near,non_dense,2.0,0.75,122,2,1,2,1,0.2305982595069745,-18.33430975675583
38,61.0,-0.4048848533333333,-0.1015276133333333,-0.1777122433333333,308.76,-72.82666666666665,11.865889953759364,-10.561966032365206,0.5,15.0,25.56196603236521,8.7,4.8,3.0,0.0,3.2999999999999994,5.400000000000001,0.0,2.0,4.0,5.579719741647234,near,non_dense,2.0,2.0,115,2,1,2,1,0.2343241039124031,10.55842712521553
29,25.0,-0.1909866933333333,-0.1540049533333333,-0.31754615,540.2233333333332,498.29,17.58441357636249,-5.971339298739437,0.5,36.0,41.97133929873944,3.4,1.6000000000000003,2.0,0.6,0.0,2.7999999999999994,1.0,0.0,4.0,3.0703387364394814,far,dense,2.0,0.75,122,2,1,2,1,0.2357937452332939,18.30838024616241
29,3.0,-0.1913392466666666,-0.32612162,-0.30278357,-356.85,-51.52333333333333,-13.9917724818312,1.724593708938592,-0.5,-26.0,-27.724593708938595,4.6,1.2,1.0,1.3999999999999997,1.2,2.0,2.0,2.0,3.0,2.5954088642538315,near,dense,2.0,0.75,122,2,1,2,1,0.2392045794836879,-14.612606167793274
29,39.0,-0.2058008933333333,-0.1402129166666666,-0.3205123733333333,255.13,10.176666666666655,14.185996882126068,17.1782945412316,0.5,37.0,19.8217054587684,5.599999999999999,1.1,2.0,0.6,0.0,5.0,1.0,0.0,5.0,2.465769330395139,far,dense,2.0,0.75,122,2,1,2,1,0.2449014640393021,14.789867401123049
29,70.0,-0.20951232,-0.2191942766666666,-0.3440262866666666,126.93999999999998,-8.540000000000001,9.951637180371776,2.4710384603820543,0.5,12.333333333333334,9.86229487295128,5.8,1.0,3.0,1.2,2.0,2.6,1.0,1.0,3.0,3.822020693806458,near,non_dense,2.0,0.75,122,2,1,2,1,0.2454748957719015,9.013427048921583
28,92.0,-0.5133461366666666,-0.2962834533333333,-0.23187166,-30.019999999999985,-73.19000000000001,-6.332431417512752,-6.283574535767211,-0.5,-8.666666666666666,-2.383092130899456,4.8,1.5,4.0,2.4,1.8,0.6,2.0,1.0,1.0,2.054215736126044,far,non_dense,0.0,0.0,115,2,1,1,1,0.2464151027159694,-6.838621199131012
29,63.0,-0.1851913533333333,-0.3455713099999999,-0.30878549,-452.5566666666667,-52.04333333333333,-16.817647163679528,0.493623969748872,-0.5,-34.666666666666664,-35.16029063641554,3.0,1.1,3.0,0.9,0.0,2.1,2.0,0.0,3.0,4.602737876241879,near,non_dense,2.0,0.75,122,2,1,2,1,0.2535135337507732,-17.984503507614136
28,79.0,-0.487461,-0.32823811,-0.229758,-79.09333333333335,-3.276666666666681,-8.691637649907515,-5.721295793695055,-0.5,-12.0,-6.278704206304945,3.2000000000000006,1.2,4.0,1.2,1.2,0.8000000000000002,1.0,1.0,2.0,2.8788462548602314,far,non_dense,0.0,0.0,115,2,1,1,1,0.2581807839382724,-9.434900432825089
63,67.0,-0.2768441666666666,-0.35725207,-0.2585653133333333,-321.8066666666667,-135.66666666666666,-14.812888555520038,-11.561340921830082,-0.5,-35.666666666666664,-24.10532574483658,4.3,1.5,3.0,1.3999999999999997,0.0,2.9,1.0,0.0,2.0,4.555531938400078,near,non_dense,99.0,99.0,119,2,1,1,1,0.2590385454905814,-15.992946922779083
29,66.0,-0.22853564,-0.21585135,-0.3059891833333333,146.78999999999996,3.376666666666665,9.471853466251543,6.595507606739261,0.5,18.0,11.40449239326074,2.9,1.0,3.0,0.8000000000000002,0.0,2.1,1.0,0.0,2.0,3.4291975534340207,near,non_dense,2.0,0.75,122,2,1,2,1,0.2600153840404355,10.363497585058212
63,58.0,-0.3664389666666667,-0.1117574533333333,-0.2268434266666666,219.57333333333327,-146.12,10.348520079675453,-4.114078336860733,0.5,12.333333333333334,16.447411670194068,6.400000000000001,1.1,3.0,0.0,0.0,6.400000000000001,0.0,0.0,1.0,5.723429795118832,near,non_dense,99.0,99.0,119,2,1,1,1,0.2627970578377889,8.844419568777084
28,80.0,-0.4791724666666666,-0.34842362,-0.2429898333333333,-114.88333333333333,-38.633333333333326,-11.212313975296874,-3.880160971413528,-0.5,-13.0,-9.119839028586473,5.7,1.3999999999999997,4.0,1.2,0.6,3.9,1.0,1.0,5.0,5.374846454031939,far,non_dense,0.0,0.0,115,2,1,1,1,0.2724100287208092,-9.748151898384094
63,70.0,-0.3553521833333333,-0.10638737,-0.2236155866666666,344.82,-193.80666666666664,11.50299342628233,-1.4958345625085308,0.5,24.33333333333333,25.829167895841863,5.5,1.6000000000000003,3.0,1.5,2.3,1.7,1.0,1.0,1.0,4.337030682017587,near,non_dense,99.0,99.0,119,2,1,1,1,0.2741920650883935,12.692172825336456
63,15.0,-0.2723409233333333,-0.1058511833333333,-0.2162069066666666,358.4433333333333,-120.76666666666664,14.166794108286354,15.483692831587854,0.5,42.333333333333336,26.84964050174548,2.4,1.1,1.0,0.0,0.0,2.4,0.0,0.0,2.0,2.2750207984482174,near,dense,99.0,99.0,119,2,1,1,1,0.2754006836289071,14.793336391448976
28,40.0,-0.44060713,-0.0186238233333333,-0.2030886666666666,490.6266666666667,-151.75,17.581167710949064,-9.28098651597039,0.5,29.666666666666668,38.947653182637055,1.0,1.7,2.0,0.0,0.5,0.5,0.0,1.0,1.0,3.269873202784284,far,dense,0.0,0.0,115,2,1,1,1,0.2781520912944591,16.671645641326904
50,61.0,-0.3685917649999999,0.0025374233333333,-0.30352402,82.93166666666666,38.46333333333333,19.722607145964503,29.22770853235231,0.5,36.0,6.77229146764769,11.6,2.3,3.0,0.0,0.0,11.6,0.0,0.0,5.0,8.384213815744657,near,non_dense,0.0,0.0,117,1,1,1,1,0.2800162489709402,17.37489104270935
63,29.0,-0.34387044,-0.0980551833333333,-0.21588174,373.1233333333333,-165.11666666666667,13.344706726314396,6.050735970875135,0.5,34.0,27.949264029124866,4.8,2.0,2.0,1.2,1.0,2.6,2.0,1.0,4.0,2.2766723000629026,far,dense,99.0,99.0,119,2,1,1,1,0.2820206284026776,13.986775279045103
28,58.0,-0.4195544233333333,-0.0849659733333333,-0.18996574,318.6,-77.17999999999999,13.846470875680907,-5.291577378566527,0.5,20.0,25.29157737856653,9.4,1.8,3.0,2.0,1.2,6.2,2.0,1.0,5.0,7.43114407299288,near,non_dense,0.0,0.0,115,2,1,1,1,0.2911491902384569,11.682899296283722
29,53.0,-0.1551652466666666,-0.2827991733333333,-0.3324886833333333,-395.4933333333333,-43.886666666666656,-16.651900795452605,-11.27310639971841,-0.5,-42.0,-30.72689360028159,4.0,1.3,3.0,0.4000000000000001,0.0,3.6,1.0,0.0,2.0,4.708072047664528,near,non_dense,2.0,0.75,122,2,1,2,1,0.2915669331977268,-18.024618923664093
63,12.0,-0.2885973933333333,-0.0890182366666666,-0.2107101466666666,382.76666666666665,-68.52,13.851523120551912,0.9950568462819144,0.5,29.666666666666668,28.67160982038475,1.2,0.8000000000000002,1.0,0.0,0.0,1.2,0.0,0.0,1.0,2.142654705358008,near,dense,99.0,99.0,119,2,1,1,1,0.2937762621490295,14.480984210968018
63,33.0,-0.33944009,-0.09989297,-0.2225159933333333,369.0333333333333,-179.71,13.413895020754182,4.357102471350722,0.5,32.0,27.642897528649275,3.8,1.9,2.0,0.9,0.6999999999999998,2.2,2.0,1.0,2.0,2.3670579192845453,far,dense,99.0,99.0,119,2,1,1,1,0.2974540408711433,14.117985963821411
28,56.0,-0.4297604466666667,-0.06006181,-0.1983839733333333,8.949999999999989,-36.85,13.300125689565505,23.62285116905785,0.5,24.33333333333333,0.7104821642754852,3.4,1.3,3.0,0.0,0.6999999999999998,2.7000000000000006,0.0,1.0,5.0,4.770118443461587,near,non_dense,0.0,0.0,115,2,1,1,1,0.297618082343896,11.880452185869215
38,62.0,-0.3849337566666666,-0.02548717,-0.17639181,466.1566666666667,188.5600000000001,18.5741177824862,-8.9260295345703,0.5,29.666666666666668,38.59269620123697,2.1,3.2999999999999994,3.0,0.5,0.5,1.1,1.0,1.0,1.0,6.594803042012365,near,non_dense,2.0,2.0,115,2,1,2,1,0.3018824650054852,16.583262383937836
63,27.0,-0.3793188899999999,-0.07267096,-0.2132925066666666,336.9833333333333,-50.26666666666667,13.564441729563285,-0.2421527021840693,0.5,25.0,25.242152702184068,4.0,1.3999999999999997,2.0,1.2,0.4000000000000001,2.4,1.0,1.0,4.0,2.365718665467604,far,dense,99.0,99.0,119,2,1,1,1,0.3088124307787433,12.83387839794159
28,85.0,-0.4740623466666667,-0.14058116,-0.22323635,211.86,-80.83999999999999,6.9582098332906455,-9.818184505408366,0.5,7.0,16.818184505408365,8.8,1.2,4.0,1.1,2.3,5.400000000000001,1.0,1.0,7.0,2.537808217676573,far,non_dense,0.0,0.0,115,2,1,1,1,0.3098894388116348,7.744649797677994
38,95.0,-0.4039461099999999,-0.0901298333333333,-0.1791162333333333,370.9133333333334,123.92,13.617994823126343,-12.707585268875569,0.5,18.0,30.707585268875565,4.7,3.4,4.0,0.0,3.2000000000000006,1.5,0.0,1.0,2.0,4.937702305084191,far,non_dense,2.0,2.0,115,2,1,2,1,0.3168314652708109,12.053575366735458
28,55.0,-0.4500228566666666,-0.3445526166666666,-0.2204754533333333,-151.72333333333336,-100.30333333333331,-9.576791430644542,-3.2890068263212746,-0.5,-15.333333333333334,-12.04432650701206,3.8,0.9,3.0,2.0,1.8,0.0,2.0,1.0,0.0,3.690295818309236,near,non_dense,0.0,0.0,115,2,1,1,1,0.3180226535373667,-10.750389099121094
63,72.0,-0.32234554,-0.3397663733333333,-0.2536640616666666,-274.76666666666665,-192.60666666666668,-13.106303483987976,1.3876050545625642,-0.5,-18.666666666666668,-20.05427172122923,1.8,0.5,3.0,0.0,0.0,1.8,0.0,0.0,3.0,4.220229672754913,near,non_dense,99.0,99.0,119,2,1,1,1,0.3197510579390226,-11.756880581378937
73,74.0,-0.3403966533333333,-0.14307137,-0.2199545733333333,103.9933333333333,-180.79,9.17351312789465,9.920050785418772,0.5,18.0,8.079949214581228,3.7000000000000006,2.2,4.0,1.3999999999999997,0.0,2.3,2.0,0.0,2.0,3.1632773615725505,far,non_dense,0.0,0.0,114,2,1,1,1,0.3320300711109569,10.223816335201263
29,20.0,-0.19060465,-0.32319331,-0.3099824866666666,-382.2633333333333,1.436666666666649,-15.930707393942924,-7.3009791046904065,-0.5,-37.0,-29.69902089530959,1.3999999999999997,1.1,1.0,1.3999999999999997,0.0,0.0,3.0,0.0,0.0,2.4816767806937783,near,dense,2.0,0.75,122,2,1,2,1,0.3342313276089851,-16.760161519050598
15,57.0,-0.1965433899999999,-0.19538181,-0.2189588,319.8966666666667,-72.2,10.069963112161274,-6.650678245212609,0.5,18.0,24.650678245212607,10.5,0.9,3.0,5.1,1.8,3.6,3.0,1.0,3.0,3.6100204736393735,near,non_dense,0.0,0.0,123,1,1,2,1,0.3361309961165912,11.283402889966965
28,7.0,-0.4613828066666667,-0.0688293966666666,-0.21581847,394.14,-15.180000000000009,12.340722020543703,-10.62153894534906,0.5,20.666666666666668,31.28820561201573,1.9,2.3,1.0,0.6999999999999998,0.0,1.2,1.0,0.0,3.0,1.49670534969208,near,dense,0.0,0.0,115,2,1,1,1,0.3412396951499791,12.851457297801971
73,56.0,-0.3311684399999999,-0.1142643533333333,-0.2607792499999999,380.43666666666667,-271.12,13.370097373552968,2.4412884220344053,0.5,32.0,29.5587115779656,4.6,1.1,3.0,1.6000000000000003,1.1,1.9,2.0,1.0,3.0,4.918832425856093,near,non_dense,0.0,0.0,114,2,1,1,1,0.342148719912193,15.053069591522217
63,68.0,-0.3039252266666666,-0.33489919,-0.24741562,-318.18666666666667,-182.98,-11.992622304010109,7.834165174733492,-0.5,-16.0,-23.83416517473349,1.5,1.1,3.0,0.0,1.5,0.0,0.0,1.0,0.0,3.907792470434087,near,non_dense,99.0,99.0,119,2,1,1,1,0.3441537272166249,-10.647740960121157
28,94.0,-0.4733762366666666,-0.3168297,-0.2310411866666666,-71.26999999999998,-94.16666666666669,-7.963932559769225,-5.342339234869944,-0.5,-11.0,-5.657660765130056,3.6,1.2,4.0,1.3999999999999997,1.3,0.9,1.0,1.0,2.0,2.58231338894141,far,non_dense,0.0,0.0,115,2,1,1,1,0.346947084717738,-8.85985866189003
29,60.0,-0.2209339566666666,-0.1659056966666666,-0.35496979,323.8,-67.41666666666663,12.636110699645322,-8.156854260765911,0.5,17.0,25.15685426076591,2.5,1.2,3.0,0.0,0.0,2.5,0.0,0.0,3.0,4.328377009348503,near,non_dense,2.0,0.75,122,2,1,2,1,0.3476416766657903,11.131386458873749
29,19.0,-0.1796698766666666,-0.15847466,-0.2794025533333333,372.5466666666666,-118.5166666666667,15.010538726488962,8.055891912700831,0.5,37.0,28.944108087299167,4.2,0.9,1.0,0.0,0.0,4.2,0.0,0.0,6.0,2.9449560535304222,near,dense,2.0,0.75,122,2,1,2,1,0.3516159911093752,13.975045084953308
29,18.0,-0.1938981933333333,-0.3611999266666667,-0.2967328466666666,-438.4,-22.64333333333333,-18.741441071619256,0.0604228163056685,-0.5,-34.0,-34.06042281630567,0.6,1.2,1.0,0.0,0.0,0.6,0.0,0.0,1.0,2.854922757930456,near,dense,2.0,0.75,122,2,1,2,1,0.3579027978118703,-17.719656229019165
63,4.0,-0.25941828,-0.1193747633333333,-0.2207673633333333,321.78666666666663,-44.98666666666667,12.35019870334177,7.896172379860121,0.5,32.0,24.10382762013988,3.7000000000000006,0.9,1.0,1.1,0.6,2.0,1.0,1.0,1.0,1.876613918564668,near,dense,99.0,99.0,119,2,1,1,1,0.35932284370376,13.024508953094482
38,54.0,-0.4454738433333333,-0.1472628666666666,-0.25709241,179.11333333333334,11.643333333333354,9.063702530602637,-8.828633704528999,0.5,6.0,14.828633704529,11.300000000000002,6.2,3.0,7.3,0.6,3.4,1.0,1.0,2.0,4.83208243683584,near,non_dense,2.0,2.0,115,2,1,2,1,0.3667841305374869,7.291371375322342
28,9.0,-0.4259929433333333,-0.0137834166666666,-0.1977215233333333,78.02666666666664,-55.77666666666666,16.795273458078245,25.805971507873146,0.5,32.0,6.194028492126857,0.9,2.6,1.0,0.0,0.4000000000000001,0.5,0.0,1.0,1.0,2.628680605109988,near,dense,0.0,0.0,115,2,1,1,1,0.3699889331785186,15.822690725326538
29,33.0,-0.2126679666666666,-0.1754457566666666,-0.3113814299999999,324.36333333333334,0.5766666666666728,12.918288258949676,10.799378924635889,0.5,36.0,25.200621075364115,1.9,1.3,2.0,0.0,0.6,1.3,0.0,1.0,1.0,2.133942905515555,far,dense,2.0,0.75,122,2,1,2,1,0.3700583140651154,13.707971572875977
73,9.0,-0.3461444366666666,-0.05038188,-0.1987346566666666,498.71,-122.32333333333334,17.87536326142697,-6.748171095619661,0.5,32.0,38.74817109561966,1.7,2.2,1.0,0.0,0.6999999999999998,1.0,0.0,1.0,2.0,2.7754180883159827,near,dense,0.0,0.0,114,2,1,1,1,0.3735264242741066,16.838671267032623
29,83.0,-0.2697142933333333,-0.1628759099999999,-0.2341822966666666,224.01666666666668,-14.960000000000017,9.890638696410477,2.5955693782708145,0.5,20.0,17.404430621729187,7.8,1.3999999999999997,4.0,0.0,0.8000000000000002,7.0,0.0,1.0,6.0,3.298930958171431,far,non_dense,2.0,0.75,122,2,1,2,1,0.3764612701926788,11.132558435201643
63,34.0,-0.3405701333333333,-0.08244981,-0.2214891966666666,367.2366666666667,-112.62,14.882992924563316,10.491684006604473,0.5,38.0,27.50831599339553,3.9,2.0,2.0,0.0,2.5,1.3999999999999997,0.0,2.0,3.0,2.587229155593504,far,dense,99.0,99.0,119,2,1,1,1,0.3783617918864519,13.904084265232086
29,9.0,-0.2097568433333333,-0.1266898666666666,-0.3259880833333333,461.8566666666666,-71.27666666666666,16.55328170212124,9.117168459862643,0.5,45.0,35.88283154013735,3.8,1.5,1.0,0.0,1.5,2.3,0.0,1.0,5.0,2.607814397217416,near,dense,2.0,0.75,122,2,1,2,1,0.3791240090520111,15.56459665298462
73,75.0,-0.3400995833333333,-0.3064278866666667,-0.26652203,-119.39999999999998,-160.65333333333334,-9.467602612408529,-5.72300208775243,-0.5,-15.0,-9.27699791224757,3.6,2.5,4.0,2.7000000000000006,0.0,0.9,2.0,0.0,1.0,3.0987093401658665,far,non_dense,0.0,0.0,114,2,1,1,1,0.3813734767558861,-10.649368166923525
28,88.0,-0.4297283766666666,-0.0633547866666666,-0.1958239,234.59000000000003,-112.55333333333331,13.361015831477594,3.7107622811113568,0.5,22.33333333333333,18.62257105222197,4.8,1.5,4.0,1.2,1.3999999999999997,2.2,1.0,1.0,3.0,4.990892705559973,far,non_dense,0.0,0.0,115,2,1,1,1,0.3817454265848752,11.45576536655426
29,35.0,-0.2190601566666666,-0.0969374633333333,-0.3495187033333333,609.8533333333334,-125.99333333333333,19.36878463506243,-3.714406301551245,0.5,43.66666666666666,47.38107296821792,1.7,1.3,2.0,0.6999999999999998,0.0,1.0,1.0,0.0,2.0,3.4218179821811034,far,dense,2.0,0.75,122,2,1,2,1,0.3820764552863526,20.676180720329285
73,79.0,-0.43831914,-0.3729392366666667,-0.4283271433333333,-31.636666666666656,-255.38666666666663,-11.113685501240212,-18.54193223938745,-0.5,-21.0,-2.4580677606125505,4.6,1.0,4.0,1.6000000000000003,1.3,1.7,2.0,1.0,2.0,3.651032368908529,far,non_dense,0.0,0.0,114,2,1,1,1,0.3827348659593271,-9.716308116912842
73,60.0,-0.3189206333333333,-0.1030751333333333,-0.2459389266666666,202.45666666666668,-199.57,15.114798722051487,26.60309820781181,0.5,42.333333333333336,15.730235125521515,4.8,1.8,3.0,1.3,0.6999999999999998,2.7999999999999994,2.0,1.0,3.0,5.524333502758694,near,non_dense,0.0,0.0,114,2,1,1,1,0.3835774244137253,17.23380833864212
29,82.0,-0.2725065133333333,-0.1641131333333333,-0.24380873,113.19333333333334,-5.739999999999988,9.075339328421675,9.205718993338596,0.5,18.0,8.794281006661405,7.099999999999999,1.5,4.0,1.3,1.9,3.9,2.0,1.0,3.0,3.130800059591595,far,non_dense,2.0,0.75,122,2,1,2,1,0.3858156877877848,10.283251106739044
28,86.0,-0.466481,-0.1224457166666666,-0.2097919833333333,235.73,-64.77,7.651187243118073,-7.713068221749801,0.5,11.0,18.7130682217498,7.599999999999999,1.2,4.0,0.0,1.1,6.5,0.0,1.0,6.0,2.9439688532342827,far,non_dense,0.0,0.0,115,2,1,1,1,0.3995019583743263,8.827308565378189
28,90.0,-0.48069612,-0.1323969966666666,-0.22201729,276.87666666666667,44.40666666666667,7.317037946538408,-13.646100562836068,0.5,8.333333333333334,21.9794338961694,8.7,1.9,4.0,6.400000000000001,1.2,1.1,4.0,1.0,2.0,2.7482410099370136,far,non_dense,0.0,0.0,115,2,1,1,1,0.4136498644953155,8.453847467899323
63,16.0,-0.26031987,-0.0928233633333333,-0.2166852966666666,440.07,-96.52333333333335,16.392729432937326,7.036013236114115,0.5,40.0,32.963986763885885,0.8000000000000002,1.2,1.0,0.0,0.0,0.8000000000000002,0.0,0.0,1.0,2.748543448904929,near,dense,99.0,99.0,119,2,1,1,1,0.420050236093816,15.2382031083107
15,52.0,-0.1911102533333333,-0.25827759,-0.26052418,-274.6,-149.04333333333332,-11.98035715928918,5.713900534438804,-0.5,-15.0,-20.713900534438807,1.8,0.5,3.0,0.0,0.0,1.8,0.0,0.0,3.0,4.4514311137225,near,non_dense,0.0,0.0,123,1,1,2,1,0.4211878783751013,-10.105468332767488
50,86.0,-0.4100454633333333,0.0208243866666666,-0.3601253133333333,92.56999999999998,-23.36,17.291393174877587,21.4406315903437,0.5,29.0,7.559368409656304,9.3,1.3999999999999997,4.0,8.0,0.8000000000000002,0.5,4.0,1.0,1.0,6.032661799959058,far,non_dense,0.0,0.0,117,1,1,1,1,0.4266885318676242,14.717325568199158
73,88.0,-0.3073959466666667,-0.1257549066666666,-0.2407200866666666,309.1566666666667,-237.16333333333333,15.286311611434746,0.9795163214063236,0.5,25.0,24.02048367859368,2.7000000000000006,3.0,4.0,1.6000000000000003,0.0,1.1,1.0,0.0,2.0,5.490776129485305,far,non_dense,0.0,0.0,114,2,1,1,1,0.4288083880445769,12.931820750236511
28,83.0,-0.4659190966666666,-0.1016789633333333,-0.20867893,245.56000000000003,-31.21,10.787429610455368,-7.160074516888876,0.5,12.333333333333334,19.49340785022221,5.400000000000001,1.6000000000000003,4.0,0.8000000000000002,0.0,4.6,1.0,0.0,6.0,3.5749281477019164,far,non_dense,0.0,0.0,115,2,1,1,1,0.4298000031479392,9.250925481319427
63,55.0,-0.34811257,-0.2910432333333333,-0.2279145,-202.26666666666665,-90.48666666666666,-8.604944680211851,0.1510344326477989,-0.5,-15.0,-15.1510344326478,6.8,2.0,3.0,5.1,0.0,1.7,1.0,0.0,2.0,3.44126095110451,near,non_dense,99.0,99.0,119,2,1,1,1,0.4363534888089239,-10.10655090212822
63,46.0,-0.3530390833333333,-0.32970823,-0.2274458733333333,-301.1933333333333,-204.66333333333333,-11.179335063241377,7.561258557435562,-0.5,-15.0,-22.561258557435565,10.4,1.8,2.0,3.0,1.6000000000000003,5.8,4.0,1.0,3.0,2.277011566845708,far,dense,99.0,99.0,119,2,1,1,1,0.4387128011773291,-10.180380940437315
28,1.0,-0.49723958,-0.3752594099999999,-0.2461894933333333,-307.6666666666667,-123.81,-12.156578164530115,6.423651308241162,-0.5,-18.0,-24.42365130824116,2.6,1.8,1.0,1.7,0.9,0.0,2.0,2.0,0.0,1.6001199948951903,near,dense,0.0,0.0,115,2,1,1,1,0.4389194422677746,-11.454254388809204
28,84.0,-0.4389779233333333,-0.04338338,-0.20047685,298.3666666666668,-16.323333333333323,13.51061502432971,-3.685384925250988,0.5,20.0,23.685384925250982,3.4,1.5,4.0,1.0,1.2,1.2,1.0,1.0,2.0,4.437843713887967,far,non_dense,0.0,0.0,115,2,1,1,1,0.4425012540823415,11.546863615512848
38,66.0,-0.42776485,-0.08723592,-0.1979598533333333,386.8633333333333,427.41,12.87260087446024,-18.36140492885816,0.5,13.666666666666666,32.02807159552483,5.1,4.4,3.0,1.6000000000000003,3.1,0.4000000000000001,1.0,2.0,1.0,4.508303553451049,near,non_dense,2.0,2.0,115,2,1,2,1,0.4449357076795397,10.866695642471312
15,83.0,-0.18844249,-0.1914277366666666,-0.2174491133333333,332.6833333333334,-90.29333333333334,10.402599535480112,-3.9693297724276775,0.5,21.666666666666668,25.635996439094345,8.5,0.8000000000000002,4.0,1.8,2.1,4.6,2.0,1.0,4.0,3.8293618176190174,far,non_dense,0.0,0.0,123,1,1,2,1,0.4453608335495214,12.108047306537628
28,89.0,-0.4568315133333333,-0.1116769566666666,-0.2026688233333333,257.2366666666667,-93.02666666666669,7.84369881644884,-7.420342308865425,0.5,13.0,20.420342308865425,6.8,1.2,4.0,2.7999999999999994,0.0,4.0,1.0,0.0,6.0,3.730478511687472,far,non_dense,0.0,0.0,115,2,1,1,1,0.4462270708673809,9.508339315652847
73,37.0,-0.3090839066666667,-0.0916612166666666,-0.2254530566666666,462.3233333333333,-238.23666666666668,15.72977076326162,5.078956464684495,0.5,41.0,35.921043535315505,3.2000000000000006,3.4,2.0,0.4000000000000001,1.0,1.8,1.0,2.0,1.0,2.8094506511495303,far,dense,0.0,0.0,114,2,1,1,1,0.4473707533105826,16.98663681745529
29,65.0,-0.18743221,-0.28165245,-0.3159934299999999,-180.19000000000003,-21.77666666666664,-10.018283538638682,-4.667242425630812,-0.5,-18.666666666666668,-13.999424241035854,2.4,1.9,3.0,2.4,0.0,0.0,2.0,0.0,0.0,3.913608719875644,near,non_dense,2.0,0.75,122,2,1,2,1,0.448051486350383,-11.771781742572784
40,81.0,-0.23623773,-0.3042088566666667,-0.4334704566666666,-310.06,-44.400000000000006,-15.0955219976073,-9.646822959954712,-0.5,-33.0,-23.353177040045285,2.2,1.7,4.0,1.3999999999999997,0.0,0.8000000000000002,1.0,0.0,1.0,4.83142483442009,far,non_dense,1.5,0.5,120,2,2,2,2,0.0010192326246192,-15.100446343421936
40,67.0,-0.2223898766666666,-0.29662498,-0.4095920433333333,-464.29,-286.5566666666667,-16.85057095402551,3.756109246519486,-0.5,-31.0,-34.756109246519486,3.1,2.2,3.0,2.3,0.0,0.8000000000000002,3.0,0.0,1.0,5.256077670461153,near,non_dense,1.5,0.5,120,2,2,2,2,0.0119298972678097,-16.91327542066574
40,53.0,-0.21653118,-0.2989606366666666,-0.3882783666666666,-346.77,-115.66333333333334,-17.4349573379215,-13.548556616429602,-0.5,-39.66666666666666,-26.118110050237068,3.6,1.7,3.0,2.2,0.0,1.3999999999999997,1.0,0.0,2.0,5.024903387942889,near,non_dense,1.5,0.5,120,2,2,2,2,0.0166258071495494,-17.351414263248444
45,4.0,-0.3033385366666666,0.0306699633333333,-0.2315578933333333,474.17333333333335,-40.080000000000005,15.689313219639953,8.890286773099978,0.5,45.0,36.10971322690002,3.2000000000000006,2.2,1.0,1.0,0.0,2.2,1.0,0.0,2.0,2.461299675408738,near,dense,0.0,0.0,116,2,2,2,2,0.0310173230161694,15.612970292568209
53,36.0,-0.23943853,-0.0614667033333333,-0.2684716816666667,245.53166666666667,-114.63333333333333,16.79792900102952,24.781479580916795,0.5,43.5,18.71852041908321,2.5,0.9,2.0,1.5,0.0,1.0,2.0,0.0,1.0,3.926955877592895,far,dense,0.0,0.0,118,2,2,2,2,0.0319998454777288,16.672267019748688
53,38.0,-0.2634405866666666,-0.0596695966666666,-0.28244841,442.6933333333333,-125.51333333333334,15.039958778098333,11.250527632992322,0.5,45.0,33.74947236700768,4.7,9.3,2.0,2.9,1.8,0.0,5.0,2.0,0.0,2.983947136146281,far,dense,0.0,0.0,118,2,2,2,2,0.0321511821176793,15.1358962059021
10,9.0,-0.2056290466666666,-0.1689377333333333,-0.25581385,152.07666666666668,-184.48,15.202896066149004,20.941242999107743,0.5,32.0,11.058757000892257,2.7999999999999994,1.2,1.0,0.4000000000000001,1.1,1.3,1.0,1.0,2.0,2.3777632079193034,near,dense,0.0,0.0,118,1,2,1,2,0.0332321183810706,15.281914174556732
10,19.0,-0.21849618,-0.1660727066666666,-0.2789924333333333,333.6133333333333,-120.31666666666666,15.66627253352012,20.740204816051108,0.5,45.0,24.25979518394889,2.2,1.9,1.0,0.9,0.0,1.3,1.0,0.0,2.0,3.0489784047294486,near,dense,0.0,0.0,118,1,2,1,2,0.0365457215574216,15.777699649333954
40,61.0,-0.2568496266666666,-0.1382243733333333,-0.37639297,172.76333333333335,-2.4466666666666583,10.291970975469487,3.321101154523776,0.5,16.333333333333332,13.012232178809557,9.4,1.1,3.0,0.0,0.9,8.5,0.0,1.0,3.0,4.658312991737956,near,non_dense,1.5,0.5,120,2,2,2,2,0.0410889009855259,10.483375936746596
40,51.0,-0.2268001433333333,-0.3087874066666666,-0.4002667366666667,-301.0833333333333,-47.84,-16.90278941765182,-15.989596463672726,-0.5,-38.66666666666666,-22.677070202993946,6.5,1.8,3.0,2.7000000000000006,0.0,3.8,1.0,0.0,1.0,4.969211175128529,near,non_dense,1.5,0.5,120,2,2,2,2,0.0433950625696158,-17.118428647518158
40,52.0,-0.23109886,-0.2805395733333333,-0.3925825033333334,-201.02,-121.34666666666664,-12.954370729918155,-8.526191763132177,-0.5,-23.666666666666668,-15.14047490353449,1.1,1.9,3.0,0.0,0.0,1.1,0.0,0.0,2.0,4.858518147394945,near,non_dense,1.5,0.5,120,2,2,2,2,0.0549959321283222,-12.6871719956398
40,9.0,-0.3007338733333333,-0.0388300633333333,-0.4617922299999999,487.5800000000001,-44.25333333333333,16.046866966775728,-7.723673034849001,0.5,29.0,36.723673034849,1.9,1.8,1.0,0.0,1.9,0.0,0.0,2.0,0.0,2.554281977023059,near,dense,1.5,0.5,120,2,2,2,2,0.0570114346848353,15.901243686676024
71,54.0,-0.40875408,-0.1143210266666666,-0.2289883766666666,117.46999999999998,24.706666666666667,7.930720394898981,2.5338072325890058,0.5,11.0,8.466192767410995,8.9,2.9,3.0,4.6,0.8000000000000002,3.5,1.0,1.0,5.0,4.39343029295366,near,non_dense,0.0,0.0,116,2,2,2,2,0.060440331925365,8.196260780096054
40,54.0,-0.28996733,-0.1424772966666666,-0.4229020266666667,263.2333333333333,-59.900000000000006,8.821778826205696,-10.159607719499196,0.5,9.666666666666666,19.826274386165863,12.800000000000002,2.9,3.0,5.1,0.0,7.7,2.0,0.0,3.0,4.547735235267719,near,non_dense,1.5,0.5,120,2,2,2,2,0.0668559973298253,8.517735451459885
33,59.0,-0.38567828,-0.14952716,-0.2112111433333333,235.75666666666663,-240.0433333333333,8.032862726646792,-9.543096033014258,0.5,9.0,18.54309603301426,11.5,2.1,3.0,4.5,2.6,4.4,2.0,1.0,2.0,3.1147497526422234,near,non_dense,0.0,0.0,114,2,2,1,2,0.066888423537471,8.241203427314758
45,69.0,-0.3565341433333333,-0.0751179966666666,-0.2297094066666666,109.92,-41.426666666666655,11.223392518056585,11.629264239727702,0.5,20.0,8.370735760272298,5.7,0.6999999999999998,3.0,1.2,0.0,4.5,1.0,0.0,5.0,4.196486306655139,near,non_dense,0.0,0.0,116,2,2,2,2,0.0672146015004558,10.94132736325264
33,50.0,-0.3076158366666666,-0.0723913266666666,-0.21434268,428.06,-101.72333333333334,15.506221417709048,11.33156635559793,0.5,45.0,33.668433644402064,3.0,1.7,3.0,0.0,1.1,1.9,0.0,2.0,2.0,5.574129155364274,near,non_dense,0.0,0.0,114,2,2,1,2,0.0695427662886413,15.118581056594849
10,4.0,-0.23170709,-0.1857454133333333,-0.29287088,230.9933333333333,-130.83666666666667,13.250917886135175,12.535890318892562,0.5,29.33333333333333,16.79744301444077,1.5,0.8000000000000002,1.0,0.5,0.5,0.5,1.0,1.0,1.0,2.021083363026672,near,dense,0.0,0.0,118,1,2,1,2,0.0982135037243654,13.449415564537048
10,21.0,-0.1958625366666666,-0.3056747233333333,-0.3119802566666667,-374.90333333333336,-139.14666666666668,-16.535562477956322,-11.070999452454116,-0.5,-38.333333333333336,-27.26233388087921,1.5,1.3,1.0,0.4000000000000001,0.0,1.1,1.0,0.0,2.0,2.5237214532477488,near,dense,0.0,0.0,118,1,2,1,2,0.105264271659589,-16.801220178604126
40,50.0,-0.29556508,-0.03021577,-0.4934037833333333,383.98333333333335,-101.22666666666667,15.720730620433466,15.079046753015364,0.5,44.0,28.920953246984634,4.1,1.1,3.0,1.3,0.0,2.7999999999999994,3.0,0.0,3.0,5.706114335211542,near,non_dense,1.5,0.5,120,2,2,2,2,0.1119958684123011,15.081669390201569
40,91.0,-0.2586451966666667,-0.1936321666666667,-0.3436239033333333,-340.4666666666667,-155.65,-8.676883445560625,13.64335400535623,-0.5,-12.0,-25.64335400535623,4.8,2.7999999999999994,4.0,3.2000000000000006,0.6,1.0,3.0,1.0,2.0,3.041870124580325,far,non_dense,1.5,0.5,120,2,2,2,2,0.1183013081981738,-9.03674066066742
33,72.0,-0.2889136066666666,-0.33591627,-0.2316927233333333,-339.9833333333333,-349.56333333333333,-13.99245445640843,0.7408921612296465,-0.5,-26.0,-26.74089216122965,6.7,1.9,3.0,0.0,1.2,5.5,0.0,1.0,3.0,4.314466496181834,near,non_dense,0.0,0.0,114,2,2,1,2,0.1266913396314975,-14.53905999660492
53,92.0,-0.36517467,-0.3351230133333333,-0.2738497366666667,-105.07333333333334,-154.79,-10.353874596249383,-4.989557346298295,-0.5,-13.0,-8.010442653701705,10.0,4.9,4.0,6.7,3.2999999999999994,0.0,4.0,4.0,0.0,3.392101477811177,far,non_dense,0.0,0.0,118,2,2,2,2,0.1285879119829941,-9.917691349983215
33,23.0,-0.2842520866666667,-0.3537956666666666,-0.2361396533333333,-326.09,-276.77333333333337,-13.070537542558716,4.314799001159656,-0.5,-21.33333333333333,-25.64813233449299,0.5,2.7000000000000006,1.0,0.5,0.0,0.0,1.0,0.0,0.0,1.9624626301057155,near,dense,0.0,0.0,114,2,2,1,2,0.1301845383029956,-12.81505525112152
40,69.0,-0.2804462299999999,-0.07186535,-0.4312498466666666,304.8333333333333,-54.079999999999984,13.157888083060998,6.373819687456823,0.5,29.33333333333333,22.95951364587652,4.8,1.6000000000000003,3.0,1.7,1.3999999999999997,1.7,1.0,1.0,3.0,5.045284094133201,near,non_dense,1.5,0.5,120,2,2,2,2,0.1409763096196226,12.446622550487518
33,46.0,-0.2679112633333333,-0.32210813,-0.2318998733333333,-209.33,-242.10333333333327,-9.776469655850391,1.464545191755093,-0.5,-15.0,-16.464545191755093,5.7,2.7999999999999994,2.0,3.2000000000000006,0.0,2.5,1.0,0.0,3.0,2.034244869380854,far,dense,0.0,0.0,114,2,2,1,2,0.1456492097917491,-10.072755813598633
33,96.0,-0.2885627133333333,-0.3127165833333333,-0.2314520966666666,-223.57333333333327,-299.24333333333334,-10.771798057755618,2.584833756929213,-0.5,-15.0,-17.584833756929214,2.6,1.5,4.0,0.0,0.0,2.6,0.0,0.0,2.0,4.820530208288315,far,non_dense,0.0,0.0,114,2,2,1,2,0.1494372029128368,-10.051431506872175
53,6.0,-0.313580746,-0.132589612,-0.251594364,344.154,-137.976,13.51455428805387,1.7628397845118635,0.5,28.0,26.23716021548814,9.9,7.1,1.0,8.9,1.0,0.0,6.0,1.0,0.0,2.1025980742544683,near,dense,0.0,0.0,118,2,2,2,2,0.1554504100115803,13.841404020786284
33,36.0,-0.2808287033333334,-0.1271632366666666,-0.21615975,472.3300000000001,-253.0133333333333,15.540485421036216,7.849574210950739,0.5,45.0,37.15042578904926,1.5,2.5,2.0,0.0,1.5,0.0,0.0,1.0,0.0,3.659715348070277,far,dense,0.0,0.0,114,2,2,1,2,0.1605715937769398,16.12813174724579
40,68.0,-0.22969512,-0.2839024699999999,-0.40408982,-300.84666666666664,-103.27333333333333,-13.28115575843909,-2.007421783179092,-0.5,-24.666666666666668,-22.65924488348757,4.3,1.7,3.0,2.3,0.0,2.0,2.0,0.0,2.0,4.205534352659332,near,non_dense,1.5,0.5,120,2,2,2,2,0.1669097991820573,-13.983100652694702
53,85.0,-0.3639343016666667,-0.1620260316666666,-0.2320301183333333,167.77166666666665,-97.41833333333334,9.98507091035913,4.042977568318826,0.5,16.833333333333332,12.790355765014509,21.0,4.8,4.0,0.0,5.2,15.800000000000002,0.0,1.0,3.0,3.641625434063343,far,non_dense,0.0,0.0,118,2,2,2,2,0.1671689195613221,10.59383749961853
40,95.0,-0.2482520133333333,-0.0674744933333333,-0.3888977066666666,431.46,-225.53,13.776794366132115,-3.496812764297039,0.5,29.0,32.49681276429704,6.2,2.3,4.0,0.0,3.4,2.7999999999999994,0.0,1.0,2.0,4.710842091568772,far,non_dense,1.5,0.5,120,2,2,2,2,0.1755918588157508,14.603979885578156
59,59.0,-0.2886580433333333,-0.1109744566666666,-0.23499834,341.18666666666667,-38.66666666666666,13.345948467767146,-2.364483609022968,0.5,23.33333333333333,25.6978169423563,6.2,0.6999999999999998,3.0,4.2,0.0,2.0,6.0,0.0,2.0,4.8493106655843095,near,non_dense,0.0,0.0,119,2,2,2,2,0.1816565049861469,12.465039640665054
45,45.0,-0.3186745333333333,-0.3110205133333333,-0.2758755966666666,-354.0133333333333,24.28000000000001,-12.98419646322305,5.959170932919682,-0.5,-21.0,-26.95917093291968,1.2,0.9,2.0,0.0,0.0,1.2,0.0,0.0,1.0,1.791466422115466,far,dense,0.0,0.0,116,2,2,2,2,0.2042747071805981,-12.61824518442154
71,63.0,-0.3700692933333333,-0.4563779233333333,-0.2650200133333333,-409.1433333333334,381.73,-15.25546151356302,-4.113304778519352,-0.5,-33.333333333333336,-29.22002855481398,3.0,0.9,3.0,0.0,0.9,2.1,0.0,1.0,3.0,4.253699315528596,near,non_dense,0.0,0.0,116,2,2,2,2,0.2222917450800611,-16.201023757457733
10,65.0,-0.2320491733333333,-0.2819334899999999,-0.2831982316666666,-51.68666666666667,-155.965,-11.862300430397603,-24.74143335475889,-0.5,-28.5,-3.7585666452411126,9.5,2.2,3.0,4.2,0.0,5.3,1.0,0.0,2.0,4.68311933119328,near,non_dense,0.0,0.0,118,1,2,1,2,0.2293638709164666,-10.788162052631378
40,10.0,-0.3030101033333333,0.0175406133333333,-0.48933062,569.9866666666667,-80.35333333333334,20.39356253624637,1.7362675918684094,0.5,44.66666666666666,42.93039907479826,2.3,1.7,1.0,0.5,1.1,0.6999999999999998,1.0,1.0,1.0,3.354140756993426,near,dense,1.5,0.5,120,2,2,2,2,0.2311489595465219,19.61825639009476
45,15.0,-0.36582321,0.01296324,-0.2152732566666666,400.0466666666667,100.06333333333336,13.84509039885878,10.201920137878464,0.5,40.66666666666666,30.4647465287882,4.9,1.7,1.0,0.4000000000000001,0.0,4.5,1.0,0.0,5.0,2.173010059376244,near,dense,0.0,0.0,116,2,2,2,2,0.2324824887033869,14.350277185440063
53,32.0,-0.2780721,-0.1441866066666667,-0.2546242083333333,347.9916666666668,-130.665,15.959178006037371,18.470268798305188,0.5,45.0,26.52973120169481,8.0,7.7,2.0,6.5,1.5,0.0,4.0,2.0,0.0,2.7891677970903586,far,dense,0.0,0.0,118,2,2,2,2,0.232635960018588,15.310317277908323
40,73.0,-0.28558279,-0.1076870933333333,-0.4167451666666666,178.80000000000004,-2.52333333333335,7.349458149238605,-9.466903356640966,0.5,4.0,13.466903356640964,10.0,2.0,4.0,3.2000000000000006,2.4,4.4,3.0,2.0,3.0,2.5050233962320667,far,non_dense,1.5,0.5,120,2,2,2,2,0.2366935884383304,6.756535172462463
40,96.0,-0.1874548066666666,-0.2365861133333333,-0.3658804466666667,-244.25666666666663,-188.51,-14.197862903485404,-2.603014965239003,-0.5,-21.0,-18.396985034761,3.2999999999999994,3.0,4.0,2.9,0.0,0.4000000000000001,2.0,0.0,1.0,6.236432128580674,far,non_dense,1.5,0.5,120,2,2,2,2,0.2367852913736487,-12.721167504787443
40,59.0,-0.2760182499999999,-0.1032405499999999,-0.4035368933333333,241.97000000000003,-75.58333333333333,10.873594151705705,-3.224757299812159,0.5,15.0,18.22475729981216,9.3,4.4,3.0,8.3,0.0,1.0,3.0,0.0,2.0,4.1073317288278615,near,non_dense,1.5,0.5,120,2,2,2,2,0.2371063287498939,9.899719804525375
33,19.0,-0.2565479016666667,-0.1499409149999999,-0.229166275,444.7216666666668,-248.96666666666667,14.586775336442656,-11.978932683256,0.5,23.0,34.978932683256,3.5,0.6,1.0,0.0,0.0,3.5,0.0,0.0,5.0,2.960975442410492,near,dense,0.0,0.0,114,2,2,1,2,0.2373054625559691,13.884119689464567
40,60.0,-0.28585152,-0.0365708566666666,-0.4204979733333333,472.0033333333333,-18.976666666666663,14.96904031632118,-13.883799071657668,0.5,21.666666666666668,35.550465738324334,4.8,1.2,3.0,0.0,2.3,2.5,0.0,1.0,3.0,5.382369144877714,near,non_dense,1.5,0.5,120,2,2,2,2,0.2387388531379086,13.68405967950821
10,82.0,-0.2952462833333333,-0.1624027133333333,-0.29504636,261.4033333333333,-136.70000000000002,8.165819565964933,-8.008806583674273,0.5,11.0,19.00880658367427,6.7,3.2999999999999994,4.0,1.5,2.5,2.7000000000000006,1.0,1.0,4.0,2.8709141049609834,far,non_dense,0.0,0.0,118,1,2,1,2,0.2391387436114745,8.852366358041763
10,45.0,-0.1979913033333333,-0.3547019466666667,-0.3383831166666666,-163.8766666666667,-156.26,-14.230000953396614,-27.083167033407147,-0.5,-39.0,-11.916832966592857,4.2,2.5,2.0,0.0,1.2,3.0,0.0,2.0,5.0,1.8071134340758672,far,dense,0.0,0.0,118,1,2,1,2,0.2426197200677331,-14.66844230890274
53,76.0,-0.3379381933333333,-0.342530375,-0.2735587883333333,-21.61,-114.12833333333332,-8.099344926777531,-14.352525229238369,-0.5,-16.0,-1.6474747707616313,10.6,6.2,4.0,10.6,0.0,0.0,4.0,0.0,0.0,2.6158009045009933,far,non_dense,0.0,0.0,118,2,2,2,2,0.2557880608147908,-8.768435567617416
40,74.0,-0.3068799299999999,-0.1097939833333333,-0.4484084433333333,232.2433333333333,5.753333333333349,7.69277997720669,-13.492161774184302,0.5,4.0,17.4921617741843,5.5,1.6000000000000003,4.0,1.5,0.0,4.0,2.0,0.0,4.0,2.6537739073400872,far,non_dense,1.5,0.5,120,2,2,2,2,0.2564819802107321,7.012134790420532
10,12.0,-0.2095526133333333,-0.16510503,-0.26597757,208.15666666666667,-156.3766666666667,13.878195144567693,16.863200612964544,0.5,32.0,15.136799387035458,1.1,1.5,1.0,1.1,0.0,0.0,1.0,0.0,0.0,2.142132211285365,near,dense,0.0,0.0,118,1,2,1,2,0.2574534226532076,14.429694414138794
33,79.0,-0.3336498766666667,-0.3160125833333333,-0.2270799733333333,-239.92666666666665,-295.65333333333336,-9.271461342409436,3.8710812881120433,-0.5,-15.0,-18.871081288112045,1.2,1.9,4.0,0.0,0.0,1.2,0.0,0.0,1.0,2.98402671916372,far,non_dense,0.0,0.0,114,2,2,1,2,0.2585184085919922,-10.042887181043625
45,7.0,-0.3876269066666666,-0.05284857,-0.2111464466666666,262.88666666666666,5.593333333333334,11.279710243789864,1.3137297892517228,0.5,21.33333333333333,20.01960354408161,11.1,1.5,1.0,1.6000000000000003,0.0,9.5,1.0,0.0,3.0,1.3423445490750054,near,dense,0.0,0.0,116,2,2,2,2,0.2590322577706646,11.627420783042908
40,62.0,-0.2935815933333333,-0.0743706366666666,-0.4511518966666667,282.14000000000004,-137.25333333333333,13.856052768377346,19.08304187336308,0.5,40.333333333333336,21.250291459970256,6.5,1.2,3.0,1.5,4.2,0.8000000000000002,1.0,1.0,1.0,5.155148486798166,near,non_dense,1.5,0.5,120,2,2,2,2,0.2603935120813088,15.198419988155363
40,85.0,-0.3074821233333333,-0.0857315966666666,-0.4647898266666666,151.95666666666668,87.58333333333336,7.583345205104038,-7.445110427277995,0.5,4.0,11.445110427277994,10.9,1.9,4.0,1.5,1.8,7.599999999999999,1.0,1.0,5.0,2.636182795041483,far,non_dense,1.5,0.5,120,2,2,2,2,0.2623399392651173,6.891769170761108
10,52.0,-0.2419487299999999,-0.3277435,-0.3175555599999999,-48.18444444444445,-148.56777777777776,-11.916826040183484,-27.051664564164565,-0.5,-30.55555555555556,-3.503890991390991,4.9,0.6,3.0,1.6,0.0,3.3,1.0,0.0,4.0,4.47649854035253,near,non_dense,0.0,0.0,118,1,2,1,2,0.2659205140189622,-10.726433247327805
40,36.0,-0.2695654033333333,-0.03493154,-0.41878875,549.4966666666667,2.960000000000008,20.11984012517014,3.612871897112112,0.5,45.0,41.387128102887885,1.9,2.0,2.0,0.5,0.8000000000000002,0.6,1.0,1.0,1.0,4.844167210331774,far,dense,1.5,0.5,120,2,2,2,2,0.2796046538435834,18.765388429164886
71,57.0,-0.4136551866666667,-0.11834106,-0.2046885233333333,160.42,18.08166666666666,10.782556759208711,0.4383532497823125,0.5,12.0,11.561646750217689,5.900000000000001,2.1,3.0,0.0,0.0,5.900000000000001,0.0,0.0,4.0,3.9725575751744486,near,non_dense,0.0,0.0,116,2,2,2,2,0.2861461056988987,9.645824879407884
53,37.0,-0.2832621066666667,-0.1256780566666666,-0.2650330744444444,167.67666666666665,-129.5922222222222,11.946753822168809,12.661331164539714,0.5,25.444444444444443,12.78311327990473,8.7,0.8,2.0,0.0,0.0,8.7,0.0,0.0,5.0,2.1245093360586345,far,dense,0.0,0.0,118,2,2,2,2,0.2869393602334056,12.55635917186737
40,56.0,-0.28204624,-0.1071740766666666,-0.41166509,160.44999999999996,-54.74,12.89548947420858,8.915186557197751,0.5,21.0,12.084813442802249,6.7,3.5,3.0,1.7,0.0,5.0,2.0,0.0,4.0,4.734102893363712,near,non_dense,1.5,0.5,120,2,2,2,2,0.2944709494674627,11.501433700323105
40,58.0,-0.2315521566666666,-0.11833137,-0.3614875166666667,210.41666666666663,-44.05,12.35060057821412,16.151784593811318,0.5,32.0,15.84821540618868,11.4,2.4,3.0,1.6000000000000003,3.2000000000000006,6.599999999999999,1.0,1.0,2.0,6.495942660552189,near,non_dense,1.5,0.5,120,2,2,2,2,0.2975279033176649,14.283324778079988
40,26.0,-0.2788262566666666,-0.0492978533333333,-0.4290939266666667,403.26,-23.72000000000001,15.242104269134677,-1.3728380738201078,0.5,29.0,30.372838073820105,6.400000000000001,3.5,2.0,0.4000000000000001,2.6,3.4,1.0,3.0,3.0,2.628187976045529,far,dense,1.5,0.5,120,2,2,2,2,0.3083509117633798,14.431700110435486
10,63.0,-0.21584697,-0.33146733,-0.3210939166666666,-375.52,-135.00333333333333,-16.335409861332966,-13.692823166111005,-0.5,-41.0,-27.307176833889,0.5,2.2,3.0,0.5,0.0,0.0,1.0,0.0,0.0,4.559424866904642,near,non_dense,0.0,0.0,118,1,2,1,2,0.3125056587328465,-17.760255932807922
53,93.0,-0.3434580966666667,-0.3454382199999999,-0.2776367466666666,-122.61333333333334,-116.99666666666668,-12.237870855572003,-6.652365884976729,-0.5,-16.0,-9.34763411502327,7.099999999999999,5.7,4.0,6.5,0.6,0.0,4.0,1.0,0.0,4.152606687753781,far,non_dense,0.0,0.0,118,2,2,2,2,0.3183664272592243,-10.915820300579073
45,6.0,-0.4089523066666666,-0.0614641533333333,-0.2134223733333333,266.43,-20.70333333333333,10.06701821806273,-3.289438942952592,0.5,17.0,20.28943894295259,9.8,2.1,1.0,2.3,0.0,7.5,1.0,0.0,3.0,1.5496005396615204,near,dense,0.0,0.0,116,2,2,2,2,0.3243702940389751,10.569662600755692
33,58.0,-0.3537383066666666,-0.11078377,-0.1988637166666666,361.33,-197.00333333333333,12.356965845050787,3.580116972546372,0.5,32.0,28.419883027453626,10.2,1.5,3.0,0.4000000000000001,2.4,7.400000000000001,1.0,1.0,1.0,6.609879955094658,near,non_dense,0.0,0.0,114,2,2,1,2,0.3259555420041906,14.5114928483963
33,84.0,-0.2995167966666667,-0.1274163133333333,-0.2122899,415.77,-252.63333333333333,13.347152235150425,8.298218342444878,0.5,41.0,32.701781657555124,3.4,2.0,4.0,0.0,2.6,0.8000000000000002,0.0,1.0,1.0,4.316216735154449,far,non_dense,0.0,0.0,114,2,2,1,2,0.3432566144602014,14.828722178936005
33,61.0,-0.3788858533333333,-0.1170368533333333,-0.2099390633333333,274.02333333333337,-291.7833333333333,9.86703288725861,-0.5529047688436262,0.5,21.0,21.55290476884363,10.1,1.7,3.0,0.6999999999999998,8.0,1.3999999999999997,1.0,1.0,1.0,4.6686532356945785,near,non_dense,0.0,0.0,114,2,2,1,2,0.3478392720514125,11.490973830223083
40,84.0,-0.2740701333333333,-0.10159824,-0.4156884833333333,305.7266666666667,-41.93333333333334,13.12408183533526,-1.6934646171587635,0.5,21.33333333333333,23.026797950492096,6.5,1.6000000000000003,4.0,0.0,1.7,4.8,0.0,1.0,5.0,4.292839882654558,far,non_dense,1.5,0.5,120,2,2,2,2,0.3519978653926419,11.613011360168455
40,66.0,-0.2253297933333333,-0.1127487866666666,-0.36452012,253.54,-59.96999999999999,12.179867719026069,10.903810531080817,0.5,30.0,19.09618946891918,6.7,4.4,3.0,3.2000000000000006,1.8,1.7,1.0,1.0,2.0,4.715384160581405,near,non_dense,1.5,0.5,120,2,2,2,2,0.3534527038911798,13.846533000469208
40,90.0,-0.27344836,-0.1392782466666666,-0.3081508466666666,84.91666666666667,117.21333333333332,7.30611485098457,6.6042251489480135,0.5,13.0,6.3957748510519865,8.8,5.3,4.0,6.0,2.7999999999999994,0.0,3.0,3.0,0.0,2.732616567778852,far,non_dense,1.5,0.5,120,2,2,2,2,0.3590136828020756,8.287161588668823
33,68.0,-0.3538721199999999,-0.2521871266666666,-0.2649214566666666,-296.76666666666665,-339.25666666666666,-11.399698334564809,8.675081743689484,-0.5,-14.666666666666666,-23.34174841035615,6.099999999999999,0.5,3.0,1.5,0.0,4.6,1.0,0.0,4.0,3.68738496611864,near,non_dense,0.0,0.0,114,2,2,1,2,0.364163028743601,-10.056889057159424
40,24.0,-0.2466878533333333,-0.1788445666666666,-0.36816898,50.20666666666667,153.85,4.338036046670406,1.2185216562690866,0.5,5.0,3.7814783437309134,4.8,2.6,1.0,3.9,0.9,0.0,2.0,1.0,0.0,1.4421383656278337,near,dense,1.5,0.5,120,2,2,2,2,0.3783443882580484,3.7924110889434814
33,31.0,-0.251253,-0.14252818,-0.2069564366666666,400.69,-264.74666666666667,13.180991117043035,8.484313701407599,0.5,40.0,31.515686298592403,6.2,4.0,2.0,0.0,2.0,4.2,0.0,1.0,5.0,3.619474043935425,far,dense,0.0,0.0,114,2,2,1,2,0.383014502533981,14.56730216741562
33,60.0,-0.37568588,-0.1115176133333333,-0.20597489,374.4066666666667,-260.1166666666666,11.416906191477596,-5.781742464502867,0.5,23.666666666666668,29.44840913116953,7.5,1.5,3.0,0.0,3.8,3.7000000000000006,0.0,1.0,3.0,4.28317271710672,near,non_dense,0.0,0.0,114,2,2,1,2,0.3850623985975445,13.066194951534271
71,93.0,-0.3754606466666666,-0.3056144633333333,-0.2286485866666666,-125.44,-6.423333333333328,-11.759404410699284,-4.626067188127164,-0.5,-13.666666666666666,-9.040599478539503,11.800000000000002,0.5,4.0,11.800000000000002,0.0,0.0,5.0,0.0,0.0,4.011382222413665,far,non_dense,0.0,0.0,116,2,2,2,2,0.3869102548364575,-10.207359492778778
71,73.0,-0.4289891266666667,-0.1310528566666666,-0.1954027866666666,205.61166666666668,-10.30666666666666,9.35012822572713,-5.151993461269436,0.5,9.666666666666666,14.818660127936104,12.6,1.8,4.0,2.1,0.0,10.5,1.0,0.0,6.0,3.08906044537864,far,non_dense,0.0,0.0,116,2,2,2,2,0.3876974896940588,8.152507245540619
10,14.0,-0.24807822,-0.18709572,-0.26154808,198.43000000000004,-174.03,11.90719548822319,5.570507298816056,0.5,20.0,14.429492701183944,6.5,1.3,1.0,1.5,0.5,4.5,1.0,1.0,4.0,1.838588058249436,near,dense,0.0,0.0,118,1,2,1,2,0.3915836198764999,11.18723452091217
45,89.0,-0.4005578666666666,-0.1112900833333333,-0.2188869999999999,168.75000000000003,-3.709999999999984,12.145928049437217,-1.1841490133365238,0.5,11.666666666666666,12.850815680003189,9.8,1.2,4.0,8.5,0.0,1.3,4.0,0.0,1.0,5.581784278671624,far,non_dense,0.0,0.0,116,2,2,2,2,0.406312556319966,9.877979010343552
33,62.0,-0.34058569,-0.0966992966666666,-0.2237210266666666,398.1566666666667,-255.71,13.07987351191701,6.35023599866924,0.5,37.66666666666666,31.316430667997427,2.2,1.8,3.0,0.0,0.4000000000000001,1.8,0.0,1.0,2.0,4.831046729546029,near,non_dense,0.0,0.0,114,2,2,1,2,0.4120923840721536,15.070711076259611
40,23.0,-0.2558702433333333,-0.2867211633333333,-0.43400802,-312.6766666666667,-41.690000000000005,-13.58351737206795,2.5502597979677923,-0.5,-21.0,-23.5502597979678,4.5,2.9,1.0,4.1,0.0,0.4000000000000001,1.0,0.0,1.0,2.107652882568257,near,dense,1.5,0.5,120,2,2,2,2,0.4227594304544821,-12.692487239837646
33,17.0,-0.2767158566666667,-0.16323637,-0.2166976233333333,367.69,-244.6733333333333,11.718569072904597,-8.920119531631537,0.5,20.0,28.92011953163154,3.2000000000000006,2.3,1.0,0.0,1.5,1.7,0.0,1.0,3.0,1.5030823022106927,near,dense,0.0,0.0,114,2,2,1,2,0.429848608505706,12.364666908979416
33,10.0,-0.2486212716666666,-0.10828124,-0.21305174,631.3183333333333,-266.11833333333334,19.466018045917348,-2.703305490589674,0.5,45.0,47.70330549058968,3.8,0.4000000000000001,1.0,0.0,2.7999999999999994,1.0,0.0,1.0,1.0,3.1323252302893443,near,dense,0.0,0.0,114,2,2,1,2,0.4322583644894016,20.81999182701111
33,28.0,-0.2350350283333333,-0.3558284216666666,-0.2463380966666667,-226.4766666666667,-277.15333333333336,-17.938161840382534,-24.68680880327049,-0.5,-42.5,-17.81319119672951,0.5,1.0,2.0,0.0,0.0,0.5,0.0,0.0,1.0,2.1705745905169134,far,dense,0.0,0.0,114,2,2,1,2,0.4393200385693932,-16.9845849275589
53,73.0,-0.3616378799999999,-0.1850984983333333,-0.23417421,201.72333333333336,-136.25333333333333,8.87016367259683,-1.378718294336214,0.5,14.0,15.378718294336217,5.1,2.6,4.0,0.0,0.0,5.1,0.0,0.0,1.0,2.882820846774063,far,non_dense,0.0,0.0,118,2,2,2,2,0.4532040675046343,10.17666980624199
10,55.0,-0.2382022733333333,-0.3047494966666667,-0.30739846,-7.019999999999986,-114.48666666666666,-7.371979968357638,-25.48951751871032,-0.5,-26.0,-0.5104824812896792,7.5,2.0,3.0,1.2,1.2,5.1,1.0,1.0,7.0,2.85763453830501,near,non_dense,0.0,0.0,118,1,2,1,2,0.4533269896259193,-8.667422831058502
33,35.0,-0.27115193,-0.10129553,-0.21249048,574.1633333333333,-269.42333333333335,18.62700265532918,-0.1599777820446609,0.5,45.0,45.159977782044656,0.9,2.3,2.0,0.0,0.4000000000000001,0.5,0.0,1.0,1.0,3.271395867724152,far,dense,0.0,0.0,114,2,2,1,2,0.4631081778169926,20.14201283454895
33,66.0,-0.3596155833333332,-0.12671169,-0.2102720533333333,283.22333333333336,-205.67,10.079567872093532,-0.2765173220569633,0.5,22.0,22.276517322056964,3.9,2.5,3.0,1.0,0.4000000000000001,2.5,1.0,1.0,2.0,3.738988887102236,near,non_dense,0.0,0.0,114,2,2,1,2,0.4631112553357148,11.811135709285736
33,70.0,-0.35394164,-0.1362691433333333,-0.2080239033333333,269.2966666666667,-224.2933333333333,10.11600452267384,3.818864289292786,0.5,25.0,21.181135710707213,5.400000000000001,2.1,3.0,0.8000000000000002,0.4000000000000001,4.2,1.0,1.0,5.0,3.897889355760158,near,non_dense,0.0,0.0,114,2,2,1,2,0.4758742470412911,11.97090968489647
71,5.0,-0.3735862466666667,0.0240771133333333,-0.18420826,453.55,74.36,14.717973411690837,4.978816750439056,0.5,37.66666666666666,32.68784991622761,3.1,1.3,1.0,0.0,1.5,1.6000000000000003,0.0,1.0,2.0,2.426264106370076,near,dense,0.0,0.0,116,2,2,2,2,0.4777213810911415,15.877051651477814
33,71.0,-0.3653969933333333,-0.3529714333333333,-0.2265815666666667,-298.16333333333336,-356.3366666666668,-12.106086307385969,8.451601185644696,-0.5,-15.0,-23.45160118564469,6.599999999999999,2.0,3.0,1.7,1.6000000000000003,3.2999999999999994,1.0,1.0,5.0,3.959684762303239,near,non_dense,0.0,0.0,114,2,2,1,2,0.4792764285608766,-10.208302736282349
53,59.0,-0.35606713,-0.1174687266666666,-0.2044557666666666,385.1333333333334,-167.06,15.777258930783276,-5.694622090667735,0.5,23.666666666666668,29.361288757334403,14.9,3.2000000000000006,3.0,6.8,8.1,0.0,2.0,1.0,0.0,5.655181141636738,near,non_dense,0.0,0.0,118,2,2,2,2,0.4814067733202071,13.05481642484665
53,30.0,-0.2697893,-0.13087263,-0.2581060525,189.05,-114.88,18.95627179329435,26.83745463153695,0.5,41.25,14.41254536846305,6.3,8.5,2.0,5.0,1.3,0.0,5.0,1.0,0.0,3.2245869774626232,far,dense,0.0,0.0,118,2,2,2,2,0.4878154407854082,17.38326847553253
40,35.0,-0.24773741,-0.0176416233333333,-0.39991351,211.05333333333337,-149.89,19.70339642120675,29.10383197373081,0.5,45.0,15.896168026269194,3.5,2.3,2.0,0.5,1.3999999999999997,1.6000000000000003,1.0,1.0,2.0,3.5107059266456115,far,dense,1.5,0.5,120,2,2,2,2,0.4924715773172534,17.974473536014557
45,32.0,-0.3725111066666666,-0.06281138,-0.2223273966666666,232.4033333333333,-53.32666666666666,10.7415491964184,5.301793184681434,0.5,23.0,17.698206815318567,7.2,1.9,2.0,7.2,0.0,0.0,6.0,0.0,0.0,1.793685434523333,far,dense,0.0,0.0,116,2,2,2,2,0.4950726982322801,11.629553884267809
10,67.0,-0.2006474533333333,-0.3289529399999999,-0.3122144733333333,-349.1066666666666,-138.49,-15.896544856779885,-18.61355592097303,-0.5,-44.0,-25.386444079026973,3.1,1.7,3.0,0.5,0.6,2.0,1.0,1.0,2.0,4.841752585825398,near,non_dense,0.0,0.0,118,1,2,1,2,0.497680615869877,-18.30619126558304
10,57.0,-0.2930508833333333,-0.22682549,-0.2725561333333333,105.81333333333336,-176.02666666666664,6.516765467027137,-0.6945659477965883,0.5,7.0,7.694565947796588,8.7,1.5,3.0,1.2,1.1,6.400000000000001,1.0,1.0,6.0,2.484995148122864,near,non_dense,0.0,0.0,118,1,2,1,2,0.5044199972311657,5.263284221291542
40,63.0,-0.2139826066666666,-0.30170393,-0.39922764,-518.6133333333333,9.203333333333338,-19.30460334638104,8.727716104392767,-0.5,-30.33333333333333,-39.0610494377261,1.6000000000000003,1.7,3.0,0.0,0.6,1.0,0.0,1.0,2.0,5.164647383295006,near,non_dense,1.5,0.5,120,2,2,2,2,0.5074196147291645,-16.6839599609375
33,91.0,-0.2708739566666667,-0.31504898,-0.2348456866666667,-183.63666666666663,-272.05,-8.603400091174992,-0.5563263880160546,-0.5,-15.0,-14.443673611983945,6.099999999999999,2.2,4.0,2.7999999999999994,0.6,2.7000000000000006,1.0,1.0,5.0,2.9329897338615223,far,non_dense,0.0,0.0,114,2,2,1,2,0.5152052263626415,-10.11449173092842
10,68.0,-0.2188458133333333,-0.3383174266666666,-0.3067396566666667,-162.61000000000004,-122.83666666666666,-12.429740248216072,-25.17527688283263,-0.5,-37.0,-11.824723117167368,2.5,2.4,3.0,1.1,0.4000000000000001,1.0,1.0,1.0,2.0,3.947024427995222,near,non_dense,0.0,0.0,118,1,2,1,2,0.5155956821148124,-14.464809000492096
33,22.0,-0.2662923,-0.14521705,-0.2173610033333333,424.5033333333333,-275.62333333333333,13.880634713538262,11.611310773814829,0.5,45.0,33.38868922618517,4.5,2.5,1.0,0.0,1.7,2.7999999999999994,0.0,1.0,4.0,2.339382284606196,near,dense,0.0,0.0,114,2,2,1,2,0.5176487098737748,15.091612935066223
10,16.0,-0.26286164,-0.1243067266666666,-0.2809590799999999,164.54333333333332,-153.07333333333335,17.4505254099524,22.701354831955133,0.5,34.666666666666664,11.965311834711532,2.2,1.3,1.0,1.1,0.0,1.1,2.0,0.0,2.0,2.893515563260016,near,dense,0.0,0.0,118,1,2,1,2,0.5284243992111508,15.921521186828612
10,53.0,-0.17243027,-0.34098782,-0.3049148,-449.9,-156.72,-16.244194625285225,-11.284035850110088,-0.5,-44.0,-32.71596414988991,2.7000000000000006,1.1,3.0,0.0,0.6999999999999998,2.0,0.0,1.0,3.0,4.650434682038601,near,non_dense,0.0,0.0,118,1,2,1,2,0.5321244062008126,-18.71880441904068
53,82.0,-0.3136391739999999,-0.135652192,-0.246459676,286.856,-131.026,16.748816802388568,14.13104938261922,0.5,36.0,21.868950617380783,12.2,5.2,4.0,12.2,0.0,0.0,2.0,0.0,0.0,5.240394298070823,far,non_dense,0.0,0.0,118,2,2,2,2,0.5386337985396781,13.92616331577301
33,27.0,-0.2887812366666666,-0.1420266833333333,-0.21471065,400.81,-228.31000000000003,13.292624052004676,8.47487527680047,0.5,40.0,31.52512472319953,3.8,2.7000000000000006,2.0,0.0,0.6999999999999998,3.1,0.0,1.0,2.0,2.2968985047497745,far,dense,0.0,0.0,114,2,2,1,2,0.555837874671903,14.569327235221865
71,76.0,-0.4241114266666666,-0.3030904666666666,-0.20631607,-112.98166666666668,-38.44499999999999,-8.227742284757905,-4.523953044606794,-0.5,-12.666666666666666,-8.142713622059873,10.2,2.4,4.0,1.6000000000000003,0.5,8.1,1.0,1.0,4.0,2.570480048837467,far,non_dense,0.0,0.0,116,2,2,2,2,0.5584556365269474,-9.663241356611252
71,59.0,-0.4121676766666666,-0.05582982,-0.19724687,177.5,32.336666666666645,14.966513353283498,9.874045433879983,0.5,22.666666666666668,12.792621232786685,10.3,1.1,3.0,9.6,0.0,0.6999999999999998,6.0,0.0,1.0,5.379618513255974,near,non_dense,0.0,0.0,116,2,2,2,2,0.5612552220114984,11.947174370288849
33,32.0,-0.29821522,-0.15804249,-0.2151446299999999,347.95,-194.25,11.038775215765355,-6.367498683758583,0.5,21.0,27.367498683758583,9.7,2.4,2.0,0.0,5.599999999999999,4.1,0.0,1.0,2.0,1.9524550700609888,far,dense,0.0,0.0,114,2,2,1,2,0.5764308977939249,12.164230644702911
59,13.0,-0.4072194666666666,-0.0811697355555555,-0.2026270722222222,287.3233333333334,10.144444444444431,11.285643995200983,-6.085332394152192,0.5,15.555555555555555,21.640887949707743,7.0,0.7,1.0,0.0,0.0,7.0,0.0,0.0,4.0,1.777820920547492,near,dense,0.0,0.0,119,2,2,2,2,0.5810160585608387,10.252701491117476
40,71.0,-0.2284476533333333,-0.2944980366666667,-0.4098830333333333,-265.62333333333333,35.50333333333331,-15.4369777467688,-0.9937149929036456,-0.5,-21.0,-20.00628500709636,3.7000000000000006,5.1,3.0,0.6999999999999998,3.0,0.0,1.0,2.0,0.0,4.791657514817822,near,non_dense,1.5,0.5,120,2,2,2,2,0.5867560030490633,-12.625443935394289
71,70.0,-0.3863373699999999,-0.08777831,-0.1861568833333333,140.36333333333337,46.93333333333334,9.532407436663528,11.883859389832592,0.5,22.0,10.116140610167408,10.1,0.6999999999999998,3.0,2.1,0.0,8.0,1.0,0.0,5.0,3.469898163711457,near,non_dense,0.0,0.0,116,2,2,2,2,0.6009201258815593,11.617539077997208
53,57.0,-0.36694188,-0.14763942,-0.2168521799999999,282.90333333333336,-246.67,14.177958668241288,-2.9009457456903376,0.5,18.666666666666668,21.567612412357004,16.0,3.2999999999999994,3.0,8.0,8.0,0.0,5.0,1.0,0.0,5.167154169500907,near,non_dense,0.0,0.0,118,2,2,2,2,0.6090251919004975,11.031031608581545
45,20.0,-0.2807258666666667,-0.32361094,-0.3078893233333333,-325.05333333333334,-40.45666666666665,-13.469345154421548,-1.5795527535567186,-0.5,-26.33333333333333,-24.753780579776613,1.9,0.4000000000000001,1.0,0.5,0.0,1.3999999999999997,1.0,0.0,2.0,1.9344530194127088,near,dense,0.0,0.0,116,2,2,2,2,0.6119842378262661,-14.653199911117554
10,50.0,-0.2504099166666667,-0.1298216666666666,-0.31206065,502.6500000000001,-140.46333333333334,14.206363437184129,2.448145410219676,0.5,39.0,36.551854589780326,1.8,1.7,3.0,0.0,0.4000000000000001,1.3999999999999997,0.0,1.0,2.0,5.247642220453719,near,non_dense,0.0,0.0,118,1,2,1,2,0.6234956428265906,17.478245496749878
40,72.0,-0.1961570633333333,-0.2839280366666667,-0.38487622,-275.05333333333334,-48.32333333333332,-12.766623867021046,-12.616797215201608,-0.5,-33.333333333333336,-20.716536118131724,3.9,1.3999999999999997,3.0,1.2,0.4000000000000001,2.3,2.0,1.0,2.0,4.266630506695817,near,non_dense,1.5,0.5,120,2,2,2,2,0.6263869413884657,-15.439185500144958
10,10.0,-0.2139823766666666,-0.12825556,-0.2652523033333333,138.46,-174.71,18.755812979661016,25.931423880431748,0.5,36.0,10.06857611956825,1.1,1.2,1.0,0.5,0.0,0.6,1.0,0.0,1.0,2.934288144422084,near,dense,0.0,0.0,118,1,2,1,2,0.6274707774389828,16.9146329164505
33,95.0,-0.2417652466666666,-0.1812670966666666,-0.2192610033333333,373.25,-282.00666666666666,11.276709695538592,8.64256679490475,0.5,38.0,29.357433205095248,6.0,1.7,4.0,0.0,1.2,4.8,0.0,1.0,2.0,4.428803357708712,far,non_dense,0.0,0.0,114,2,2,1,2,0.6315836727281234,14.073869585990906
45,63.0,-0.2967852566666666,-0.29662947,-0.27828439,-242.64,-92.95666666666666,-15.78827171727916,-4.522240494246083,-0.5,-23.0,-18.47775950575392,1.9,2.6,3.0,0.0,0.0,1.9,0.0,0.0,1.0,4.426563034911479,near,non_dense,0.0,0.0,116,2,2,2,2,0.6354734804472918,-12.975308299064636
33,55.0,-0.33163446,-0.29052035,-0.2239636633333333,-185.62,-265.0566666666667,-8.17375896970286,-0.4003302035370926,-0.5,-15.0,-14.599669796462909,8.1,1.3,3.0,2.7999999999999994,0.0,5.3,1.0,0.0,3.0,3.045888889781313,near,non_dense,0.0,0.0,114,2,2,1,2,0.6365956954910237,-10.112758725881577
59,73.0,-0.4261479883333334,-0.0860728566666666,-0.2183258066666666,207.22333333333333,39.36833333333333,10.631985826164447,-5.274507788393425,0.5,10.333333333333334,15.60784112172676,8.3,0.5,4.0,5.599999999999999,0.0,2.7000000000000006,9.0,0.0,3.0,3.6674646073753614,far,non_dense,0.0,0.0,119,2,2,2,2,0.6416920056146145,8.278603106737137
33,54.0,-0.3377767533333333,-0.15108859,-0.2123053166666666,237.53333333333333,-228.41,9.604157111579438,8.650496180441287,0.5,27.33333333333333,18.682837152892045,7.2,2.1,3.0,3.8,0.6999999999999998,2.7000000000000006,3.0,1.0,3.0,5.133233341243279,near,non_dense,0.0,0.0,114,2,2,1,2,0.6512969451633793,12.947416305541992
45,71.0,-0.27974557,-0.3068200633333333,-0.2873677233333333,-99.19333333333331,11.01333333333334,-9.77348837694529,-14.446131891248692,-0.5,-22.0,-7.553868108751307,1.5,1.6000000000000003,3.0,0.0,0.0,1.5,0.0,0.0,2.0,3.195103443780396,near,non_dense,0.0,0.0,116,2,2,2,2,0.6521098899294219,-11.85704693198204
33,56.0,-0.35800172,-0.11263253,-0.2122752333333333,343.0866666666668,-187.54666666666665,11.087567506258244,5.0150196912915055,0.5,32.0,26.984980308708497,4.1,2.7000000000000006,3.0,0.0,0.8000000000000002,3.2999999999999994,0.0,1.0,5.0,4.098337354653169,near,non_dense,0.0,0.0,114,2,2,1,2,0.6568007527474266,13.779358565807344
40,32.0,-0.2806493233333333,-0.0930464566666666,-0.4116604733333333,359.07333333333344,-96.63333333333333,12.06088947937269,-0.044775603730013,0.5,27.0,27.044775603730013,7.099999999999999,2.7000000000000006,2.0,0.0,1.7,5.400000000000001,0.0,1.0,5.0,2.227810238030297,far,dense,1.5,0.5,120,2,2,2,2,0.6692469365851218,13.551844656467438
40,55.0,-0.24991304,-0.2645319366666667,-0.4002663966666666,-129.71333333333334,-80.6,-9.319655395334076,-11.230218545482357,-0.5,-21.0,-9.769781454517643,12.5,3.5,3.0,12.5,0.0,0.0,1.0,0.0,0.0,3.5637900632427875,near,non_dense,1.5,0.5,120,2,2,2,2,0.690964621441644,-11.78210824728012
71,85.0,-0.4108932666666667,-0.1140084633333333,-0.189546475,176.94833333333335,14.97666666666666,13.582056201916194,3.413804660434465,0.5,16.166666666666668,12.7528620062322,12.9,2.2,4.0,0.0,0.0,12.9,0.0,0.0,8.0,4.49413765441625,far,non_dense,0.0,0.0,116,2,2,2,2,0.700000933835527,10.436155647039412
33,57.0,-0.37624839,-0.14206662,-0.2041700966666666,297.4766666666667,-216.2633333333333,8.746876676482334,-5.397592422615005,0.5,18.0,23.397592422615,6.5,1.6000000000000003,3.0,1.2,1.9,3.4,2.0,1.0,4.0,3.254185723554304,near,non_dense,0.0,0.0,114,2,2,1,2,0.7108109570355609,11.059987545013428
33,47.0,-0.2541053,-0.3402051633333333,-0.23925008,-250.34,-274.62,-11.190009749187626,4.690126801241913,-0.5,-15.0,-19.69012680124192,4.0,3.1,2.0,2.7999999999999994,0.0,1.2,1.0,0.0,3.0,1.5308188319407698,far,dense,0.0,0.0,114,2,2,1,2,0.7363187823698727,-10.062839090824127
40,64.0,-0.1843697066666666,-0.32089331,-0.3792762066666666,-299.3433333333333,-56.94,-14.576268817023552,-22.453983554503576,-0.5,-45.0,-22.546016445496424,3.7000000000000006,1.3,3.0,2.3,0.4000000000000001,1.0,2.0,1.0,2.0,4.708199360203015,near,non_dense,1.5,0.5,120,2,2,2,2,0.7450884124673681,-18.08429360389709
40,70.0,-0.2954298266666667,-0.0933392133333333,-0.4459376933333334,305.8233333333333,594.84,11.518936194288292,-16.034078714797513,0.5,7.0,23.03407871479752,4.7,2.3,3.0,2.2,0.0,2.5,3.0,0.0,2.0,4.289377376517884,near,non_dense,1.5,0.5,120,2,2,2,2,0.7613714803278653,8.253126591444016
59,49.0,-0.35210107,-0.12727253,-0.19183366,380.8933333333334,-219.53333333333333,7.603784866857104,-15.688480854753696,0.5,13.0,28.688480854753696,7.7,0.6999999999999998,3.0,0.0,0.0,7.7,0.0,0.0,4.0,3.420858269670204,near,non_dense,0.0,0.0,119,2,2,2,2,0.7828547026028801,10.281819850206375
33,30.0,-0.2715072733333333,-0.1502464233333333,-0.2144139233333333,460.94,-264.92,13.86982347074983,-4.2545619867558,0.5,32.0,36.2545619867558,5.900000000000001,2.4,2.0,0.0,1.0,4.9,0.0,1.0,3.0,2.4535904834955367,far,dense,0.0,0.0,114,2,2,1,2,0.7835092221558576,15.792234241962433
40,11.0,-0.2713244733333333,0.0294620566666666,-0.4563426766666666,728.4833333333332,-27.076666666666664,25.781161284285105,-6.535885892544414,0.5,45.0,51.53588589254442,2.7999999999999994,1.5,1.0,0.5,0.6,1.7,1.0,1.0,2.0,4.330320969980774,near,dense,1.5,0.5,120,2,2,2,2,0.7859234365687572,22.37786054611206
33,73.0,-0.390804,-0.15248803,-0.2289266233333333,172.99666666666667,-206.85333333333327,5.864551100433005,-6.940133296818381,0.5,6.666666666666667,13.606799963485049,12.9,0.6999999999999998,4.0,2.7000000000000006,0.0,10.2,1.0,0.0,3.0,2.086484359164457,far,non_dense,0.0,0.0,114,2,2,1,2,0.7885686325974762,7.509887218475342
33,64.0,-0.3295744366666666,-0.33693558,-0.2348554166666666,-354.9066666666667,-316.49333333333334,-13.796287068580831,12.91466513251084,-0.5,-15.0,-27.914665132510844,5.1,2.4,3.0,2.0,0.5,2.6,2.0,1.0,4.0,4.458897030609569,near,non_dense,0.0,0.0,114,2,2,1,2,0.7987684821763736,-10.234660655260086
33,29.0,-0.2992583766666667,-0.1468786233333333,-0.2135066266666666,358.33666666666664,-218.29,12.365426797164424,10.81555323080202,0.5,39.0,28.18444676919798,7.599999999999999,2.9,2.0,0.0,0.9,6.7,0.0,1.0,5.0,2.085869078987124,far,dense,0.0,0.0,114,2,2,1,2,0.8100129178806139,14.055007696151732
40,49.0,-0.28952252,-0.0552571966666666,-0.4627411066666667,236.82333333333327,29.65000000000001,11.80599106489329,-12.83711936575821,0.5,5.0,17.83711936575821,8.7,1.9,3.0,1.3999999999999997,1.8,5.5,1.0,2.0,6.0,5.571121692805977,near,non_dense,1.5,0.5,120,2,2,2,2,0.8128269430878007,7.277633249759674
40,46.0,-0.22342826,-0.2687445666666666,-0.38465681,-503.3433333333333,-143.65333333333334,-11.751467571706348,12.598041767147668,-0.5,-23.0,-35.59804176714767,2.1,2.7000000000000006,2.0,0.5,1.2,0.4000000000000001,1.0,2.0,1.0,2.409469794836172,far,dense,1.5,0.5,120,2,2,2,2,0.8257669713088653,-13.741128146648409
59,61.0,-0.3166211466666667,-0.1305291333333333,-0.19074473,378.445,3.464999999999994,17.70467028139758,-12.67074165811816,0.5,15.833333333333334,28.504074991451493,4.7,0.6999999999999998,3.0,0.0,0.0,4.7,0.0,0.0,5.0,7.816009670608563,near,non_dense,0.0,0.0,119,2,2,2,2,0.8400507982412255,11.138825118541718
40,87.0,-0.2793983733333333,-0.0967855866666666,-0.4277988966666666,358.12000000000006,-86.23666666666666,10.23429669301048,-25.639638870694977,0.5,1.3333333333333333,26.97297220402831,7.2,1.7,4.0,0.5,0.0,6.7,1.0,0.0,4.0,3.693134455889716,far,non_dense,1.5,0.5,120,2,2,2,2,0.8453759892627688,7.112209498882294
45,40.0,-0.38374993,-0.046834845,-0.21121873,193.15500000000003,-92.37,14.92066845392149,10.290670798986568,0.5,25.0,14.709329201013432,3.4,0.7,2.0,3.4,0.0,0.0,3.0,0.0,0.0,2.770257682672399,far,dense,0.0,0.0,116,2,2,2,2,0.853192913705542,12.557104229927065
33,33.0,-0.26898429,-0.1509512633333333,-0.2186087333333333,409.8133333333333,-229.91,12.812823369641832,-2.566602080528959,0.5,29.666666666666668,32.23326874719563,8.7,2.5,2.0,0.0,2.6,6.099999999999999,0.0,1.0,2.0,2.2105160879722328,far,dense,0.0,0.0,114,2,2,1,2,0.8816979470540154,14.761830866336824
33,69.0,-0.34116588,-0.1184462733333333,-0.2053324466666667,400.13000000000005,-287.50333333333333,11.67791747296644,2.5283596829075363,0.5,34.0,31.471640317092465,3.1,1.5,3.0,0.0,0.0,3.1,0.0,0.0,3.0,4.548101297952729,near,non_dense,0.0,0.0,114,2,2,1,2,0.894188428181332,15.744777023792269
45,58.0,-0.3837343866666667,-0.0736497633333333,-0.2209336066666666,204.80333333333337,-51.103333333333325,21.32812180783096,5.070282149233067,0.5,20.666666666666668,15.5963845174336,11.1,2.1,3.0,8.4,0.0,2.7000000000000006,2.0,0.0,2.0,11.122034250337606,near,non_dense,0.0,0.0,116,2,2,2,2,0.8946914947664834,11.377332359552383
33,13.0,-0.3671184233333333,-0.2493764033333333,-0.402769235,169.64,-124.49833333333332,8.800581438974557,-6.676119586280039,0.5,6.666666666666667,13.342786252946707,7.599999999999999,1.0,1.0,0.0,0.0,7.599999999999999,0.0,0.0,3.0,1.3932091890717615,near,dense,0.0,0.0,114,2,2,1,2,0.9133582864690136,7.5280822813510895
40,83.0,-0.3079853366666666,-0.1039734033333333,-0.46961679,237.08,44.00666666666667,11.181524565844157,-10.856451050293288,0.5,7.0,17.856451050293288,9.5,3.1,4.0,0.0,2.6,6.900000000000001,0.0,2.0,5.0,3.588637903555622,far,non_dense,1.5,0.5,120,2,2,2,2,0.9359023409150362,7.822909951210022
45,54.0,-0.35703323,-0.0881055233333333,-0.23841546,230.75,61.68333333333334,21.727530284001848,2.4276994479363814,0.5,20.0,17.57230055206362,5.1,1.3,3.0,5.1,0.0,0.0,5.0,0.0,0.0,11.231340753073036,near,non_dense,0.0,0.0,116,2,2,2,2,0.9426604046536424,11.140190064907074
33,80.0,-0.3427480866666666,-0.3469524233333333,-0.3889434066666666,-119.30833333333337,-184.6083333333333,-21.23891293850917,-12.61597742359123,-0.5,-22.0,-9.38402257640877,3.5,1.9,4.0,2.1,0.6999999999999998,0.6999999999999998,1.0,1.0,1.0,9.50914867416582,far,non_dense,0.0,0.0,114,2,2,1,2,0.9492131341856938,-12.212704122066498
59,57.0,-0.3119157833333333,-0.1678842499999999,-0.2198927066666667,288.75333333333333,-204.7133333333333,12.655411903123529,-12.081927362491925,0.5,9.666666666666666,21.7485940291586,3.9,0.9,3.0,2.2,1.7,0.0,2.0,1.0,0.0,4.063612592100274,near,non_dense,0.0,0.0,119,2,2,2,2,0.9518727701933704,8.787369728088379
40,57.0,-0.2457030466666666,-0.1391420833333333,-0.3700680033333333,176.32666666666668,-4.183333333333337,9.674186430800264,14.052717118575805,0.5,27.33333333333333,13.280616214757528,9.8,5.900000000000001,3.0,4.4,3.8,1.6000000000000003,3.0,2.0,2.0,3.5141910313455944,near,non_dense,1.5,0.5,120,2,2,2,2,0.9551041925155216,13.030605018138884
71,78.0,-0.4103635466666667,-0.11412401,-0.18504856,173.33333333333334,-68.57000000000001,7.654748514859573,2.507675040283426,0.5,15.0,12.492324959716576,6.900000000000001,2.0,4.0,1.5,0.6999999999999998,4.7,1.0,1.0,5.0,2.6463424936311366,far,non_dense,0.0,0.0,116,2,2,2,2,0.9619919474471385,10.200508683919908
45,29.0,-0.3676379833333333,-0.03786332,-0.2142749133333333,280.24333333333334,-23.85666666666668,11.88325338686044,11.991967868347494,0.5,33.333333333333336,21.34136546498584,9.8,1.9,2.0,1.1,1.3999999999999997,7.3,1.0,1.0,5.0,2.076432753674613,far,dense,0.0,0.0,116,2,2,2,2,0.9793086482485732,13.916721940040588
56,50.0,-0.2576885033333334,-0.10785316,-0.2875306033333333,388.6466666666667,-153.34,14.426170550631891,8.245971982769046,0.5,39.0,30.754028017230954,4.9,1.3999999999999997,3.0,0.0,0.0,4.9,0.0,0.0,6.0,5.136713758016649,near,non_dense,0.0,0.0,122,2,3,2,3,0.007368370582991,14.388321340084076
42,8.0,-0.3054546233333333,-0.0572438866666666,-0.23552843,269.58000000000004,-61.21000000000001,13.92804304106886,11.686303911212567,0.5,32.0,20.313696088787434,2.2,1.3999999999999997,1.0,1.7,0.5,0.0,2.0,1.0,0.0,2.106266077064608,near,dense,0.0,0.0,118,2,3,2,3,0.0105947156333169,13.95035833120346
42,64.0,-0.3493891233333333,-0.3074624333333333,-0.2421170933333333,-312.07,-165.84333333333333,-13.845446376387564,-0.4845495273095442,-0.5,-24.0,-23.515450472690457,4.0,1.8,3.0,1.9,1.5,0.6,1.0,2.0,1.0,4.288489396393637,near,non_dense,0.0,0.0,118,2,3,2,3,0.0122009414386019,-13.7931227684021
62,92.0,-0.36323117,-0.22579943,-0.24037283,-296.87666666666667,-191.03,-6.3572619688330905,15.859673397981048,-0.5,-6.0,-21.859673397981044,6.400000000000001,0.5,4.0,2.1,0.6,3.7000000000000006,2.0,1.0,2.0,2.0882278571462485,far,non_dense,-3.0,-3.0,118,2,3,1,3,0.0160368298995373,-6.323773413896561
56,72.0,-0.2013275,-0.3374730433333333,-0.3267858933333333,-372.1266666666667,17.616666666666674,-14.462325518543656,0.1199804571444798,-0.5,-26.0,-26.11998045714448,3.2999999999999994,1.5,3.0,1.6000000000000003,1.3,0.4000000000000001,2.0,2.0,1.0,4.664052464654696,near,non_dense,0.0,0.0,122,2,3,2,3,0.0195222940870526,-14.553378522396088
42,9.0,-0.2753182766666667,-0.0396657866666666,-0.21723866,313.1333333333333,-47.26333333333333,15.980615438321289,21.404424035157263,0.5,45.0,23.59557596484273,2.7000000000000006,1.3999999999999997,1.0,1.5,0.0,1.2,2.0,0.0,2.0,2.521980976663494,near,dense,0.0,0.0,118,2,3,2,3,0.0206481789260546,15.928541123867037
42,80.0,-0.3601178633333333,-0.2976338666666666,-0.2322726333333333,-161.3366666666667,-176.66333333333333,-11.398500145751912,-4.509444266471294,-0.5,-16.666666666666668,-12.157222400195373,7.5,1.1,4.0,2.2,0.0,5.3,1.0,0.0,7.0,5.296300081701137,far,non_dense,0.0,0.0,118,2,3,2,3,0.0230188122180521,-11.27658560872078
56,68.0,-0.25363311,-0.30845705,-0.3901925625,-186.82,139.3725,-11.63554700522699,-3.216732814263806,-0.5,-18.0,-14.783267185736191,0.6,2.7,3.0,0.0,0.0,0.6,0.0,0.0,1.0,3.8541959481536736,near,non_dense,0.0,0.0,122,2,3,2,3,0.0297391737669765,-11.750167608261108
37,75.0,-0.45600126,-0.3003647933333333,-0.2553009533333333,-119.53,66.08999999999999,-8.135801746855146,-1.8205254980414405,-0.5,-10.666666666666666,-8.846141168625225,2.7999999999999994,0.4000000000000001,4.0,2.0,0.0,0.8000000000000002,2.0,0.0,1.0,2.76208105734434,far,non_dense,0.0,0.0,120,3,3,2,3,0.0321342740568668,-8.047044277191162
42,95.0,-0.38402781,-0.0612821,-0.2027016033333333,111.77666666666664,-197.07,11.90550590841587,14.577278594538312,0.5,23.0,8.42272140546169,5.900000000000001,1.2,4.0,3.0,0.0,2.9,2.0,0.0,4.0,4.232797530025071,far,non_dense,0.0,0.0,118,2,3,2,3,0.0486540134989716,12.111448496580124
42,22.0,-0.3190209466666666,-0.0431997666666666,-0.22947978,212.42,-68.79666666666667,14.361913080088868,15.993488674307343,0.5,32.0,16.006511325692657,0.4000000000000001,1.7,1.0,0.4000000000000001,0.0,0.0,1.0,0.0,0.0,2.328633694218442,near,dense,0.0,0.0,118,2,3,2,3,0.0488255959621276,14.248216152191162
42,70.0,-0.39714556,-0.09642914,-0.2153185866666666,116.64666666666665,-247.84,10.724210776505643,11.210308864022712,0.5,20.0,8.789691135977288,6.400000000000001,1.2,3.0,2.1,0.0,4.3,2.0,0.0,4.0,4.036275544946798,near,non_dense,0.0,0.0,118,2,3,2,3,0.0544562142575193,10.944011062383652
57,70.0,-0.3545982766666666,-0.1183411233333333,-0.2292105066666666,174.0966666666667,-221.39666666666668,10.801298512578514,5.874435688907178,0.5,20.0,14.125564311092822,7.5,1.1,3.0,1.8,0.0,5.7,1.0,0.0,5.0,4.058336566132398,near,non_dense,0.0,0.0,115,2,3,2,3,0.0562131707203772,11.029430478811264
56,58.0,-0.2859816033333333,-0.1328387466666666,-0.2610136366666666,108.44,-93.53666666666668,12.30626370032204,14.0856930363207,0.5,22.666666666666668,8.580973630345964,8.4,1.3,3.0,1.2,0.0,7.2,1.0,0.0,5.0,6.818050878611378,near,non_dense,0.0,0.0,122,2,3,2,3,0.0565740000297114,11.920539289712906
57,78.0,-0.3800669033333333,-0.1269997033333333,-0.2419068633333333,180.14,-175.4366666666667,8.247162025261227,-5.615898188747213,0.5,9.0,14.615898188747211,11.1,1.3,4.0,1.7,0.0,9.4,1.0,0.0,3.0,2.788007142086819,far,non_dense,0.0,0.0,115,2,3,2,3,0.0622620268800852,8.073575049638748
37,65.0,-0.4395112699999999,-0.2905319833333333,-0.1995762166666666,-288.5933333333333,-2.1666666666666665,-8.91904403659575,8.69146407030968,-0.5,-12.666666666666666,-21.358130736976342,3.5,0.8000000000000002,3.0,1.7,0.8000000000000002,1.0,2.0,1.0,1.0,3.830122791625924,near,non_dense,0.0,0.0,120,3,3,2,3,0.0636027182433624,-9.162650257349014
57,49.0,-0.350333325,-0.10946124,-0.390004465,169.98666666666668,-28.34333333333333,9.579293891259422,-1.6254273349127148,0.5,12.166666666666666,13.79209400157938,7.599999999999999,0.6999999999999998,3.0,0.0,0.0,7.599999999999999,0.0,0.0,7.0,4.462362342035964,near,non_dense,0.0,0.0,115,2,3,2,3,0.0638698298369243,9.864304214715958
42,59.0,-0.43798253,-0.1408008733333333,-0.2186746966666666,168.69333333333336,-363.3333333333333,7.890664022003951,-5.711570240885255,0.5,7.0,12.711570240885257,11.1,1.3,3.0,4.7,0.0,6.400000000000001,5.0,0.0,3.0,2.8466663139396835,near,non_dense,0.0,0.0,118,2,3,2,3,0.0648852233145214,7.705957442522049
62,94.0,-0.3431667866666667,-0.2474834566666666,-0.2384243566666667,-123.72666666666667,-80.88333333333334,-7.672608403084074,-0.3363701012796039,-0.5,-10.0,-9.663629898720396,4.8,0.8000000000000002,4.0,1.7,1.3999999999999997,1.7,1.0,1.0,2.0,2.583553290527538,far,non_dense,-3.0,-3.0,118,2,3,1,3,0.069835510948637,-7.492184638977051
57,55.0,-0.3522301033333333,-0.2796208866666667,-0.24787976,-25.52666666666668,-110.27333333333335,-7.676025026112835,-7.928859991683761,-0.5,-10.0,-2.0711400083162395,3.6,1.2,3.0,1.1,0.5,2.0,1.0,1.0,4.0,3.132966594947288,near,non_dense,0.0,0.0,115,2,3,2,3,0.0702134674668068,-7.4560485780239105
57,14.0,-0.3501613333333333,-0.1115197033333333,-0.2215472299999999,358.2333333333333,-55.64000000000001,12.2571193894369,-10.399070692140612,0.5,18.666666666666668,29.06573735880728,10.699999999999998,1.0,1.0,0.0,1.8,8.9,0.0,2.0,5.0,1.9388270725363888,near,dense,0.0,0.0,115,2,3,2,3,0.0711166059685932,12.119236588478088
42,55.0,-0.3954836633333333,-0.2556077033333333,-0.2164279533333333,-127.63333333333333,-324.2633333333333,-7.491995556712614,-0.0490958374796524,-0.5,-9.666666666666666,-9.617570829187017,9.1,1.2,3.0,3.5,0.0,5.599999999999999,1.0,0.0,4.0,2.9710147705296808,near,non_dense,0.0,0.0,118,2,3,2,3,0.0721833080440547,-7.2775378823280334
62,83.0,-0.3695404566666667,-0.1177299766666666,-0.22573647,220.13,-85.25666666666666,9.982373585361492,-2.8598466570108703,0.5,14.333333333333334,17.193179990344202,5.3,0.6999999999999998,4.0,2.7000000000000006,0.0,2.6,1.0,0.0,4.0,3.32363232746812,far,non_dense,-3.0,-3.0,118,2,3,1,3,0.0739350234286712,9.736640751361849
62,27.0,-0.3752907333333333,-0.0837369499999999,-0.2208735833333333,485.54333333333335,-106.48666666666668,14.255354863035612,-16.589866244696434,0.5,21.33333333333333,37.92319957802977,2.3,0.6,2.0,0.0,1.3,1.0,0.0,1.0,2.0,2.3612750786783274,far,dense,-3.0,-3.0,118,2,3,1,3,0.0776377483468119,14.072030782699583
37,85.0,-0.4533173633333333,-0.13263923,-0.2282772166666666,170.27,75.05666666666666,7.036534658210648,-8.267958867635608,0.5,4.333333333333333,12.601292200968942,10.699999999999998,0.6,4.0,2.6,0.0,8.1,2.0,0.0,3.0,2.532694991276403,far,non_dense,0.0,0.0,120,3,3,2,3,0.0799937911880171,6.833934783935547
62,2.0,-0.3741589066666666,-0.1049641599999999,-0.2110283633333333,254.2,-67.38666666666668,10.153817533558607,-4.520872606545357,0.5,15.333333333333334,19.854205939878693,2.2,0.6,1.0,0.0,0.0,2.2,0.0,0.0,4.0,1.5106168230626975,near,dense,-3.0,-3.0,118,2,3,1,3,0.0815659324866901,10.030602663755417
42,56.0,-0.3941325133333333,-0.09315517,-0.20982422,157.21,-350.75333333333333,10.670431909714758,6.153734838941051,0.5,18.0,11.84626516105895,4.9,1.0,3.0,0.5,0.6,3.8,1.0,1.0,4.0,3.792500782930704,near,non_dense,0.0,0.0,118,2,3,2,3,0.088414312921231,10.335120558738708
42,32.0,-0.3845140733333334,-0.0975128066666666,-0.2270360666666666,196.41,-143.07333333333335,11.581776836993347,6.866558910903113,0.5,21.666666666666668,14.800107755763554,7.099999999999999,1.5,2.0,2.5,1.6000000000000003,3.0,2.0,1.0,5.0,2.0512586351323683,far,dense,0.0,0.0,118,2,3,2,3,0.0920213141021775,11.393017321825027
42,91.0,-0.3801700666666667,-0.2642691033333333,-0.22729314,-169.01666666666665,-223.25666666666663,-8.22563090625337,0.7359344187497415,-0.5,-12.0,-12.73593441874974,5.2,1.0,4.0,2.1,0.0,3.1,1.0,0.0,4.0,2.811806771580402,far,non_dense,0.0,0.0,118,2,3,2,3,0.0961737016521067,-8.496052771806717
56,34.0,-0.34755205,-0.02634122,-0.26869749,608.07,-93.11666666666667,18.67285795990799,-16.783898641993762,0.5,31.33333333333333,48.11723197532709,7.3,1.1,2.0,1.5,0.9,4.9,3.0,1.0,5.0,3.325313345369912,far,dense,0.0,0.0,122,2,3,2,3,0.098127849209999,18.99916380643845
57,83.0,-0.3483051666666667,-0.1175487733333333,-0.2482329366666666,315.71666666666664,-153.80333333333334,10.113088084573413,-10.949424465178794,0.5,14.666666666666666,25.61609113184546,7.599999999999999,1.0,4.0,0.0,0.5,7.099999999999999,0.0,1.0,5.0,3.45401726144978,far,non_dense,0.0,0.0,115,2,3,2,3,0.1013534779038623,10.463164746761322
62,95.0,-0.3525868666666666,-0.1136577033333333,-0.24102061,408.8433333333333,-115.93666666666668,12.332090383067898,-11.599238409965134,0.5,20.33333333333333,31.932571743298467,4.0,0.9,4.0,0.0,0.8000000000000002,3.2000000000000006,0.0,1.0,3.0,4.431258248479447,far,non_dense,-3.0,-3.0,118,2,3,1,3,0.1123007379007092,12.829723954200745
57,96.0,-0.3623564366666666,-0.3181546133333333,-0.2813263633333333,-40.370000000000005,-103.58333333333331,-10.502681895081029,-15.724526424560205,-0.5,-19.0,-3.275473575439797,3.8,0.9,4.0,0.8000000000000002,0.4000000000000001,2.6,2.0,1.0,5.0,5.090141940266748,far,non_dense,0.0,0.0,115,2,3,2,3,0.1189941667247579,-9.896984696388245
56,87.0,-0.2875573633333333,-0.1371875,-0.2702239066666667,116.83333333333331,-126.33,10.348564215233774,10.088186224528895,0.5,19.33333333333333,9.24514710880444,10.5,1.7,4.0,1.5,8.4,0.6,2.0,1.0,1.0,3.728729837204293,far,non_dense,0.0,0.0,122,2,3,2,3,0.12048160597637,10.797807574272156
62,90.0,-0.3580034666666667,-0.1521649633333333,-0.2536894333333333,291.49666666666667,-93.86,7.013303685366044,-19.43391627637624,0.5,3.333333333333333,22.76724960970957,5.400000000000001,0.8000000000000002,4.0,4.7,0.6999999999999998,0.0,5.0,1.0,0.0,2.6821095330521274,far,non_dense,-3.0,-3.0,118,2,3,1,3,0.1205117296557369,7.336529344320297
56,89.0,-0.31734675,-0.1678914366666666,-0.2579470166666666,243.1833333333333,-240.1966666666667,7.524891940364621,-12.243358268839597,0.5,7.0,19.2433582688396,10.5,1.8,4.0,0.6,2.9,7.0,1.0,1.0,3.0,3.409095643684088,far,non_dense,0.0,0.0,122,2,3,2,3,0.1236731090178416,7.946505397558212
42,73.0,-0.4131619933333333,-0.1367497466666666,-0.2233981166666666,69.25,-218.99,6.3015388630115785,3.1151292597799185,0.5,8.333333333333334,5.218204073553415,6.7,1.0,4.0,3.5,0.0,3.2000000000000006,2.0,0.0,5.0,2.1885522927233363,far,non_dense,0.0,0.0,118,2,3,2,3,0.1276394359402476,6.022193282842636
56,52.0,-0.23422536,-0.3516094999999999,-0.3389896733333333,-269.20666666666665,-119.34000000000002,-13.288300328185557,-5.69738742364439,-0.5,-27.0,-21.30261257635561,2.3,2.7999999999999994,3.0,1.9,0.4000000000000001,0.0,1.0,1.0,0.0,4.772047830780882,near,non_dense,0.0,0.0,122,2,3,2,3,0.1278222674891408,-13.898274302482603
42,19.0,-0.2963126566666667,-0.0319058666666666,-0.23569409,416.41666666666674,-89.00666666666666,15.80551894767197,0.621701858548235,0.5,32.0,31.378298141451765,1.9,1.6000000000000003,1.0,0.9,1.0,0.0,2.0,1.0,0.0,3.11646828362413,near,dense,0.0,0.0,118,2,3,2,3,0.134052150612652,15.387749671936035
56,31.0,-0.34449623,-0.0263992133333333,-0.2360323833333333,563.5033333333333,-77.68666666666667,18.7153235842831,-7.590623791455044,0.5,37.0,44.590623791455045,2.1,0.8000000000000002,2.0,0.5,0.0,1.6000000000000003,1.0,0.0,2.0,5.230409971363216,far,dense,0.0,0.0,122,2,3,2,3,0.1366406152410089,19.43001002073288
56,95.0,-0.3022916533333333,-0.1378351599999999,-0.24864766,380.5333333333333,-191.7033333333333,11.949707457002424,-10.112011239404133,0.5,20.0,30.11201123940413,1.3,1.8,4.0,0.0,0.9,0.4000000000000001,0.0,1.0,1.0,4.314527778812075,far,non_dense,0.0,0.0,122,2,3,2,3,0.1427888056562339,12.565773725509644
56,94.0,-0.33276705,-0.3274231566666666,-0.2614312766666666,-4.956666666666668,-65.26,-7.438248902438488,-14.941106978103884,-0.5,-15.333333333333334,-0.3922263552294495,5.400000000000001,1.8,4.0,0.0,1.6000000000000003,3.8,0.0,1.0,5.0,2.588749139329501,far,non_dense,0.0,0.0,122,2,3,2,3,0.1433615422517708,-7.80937597155571
62,93.0,-0.35038368,-0.2220322066666666,-0.2452248,-221.4933333333333,26.463333333333328,-6.346865794909696,11.299662684147115,-0.5,-6.0,-17.29966268414712,3.1,0.6,4.0,3.1,0.0,0.0,3.0,0.0,0.0,2.2877105936709854,far,non_dense,-3.0,-3.0,118,2,3,1,3,0.1437283947987443,-6.675674766302109
42,71.0,-0.3639240866666666,-0.26261877,-0.2356951366666666,-161.74333333333337,-155.57,-10.78285425549665,-2.478800661322151,-0.5,-14.666666666666666,-12.187866005344516,5.1,1.2,3.0,1.7,0.0,3.4,1.0,0.0,4.0,3.4800989950680807,near,non_dense,0.0,0.0,118,2,3,2,3,0.143840712745032,-10.282274335622787
57,77.0,-0.3704933833333333,-0.27848701,-0.26801739,-9.169999999999996,-40.74,-6.828182509954299,-8.922646535708457,-0.5,-9.666666666666666,-0.7440201309582098,2.7999999999999994,1.1,4.0,1.9,0.0,0.9,2.0,0.0,2.0,2.2176391195492977,far,non_dense,0.0,0.0,115,2,3,2,3,0.1442457584474322,-6.508297473192215
57,94.0,-0.35447386,-0.2821486666666666,-0.2560181066666666,-160.52666666666667,-145.57333333333335,-7.893944755216058,1.3578776687333598,-0.5,-11.666666666666666,-13.024544335400028,2.9,0.8000000000000002,4.0,0.0,0.0,2.9,0.0,0.0,4.0,2.6824573125805657,far,non_dense,0.0,0.0,115,2,3,2,3,0.1517628121035038,-8.301042020320892
62,61.0,-0.35744802,-0.12964622,-0.22253862,347.50333333333333,-54.94666666666668,10.16558068611927,-11.80829823548772,0.5,15.333333333333334,27.14163156882105,9.9,0.8000000000000002,3.0,0.6999999999999998,1.8,7.400000000000001,1.0,1.0,6.0,4.458469198574069,near,non_dense,-3.0,-3.0,118,2,3,1,3,0.1541335100376946,10.85278019309044
42,69.0,-0.37199286,-0.1005086333333333,-0.20092739,224.73,-346.6666666666667,12.535650932729746,6.065891675817203,0.5,23.0,16.934108324182798,4.8,1.3,3.0,2.5,0.0,2.3,2.0,0.0,3.0,4.788507440299828,near,non_dense,0.0,0.0,118,2,3,2,3,0.157349742944256,11.782180517911913
57,16.0,-0.3298329233333333,-0.0769899,-0.2418551266666666,521.9066666666666,-139.01000000000002,17.51658924274139,-13.67892400741144,0.5,28.666666666666668,42.3455906740781,2.6,1.0,1.0,0.0,1.0,1.6000000000000003,0.0,1.0,3.0,2.9325102028326806,near,dense,0.0,0.0,115,2,3,2,3,0.1592556645323453,17.049570381641388
62,40.0,-0.3555147033333333,-0.0847157299999999,-0.2412053966666666,520.7466666666668,-97.41666666666669,17.170749478267496,-8.006077481662858,0.5,32.666666666666664,40.67274414832952,1.1,0.8000000000000002,2.0,0.0,0.4000000000000001,0.6999999999999998,0.0,1.0,1.0,3.132949929686766,far,dense,-3.0,-3.0,118,2,3,1,3,0.161579628068421,17.67697036266327
42,75.0,-0.39399616,-0.2814739833333333,-0.2439073833333333,-222.79666666666665,-55.98333333333333,-9.107624089912695,4.788425611178659,-0.5,-12.0,-16.78842561117866,5.400000000000001,1.2,4.0,2.5,0.0,2.9,3.0,0.0,3.0,3.063926907627996,far,non_dense,0.0,0.0,118,2,3,2,3,0.1694700098935721,-8.588380366563797
42,86.0,-0.37109811,-0.11844663,-0.2133100833333333,75.71,-113.55666666666666,7.713780069838855,7.295014723339652,0.5,13.0,5.704985276660348,8.3,0.8000000000000002,4.0,0.5,0.0,7.8,1.0,0.0,6.0,2.857945854194527,far,non_dense,0.0,0.0,118,2,3,2,3,0.1700293932121704,8.199714869260788
56,49.0,-0.28724292,-0.1568297833333333,-0.2592299466666667,262.76,-151.98666666666665,10.872767764956729,-5.792480921336272,0.5,15.0,20.792480921336274,7.2,1.1,3.0,0.9,0.0,6.3,1.0,0.0,8.0,5.012929903888092,near,non_dense,0.0,0.0,122,2,3,2,3,0.175423254151466,9.993383288383484
56,96.0,-0.3044619666666666,-0.3370580866666666,-0.2630123666666666,-117.72333333333331,-119.82,-10.095999233182653,-6.684426235616367,-0.5,-16.0,-9.315573764383634,4.0,0.9,4.0,0.4000000000000001,1.2,2.4,1.0,2.0,4.0,4.629612631791422,far,non_dense,0.0,0.0,122,2,3,2,3,0.1766238240939105,-10.913699120283129
37,94.0,-0.4487592366666666,-0.2800925266666667,-0.20744272,-166.76,85.42,-7.290676817904468,1.674858484173647,-0.5,-10.666666666666666,-12.341525150840312,6.900000000000001,0.8000000000000002,4.0,2.3,0.0,4.6,1.0,0.0,5.0,2.669560203902149,far,non_dense,0.0,0.0,120,3,3,2,3,0.1786960925639747,-7.76771679520607
42,96.0,-0.37841337,-0.2980317766666667,-0.22420335,-377.89333333333326,-439.17,-10.413777123429943,10.599196699604311,-0.5,-13.333333333333334,-23.93253003293765,8.3,1.1,4.0,3.4,0.0,4.9,1.0,0.0,4.0,4.807361218860947,far,non_dense,0.0,0.0,118,2,3,2,3,0.1856061093545172,-9.521501511335371
62,82.0,-0.3531553133333333,-0.1425260466666666,-0.2297712633333333,53.176666666666655,-83.46,8.326014488945974,8.179987577250396,0.5,12.333333333333334,4.1533457560829365,10.3,0.6999999999999998,4.0,1.6000000000000003,0.0,8.7,1.0,0.0,6.0,2.798538955306053,far,non_dense,-3.0,-3.0,118,2,3,1,3,0.1907344659195759,7.792236655950546
42,62.0,-0.3863968766666667,-0.0683275533333333,-0.22160324,257.43333333333334,-217.7333333333333,12.328436970848315,2.601593232224781,0.5,22.0,19.398406767775217,5.599999999999999,0.9,3.0,0.0,0.0,5.599999999999999,0.0,0.0,6.0,4.568465827635822,near,non_dense,0.0,0.0,118,2,3,2,3,0.1910510482125761,11.455626785755156
56,61.0,-0.20591435,-0.1761586866666666,-0.3284859566666667,244.2633333333333,-76.74,10.29084006294748,0.0045135049144888,0.5,19.33333333333333,19.328819828418844,11.800000000000002,1.3,3.0,1.3999999999999997,4.4,6.0,1.0,1.0,2.0,4.659867819274788,near,non_dense,0.0,0.0,122,2,3,2,3,0.1931499933051566,11.19089350104332
42,33.0,-0.3908473966666666,-0.07661922,-0.23100027,177.9766666666667,-290.3766666666667,12.98424756895565,11.588901559603492,0.5,25.0,13.411098440396508,8.3,1.3,2.0,4.8,0.0,3.5,1.0,0.0,4.0,2.244615634469474,far,dense,0.0,0.0,118,2,3,2,3,0.1965803326514097,12.543000280857086
56,63.0,-0.1801039966666666,-0.33102079,-0.3453564733333333,-466.3333333333333,-180.85333333333327,-16.053182359129217,5.901457361533272,-0.5,-31.0,-36.90145736153327,3.0,1.7,3.0,0.4000000000000001,0.0,2.6,1.0,0.0,2.0,4.553974059744751,near,non_dense,0.0,0.0,122,2,3,2,3,0.2010688817827705,-16.968844830989838
42,14.0,-0.3387859766666666,-0.05686699,-0.2408078233333333,268.0133333333333,-115.69666666666669,12.087319154118005,0.8043571441642025,0.5,21.0,20.1956428558358,4.2,1.5,1.0,0.5,1.9,1.8,1.0,1.0,1.0,1.9440192225558213,near,dense,0.0,0.0,118,2,3,2,3,0.2017152486088924,11.695180833339691
42,92.0,-0.4098985033333333,-0.2398688333333333,-0.2306169433333333,-10.54333333333337,-238.8333333333333,-5.310202753939141,-6.872193526611337,-0.5,-7.666666666666667,-0.7944731400553303,9.1,1.0,4.0,3.8,0.0,5.3,2.0,0.0,6.0,1.959348091541849,far,non_dense,0.0,0.0,118,2,3,2,3,0.2084780503103742,-5.718683823943138
57,37.0,-0.3668924,-0.0757784733333333,-0.22901094,397.3333333333333,-94.6,15.70181361919789,-1.2381677972441416,0.5,31.0,32.23816779724414,4.8,1.0,2.0,0.0,0.6,4.2,0.0,1.0,4.0,2.740176095473675,far,dense,0.0,0.0,115,2,3,2,3,0.2092041588606977,15.12855738401413
62,60.0,-0.35593,-0.1105271333333333,-0.2196893333333333,234.5,-71.73333333333333,12.164280720958535,2.0177893014625483,0.5,20.33333333333333,18.315544031870783,6.599999999999999,0.6,3.0,1.2,0.4000000000000001,5.0,2.0,1.0,8.0,4.413044343263313,near,non_dense,-3.0,-3.0,118,2,3,1,3,0.2098394016812295,11.238250136375427
56,45.0,-0.1418137333333333,-0.3041978266666666,-0.3488648633333333,-506.50666666666666,-159.92999999999998,-17.326200036471274,9.413749695018128,-0.5,-30.666666666666668,-40.0804163616848,2.6,1.6000000000000003,2.0,1.9,0.0,0.6999999999999998,3.0,0.0,1.0,2.2499635190985714,far,dense,0.0,0.0,122,2,3,2,3,0.2121403564654328,-16.848891973495483
57,6.0,-0.3508019933333333,-0.1220909733333333,-0.2368444233333333,302.1166666666668,-28.863333333333333,10.910311798782343,-6.512637066302208,0.5,18.0,24.512637066302208,2.3,1.0,1.0,0.0,0.4000000000000001,1.9,0.0,1.0,3.0,1.5995330299487875,near,dense,0.0,0.0,115,2,3,2,3,0.2182382942401831,11.2593911588192
62,50.0,-0.3725611,-0.07151521,-0.2222931166666666,513.43,-45.696666666666665,15.595736753323605,-10.767945013291046,0.5,29.33333333333333,40.101278346624376,4.2,0.8000000000000002,3.0,0.9,0.0,3.2999999999999994,2.0,0.0,4.0,5.751390850502124,near,non_dense,-3.0,-3.0,118,2,3,1,3,0.2205927306400554,16.8644517660141
57,61.0,-0.3815881299999999,-0.1084718066666666,-0.2399421133333333,293.3833333333334,-99.85666666666668,10.696444052825576,-11.470713132056297,0.5,12.333333333333334,23.80404646538963,7.599999999999999,0.9,3.0,0.5,3.4,3.7000000000000006,1.0,1.0,3.0,4.935157654121064,near,non_dense,0.0,0.0,115,2,3,2,3,0.2220489211525234,9.600597620010376
56,51.0,-0.2949005266666666,-0.3832175866666666,-0.28283408,-308.87666666666667,-146.36666666666667,-15.619224923729885,-3.55825773058072,-0.5,-28.0,-24.44174226941928,1.8,1.3999999999999997,3.0,0.4000000000000001,0.4000000000000001,1.0,1.0,1.0,2.0,4.590096080054007,near,non_dense,0.0,0.0,122,2,3,2,3,0.222979493973651,-14.595727622509004
42,77.0,-0.4011677233333333,-0.2536720133333333,-0.2317397366666666,-113.31333333333336,-246.03333333333333,-6.197973191753494,-0.128152622075822,-0.5,-8.666666666666666,-8.538514044590846,3.5,1.3,4.0,0.0,0.0,3.5,0.0,0.0,5.0,2.1521285878103185,far,non_dense,0.0,0.0,118,2,3,2,3,0.2287760030954242,-6.6903285682201385
62,56.0,-0.3604657066666667,-0.1042064566666666,-0.24194794,201.87,-67.68,12.501735977945089,5.233011199514903,0.5,21.0,15.766988800485096,7.099999999999999,0.6999999999999998,3.0,2.2,0.6999999999999998,4.2,2.0,1.0,6.0,4.530555584829734,near,non_dense,-3.0,-3.0,118,2,3,1,3,0.2317982760300114,11.451561003923416
56,80.0,-0.3041540266666666,-0.3549552866666667,-0.2724111166666667,-240.59666666666664,-22.086666666666662,-11.456768721740024,3.705339224909052,-0.5,-15.333333333333334,-19.038672558242386,4.2,2.0,4.0,0.0,1.7,2.5,0.0,1.0,4.0,5.220650899574306,far,non_dense,0.0,0.0,122,2,3,2,3,0.2357159243476477,-10.226178169250488
42,57.0,-0.42194584,-0.1294868433333333,-0.2216167233333333,204.4033333333333,-354.94000000000005,8.216416009317422,-8.735763754241585,0.5,6.666666666666667,15.402430420908251,10.4,1.0,3.0,3.7000000000000006,1.6000000000000003,5.1,4.0,1.0,3.0,2.9751530660385868,near,non_dense,0.0,0.0,118,2,3,2,3,0.2417717713057641,7.497107982635498
56,38.0,-0.29020128,-0.0298027533333333,-0.3040856833333333,539.57,-96.41,20.070174150516085,-0.6967534279396167,0.5,42.0,42.69675342793962,4.2,1.3,2.0,1.7,0.0,2.5,3.0,0.0,4.0,3.997497855657617,far,dense,0.0,0.0,122,2,3,2,3,0.2436798262622004,19.09606456756592
56,28.0,-0.2390353533333333,-0.3932774566666666,-0.3014510566666666,-468.02,-217.29,-18.49633147782495,3.368258439147771,-0.5,-33.666666666666664,-37.03492510581444,2.1,2.5,2.0,0.9,0.5,0.6999999999999998,1.0,1.0,1.0,2.257199227170496,far,dense,0.0,0.0,122,2,3,2,3,0.2475625162739487,-17.93753355741501
57,2.0,-0.34679266,-0.1358024233333333,-0.2309248066666666,253.62,-84.67333333333333,10.236802547816334,-3.57779559581475,0.5,17.0,20.57779559581475,5.5,1.2,1.0,0.0,0.0,5.5,0.0,0.0,4.0,1.4949529114723912,near,dense,0.0,0.0,115,2,3,2,3,0.2481207211630562,10.607731342315674
42,83.0,-0.3839924733333333,-0.0846905133333333,-0.2071772233333333,303.9766666666667,-174.98000000000002,10.55625996294654,-2.905592494804163,0.5,20.0,22.905592494804164,6.2,1.1,4.0,1.5,0.0,4.7,2.0,0.0,8.0,3.3268846575253352,far,non_dense,0.0,0.0,118,2,3,2,3,0.2517294514240593,11.393734812736511
57,56.0,-0.33963709,-0.1212786933333333,-0.23880988,228.7733333333333,-156.90666666666667,11.541687428881673,-1.5618282907756722,0.5,17.0,18.561828290775672,8.6,1.1,3.0,0.0,1.7,6.900000000000001,0.0,1.0,5.0,3.949890459802342,near,non_dense,0.0,0.0,115,2,3,2,3,0.2517793859687156,10.547186434268951
57,69.0,-0.3452071766666666,-0.1093863933333333,-0.2347087233333333,227.5533333333333,-140.91333333333333,12.72577584356265,4.2038246964764925,0.5,22.666666666666668,18.462841970190173,6.7,1.1,3.0,1.8,0.0,4.9,1.0,0.0,4.0,4.794313952350351,near,non_dense,0.0,0.0,115,2,3,2,3,0.2529056593261051,11.51326671242714
62,86.0,-0.3681809,-0.1498775233333333,-0.2448745066666666,62.78333333333334,-64.99000000000001,7.968059416975372,10.09632875848918,0.5,15.0,4.903671241510821,9.3,0.6999999999999998,4.0,0.6,0.5,8.2,1.0,1.0,8.0,2.870253008528296,far,non_dense,-3.0,-3.0,118,2,3,1,3,0.2581415962801816,8.70899111032486
57,54.0,-0.3545621233333333,-0.16716048,-0.2204773566666666,237.10666666666668,-81.24,7.997708091212577,-7.57129769368208,0.5,11.666666666666666,19.237964360348744,9.3,1.2,3.0,0.4000000000000001,0.6,8.3,1.0,1.0,4.0,4.014688722852445,near,non_dense,0.0,0.0,115,2,3,2,3,0.2654564508164861,9.06343311071396
42,52.0,-0.3459208133333333,-0.2892350033333333,-0.22785194,-277.3533333333333,-252.06000000000003,-12.408567390980837,3.566107732567288,-0.5,-17.333333333333332,-20.89944106590062,5.8,0.9,3.0,2.7999999999999994,0.0,3.0,1.0,0.0,3.0,4.553304311830522,near,non_dense,0.0,0.0,118,2,3,2,3,0.2702194278475017,-11.17817610502243
57,9.0,-0.32686603,-0.0760208833333333,-0.2253277166666666,453.51666666666665,-94.55333333333331,16.669689151766097,-7.130010511639132,0.5,29.666666666666668,36.7966771783058,4.2,1.2,1.0,0.0,2.0,2.2,0.0,2.0,1.0,2.550206942114727,near,dense,0.0,0.0,115,2,3,2,3,0.2792812074424046,15.957464277744291
56,88.0,-0.2777664966666666,-0.1214054633333333,-0.2748050766666667,474.9866666666667,-271.61,13.37722093734736,-13.252871585816385,0.5,24.33333333333333,37.58620491914972,5.3,1.7,4.0,0.0,3.0,2.3,0.0,2.0,2.0,5.028865401561983,far,non_dense,0.0,0.0,122,2,3,2,3,0.2820712102049739,14.79571908712387
42,65.0,-0.3767403266666667,-0.27829995,-0.2220200666666666,-175.19000000000003,-261.03000000000003,-9.96431484412924,0.5344477253307733,-0.5,-12.666666666666666,-13.20111439199744,6.5,0.8000000000000002,3.0,3.6,0.0,2.9,1.0,0.0,3.0,3.8392653039676223,near,non_dense,0.0,0.0,118,2,3,2,3,0.286266688866899,-8.86526107788086
57,88.0,-0.3330683833333333,-0.1012662233333333,-0.2379076,328.97,-157.5,13.38937008817713,-6.024751270227809,0.5,20.666666666666668,26.69141793689448,3.1,0.9,4.0,0.6999999999999998,0.0,2.4,1.0,0.0,3.0,4.789916018345683,far,non_dense,0.0,0.0,115,2,3,2,3,0.2911939110686784,11.994575709104538
56,56.0,-0.2080078199999999,-0.1610617966666666,-0.35197554,224.31333333333336,-149.78666666666666,11.151144746464112,-2.750154908413292,0.5,15.0,17.750154908413293,7.3,2.0,3.0,1.3,2.4,3.6,2.0,1.0,4.0,4.091873810198475,near,non_dense,0.0,0.0,122,2,3,2,3,0.2949494187565432,9.94424894452095
57,57.0,-0.3825059433333333,-0.1536975666666666,-0.2322758,164.3066666666667,-163.08,7.575042384486593,-3.664572989891709,0.5,9.666666666666666,13.331239656558376,7.3,1.0,3.0,1.1,0.0,6.2,2.0,0.0,5.0,2.6671310437996034,near,non_dense,0.0,0.0,115,2,3,2,3,0.3002830940656522,8.37593674659729
62,49.0,-0.3668101233333333,-0.07775046,-0.24541827,498.58,-34.26333333333334,15.34956098502875,6.058575934285135,0.5,45.0,38.94142406571486,12.5,1.2,3.0,1.6000000000000003,1.1,9.8,3.0,1.0,8.0,6.965051657579193,near,non_dense,-3.0,-3.0,118,2,3,1,3,0.3010408016207805,17.446325719356537
57,66.0,-0.3686962633333333,-0.1238017233333333,-0.2325564799999999,79.61000000000001,-127.88666666666668,9.329345278660128,6.5407369001545135,0.5,13.0,6.459263099845487,8.1,1.1,3.0,0.9,0.9,6.3,1.0,1.0,7.0,3.3954887515291445,near,non_dense,0.0,0.0,115,2,3,2,3,0.3052367986827904,8.292917162179947
57,32.0,-0.3605151,-0.1094750466666666,-0.21682133,203.82333333333327,-100.25333333333332,11.57635002855458,1.462523101526111,0.5,18.0,16.537476898473887,6.2,1.2,2.0,0.0,1.1,5.1,0.0,2.0,4.0,1.992175281263006,far,dense,0.0,0.0,115,2,3,2,3,0.3087040232901975,10.96135750412941
42,49.0,-0.3576347333333333,-0.0865553333333333,-0.20400809,66.91333333333334,-332.7033333333333,11.978218772303498,14.291204400841815,0.5,19.33333333333333,5.042128932491517,8.6,0.9,3.0,3.0,0.0,5.599999999999999,1.0,0.0,6.0,4.976882301721328,near,non_dense,0.0,0.0,118,2,3,2,3,0.312172651215957,10.424572229385376
42,61.0,-0.3889237733333333,-0.1217461233333333,-0.2215697966666666,190.82,-92.32666666666668,9.57436029336697,-4.712217106841815,0.5,9.666666666666666,14.378883773508482,9.3,0.9,3.0,0.0,0.0,9.3,0.0,0.0,3.0,4.463240713031436,near,non_dense,0.0,0.0,118,2,3,2,3,0.3190592653803387,8.150321990251541
62,9.0,-0.3518228833333333,-0.0883387366666666,-0.22580735,595.9333333333333,481.1433333333334,15.643788539510656,-23.211840256117394,0.5,23.33333333333333,46.545173589450734,1.2,0.4000000000000001,1.0,0.0,0.6,0.6,0.0,1.0,1.0,2.434903808935284,near,dense,-3.0,-3.0,118,2,3,1,3,0.3193749301341141,16.42143577337265
37,73.0,-0.4392335033333333,-0.1500080499999999,-0.19468701,178.09333333333336,121.89333333333332,6.2440276613760615,-8.513612492186304,0.5,4.666666666666667,13.18027915885297,3.5,1.7,4.0,1.6000000000000003,0.0,1.9,1.0,0.0,2.0,2.218791114220925,far,non_dense,0.0,0.0,120,3,3,2,3,0.3202348580917894,6.954561918973923
62,39.0,-0.3779703766666666,-0.09953943,-0.2261757133333333,424.06,-97.15,13.93360453320036,-12.121064401514394,0.5,21.0,33.1210644015144,3.2000000000000006,0.6999999999999998,2.0,0.0,0.5,2.7000000000000006,0.0,1.0,4.0,2.4880889915801503,far,dense,-3.0,-3.0,118,2,3,1,3,0.3294714058967117,13.113850355148315
62,91.0,-0.3567200733333333,-0.2416538433333333,-0.2529410233333333,-130.14666666666668,-71.80666666666666,-8.156537279695117,0.4983951838004692,-0.5,-9.666666666666666,-10.165061850467136,4.3,0.5,4.0,0.9,0.4000000000000001,3.0,1.0,1.0,4.0,2.790162371012005,far,non_dense,-3.0,-3.0,118,2,3,1,3,0.3301162867701677,-7.235459238290787
37,82.0,-0.4622011666666667,-0.1085229133333333,-0.2411390933333333,154.61,29.670000000000005,8.474556733097765,-5.775664849113023,0.5,5.666666666666667,11.44233151577969,9.4,0.5,4.0,3.8,0.0,5.599999999999999,1.0,0.0,4.0,2.818748974604328,far,non_dense,0.0,0.0,120,3,3,2,3,0.3419215757959912,7.510765641927719
57,79.0,-0.3550965666666666,-0.3001770866666666,-0.2490901833333333,-150.14666666666665,-169.21333333333334,-8.569315479369232,-1.4843174195268602,-0.5,-13.666666666666666,-12.182349247139806,2.2,1.1,4.0,1.6000000000000003,0.0,0.6,1.0,0.0,1.0,2.9484421590287497,far,non_dense,0.0,0.0,115,2,3,2,3,0.3473788480738754,-9.593541920185087
62,26.0,-0.3623984866666667,-0.1101364599999999,-0.2240336133333333,428.52333333333337,-96.54666666666668,13.557793835562274,-14.136338224665428,0.5,19.33333333333333,33.46967155799876,3.7000000000000006,0.5,2.0,0.0,0.0,3.7000000000000006,0.0,0.0,4.0,2.2754898050310417,far,dense,-3.0,-3.0,118,2,3,1,3,0.3477165536404677,12.76656836271286
62,84.0,-0.3507856033333333,-0.0958702133333333,-0.2265256433333333,186.45666666666668,-79.80666666666666,13.038268024567644,17.43686444192244,0.5,32.0,14.563135558077557,2.7999999999999994,0.8000000000000002,4.0,0.6999999999999998,0.0,2.1,1.0,0.0,3.0,4.183126367504982,far,non_dense,-3.0,-3.0,118,2,3,1,3,0.3557402963182609,14.526374638080595
42,30.0,-0.35206332,-0.0593627266666666,-0.2221604366666666,194.96,-192.03666666666663,15.502401321477214,17.30915427898955,0.5,32.0,14.690845721010447,6.0,1.7,2.0,2.0,1.3,2.7000000000000006,1.0,1.0,3.0,2.719963404564816,far,dense,0.0,0.0,118,2,3,2,3,0.3654331155976715,14.508436620235443
57,86.0,-0.3597534,-0.1335118733333333,-0.2308635799999999,239.21333333333337,-178.38666666666666,9.196454211888506,-3.075558225403487,0.5,16.333333333333332,19.408891558736823,12.0,1.1,4.0,4.0,0.0,8.0,1.0,0.0,4.0,3.0878454514103435,far,non_dense,0.0,0.0,115,2,3,2,3,0.3724856884936313,10.346632450819016
62,15.0,-0.3607421333333333,-0.0969109666666666,-0.2372415133333333,217.32333333333327,-52.69666666666666,13.690047020263364,16.35936710382545,0.5,33.333333333333336,16.973966229507884,1.0,0.5,1.0,0.6,0.0,0.4000000000000001,1.0,0.0,1.0,2.2250263127585974,near,dense,-3.0,-3.0,118,2,3,1,3,0.3745116212641084,14.523345232009888
42,66.0,-0.41285442,-0.09990805,-0.2267380566666666,128.8733333333333,-293.61333333333334,9.679763605815989,1.2889912928172282,0.5,11.0,9.711008707182772,6.7,0.9,3.0,3.2999999999999994,0.0,3.4,2.0,0.0,4.0,3.522853800022689,near,non_dense,0.0,0.0,118,2,3,2,3,0.3778835796505354,8.348535001277924
37,79.0,-0.4215257533333333,-0.3088443066666666,-0.2094815866666667,-192.07333333333327,-13.436666666666689,-8.908485974659575,-0.7850931030278913,-0.5,-15.0,-14.21490689697211,4.5,0.6999999999999998,4.0,3.0,0.0,1.5,2.0,0.0,2.0,3.1270678120914392,far,non_dense,0.0,0.0,120,3,3,2,3,0.3852220515562761,-10.113101452589037
56,90.0,-0.3422255433333332,-0.1534741733333333,-0.26508552,278.5166666666667,-205.81333333333336,7.974231200817093,-11.039322872358204,0.5,11.0,22.0393228723582,4.6,1.9,4.0,2.7000000000000006,1.2,0.6999999999999998,4.0,1.0,1.0,2.9889195725663176,far,non_dense,0.0,0.0,122,2,3,2,3,0.3894370608091624,9.138227254152298
57,12.0,-0.3521378766666667,-0.07903037,-0.2317054533333333,445.94,-66.35666666666667,15.425249354330182,-11.848600930516625,0.5,24.33333333333333,36.18193426384996,2.9,1.2,1.0,0.0,1.2,1.7,0.0,1.0,2.0,2.307779417438553,near,dense,0.0,0.0,115,2,3,2,3,0.3917737409123459,14.521121978759766
42,21.0,-0.2873039933333333,-0.3447989633333333,-0.2385657366666667,-438.4633333333333,-87.86666666666666,-16.402960150151475,-0.2937499094516234,-0.5,-33.333333333333336,-33.03958342388171,1.6000000000000003,1.2,1.0,0.5,1.1,0.0,1.0,1.0,0.0,2.6192789807512056,near,dense,0.0,0.0,118,2,3,2,3,0.3924116470839053,-17.43079572916031
57,62.0,-0.3464205733333333,-0.0835294366666666,-0.2270213033333333,360.8366666666666,-101.52333333333333,15.128338107129812,-5.943628933608572,0.5,23.33333333333333,29.276962266941904,0.8000000000000002,0.9,3.0,0.0,0.0,0.8000000000000002,0.0,0.0,1.0,5.464013374857649,near,non_dense,0.0,0.0,115,2,3,2,3,0.3960745255651947,12.96418160200119
62,55.0,-0.3674993533333333,-0.2682808833333333,-0.23314292,-181.72666666666663,-58.64333333333332,-9.197095252452574,3.527033824158228,-0.5,-10.666666666666666,-14.193700490824895,7.599999999999999,0.6999999999999998,3.0,5.3,0.0,2.3,3.0,0.0,1.0,3.533728027077684,near,non_dense,-3.0,-3.0,118,2,3,1,3,0.3963133235712128,-7.796631753444672
57,58.0,-0.3567933233333333,-0.1144351233333333,-0.2348937866666666,220.7166666666667,-152.70000000000002,12.669199595399098,-3.241473272045757,0.5,14.666666666666666,17.908139938712424,9.7,0.8000000000000002,3.0,1.0,3.2999999999999994,5.400000000000001,2.0,1.0,1.0,7.239406830627357,near,non_dense,0.0,0.0,115,2,3,2,3,0.3970445226510289,9.79483276605606
57,87.0,-0.35926795,-0.11921564,-0.2308552766666666,410.1033333333333,-205.61,10.195991034091929,-17.274278710257914,0.5,16.0,33.27427871025791,8.4,1.0,4.0,0.0,2.7000000000000006,5.7,0.0,2.0,3.0,3.7236705537334096,far,non_dense,0.0,0.0,115,2,3,2,3,0.3996214515658502,11.684049665927889
62,13.0,-0.3656192199999999,-0.1153119166666666,-0.2267772866666666,-3.466666666666697,-180.94,11.388659844261774,20.082921053983444,0.5,21.0,0.9170789460165546,3.9,0.6,1.0,1.6000000000000003,0.0,2.3,2.0,0.0,3.0,1.81769450401355,near,dense,-3.0,-3.0,118,2,3,1,3,0.4001255033373627,10.661353915929794
57,65.0,-0.3844507733333333,-0.2683741633333333,-0.2697376733333333,-46.05333333333332,862.4499999999999,-8.391168272084984,-4.930068291778035,-0.5,-8.666666666666666,-3.736598374888632,2.7999999999999994,0.6999999999999998,3.0,0.0,0.4000000000000001,2.4,0.0,1.0,4.0,3.566197359032673,near,non_dense,0.0,0.0,115,2,3,2,3,0.4086478734777051,-6.9338493049144745
56,83.0,-0.3515567,-0.1312155333333333,-0.2840082433333333,147.38333333333335,-71.79666666666667,9.319608960853529,-4.662601409865575,0.5,7.0,11.662601409865577,6.2,1.1,4.0,1.2,0.0,5.0,1.0,0.0,5.0,3.2972395924553712,far,non_dense,0.0,0.0,122,2,3,2,3,0.409728069723353,7.9686373472213745
56,78.0,-0.3237403233333333,-0.1631034633333333,-0.25519065,318.33666666666664,-162.41333333333333,8.936453835142752,-11.523655559807878,0.5,13.666666666666666,25.190322226474542,3.0,1.6000000000000003,4.0,0.0,0.4000000000000001,2.6,0.0,1.0,5.0,2.864289010697638,far,non_dense,0.0,0.0,122,2,3,2,3,0.4104579170890356,10.11212393641472
57,5.0,-0.3196832133333333,-0.08102677,-0.2427243533333333,515.29,-82.21,16.370211721288893,-11.808738634837084,0.5,30.0,41.80873863483709,3.8,1.1,1.0,0.0,1.3,2.5,0.0,1.0,4.0,2.526091803771872,near,dense,0.0,0.0,115,2,3,2,3,0.4167754516034614,17.423024773597717
56,23.0,-0.223743895,-0.3788723383333334,-0.350611245,-251.00333333333333,-51.215,-14.8116772246632,-14.008691385719764,-0.5,-33.833333333333336,-19.82464194761357,1.2,0.6999999999999998,1.0,0.4000000000000001,0.0,0.8000000000000002,1.0,0.0,1.0,2.255463844110232,near,dense,0.0,0.0,122,2,3,2,3,0.4221642781709318,-15.76385349035263
57,50.0,-0.3369281099999999,-0.0638925266666666,-0.2344908799999999,346.0866666666668,-32.06333333333333,15.419434083787015,-3.4135347571309005,0.5,24.666666666666668,28.080201423797565,6.0,0.8000000000000002,3.0,0.4000000000000001,2.7000000000000006,2.9,1.0,1.0,2.0,5.41769042040091,near,non_dense,0.0,0.0,115,2,3,2,3,0.4246562162298017,13.11877816915512
42,12.0,-0.3347143166666666,-0.0518388233333333,-0.2365752133333333,389.0033333333333,-101.94333333333331,14.190046975394855,-4.645951075222958,0.5,24.666666666666668,29.312617741889625,1.5,1.1,1.0,0.9,0.6,0.0,1.0,1.0,0.0,2.212163912479545,near,dense,0.0,0.0,118,2,3,2,3,0.4294418241362526,13.24005126953125
42,72.0,-0.34702135,-0.3036840166666666,-0.2245893233333333,-206.60666666666663,-236.3933333333333,-13.072561114216848,-1.7648748550186404,-0.5,-17.333333333333332,-15.568458478314694,4.0,0.8000000000000002,3.0,0.0,1.6000000000000003,2.4,0.0,1.0,2.0,4.255030919040602,near,non_dense,0.0,0.0,118,2,3,2,3,0.4306005971921167,-11.240342259407043
42,35.0,-0.3335809999999999,-0.0422239833333333,-0.2216516566666666,203.47666666666663,-280.0833333333333,19.656948089628617,29.667396810497184,0.5,45.0,15.332603189502818,6.3,2.4,2.0,2.0,1.9,2.4,1.0,2.0,3.0,3.3162518653331854,far,dense,0.0,0.0,118,2,3,2,3,0.4364237323880923,18.20965707302093
57,90.0,-0.42641601,-0.17110301,-0.2337374,264.2366666666667,-178.67999999999998,6.392095490732733,-17.105859615117513,0.5,4.333333333333333,21.43919294845084,6.8,1.0,4.0,1.9,1.1,3.8,4.0,1.0,4.0,2.413427772964941,far,non_dense,0.0,0.0,115,2,3,2,3,0.4404339199442413,7.455050945281982
42,6.0,-0.3320919,-0.0734792233333333,-0.2328291333333333,274.48,-21.173333333333336,11.583400034124375,-2.3495930797921702,0.5,18.33333333333333,20.682926413125504,5.2,1.2,1.0,1.7,0.9,2.6,2.0,1.0,3.0,1.6843013509041689,near,dense,0.0,0.0,118,2,3,2,3,0.4404838066774716,10.8414925634861
37,86.0,-0.4487188666666666,-0.1280949166666666,-0.23327949,155.79,15.386666666666663,8.70834367955681,-6.196327276221791,0.5,5.333333333333333,11.529660609555124,13.6,0.5,4.0,6.5,0.0,7.099999999999999,1.0,0.0,4.0,3.048057897924388,far,non_dense,0.0,0.0,120,3,3,2,3,0.4456839045979045,7.349873334169388
42,81.0,-0.3521492799999999,-0.3285614666666667,-0.2314238633333333,-259.65333333333336,-164.46666666666667,-13.423751528681898,1.5656907106385962,-0.5,-18.0,-19.565690710638595,4.4,0.9,4.0,0.6999999999999998,0.0,3.7000000000000006,1.0,0.0,2.0,4.297908498153169,far,non_dense,0.0,0.0,118,2,3,2,3,0.4525932840757979,-11.478547006845474
57,46.0,-0.3101805766666666,-0.2856230766666667,-0.3042522566666666,-106.69666666666669,2.2800000000000105,-11.742701536249148,-6.343024219614196,-0.5,-15.0,-8.656975780385805,3.2000000000000006,0.6,2.0,1.7,0.0,1.5,3.0,0.0,2.0,2.401538484290948,far,dense,0.0,0.0,115,2,3,2,3,0.4666741203749429,-10.621965676546097
56,54.0,-0.2548732966666666,-0.1994609833333333,-0.31976675,228.91666666666663,-98.61333333333334,9.086616883738222,-15.114421617607556,0.5,3.0,18.11442161760756,9.2,3.2999999999999994,3.0,3.4,2.7999999999999994,3.0,2.0,3.0,2.0,4.782661384268852,near,non_dense,0.0,0.0,122,2,3,2,3,0.4690393465169902,6.843360513448715
57,84.0,-0.3142393033333333,-0.0879344933333333,-0.2344773666666666,293.4633333333333,-100.25666666666666,14.534327076829952,-0.14387070499086,0.5,23.666666666666668,23.810537371657528,5.1,1.2,4.0,0.0,0.6999999999999998,4.4,0.0,1.0,3.0,4.594668063954559,far,non_dense,0.0,0.0,115,2,3,2,3,0.469311450596642,12.377996742725372
57,11.0,-0.3170717133333333,-0.0120380333333333,-0.22955428,693.4233333333333,-122.89333333333332,25.372197959552693,-10.427870033954902,0.5,43.66666666666666,54.09453670062157,0.9,0.9,1.0,0.0,0.0,0.9,0.0,0.0,2.0,4.247251688004224,near,dense,0.0,0.0,115,2,3,2,3,0.4746946625114295,23.35605025291443
56,47.0,-0.25512318,-0.3403409733333333,-0.2984664833333333,-273.9266666666667,1067.8266666666666,-12.26368001506802,-0.3238887558535991,-0.5,-22.0,-21.6761112441464,2.5,1.3999999999999997,2.0,1.5,1.0,0.0,3.0,1.0,0.0,1.590682804687069,far,dense,0.0,0.0,122,2,3,2,3,0.4752251135366213,-13.019612431526184
42,79.0,-0.37472243,-0.2725337833333333,-0.2337848366666667,-78.55333333333336,-235.5,-8.256230465598454,-6.74742733105368,-0.5,-12.666666666666666,-5.919239335612986,7.3,1.2,4.0,4.2,0.0,3.1,1.0,0.0,5.0,2.852993121486087,far,non_dense,0.0,0.0,118,2,3,2,3,0.4819819239182705,-9.63132157921791
56,62.0,-0.2023538266666666,-0.0979489366666666,-0.3549450166666667,361.57,-103.15833333333336,17.68326225052606,3.5552443545660584,0.5,32.166666666666664,28.61142231210061,5.900000000000001,0.5,3.0,0.8000000000000002,2.3,2.7999999999999994,1.0,1.0,2.0,6.361686915476384,near,non_dense,0.0,0.0,122,2,3,2,3,0.4870088610349934,14.585064351558684
57,10.0,-0.3180411366666666,-0.0521144,-0.24657615,579.68,-129.53,19.97303891104159,-17.033106817214303,0.5,30.0,47.0331068172143,1.6000000000000003,1.0,1.0,0.0,0.6,1.0,0.0,1.0,2.0,3.206051328881917,near,dense,0.0,0.0,115,2,3,2,3,0.4936716192674702,18.39030236005783
42,17.0,-0.3202554466666666,-0.05205382,-0.24021461,294.1366666666667,-81.47333333333331,13.151662539225956,3.83588227896862,0.5,26.0,22.16411772103137,3.9,1.9,1.0,2.3,0.4000000000000001,1.2,3.0,1.0,2.0,1.6966814278462667,near,dense,0.0,0.0,118,2,3,2,3,0.4982948810118003,12.30621486902237
57,4.0,-0.3319726,-0.1086820133333333,-0.2284390266666666,360.1666666666667,-44.49666666666667,13.302969246046947,-9.8892675936149,0.5,19.33333333333333,29.222600926948235,4.6,0.9,1.0,0.0,0.4000000000000001,4.2,0.0,1.0,6.0,1.977287934792618,near,dense,0.0,0.0,115,2,3,2,3,0.5051549633848235,12.30413243174553
42,13.0,-0.3365324933333333,-0.09334421,-0.21773351,202.85,-131.67333333333332,10.877494713701452,-1.6187152296555034,0.5,13.666666666666666,15.28538189632217,6.099999999999999,1.3999999999999997,1.0,2.3,0.6999999999999998,3.1,2.0,1.0,4.0,1.682440638742009,near,dense,0.0,0.0,118,2,3,2,3,0.5063877832181295,10.025527328252792
57,85.0,-0.3712391566666667,-0.1524884,-0.2249570399999999,259.6666666666667,-117.40666666666664,7.646002931834526,-10.06839992789697,0.5,11.0,21.06839992789697,8.7,1.0,4.0,0.0,0.4000000000000001,8.3,0.0,1.0,7.0,2.646447653889878,far,non_dense,0.0,0.0,115,2,3,2,3,0.5107470733757993,8.997668325901031
42,76.0,-0.40365077,-0.2627105333333333,-0.2271822033333333,-66.2133333333333,-227.5666666666667,-6.16040193945526,-4.010618256699641,-0.5,-9.0,-4.989381743300359,13.0,1.8,4.0,2.0,0.0,11.0,1.0,0.0,8.0,1.955938289053886,far,non_dense,0.0,0.0,118,2,3,2,3,0.5142698794427542,-7.166282087564468
62,54.0,-0.3734673966666667,-0.1391217466666666,-0.2416118166666666,172.40333333333334,-80.53333333333333,8.2918231554754,3.534495339411673,0.5,17.0,13.465504660588328,8.9,1.1,3.0,3.6,1.5,3.8,2.0,1.0,3.0,4.554808136247286,near,non_dense,-3.0,-3.0,118,2,3,1,3,0.5146682599090923,10.636038333177568
57,30.0,-0.34755556,-0.0889048433333333,-0.2063451466666666,402.3933333333334,-204.90666666666667,14.131069935154954,-12.648717618688917,0.5,20.0,32.64871761868891,5.900000000000001,1.3,2.0,0.0,0.8000000000000002,5.1,0.0,1.0,7.0,2.46538671006596,far,dense,0.0,0.0,115,2,3,2,3,0.5177577040866291,12.854596972465515
57,60.0,-0.3309732066666667,-0.0792788566666666,-0.2490955833333333,320.63,124.44,14.322238162641954,-6.681407625132409,0.5,19.33333333333333,26.01474095846574,6.3,1.0,3.0,0.0,1.6000000000000003,4.7,0.0,1.0,6.0,4.963192008391245,near,non_dense,0.0,0.0,115,2,3,2,3,0.5232397009639411,11.725299060344696
62,76.0,-0.3535293633333333,-0.2580531233333333,-0.23306613,-93.52333333333333,-84.40666666666665,-5.971702272947247,-1.6953913446737954,-0.5,-9.0,-7.304608655326205,8.4,0.6,4.0,2.2,1.8,4.4,1.0,1.0,3.0,1.945066982215704,far,non_dense,-3.0,-3.0,118,2,3,1,3,0.5242687239725009,-6.991440057754517
37,55.0,-0.4307004966666667,-0.279316495,-0.1929610149999999,-157.57000000000002,-10.076666666666668,-7.547598117091732,-1.3386056727158284,-0.5,-13.0,-11.661394327284173,8.2,1.3999999999999997,3.0,3.9,0.0,4.3,2.0,0.0,2.0,3.166653373776989,near,non_dense,0.0,0.0,120,3,3,2,3,0.5303018383298136,-9.226880222558975
57,68.0,-0.3790094366666667,-0.3188162333333333,-0.2725123833333333,-423.3333333333333,-134.52,-13.064969264542531,18.681045667645467,-0.5,-15.666666666666666,-34.347712334312135,2.2,0.9,3.0,0.5,0.0,1.7,1.0,0.0,2.0,4.134552508648263,near,non_dense,0.0,0.0,115,2,3,2,3,0.5356060410950109,-10.85047796368599
37,74.0,-0.4464393666666666,-0.1269009266666666,-0.19653293,177.15333333333334,61.47333333333333,8.875776659527823,-7.110711914658981,0.5,6.0,13.11071191465898,8.1,2.4,4.0,1.9,1.6000000000000003,4.6,2.0,1.0,6.0,2.841709441991842,far,non_dense,0.0,0.0,120,3,3,2,3,0.5357493620882489,7.3533326387405396
56,9.0,-0.3100233966666666,-0.1042804099999999,-0.25306435,49.936666666666646,-47.16333333333333,15.50244778409798,24.38179128377558,0.5,28.33333333333333,3.951542049557754,5.5,0.9,1.0,0.6,0.8000000000000002,4.1,1.0,1.0,6.0,2.4161005905945574,near,dense,0.0,0.0,122,2,3,2,3,0.5413951149401194,14.194382727146149
37,49.0,-0.4287609966666667,-0.0774507733333333,-0.2477405,319.44,-18.13666666666668,11.966584161916863,-13.974355126235888,0.5,9.666666666666666,23.64102179290256,6.2,0.4000000000000001,3.0,1.7,0.0,4.5,2.0,0.0,5.0,5.470966812186024,near,non_dense,0.0,0.0,120,3,3,2,3,0.5468815687111537,8.97461324930191
11,2.0,-0.3746911099999999,-0.0699048999999999,-0.27695028,369.6433333333334,-150.10333333333332,14.125523700140144,1.0753905735424805,0.5,28.666666666666668,27.59127609312419,0.4000000000000001,4.0,1.0,0.4000000000000001,0.0,0.0,1.0,0.0,0.0,2.2727652647814263,near,dense,-1.0,-1.25,113,2,4,1,6,0.0011096779954862,14.128045737743378
32,58.0,-0.2905243233333333,-0.1776272566666666,-0.22896555,332.57,-286.50333333333333,12.167394110145976,-6.200511163138702,0.5,21.0,27.200511163138703,5.2,1.8,3.0,0.5,0.6999999999999998,4.0,1.0,1.0,4.0,6.613027115703694,near,non_dense,-0.5,-0.5,114,2,5,1,6,0.0056111701762743,12.130287289619446
25,54.0,-0.3877248766666666,-0.1539624033333333,-0.2270227066666666,236.43,-223.0566666666667,8.884782897896898,-8.061957566045011,0.5,11.0,19.061957566045013,9.0,1.2,3.0,3.2999999999999994,1.0,4.7,3.0,1.0,6.0,4.472022502410434,near,non_dense,0.0,0.0,117,2,5,1,6,0.0062416197300547,8.856870234012604
14,87.0,-0.32823185,-0.1654780833333333,-0.1945362233333333,184.0433333333333,121.36,10.004350637901704,-1.4857849146293962,0.5,12.333333333333334,13.819118247962727,5.900000000000001,2.1,4.0,3.2999999999999994,0.0,2.6,1.0,0.0,3.0,3.740203664812484,far,non_dense,0.0,0.0,118,2,4,1,6,0.0066936290226287,9.979315102100372
30,46.0,-0.36224121,-0.3198188266666666,-0.24120553,-223.36,-187.51666666666665,-9.535202828279628,3.9086795022898713,-0.5,-14.0,-17.90867950228987,3.8,0.4000000000000001,2.0,2.7000000000000006,0.0,1.1,2.0,0.0,2.0,2.0811640037943544,far,dense,0.0,0.0,120,1,4,1,6,0.0080555860350959,-9.518437832593918
72,65.0,-0.3557452266666667,-0.2992671733333333,-0.2252661566666666,-173.95666666666668,-129.26000000000002,-10.217519317805047,-1.7026627962930778,-0.5,-15.0,-13.297337203706922,6.8,3.6,3.0,5.400000000000001,0.0,1.3999999999999997,1.0,0.0,2.0,4.182568752232043,near,non_dense,0.0,0.0,116,1,4,1,6,0.012466841104166,-10.269662737846376
30,5.0,-0.3614608533333333,-0.1018194,-0.2512564,456.6466666666667,-168.41333333333333,15.722268973259096,8.386735319115651,0.5,45.0,36.61326468088435,2.6,0.9,1.0,0.0,0.0,2.6,0.0,0.0,4.0,2.420289055114646,near,dense,0.0,0.0,120,1,4,1,6,0.0125929923912811,15.752747654914856
39,59.0,-0.3114191973333333,-0.182664106,-0.283049794,207.8846666666667,-127.59466666666668,10.364427370170272,-1.0658403868061057,0.5,15.733333333333333,16.79917372013944,7.1,0.7,3.0,0.0,1.5,5.6,0.0,1.0,5.0,3.670223323701377,near,non_dense,0.0,0.0,114,2,5,1,6,0.0126849202940278,10.410983860492706
32,36.0,-0.2690727699999999,-0.1275415866666666,-0.2332526333333333,490.5466666666666,-190.98,17.37240359156048,-8.121237882873222,0.5,32.0,40.12123788287322,1.0,1.3999999999999997,2.0,0.0,0.5,0.5,0.0,1.0,1.0,4.10387208787918,far,dense,-0.5,-0.5,114,2,5,1,6,0.0127136938073326,17.424578964710236
11,86.0,-0.3358692533333333,-0.09900563,-0.335793255,183.19833333333327,-109.16166666666668,13.013505015211656,13.992199040756477,0.5,27.666666666666668,13.67446762591019,8.1,6.2,4.0,4.5,2.6,1.0,4.0,3.0,2.0,4.352137904653833,far,non_dense,-1.0,-1.25,113,2,4,1,6,0.0168350455653004,13.086773455142977
14,81.0,-0.273788105,-0.3178461833333333,-0.1948443133333333,-299.74,181.90833333333333,-14.760913230317849,-9.660323032136672,-0.5,-32.166666666666664,-22.50634363453,2.7000000000000006,0.5,4.0,0.0,0.4000000000000001,2.3,0.0,1.0,3.0,4.831606002759902,far,non_dense,0.0,0.0,118,2,4,1,6,0.0176456271913173,-14.84616994857788
32,43.0,-0.2272834833333333,-0.3547449566666666,-0.2912298333333333,-574.4533333333334,-131.38333333333333,-21.14363036319339,5.650849118730872,-0.5,-41.0,-46.65084911873087,0.5,2.3,2.0,0.5,0.0,0.0,1.0,0.0,0.0,2.8810708808701087,far,dense,-0.5,-0.5,114,2,5,1,6,0.0191047453210583,-21.08858823776245
14,33.0,-0.2618277733333333,-0.1759749833333333,-0.1989354533333333,289.04,78.57666666666667,12.183824197430887,3.963745587983308,0.5,25.666666666666668,21.70292107868336,5.2,1.0,2.0,0.0,0.0,5.2,0.0,0.0,6.0,2.123216861773732,far,dense,0.0,0.0,118,2,4,1,6,0.0192211035191867,12.143013626337051
24,82.0,-0.1851314833333333,-0.05335823,-0.3047381466666667,144.72666666666666,-112.7,8.602568053207323,-0.3266469462845852,0.5,10.333333333333334,10.65998027961792,9.5,4.7,4.0,3.9,1.8,3.8,1.0,1.0,3.0,3.0917028753748377,far,non_dense,0.0,0.0,117,3,4,2,6,0.0206415353247739,8.538750559091568
23,77.0,-0.3991939733333333,-0.2770447133333333,-0.24107327,-111.88333333333334,-174.13333333333333,-9.387574293792914,-3.4624292272805586,-0.5,-12.333333333333334,-8.870904106052775,7.0,2.5,4.0,7.0,0.0,0.0,5.0,0.0,0.0,3.00530652354632,far,non_dense,99.0,99.0,112,2,4,1,6,0.0241361624408823,-9.315037727355955
14,7.0,-0.2713268,-0.1694860233333333,-0.1959769966666666,266.16,94.26333333333332,11.75094449348154,4.348384972198674,0.5,24.33333333333333,19.98494836113466,7.099999999999999,1.3999999999999997,1.0,2.0,0.0,5.1,1.0,0.0,5.0,1.4038543611271244,near,dense,0.0,0.0,118,2,4,1,6,0.0304575231133874,11.70818656682968
32,35.0,-0.2573562166666667,-0.1075476366666666,-0.2357769733333333,612.76,-231.88333333333333,21.684012876784788,-5.11692341559633,0.5,45.0,50.116923415596325,5.1,1.1,2.0,1.8,0.0,3.2999999999999994,2.0,0.0,4.0,3.778430171083985,far,dense,-0.5,-0.5,114,2,5,1,6,0.0346253971717561,21.81484252214432
25,70.0,-0.4087128533333333,-0.09850753,-0.2586488033333333,373.1666666666667,-166.85333333333335,11.200034403235412,-15.086229180148306,0.5,15.0,30.086229180148305,5.1,1.1,3.0,1.5,0.0,3.6,2.0,0.0,5.0,4.359735085553439,near,non_dense,0.0,0.0,117,2,5,1,6,0.0402768872503306,11.024437844753264
30,36.0,-0.3710803,-0.1157772033333333,-0.21199221,438.9166666666667,-204.72333333333333,15.513255140988996,-4.525032435888527,0.5,30.666666666666668,35.19169910255519,0.8000000000000002,1.1,2.0,0.0,0.0,0.8000000000000002,0.0,0.0,1.0,3.602054566316036,far,dense,0.0,0.0,120,1,4,1,6,0.0468367157121741,15.344546735286713
11,96.0,-0.3097098966666666,-0.44071758,-0.31648298,-228.05,-112.97666666666667,-15.170779806202182,-15.644337449212989,-0.5,-32.666666666666664,-17.022329217453677,5.1,10.5,4.0,0.0,4.1,1.0,0.0,3.0,1.0,7.0253222282903005,far,non_dense,-1.0,-1.25,113,2,4,1,6,0.0472259266531485,-15.502557158470154
24,73.0,-0.449617105,-0.0846026449999999,-0.2104142583333333,243.22,143.44833333333335,9.897171927518196,-3.414600421083448,0.5,14.5,17.91460042108345,10.1,3.5,4.0,3.4,2.6,4.1,3.0,1.0,5.0,3.5155949252938186,far,non_dense,0.0,0.0,117,3,4,2,6,0.0474413156223929,9.730387479066849
32,41.0,-0.2748527933333333,-0.1370549466666666,-0.23690984,417.10666666666674,-240.75,15.717900122290729,-2.114666214289448,0.5,32.0,34.11466621428945,1.6000000000000003,1.3999999999999997,2.0,0.4000000000000001,0.8000000000000002,0.4000000000000001,1.0,1.0,1.0,3.77096960569906,far,dense,-0.5,-0.5,114,2,5,1,6,0.0511390227708386,15.525056421756744
32,63.0,-0.2441667433333333,-0.3361456,-0.2858796333333333,-381.3233333333333,-217.8733333333333,-17.096948921565854,-3.812010749320162,-0.5,-35.0,-31.18798925067984,0.6999999999999998,3.5,3.0,0.0,0.0,0.6999999999999998,0.0,0.0,1.0,4.891452461522895,near,non_dense,-0.5,-0.5,114,2,5,1,6,0.0544273743311369,-16.830720007419586
11,37.0,-0.334576075,-0.0830030016666666,-0.3321495816666667,455.99500000000006,-117.37333333333332,16.070702474903985,-0.7034875897659477,0.5,33.333333333333336,34.03682092309928,7.2,0.5,2.0,0.0,0.0,7.2,0.0,0.0,8.0,2.953935425076633,far,dense,-1.0,-1.25,113,2,4,1,6,0.056107007876598,15.904965996742249
30,1.0,-0.35143228,-0.3861501599999999,-0.2805284066666667,-494.92333333333335,-104.07333333333334,-14.684890316607609,15.682232068730498,-0.5,-24.0,-39.68223206873049,0.5,0.9,1.0,0.5,0.0,0.0,1.0,0.0,0.0,2.0237780751081687,near,dense,0.0,0.0,120,1,4,1,6,0.0655141833802656,-14.552304148674011
11,59.0,-0.3470988566666667,-0.0818702033333333,-0.2613455066666666,101.26333333333336,-27.860000000000003,12.956217148927616,16.10807075499488,0.5,23.666666666666668,7.558595911671788,6.099999999999999,2.9,3.0,3.1,1.9,1.1,5.0,2.0,2.0,4.491052089465818,near,non_dense,-1.0,-1.25,113,2,4,1,6,0.0665103495451416,12.657515704631804
72,62.0,-0.3289230666666666,-0.0936665266666666,-0.2179660066666666,290.02333333333326,-135.58666666666667,14.872385566108369,19.163800344601885,0.5,41.333333333333336,22.169532988731447,4.5,2.3,3.0,1.3999999999999997,1.2,1.9,2.0,1.0,3.0,5.549421843267709,near,non_dense,0.0,0.0,116,1,4,1,6,0.0668919705581294,15.243597328662872
72,61.0,-0.3355749933333333,-0.1425577366666666,-0.2144657833333333,166.30666666666664,-75.77333333333333,10.611977217721334,2.2874327367477414,0.5,15.0,12.71256726325226,8.6,2.7999999999999994,3.0,1.9,2.4,4.3,1.0,1.0,6.0,5.141356802434202,near,non_dense,0.0,0.0,116,1,4,1,6,0.0693038092131631,10.255661606788635
72,8.0,-0.3030776633333333,-0.1132529333333333,-0.2262362866666666,396.4816666666666,-125.25833333333333,14.442433769601118,12.026070508754074,0.5,42.333333333333336,30.30726282457925,1.6000000000000003,1.3999999999999997,1.0,0.0,0.4000000000000001,1.2,0.0,1.0,3.0,2.2343209401197246,near,dense,0.0,0.0,116,1,4,1,6,0.0697804796661347,14.598345756530762
14,36.0,-0.25912552,-0.1720258399999999,-0.2083241433333333,272.68666666666667,66.35333333333335,14.206128147377193,11.524988908538951,0.5,32.0,20.47501109146105,1.3999999999999997,1.2,2.0,0.8000000000000002,0.0,0.6,1.0,0.0,1.0,3.4739225027510208,far,dense,0.0,0.0,118,2,4,1,6,0.0729247604786922,13.952793180942535
23,57.0,-0.41502536,-0.1138417966666666,-0.2391758,270.42,-45.24333333333334,10.03835102403477,-7.774148662028033,0.5,13.666666666666666,21.4408153286947,10.699999999999998,1.5,3.0,9.3,0.0,1.3999999999999997,4.0,0.0,3.0,3.5897168947100897,near,non_dense,99.0,99.0,112,2,4,1,6,0.0752945056161888,9.768065065145493
25,46.0,-0.3854695733333333,-0.3226536633333333,-0.26632277,-185.49,-258.5366666666667,-10.960917893177916,-1.3783677666722105,-0.5,-16.333333333333332,-14.954965566661125,2.9,1.1,2.0,2.9,0.0,0.0,4.0,0.0,0.0,2.350732119305326,far,dense,0.0,0.0,117,2,5,1,6,0.0777224249914115,-10.778213292360306
11,55.0,-0.3077647858333333,-0.348459425,-0.3194619099999999,-50.15916666666666,-149.24583333333334,-10.831632258347112,-20.505970847300468,-0.5,-24.25,-3.7440291526995337,8.5,1.1,3.0,2.3,2.6,3.6,2.0,1.0,3.0,4.0270698386484165,near,non_dense,-1.0,-1.25,113,2,4,1,6,0.081924941890249,-10.501714795827866
23,59.0,-0.3741461066666667,-0.1271893766666666,-0.2449168866666666,314.92,-98.44333333333331,11.351511549045592,-4.969090907893399,0.5,20.0,24.9690909078934,12.0,1.6000000000000003,3.0,7.8,2.5,1.7,2.0,1.0,2.0,4.079613308210223,near,non_dense,99.0,99.0,112,2,4,1,6,0.0831987500826302,11.690930277109146
14,6.0,-0.3098955166666666,-0.1732865,-0.1919866866666666,190.33666666666667,80.95333333333333,10.306635204897038,-1.291660860248852,0.5,13.0,14.291660860248852,3.9,1.5,1.0,2.5,0.0,1.3999999999999997,1.0,0.0,2.0,1.5955959391872827,near,dense,0.0,0.0,118,2,4,1,6,0.084586720884016,10.171668976545334
32,81.0,-0.25672405,-0.3450868633333333,-0.27291913,-329.50333333333333,-201.89,-17.48929126832314,-15.050307915251686,-0.5,-42.0,-26.94969208474832,1.7,3.4,4.0,0.0,0.0,1.7,0.0,0.0,3.0,5.461948039937288,far,non_dense,-0.5,-0.5,114,2,5,1,6,0.0951635368616837,-18.009069561958313
32,40.0,-0.2587591933333333,-0.1473191999999999,-0.2463006,469.17,-203.63333333333333,17.36491448181549,6.627134671167615,0.5,45.0,38.37286532883238,1.0,1.7,2.0,0.0,0.0,1.0,0.0,0.0,2.0,3.2021368119259326,far,dense,-0.5,-0.5,114,2,5,1,6,0.0972083990580168,17.053639888763428
14,84.0,-0.3249747766666667,-0.1414949133333333,-0.1783818533333333,189.23,172.57666666666668,12.150360318340214,10.79143455674214,0.5,25.0,14.20856544325786,3.7000000000000006,1.0,4.0,0.0,0.0,3.7000000000000006,0.0,0.0,4.0,4.071404820789666,far,non_dense,0.0,0.0,118,2,4,1,6,0.1004010821164592,12.559133768081663
23,15.0,-0.4140536566666666,-0.0495611366666666,-0.1933083133333333,494.9166666666667,-256.5733333333333,15.16233348767024,-13.907169784384102,0.5,25.33333333333333,39.24050311771743,1.8,1.1,1.0,0.5,0.9,0.4000000000000001,1.0,2.0,1.0,2.4511562659241406,near,dense,99.0,99.0,112,2,4,1,6,0.1020152234992432,15.412388741970062
72,3.0,-0.28808154,-0.3442438166666666,-0.25888873,-354.9766666666667,-66.79666666666667,-16.100164715531623,-6.198734087652202,-0.5,-33.333333333333336,-27.13459924568113,3.6,4.0,1.0,2.3,1.3,0.0,2.0,1.0,0.0,3.059345712095279,near,dense,0.0,0.0,116,1,4,1,6,0.1107430284439631,-15.76136350631714
30,35.0,-0.3604942366666666,-0.1018778133333333,-0.2272714533333333,494.6566666666666,-194.54,18.497958113674475,0.339148876234032,0.5,40.0,39.66085112376597,2.9,1.5,2.0,0.0,0.0,2.9,0.0,0.0,4.0,3.2787905017576304,far,dense,0.0,0.0,120,1,4,1,6,0.1150405668045089,18.12076419591904
23,29.0,-0.4404312266666666,-0.1017200266666666,-0.26260669,393.50666666666666,-192.46666666666667,12.701839963820582,-9.866665818394424,0.5,21.33333333333333,31.19999915172776,6.2,1.1,2.0,0.6,2.2,3.4,1.0,1.0,6.0,2.233718755649196,far,dense,99.0,99.0,112,2,4,1,6,0.1152086797253929,12.959183752536774
14,59.0,-0.3050200566666666,-0.20758245,-0.20708314,96.65333333333332,40.00333333333335,7.932154906080304,3.075999866252624,0.5,10.333333333333334,7.257333467080709,4.2,1.1,3.0,1.8,0.0,2.4,2.0,0.0,4.0,2.801127509804301,near,non_dense,0.0,0.0,118,2,4,1,6,0.1165626570607743,7.605648040771484
25,57.0,-0.3772944,-0.1445570433333333,-0.21657671,281.6766666666667,-238.66,9.412844912651895,-9.043262984160236,0.5,13.666666666666666,22.709929650826904,7.2,1.9,3.0,3.6,1.8,1.8,5.0,2.0,4.0,3.5400113815652943,near,non_dense,0.0,0.0,117,2,5,1,6,0.1199925655234351,9.837619960308077
14,14.0,-0.2535725533333333,-0.1855035466666666,-0.2092818666666666,220.87666666666664,99.03666666666668,12.073134137434549,7.748539309013801,0.5,24.33333333333333,16.58479402431953,6.900000000000001,1.3999999999999997,1.0,1.5,0.0,5.400000000000001,1.0,0.0,7.0,1.9089121203656645,near,dense,0.0,0.0,118,2,4,1,6,0.1233928614074818,12.308680266141891
14,65.0,-0.2754803866666667,-0.3057926688888888,-0.2569212211111111,-390.0177777777778,48.96888888888889,-10.52157730224502,13.735272347881317,-0.5,-14.333333333333334,-28.06860568121465,6.2,0.8999999999999999,3.0,4.6,0.0,1.6,1.0,0.0,2.0,4.301126761491575,near,non_dense,0.0,0.0,118,2,4,1,6,0.1237901482649729,-9.989140182733536
32,18.0,-0.2256569733333333,-0.38977636,-0.2824220266666666,-519.16,-176.82333333333335,-21.176911319654007,-2.538511063971226,-0.5,-45.0,-42.46148893602878,1.1,1.7,1.0,0.0,0.0,1.1,0.0,0.0,2.0,3.2116320842090555,near,dense,-0.5,-0.5,114,2,5,1,6,0.1238040545497599,-20.77929824590683
72,27.0,-0.3380870833333333,-0.0694910066666666,-0.2228256266666666,288.0733333333333,-158.70333333333335,15.20717035340306,17.97952601569817,0.5,40.0,22.02047398430183,0.6999999999999998,3.4,2.0,0.0,0.6999999999999998,0.0,0.0,1.0,0.0,2.563641324779336,far,dense,0.0,0.0,116,1,4,1,6,0.1239679615213592,14.889360964298248
32,69.0,-0.2633343566666666,-0.1320288766666666,-0.2275747866666666,403.1566666666667,-305.5733333333333,14.186842536905118,8.026287962953797,0.5,41.0,32.973712037046205,2.7999999999999994,1.8,3.0,0.0,1.2,1.6000000000000003,0.0,1.0,3.0,5.3619889315587,near,non_dense,-0.5,-0.5,114,2,5,1,6,0.1264245071357583,14.864729344844818
72,95.0,-0.3301488866666666,-0.1169525333333333,-0.2116406066666666,352.34666666666664,-196.52666666666667,13.73682456694006,13.066439309011123,0.5,40.0,26.93356069098888,3.0,2.0,4.0,1.2,0.6999999999999998,1.1,1.0,1.0,2.0,4.84032871408147,far,non_dense,0.0,0.0,116,1,4,1,6,0.1309689510550373,14.370757341384888
11,74.0,-0.3421250199999999,-0.0640760066666666,-0.3075742033333333,35.31999999999997,-90.05,10.95645663580028,19.363610313701106,0.5,22.0,2.6363896862988976,8.1,8.4,4.0,2.6,5.5,0.0,3.0,6.0,0.0,3.6380050240536455,far,non_dense,-1.0,-1.25,113,2,4,1,6,0.1340815597746365,11.444246023893356
72,42.0,-0.34643198,-0.3564325266666666,-0.23765297,-389.07666666666665,-104.69333333333331,-16.039120312688432,-0.9254458563444944,-0.5,-30.666666666666668,-29.741220810322176,1.1,1.1,2.0,0.0,0.0,1.1,0.0,0.0,1.0,2.0058699605033983,far,dense,0.0,0.0,116,1,4,1,6,0.1362256213287289,-16.31237119436264
25,35.0,-0.31150889,-0.0106972466666666,-0.2306291933333333,631.2199999999999,-260.75333333333333,21.24847113498617,-5.657375328713175,0.5,44.333333333333336,49.99070866204651,3.1,1.9,2.0,0.5,0.6,2.0,1.0,1.0,3.0,3.640594405572346,far,dense,0.0,0.0,117,2,5,1,6,0.1389786951098129,21.754436194896694
14,78.0,-0.3976306999999999,-0.1709639533333333,-0.1885193233333333,101.68,195.3,7.3720624073109535,2.03189979951844,0.5,9.666666666666666,7.634766867148227,5.7,1.3,4.0,2.6,0.0,3.1,1.0,0.0,2.0,2.639441562227263,far,non_dense,0.0,0.0,118,2,4,1,6,0.1406912666783614,7.000716030597687
32,47.0,-0.32410001,-0.33444007,-0.2613650333333333,-237.25333333333333,-103.78666666666668,-12.986713271243126,-4.595327474440862,-0.5,-24.0,-19.40467252555914,1.7,2.0,2.0,0.9,0.0,0.8000000000000002,2.0,0.0,2.0,1.7127028481729365,far,dense,-0.5,-0.5,114,2,5,1,6,0.1501513334651369,-13.24387788772583
30,49.0,-0.3844848966666667,-0.1098257966666666,-0.23602257,102.14000000000004,-126.42666666666668,11.803007659270529,12.143896888294435,0.5,20.33333333333333,8.189436445038895,5.3,0.6,3.0,1.2,0.0,4.1,2.0,0.0,6.0,4.990629692484817,near,non_dense,0.0,0.0,120,1,4,1,6,0.1501833668576286,11.053498089313509
25,31.0,-0.3108884683333333,-0.0873222783333333,-0.2260684383333333,461.4933333333334,-265.9683333333333,15.475006891286627,-7.040821118354974,0.5,30.166666666666668,37.20748778502164,7.400000000000001,1.2,2.0,0.0,1.6000000000000003,5.8,0.0,1.0,5.0,4.452705085853034,far,dense,0.0,0.0,117,2,5,1,6,0.1502716391800047,16.144122183322906
32,38.0,-0.2400291166666666,-0.1498643366666666,-0.2595229933333333,506.5533333333333,-185.13333333333333,17.592725150539238,-3.4304044202978496,0.5,38.0,41.430404420297855,1.3999999999999997,1.3,2.0,0.0,0.5,0.9,0.0,1.0,1.0,3.44133638015188,far,dense,-0.5,-0.5,114,2,5,1,6,0.153239632329476,18.12007427215576
14,95.0,-0.3188522933333333,-0.1565473899999999,-0.1795393833333333,216.63333333333333,91.47,11.784330885728815,3.7338218366127935,0.5,20.0,16.266178163387206,9.0,1.2,4.0,1.1,0.6,7.3,1.0,1.0,5.0,4.355840789356313,far,non_dense,0.0,0.0,118,2,4,1,6,0.1535835580847993,11.115345358848572
39,60.0,-0.3097686766666667,-0.1312039566666666,-0.2798816966666667,235.59,-143.09666666666666,13.399985849636096,7.961956453124732,0.5,27.0,19.03804354687527,6.400000000000001,3.8,3.0,0.6999999999999998,3.0,2.7000000000000006,1.0,2.0,3.0,4.773490812743948,near,non_dense,0.0,0.0,114,2,5,1,6,0.1538221345106384,12.6657173037529
25,55.0,-0.344571425,-0.2983598516666666,-0.2461554183333333,-246.8416666666667,-326.4916666666667,-10.776257430105666,4.321523677223055,-0.5,-15.166666666666666,-19.488190343889723,6.8,1.3999999999999997,3.0,3.0,0.0,3.8,2.0,0.0,2.0,4.161711448684591,near,non_dense,0.0,0.0,117,2,5,1,6,0.1540475647571174,-10.13515591621399
39,54.0,-0.2691897299999999,-0.1905857073333333,-0.3369593233333333,99.56733333333334,-81.94133333333335,11.500878024410666,15.357994407567189,0.5,23.53333333333333,8.175338925766146,9.8,4.7,3.0,2.1,2.1,5.6,1.0,1.0,5.0,6.151840128573274,near,non_dense,0.0,0.0,114,2,5,1,6,0.1554164425332709,12.456975132226944
72,79.0,-0.3699763833333334,-0.31593922,-0.24133032,-198.26,-60.96,-9.581713984718643,0.155096522162229,-0.5,-15.0,-15.15509652216223,9.8,3.5,4.0,5.3,0.0,4.5,1.0,0.0,4.0,3.303282816260804,far,non_dense,0.0,0.0,116,1,4,1,6,0.1588730586904115,-10.106516629457474
24,95.0,-0.15063635,-0.0448108666666666,-0.3347547633333333,114.25333333333327,-57.580000000000005,15.576273325974782,20.58456206955217,0.5,29.0,8.415437930447824,7.099999999999999,4.8,4.0,3.9,1.9,1.3,1.0,3.0,2.0,5.54864877246425,far,non_dense,0.0,0.0,117,3,4,2,6,0.1590940189820496,14.693516492843628
25,50.0,-0.3536621133333333,-0.06041985,-0.2659129033333333,430.56,315.32,15.172121477550869,15.863568824305782,0.5,39.0,23.136431175694216,4.0,0.8000000000000002,3.0,0.0,0.0,4.0,0.0,0.0,5.0,5.3992526465885975,near,non_dense,0.0,0.0,117,2,5,1,6,0.1597792197200131,14.309433102607729
30,54.0,-0.3929355733333333,-0.1691907766666666,-0.2312823266666666,274.59000000000003,-215.6433333333333,9.62812590781192,-6.016226291788038,0.5,16.0,22.01622629178804,4.3,1.5,3.0,2.0,0.0,2.3,1.0,0.0,4.0,5.025911602550292,near,non_dense,0.0,0.0,120,1,4,1,6,0.1602358343363299,10.433457046747208
14,13.0,-0.2853356766666666,-0.1769039666666666,-0.2039101333333333,135.07333333333335,135.54666666666665,10.908626256113903,10.191187287221986,0.5,20.33333333333333,10.142146046111346,6.8,1.1,1.0,2.3,0.0,4.5,2.0,0.0,2.0,1.7857950889403,near,dense,0.0,0.0,118,2,4,1,6,0.1623272626354965,11.198509484529495
30,69.0,-0.39389227,-0.1243113033333333,-0.2189540333333333,348.26000000000005,-230.61666666666667,12.792953028639417,-9.25631293338469,0.5,18.666666666666668,27.92297960005136,2.9,0.6999999999999998,3.0,0.6,0.6,1.7,1.0,1.0,2.0,4.656292366312575,near,non_dense,0.0,0.0,120,1,4,1,6,0.16993696033623,12.001676857471466
25,68.0,-0.3521969433333333,-0.3578498133333334,-0.2608998833333333,-302.8866666666667,-224.5233333333333,-13.85207098936476,2.4199669556351595,-0.5,-22.0,-24.41996695563516,3.1,1.1,3.0,1.6000000000000003,0.0,1.5,2.0,0.0,3.0,4.414011233635672,near,non_dense,0.0,0.0,117,2,5,1,6,0.172700602801579,-13.089768588542938
30,30.0,-0.3752839833333333,-0.1303466933333333,-0.2245081966666666,340.8366666666667,-199.35333333333327,13.47707713306533,10.67221245539873,0.5,38.0,27.327787544601268,1.8,1.3999999999999997,2.0,0.5,0.0,1.3,1.0,0.0,2.0,2.429812457188884,far,dense,0.0,0.0,120,1,4,1,6,0.1776482060719482,13.908728957176208
32,79.0,-0.2741468766666666,-0.2828837933333333,-0.26749759,-197.9033333333333,-203.32666666666668,-9.502003113656569,1.186282068604184,-0.5,-15.0,-16.186282068604182,5.5,3.4,4.0,2.2,1.1,2.2,2.0,2.0,3.0,3.228445913495776,far,non_dense,-0.5,-0.5,114,2,5,1,6,0.1793110989143597,-10.08089929819107
30,70.0,-0.41535035,-0.15282861,-0.2162023033333333,263.89000000000004,-251.5,10.34696389829697,-1.8249825417529544,0.5,19.33333333333333,21.158315875086288,5.3,1.2,3.0,1.5,1.6000000000000003,2.2,1.0,1.0,4.0,3.933793739124509,near,non_dense,0.0,0.0,120,1,4,1,6,0.1839333313925354,11.07051968574524
39,88.0,-0.2820969399999999,-0.14146667,-0.3385412299999999,536.3800000000001,215.9533333333333,13.805590478617136,-23.67823675738765,0.5,19.666666666666668,43.34490342405432,6.400000000000001,0.4000000000000001,4.0,0.0,0.0,6.400000000000001,0.0,0.0,3.0,5.045703566693695,far,non_dense,0.0,0.0,114,2,5,1,6,0.1845699813234559,14.736875891685486
14,82.0,-0.3731000333333333,-0.1758272033333333,-0.1923325233333333,152.61666666666667,179.21333333333337,7.972795583115368,-2.459408635339026,0.5,9.0,11.459408635339026,6.0,1.9,4.0,1.5,0.9,3.6,1.0,1.0,4.0,2.7823116813872937,far,non_dense,0.0,0.0,118,2,4,1,6,0.1914844222893807,8.50556492805481
32,59.0,-0.2940859166666666,-0.1834429699999999,-0.23466796,258.59,-215.0566666666667,8.91832334363498,-8.149773526403578,0.5,13.0,21.14977352640357,5.400000000000001,3.2999999999999994,3.0,2.6,0.0,2.7999999999999994,2.0,0.0,6.0,3.3050333681330386,near,non_dense,-0.5,-0.5,114,2,5,1,6,0.1946793457338305,9.561745077371596
11,78.0,-0.3550327233333333,-0.1071392366666666,-0.2971331266666666,383.62000000000006,302.02666666666664,10.199331626616315,-13.634535998244164,0.5,15.0,28.63453599824416,5.2,11.699999999999998,4.0,0.0,5.2,0.0,0.0,7.0,0.0,3.45363909786666,far,non_dense,-1.0,-1.25,113,2,4,1,6,0.1986500901715888,10.885397344827652
32,53.0,-0.2628489933333333,-0.3307943633333333,-0.26383522,-357.0566666666667,-148.26666666666668,-15.43510539893142,-5.463419688467302,-0.5,-34.666666666666664,-29.203246978199363,1.1,1.5,3.0,0.0,0.0,1.1,0.0,0.0,2.0,4.557242959225017,near,non_dense,-0.5,-0.5,114,2,5,1,6,0.1986519741321046,-16.340410709381104
23,86.0,-0.4591324733333333,-0.07536658,-0.2210915999999999,264.8,-195.0566666666667,10.79767360202913,-5.99522187352398,0.5,15.0,20.995221873523978,6.400000000000001,2.2,4.0,2.3,2.2,1.9,1.0,1.0,3.0,3.881543285442657,far,non_dense,99.0,99.0,112,2,4,1,6,0.2003484532687609,10.02001240849495
32,50.0,-0.3061117566666667,-0.12455766,-0.2358333966666666,411.16333333333336,-203.35333333333327,14.663397127868237,6.371432064808455,0.5,40.0,33.62856793519155,2.6,1.2,3.0,0.0,0.9,1.7,0.0,2.0,2.0,5.339002913295306,near,non_dense,-0.5,-0.5,114,2,5,1,6,0.2032682403644244,15.748646855354307
30,51.0,-0.3375879533333333,-0.34290105,-0.2444215433333333,-499.7833333333333,-130.41333333333333,-15.764512936392295,15.405233124042384,-0.5,-24.666666666666668,-40.07189979070905,3.0,1.0,3.0,0.4000000000000001,0.6,2.0,1.0,1.0,4.0,4.61010859161537,near,non_dense,0.0,0.0,120,1,4,1,6,0.2099083101419344,-14.7968128323555
30,62.0,-0.40097172,-0.1214192666666666,-0.2276816666666666,400.02333333333337,-279.5933333333333,13.970543000348044,6.926711720521425,0.5,39.0,32.073288279478575,4.9,1.0,3.0,0.0,0.8000000000000002,4.1,0.0,1.0,4.0,4.988098821508104,near,non_dense,0.0,0.0,120,1,4,1,6,0.2103003601221477,15.01954197883606
14,32.0,-0.2751039566666666,-0.17696335,-0.2058704266666666,157.94333333333336,44.73,10.81062390456281,8.140632098541683,0.5,20.0,11.859367901458318,5.0,1.2,2.0,0.0,0.0,5.0,0.0,0.0,5.0,1.8746818040210227,far,dense,0.0,0.0,118,2,4,1,6,0.2104386034904022,11.205129325389862
14,88.0,-0.31178095,-0.1167052466666666,-0.2490742933333333,291.65666666666664,65.42333333333335,14.029683815438142,8.433936645198385,0.5,30.33333333333333,21.899396688134942,4.1,1.3,4.0,2.3,0.0,1.8,1.0,0.0,2.0,5.258159273346192,far,non_dense,0.0,0.0,118,2,4,1,6,0.2130111253092826,12.90963739156723
32,65.0,-0.2718899533333334,-0.2816921866666667,-0.25785774,-163.30666666666667,-185.93,-9.420551256588515,-1.643338816845663,-0.5,-15.0,-13.356661183154335,6.2,2.3,3.0,3.2000000000000006,0.0,3.0,1.0,0.0,6.0,3.882704539489019,near,non_dense,-0.5,-0.5,114,2,5,1,6,0.2156162418517798,-10.257725417613983
23,71.0,-0.3062255966666666,-0.2977718733333333,-0.2725104466666667,-427.27,-254.6733333333333,-14.26733108534926,11.87699565672429,-0.5,-22.0,-33.87699565672429,3.1,1.3999999999999997,3.0,2.5,0.6,0.0,4.0,1.0,0.0,4.673312416978566,near,non_dense,99.0,99.0,112,2,4,1,6,0.2163686394790893,-13.256172835826874
32,61.0,-0.2389423633333333,-0.1835832466666666,-0.2449101966666666,326.0233333333333,-273.76666666666665,10.945838132526204,-5.665066956661828,0.5,21.0,26.66506695666183,9.8,1.7,3.0,1.0,1.1,7.7,1.0,1.0,6.0,5.047867370588321,near,non_dense,-0.5,-0.5,114,2,5,1,6,0.2166371892955693,12.039393931627274
23,93.0,-0.44101253,-0.3004642833333333,-0.23566644,-278.66333333333336,-240.32333333333327,-8.541191120266047,9.42773858767285,-0.5,-12.666666666666666,-22.09440525433952,8.8,1.3999999999999997,4.0,3.8,1.1,3.9,5.0,1.0,4.0,3.0127635790539693,far,non_dense,99.0,99.0,112,2,4,1,6,0.2195992525814989,-9.20279175043106
25,65.0,-0.37418738,-0.31210099,-0.2527191166666666,-193.74666666666667,-234.56333333333336,-9.239694547795954,0.6206519416430556,-0.5,-15.0,-15.620651941643056,5.599999999999999,1.6000000000000003,3.0,1.9,0.5,3.2000000000000006,1.0,1.0,4.0,3.825154540848063,near,non_dense,0.0,0.0,117,2,5,1,6,0.2234166281012774,-10.09429767727852
23,31.0,-0.4535701066666666,-0.0611391966666666,-0.2087354333333333,413.7033333333334,-273.93,14.249333720718658,-10.468000779770078,0.5,22.33333333333333,32.801334113103415,9.2,2.5,2.0,1.6000000000000003,3.6,4.0,2.0,1.0,5.0,3.959980158822992,far,dense,99.0,99.0,112,2,4,1,6,0.2240468496811432,13.362112641334534
23,50.0,-0.3351403866666667,-0.0841208766666666,-0.2223092666666666,243.4833333333333,-110.77333333333333,16.457004531234944,18.69491463051914,0.5,38.0,19.30508536948086,2.1,1.1,3.0,0.9,0.4000000000000001,0.8000000000000002,1.0,1.0,2.0,5.816109059619549,near,non_dense,99.0,99.0,112,2,4,1,6,0.2249215314813368,15.148836374282835
72,56.0,-0.3420020666666666,-0.1241247099999999,-0.2066953633333333,318.34,-175.51,12.371367414402895,9.6659264255769,0.5,34.0,24.334073574423098,4.6,3.0,3.0,1.5,1.2,1.9,2.0,1.0,2.0,4.454611744375468,near,non_dense,0.0,0.0,116,1,4,1,6,0.2265725410399649,13.380660116672516
30,56.0,-0.35390108,-0.1643292933333333,-0.22297037,188.09,-162.47666666666666,10.549096409142273,5.919217731081208,0.5,21.0,15.08078226891879,5.400000000000001,1.2,3.0,1.0,0.8000000000000002,3.6,1.0,1.0,3.0,3.915035207966149,near,non_dense,0.0,0.0,120,1,4,1,6,0.2276723709877813,11.440441757440569
32,70.0,-0.30349147,-0.1518190666666666,-0.2381363166666666,327.28333333333336,-258.62333333333333,11.509783986664097,-4.10145421568165,0.5,22.666666666666668,26.76812088234832,2.9,2.2,3.0,0.4000000000000001,0.4000000000000001,2.1,1.0,1.0,4.0,4.177144398134167,near,non_dense,-0.5,-0.5,114,2,5,1,6,0.2281590415696938,12.462837249040604
30,34.0,-0.3618590399999999,-0.13100537,-0.2196453466666666,379.8866666666667,-211.2033333333333,14.275769142534644,13.207906993822125,0.5,43.66666666666666,30.458759672844547,2.2,1.2,2.0,0.0,0.0,2.2,0.0,0.0,3.0,2.612038094968588,far,dense,0.0,0.0,120,1,4,1,6,0.233798491245399,14.886459708213806
72,60.0,-0.3394282766666667,-0.1105786866666666,-0.2134081533333333,398.7866666666666,-145.26333333333332,13.171767830080457,7.51654178813342,0.5,38.0,30.48345821186658,4.1,2.3,3.0,0.0,0.8000000000000002,3.2999999999999994,0.0,1.0,4.0,4.886674698142695,near,non_dense,0.0,0.0,116,1,4,1,6,0.2343203463528904,14.31681513786316
72,68.0,-0.347884735,-0.2810444016666666,-0.2421205316666666,-300.14500000000004,-128.80333333333334,-13.095938755797,3.4432384023221165,-0.5,-19.5,-22.94323840232212,5.599999999999999,0.4000000000000001,3.0,3.7000000000000006,0.0,1.9,2.0,0.0,3.0,4.259830540716946,near,non_dense,0.0,0.0,116,1,4,1,6,0.2362178917954604,-12.089690566062927
25,63.0,-0.31041356,-0.3658976466666666,-0.2494474566666666,-371.9333333333333,-268.9533333333333,-15.421114473259694,-3.013207218213952,-0.5,-33.0,-29.98679278178605,3.5,1.0,3.0,0.4000000000000001,0.5,2.6,1.0,1.0,3.0,4.175665889673762,near,non_dense,0.0,0.0,117,2,5,1,6,0.2362238073377112,-16.40750616788864
32,67.0,-0.2741548433333333,-0.31879147,-0.2639263466666666,-381.3966666666667,-138.63333333333333,-15.661196573909896,-2.80601290179343,-0.5,-34.0,-31.193987098206566,1.7,1.3999999999999997,3.0,0.5,0.0,1.2,1.0,0.0,1.0,4.896723161061591,near,non_dense,-0.5,-0.5,114,2,5,1,6,0.2389167888615085,-16.831105947494507
72,29.0,-0.3413628733333333,-0.1121691966666666,-0.2139490166666666,373.40333333333336,-177.68999999999997,12.81808558935778,-8.543143137111791,0.5,20.0,28.543143137111787,1.3,3.5,2.0,0.0,0.9,0.4000000000000001,0.0,2.0,1.0,2.2404625567955487,far,dense,0.0,0.0,116,1,4,1,6,0.2429875134126678,12.273681163787842
25,71.0,-0.3078717099999999,-0.3627299266666666,-0.2467838,-326.6066666666667,-270.59,-15.847530369040728,0.3323707684617361,-0.5,-26.0,-26.332370768461733,3.0,1.1,3.0,2.4,0.0,0.6,2.0,0.0,1.0,5.187385069241089,near,non_dense,0.0,0.0,117,2,5,1,6,0.2505241891935526,-14.547964930534365
72,87.0,-0.3528612033333333,-0.12996908,-0.2255273599999999,308.6566666666667,-101.42,10.518851780970286,-3.593874586614478,0.5,20.0,23.59387458661448,6.900000000000001,2.5,4.0,0.8000000000000002,1.9,4.2,1.0,1.0,4.0,4.000861974947916,far,non_dense,0.0,0.0,116,1,4,1,6,0.2531266361137034,11.53157651424408
23,75.0,-0.3570917833333333,-0.2544655,-0.2177683666666666,-221.30666666666664,-204.52,-11.028588970310407,2.54676196660378,-0.5,-15.0,-17.54676196660378,3.2000000000000006,1.3,4.0,3.2000000000000006,0.0,0.0,5.0,0.0,0.0,3.808115278059097,far,non_dense,99.0,99.0,112,2,4,1,6,0.2565427529103275,-10.05164459347725
30,66.0,-0.41779531,-0.15429669,-0.2323440766666666,271.66333333333336,-154.36333333333334,9.382342960815732,-13.448237087468993,0.5,8.333333333333334,21.781570420802325,4.1,1.2,3.0,1.3,0.0,2.7999999999999994,1.0,0.0,5.0,3.592641725944956,near,non_dense,0.0,0.0,120,1,4,1,6,0.2622670043885514,8.440111577510834
14,86.0,-0.37772623,-0.1786899466666666,-0.1968188366666666,133.22333333333333,129.33333333333334,8.334971999005724,-1.003236538792067,0.5,9.0,10.003236538792066,6.7,1.8,4.0,3.0,0.0,3.7000000000000006,1.0,0.0,6.0,3.0049683587908045,far,non_dense,0.0,0.0,118,2,4,1,6,0.2628984376173208,7.544970512390137
30,31.0,-0.3837712499999999,-0.1280975933333333,-0.2311860766666666,334.30333333333334,-228.7333333333333,12.748400880954796,5.196045607029709,0.5,32.0,26.803954392970294,3.7000000000000006,1.1,2.0,0.0,0.6,3.1,0.0,1.0,5.0,3.5375132971215923,far,dense,0.0,0.0,120,1,4,1,6,0.264940171873234,13.68563026189804
30,95.0,-0.3690266033333333,-0.1379007966666666,-0.2252172866666666,347.8666666666668,-228.56333333333336,12.38070201873793,-11.558109372895338,0.5,16.333333333333332,27.89144270622868,3.5,0.4000000000000001,4.0,0.0,0.0,3.5,0.0,0.0,2.0,4.282985871093731,far,non_dense,0.0,0.0,120,1,4,1,6,0.2673742577901731,11.235541850328444
39,61.0,-0.3084896533333333,-0.13849361,-0.3331699266666666,133.34666666666666,45.176666666666655,11.337322588160845,5.890913677020838,0.5,16.666666666666668,10.775752989645827,9.3,5.5,3.0,0.0,2.9,6.400000000000001,0.0,3.0,4.0,4.984029929981283,near,non_dense,0.0,0.0,114,2,5,1,6,0.2678829095248048,10.00218614935875
14,34.0,-0.2803284333333333,-0.1554723533333333,-0.2206614466666666,347.91333333333336,53.29333333333333,14.10829286678436,0.5431695190227792,0.5,26.666666666666668,26.12349714764389,4.8,0.6999999999999998,2.0,0.6999999999999998,0.4000000000000001,3.7000000000000006,1.0,1.0,4.0,2.539016891662234,far,dense,0.0,0.0,118,2,4,1,6,0.268835391118355,13.425715267658234
30,59.0,-0.4094473033333334,-0.1740278466666666,-0.2312805966666666,201.00333333333333,-214.9533333333333,8.130671645023828,-3.7828211954927977,0.5,12.333333333333334,16.116154528826133,9.4,1.7,3.0,4.3,0.0,5.1,2.0,0.0,6.0,2.833968546587771,near,non_dense,0.0,0.0,120,1,4,1,6,0.270328742543831,8.896774798631668
11,61.0,-0.3621382216666666,-0.11881819,-0.2861243583333333,333.61999999999995,-71.93666666666667,11.421654211274278,0.0976124817939189,0.5,25.0,24.90238751820608,10.5,0.6,3.0,0.0,0.9,9.6,0.0,1.0,11.0,5.2320928329295135,near,non_dense,-1.0,-1.25,113,2,4,1,6,0.2715146202339325,12.842243909835815
30,15.0,-0.3742310499999999,-0.1189753466666666,-0.24332656,374.84,-138.02,14.27740738262147,13.612541377275845,0.5,43.66666666666666,30.05412528939082,1.3,1.3,1.0,0.0,0.0,1.3,0.0,0.0,2.0,2.274979967238099,near,dense,0.0,0.0,120,1,4,1,6,0.2765863906101597,14.906635880470276
25,96.0,-0.35710009,-0.3390336833333333,-0.23407093,-256.1033333333333,-210.93,-12.040428944047918,4.64810249343434,-0.5,-16.0,-20.64810249343434,4.6,1.0,4.0,2.2,0.5,1.9,1.0,1.0,3.0,5.386278284511309,far,non_dense,0.0,0.0,117,2,5,1,6,0.2769940377330759,-10.548461973667145
32,31.0,-0.2545824066666666,-0.1760793666666666,-0.24680767,367.6,-199.6233333333333,13.586447059261175,-10.065573874882844,0.5,20.0,30.065573874882844,5.2,2.0,2.0,0.4000000000000001,1.2,3.6,1.0,1.0,5.0,3.697448281191743,far,dense,-0.5,-0.5,114,2,5,1,6,0.2778486930564499,12.559115886688232
23,94.0,-0.4195682899999999,-0.2996974599999999,-0.2353992033333333,-234.72000000000003,-258.2933333333333,-10.426369008509534,4.943599489502325,-0.5,-13.666666666666666,-18.61026615616899,7.7,0.6,4.0,6.8,0.0,0.9,3.0,0.0,1.0,3.5898714934048126,far,non_dense,99.0,99.0,112,2,4,1,6,0.2817866028279781,-9.414791315793993
14,66.0,-0.26759998,-0.1953671099999999,-0.2146259066666666,0.0,0.0,9.17200983673954,14.0,0.5,14.0,0.0,4.6,0.8000000000000002,3.0,2.1,0.0,2.5,2.0,0.0,3.0,3.5312787296678416,near,non_dense,0.0,0.0,118,2,4,1,6,0.2867604055739969,8.159378916025162
14,22.0,-0.2324798433333333,-0.1786815533333333,-0.20538267,281.7633333333334,89.18,12.673428333126132,6.176789650105801,0.5,27.33333333333333,21.15654368322753,4.9,1.5,1.0,1.6000000000000003,0.0,3.2999999999999994,1.0,0.0,4.0,2.134791478508479,near,dense,0.0,0.0,118,2,4,1,6,0.2891025862812713,12.056254595518112
14,68.0,-0.2452822533333333,-0.3472932366666666,-0.2319339133333333,-455.1233333333333,16.616666666666674,-11.956145361639516,12.840157479013168,-0.5,-21.33333333333333,-34.1734908123465,1.7,1.0,3.0,0.6,0.4000000000000001,0.6999999999999998,1.0,1.0,1.0,3.760003494882565,near,non_dense,0.0,0.0,118,2,4,1,6,0.2894950795364748,-13.044647872447968
23,67.0,-0.28958403,-0.3039761466666666,-0.2325303633333333,-321.57666666666665,-210.1533333333333,-15.800632588743907,0.163545314759304,-0.5,-25.33333333333333,-25.49687864809264,2.7000000000000006,0.9,3.0,1.7,0.0,1.0,2.0,0.0,2.0,5.220675241855048,near,non_dense,99.0,99.0,112,2,4,1,6,0.290185138456094,-14.285670220851898
72,21.0,-0.32329746,-0.36697013,-0.2405094966666666,-415.6,-103.50333333333332,-17.839043181245284,-2.231321927718034,-0.5,-34.0,-31.76867807228197,0.8000000000000002,2.3,1.0,0.4000000000000001,0.0,0.4000000000000001,1.0,0.0,1.0,2.734735468305197,near,dense,0.0,0.0,116,1,4,1,6,0.2952362103805178,-17.031650245189667
72,34.0,-0.32827597,-0.08525624,-0.2091135266666667,462.1333333333334,-157.56,16.293804293405223,8.340956625431735,0.5,43.66666666666666,35.325710041234935,3.5,2.5,2.0,0.0,0.0,3.5,0.0,0.0,1.0,2.891977251449577,far,dense,0.0,0.0,116,1,4,1,6,0.3012557055412505,15.422579646110536
14,74.0,-0.3973948666666667,-0.1461509166666666,-0.19437975,132.54333333333332,196.21666666666667,9.06178292795569,0.3811554242586214,0.5,10.333333333333334,9.952177909074711,8.1,1.6000000000000003,4.0,4.5,0.0,3.6,3.0,0.0,3.0,3.074886571158817,far,non_dense,0.0,0.0,118,2,4,1,6,0.3013191755010516,8.13526064157486
14,64.0,-0.2785311033333333,-0.3316236433333333,-0.22552179,-460.4766666666667,15.576666666666654,-11.77212904534349,19.5754523776704,-0.5,-15.0,-34.575452377670395,3.4,1.3999999999999997,3.0,0.6999999999999998,1.5,1.2,1.0,1.0,2.0,3.877647998394584,near,non_dense,0.0,0.0,118,2,4,1,6,0.3029435786853912,-10.597420483827593
72,57.0,-0.3549695733333333,-0.1540831033333333,-0.2138320266666666,250.8333333333333,-176.01,9.664466137267205,-1.173829202271558,0.5,18.0,19.17382920227156,7.5,3.7000000000000006,3.0,4.5,1.3999999999999997,1.6000000000000003,1.0,1.0,2.0,3.603989847749782,near,non_dense,0.0,0.0,116,1,4,1,6,0.3070024367216192,10.770899802446364
23,84.0,-0.4041714066666667,-0.0728011866666666,-0.2079810566666666,438.42,-240.82333333333327,14.316767071594644,-15.42771339548232,0.5,19.33333333333333,34.76104672881565,3.2000000000000006,1.2,4.0,0.5,0.9,1.8,1.0,1.0,3.0,4.604551528598123,far,non_dense,99.0,99.0,112,2,4,1,6,0.3070160646506895,12.903095781803133
11,66.0,-0.3228615066666667,-0.10340299,-0.2777913166666667,386.6666666666667,150.04166666666666,13.14906980426411,3.716986694724991,0.5,32.5,28.78301330527501,5.400000000000001,1.8,3.0,0.8000000000000002,0.6,4.0,1.0,1.0,5.0,4.762171415263768,near,non_dense,-1.0,-1.25,113,2,4,1,6,0.3100067258864939,14.625374972820282
30,83.0,-0.4086162433333333,-0.1581014349999999,-0.2591502583333333,221.6483333333333,-90.18,10.070011210463065,1.561892771534539,0.5,19.33333333333333,17.771440561798794,4.3,0.6,4.0,0.0,0.0,4.3,0.0,0.0,6.0,3.392788160263212,far,non_dense,0.0,0.0,120,1,4,1,6,0.312047018753735,11.12872064113617
32,96.0,-0.22304943,-0.27639537,-0.2711104566666666,-230.58666666666667,-268.53000000000003,-11.746145403521185,3.8594136594930704,-0.5,-15.0,-18.85941365949307,5.5,2.6,4.0,0.0,2.0,3.5,0.0,2.0,6.0,5.4381225525709285,far,non_dense,-0.5,-0.5,114,2,5,1,6,0.3131760681912025,-10.043055564165115
23,30.0,-0.4560895766666666,-0.0404834733333333,-0.21133447,438.3866666666667,-238.41,15.161527960258647,-10.091737159093404,0.5,24.666666666666668,34.75840382576007,4.7,2.7999999999999994,2.0,0.6,1.7,2.4,1.0,2.0,4.0,2.6700434003927307,far,dense,99.0,99.0,112,2,4,1,6,0.3144284654659093,14.321990311145782
32,80.0,-0.24651436,-0.28847782,-0.2540948,-263.2133333333333,-177.66666666666666,-12.03893731336636,6.527910550020394,-0.5,-15.0,-21.5279105500204,6.0,3.2999999999999994,4.0,1.3999999999999997,2.7999999999999994,1.8,2.0,3.0,3.0,5.973917999463552,far,non_dense,-0.5,-0.5,114,2,5,1,6,0.3176759823113053,-10.141167044639587
46,92.0,-0.2909060933333333,-0.2419485433333333,-0.26384413,-426.04,-92.07666666666668,-9.76665834181032,21.2979619240302,-0.5,-11.666666666666666,-32.96462859069687,8.7,0.6999999999999998,4.0,8.7,0.0,0.0,9.0,0.0,0.0,3.226762152319658,far,non_dense,-1.0,-1.0,115,2,4,2,6,0.3225103718156316,-8.7259940803051
23,32.0,-0.4435502899999999,-0.05458748,-0.2068456566666666,58.47333333333332,-128.24,14.019615032188932,21.030486126569013,0.5,25.666666666666668,4.636180540097654,4.3,3.0,2.0,2.7999999999999994,0.0,1.5,4.0,0.0,1.0,2.4294982536960257,far,dense,99.0,99.0,112,2,4,1,6,0.324336709010946,13.231639564037325
72,54.0,-0.3645371099999999,-0.1744877133333333,-0.2086698433333333,0.0,0.0,8.230162701490622,18.0,0.5,18.0,0.0,9.8,2.7000000000000006,3.0,5.1,0.0,4.7,3.0,0.0,5.0,4.38706765756419,near,non_dense,0.0,0.0,116,1,4,1,6,0.3252566627212024,9.657085686922072
11,67.0,-0.2350480483333333,-0.4727868883333333,-0.34375393,-356.29,-101.52166666666666,-19.06242157915964,-12.738789694277989,-0.5,-39.333333333333336,-26.594543639055345,1.5,3.5,3.0,0.5,0.0,1.0,1.0,0.0,1.0,5.715546540257621,near,non_dense,-1.0,-1.25,113,2,4,1,6,0.3270958981766175,-17.192889750003815
14,35.0,-0.2851519666666666,-0.1546114533333333,-0.2489333466666666,139.00333333333333,69.49666666666666,17.147067167074944,23.562765108610403,0.5,34.0,10.437234891389595,2.9,0.4000000000000001,2.0,0.6,0.0,2.3,1.0,0.0,3.0,3.0585878369090373,far,dense,0.0,0.0,118,2,4,1,6,0.3280236678079267,16.14377796649933
39,56.0,-0.2796813107142857,-0.1285939764285714,-0.3593852492857143,262.0221428571428,-125.67857142857144,13.54133068011051,3.754544661901116,0.5,24.928571428571427,21.17402676667032,6.0,0.7,3.0,3.6,0.0,2.4,1.0,0.0,3.0,4.79184193647959,near,non_dense,0.0,0.0,114,2,5,1,6,0.3283610243060343,11.96787655353546
72,15.0,-0.3321915166666667,-0.0951350366666666,-0.2086612966666666,409.9533333333334,-205.5666666666667,15.399323148995592,9.662956036271494,0.5,41.0,31.337043963728508,1.6000000000000003,3.2000000000000006,1.0,0.4000000000000001,1.2,0.0,1.0,2.0,0.0,2.558942840140076,near,dense,0.0,0.0,116,1,4,1,6,0.3366903944975691,14.5377516746521
30,52.0,-0.34006575,-0.3228091999999999,-0.2358850266666666,-341.6266666666667,-100.86333333333334,-11.789056472131133,12.39112859405868,-0.5,-15.0,-27.39112859405868,6.2,0.8000000000000002,3.0,0.0,0.0,6.2,0.0,0.0,6.0,4.616717926225076,near,non_dense,0.0,0.0,120,1,4,1,6,0.3384706447296274,-10.226432979106905
14,85.0,-0.3624161166666666,-0.1958068833333333,-0.1859742433333333,130.39666666666668,132.4466666666667,7.969533812581179,-2.790992823104235,0.5,7.0,9.790992823104236,8.4,1.2,4.0,2.9,0.0,5.5,2.0,0.0,4.0,2.7368740871828936,far,non_dense,0.0,0.0,118,2,4,1,6,0.3398106211317505,7.039514929056168
72,96.0,-0.3443799466666666,-0.3014803983333333,-0.2401154916666666,-81.69166666666666,-111.22,-12.184206267166395,-8.75544692126684,-0.5,-15.0,-6.244553078733159,8.4,1.7,4.0,4.5,0.0,3.9,1.0,0.0,7.0,5.673776965670055,far,non_dense,0.0,0.0,116,1,4,1,6,0.3405740986897868,-10.251864790916445
25,94.0,-0.4006608433333333,-0.3065168066666666,-0.2469774099999999,-165.23000000000002,-122.18999999999998,-8.298742772025356,-0.0118121700392593,-0.5,-13.333333333333334,-13.321521163294074,4.4,1.3999999999999997,4.0,2.7000000000000006,0.4000000000000001,1.3,2.0,1.0,3.0,2.7589860585837145,far,non_dense,0.0,0.0,117,2,5,1,6,0.3444235288850307,-9.24900248646736
14,60.0,-0.2716894433333333,-0.1677192199999999,-0.2051980066666666,214.48666666666668,-36.25,12.788466746132002,3.895006922583271,0.5,20.0,16.10499307741673,3.6,1.0,3.0,2.0,0.0,1.6000000000000003,1.0,0.0,3.0,4.646298288457557,near,non_dense,0.0,0.0,118,2,4,1,6,0.3560824188965211,11.134001612663267
23,60.0,-0.39417368,-0.09144743,-0.23408026,353.3500000000001,-87.67666666666666,12.522919967129292,-13.01609384067107,0.5,15.0,28.016093840671072,5.3,1.1,3.0,0.6,2.4,2.3,1.0,1.0,3.0,4.547268835848591,near,non_dense,99.0,99.0,112,2,4,1,6,0.3706343383304423,10.837545990943909
30,32.0,-0.3488067566666666,-0.1415436066666666,-0.2167264533333333,306.75,-189.3933333333333,11.302628343481077,-2.5947682545102864,0.5,22.0,24.594768254510285,5.1,1.0,2.0,0.0,0.0,5.1,0.0,0.0,6.0,1.9018665119639724,far,dense,0.0,0.0,120,1,4,1,6,0.370716310770609,12.007681280374529
25,64.0,-0.3748409633333333,-0.36959675,-0.2784884366666666,-339.99333333333334,-225.93,-14.87680125525525,5.411658811226143,-0.5,-22.0,-27.411658811226143,4.3,1.3999999999999997,3.0,2.9,0.0,1.3999999999999997,2.0,0.0,1.0,4.838042440015234,near,non_dense,0.0,0.0,117,2,5,1,6,0.3772773740883454,-13.051517307758331
11,13.0,-0.3661091733333333,-0.04501536,-0.27311195,301.605,-65.32166666666667,16.797558499511243,20.82064048689564,0.5,43.333333333333336,22.51269284643769,5.5,1.5,1.0,1.3999999999999997,2.3,1.8,2.0,1.0,1.0,2.813268731109907,near,dense,-1.0,-1.25,113,2,4,1,6,0.3776178787604514,15.735217928886414
30,60.0,-0.3891783666666666,-0.1325737466666666,-0.2196885266666667,307.96,-246.4,12.376929101248516,13.308215707713163,0.5,38.0,24.69178429228684,2.0,1.1,3.0,0.6999999999999998,0.5,0.8000000000000002,1.0,1.0,1.0,4.609844721283083,near,non_dense,0.0,0.0,120,1,4,1,6,0.3846321224126076,14.150023460388184
30,79.0,-0.3810079666666666,-0.2971842799999999,-0.2408276466666666,-156.62666666666664,-173.67,-8.631576583850796,-1.441901975083627,-0.5,-14.0,-12.558098024916374,3.7000000000000006,1.0,4.0,1.3,0.4000000000000001,2.0,1.0,1.0,3.0,2.8750580919594184,far,non_dense,0.0,0.0,120,1,4,1,6,0.3892796626696861,-9.75077822804451
25,52.0,-0.34309715,-0.3187522266666666,-0.2417337466666666,-218.85,-229.96,-12.733748273813754,0.9779191021822567,-0.5,-16.666666666666668,-17.644585768848923,2.0,1.0,3.0,0.0,0.0,2.0,0.0,0.0,2.0,4.681482692741366,near,non_dense,0.0,0.0,117,2,5,1,6,0.393814752215358,-10.890111327171326
25,67.0,-0.2669833566666666,-0.3978081033333334,-0.2357580333333333,-447.26666666666665,-386.1433333333334,-16.65224381730994,-5.939524507438146,-0.5,-42.0,-36.06047549256186,0.6999999999999998,0.8000000000000002,3.0,0.6999999999999998,0.0,0.0,1.0,0.0,0.0,5.1930978244800015,near,non_dense,0.0,0.0,117,2,5,1,6,0.4013657737670735,-18.736575543880463
39,66.0,-0.25456509,-0.1411878771428571,-0.3288900057142857,145.68,-62.617142857142845,10.961156641306433,13.727589524560509,0.5,25.5,11.772410475439491,4.5,0.6,3.0,0.4,0.8,3.3,1.0,1.0,6.0,4.017228068267804,near,non_dense,0.0,0.0,114,2,5,1,6,0.4046224911452564,12.586617469787598
31,1.0,-0.3700378566666666,0.2059367133333333,-0.55512337,525.57,461.0366666666667,-14.152342670296548,6.009508341900535,-0.5,44.333333333333336,38.3238249914328,0.8000000000000002,0.4000000000000001,1.0,0.8000000000000002,0.0,0.0,2.0,0.0,0.0,1.9759843798350816,near,dense,0.0,0.0,125,2,2,2,2,,
31,2.0,-0.1912740133333333,0.0632878266666666,-0.45226377,0.0,0.0,9.372863687321663,2.6666666666666665,0.5,2.6666666666666665,0.0,4.7,0.5,1.0,1.3999999999999997,0.0,3.2999999999999994,1.0,0.0,5.0,1.373938864334728,near,dense,0.0,0.0,125,2,2,2,2,,
31,6.0,-0.40645371,-0.1129804933333333,-0.2563646133333333,278.66,4.589999999999989,10.818241438457417,-3.319495161658127,0.5,17.0,20.31949516165813,5.2,0.8000000000000002,1.0,1.8,0.8000000000000002,2.6,3.0,1.0,4.0,1.640810173210095,near,dense,0.0,0.0,125,2,2,2,2,,
31,8.0,-0.3925479566666667,-0.0831626133333333,-0.2642340433333333,17.73333333333331,-93.47666666666667,14.108704458946724,22.706910281824676,0.5,24.0,1.2930897181753285,4.3,0.5,1.0,2.2,0.0,2.1,3.0,0.0,4.0,2.0678557002279567,near,dense,0.0,0.0,125,2,2,2,2,,
31,10.0,-0.37241905,-0.0615596633333333,-0.26947231,457.1366666666667,-137.99666666666667,18.515464234754106,-1.3337626015569508,0.5,32.0,33.33376260155695,2.3,0.6999999999999998,1.0,0.0,0.6,1.7,0.0,1.0,3.0,2.9959354281464363,near,dense,0.0,0.0,125,2,2,2,2,,
31,11.0,-0.36216425,-0.0378744133333333,-0.2559315866666666,516.0366666666667,439.23333333333335,23.31651119576789,0.0379989297416566,0.5,37.66666666666666,37.62866773692501,1.6000000000000003,0.4000000000000001,1.0,0.0,0.0,1.6000000000000003,0.0,0.0,2.0,3.816309705505271,near,dense,0.0,0.0,125,2,2,2,2,,
31,13.0,-0.41427319,-0.0884994833333333,-0.2211503266666666,295.25,-59.306666666666665,11.027129119954523,-5.529214621687945,0.5,16.0,21.529214621687945,3.9,0.6,1.0,1.1,0.0,2.7999999999999994,2.0,0.0,5.0,1.634428969252638,near,dense,0.0,0.0,125,2,2,2,2,,
31,14.0,-0.4202580866666667,-0.1007764633333333,-0.25378095,143.81999999999996,380.9633333333333,11.680042086158693,7.846181269349725,0.5,18.33333333333333,10.487152063983606,4.7,0.6,1.0,1.3999999999999997,0.0,3.2999999999999994,1.0,0.0,4.0,1.8673120694321887,near,dense,0.0,0.0,125,2,2,2,2,,
31,15.0,-0.39491273,-0.0883237833333333,-0.26560092,146.14,816.2266666666666,13.468387095527405,6.67701013328769,0.5,17.333333333333332,10.656323200045644,1.6000000000000003,0.5,1.0,0.5,0.0,1.1,1.0,0.0,2.0,2.161097509171237,near,dense,0.0,0.0,125,2,2,2,2,,
31,16.0,-0.40470329,-0.0537698066666666,-0.24783307,365.3333333333333,45.806666666666665,16.378813369067554,-3.9729260235619406,0.5,22.666666666666668,26.639592690228607,2.3,0.6,1.0,1.6000000000000003,0.0,0.6999999999999998,2.0,0.0,1.0,2.6983306024238423,near,dense,0.0,0.0,125,2,2,2,2,,
31,17.0,-0.4146179866666666,-0.10890319,-0.2766135533333333,271.21333333333337,-95.51666666666668,10.93262635388836,-6.443161371482,0.5,13.333333333333334,19.77649470481533,2.3,0.6999999999999998,1.0,1.3,0.0,1.0,1.0,0.0,2.0,1.343725591006133,near,dense,0.0,0.0,125,2,2,2,2,,
31,19.0,-0.3760880033333333,-0.09352363,-0.2801879933333333,291.67,457.2033333333334,14.960047621817267,3.731833941718127,0.5,25.0,21.268166058281874,1.0,0.6999999999999998,1.0,1.0,0.0,0.0,1.0,0.0,0.0,2.986480188651394,near,dense,0.0,0.0,125,2,2,2,2,,
31,23.0,-0.4183100566666666,-0.2999257433333333,-0.2608500633333333,-305.38666666666666,52.836666666666666,-12.388251432863685,8.60169942738428,-0.5,-13.666666666666666,-22.268366094050947,2.4,0.5,1.0,0.9,0.0,1.5,1.0,0.0,3.0,1.826440430660493,near,dense,0.0,0.0,125,2,2,2,2,,
31,24.0,-0.42120398,-0.1643017966666666,-0.2519791733333333,32.21333333333333,106.5,4.221867271284743,6.651049053299552,0.5,9.0,2.348950946700449,5.8,0.6999999999999998,1.0,1.8,0.0,4.0,2.0,0.0,5.0,1.2158917112403038,near,dense,0.0,0.0,125,2,2,2,2,,
31,25.0,-0.3700416566666666,-0.0783963133333333,-0.27870958,493.5533333333333,109.81666666666668,19.5224408610789,-26.322548034714615,0.5,9.666666666666666,35.989214701381286,1.3,0.6999999999999998,2.0,1.3,0.0,0.0,2.0,0.0,0.0,3.2861834426219207,far,dense,0.0,0.0,125,2,2,2,2,,
31,26.0,-0.3942787966666666,-0.1096445566666666,-0.25875532,328.1433333333334,-48.96666666666667,12.98916724842376,0.4055831216164094,0.5,24.33333333333333,23.927750211716926,4.6,0.5,2.0,0.5,0.0,4.1,1.0,0.0,5.0,2.193890383196124,far,dense,0.0,0.0,125,2,2,2,2,,
31,27.0,-0.40618762,-0.1084427566666666,-0.24869803,285.1466666666667,-96.51333333333334,12.364492225130746,-0.459160435762616,0.5,20.33333333333333,20.79249376909595,4.8,0.6999999999999998,2.0,1.3,0.6999999999999998,2.7999999999999994,2.0,1.0,6.0,2.082078001734352,far,dense,0.0,0.0,125,2,2,2,2,,
31,30.0,-0.3992842733333333,-0.1082248866666666,-0.24111721,487.82,-145.83666666666667,12.8519782898507,-7.571148100768212,0.5,28.0,35.57114810076821,2.2,0.6,2.0,0.0,0.9,1.3,0.0,1.0,3.0,2.3115278657146523,far,dense,0.0,0.0,125,2,2,2,2,,
31,31.0,-0.4103673766666666,-0.1282177066666666,-0.2433925166666667,341.2933333333333,381.91333333333336,11.62854944026307,-5.553296378045563,0.5,19.33333333333333,24.886629711378895,5.599999999999999,0.6,2.0,1.1,0.0,4.5,2.0,0.0,6.0,3.371171371945677,far,dense,0.0,0.0,125,2,2,2,2,,
31,33.0,-0.4030484166666666,-0.1133080266666666,-0.27072337,392.7766666666666,-150.6966666666667,12.278539786835436,15.025944718968605,0.5,43.66666666666666,28.640721947698054,5.8,0.6999999999999998,2.0,0.5,0.0,5.3,1.0,0.0,6.0,2.1143677671779337,far,dense,0.0,0.0,125,2,2,2,2,,
31,35.0,-0.36465918,-0.0846694566666666,-0.2528788166666667,94.80666666666669,-23.840000000000003,19.49950019613628,16.753497913970662,0.5,23.666666666666668,6.913168752696006,2.7000000000000006,0.4000000000000001,2.0,1.5,0.0,1.2,3.0,0.0,2.0,3.3706048357258034,far,dense,0.0,0.0,125,2,2,2,2,,
31,36.0,-0.36086263,-0.0856744966666666,-0.2525677266666666,394.40333333333336,112.66666666666664,15.492091290007384,4.4462942401039625,0.5,33.0,28.55370575989604,1.8,0.5,2.0,1.3999999999999997,0.4000000000000001,0.0,2.0,1.0,0.0,3.647846552315576,far,dense,0.0,0.0,125,2,2,2,2,,
31,41.0,-0.39924705,-0.11166108,-0.24089569,149.15333333333336,369.9866666666667,13.842197930329974,21.123948772655396,0.5,32.0,10.876051227344613,2.0,0.6,2.0,1.3,0.0,0.6999999999999998,2.0,0.0,1.0,3.465779772015125,far,dense,0.0,0.0,125,2,2,2,2,,
31,48.0,-0.4595973299999999,-0.2359620333333333,-0.2401190033333333,-321.57666666666665,-120.56000000000002,-4.758209410177165,17.88987556949725,-0.5,-5.0,-22.88987556949725,5.8,0.5,2.0,2.2,0.0,3.6,2.0,0.0,4.0,1.2384033304401296,far,dense,0.0,0.0,125,2,2,2,2,,
31,50.0,-0.4012146,-0.09601043,-0.2493972866666667,153.42333333333332,-12.163333333333336,13.934079135418084,10.812586379989488,0.5,22.0,11.187413620010512,5.0,0.6,3.0,0.0,0.0,5.0,0.0,0.0,7.0,5.19018458158414,near,non_dense,0.0,0.0,125,2,2,2,2,,
31,51.0,-0.40727179,-0.2933556966666666,-0.25026955,-136.49666666666664,-35.75666666666666,-15.475615726025255,-2.7135217663731344,-0.5,-12.666666666666666,-9.953144900293532,2.4,0.4000000000000001,3.0,1.3999999999999997,0.0,1.0,1.0,0.0,1.0,4.575851005182098,near,non_dense,0.0,0.0,125,2,2,2,2,,
31,52.0,-0.4058405949999999,-0.3300767866666667,-0.3358328683333333,-330.18333333333334,31.866666666666674,-28.19555167045272,7.409837475035837,-0.5,-16.666666666666668,-24.076504141702504,8.2,0.4000000000000001,3.0,4.9,0.0,3.2999999999999994,1.0,0.0,3.0,9.574532184984529,near,non_dense,0.0,0.0,125,2,2,2,2,,
31,53.0,-0.38010927,-0.37960663,-0.4268861033333333,-226.1,-45.80333333333334,-41.53067978590264,-4.513106093264542,-0.5,-21.0,-16.486893906735457,2.1,0.6999999999999998,3.0,1.2,0.0,0.9,2.0,0.0,1.0,9.77879802371527,near,non_dense,0.0,0.0,125,2,2,2,2,,
31,54.0,-0.3952391766666667,-0.3257241491666666,-0.3792245733333333,-64.81250000000001,-61.28916666666667,9.88682263290893,-10.748796011567782,0.5,-15.25,-4.501203988432217,12.1,0.5,3.0,0.8000000000000002,0.6,10.699999999999998,1.0,1.0,4.0,5.359302854666866,near,non_dense,0.0,0.0,125,2,2,2,2,,
31,55.0,-0.4090643716666666,-0.3152444066666666,-0.3327572466666667,-189.765,-85.075,-7.2190052271640255,-0.8292698413165797,-0.5,-14.666666666666666,-13.837396825350089,8.9,0.4000000000000001,3.0,1.0,0.0,7.900000000000001,1.0,0.0,6.0,2.8604712066863844,near,non_dense,0.0,0.0,125,2,2,2,2,,
31,56.0,-0.4168685066666666,-0.1302359233333333,-0.2351160266666666,330.3933333333334,-94.37666666666668,10.91265520945412,0.908182953740153,0.5,25.0,24.091817046259848,8.2,0.5,3.0,0.6999999999999998,0.0,7.5,1.0,0.0,8.0,3.744188307857783,near,non_dense,0.0,0.0,125,2,2,2,2,,
31,61.0,-0.4044345733333332,-0.1219533266666666,-0.24231625,216.25,-44.38999999999999,8.762008837588516,-2.435312431069776,0.5,13.333333333333334,15.768645764403107,11.5,0.5,3.0,1.9,0.0,9.6,1.0,0.0,4.0,4.533586381162622,near,non_dense,0.0,0.0,125,2,2,2,2,,
31,65.0,-0.4071836766666667,-0.2567875833333333,-0.2567372633333333,-108.74,-122.45666666666666,-9.029369436195422,-3.881174646416691,-0.5,-11.333333333333334,-7.452158686916642,9.3,0.4000000000000001,3.0,1.3,1.6000000000000003,6.400000000000001,1.0,1.0,2.0,3.6439421975010258,near,non_dense,0.0,0.0,125,2,2,2,2,,
31,68.0,-0.4157715566666666,-0.293775,-0.2349557166666666,-338.3566666666667,111.47666666666665,-11.159875086650269,11.339158776219906,-0.5,-13.333333333333334,-24.67249210955324,4.4,0.5,3.0,1.8,0.0,2.6,2.0,0.0,3.0,3.770130633687387,near,non_dense,0.0,0.0,125,2,2,2,2,,
31,69.0,-0.37713458,-0.0962592366666666,-0.2305602799999999,298.7733333333333,-144.34,12.238118073104372,-5.452797798149976,0.5,16.333333333333332,21.786131131483312,2.9,0.6999999999999998,3.0,0.6,0.0,2.3,1.0,0.0,3.0,4.467323792995539,near,non_dense,0.0,0.0,125,2,2,2,2,,
31,70.0,-0.3828793466666667,-0.1218068833333333,-0.23250994,134.13666666666668,-5.150000000000008,9.889202576196311,2.552276312827044,0.5,12.333333333333334,9.781057020506289,3.5,0.6,3.0,1.5,0.0,2.0,1.0,0.0,3.0,3.7346999576384823,near,non_dense,0.0,0.0,125,2,2,2,2,,
31,73.0,-0.4258132599999999,-0.1338603866666666,-0.2373223266666666,196.54666666666665,434.69000000000005,6.354026396605295,-7.665239751094643,0.5,6.666666666666667,14.33190641776131,10.0,0.6,4.0,0.9,0.4000000000000001,8.7,1.0,1.0,8.0,2.1935664816125406,far,non_dense,0.0,0.0,125,2,2,2,2,,
31,74.0,-0.4258141233333333,-0.1488796733333333,-0.2333336,132.97666666666666,-283.6333333333334,6.892963357481245,-5.363138119141937,0.5,4.333333333333333,9.69647145247527,5.900000000000001,0.5,4.0,0.0,0.6,5.3,0.0,1.0,6.0,2.3914324002324943,far,non_dense,0.0,0.0,125,2,2,2,2,,
31,75.0,-0.4231147866666667,-0.2666029533333333,-0.2427641266666666,-126.04666666666668,3.55333333333334,-8.15821500274142,-2.142187731250261,-0.5,-11.333333333333334,-9.191145602083072,7.2,0.4000000000000001,4.0,2.0,0.0,5.2,1.0,0.0,6.0,2.646690392000041,far,non_dense,0.0,0.0,125,2,2,2,2,,
31,79.0,-0.4499427166666667,-0.2614962266666666,-0.2592870133333333,-148.64,-21.52999999999999,-8.400763615493887,2.5052863495377804,-0.5,-8.333333333333334,-10.838619682871114,7.099999999999999,0.5,4.0,1.3999999999999997,0.0,5.7,1.0,0.0,5.0,2.798590656933413,far,non_dense,0.0,0.0,125,2,2,2,2,,
31,83.0,-0.4062878099999999,-0.1309829033333333,-0.25903883,175.61333333333334,-89.58666666666666,9.148008779956884,-3.4721438682360457,0.5,9.333333333333334,12.80547720156938,3.7000000000000006,0.5,4.0,0.9,0.0,2.7999999999999994,1.0,0.0,3.0,3.2686050253163152,far,non_dense,0.0,0.0,125,2,2,2,2,,
31,85.0,-0.4039407183333334,-0.1642941425,-0.31929049,-386.36,48.9725,8.531557454232358,27.550504374225383,0.5,-0.0833333333333333,-27.633837707558715,6.7,0.4000000000000001,4.0,0.0,0.0,6.7,0.0,0.0,7.0,3.068324617665493,far,non_dense,0.0,0.0,125,2,2,2,2,,
31,86.0,-0.42062671,-0.14138587,-0.2745045033333333,106.41333333333334,-174.3033333333333,7.302212669950136,7.907156109706282,0.5,15.666666666666666,7.759510556960385,4.0,0.6,4.0,0.0,1.3999999999999997,2.6,0.0,1.0,4.0,2.866014088668896,far,non_dense,0.0,0.0,125,2,2,2,2,,
31,93.0,-0.4306622533333333,-0.26466937,-0.2395189566666666,-253.0833333333333,-80.19666666666667,-6.326511165434499,8.787813944698359,-0.5,-9.666666666666666,-18.454480611365025,5.599999999999999,0.4000000000000001,4.0,1.5,0.0,4.1,2.0,0.0,4.0,2.194257868068539,far,non_dense,0.0,0.0,125,2,2,2,2,,
17,1.0,-0.29597786,-0.2252161233333333,-0.2657655866666666,-244.25,174.2733333333333,-12.633891157259749,2.307550088296144,-0.5,-15.0,-17.307550088296143,4.4,1.9,1.0,2.6,0.4000000000000001,1.3999999999999997,2.0,1.0,2.0,1.5559921040427205,near,dense,0.0,0.0,120,2,1,1,1,,
17,2.0,-0.31450161,-0.10145838,-0.2426948133333333,272.8533333333333,150.84666666666666,10.47058174719632,18.665618286897725,0.5,38.0,19.334381713102275,3.0,2.6,1.0,1.1,0.4000000000000001,1.5,2.0,1.0,3.0,1.5414902519994012,near,dense,0.0,0.0,120,2,1,1,1,,
17,3.0,-0.27543686,-0.2083968316666666,-0.263750505,-218.805,244.945,-14.232033222398186,0.5045178999780456,-0.5,-15.0,-15.504517899978046,3.7000000000000006,0.6999999999999998,1.0,1.3,1.7,0.6999999999999998,1.0,1.0,1.0,2.750452626709126,near,dense,0.0,0.0,120,2,1,1,1,,
17,4.0,-0.3358649633333333,-0.0888488233333333,-0.2682712866666666,402.53,-17.036666666666672,12.7721071487484,3.476732294608611,0.5,32.0,28.52326770539139,3.4,2.1,1.0,1.1,0.0,2.3,1.0,0.0,3.0,1.9933053680457655,near,dense,0.0,0.0,120,2,1,1,1,,
17,6.0,-0.3181765866666666,-0.1106477333333333,-0.2570520533333333,196.01666666666668,234.33,10.463084991330977,25.110262941763835,0.5,39.0,13.889737058236165,7.099999999999999,2.3,1.0,1.3,0.9,4.9,2.0,2.0,4.0,1.6116750212264292,near,dense,0.0,0.0,120,2,1,1,1,,
17,7.0,-0.31670616,-0.09805203,-0.2769134733333333,413.2433333333333,5.586666666666663,12.824885165105153,13.0509190433799,0.5,42.333333333333336,29.282414289953437,6.0,2.4,1.0,0.0,0.4000000000000001,5.599999999999999,0.0,1.0,4.0,1.5537205811999684,near,dense,0.0,0.0,120,2,1,1,1,,
17,8.0,-0.34413702,-0.0542627766666666,-0.2812531199999999,423.4066666666667,-77.41666666666666,14.602743782916964,10.997412114424392,0.5,41.0,30.002587885575608,5.400000000000001,3.0,1.0,1.3999999999999997,1.5,2.5,2.0,2.0,4.0,2.180375798897586,near,dense,0.0,0.0,120,2,1,1,1,,
17,13.0,-0.3333861933333333,-0.1290654366666666,-0.2634352833333333,323.03000000000003,116.28,10.578861934192451,2.1101006959168784,0.5,25.0,22.88989930408312,3.9,1.8,1.0,0.0,0.0,3.9,0.0,0.0,6.0,1.707764911534374,near,dense,0.0,0.0,120,2,1,1,1,,
17,17.0,-0.3414466366666667,-0.1053466366666666,-0.2729159466666667,178.4366666666667,140.55666666666664,11.79872858729902,19.35598138824181,0.5,32.0,12.644018611758185,8.9,2.9,1.0,2.6,3.2000000000000006,3.1,2.0,2.0,5.0,1.4819140402385012,near,dense,0.0,0.0,120,2,1,1,1,,
17,20.0,-0.2452219266666666,-0.18547675,-0.2744422033333333,-337.25666666666666,107.67666666666668,-15.114175052289925,8.89800061799439,-0.5,-15.0,-23.898000617994388,3.1,2.4,1.0,2.0,1.1,0.0,1.0,1.0,0.0,2.304978273981104,near,dense,0.0,0.0,120,2,1,1,1,,
17,22.0,-0.30767227,-0.1022219233333333,-0.27617712,436.34,78.19999999999999,13.777415096251096,7.080956374505056,0.5,38.0,30.919043625494947,4.4,1.9,1.0,0.0,4.0,0.4000000000000001,0.0,1.0,1.0,2.2902225627277115,near,dense,0.0,0.0,120,2,1,1,1,,
17,23.0,-0.2352229466666666,-0.1801478766666666,-0.2779353333333333,-253.1833333333333,249.86666666666667,-14.143938283623893,2.9405659086527947,-0.5,-15.0,-17.940565908652797,3.1,2.2,1.0,2.5,0.6,0.0,2.0,1.0,0.0,2.0818158790446133,near,dense,0.0,0.0,120,2,1,1,1,,
17,24.0,-0.31674385,-0.1630000266666666,-0.26279096,116.93666666666668,132.52333333333334,3.8509453027314335,9.71387015151802,0.5,18.0,8.28612984848198,6.2,2.2,1.0,2.6,0.9,2.7000000000000006,2.0,1.0,2.0,1.190680037677594,near,dense,0.0,0.0,120,2,1,1,1,,
17,25.0,-0.4554758166666666,0.1811015866666666,-0.5621500199999999,427.64333333333326,667.4666666666667,17.19917634808061,9.030535332954258,0.5,39.333333333333336,30.302798000379077,6.3,0.4000000000000001,2.0,2.3,0.5,3.5,3.0,1.0,6.0,3.080753366535832,far,dense,0.0,0.0,120,2,1,1,1,,
17,26.0,-0.3276991416666666,0.037712255,-0.2165327483333333,517.2483333333333,288.92333333333335,20.79091607108545,5.146145452883293,0.5,41.333333333333336,36.18718788045004,4.7,2.7000000000000006,2.0,0.0,1.3999999999999997,3.2999999999999994,0.0,2.0,3.0,3.730660466611475,far,dense,0.0,0.0,120,2,1,1,1,,
17,27.0,-0.33427296,0.00985928,-0.24505186,311.3966666666667,484.3366666666668,17.409084176438338,22.93443846197833,0.5,45.0,22.06556153802167,7.2,2.6,2.0,4.9,0.0,2.3,5.0,0.0,2.0,2.979745018107604,far,dense,0.0,0.0,120,2,1,1,1,,
17,28.0,-0.29980104,-0.3358070666666666,-0.2373282633333333,-461.7266666666667,365.55,-20.04159312407861,11.384608981652752,-0.5,-21.33333333333333,-32.71794231498608,2.1,1.2,2.0,1.5,0.6,0.0,2.0,1.0,0.0,2.396952292617148,far,dense,0.0,0.0,120,2,1,1,1,,
17,29.0,-0.3133768233333333,-0.0102964033333333,-0.21603613,443.3433333333333,207.79333333333335,18.306142313695407,13.5847003153374,0.5,45.0,31.4152996846626,4.7,3.0,2.0,2.1,0.9,1.7,4.0,1.0,3.0,3.0481172105283334,far,dense,0.0,0.0,120,2,1,1,1,,
17,30.0,-0.33545211,0.01701901,-0.18959292,519.2633333333333,171.05000000000004,20.502098925023063,8.205010642037736,0.5,45.0,36.794989357962265,6.2,1.5,2.0,2.7000000000000006,1.6000000000000003,1.9,3.0,2.0,2.0,3.559639943549316,far,dense,0.0,0.0,120,2,1,1,1,,
17,31.0,-0.36284234,-0.0606397466666666,-0.2140244166666667,283.61333333333334,329.5966666666667,15.305086660687111,19.90316490327412,0.5,40.0,20.096835096725883,7.400000000000001,1.7,2.0,2.2,4.1,1.1,3.0,1.0,1.0,4.42972507843285,far,dense,0.0,0.0,120,2,1,1,1,,
17,32.0,-0.3543496233333333,-0.05659563,-0.21052831,223.61666666666665,234.61666666666665,14.190545761178871,10.15452749678135,0.5,26.0,15.84547250321865,9.6,1.5,2.0,6.0,1.3999999999999997,2.2,4.0,1.0,2.0,2.480913658854624,far,dense,0.0,0.0,120,2,1,1,1,,
17,33.0,-0.36703719,-0.06369534,-0.2128082366666666,404.3,105.21333333333332,13.371472529803851,12.351310130202128,0.5,41.0,28.648689869797877,4.9,3.4,2.0,1.1,0.6999999999999998,3.1,1.0,1.0,3.0,2.3868047291906875,far,dense,0.0,0.0,120,2,1,1,1,,
17,34.0,-0.3015870266666667,-0.04753115,-0.2461387633333333,489.1533333333334,-459.3333333333333,16.652719872997864,-0.3577093279508219,0.5,45.0,45.35770932795082,1.5,2.3,2.0,0.5,0.0,1.0,1.0,0.0,2.0,2.9603193223476185,far,dense,0.0,0.0,120,2,1,1,1,,
17,36.0,-0.3183217333333333,-0.0519064633333333,-0.25086557,398.82333333333344,70.28333333333335,16.059403434676476,16.739386620070025,0.5,45.0,28.26061337992997,2.5,3.2999999999999994,2.0,0.0,1.3999999999999997,1.1,0.0,2.0,2.0,3.829684545126281,far,dense,0.0,0.0,120,2,1,1,1,,
17,41.0,-0.31783421,-0.06190192,-0.3053500033333333,305.96,-918.33,14.889910744212374,4.222325472282631,0.5,45.0,40.77767452771737,4.4,3.2000000000000006,2.0,0.5,1.2,2.7000000000000006,1.0,1.0,3.0,3.780967809343944,far,dense,0.0,0.0,120,2,1,1,1,,
17,42.0,-0.24754665,-0.1574323466666666,-0.29918321,-270.9833333333333,220.6266666666667,-16.812380485481288,4.201873550706721,-0.5,-15.0,-19.20187355070672,4.0,2.9,2.0,3.5,0.0,0.5,2.0,0.0,1.0,2.1881214743066755,far,dense,0.0,0.0,120,2,1,1,1,,
17,44.0,-0.2412149766666667,-0.22656549,-0.27245731,-408.71,2649.69,-21.283070402186176,13.961182381115732,-0.5,-15.0,-28.96118238111573,3.0,0.6,2.0,2.1,0.0,0.9,3.0,0.0,1.0,2.7844382716501115,far,dense,0.0,0.0,120,2,1,1,1,,
17,46.0,-0.2750151933333333,-0.21287455,-0.2699938633333333,-184.06,232.3066666666667,-11.544834628075856,1.0424878986767172,-0.5,-12.0,-13.042487898676717,6.599999999999999,4.6,2.0,2.3,3.4,0.9,1.0,3.0,1.0,2.30462081652279,far,dense,0.0,0.0,120,2,1,1,1,,
17,47.0,-0.2705162266666667,-0.22112164,-0.27869431,-53.586666666666666,191.34,-12.94854358786497,-10.202849877591966,-0.5,-14.0,-3.797150122408036,9.6,3.5,2.0,6.400000000000001,0.0,3.2000000000000006,1.0,0.0,4.0,1.6390638720789257,far,dense,0.0,0.0,120,2,1,1,1,,
17,49.0,-0.3011031433333333,-0.1245100933333333,-0.2627690033333333,250.0533333333333,87.25666666666666,11.093713438261082,14.281225828405006,0.5,32.0,17.718774171594994,8.7,2.2,3.0,2.7000000000000006,0.8000000000000002,5.2,1.0,1.0,3.0,5.242382217558605,near,non_dense,0.0,0.0,120,2,1,1,1,,
17,51.0,-0.42133653,-0.3753613833333333,-0.5414248133333334,-87.14333333333332,228.91333333333336,-30.334779334188607,-17.82502515239405,-0.5,-24.0,-6.174974847605951,5.2,0.6999999999999998,3.0,2.5,0.0,2.7000000000000006,4.0,0.0,1.0,7.494515416196097,near,non_dense,0.0,0.0,120,2,1,1,1,,
17,52.0,-0.232026005,-0.1741126983333333,-0.2817348883333333,-211.34500000000003,109.51833333333332,-14.326934127562769,-0.0240975500063527,-0.5,-15.0,-14.975902449993647,5.3,2.0,3.0,0.0,2.1,3.2000000000000006,0.0,1.0,4.0,5.093580180136251,near,non_dense,0.0,0.0,120,2,1,1,1,,
17,53.0,-0.2485091033333333,-0.23118803,-0.2886006633333333,-281.63,162.78666666666663,-17.1549569309207,3.9562961366093865,-0.5,-16.0,-19.956296136609385,5.0,2.7999999999999994,3.0,1.3,1.6000000000000003,2.1,1.0,1.0,3.0,4.827214752460163,near,non_dense,0.0,0.0,120,2,1,1,1,,
17,54.0,-0.31048278,-0.1408514433333333,-0.2594275083333333,111.55833333333334,28.49833333333333,7.895050160571409,12.094978743363342,0.5,20.0,7.905021256636659,9.0,2.0,3.0,4.7,0.0,4.3,1.0,0.0,3.0,4.23807846779183,near,non_dense,0.0,0.0,120,2,1,1,1,,
17,55.0,-0.2692738183333333,-0.2035445849999999,-0.2749210983333333,-161.60333333333332,57.47666666666667,-8.780955555382526,8.451208950265238,-0.5,-3.0,-11.451208950265238,9.4,1.2,3.0,6.3,0.0,3.1,2.0,0.0,3.0,3.2694632938100905,near,non_dense,0.0,0.0,120,2,1,1,1,,
17,58.0,-0.3238611033333333,-0.09119371,-0.23065217,218.1266666666667,104.57333333333332,13.83317950190826,29.543548786381127,0.5,45.0,15.456451213618871,12.4,4.7,3.0,4.2,1.9,6.3,1.0,2.0,3.0,7.456424691158129,near,non_dense,0.0,0.0,120,2,1,1,1,,
17,59.0,-0.3286032166666666,-0.1299187566666666,-0.2373862866666666,176.57333333333335,120.31333333333332,9.772344579226546,25.48801715077143,0.5,38.0,12.511982849228565,8.1,2.6,3.0,5.2,0.0,2.9,3.0,0.0,2.0,3.6770430512021854,near,non_dense,0.0,0.0,120,2,1,1,1,,
17,60.0,-0.3058389366666666,-0.0761817566666666,-0.2467787933333333,308.5566666666667,107.07166666666669,15.068074826610996,23.13568080486784,0.5,45.0,21.86431919513216,5.900000000000001,2.0,3.0,3.0,0.0,2.9,1.0,0.0,3.0,5.510614623632982,near,non_dense,0.0,0.0,120,2,1,1,1,,
17,65.0,-0.2892843599999999,-0.2316652766666666,-0.2989791433333333,-85.68333333333335,44.04999999999999,-11.954287496091789,-8.928480723034426,-0.5,-15.0,-6.071519276965574,3.2000000000000006,1.2,3.0,0.0,0.0,3.2000000000000006,0.0,0.0,3.0,4.715903131171163,near,non_dense,0.0,0.0,120,2,1,1,1,,
17,66.0,-0.3278017866666666,-0.1248956266666666,-0.2754249966666666,140.07000000000002,24.166666666666668,10.614928454399246,29.074642616713856,0.5,39.0,9.925357383286146,5.8,2.3,3.0,3.1,0.5,2.2,2.0,1.0,2.0,3.926326030551309,near,non_dense,0.0,0.0,120,2,1,1,1,,
17,70.0,-0.3219218966666666,-0.1325062066666666,-0.2690379133333333,107.8633333333333,85.09333333333335,10.787417558973637,24.35680636905937,0.5,32.0,7.6431936309406305,4.6,2.5,3.0,2.7000000000000006,0.0,1.9,1.0,0.0,3.0,4.0782026781674015,near,non_dense,0.0,0.0,120,2,1,1,1,,
17,72.0,-0.2626058266666666,-0.18088146,-0.2958850833333333,-307.97333333333336,103.80333333333334,-13.908552495173858,6.822984206862604,-0.5,-15.0,-21.822984206862603,3.2999999999999994,0.5,3.0,1.2,0.0,2.1,2.0,0.0,4.0,4.442283970129657,near,non_dense,0.0,0.0,120,2,1,1,1,,
17,73.0,-0.3159691699999999,-0.17280257,-0.26723058,106.07333333333334,-18.536666666666672,5.542341975951423,10.483645733063668,0.5,18.0,7.516354266936335,7.5,1.2,4.0,0.0,0.0,7.5,0.0,0.0,7.0,2.138827657815954,far,non_dense,0.0,0.0,120,2,1,1,1,,
17,75.0,-0.29713279,-0.1936879299999999,-0.3370527733333333,-120.29333333333334,126.38666666666666,-8.111291353487099,0.5239831809816607,-0.5,-8.0,-8.523983180981661,4.0,0.4000000000000001,4.0,1.8,0.0,2.2,1.0,0.0,2.0,2.678068197195032,far,non_dense,0.0,0.0,120,2,1,1,1,,
17,77.0,-0.30865272,-0.1638645466666666,-0.2768396833333333,-228.27,119.87666666666668,-6.758905430553607,13.175207609643238,-0.5,-3.0,-16.175207609643238,9.1,0.6,4.0,2.0,0.0,7.099999999999999,1.0,0.0,5.0,2.12333323644562,far,non_dense,0.0,0.0,120,2,1,1,1,,
17,79.0,-0.27861098,-0.1682679016666667,-0.28405619,-220.09333333333333,129.68333333333334,-10.489170006921944,9.595809174070526,-0.5,-6.0,-15.595809174070524,8.0,1.8,4.0,5.3,0.0,2.7000000000000006,1.0,0.0,1.0,3.478815220207745,far,non_dense,0.0,0.0,120,2,1,1,1,,
17,80.0,-0.2846937666666667,-0.1879327933333333,-0.2714275733333333,-164.27666666666667,104.2,-11.438023315396252,-3.3593587034937045,-0.5,-15.0,-11.640641296506296,8.2,0.5,4.0,1.9,0.0,6.3,1.0,0.0,8.0,5.20762665112027,far,non_dense,0.0,0.0,120,2,1,1,1,,
17,81.0,-0.2669089644444444,-0.2090962222222222,-0.3227232666666666,-284.2077777777778,88.56888888888888,-15.53147987114216,-0.8610425818946632,-0.5,-21.0,-20.13895741810533,7.900000000000001,0.5,4.0,2.8,0.0,5.1,1.0,0.0,4.0,4.7922123465796505,far,non_dense,0.0,0.0,120,2,1,1,1,,
17,82.0,-0.3304749133333333,-0.1219255233333333,-0.29633523,240.01333333333332,-93.31666666666666,8.734202350292428,10.992660026507329,0.5,28.0,17.007339973492673,5.1,2.5,4.0,0.0,0.0,5.1,0.0,0.0,7.0,3.0276371856021185,far,non_dense,0.0,0.0,120,2,1,1,1,,
17,83.0,-0.3216062066666666,-0.0917237666666666,-0.2944623633333333,288.69,-165.36333333333334,10.69137061290501,20.54343240536248,0.5,41.0,20.45656759463752,5.400000000000001,3.2999999999999994,4.0,0.5,1.0,3.9,1.0,2.0,3.0,3.577363640477824,far,non_dense,0.0,0.0,120,2,1,1,1,,
17,84.0,-0.3035634366666667,-0.0822515566666666,-0.30912735,281.1266666666667,75.27999999999999,13.63254045283101,20.079370053268917,0.5,40.0,19.920629946731086,1.9,2.3,4.0,0.0,1.3999999999999997,0.5,0.0,1.0,1.0,4.562420469103071,far,non_dense,0.0,0.0,120,2,1,1,1,,
17,85.0,-0.3117811966666666,-0.1150959433333333,-0.2733676233333333,141.51333333333335,-16.07333333333334,7.946584803014582,23.97236804573832,0.5,34.0,10.02763195426168,8.6,2.0,4.0,3.1,0.4000000000000001,5.1,2.0,1.0,6.0,2.8389351372951244,far,non_dense,0.0,0.0,120,2,1,1,1,,
17,86.0,-0.3298142266666666,-0.1209956133333333,-0.27658243,64.39333333333327,52.329999999999984,8.028236539905736,17.437089694906792,0.5,22.0,4.562910305093205,8.1,2.1,4.0,2.1,4.4,1.6000000000000003,1.0,1.0,3.0,3.057103167034229,far,non_dense,0.0,0.0,120,2,1,1,1,,
17,87.0,-0.3081591433333333,-0.1105980433333333,-0.2875842466666666,313.4066666666667,-111.54,10.772169545923536,15.79200990239809,0.5,38.0,22.207990097601908,5.2,2.5,4.0,3.5,0.5,1.2,1.0,1.0,1.0,3.985399328528724,far,non_dense,0.0,0.0,120,2,1,1,1,,
17,88.0,-0.3160892933333333,-0.09610096,-0.2644819133333333,340.83666666666664,-160.16,12.046706470770642,13.848320653997016,0.5,38.0,24.151679346002982,4.5,1.3,4.0,0.6999999999999998,0.0,3.8,1.0,0.0,2.0,4.687159039256532,far,non_dense,0.0,0.0,120,2,1,1,1,,
17,89.0,-0.3207131733333333,-0.1180919633333333,-0.2656482866666667,77.5,173.40333333333334,6.769629371739307,18.84168489180641,0.5,24.33333333333333,5.491648441526924,6.2,2.3,4.0,0.0,1.8,4.4,0.0,1.0,4.0,3.3859540349708848,far,non_dense,0.0,0.0,120,2,1,1,1,,
17,90.0,-0.3294635733333333,-0.1424156433333333,-0.2535815333333333,134.20000000000002,140.64,7.398857112568964,10.490590698672088,0.5,20.0,9.509409301327912,5.8,1.8,4.0,4.5,0.6999999999999998,0.6,4.0,1.0,1.0,2.927181844256573,far,non_dense,0.0,0.0,120,2,1,1,1,,
17,92.0,-0.325017705,-0.1779944816666666,-0.2687392933333333,-154.70833333333334,69.82166666666666,-6.460224085366826,7.462629388919069,-0.5,-3.5,-10.96262938891907,8.6,0.8000000000000002,4.0,4.2,0.0,4.4,1.0,0.0,5.0,2.0729774274216326,far,non_dense,0.0,0.0,120,2,1,1,1,,
17,93.0,-0.31314676,-0.19726066,-0.2485430433333333,-173.13666666666666,28.44,-6.866271487782403,1.9351273850042967,-0.5,-10.333333333333334,-12.26846071833763,7.400000000000001,1.1,4.0,3.5,0.0,3.9,2.0,0.0,5.0,2.3513781741235262,far,non_dense,0.0,0.0,120,2,1,1,1,,
17,94.0,-0.2969177366666666,-0.1973234,-0.2793912,-153.70333333333335,173.16333333333338,-7.937314791488306,2.891415109128945,-0.5,-8.0,-10.891415109128944,2.9,3.7000000000000006,4.0,1.8,1.1,0.0,1.0,1.0,0.0,2.7006096941159305,far,non_dense,0.0,0.0,120,2,1,1,1,,
17,95.0,-0.3130171666666667,-0.1185944366666666,-0.2545037366666666,249.35333333333327,-94.16666666666669,11.651214361563722,20.330827814328472,0.5,38.0,17.669172185671524,7.2,2.3,4.0,1.8,0.0,5.400000000000001,1.0,0.0,2.0,4.383630686327542,far,non_dense,0.0,0.0,120,2,1,1,1,,
17,96.0,-0.2870157866666666,-0.2069096333333333,-0.2858919099999999,-170.90666666666667,-14.373333333333337,-11.308083630869383,-2.889557036818561,-0.5,-15.0,-12.11044296318144,4.2,3.6,4.0,0.0,0.0,4.2,0.0,0.0,4.0,5.127043372269285,far,non_dense,0.0,0.0,120,2,1,1,1,,
68,2.0,-0.3728145466666666,-0.1051268166666666,-0.2330986833333333,388.3133333333333,-78.39999999999999,12.333876483172048,-9.10954747743085,0.5,21.33333333333333,30.442880810764184,6.0,3.2000000000000006,1.0,0.4000000000000001,1.3,4.3,1.0,1.0,3.0,1.8075342914052988,near,dense,0.0,0.0,118,2,1,1,1,,
68,3.0,-0.37158965,-0.3798393166666667,-0.2607745566666666,-299.18666666666667,-26.19333333333333,-17.683954515819806,0.4555531619735789,-0.5,-23.0,-23.45555316197358,2.3,2.6,1.0,1.9,0.4000000000000001,0.0,2.0,1.0,0.0,3.685288267278801,near,dense,0.0,0.0,118,2,1,1,1,,
68,4.0,-0.35588819,-0.0937987333333333,-0.23406417,419.02,-63.55,14.964519414553118,-6.516880198676233,0.5,26.33333333333333,32.85021353200957,2.2,4.0,1.0,0.0,2.2,0.0,0.0,1.0,0.0,2.2665677868753087,near,dense,0.0,0.0,118,2,1,1,1,,
68,5.0,-0.3303317133333333,-0.0723842466666666,-0.2367923866666666,443.01666666666665,-82.66666666666667,18.83410484285861,9.601835795652306,0.5,44.333333333333336,34.73149753768103,1.5,4.9,1.0,0.0,1.5,0.0,0.0,2.0,0.0,3.021186483660354,near,dense,0.0,0.0,118,2,1,1,1,,
68,6.0,-0.36659498,-0.10517692,-0.2435806866666666,389.8633333333334,-57.32666666666668,12.20233496328575,-6.897730613417868,0.5,23.666666666666668,30.56439728008453,6.599999999999999,4.9,1.0,0.0,6.599999999999999,0.0,0.0,3.0,0.0,1.8272317434234724,near,dense,0.0,0.0,118,2,1,1,1,,
68,7.0,-0.3631066766666667,-0.0731610466666666,-0.24052473,496.56,-55.97,16.806202322341438,6.070827093087037,0.5,45.0,38.92917290691296,0.8000000000000002,4.1,1.0,0.0,0.8000000000000002,0.0,0.0,1.0,0.0,2.184253923963173,near,dense,0.0,0.0,118,2,1,1,1,,
68,8.0,-0.33621919,-0.0693177333333333,-0.2440082966666666,425.70666666666665,-71.42333333333333,16.54575518430554,11.625567032599834,0.5,45.0,33.37443296740017,1.2,4.1,1.0,0.4000000000000001,0.8000000000000002,0.0,1.0,1.0,0.0,2.6095269426890453,near,dense,0.0,0.0,118,2,1,1,1,,
68,10.0,-0.3220225666666667,-0.0143375899999999,-0.23710095,652.1933333333333,-105.49,23.48628093093996,-5.625982387653596,0.5,45.0,50.6259823876536,0.4000000000000001,4.1,1.0,0.0,0.4000000000000001,0.0,0.0,1.0,0.0,3.828583728185597,near,dense,0.0,0.0,118,2,1,1,1,,
68,14.0,-0.3558157799999999,-0.0721248233333333,-0.2333660066666666,342.66333333333336,-105.23,14.454484212386204,11.135975205025607,0.5,38.0,26.864024794974394,1.3999999999999997,5.1,1.0,0.4000000000000001,1.0,0.0,1.0,1.0,0.0,2.3453975034246013,near,dense,0.0,0.0,118,2,1,1,1,,
68,17.0,-0.38275382,-0.10125567,-0.23716423,358.12999999999994,-135.75666666666666,12.368069385776344,-15.076576230773195,0.5,13.0,28.076576230773195,2.7999999999999994,5.5,1.0,0.4000000000000001,0.6999999999999998,1.7,1.0,1.0,2.0,1.6906471679456905,near,dense,0.0,0.0,118,2,1,1,1,,
68,20.0,-0.2800828733333333,-0.3521923433333333,-0.28903542,-344.99333333333334,-102.81666666666666,-16.210066542159275,6.046691487565636,-0.5,-21.0,-27.046691487565635,1.2,4.0,1.0,0.8000000000000002,0.4000000000000001,0.0,2.0,1.0,0.0,2.6164552565069403,near,dense,0.0,0.0,118,2,1,1,1,,
68,21.0,-0.3529224933333333,-0.3748957316666666,-0.3585045616666666,-518.5133333333333,-143.9466666666667,-20.28566160934199,12.15026423367394,-0.5,-28.5,-40.65026423367394,0.6,0.5,1.0,0.6,0.0,0.0,1.0,0.0,0.0,3.237875066489803,near,dense,0.0,0.0,118,2,1,1,1,,
68,23.0,-0.2855493344444444,-0.3442710744444445,-0.2765736566666666,-393.2088888888889,-145.99333333333334,-16.092827736982503,8.160014548273487,-0.5,-22.666666666666668,-30.82668121494016,0.8,0.4,1.0,0.8,0.0,0.0,2.0,0.0,0.0,2.5161729948152374,near,dense,0.0,0.0,118,2,1,1,1,,
68,24.0,-0.3505549533333333,-0.1792122416666667,-0.232206595,189.3361111111111,-145.96333333333334,4.526596266463772,-8.176853163700114,0.5,6.666666666666667,14.84351983036678,5.6,0.4,1.0,2.4,0.0,3.2,3.0,0.0,4.0,1.3676173233539002,near,dense,0.0,0.0,118,2,1,1,1,,
68,25.0,-0.3266823566666667,-0.0797380433333333,-0.23952161,513.8633333333333,-159.71,17.688965798228498,4.714285174287127,0.5,45.0,40.28571482571287,1.6000000000000003,3.0,2.0,0.0,1.1,0.5,0.0,1.0,1.0,3.074771176854579,far,dense,0.0,0.0,118,2,1,1,1,,
68,26.0,-0.3354296366666666,-0.1027719966666666,-0.2357164633333333,413.43,-151.33,15.045351132270213,6.588029734765129,0.5,39.0,32.41197026523487,2.7999999999999994,3.9,2.0,0.4000000000000001,0.0,2.4,1.0,0.0,2.0,2.583289439027572,far,dense,0.0,0.0,118,2,1,1,1,,
68,27.0,-0.3445065333333333,-0.0940637666666666,-0.2420301566666667,450.2966666666667,-173.65666666666667,15.613701172989488,-10.302232954875988,0.5,25.0,35.30223295487599,1.0,2.7999999999999994,2.0,0.0,1.0,0.0,0.0,2.0,0.0,2.784128287486111,far,dense,0.0,0.0,118,2,1,1,1,,
68,29.0,-0.3405755766666667,-0.1175472966666666,-0.2324010266666666,400.86666666666673,-172.84666666666666,13.431634586349247,4.572966450611186,0.5,36.0,31.427033549388813,1.7,3.2999999999999994,2.0,0.0,0.0,1.7,0.0,0.0,1.0,2.276958453068285,far,dense,0.0,0.0,118,2,1,1,1,,
68,30.0,-0.3226495766666666,-0.1038927866666666,-0.2394968066666666,517.0200000000001,-216.95666666666668,16.417964223474474,-8.533190301941644,0.5,32.0,40.53319030194165,1.7,4.0,2.0,0.0,0.0,1.7,0.0,0.0,2.0,2.970357403005617,far,dense,0.0,0.0,118,2,1,1,1,,
68,31.0,-0.3428130433333333,-0.1185650333333333,-0.24368851,401.16,-158.1266666666667,14.222006409402384,0.5499697854494853,0.5,32.0,31.45003021455052,5.400000000000001,4.5,2.0,0.0,2.0,3.4,0.0,2.0,2.0,3.917321385166876,far,dense,0.0,0.0,118,2,1,1,1,,
68,34.0,-0.3259278966666666,-0.1024015333333333,-0.2457621066666666,450.1966666666667,-129.76,16.790471499573574,3.705606817338231,0.5,39.0,35.29439318266177,2.4,5.400000000000001,2.0,0.0,0.0,2.4,0.0,0.0,1.0,2.818614152178895,far,dense,0.0,0.0,118,2,1,1,1,,
68,37.0,-0.36881212,-0.0750931333333333,-0.2342405066666666,371.47,-96.75333333333332,15.77590145838296,0.8775981558503325,0.5,30.0,29.122401844149667,3.2000000000000006,3.1,2.0,0.0,2.4,0.8000000000000002,0.0,2.0,1.0,2.856439399802326,far,dense,0.0,0.0,118,2,1,1,1,,
68,38.0,-0.3378616166666666,-0.0742820666666666,-0.2370508033333333,432.8966666666667,-85.54666666666667,17.20915565218795,7.061887410397669,0.5,41.0,33.93811258960233,3.6,3.2000000000000006,2.0,0.0,0.4000000000000001,3.2000000000000006,0.0,1.0,5.0,3.5901079596640915,far,dense,0.0,0.0,118,2,1,1,1,,
68,39.0,-0.3135246,-0.08567846,-0.2189932333333333,428.6733333333334,-120.39666666666666,16.19496629081307,7.392987123578071,0.5,41.0,33.607012876421926,2.5,4.6,2.0,0.0,0.0,2.5,0.0,0.0,1.0,2.9384606361512557,far,dense,0.0,0.0,118,2,1,1,1,,
68,40.0,-0.3065561733333333,-0.0781702533333333,-0.2260948699999999,481.72333333333336,-105.58,18.08689842538611,7.233987963936279,0.5,45.0,37.76601203606372,5.1,2.9,2.0,0.0,0.0,5.1,0.0,0.0,3.0,3.2293077269179555,far,dense,0.0,0.0,118,2,1,1,1,,
68,41.0,-0.3146057933333333,-0.1046388833333333,-0.2251217733333333,397.98,-159.33333333333334,15.98658914080167,0.7992745418615618,0.5,32.0,31.20072545813844,0.8000000000000002,3.7000000000000006,2.0,0.0,0.0,0.8000000000000002,0.0,0.0,1.0,3.9856324794186446,far,dense,0.0,0.0,118,2,1,1,1,,
68,45.0,-0.2985276866666667,-0.3877238566666667,-0.25352492,-310.4166666666667,-98.31,-17.78598331779886,-8.664040418369924,-0.5,-33.0,-24.33595958163008,2.3,0.4000000000000001,2.0,0.6,0.0,1.7,1.0,0.0,2.0,2.307529443412655,far,dense,0.0,0.0,118,2,1,1,1,,
68,46.0,-0.31682233,-0.3464898966666667,-0.2536688533333333,-225.67,-130.35666666666663,-11.7864182200466,-4.974652710844513,-0.5,-22.666666666666668,-17.69201395582215,5.0,1.9,2.0,5.0,0.0,0.0,4.0,0.0,0.0,2.484559753700158,far,dense,0.0,0.0,118,2,1,1,1,,
68,47.0,-0.3149758,-0.3416764566666666,-0.2539419933333333,-307.99333333333334,-152.82333333333335,-11.927872398387132,8.145975768305567,-0.5,-16.0,-24.145975768305565,1.0,2.7999999999999994,2.0,0.0,1.0,0.0,0.0,1.0,0.0,1.6155876089515675,far,dense,0.0,0.0,118,2,1,1,1,,
68,49.0,-0.3735812466666666,-0.1103193666666666,-0.3351442733333333,187.72666666666663,-123.96999999999998,10.44595191173064,3.1159902813253577,0.5,17.833333333333332,14.717343052007976,7.3,0.9,3.0,0.0,0.0,7.3,0.0,0.0,6.0,5.037216228591329,near,non_dense,0.0,0.0,118,2,1,1,1,,
68,50.0,-0.2995506633333333,-0.0945149933333333,-0.2217213933333333,423.61,-155.04,16.53929484171901,-13.210059076642098,0.5,20.0,33.210059076642096,3.5,2.3,3.0,0.0,2.3,1.2,0.0,2.0,2.0,6.067227029558165,near,non_dense,0.0,0.0,118,2,1,1,1,,
68,54.0,-0.3761675833333333,-0.1551406766666666,-0.24999963,202.63666666666668,-132.33666666666667,7.532466241431947,-9.886253089147646,0.5,6.0,15.886253089147644,11.9,0.5,3.0,6.0,0.0,5.900000000000001,1.0,0.0,3.0,4.07063696875158,near,non_dense,0.0,0.0,118,2,1,1,1,,
68,55.0,-0.365131825,-0.2854809016666667,-0.2550109783333333,-32.62166666666665,-93.15,-9.301534928504696,-11.942535640852372,-0.5,-14.5,-2.5574643591476254,5.7,0.4000000000000001,3.0,5.2,0.0,0.5,1.0,0.0,1.0,3.611090478310095,near,non_dense,0.0,0.0,118,2,1,1,1,,
68,56.0,-0.32509557,-0.1323517233333333,-0.2217516066666666,168.08333333333334,-112.03000000000002,13.03708926325603,11.8226495366046,0.5,25.0,13.1773504633954,5.7,0.6,3.0,1.1,0.0,4.6,1.0,0.0,4.0,4.726219307182752,near,non_dense,0.0,0.0,118,2,1,1,1,,
68,57.0,-0.3712750466666666,-0.1811027833333333,-0.2117219566666666,209.08,-121.16,7.570468164291822,-7.391395745483653,0.5,9.0,16.391395745483653,11.4,5.1,3.0,5.900000000000001,1.1,4.4,2.0,2.0,2.0,3.0066281928842664,near,non_dense,0.0,0.0,118,2,1,1,1,,
68,58.0,-0.3470269666666666,-0.13167615,-0.2272560666666666,119.59333333333332,-64.09333333333333,14.024051838556526,11.624155083278133,0.5,21.0,9.375844916721867,5.5,3.4,3.0,0.6,1.0,3.9,1.0,2.0,3.0,7.592523413632118,near,non_dense,0.0,0.0,118,2,1,1,1,,
68,59.0,-0.3872125833333333,-0.17400509,-0.2149705966666666,225.09333333333333,-114.62,7.780699666987251,-4.646804602720171,0.5,13.0,17.64680460272017,12.0,4.2,3.0,2.9,5.7,3.4,2.0,3.0,2.0,2.9481325305403296,near,non_dense,0.0,0.0,118,2,1,1,1,,
68,60.0,-0.3247754866666666,-0.12405398,-0.2169475866666666,381.24,-215.51,15.87411556397081,-4.888347589478612,0.5,25.0,29.888347589478613,2.1,1.1,3.0,0.5,0.5,1.1,1.0,1.0,2.0,5.86654496601804,near,non_dense,0.0,0.0,118,2,1,1,1,,
68,61.0,-0.3400441999999999,-0.14195829,-0.2062307633333333,202.28666666666663,-110.19,10.628895506731746,7.141186113602117,0.5,23.0,15.858813886397884,9.1,2.7999999999999994,3.0,3.2999999999999994,2.1,3.7000000000000006,2.0,1.0,2.0,5.362841603252474,near,non_dense,0.0,0.0,118,2,1,1,1,,
68,62.0,-0.32490758,-0.1244492666666666,-0.2268470533333333,408.32666666666665,-179.82333333333335,14.254294797007802,12.98811944343064,0.5,45.0,32.01188055656936,3.2000000000000006,2.6,3.0,0.0,2.4,0.8000000000000002,0.0,1.0,1.0,5.6166311721765565,near,non_dense,0.0,0.0,118,2,1,1,1,,
68,65.0,-0.4032742566666666,-0.2295674866666666,-0.302981295,-248.50666666666663,-147.67333333333332,-11.700211983407549,12.047974067385448,-0.5,-6.833333333333333,-18.881307400718786,4.1,3.7000000000000006,3.0,0.0,1.9,2.2,0.0,3.0,2.0,4.767022756683454,near,non_dense,0.0,0.0,118,2,1,1,1,,
68,66.0,-0.3670638733333333,-0.1164175766666666,-0.2180581633333333,253.88,-91.76333333333334,12.940128273661276,-1.9036136974526023,0.5,18.0,19.9036136974526,6.8,4.4,3.0,4.6,0.9,1.3,2.0,1.0,2.0,5.009343103808448,near,non_dense,0.0,0.0,118,2,1,1,1,,
68,67.0,-0.3018799633333333,-0.3559701266666666,-0.2941781566666666,-423.2366666666667,-227.51,-15.602761502287086,9.514123927042355,-0.5,-23.666666666666668,-33.18079059370902,2.2,0.5,3.0,0.6,0.0,1.6000000000000003,1.0,0.0,2.0,4.956898955044411,near,non_dense,0.0,0.0,118,2,1,1,1,,
68,69.0,-0.2904453899999999,-0.13702077,-0.2142738833333333,345.4066666666667,-190.1233333333333,14.478629229931258,17.9209041206156,0.5,45.0,27.0790958793844,2.3,2.4,3.0,1.0,0.0,1.3,1.0,0.0,2.0,5.53068563836959,near,non_dense,0.0,0.0,118,2,1,1,1,,
68,70.0,-0.33124905,-0.14931808,-0.2763239233333333,391.5066666666667,-207.41333333333333,10.825267065780556,-23.69323087013816,0.5,7.0,30.69323087013816,3.8,0.4000000000000001,3.0,0.0,0.0,3.8,0.0,0.0,7.0,3.996617116299658,near,non_dense,0.0,0.0,118,2,1,1,1,,
68,73.0,-0.4598544333333333,-0.1615078233333333,-0.22069983,111.14000000000004,-174.72666666666666,5.796059853836092,-3.7131228388801114,0.5,5.0,8.71312283888011,9.6,1.9,4.0,0.0,9.0,0.6,0.0,2.0,1.0,2.203546341596733,far,non_dense,0.0,0.0,118,2,1,1,1,,
68,74.0,-0.3852132266666666,-0.1467112266666666,-0.2211936666666666,261.41,-90.20666666666666,8.504398026811575,-9.493948545183096,0.5,11.0,20.4939485451831,5.599999999999999,2.9,4.0,0.4000000000000001,3.8,1.3999999999999997,1.0,2.0,2.0,2.886928374307628,far,non_dense,0.0,0.0,118,2,1,1,1,,
68,75.0,-0.4035333866666666,-0.3257453433333333,-0.24115345,-223.14333333333332,-102.24333333333334,-8.621491887179191,4.827262377876286,-0.5,-12.666666666666666,-17.493929044542952,4.3,0.6999999999999998,4.0,3.6,0.0,0.6999999999999998,2.0,0.0,1.0,2.895353820014805,far,non_dense,0.0,0.0,118,2,1,1,1,,
68,76.0,-0.3236454833333333,-0.3098167266666666,-0.23563819,-146.16,-139.19333333333333,-6.997434106400445,-3.541388931701307,-0.5,-15.0,-11.458611068298694,6.2,3.9,4.0,4.7,0.8000000000000002,0.6999999999999998,2.0,1.0,1.0,2.2459552646917107,far,non_dense,0.0,0.0,118,2,1,1,1,,
68,77.0,-0.3492533966666666,-0.32831351,-0.24560825,-102.31333333333336,-110.93333333333334,-7.426189234552979,-6.9788677218947255,-0.5,-15.0,-8.021132278105275,7.400000000000001,5.599999999999999,4.0,5.8,0.5,1.1,2.0,1.0,1.0,2.4509758043359637,far,non_dense,0.0,0.0,118,2,1,1,1,,
68,80.0,-0.2817611499999999,-0.3293359033333333,-0.2992526533333333,-36.77999999999998,-120.215,-13.919953061811,-24.449865112944547,-0.5,-27.33333333333333,-2.88346822038879,3.2000000000000006,0.4000000000000001,4.0,1.6000000000000003,0.0,1.6000000000000003,1.0,0.0,2.0,6.540400811856531,far,non_dense,0.0,0.0,118,2,1,1,1,,
68,81.0,-0.2735108533333333,-0.36288022,-0.2513724066666666,-303.39000000000004,-157.01,-16.1270272903153,-18.214915079288858,-0.5,-42.0,-23.785084920711142,4.2,2.7999999999999994,4.0,2.4,1.0,0.8000000000000002,1.0,1.0,1.0,5.312511480182266,far,non_dense,0.0,0.0,118,2,1,1,1,,
68,83.0,-0.2901683566666667,-0.18196059,-0.2632217733333333,216.08,-82.09333333333332,9.741317798109542,-5.940179800478801,0.5,11.0,16.940179800478802,9.3,0.5,4.0,2.5,0.0,6.8,1.0,0.0,3.0,3.353547547417053,far,non_dense,0.0,0.0,118,2,1,1,1,,
68,85.0,-0.3490791133333333,-0.1714771333333333,-0.2303016866666666,147.20000000000002,-114.74666666666668,7.784409268907827,-2.5401446993265417,0.5,9.0,11.54014469932654,11.1,3.8,4.0,4.2,3.7000000000000006,3.2000000000000006,1.0,1.0,3.0,2.8692338344674995,far,non_dense,0.0,0.0,118,2,1,1,1,,
68,88.0,-0.22176076,-0.2007386633333333,-0.2536463733333333,378.1366666666666,-165.07333333333335,14.53454662054295,-17.311719991764093,0.5,12.333333333333334,29.645053325097425,3.6,0.6,4.0,0.0,0.0,3.6,0.0,0.0,4.0,5.245205430080419,far,non_dense,0.0,0.0,118,2,1,1,1,,
68,89.0,-0.29271144,-0.1918447666666666,-0.23828008,188.13333333333333,-142.39,8.212646535234152,-1.7492247923457906,0.5,13.0,14.74922479234579,12.199999999999998,1.3999999999999997,4.0,4.4,0.0,7.8,1.0,0.0,4.0,4.018475567625639,far,non_dense,0.0,0.0,118,2,1,1,1,,
68,90.0,-0.34200844,-0.19156363,-0.2256381233333333,225.42666666666665,-136.89,6.815273744038575,-2.3396038434342272,0.5,15.333333333333334,17.67293717676756,9.4,4.6,4.0,6.3,2.6,0.5,2.0,1.0,1.0,2.663612989497252,far,non_dense,0.0,0.0,118,2,1,1,1,,
68,91.0,-0.3078253266666667,-0.3146763833333333,-0.2539904666666666,-186.71000000000004,-153.95333333333335,-8.77655305882941,-3.69569463216989,-0.5,-18.33333333333333,-14.637638701163445,3.2000000000000006,0.9,4.0,3.2000000000000006,0.0,0.0,1.0,0.0,0.0,2.999900087329388,far,non_dense,0.0,0.0,118,2,1,1,1,,
68,93.0,-0.27694157,-0.30995213,-0.26720473,-126.97333333333331,-113.17666666666666,-6.235810563994547,-21.378913227202293,-0.5,-31.33333333333333,-9.95442010613104,7.599999999999999,0.8000000000000002,4.0,2.5,0.0,5.1,1.0,0.0,2.0,2.261417642065647,far,non_dense,0.0,0.0,118,2,1,1,1,,
66,5.0,-0.3136344433333333,-0.10449085,-0.2097572366666666,171.77333333333334,118.28333333333332,25.899019304607545,23.7473918865228,0.5,37.0,13.2526081134772,4.1,8.0,1.0,3.0,1.1,0.0,3.0,2.0,0.0,4.297214235632668,near,dense,1.0,1.5,113,2,2,1,2,,
66,6.0,-0.31198414,-0.1071059233333333,-0.2079176733333333,399.38000000000005,10.01333333333332,14.85562254807409,7.1871460741256525,0.5,38.0,30.81285392587435,6.3,8.3,1.0,0.9,5.400000000000001,0.0,1.0,4.0,0.0,2.278739828532395,near,dense,1.0,1.5,113,2,2,1,2,,
66,7.0,-0.3043551933333333,-0.0899414566666666,-0.20159611,948.9,-9.606666666666664,16.10099673973536,-18.95985060529874,0.5,42.333333333333336,61.29318393863207,6.099999999999999,6.400000000000001,1.0,2.7999999999999994,2.4,0.9,3.0,3.0,1.0,2.200801856347604,near,dense,1.0,1.5,113,2,2,1,2,,
66,8.0,-0.2891460066666667,-0.081202,-0.1963636033333333,358.42333333333335,-143.37,20.09127190429943,17.347023352133384,0.5,45.0,27.65297664786662,6.3,6.0,1.0,2.9,3.4,0.0,4.0,2.0,0.0,3.145860535732813,near,dense,1.0,1.5,113,2,2,1,2,,
66,10.0,-0.2840275766666666,-0.0050936666666666,-0.1928386233333333,351.22333333333336,-131.41,30.124341296530314,17.902515735994097,0.5,45.0,27.0974842640059,2.2,5.0,1.0,1.0,0.6,0.6,2.0,1.0,1.0,5.1105339936351415,near,dense,1.0,1.5,113,2,2,1,2,,
66,13.0,-0.3374572266666666,-0.10108745,-0.2017283483333333,166.32666666666668,-33.06499999999999,10.034310050331207,15.667611588017438,0.5,28.5,12.832388411982558,4.9,7.099999999999999,1.0,0.0,0.0,4.9,0.0,0.0,7.0,1.6520239061050936,near,dense,1.0,1.5,113,2,2,1,2,,
66,16.0,-0.3405578133333333,-0.1034116833333333,-0.2006726833333333,351.18,90.32,31.44395775939233,4.905858977193266,0.5,32.0,27.09414102280673,5.5,6.400000000000001,1.0,3.9,1.6000000000000003,0.0,3.0,2.0,0.0,5.532185777776223,near,dense,1.0,1.5,113,2,2,1,2,,
66,19.0,-0.2844836683333333,-0.3748023983333333,-0.2392115725,-98.2475,-18.16333333333333,26.759810150766587,-24.17003639120051,0.5,-31.75,-7.579963608799488,2.7999999999999994,0.5,1.0,1.9,0.0,0.9,3.0,0.0,1.0,5.733510651001517,near,dense,1.0,1.5,113,2,2,1,2,,
66,21.0,-0.33928759,-0.0709611766666666,-0.20715511,368.90333333333336,130.97333333333333,-24.75668573641633,5.5384733267361055,-0.5,34.0,28.461526673263894,1.5,4.6,1.0,0.4000000000000001,1.1,0.0,1.0,2.0,0.0,3.932685668742715,near,dense,1.0,1.5,113,2,2,1,2,,
66,22.0,-0.25952693,-0.3549465133333333,-0.23495995,-266.6933333333333,-23.656666666666656,21.69116360269214,-21.424150625958944,0.5,-42.0,-20.575849374041056,2.7000000000000006,4.2,1.0,2.0,0.0,0.6999999999999998,3.0,0.0,1.0,3.7164476090683807,near,dense,1.0,1.5,113,2,2,1,2,,
66,27.0,-0.2749154566666666,-0.3557488033333333,-0.2440254433333333,-466.25,-46.473333333333336,14.49462220666509,8.305322774314137,0.5,-27.666666666666668,-35.9719894409808,5.400000000000001,0.6999999999999998,2.0,3.0,0.6999999999999998,1.7,3.0,1.0,3.0,2.483731695935937,far,dense,1.0,1.5,113,2,2,1,2,,
66,28.0,-0.3124030333333333,-0.1189591966666666,-0.19730219,837.5966666666667,-7.903333333333326,-26.706976679074867,-11.999562135508604,-0.5,45.0,56.99956213550861,1.3999999999999997,5.2,2.0,0.9,0.5,0.0,2.0,1.0,0.0,3.456631437434563,far,dense,1.0,1.5,113,2,2,1,2,,
66,29.0,-0.28605448,-0.1054351933333333,-0.19937393,292.7733333333333,195.43666666666664,17.25117301926173,22.41203376886344,0.5,45.0,22.58796623113656,3.5,5.3,2.0,1.3999999999999997,2.1,0.0,2.0,3.0,0.0,3.0048341936647005,far,dense,1.0,1.5,113,2,2,1,2,,
66,30.0,-0.2965331,-0.12470431,-0.1954548533333333,383.3866666666667,105.6,20.55714627250758,11.421059249016272,0.5,41.0,29.57894075098373,8.3,6.2,2.0,3.4,4.3,0.6,5.0,3.0,1.0,3.5944720890457056,far,dense,1.0,1.5,113,2,2,1,2,,
66,32.0,-0.2897117733333333,-0.11522244,-0.1963395533333333,397.1933333333333,-82.12333333333332,15.78199550296634,14.35585116848335,0.5,45.0,30.64414883151665,4.1,7.0,2.0,3.1,1.0,0.0,3.0,2.0,0.0,2.764648572248601,far,dense,1.0,1.5,113,2,2,1,2,,
66,33.0,-0.3054482733333333,-0.0798126566666666,-0.2020660133333333,364.45,-77.71666666666668,19.350916099864296,16.882055653049964,0.5,45.0,28.11794434695004,5.1,7.5,2.0,3.8,1.3,0.0,5.0,2.0,0.0,3.3034396243846174,far,dense,1.0,1.5,113,2,2,1,2,,
66,34.0,-0.3072237066666667,-0.0535703633333333,-0.19554731,194.1733333333333,107.38000000000004,22.201401023741575,30.019193358956112,0.5,45.0,14.98080664104389,3.6,5.0,2.0,2.3,1.3,0.0,3.0,1.0,0.0,3.859125308592884,far,dense,1.0,1.5,113,2,2,1,2,,
66,41.0,-0.2953200533333333,-0.39004643,-0.2272882033333333,-156.79,-55.623333333333335,23.130299471098063,-29.90338182423297,0.5,-42.0,-12.096618175767036,1.3999999999999997,5.400000000000001,2.0,0.6999999999999998,0.6999999999999998,0.0,1.0,1.0,0.0,5.634337724814363,far,dense,1.0,1.5,113,2,2,1,2,,
66,43.0,-0.2205529066666667,-0.40716056,-0.2491681966666666,-208.1533333333333,-63.05333333333332,-37.47124821775617,-28.94061231362654,-0.5,-45.0,-16.05938768637346,3.1,1.2,2.0,3.1,0.0,0.0,3.0,0.0,0.0,5.635897655210965,far,dense,1.0,1.5,113,2,2,1,2,,
66,44.0,-0.2756425722222222,-0.3912412788888889,-0.2382459455555555,-187.4,-0.9111111111111162,-28.90011151510109,-20.43065656451397,-0.5,-34.888888888888886,-14.458232324374912,2.9,0.6,2.0,1.4,0.0,1.5,1.0,0.0,2.0,4.078031353318357,far,dense,1.0,1.5,113,2,2,1,2,,
66,45.0,-0.3151662066666666,-0.3523477399999999,-0.2224242,-297.55333333333334,-35.94,-27.433124014351858,7.956751452644094,-0.5,-15.0,-22.95675145264409,6.099999999999999,6.900000000000001,2.0,5.599999999999999,0.5,0.0,3.0,1.0,0.0,3.8990351979436295,far,dense,1.0,1.5,113,2,2,1,2,,
66,46.0,-0.3461711855555556,-0.3381750055555555,-0.2242869577777778,-108.81,-7.962222222222213,-11.630483285312962,-6.605121348904834,-0.5,-15.0,-8.394878651095166,7.599999999999999,0.4,2.0,4.6,0.0,3.0,3.0,0.0,2.0,2.4394226207065177,far,dense,1.0,1.5,113,2,2,1,2,,
66,49.0,-0.29471826,-0.1181762583333333,-0.207199985,256.1616666666667,-30.25,17.036274168719252,21.73668682355522,0.5,41.5,19.76331317644478,11.699999999999998,3.2999999999999994,3.0,0.0,0.0,11.699999999999998,0.0,0.0,11.0,7.06673966510423,near,non_dense,1.0,1.5,113,2,2,1,2,,
66,50.0,-0.2882269099999999,-0.3456741866666666,-0.2400298833333333,-369.11,-25.23333333333333,40.17059943042169,13.477471362059894,0.5,-15.0,-28.47747136205989,2.5,1.7,3.0,1.6000000000000003,0.0,0.9,2.0,0.0,1.0,11.77163176476197,near,non_dense,1.0,1.5,113,2,2,1,2,,
66,51.0,-0.28488045,-0.3199077533333334,-0.2282835433333333,-224.03333333333333,-84.05666666666667,-29.019157981437843,2.284556999666276,-0.5,-15.0,-17.284556999666275,2.5,2.0,3.0,2.5,0.0,0.0,2.0,0.0,0.0,7.211010194084735,near,non_dense,1.0,1.5,113,2,2,1,2,,
66,54.0,-0.2578647933333333,-0.3255759566666666,-0.2491670299999999,-369.55,-174.88666666666668,22.618617330364646,13.511418118851385,0.5,-15.0,-28.511418118851385,5.8,4.4,3.0,5.8,0.0,0.0,6.0,0.0,0.0,11.22735942116976,near,non_dense,1.0,1.5,113,2,2,1,2,,
66,57.0,-0.3046371483333334,-0.1304509466666666,-0.2164544133333333,75.10833333333332,-58.52666666666668,7.984410055552833,25.705262898452904,0.5,31.5,5.794737101547095,8.3,4.0,3.0,3.0,3.6,1.7,4.0,3.0,2.0,2.874074151291859,near,non_dense,1.0,1.5,113,2,2,1,2,,
66,64.0,-0.28991479,-0.3422127666666667,-0.23664232,-206.04,147.33333333333334,-49.647934093230354,-10.10365961518566,-0.5,-26.0,-15.896340384814344,9.0,9.5,3.0,6.7,2.3,0.0,6.0,3.0,0.0,13.356790018948011,near,non_dense,1.0,1.5,113,2,2,1,2,,
66,65.0,-0.3208536633333333,-0.13738845,-0.2144638933333333,491.0466666666666,185.52,-24.502150530011946,6.320687627295084,-0.5,41.0,34.67931237270492,4.3,8.7,3.0,4.3,0.0,0.0,6.0,0.0,0.0,8.226782034075503,near,non_dense,1.0,1.5,113,2,2,1,2,,
66,69.0,-0.3159880533333333,-0.10284362,-0.2047667333333333,910.38,252.81333333333336,35.228311184643594,-18.807241811804637,0.5,41.0,59.80724181180464,5.400000000000001,4.6,3.0,3.9,0.9,0.6,4.0,1.0,1.0,11.417639022079882,near,non_dense,1.0,1.5,113,2,2,1,2,,
66,71.0,-0.25075034,-0.3600240033333333,-0.2500196733333333,-156.00333333333336,15.79,-20.887622109768277,-20.964074510617746,-0.5,-33.0,-12.035925489382256,5.3,4.3,3.0,3.1,2.2,0.0,4.0,3.0,0.0,6.249290260954162,near,non_dense,1.0,1.5,113,2,2,1,2,,
66,74.0,-0.2900849466666667,-0.3506283166666666,-0.2482437266666667,-162.56999999999996,-26.950000000000006,13.687217288770809,-13.457444882744772,0.5,-26.0,-12.542555117255228,6.2,8.5,4.0,1.6000000000000003,4.6,0.0,3.0,4.0,0.0,4.424227442349837,far,non_dense,1.0,1.5,113,2,2,1,2,,
66,76.0,-0.3085038066666666,-0.30027633,-0.2338471533333333,-196.00333333333333,-102.84666666666664,-9.704300712503896,0.1219942886084872,-0.5,-15.0,-15.121994288608484,3.8,2.0,4.0,3.2999999999999994,0.5,0.0,4.0,1.0,0.0,3.1258852403164146,far,non_dense,1.0,1.5,113,2,2,1,2,,
66,77.0,-0.3085702333333333,-0.14984204,-0.2117583533333333,126.98,947.5733333333334,-8.359414720827845,22.203274596856318,-0.5,32.0,9.796725403143688,5.3,3.9,4.0,1.8,0.4000000000000001,3.1,3.0,1.0,2.0,2.933669054111012,far,non_dense,1.0,1.5,113,2,2,1,2,,
66,80.0,-0.2792836433333333,-0.36247314,-0.2317273333333333,-314.6033333333333,-67.58999999999999,-19.18352437652277,-13.061145055019054,-0.5,-37.333333333333336,-24.27218827831428,7.099999999999999,3.8,4.0,5.5,0.6,1.0,2.0,1.0,2.0,8.791623343975505,far,non_dense,1.0,1.5,113,2,2,1,2,,
66,83.0,-0.3046063166666666,-0.0975555466666666,-0.1998034,273.02666666666664,-130.19666666666666,16.18749900901297,22.602189732748126,0.5,43.66666666666666,21.06447693391854,4.7,4.1,4.0,2.7000000000000006,0.0,2.0,2.0,0.0,1.0,5.254489616129537,far,non_dense,1.0,1.5,113,2,2,1,2,,
66,86.0,-0.3097396066666666,-0.14767112,-0.2281183999999999,305.77333333333337,-138.12,12.744979681239442,-3.5909385908850857,0.5,20.0,23.590938590885088,5.900000000000001,4.0,4.0,2.7000000000000006,2.7999999999999994,0.4000000000000001,4.0,2.0,1.0,4.48961169924464,far,non_dense,1.0,1.5,113,2,2,1,2,,
66,88.0,-0.29321119,-0.1610305566666666,-0.2258732133333333,261.6666666666667,-187.3166666666667,43.96401216331397,-0.188033394938292,0.5,20.0,20.18803339493829,5.400000000000001,4.1,4.0,4.8,0.6,0.0,5.0,1.0,0.0,13.659231388533913,far,non_dense,1.0,1.5,113,2,2,1,2,,
66,90.0,-0.31010919,-0.2338999266666666,-0.2244152466666666,178.48833333333334,-18.20333333333333,5.36230747618502,-3.270681913147302,0.5,10.5,13.770681913147302,4.6,3.7000000000000006,4.0,1.6000000000000003,1.3,1.7,3.0,1.0,3.0,2.170583924213954,far,non_dense,1.0,1.5,113,2,2,1,2,,
66,91.0,-0.3068416533333333,-0.2820887333333333,-0.2189315499999999,-131.97,-72.74000000000001,-15.119629875670604,-4.818287514152843,-0.5,-15.0,-10.181712485847155,6.900000000000001,6.099999999999999,4.0,3.2999999999999994,3.6,0.0,3.0,4.0,0.0,5.052198530982503,far,non_dense,1.0,1.5,113,2,2,1,2,,
66,92.0,-0.3192413933333333,-0.2961529466666666,-0.2232989466666667,-47.95666666666665,-90.27,-7.8376788088496765,-11.30006068212768,-0.5,-15.0,-3.6999393178723192,5.2,4.9,4.0,3.7000000000000006,1.1,0.4000000000000001,4.0,2.0,1.0,2.6575908777519364,far,non_dense,1.0,1.5,113,2,2,1,2,,
18,2.0,-0.3478067033333333,-0.1281630333333333,-0.2358150766666666,255.00666666666663,-225.76666666666668,9.819258002974776,-0.9490950026879724,0.5,19.33333333333333,20.282428336021308,3.1,0.6999999999999998,1.0,0.6,0.0,2.5,1.0,0.0,3.0,1.4555334333041874,near,dense,0.0,0.0,117,2,3,1,3,,
18,4.0,-0.3296140733333333,-0.1138691966666666,-0.2438540933333333,337.4833333333333,-258.67,12.00797524253933,-6.842363034698138,0.5,20.0,26.84236303469814,1.0,0.9,1.0,0.0,0.5,0.5,0.0,1.0,1.0,1.857497821407588,near,dense,0.0,0.0,117,2,3,1,3,,
18,5.0,-0.33026101,-0.0701447333333333,-0.2357619866666666,460.2633333333334,-189.6966666666667,15.19381236077023,-1.607898123048891,0.5,35.0,36.60789812304889,2.0,0.9,1.0,0.0,0.0,2.0,0.0,0.0,3.0,2.382352238533909,near,dense,0.0,0.0,117,2,3,1,3,,
18,6.0,-0.3662724599999999,-0.1094165133333333,-0.2460001233333333,589.2633333333333,453.3733333333333,10.76985735395736,-20.53481911775958,0.5,26.33333333333333,46.86815245109292,5.2,1.3999999999999997,1.0,0.5,0.0,4.7,1.0,0.0,2.0,1.6124491522498263,near,dense,0.0,0.0,117,2,3,1,3,,
18,7.0,-0.3740740433333333,-0.0858691533333333,-0.2320732833333333,351.93666666666667,-193.83,12.824763534450645,-2.991935716000436,0.5,25.0,27.99193571600044,0.4000000000000001,1.1,1.0,0.0,0.0,0.4000000000000001,0.0,0.0,1.0,1.5872919416266853,near,dense,0.0,0.0,117,2,3,1,3,,
18,8.0,-0.3506512933333334,-0.1122612333333333,-0.24668469,346.41333333333324,-175.15666666666667,12.975422430546928,-9.885960485468932,0.5,17.666666666666668,27.5526271521356,3.2999999999999994,0.6,1.0,0.6,0.0,2.7000000000000006,1.0,0.0,4.0,1.9902650432173512,near,dense,0.0,0.0,117,2,3,1,3,,
18,9.0,-0.3286479533333333,-0.07554869,-0.2248026566666666,462.1,-231.26,15.303883033277955,4.246019186130648,0.5,41.0,36.75398081386936,1.5,0.9,1.0,0.0,0.0,1.5,0.0,0.0,2.0,2.4086044930335144,near,dense,0.0,0.0,117,2,3,1,3,,
18,11.0,-0.2976454066666666,-0.0608532266666666,-0.2434181666666666,645.3966666666666,140.09333333333333,23.981910880027865,-7.709723908349829,0.5,42.66666666666666,50.3763905750165,3.1,0.6,1.0,0.5,0.6999999999999998,1.9,1.0,1.0,4.0,4.0590857070492445,near,dense,0.0,0.0,117,2,3,1,3,,
18,12.0,-0.3355660733333334,-0.1076912299999999,-0.2495425766666666,613.32,-280.3433333333333,13.650333594638786,-27.86451702215425,0.5,15.666666666666666,43.53118368882091,0.6,0.6999999999999998,1.0,0.0,0.0,0.6,0.0,0.0,1.0,2.098913437001554,near,dense,0.0,0.0,117,2,3,1,3,,
18,13.0,-0.3495625566666667,-0.1183057466666666,-0.2298978466666666,259.23,-171.43666666666664,10.530983022266716,-0.2850056547197977,0.5,20.33333333333333,20.61833898805313,3.4,0.6999999999999998,1.0,0.5,0.0,2.9,1.0,0.0,5.0,1.687278244081211,near,dense,0.0,0.0,117,2,3,1,3,,
18,14.0,-0.3579215033333333,-0.09860463,-0.2216699666666667,305.36,-218.64,11.715561990142705,-5.620707454352908,0.5,18.666666666666668,24.28737412101957,2.3,0.8000000000000002,1.0,0.0,1.0,1.3,0.0,1.0,2.0,1.8525349606141257,near,dense,0.0,0.0,117,2,3,1,3,,
18,15.0,-0.3397529933333333,-0.0934601566666666,-0.2276604566666666,377.9766666666667,-206.4333333333333,13.404959794564403,-6.729742093537388,0.5,23.33333333333333,30.06307542687072,1.3999999999999997,0.8000000000000002,1.0,0.0,0.0,1.3999999999999997,0.0,0.0,2.0,2.218774205730984,near,dense,0.0,0.0,117,2,3,1,3,,
18,16.0,-0.3393390166666667,-0.0605361666666666,-0.2380498533333333,494.1933333333334,-240.8933333333333,16.861253037998292,2.026749711443097,0.5,41.333333333333336,39.30658362189023,0.6,0.8000000000000002,1.0,0.0,0.0,0.6,0.0,0.0,1.0,2.8284203040488656,near,dense,0.0,0.0,117,2,3,1,3,,
18,17.0,-0.3601374033333333,-0.11425204,-0.2254694866666666,267.31666666666666,-185.03333333333333,10.648485828876275,-1.9281936908912407,0.5,19.33333333333333,21.261527024224574,0.8000000000000002,1.1,1.0,0.4000000000000001,0.0,0.4000000000000001,1.0,0.0,1.0,1.3338786899901562,near,dense,0.0,0.0,117,2,3,1,3,,
18,19.0,-0.31263259,-0.0972627266666666,-0.2453971499999999,372.26,-286.5133333333333,14.45474015507878,-0.2750564043230318,0.5,29.33333333333333,29.608389737656363,0.4000000000000001,0.6999999999999998,1.0,0.0,0.0,0.4000000000000001,0.0,0.0,1.0,2.882840632846708,near,dense,0.0,0.0,117,2,3,1,3,,
18,20.0,-0.2766615766666666,-0.3085263166666667,-0.27804605,-327.56666666666666,-40.14666666666667,-14.158666570242852,1.386955886741266,-0.5,-24.666666666666668,-26.053622553407934,1.1,1.1,1.0,0.4000000000000001,0.0,0.6999999999999998,1.0,0.0,1.0,2.126065763332984,near,dense,0.0,0.0,117,2,3,1,3,,
18,21.0,-0.25571815,-0.3134744366666667,-0.26625088,-497.93,-101.23000000000002,-16.918789184935203,8.937119671030736,-0.5,-30.666666666666668,-39.60378633769741,0.6,0.6,1.0,0.0,0.0,0.6,0.0,0.0,1.0,2.519208141907606,near,dense,0.0,0.0,117,2,3,1,3,,
18,22.0,-0.3441929333333333,-0.09868218,-0.2555730866666666,321.9866666666666,-239.06333333333336,13.187978510976189,2.723526432254752,0.5,28.33333333333333,25.60980690107858,1.0,0.6,1.0,0.0,0.0,1.0,0.0,0.0,2.0,2.1346772124959594,near,dense,0.0,0.0,117,2,3,1,3,,
18,23.0,-0.2729791,-0.3099846766666667,-0.2672276899999999,-462.3966666666667,-101.68666666666664,-14.099166645123296,10.777576747595344,-0.5,-26.0,-36.77757674759534,0.5,0.6,1.0,0.0,0.0,0.5,0.0,0.0,1.0,2.142347698956021,near,dense,0.0,0.0,117,2,3,1,3,,
18,24.0,-0.3340737099999999,-0.18982339,-0.2456623333333333,39.9533333333333,-217.95666666666668,3.832595864794231,4.822237509665745,0.5,8.0,3.177762490334255,8.1,0.6,1.0,1.7,0.0,6.400000000000001,1.0,0.0,2.0,1.167756143126337,near,dense,0.0,0.0,117,2,3,1,3,,
18,25.0,-0.3169675,-0.0646704666666666,-0.2410757133333333,602.59,-195.78333333333333,18.851847971252425,-4.261446942139941,0.5,43.66666666666666,47.928113608806605,3.6,0.6999999999999998,2.0,0.6999999999999998,0.4000000000000001,2.5,1.0,1.0,4.0,3.179549905805985,far,dense,0.0,0.0,117,2,3,1,3,,
18,26.0,-0.3508697766666667,-0.1124348466666666,-0.23761212,366.73333333333335,-244.38333333333333,12.802806825816011,-5.168816050940676,0.5,24.0,29.16881605094068,4.2,0.6999999999999998,2.0,0.0,0.0,4.2,0.0,0.0,3.0,2.1957084699124763,far,dense,0.0,0.0,117,2,3,1,3,,
18,27.0,-0.3195319866666666,-0.1164945633333333,-0.2370556566666667,369.46,-215.6533333333333,14.016592570319371,-4.385686542939125,0.5,25.0,29.385686542939123,2.2,0.8000000000000002,2.0,0.0,0.0,2.2,0.0,0.0,3.0,2.350842107402542,far,dense,0.0,0.0,117,2,3,1,3,,
18,28.0,-0.24995489,-0.3111370733333333,-0.2781123533333333,-498.26,-102.13333333333333,-17.512746327185653,9.296700166598598,-0.5,-30.33333333333333,-39.63003349993193,1.0,0.6999999999999998,2.0,0.0,0.0,1.0,0.0,0.0,2.0,2.073503594003381,far,dense,0.0,0.0,117,2,3,1,3,,
18,29.0,-0.340786,-0.1237088866666666,-0.2581260633333333,259.77,-229.38666666666663,11.223894337048684,1.3387111101085407,0.5,22.0,20.661288889891463,5.5,0.8000000000000002,2.0,0.8000000000000002,0.9,3.8,1.0,1.0,5.0,1.9999139322461004,far,dense,0.0,0.0,117,2,3,1,3,,
18,30.0,-0.33284873,-0.10458884,-0.2396797733333333,338.52666666666664,-247.1533333333333,13.367785787334832,-6.925346487015389,0.5,20.0,26.92534648701539,3.9,0.6999999999999998,2.0,0.0,0.0,3.9,0.0,0.0,3.0,2.3333543931127974,far,dense,0.0,0.0,117,2,3,1,3,,
18,31.0,-0.33320726,-0.11166502,-0.2323641433333333,282.65333333333336,-257.6033333333333,12.463743571341633,-0.4813572610031447,0.5,22.0,22.481357261003144,6.400000000000001,0.9,2.0,1.3,0.9,4.2,2.0,1.0,4.0,3.48941077609969,far,dense,0.0,0.0,117,2,3,1,3,,
18,32.0,-0.3577380566666666,-0.12153943,-0.23457533,277.94666666666666,-218.3066666666667,10.654365713745934,-2.44033712893084,0.5,19.666666666666668,22.107003795597507,2.1,0.8000000000000002,2.0,0.0,0.8000000000000002,1.3,0.0,1.0,2.0,1.8446758416454443,far,dense,0.0,0.0,117,2,3,1,3,,
18,33.0,-0.3720391133333333,-0.1055915966666666,-0.2245592666666666,322.55333333333334,-263.19,12.285806734240872,-7.988211119057072,0.5,17.666666666666668,25.654877785723738,5.0,0.6999999999999998,2.0,0.4000000000000001,0.6,4.0,1.0,1.0,5.0,2.1552912107685764,far,dense,0.0,0.0,117,2,3,1,3,,
18,34.0,-0.3415156299999999,-0.1009902766666666,-0.2496049966666666,409.8,-222.25666666666663,14.021529426479011,-10.2608699506391,0.5,22.33333333333333,32.59420328397243,1.2,0.6999999999999998,2.0,0.0,0.0,1.2,0.0,0.0,2.0,2.436206146129846,far,dense,0.0,0.0,117,2,3,1,3,,
18,35.0,-0.3096645666666666,-0.05917795,-0.23137586,555.2466666666667,-201.16,18.270781405278317,0.8374262418706332,0.5,45.0,44.16257375812936,1.5,0.9,2.0,0.0,0.0,1.5,0.0,0.0,3.0,3.2537058796312373,far,dense,0.0,0.0,117,2,3,1,3,,
18,36.0,-0.3260001266666666,-0.09089005,-0.2250072399999999,415.0466666666666,-294.7966666666667,15.188134163171537,4.655160015450278,0.5,37.66666666666666,33.011506651216386,0.4000000000000001,0.8000000000000002,2.0,0.4000000000000001,0.0,0.0,1.0,0.0,0.0,3.638383007130507,far,dense,0.0,0.0,117,2,3,1,3,,
18,37.0,-0.3323998933333333,-0.11410818,-0.2379826,343.95,-196.37,13.831084934194743,17.64329863464539,0.5,45.0,27.35670136535461,1.6000000000000003,0.6,2.0,0.0,0.0,1.6000000000000003,0.0,0.0,2.0,2.511435376000056,far,dense,0.0,0.0,117,2,3,1,3,,
18,38.0,-0.3427346733333333,-0.0991129599999999,-0.2538494233333333,423.71333333333337,-59.946666666666665,15.899367108578591,8.632507269896921,0.5,42.333333333333336,33.70082606343641,1.8,1.0,2.0,0.0,0.0,1.8,0.0,0.0,4.0,3.1361844189257497,far,dense,0.0,0.0,117,2,3,1,3,,
18,39.0,-0.3334177266666667,-0.1071010966666666,-0.2334252733333333,355.8066666666667,-198.68666666666664,13.606036172806585,15.36692332082491,0.5,43.66666666666666,28.29974334584176,4.8,0.8000000000000002,2.0,0.0,0.0,4.8,0.0,0.0,3.0,2.468216739214653,far,dense,0.0,0.0,117,2,3,1,3,,
18,40.0,-0.3274751966666667,-0.0936451,-0.2335495933333333,426.5333333333333,-250.00333333333333,15.988817104582404,6.074880004741234,0.5,40.0,33.92511999525877,2.4,0.8000000000000002,2.0,0.0,0.0,2.4,0.0,0.0,2.0,2.969923218518027,far,dense,0.0,0.0,117,2,3,1,3,,
18,41.0,-0.34910069,-0.0961256166666666,-0.2341525133333333,345.29999999999995,-173.63,14.015628546684493,6.535923880049585,0.5,34.0,27.464076119950416,5.400000000000001,0.6999999999999998,2.0,0.0,0.6999999999999998,4.7,0.0,1.0,2.0,3.5102914958091334,far,dense,0.0,0.0,117,2,3,1,3,,
18,42.0,-0.2774891466666667,-0.2468550933333333,-0.2663543633333333,-382.19000000000005,-109.13666666666668,-14.896696134064833,15.398190710349985,-0.5,-15.0,-30.398190710349983,1.6000000000000003,0.6,2.0,0.0,0.0,1.6000000000000003,0.0,0.0,2.0,1.932141494616139,far,dense,0.0,0.0,117,2,3,1,3,,
18,44.0,-0.23228995,-0.2936463233333333,-0.2643607033333333,-434.4333333333333,-123.40666666666668,-15.81646080326218,6.22012781844906,-0.5,-28.33333333333333,-34.55346115178239,2.7999999999999994,0.9,2.0,0.0,0.0,2.7999999999999994,0.0,0.0,2.0,2.0257066386919127,far,dense,0.0,0.0,117,2,3,1,3,,
18,45.0,-0.2464500866666666,-0.2832555966666666,-0.2645824066666666,-382.1033333333333,-124.43,-13.531508125639736,5.057964182894452,-0.5,-25.33333333333333,-30.391297516227784,0.4000000000000001,0.8000000000000002,2.0,0.0,0.0,0.4000000000000001,0.0,0.0,1.0,1.8052625778561413,far,dense,0.0,0.0,117,2,3,1,3,,
18,46.0,-0.2855234833333333,-0.2961355933333333,-0.2558995366666667,-278.71,-121.53,-9.729977712298506,6.1677169284430375,-0.5,-16.0,-22.16771692844304,5.0,1.0,2.0,1.1,0.0,3.9,1.0,0.0,6.0,2.00857970337354,far,dense,0.0,0.0,117,2,3,1,3,,
18,47.0,-0.27218917,-0.30103742,-0.2616438066666666,-298.59666666666664,-114.17666666666666,-10.72965507480228,2.749439856637112,-0.5,-21.0,-23.74943985663711,2.1,0.8000000000000002,2.0,0.0,0.4000000000000001,1.7,0.0,1.0,3.0,1.4858664356858051,far,dense,0.0,0.0,117,2,3,1,3,,
18,48.0,-0.2989941233333333,-0.2457678133333333,-0.2472465,-162.33,-149.61666666666667,-4.630924672021966,0.244551047065021,-0.5,-12.666666666666666,-12.911217713731688,7.599999999999999,0.9,2.0,1.5,0.4000000000000001,5.7,1.0,1.0,3.0,1.2587838653787324,far,dense,0.0,0.0,117,2,3,1,3,,
18,50.0,-0.3277188333333333,-0.0809621533333333,-0.2574967933333333,371.9333333333333,-147.54666666666665,14.589194705254087,7.750925635060645,0.5,37.333333333333336,29.58240769827269,3.2999999999999994,0.5,3.0,1.2,0.0,2.1,1.0,0.0,2.0,5.384838897852895,near,non_dense,0.0,0.0,117,2,3,1,3,,
18,51.0,-0.2933396466666667,-0.1850212,-0.24322278,-433.3133333333333,-94.02333333333333,-14.806036974096608,19.797713207228835,-0.5,-14.666666666666666,-34.4643798738955,2.4,0.6,3.0,0.0,0.0,2.4,0.0,0.0,3.0,4.323662359631986,near,non_dense,0.0,0.0,117,2,3,1,3,,
18,52.0,-0.2946325133333333,-0.15279634,-0.2444107233333333,-262.31,-117.52,-11.80894558326961,9.529979168908758,-0.5,-11.333333333333334,-20.86331250224209,4.6,0.6999999999999998,3.0,0.0,0.5,4.1,0.0,1.0,4.0,4.325289694539664,near,non_dense,0.0,0.0,117,2,3,1,3,,
18,53.0,-0.25961995,-0.2076616866666666,-0.2430264033333333,-443.9333333333333,-162.14333333333337,-15.63778496315508,20.309061276715862,-0.5,-15.0,-35.30906127671587,5.599999999999999,0.6999999999999998,3.0,0.0,0.0,5.599999999999999,0.0,0.0,2.0,4.426317815948717,near,non_dense,0.0,0.0,117,2,3,1,3,,
18,54.0,-0.3609701866666666,-0.1460746133333333,-0.23709647,158.57000000000002,-169.73,7.138815387121948,1.3878408620314573,0.5,14.0,12.612159137968542,6.8,0.6999999999999998,3.0,0.0,0.0,6.8,0.0,0.0,6.0,3.801740579255629,near,non_dense,0.0,0.0,117,2,3,1,3,,
18,55.0,-0.2945193633333333,-0.19677236,-0.2276626233333333,-136.89,-123.78,-7.50060941325756,1.5544667826817626,-0.5,-9.333333333333334,-10.887800116015097,10.5,1.0,3.0,2.9,0.0,7.599999999999999,1.0,0.0,4.0,2.922586709766558,near,non_dense,0.0,0.0,117,2,3,1,3,,
18,56.0,-0.32973977,-0.1133776766666666,-0.2174495633333333,228.6233333333333,-196.04,11.006848556075417,3.4826856951535903,0.5,21.666666666666668,18.18398097151308,5.5,0.8000000000000002,3.0,1.3999999999999997,0.0,4.1,1.0,0.0,6.0,4.020435550184165,near,non_dense,0.0,0.0,117,2,3,1,3,,
18,57.0,-0.4042248433333333,-0.14568311,-0.21637229,187.01,-180.67666666666665,7.02513924111559,-5.874187301453599,0.5,9.0,14.874187301453595,9.5,1.1,3.0,3.6,0.0,5.900000000000001,1.0,0.0,6.0,2.555340326528867,near,non_dense,0.0,0.0,117,2,3,1,3,,
18,58.0,-0.36753852,-0.11941291,-0.2143267366666666,242.0966666666667,-147.81,10.72047389519182,1.7443924653356586,0.5,21.0,19.25560753466434,10.699999999999998,1.0,3.0,1.6000000000000003,0.0,9.1,1.0,0.0,5.0,5.876333786110782,near,non_dense,0.0,0.0,117,2,3,1,3,,
18,59.0,-0.3889466333333333,-0.14920851,-0.2158322233333333,115.37666666666668,-167.54666666666665,7.184343815245771,3.156636096728992,0.5,12.333333333333334,9.176697236604342,9.3,0.8000000000000002,3.0,1.7,1.6000000000000003,6.0,1.0,1.0,6.0,2.5485343303068,near,non_dense,0.0,0.0,117,2,3,1,3,,
18,60.0,-0.3658600466666666,-0.10214139,-0.2297726,318.93,-223.04666666666665,10.78216335977622,-9.033355913512269,0.5,16.333333333333332,25.3666892468456,3.4,0.6999999999999998,3.0,0.0,0.0,3.4,0.0,0.0,5.0,4.044056168118412,near,non_dense,0.0,0.0,117,2,3,1,3,,
18,61.0,-0.3713959766666666,-0.1252308066666666,-0.2215624866666666,169.01333333333335,-160.97666666666666,9.0064604577602,4.55721097030634,0.5,18.0,13.442789029693662,9.3,0.8000000000000002,3.0,0.0,1.3999999999999997,7.900000000000001,0.0,1.0,3.0,4.268885989014756,near,non_dense,0.0,0.0,117,2,3,1,3,,
18,62.0,-0.3739386199999999,-0.0848826066666666,-0.2228201399999999,424.26666666666665,-178.3166666666667,13.301387063975042,-12.411503123344811,0.5,21.33333333333333,33.744836456678144,3.5,0.8000000000000002,3.0,0.5,0.8000000000000002,2.2,1.0,1.0,2.0,5.004799883505379,near,non_dense,0.0,0.0,117,2,3,1,3,,
18,65.0,-0.2501088466666666,-0.1977262566666666,-0.22951538,-197.55,-177.9333333333333,-8.82346211244239,2.712505755853474,-0.5,-13.0,-15.712505755853476,5.1,0.8000000000000002,3.0,0.0,0.0,5.1,0.0,0.0,3.0,3.5005617407986214,near,non_dense,0.0,0.0,117,2,3,1,3,,
18,66.0,-0.3634507266666666,-0.10711406,-0.2273608733333333,294.31,-192.18,9.644987611596902,-3.40849187043906,0.5,20.0,23.40849187043906,4.0,0.9,3.0,0.9,0.0,3.1,1.0,0.0,5.0,3.623180166013139,near,non_dense,0.0,0.0,117,2,3,1,3,,
18,67.0,-0.2382497433333333,-0.2154519966666666,-0.23880156,-345.18,-170.54999999999998,-14.272328792719655,12.787865030653014,-0.5,-14.666666666666666,-27.45453169731968,2.6,0.6999999999999998,3.0,0.5,0.5,1.6000000000000003,1.0,1.0,2.0,4.426246042430816,near,non_dense,0.0,0.0,117,2,3,1,3,,
18,68.0,-0.2539071799999999,-0.2447958466666666,-0.2352014866666666,-330.8766666666667,-125.59,-12.461391187660952,10.983556210972472,-0.5,-15.333333333333334,-26.31688954430581,3.2000000000000006,0.8000000000000002,3.0,1.9,0.0,1.3,2.0,0.0,1.0,3.9537303893251,near,non_dense,0.0,0.0,117,2,3,1,3,,
18,69.0,-0.3241703333333333,-0.0919668233333333,-0.2300724933333333,362.8866666666667,-257.06333333333333,12.237235226344623,6.137135718944665,0.5,35.0,28.862864281055334,3.9,0.8000000000000002,3.0,0.9,0.0,3.0,1.0,0.0,5.0,4.651927517361736,near,non_dense,0.0,0.0,117,2,3,1,3,,
18,70.0,-0.3436945966666667,-0.0992182233333333,-0.2404556066666666,326.55,-253.46,10.841927337034896,-7.972760083897506,0.5,18.0,25.97276008389751,4.7,0.6999999999999998,3.0,1.1,0.0,3.6,1.0,0.0,4.0,4.058667778912831,near,non_dense,0.0,0.0,117,2,3,1,3,,
18,72.0,-0.2842682666666666,-0.2016454566666666,-0.2812193533333333,-318.54,-138.61,-13.1458099318508,15.00233653996237,-0.5,-10.333333333333334,-25.335669873295704,4.6,0.5,3.0,1.3999999999999997,0.0,3.2000000000000006,1.0,0.0,5.0,4.199697195919899,near,non_dense,0.0,0.0,117,2,3,1,3,,
18,74.0,-0.3549302199999999,-0.12957026,-0.2255830766666666,167.80000000000004,-201.53,7.106672166438308,1.9870490213504768,0.5,15.333333333333334,13.346284311982856,6.099999999999999,1.1,4.0,2.2,0.0,3.9,1.0,0.0,6.0,2.45670242914602,far,non_dense,0.0,0.0,117,2,3,1,3,,
18,75.0,-0.2737645633333333,-0.2322683733333333,-0.25707231,-236.62,-149.25666666666666,-9.324690291540849,3.820010690711461,-0.5,-15.0,-18.82001069071146,5.5,0.8000000000000002,4.0,3.4,0.0,2.1,2.0,0.0,3.0,3.155159429257102,far,non_dense,0.0,0.0,117,2,3,1,3,,
18,76.0,-0.3102221599999999,-0.2366532666666666,-0.23846346,-186.3033333333333,-85.52333333333333,-6.514044085964554,-0.1820187429274173,-0.5,-15.0,-14.817981257072583,7.400000000000001,0.6,4.0,2.2,0.0,5.2,1.0,0.0,6.0,2.2181231318240164,far,non_dense,0.0,0.0,117,2,3,1,3,,
18,77.0,-0.2578090233333333,-0.2135100899999999,-0.2318889466666666,-180.78666666666663,-153.74000000000004,-6.899330180542368,1.379202938909459,-0.5,-13.0,-14.379202938909458,9.2,1.0,4.0,2.0,1.3,5.900000000000001,1.0,1.0,6.0,2.145770593978703,far,non_dense,0.0,0.0,117,2,3,1,3,,
18,78.0,-0.3658099066666667,-0.1030241599999999,-0.2262053733333333,199.96666666666667,-301.1066666666666,8.86591509343081,2.7619468439441506,0.5,18.666666666666668,15.904719822722518,5.8,0.8000000000000002,4.0,3.0,0.0,2.7999999999999994,2.0,0.0,3.0,3.007988338906747,far,non_dense,0.0,0.0,117,2,3,1,3,,
18,80.0,-0.2724598066666666,-0.1858354733333333,-0.2380764133333333,-336.52,-179.24,-10.972498334098717,15.43240919746804,-0.5,-11.333333333333334,-26.76574253080137,8.3,0.6999999999999998,4.0,0.5,0.9,6.900000000000001,1.0,1.0,6.0,5.215829018460664,far,non_dense,0.0,0.0,117,2,3,1,3,,
18,81.0,-0.2647225566666666,-0.2058839999999999,-0.2525536566666667,-419.67,-146.30666666666667,-13.984443859902656,14.379232045350689,-0.5,-19.0,-33.37923204535068,2.5,0.8000000000000002,4.0,0.0,0.0,2.5,0.0,0.0,2.0,4.470321905497706,far,non_dense,0.0,0.0,117,2,3,1,3,,
18,82.0,-0.37239817,-0.1131662166666666,-0.23333072,235.14333333333332,-256.4533333333333,7.7344966632905,-5.702561267783204,0.5,13.0,18.702561267783206,8.2,0.6999999999999998,4.0,1.0,1.6000000000000003,5.599999999999999,1.0,1.0,5.0,2.707789136896821,far,non_dense,0.0,0.0,117,2,3,1,3,,
18,84.0,-0.3512375366666667,-0.09542162,-0.23971971,399.24,-4.646666666666666,12.045550657770052,0.2457059075325632,0.5,32.0,31.75429409246744,4.6,1.0,4.0,0.5,0.4000000000000001,3.7000000000000006,1.0,1.0,3.0,4.045372537596879,far,non_dense,0.0,0.0,117,2,3,1,3,,
18,85.0,-0.3874330033333333,-0.1496468333333333,-0.2250596,497.9066666666668,334.31666666666666,6.563518740319062,-27.26859714440809,0.5,12.333333333333334,39.60193047774143,8.8,0.6999999999999998,4.0,0.0,1.3,7.5,0.0,1.0,5.0,2.4251302041929743,far,non_dense,0.0,0.0,117,2,3,1,3,,
18,87.0,-0.3661386866666666,-0.10797728,-0.2247159866666666,215.3766666666667,-268.56666666666666,9.113217139037202,-0.1303827622198727,0.5,17.0,17.13038276221987,5.0,1.0,4.0,2.2,0.0,2.7999999999999994,1.0,0.0,4.0,3.4385146342306263,far,non_dense,0.0,0.0,117,2,3,1,3,,
18,88.0,-0.3533573333333333,-0.0838741866666666,-0.2341346766666666,248.59666666666664,-261.37666666666667,11.319279489401277,2.8940695728373185,0.5,22.666666666666668,19.772597093829347,5.3,0.6,4.0,0.0,0.0,5.3,0.0,0.0,3.0,4.36914068122512,far,non_dense,0.0,0.0,117,2,3,1,3,,
18,89.0,-0.3876548333333333,-0.1231786666666666,-0.2305218433333333,149.10000000000002,-237.28333333333333,6.868352641158047,1.1410548813072463,0.5,13.0,11.858945118692754,3.0,0.6,4.0,0.0,0.0,3.0,0.0,0.0,6.0,3.304693381383761,far,non_dense,0.0,0.0,117,2,3,1,3,,
18,90.0,-0.4208641633333332,-0.16780403,-0.2293797133333333,44.126666666666665,-241.89,5.3483514814560325,2.490303700396721,0.5,6.0,3.5096962996032786,9.0,1.0,4.0,4.4,0.0,4.6,2.0,0.0,4.0,2.1259454481803566,far,non_dense,0.0,0.0,117,2,3,1,3,,
18,91.0,-0.2745594266666666,-0.1988795733333333,-0.2385197633333333,-379.3666666666666,-203.43,-8.523072248767615,17.173631655676772,-0.5,-13.0,-30.17363165567677,6.5,0.8000000000000002,4.0,0.0,0.0,6.5,0.0,0.0,4.0,2.8500303925832946,far,non_dense,0.0,0.0,117,2,3,1,3,,
18,92.0,-0.28170973,-0.2105609666666666,-0.2203992266666666,-245.25,-176.5233333333333,-5.783797637966707,6.50641375157208,-0.5,-13.0,-19.50641375157208,9.7,1.1,4.0,0.5,0.6999999999999998,8.5,1.0,1.0,6.0,1.9372964644549853,far,non_dense,0.0,0.0,117,2,3,1,3,,
18,93.0,-0.30467527,-0.23474032,-0.25093787,-229.53666666666663,-203.20333333333332,-5.918129599439347,6.923291299313696,-0.5,-11.333333333333334,-18.25662463264703,9.4,0.6999999999999998,4.0,0.8000000000000002,1.7,6.900000000000001,1.0,1.0,5.0,2.221311238146537,far,non_dense,0.0,0.0,117,2,3,1,3,,
18,94.0,-0.2835377366666666,-0.1869920166666666,-0.2566893933333333,-271.6,-223.9433333333333,-7.286847112685742,14.602209887571776,-0.5,-7.0,-21.60220988757177,5.5,0.8000000000000002,4.0,0.0,1.3999999999999997,4.1,0.0,1.0,4.0,2.494351278822458,far,non_dense,0.0,0.0,117,2,3,1,3,,
18,96.0,-0.29693864,-0.2378722633333333,-0.29072877,-265.9533333333333,-148.68666666666664,-10.81391890363406,8.819758444892015,-0.5,-12.333333333333334,-21.153091778225345,7.099999999999999,0.8000000000000002,4.0,1.9,0.0,5.2,1.0,0.0,5.0,4.853093735429532,far,non_dense,0.0,0.0,117,2,3,1,3,,
27,2.0,-0.4198578566666667,-0.0980094899999999,-0.20433336,206.13666666666668,28.27666666666667,9.689116085699146,-4.845258368514624,0.5,11.0,15.845258368514626,3.2999999999999994,0.6999999999999998,1.0,1.5,0.5,1.3,2.0,1.0,3.0,1.4696844636745894,near,dense,-1.0,-1.0,99,2,3,2,3,,
27,4.0,-0.42996962,-0.0860636133333333,-0.2003150533333333,292.08,-76.82666666666667,12.837635551868216,-7.451527615703587,0.5,15.0,22.451527615703583,3.0,0.6,1.0,0.9,0.0,2.1,2.0,0.0,2.0,1.9976644763256133,near,dense,-1.0,-1.0,99,2,3,2,3,,
27,6.0,-0.4412694166666667,-0.0898563933333333,-0.2225685466666666,165.6233333333333,11.98,11.147948015641411,8.60224307676591,0.5,21.33333333333333,12.731090256567422,4.7,1.3999999999999997,1.0,1.9,0.0,2.7999999999999994,3.0,0.0,4.0,1.674766744767714,near,dense,-1.0,-1.0,99,2,3,2,3,,
27,8.0,-0.4174444,-0.0795350133333333,-0.1968592266666666,372.63000000000005,-27.42,13.688949535942797,-10.6432235532718,0.5,18.0,28.6432235532718,2.9,0.9,1.0,1.0,0.9,1.0,1.0,1.0,1.0,2.1002334513721728,near,dense,-1.0,-1.0,99,2,3,2,3,,
27,9.0,-0.4087455866666666,-0.0323925033333333,-0.20742426,421.28,108.61666666666667,15.706265235149727,-3.3828387905491866,0.5,29.0,32.38283879054919,4.0,0.8000000000000002,1.0,0.9,0.0,3.1,2.0,0.0,4.0,2.4773797826353583,near,dense,-1.0,-1.0,99,2,3,2,3,,
27,11.0,-0.3573598366666666,0.0673755766666666,-0.19324762,587.4399999999999,46.96999999999999,25.292181458235007,-0.1551813974558791,0.5,45.0,45.15518139745589,5.1,1.0,1.0,1.5,0.6,3.0,1.0,1.0,4.0,4.188031978930749,near,dense,-1.0,-1.0,99,2,3,2,3,,
27,15.0,-0.2816034185714285,-0.3056351619047618,-0.6186617333333333,-8.064285714285715,-20.41904761904762,20.784263406737505,-17.38011663443163,0.5,-18.0,-0.6198833655683705,3.3999999999999995,0.4,1.0,0.0,2.0,1.4,0.0,1.0,3.0,3.5616580688305626,near,dense,-1.0,-1.0,99,2,3,2,3,,
27,17.0,-0.3228208033333333,-0.2401194383333333,-0.4526433,-232.4416666666667,-104.40166666666666,12.110107492027971,13.643426275309134,0.5,-3.5,-17.143426275309135,1.1,0.5,1.0,0.4000000000000001,0.0,0.6999999999999998,1.0,0.0,1.0,1.560929900526833,near,dense,-1.0,-1.0,99,2,3,2,3,,
27,24.0,-0.3670399133333333,-0.1900496916666666,-0.3877528916666666,-275.32666666666665,-39.653333333333336,3.2836356341329407,20.16373685293852,0.5,-1.0,-21.16373685293852,1.9,0.6999999999999998,1.0,0.5,0.5,0.9,1.0,1.0,1.0,1.3358253974276433,near,dense,-1.0,-1.0,99,2,3,2,3,,
27,25.0,-0.3647937083333333,-0.1483902216666666,-0.4014886733333333,372.38000000000005,209.485,14.066490001361544,-19.579830718283,0.5,8.166666666666666,27.746497384949667,14.9,1.1,2.0,0.0,0.0,14.9,0.0,0.0,15.0,2.4179407743171164,far,dense,-1.0,-1.0,99,2,3,2,3,,
27,28.0,-0.2929500444444444,-0.3059054311111111,-0.4054666588888889,-367.4166666666667,-20.930000000000007,-22.378183383473367,7.686930880134753,-0.5,-20.55555555555556,-28.24248643569031,6.3,2.9,2.0,0.7,0.0,5.6,1.0,0.0,8.0,2.8788186581277904,far,dense,-1.0,-1.0,99,2,3,2,3,,
27,32.0,-0.3353209516666666,-0.1205601333333333,-0.2149328183333333,212.12000000000003,65.855,11.672674559131623,2.694816359069278,0.5,19.0,16.30518364093072,8.0,1.3,2.0,0.8000000000000002,0.0,7.2,1.0,0.0,9.0,1.9275111542152708,far,dense,-1.0,-1.0,99,2,3,2,3,,
27,34.0,-0.3579871277777778,-0.15582252,-0.4631315299999999,187.5388888888889,21.016666666666666,16.888973710169452,-13.749022674976906,0.5,0.6666666666666666,14.415689341643574,9.8,0.4,2.0,1.9,0.0,7.900000000000001,2.0,0.0,9.0,3.0113579618119264,far,dense,-1.0,-1.0,99,2,3,2,3,,
27,35.0,-0.3807842688888889,-0.1479022222222222,-0.4655042833333333,147.07000000000002,81.46444444444445,35.22247710405588,-1.8604931289653288,0.5,9.444444444444445,11.304937573409774,6.2,0.8999999999999999,2.0,4.6,0.4,1.2,5.0,1.0,2.0,5.494702371044476,far,dense,-1.0,-1.0,99,2,3,2,3,,
27,36.0,-0.38287535,-0.1470778522222222,-0.3324804222222222,76.43666666666667,-43.91333333333333,26.05068103848792,2.490647633010157,0.5,9.444444444444445,6.953796811434289,3.6,1.1,2.0,0.8999999999999999,0.0,2.7,1.0,0.0,4.0,5.28258092454722,far,dense,-1.0,-1.0,99,2,3,2,3,,
27,37.0,-0.3554719433333333,-0.0490801499999999,-0.2127328283333333,291.12333333333333,27.986666666666665,14.302003042751656,6.288675849393955,0.5,28.666666666666668,22.377990817272718,10.6,0.6,2.0,1.5,0.0,9.1,1.0,0.0,14.0,2.540926291688486,far,dense,-1.0,-1.0,99,2,3,2,3,,
27,38.0,-0.3784435,-0.0407929333333333,-0.21491609,449.40333333333336,-3.940000000000017,17.487715125853867,-7.544615683794087,0.5,27.0,34.544615683794085,4.7,0.8000000000000002,2.0,3.6,0.0,1.1,4.0,0.0,1.0,3.222882003343022,far,dense,-1.0,-1.0,99,2,3,2,3,,
27,40.0,-0.3554752366666666,0.009681765,-0.1910972966666666,469.4750000000001,130.94,18.5171128887812,-0.05811675066978,0.5,35.5,35.558116750669775,6.8,1.2,2.0,2.7000000000000006,0.4000000000000001,3.7000000000000006,3.0,1.0,6.0,3.3532233732569376,far,dense,-1.0,-1.0,99,2,3,2,3,,
27,41.0,-0.3976773733333333,-0.0885907899999999,-0.2086659366666666,157.0633333333333,-50.35666666666668,14.953941007728853,2.9268975426328727,0.5,15.0,12.073102457367128,16.6,1.2,2.0,13.800000000000002,0.0,2.7999999999999994,6.0,0.0,5.0,3.620597287359335,far,dense,-1.0,-1.0,99,2,3,2,3,,
27,47.0,-0.2266999822222222,-0.2399675344444444,-0.29206052,-57.35444444444445,93.97777777777776,-13.0384641705313,-5.192307605025402,-0.5,-10.0,-4.807692394974598,2.1,0.6,2.0,0.0,0.0,2.1,0.0,0.0,3.0,1.639599976958983,far,dense,-1.0,-1.0,99,2,3,2,3,,
27,49.0,-0.42479602,-0.1327110466666666,-0.2016928399999999,457.94,14.050000000000002,11.591556848583236,-27.03414323587818,0.5,8.166666666666666,35.20080990254485,19.5,0.5,3.0,0.9,0.0,18.6,1.0,0.0,6.0,5.103644274562408,near,non_dense,-1.0,-1.0,99,2,3,2,3,,
27,50.0,-0.3762642316666666,-0.1438674483333333,-0.3881690166666667,150.5016666666667,-70.67833333333334,19.13484958178777,-9.568722012380452,0.5,2.0,11.568722012380452,5.1,1.2,3.0,0.0,0.9,4.2,0.0,2.0,3.0,6.62088651265196,near,non_dense,-1.0,-1.0,99,2,3,2,3,,
27,51.0,-0.25283125,-0.3873719866666666,-0.2574965033333333,-334.5233333333333,-200.96,-16.97365614345696,-12.952616213261612,-0.5,-38.66666666666666,-25.71405045340505,2.7999999999999994,0.9,3.0,0.4000000000000001,0.0,2.4,1.0,0.0,4.0,4.869046787445794,near,non_dense,-1.0,-1.0,99,2,3,2,3,,
27,52.0,-0.2452566366666666,-0.3423142533333334,-0.32112371,-72.51333333333334,-171.06000000000003,-12.353599628983249,-23.426064414406834,-0.5,-29.0,-5.573935585593168,9.1,0.5,3.0,0.8000000000000002,0.0,8.3,2.0,0.0,8.0,4.617681748465998,near,non_dense,-1.0,-1.0,99,2,3,2,3,,
27,53.0,-0.2418072666666666,-0.3662034299999999,-0.2806884933333333,-40.046666666666646,91.93666666666664,-17.80792926464198,-29.58837016371014,-0.5,-32.666666666666664,-3.0782965029565275,4.6,0.4000000000000001,3.0,1.1,1.3999999999999997,2.1,2.0,1.0,3.0,5.329520705216751,near,non_dense,-1.0,-1.0,99,2,3,2,3,,
27,54.0,-0.3401898933333333,-0.1505472233333333,-0.20890184,123.79333333333334,-23.49666666666667,8.973535149271374,7.484287037889165,0.5,17.0,9.515712962110834,8.7,1.5,3.0,2.1,1.6000000000000003,5.0,2.0,1.0,5.0,4.242335845751326,near,non_dense,-1.0,-1.0,99,2,3,2,3,,
27,58.0,-0.3991478866666667,-0.0834213499999999,-0.19135734,251.51666666666668,303.71,13.366016473988902,0.6664838829211828,0.5,20.0,19.33351611707882,4.9,1.5,3.0,1.3,0.5,3.1,2.0,1.0,3.0,6.774685341579153,near,non_dense,-1.0,-1.0,99,2,3,2,3,,
27,59.0,-0.4342920066666667,-0.1196581299999999,-0.2201393699999999,296.3333333333333,-45.39666666666667,8.786809902773747,-12.44513837574236,0.5,10.333333333333334,22.77847170907569,4.4,1.3,3.0,2.7000000000000006,0.0,1.7,4.0,0.0,2.0,3.035081719597535,near,non_dense,-1.0,-1.0,99,2,3,2,3,,
27,60.0,-0.3308573966666666,-0.0823722666666666,-0.2074587733333333,389.3733333333333,206.76666666666665,13.54571074670834,-9.26357897203468,0.5,20.666666666666668,29.930245638701347,8.2,1.0,3.0,0.9,0.0,7.3,1.0,0.0,4.0,5.033877480765827,near,non_dense,-1.0,-1.0,99,2,3,2,3,,
27,65.0,-0.26832266,-0.32548068,-0.2193461799999999,-135.01,-114.84000000000005,-9.152085776394456,-4.622087293220554,-0.5,-15.0,-10.377912706779446,5.599999999999999,0.9,3.0,1.3999999999999997,1.0,3.2000000000000006,2.0,1.0,3.0,3.819960546105376,near,non_dense,-1.0,-1.0,99,2,3,2,3,,
27,66.0,-0.35869828,-0.12791874,-0.1911517233333333,308.1266666666667,48.48000000000002,8.003783511917943,-7.351665180092304,0.5,16.333333333333332,23.68499851342564,8.6,1.2,3.0,0.0,2.3,6.3,0.0,2.0,5.0,3.61215188260771,near,non_dense,-1.0,-1.0,99,2,3,2,3,,
27,68.0,-0.2842964533333333,-0.3032821833333333,-0.2227175466666666,-585.5333333333333,19.96666666666668,-12.93329385863217,29.047773582758182,-0.5,-15.0,-44.04777358275819,4.4,0.6999999999999998,3.0,0.4000000000000001,0.5,3.5,1.0,1.0,4.0,4.395104452036744,near,non_dense,-1.0,-1.0,99,2,3,2,3,,
27,69.0,-0.3365022366666666,-0.06720938,-0.19951847,104.09333333333332,-72.46666666666665,14.437823621665864,21.66524805551913,0.5,29.666666666666668,8.001418611147534,5.1,1.1,3.0,1.6000000000000003,0.0,3.5,2.0,0.0,2.0,5.216645990196187,near,non_dense,-1.0,-1.0,99,2,3,2,3,,
27,73.0,-0.3328787766666666,-0.1489745433333333,-0.2134620066666666,82.42333333333333,-98.68666666666668,6.0624174915312885,4.664305174912095,0.5,11.0,6.335694825087905,12.0,1.1,4.0,1.8,1.3,8.9,2.0,1.0,10.0,2.179905875704394,far,non_dense,-1.0,-1.0,99,2,3,2,3,,
27,74.0,-0.29520174,-0.1535422166666666,-0.2103412933333333,135.67666666666665,-140.31666666666666,8.277571355454727,8.237508804186263,0.5,18.666666666666668,10.429157862480404,8.8,1.3,4.0,2.7999999999999994,0.0,6.0,1.0,0.0,6.0,2.5918198803084063,far,non_dense,-1.0,-1.0,99,2,3,2,3,,
27,75.0,-0.295661295,-0.31743945,-0.24700023,-90.45166666666668,-150.04833333333335,-9.375466480313277,-9.21385205404998,-0.5,-16.166666666666668,-6.952814612616688,2.2,0.6,4.0,1.6000000000000003,0.0,0.6,2.0,0.0,1.0,2.9681394448606397,far,non_dense,-1.0,-1.0,99,2,3,2,3,,
27,76.0,-0.2816964799999999,-0.2907010133333333,-0.2335103899999999,-444.8833333333334,-153.40666666666667,-7.427436698203032,18.84806590492882,-0.5,-15.0,-33.84806590492882,2.3,1.1,4.0,1.6000000000000003,0.0,0.6999999999999998,1.0,0.0,1.0,1.970256199174492,far,non_dense,-1.0,-1.0,99,2,3,2,3,,
27,78.0,-0.29050977,-0.16606879,-0.2125165866666666,282.20666666666665,-17.183333333333337,7.84855499715605,7.974079806894263,0.5,29.666666666666668,21.692586859772405,5.2,0.8000000000000002,4.0,1.1,0.0,4.1,2.0,0.0,6.0,2.7421409340978014,far,non_dense,-1.0,-1.0,99,2,3,2,3,,
27,83.0,-0.2859859466666666,-0.1590692966666666,-0.23058315,282.1066666666667,-89.64666666666666,9.711321939495798,10.31509991358274,0.5,32.0,21.684900086417255,8.0,0.5,4.0,1.9,1.1,5.0,2.0,1.0,2.0,3.62419108360112,far,non_dense,-1.0,-1.0,99,2,3,2,3,,
27,85.0,-0.3792616333333333,-0.0878169133333333,-0.17634273,77.10333333333335,54.01,7.832559340227586,14.073241517405734,0.5,20.0,5.926758482594264,7.400000000000001,1.3,4.0,1.0,0.0,6.400000000000001,2.0,0.0,6.0,2.652938492720218,far,non_dense,-1.0,-1.0,99,2,3,2,3,,
27,86.0,-0.3341839033333333,-0.09315272,-0.18463374,303.8933333333334,-68.16000000000001,11.57993488460933,0.9737415586087768,0.5,24.33333333333333,23.35959177472456,5.599999999999999,1.1,4.0,4.1,0.0,1.5,6.0,0.0,3.0,4.1349578470821,far,non_dense,-1.0,-1.0,99,2,3,2,3,,
27,88.0,-0.1682446833333333,-0.3962567866666666,-0.2810514766666667,-543.0300000000001,15.079999999999984,11.051621382221944,-3.258514649563414,0.5,-45.0,-41.74148535043658,0.8000000000000002,0.8000000000000002,4.0,0.0,0.4000000000000001,0.4000000000000001,0.0,1.0,1.0,4.965708779736462,far,non_dense,-1.0,-1.0,99,2,3,2,3,,
27,93.0,-0.3320526683333333,-0.2629692416666667,-0.4404364233333333,-108.195,-119.365,-7.358624422044997,-0.8499622350689897,-0.5,-9.166666666666666,-8.316704431597676,2.4,0.8000000000000002,4.0,1.3999999999999997,0.0,1.0,1.0,0.0,2.0,2.2153338276928243,far,non_dense,-1.0,-1.0,99,2,3,2,3,,
27,95.0,-0.2908965266666667,-0.1270045733333333,-0.2329295633333333,289.57666666666665,-126.11333333333332,12.63025712997643,7.740897943953514,0.5,30.0,22.259102056046487,3.0,0.5,4.0,1.2,1.1,0.6999999999999998,2.0,1.0,1.0,4.8147745802109565,far,non_dense,-1.0,-1.0,99,2,3,2,3,,
27,96.0,-0.2517701866666667,-0.33435144,-0.2713801466666667,-95.9833333333333,-79.41333333333333,-11.888922710508057,-16.621978707954618,-0.5,-24.0,-7.378021292045382,5.0,1.3,4.0,1.3,0.0,3.7000000000000006,2.0,0.0,2.0,5.320452476921891,far,non_dense,-1.0,-1.0,99,2,3,2,3,,
9,1.0,-0.1979009433333333,-0.3641260666666666,-0.2453602566666667,-227.77666666666664,-110.16666666666669,-10.346543642849262,-18.34672021333333,-0.5,-35.0,-16.65327978666667,5.1,1.1,1.0,1.8,0.0,3.2999999999999994,1.0,0.0,4.0,1.3920578552396927,near,dense,0.0,0.0,118,2,4,1,6,,
9,2.0,-0.24836062,-0.22386828,-0.2298677099999999,233.79000000000005,-171.58666666666667,9.599905906100814,3.90707148,0.5,21.0,17.09292852,5.400000000000001,1.2,1.0,1.9,0.0,3.5,1.0,0.0,3.0,1.4690357902440283,near,dense,0.0,0.0,118,2,4,1,6,,
9,3.0,-0.1857590133333333,-0.38529582,-0.2502337533333333,-349.7633333333333,-158.89666666666668,-13.586334530236009,-16.427992406666664,-0.5,-42.0,-25.572007593333336,0.9,1.3,1.0,0.9,0.0,0.0,2.0,0.0,0.0,2.6497147316609837,near,dense,0.0,0.0,118,2,4,1,6,,
9,4.0,-0.22625752,-0.1860464866666666,-0.2194468366666666,329.2966666666667,-193.4433333333333,13.034893519105204,19.59102449,0.5,43.66666666666666,24.075642176666666,3.5,1.2,1.0,0.9,0.6999999999999998,1.9,1.0,1.0,3.0,1.9642965430211423,near,dense,0.0,0.0,118,2,4,1,6,,
9,5.0,-0.16033111,-0.2182353166666666,-0.23666988,396.37000000000006,-60.28333333333334,15.859600926412565,9.020471036666663,0.5,38.0,28.979528963333337,4.4,1.0,1.0,1.0,1.0,2.4,2.0,2.0,2.0,2.4857748138875286,near,dense,0.0,0.0,118,2,4,1,6,,
9,6.0,-0.2047497233333333,-0.2273130799999999,-0.2453305033333333,258.4666666666667,-109.37,10.769231686416832,4.436236546666667,0.5,23.33333333333333,18.897096786666665,6.5,1.2,1.0,2.3,0.0,4.2,2.0,0.0,4.0,1.6545891313570718,near,dense,0.0,0.0,118,2,4,1,6,,
9,7.0,-0.1814851366666666,-0.23901701,-0.2555852633333333,256.9633333333333,-148.67,12.104073626662036,10.87948206,0.5,29.666666666666668,18.787184606666667,5.900000000000001,1.2,1.0,1.7,1.3999999999999997,2.7999999999999994,1.0,1.0,2.0,1.436009375576628,near,dense,0.0,0.0,118,2,4,1,6,,
9,8.0,-0.18409434,-0.2271759033333333,-0.2611138799999999,339.1433333333333,-160.13333333333333,13.900970641679727,20.20444521,0.5,45.0,24.79555479,3.4,0.9,1.0,1.0,0.8000000000000002,1.6000000000000003,1.0,1.0,2.0,2.0765984161466142,near,dense,0.0,0.0,118,2,4,1,6,,
9,9.0,-0.1971256933333333,-0.1828310333333333,-0.2447269766666666,351.1966666666667,-78.03666666666666,16.155093656248027,-10.676801913333335,0.5,15.0,25.676801913333332,3.6,0.9,1.0,0.8000000000000002,1.1,1.7,1.0,1.0,2.0,2.47299028165034,near,dense,0.0,0.0,118,2,4,1,6,,
9,12.0,-0.2125077433333333,-0.1864516966666666,-0.2425976666666666,342.3333333333333,-154.49333333333334,14.681980374113076,18.637883586666664,0.5,43.66666666666666,25.02878308,1.2,1.1,1.0,0.8000000000000002,0.0,0.4000000000000001,1.0,0.0,1.0,2.2317840248459406,near,dense,0.0,0.0,118,2,4,1,6,,
9,13.0,-0.2089029,-0.2189096699999999,-0.2457928133333333,221.2966666666667,-95.65333333333336,11.175293752996843,28.820488026666663,0.5,45.0,16.179511973333334,7.400000000000001,1.3,1.0,3.0,0.0,4.4,2.0,0.0,4.0,1.7308955640969736,near,dense,0.0,0.0,118,2,4,1,6,,
9,14.0,-0.20659153,-0.2054780466666666,-0.2355183633333333,237.23666666666668,-119.40333333333336,11.910894275773458,18.655077693333336,0.5,36.0,17.344922306666664,2.5,1.3999999999999997,1.0,2.0,0.0,0.5,1.0,0.0,1.0,1.953390956444521,near,dense,0.0,0.0,118,2,4,1,6,,
9,15.0,-0.2162743,-0.1997484966666667,-0.24418799,366.00666666666666,-180.37,13.948446019877986,9.240404676666666,0.5,36.0,26.759595323333333,5.0,0.9,1.0,0.0,0.6,4.4,0.0,1.0,6.0,2.3327801657349414,near,dense,0.0,0.0,118,2,4,1,6,,
9,16.0,-0.2177926466666666,-0.1648493666666667,-0.2543386933333333,405.36,-109.76333333333334,18.31825877800019,10.363191306666666,0.5,40.0,29.636808693333336,1.1,0.8000000000000002,1.0,0.6999999999999998,0.0,0.4000000000000001,1.0,0.0,1.0,3.0039280376577646,near,dense,0.0,0.0,118,2,4,1,6,,
9,17.0,-0.24250949,-0.1928900166666666,-0.2498441966666666,242.7033333333333,-155.10666666666663,11.622796455452091,18.25539703333333,0.5,36.0,17.744602966666665,2.7999999999999994,1.3,1.0,2.3,0.5,0.0,2.0,1.0,0.0,1.4397041098797845,near,dense,0.0,0.0,118,2,4,1,6,,
9,18.0,-0.1715608033333333,-0.4000950366666666,-0.2786967266666666,-423.74,-65.05333333333333,-19.816567956234756,-14.019386923333334,-0.5,-45.0,-30.980613076666668,1.1,0.6999999999999998,1.0,0.6,0.5,0.0,1.0,1.0,0.0,3.006818219639895,near,dense,0.0,0.0,118,2,4,1,6,,
9,19.0,-0.1990684533333333,-0.1927385499999999,-0.2549494733333333,353.00000000000006,-161.86333333333334,15.203706552426368,17.858018876666666,0.5,43.66666666666666,25.80864779,2.1,1.1,1.0,1.5,0.0,0.6,1.0,0.0,1.0,3.023202607099051,near,dense,0.0,0.0,118,2,4,1,6,,
9,20.0,-0.19046233,-0.4078497,-0.2706163466666667,-284.50333333333333,-29.80666666666665,-16.276929100217288,-23.19930219333333,-0.5,-44.0,-20.800697806666665,2.7000000000000006,1.0,1.0,1.0,0.0,1.7,1.0,0.0,2.0,2.543798355340053,near,dense,0.0,0.0,118,2,4,1,6,,
9,22.0,-0.27111749,-0.13799463,-0.2335243366666667,375.43,-89.33999999999999,16.334838303542877,13.884776276666663,0.5,41.333333333333336,27.44855705666667,1.8,0.9,1.0,1.3999999999999997,0.4000000000000001,0.0,2.0,1.0,0.0,2.746796400406492,near,dense,0.0,0.0,118,2,4,1,6,,
9,23.0,-0.2346077599999999,-0.3892644166666666,-0.24037329,-313.40333333333336,-119.87666666666668,-13.116201543864603,1.5803104233333336,-0.5,-21.33333333333333,-22.91364375666667,0.5,0.9,1.0,0.5,0.0,0.0,1.0,0.0,0.0,1.940746485109708,near,dense,0.0,0.0,118,2,4,1,6,,
9,24.0,-0.30478271,-0.2350873366666666,-0.2281117299999999,70.60999999999997,-133.77333333333334,4.376108894031823,6.504205985333333,0.5,11.666666666666666,5.162460681333333,7.3,1.1,1.0,1.5,0.0,5.8,2.0,0.0,5.0,1.1726091179907163,near,dense,0.0,0.0,118,2,4,1,6,,
9,25.0,-0.24382139,-0.1666194,-0.2131892933333333,306.8666666666667,-203.03666666666663,15.21778861005824,-7.435732916666666,0.5,15.0,22.435732916666662,5.1,1.1,2.0,1.6000000000000003,0.0,3.5,2.0,0.0,5.0,2.6381111739901915,far,dense,0.0,0.0,118,2,4,1,6,,
9,26.0,-0.25196153,-0.1852472333333333,-0.2144108,281.2033333333333,-180.50666666666663,13.565402134265256,17.440572839999998,0.5,38.0,20.55942716,3.7000000000000006,1.3,2.0,1.8,0.0,1.9,1.0,0.0,3.0,2.2491080249005635,far,dense,0.0,0.0,118,2,4,1,6,,
9,27.0,-0.2992717233333333,-0.1721878066666666,-0.20915786,276.65,-118.38666666666666,12.816858264916908,9.440144253333331,0.5,29.666666666666668,20.22652241333333,3.6,1.0,2.0,1.1,1.2,1.3,1.0,1.0,1.0,2.2373828472979107,far,dense,0.0,0.0,118,2,4,1,6,,
9,29.0,-0.2539765333333333,-0.1955115333333333,-0.2235130366666666,244.66333333333333,-130.95000000000002,12.26735650720886,6.445430223333332,0.5,24.33333333333333,17.88790311,4.2,1.2,2.0,2.1,0.4000000000000001,1.7,1.0,1.0,4.0,2.070924901399082,far,dense,0.0,0.0,118,2,4,1,6,,
9,30.0,-0.2487149033333333,-0.1831380766666666,-0.21365086,356.3733333333333,-179.76,14.08164889688414,9.944719993333331,0.5,36.0,26.055280006666667,3.4,0.9,2.0,1.3,0.8000000000000002,1.3,2.0,1.0,2.0,2.522108560366474,far,dense,0.0,0.0,118,2,4,1,6,,
9,31.0,-0.23958946,-0.2128772933333333,-0.21495862,257.66333333333336,-151.72333333333333,13.132555067628148,13.161636773333331,0.5,32.0,18.83836322666667,11.1,1.8,2.0,2.0,0.0,9.1,1.0,0.0,6.0,3.741893784593232,far,dense,0.0,0.0,118,2,4,1,6,,
9,32.0,-0.2180056066666666,-0.2218582999999999,-0.2309953466666666,271.6966666666667,-160.51999999999998,11.158314709429677,12.135627263333332,0.5,32.0,19.864372736666667,0.9,1.2,2.0,0.0,0.0,0.9,0.0,0.0,1.0,1.876436945347394,far,dense,0.0,0.0,118,2,4,1,6,,
9,33.0,-0.25258501,-0.1868325266666667,-0.2219531966666666,523.2,-64.47333333333334,12.867217767145446,-2.021719886666669,0.5,32.0,34.021719886666666,3.5,1.5,2.0,1.0,0.5,2.0,1.0,1.0,3.0,2.1992583885958705,far,dense,0.0,0.0,118,2,4,1,6,,
9,34.0,-0.2188907766666666,-0.19743845,-0.22714954,348.67333333333335,-163.87,14.27219035913084,14.507684833333334,0.5,40.0,25.492315166666668,1.3999999999999997,1.1,2.0,0.6999999999999998,0.0,0.6999999999999998,1.0,0.0,1.0,2.5068365193060926,far,dense,0.0,0.0,118,2,4,1,6,,
9,35.0,-0.18406723,-0.1904708633333333,-0.2526063533333333,470.5366666666667,-159.14333333333337,19.60004323482113,10.59797421,0.5,45.0,34.40202579,3.2999999999999994,1.2,2.0,0.5,0.0,2.7999999999999994,1.0,0.0,2.0,3.3763087181857947,far,dense,0.0,0.0,118,2,4,1,6,,
9,36.0,-0.20758074,-0.1999759533333333,-0.2318967966666666,368.63,-157.85666666666663,14.31676717039327,11.0486067,0.5,38.0,26.9513933,1.6000000000000003,1.6000000000000003,2.0,1.6000000000000003,0.0,0.0,1.0,0.0,0.0,3.5687086474024525,far,dense,0.0,0.0,118,2,4,1,6,,
9,37.0,-0.2107459699999999,-0.2114725333333333,-0.2293098433333333,353.70666666666665,-152.28,13.897258380203356,-5.86031383,0.5,20.0,25.86031383,2.4,1.0,2.0,0.4000000000000001,0.5,1.5,1.0,1.0,2.0,2.514067099068932,far,dense,0.0,0.0,118,2,4,1,6,,
9,38.0,-0.1882223466666666,-0.2047212066666666,-0.2398931133333333,276.34666666666664,-70.10333333333334,16.56063021131499,17.79565499,0.5,38.0,20.20434501,5.8,1.2,2.0,1.3999999999999997,0.0,4.4,2.0,0.0,3.0,3.259062041101338,far,dense,0.0,0.0,118,2,4,1,6,,
9,39.0,-0.20924527,-0.2054188133333333,-0.22927358,377.45,-96.84666666666664,13.894958458575132,4.403756063333333,0.5,32.0,27.596243936666667,3.0,1.0,2.0,0.0,0.0,3.0,0.0,0.0,2.0,2.450217980768328,far,dense,0.0,0.0,118,2,4,1,6,,
9,40.0,-0.2127760133333333,-0.1695356466666666,-0.21835151,426.7866666666667,-135.11666666666667,17.175955854317788,13.79663807,0.5,45.0,31.20336193,1.2,1.2,2.0,0.0,0.0,1.2,0.0,0.0,2.0,3.036113300555181,far,dense,0.0,0.0,118,2,4,1,6,,
9,41.0,-0.2076939966666666,-0.2006763833333333,-0.2182409233333333,298.08666666666664,-130.1,14.27603781524268,10.206193223333337,0.5,32.0,21.793806776666667,4.4,1.1,2.0,1.5,0.0,2.9,2.0,0.0,4.0,3.508309914741037,far,dense,0.0,0.0,118,2,4,1,6,,
9,42.0,-0.1922595299999999,-0.3969164866666667,-0.25085261,-393.7366666666667,-75.80666666666666,-15.766511781228424,-13.213000133333331,-0.5,-42.0,-28.786999866666665,0.5,1.0,2.0,0.0,0.0,0.5,0.0,0.0,1.0,2.0589163467098346,far,dense,0.0,0.0,118,2,4,1,6,,
9,45.0,-0.1959821166666666,-0.3984097333333333,-0.2485349466666666,-363.1166666666666,-81.30333333333333,-13.84340895662054,-13.118365936666669,-0.5,-39.66666666666666,-26.54830073,1.3,1.2,2.0,0.5,0.0,0.8000000000000002,1.0,0.0,2.0,1.8225826437690127,far,dense,0.0,0.0,118,2,4,1,6,,
9,46.0,-0.2398147966666667,-0.3713738399999999,-0.2327048533333333,-244.57666666666668,-97.91666666666669,-9.850421015279492,2.88156671,-0.5,-15.0,-17.88156671,4.6,1.6000000000000003,2.0,2.1,0.0,2.5,1.0,0.0,4.0,2.055446300316133,far,dense,0.0,0.0,118,2,4,1,6,,
9,47.0,-0.2093677466666666,-0.38559706,-0.2397716299999999,-263.06333333333333,-101.41333333333334,-11.138085087146758,-2.100163599999999,-0.5,-21.33333333333333,-19.23316973333333,1.5,1.5,2.0,1.5,0.0,0.0,1.0,0.0,0.0,1.5145441929055,far,dense,0.0,0.0,118,2,4,1,6,,
9,48.0,-0.28633653,-0.3380322766666667,-0.2292260366666666,-106.8,-119.65333333333332,-4.800939951641464,-7.191604577666666,-0.5,-15.0,-7.808395422333334,5.3,1.0,2.0,1.7,0.0,3.6,1.0,0.0,2.0,1.287181476661137,far,dense,0.0,0.0,118,2,4,1,6,,
9,49.0,-0.33540394,-0.1763437233333333,-0.31303984,272.1066666666667,-128.83666666666667,12.099604982355809,-4.561015453333333,0.5,15.333333333333334,19.894348786666665,13.9,1.7,3.0,2.3,0.5,11.1,2.0,1.0,9.0,5.427556719652458,near,non_dense,0.0,0.0,118,2,4,1,6,,
9,50.0,-0.19662229,-0.1842350633333333,-0.2692831133333333,367.35666666666674,-84.04666666666667,15.358973272521636,-11.858296950000002,0.5,15.0,26.85829695,3.1,0.8000000000000002,3.0,1.3999999999999997,0.5,1.2,2.0,1.0,2.0,5.757273588904423,near,non_dense,0.0,0.0,118,2,4,1,6,,
9,52.0,-0.1502046666666666,-0.3658959466666667,-0.31023236,-241.56333333333336,-51.73666666666668,-12.077763019912233,-22.672078406666667,-0.5,-40.333333333333336,-17.66125492666667,6.400000000000001,1.1,3.0,1.3,0.9,4.2,1.0,1.0,6.0,4.512816657497008,near,non_dense,0.0,0.0,118,2,4,1,6,,
9,53.0,-0.1398838566666666,-0.3756567233333333,-0.3043039633333333,-333.84666666666664,-61.29333333333333,-15.828068548115317,-19.591696780000003,-0.5,-44.0,-24.40830322,1.7,0.6999999999999998,3.0,1.2,0.0,0.5,1.0,0.0,1.0,4.664278398051986,near,non_dense,0.0,0.0,118,2,4,1,6,,
9,54.0,-0.23434359,-0.2550433633333333,-0.2452983933333333,105.06666666666663,-70.01,8.065965185332317,-3.015000740333333,0.5,4.666666666666667,7.681667407,7.8,1.0,3.0,2.7000000000000006,0.0,5.1,1.0,0.0,5.0,4.20366040196053,near,non_dense,0.0,0.0,118,2,4,1,6,,
9,55.0,-0.1733916666666667,-0.3356010533333333,-0.2591488633333333,-199.75333333333333,-53.21999999999999,-7.512610844829287,-0.3955710333333329,-0.5,-15.0,-14.604428966666667,10.699999999999998,0.8000000000000002,3.0,1.7,1.1,7.900000000000001,1.0,1.0,3.0,2.954613035186052,near,non_dense,0.0,0.0,118,2,4,1,6,,
9,56.0,-0.2064282366666666,-0.2025092266666666,-0.2631782866666667,215.11,-113.09666666666668,10.75232760629209,17.939476223333333,0.5,33.666666666666664,15.727190443333331,6.8,0.6,3.0,3.1,0.0,3.7000000000000006,2.0,0.0,5.0,3.884427700639216,near,non_dense,0.0,0.0,118,2,4,1,6,,
9,57.0,-0.1962971733333333,-0.2618762133333334,-0.2349449133333333,141.86,-118.38666666666666,7.668339265352368,21.628286755,0.5,32.0,10.371713245,8.7,1.0,3.0,2.6,0.0,6.099999999999999,1.0,0.0,5.0,2.636279174917652,near,non_dense,0.0,0.0,118,2,4,1,6,,
9,58.0,-0.22636648,-0.22197173,-0.2172015166666666,118.89,-136.93333333333334,13.869747663935238,11.307676667,0.5,20.0,8.692323333,9.4,1.0,3.0,1.9,5.8,1.7,2.0,1.0,2.0,7.518614439786831,near,non_dense,0.0,0.0,118,2,4,1,6,,
9,59.0,-0.2559019899999999,-0.2548223,-0.2345338266666666,145.32666666666665,-152.84,6.615860865494208,-2.625169276666666,0.5,8.0,10.625169276666666,12.6,0.8000000000000002,3.0,5.8,0.0,6.8,2.0,0.0,4.0,2.588122886433293,near,non_dense,0.0,0.0,118,2,4,1,6,,
9,60.0,-0.2129118799999999,-0.2113912033333333,-0.2408266133333333,305.48,-50.156666666666666,12.638212520132296,-1.0010171699999997,0.5,21.33333333333333,22.334350503333336,4.9,0.8000000000000002,3.0,2.9,0.0,2.0,1.0,0.0,2.0,4.675696930640645,near,non_dense,0.0,0.0,118,2,4,1,6,,
9,62.0,-0.19780661,-0.1945992566666666,-0.27939264,321.6466666666667,-97.27666666666666,14.027923470890228,14.483667043333334,0.5,38.0,23.516332956666663,3.1,0.8000000000000002,3.0,0.6,1.1,1.3999999999999997,1.0,1.0,2.0,5.210978082138717,near,non_dense,0.0,0.0,118,2,4,1,6,,
9,63.0,-0.19938814,-0.4249844266666667,-0.3951740966666666,-402.9066666666667,-124.07333333333334,-16.39399377962982,-6.209226853333331,-0.5,-35.666666666666664,-29.457439813333337,2.5,0.4000000000000001,3.0,1.3,0.0,1.2,3.0,0.0,2.0,4.631049159152393,near,non_dense,0.0,0.0,118,2,4,1,6,,
9,64.0,-0.17061669,-0.3865927166666666,-0.2745785633333333,-239.9766666666667,-77.53333333333332,-13.567597013498668,-22.12141661333333,-0.5,-39.66666666666666,-17.545250053333334,2.9,0.6999999999999998,3.0,2.0,0.0,0.9,1.0,0.0,2.0,4.277053756523859,near,non_dense,0.0,0.0,118,2,4,1,6,,
9,65.0,-0.1667478933333333,-0.3275812199999999,-0.2749087133333333,-245.37,-92.45,-8.901491772385251,-7.060430853333334,-0.5,-25.0,-17.939569146666667,8.6,0.6999999999999998,3.0,1.3,0.5,6.8,1.0,1.0,3.0,3.700399582490515,near,non_dense,0.0,0.0,118,2,4,1,6,,
9,66.0,-0.2148853433333333,-0.2051052166666666,-0.25308642,264.81333333333333,-81.10000000000001,11.12535857427828,12.63888371,0.5,32.0,19.36111629,5.8,0.8000000000000002,3.0,4.3,0.0,1.5,1.0,0.0,2.0,4.050273098162206,near,non_dense,0.0,0.0,118,2,4,1,6,,
9,67.0,-0.1682294066666666,-0.3732456466666666,-0.2921096966666667,-294.77,-138.35333333333332,-15.506289147428168,-17.782015740000002,-0.5,-39.333333333333336,-21.551317593333334,2.3,0.6999999999999998,3.0,1.3,0.5,0.5,1.0,1.0,1.0,4.806105969334023,near,non_dense,0.0,0.0,118,2,4,1,6,,
9,69.0,-0.2064526833333333,-0.1814109533333333,-0.2648208233333333,267.49333333333334,-122.33666666666666,13.128304993748747,13.776276036666667,0.5,33.333333333333336,19.557057296666667,5.7,0.6999999999999998,3.0,2.7999999999999994,0.0,2.9,1.0,0.0,3.0,4.835572538014604,near,non_dense,0.0,0.0,118,2,4,1,6,,
9,70.0,-0.2029988066666666,-0.2146253299999999,-0.2616474833333333,208.14666666666668,-117.78333333333336,10.11707697057932,4.11524832,0.5,19.33333333333333,15.218085013333337,5.8,1.3,3.0,2.9,0.0,2.9,1.0,0.0,5.0,3.866736093129652,near,non_dense,0.0,0.0,118,2,4,1,6,,
9,72.0,-0.1885523833333333,-0.3483201666666666,-0.2918371066666667,-264.43666666666667,-82.24666666666667,-13.589063240107135,-13.666422679999998,-0.5,-33.0,-19.33357732,2.9,1.0,3.0,1.3999999999999997,0.4000000000000001,1.1,2.0,1.0,1.0,4.314605602643111,near,non_dense,0.0,0.0,118,2,4,1,6,,
9,73.0,-0.23893351,-0.2406810933333333,-0.2231075433333333,121.12000000000003,-129.88,6.133973685764439,2.8113028693333333,0.5,11.666666666666666,8.855363797333334,7.5,0.6999999999999998,4.0,1.3,1.3,4.9,1.0,1.0,5.0,2.090144537630327,far,non_dense,0.0,0.0,118,2,4,1,6,,
9,74.0,-0.2238336766666666,-0.2409094166666666,-0.2336446933333333,160.57333333333335,-92.59,7.785927886927264,6.260111600000001,0.5,18.0,11.739888399999998,8.3,0.9,4.0,4.8,0.0,3.5,1.0,0.0,2.0,2.5030513319327112,far,non_dense,0.0,0.0,118,2,4,1,6,,
9,75.0,-0.1948693933333333,-0.3663602999999999,-0.2748157166666666,-247.63666666666663,-76.82,-8.37167656594213,-23.894709603333336,-0.5,-42.0,-18.105290396666664,6.8,1.1,4.0,1.6000000000000003,0.0,5.2,2.0,0.0,4.0,2.8284288737542576,far,non_dense,0.0,0.0,118,2,4,1,6,,
9,76.0,-0.19238454,-0.3378241866666667,-0.2442002233333333,-114.24,-103.25666666666666,-5.946794037472382,-6.647648941,-0.5,-15.0,-8.352351059,7.599999999999999,1.5,4.0,2.0,0.0,5.599999999999999,2.0,0.0,5.0,1.995993095432192,far,non_dense,0.0,0.0,118,2,4,1,6,,
9,77.0,-0.2317482866666666,-0.3357848933333333,-0.2396286233333333,-155.5533333333333,-124.10333333333334,-6.254470325911822,-3.627135430333334,-0.5,-15.0,-11.372864569666666,9.0,0.8000000000000002,4.0,1.8,0.0,7.2,1.0,0.0,4.0,2.165669419219299,far,non_dense,0.0,0.0,118,2,4,1,6,,
9,78.0,-0.1898867566666666,-0.25839603,-0.2347419066666666,147.13,-90.11333333333332,7.828749675492059,9.242984846666667,0.5,20.0,10.757015153333333,6.8,1.1,4.0,1.8,0.9,4.1,1.0,1.0,5.0,2.6613354712366752,far,non_dense,0.0,0.0,118,2,4,1,6,,
9,79.0,-0.19770032,-0.34834987,-0.2517129866666667,-211.9233333333333,-155.30333333333334,-9.36365848399019,0.494205863333334,-0.5,-15.0,-15.494205863333336,4.9,0.8000000000000002,4.0,1.5,0.0,3.4,1.0,0.0,4.0,2.997258760824858,far,non_dense,0.0,0.0,118,2,4,1,6,,
9,80.0,-0.1589110733333333,-0.36164368,-0.25854817,-255.9766666666667,-88.19333333333334,-11.865640707157894,-24.28495288,-0.5,-43.0,-18.71504712,8.1,1.0,4.0,5.2,0.0,2.9,2.0,0.0,4.0,5.696084758258383,far,non_dense,0.0,0.0,118,2,4,1,6,,
9,81.0,-0.1686680433333333,-0.3699045466666666,-0.2876958733333333,-374.65333333333336,-110.57666666666668,-15.580111565182897,-14.608226843333334,-0.5,-42.0,-27.39177315666667,3.5,0.8000000000000002,4.0,1.3999999999999997,0.0,2.1,2.0,0.0,3.0,5.030882194650068,far,non_dense,0.0,0.0,118,2,4,1,6,,
9,82.0,-0.2176501766666666,-0.23912323,-0.23891693,215.2733333333333,-150.23333333333332,8.133108974893224,3.594201213333333,0.5,19.33333333333333,15.73913212,8.9,0.8000000000000002,4.0,3.6,0.0,5.3,1.0,0.0,3.0,2.795737846468653,far,non_dense,0.0,0.0,118,2,4,1,6,,
9,83.0,-0.23250464,-0.2242615766666666,-0.2486536466666666,574.05,363.86666666666673,10.857644077997582,-21.97012539666667,0.5,20.0,41.97012539666667,8.1,1.3,4.0,0.0,4.6,3.5,0.0,1.0,4.0,3.439802310598109,far,non_dense,0.0,0.0,118,2,4,1,6,,
9,84.0,-0.2137240799999999,-0.1956130866666666,-0.22947695,286.02333333333337,-186.7133333333333,12.965526462111647,15.08817147,0.5,36.0,20.91182853,4.3,1.1,4.0,0.0,0.0,4.3,0.0,0.0,5.0,4.1614532845908805,far,non_dense,0.0,0.0,118,2,4,1,6,,
9,85.0,-0.1959702666666666,-0.2515895866666666,-0.2486273633333333,186.86,-138.47333333333333,7.480638445506252,7.338232503333334,0.5,21.0,13.661767496666668,7.400000000000001,0.8000000000000002,4.0,1.6000000000000003,0.8000000000000002,5.0,1.0,1.0,5.0,2.5638883454193344,far,non_dense,0.0,0.0,118,2,4,1,6,,
9,86.0,-0.2127737666666666,-0.2401834066666666,-0.2498868766666666,221.1133333333333,-141.1966666666667,8.44078419405256,11.83389195,0.5,28.0,16.166108050000002,6.3,0.6999999999999998,4.0,0.0,0.0,6.3,0.0,0.0,4.0,2.962813190054178,far,non_dense,0.0,0.0,118,2,4,1,6,,
9,87.0,-0.2351337833333333,-0.2278226566666666,-0.2527028233333333,225.08,-104.01666666666664,9.43588102980952,8.543879760000001,0.5,25.0,16.45612024,7.900000000000001,0.8000000000000002,4.0,1.1,0.4000000000000001,6.400000000000001,1.0,1.0,7.0,3.621060707299885,far,non_dense,0.0,0.0,118,2,4,1,6,,
9,89.0,-0.29943338,-0.2062600533333333,-0.2229670666666666,172.51333333333335,-102.12666666666668,6.941200594718143,3.720483873333334,0.5,16.333333333333332,12.61284946,7.5,0.9,4.0,0.0,0.0,7.5,0.0,0.0,8.0,3.2674490755739503,far,non_dense,0.0,0.0,118,2,4,1,6,,
9,90.0,-0.2001720666666666,-0.28664291,-0.2437061033333333,141.24333333333334,-116.41666666666669,5.57824399403916,9.673372682333332,0.5,20.0,10.326627317666668,12.4,1.7,4.0,8.0,0.0,4.4,1.0,0.0,2.0,2.0194648364041945,far,non_dense,0.0,0.0,118,2,4,1,6,,
9,91.0,-0.2645144766666666,-0.33716609,-0.25032314,-97.14666666666665,-106.71999999999998,-7.616199306157328,-9.897382143,-0.5,-17.0,-7.102617857000001,3.6,0.6999999999999998,4.0,0.6999999999999998,0.6,2.3,1.0,1.0,4.0,2.72730864767137,far,non_dense,0.0,0.0,118,2,4,1,6,,
9,92.0,-0.2671782766666666,-0.3267499333333333,-0.2358603133333333,-129.88,-124.46666666666664,-4.996258492385994,-5.504172308,-0.5,-15.0,-9.495827692,9.4,1.7,4.0,1.0,1.0,7.400000000000001,1.0,1.0,6.0,1.9282863642483248,far,non_dense,0.0,0.0,118,2,4,1,6,,
9,93.0,-0.19751537,-0.3356851899999999,-0.26863726,-134.31333333333336,-75.51333333333334,-6.15208825300932,-5.513374371,-0.5,-15.333333333333334,-9.819958962333333,10.1,1.3,4.0,2.0,0.0,8.1,1.0,0.0,6.0,2.257494553517492,far,non_dense,0.0,0.0,118,2,4,1,6,,
9,94.0,-0.2012076233333333,-0.33496046,-0.25017306,-161.28666666666666,-164.54999999999998,-7.456308622183704,-3.20795815,-0.5,-15.0,-11.79204185,7.5,1.1,4.0,3.0,0.0,4.5,1.0,0.0,6.0,2.5911518195753267,far,non_dense,0.0,0.0,118,2,4,1,6,,
9,95.0,-0.2192830633333333,-0.19964573,-0.23869396,286.07,-87.86666666666667,12.338197040130355,22.751426233333333,0.5,43.66666666666666,20.91524043333333,4.3,0.8000000000000002,4.0,1.3,1.1,1.9,1.0,1.0,2.0,4.385672617530129,far,non_dense,0.0,0.0,118,2,4,1,6,,
9,96.0,-0.2097582066666666,-0.3519650299999999,-0.2361398433333333,-212.4,-91.65666666666668,-10.453356757863832,0.5290560633333339,-0.5,-15.0,-15.529056063333334,5.0,1.0,4.0,0.0,1.1,3.9,0.0,1.0,5.0,4.765044241090215,far,non_dense,0.0,0.0,118,2,4,1,6,,
41,2.0,-0.4387493733333333,-0.0708195566666666,-0.19988079,196.1533333333333,-69.15666666666665,10.48689543400764,6.439500541821292,0.5,22.0,15.56049945817871,6.2,3.1,1.0,3.2999999999999994,1.9,1.0,2.0,2.0,2.0,1.6166199653661248,near,dense,0.0,0.0,110,2,4,2,6,,
41,4.0,-0.41444913,-0.0548930033333333,-0.2384738549999999,228.63,152.58833333333334,17.820185325313734,-0.8034830575346849,0.5,17.333333333333332,18.136816390868017,3.8,5.599999999999999,1.0,3.1,0.0,0.6999999999999998,2.0,0.0,1.0,2.7797807714939142,near,dense,0.0,0.0,110,2,4,2,6,,
41,5.0,-0.42016225,0.0159507966666666,-0.20952392,591.5533333333334,518.34,18.37281374363177,-16.926887075504585,0.5,30.0,46.92688707550459,1.5,4.5,1.0,1.1,0.4000000000000001,0.0,2.0,1.0,0.0,3.003086311053415,near,dense,0.0,0.0,110,2,4,2,6,,
41,6.0,-0.4488096833333333,-0.0639141733333333,-0.2080887933333333,231.48,-78.88333333333334,12.381195690143931,-5.362901885833569,0.5,13.0,18.36290188583357,9.4,4.1,1.0,3.5,1.7,4.2,3.0,2.0,1.0,1.9640818584048665,near,dense,0.0,0.0,110,2,4,2,6,,
41,7.0,-0.4452527933333334,-0.0598453466666666,-0.20640864,256.3466666666667,-115.62333333333332,13.35645970835857,-5.335530882842934,0.5,15.0,20.33553088284293,4.8,3.5,1.0,4.2,0.6,0.0,1.0,1.0,0.0,1.6845368533865797,near,dense,0.0,0.0,110,2,4,2,6,,
41,8.0,-0.4297779449999999,-0.0234138616666666,-0.2060236783333333,270.425,-74.02,16.089594186023593,2.8809929908564773,0.5,24.33333333333333,21.45234034247686,2.7000000000000006,1.1,1.0,1.6000000000000003,0.6,0.5,3.0,1.0,1.0,2.600045714931976,near,dense,0.0,0.0,110,2,4,2,6,,
41,9.0,-0.4233040133333333,0.0183708466666666,-0.1997279466666666,436.21333333333337,-86.08666666666666,20.308688646054097,-1.270704342891025,0.5,33.333333333333336,34.60403767622436,6.0,3.2999999999999994,1.0,1.8,4.2,0.0,3.0,1.0,0.0,3.3502456230289006,near,dense,0.0,0.0,110,2,4,2,6,,
41,10.0,-0.4162056933333333,0.0196513499999999,-0.19870063,470.19666666666666,-88.50999999999999,21.78007245703612,-3.2998758296439896,0.5,34.0,37.29987582964399,6.0,2.9,1.0,0.4000000000000001,2.3,3.2999999999999994,1.0,2.0,3.0,3.633598500627469,near,dense,0.0,0.0,110,2,4,2,6,,
41,11.0,-0.3741186066666667,0.0903213633333333,-0.18839429,662.13,-78.66666666666666,28.499894321034464,-6.430880333689636,0.5,45.0,51.43088033368964,3.7000000000000006,3.0,1.0,0.0,0.6,3.1,0.0,1.0,4.0,4.800997365289315,near,dense,0.0,0.0,110,2,4,2,6,,
41,12.0,-0.43624851,-0.0161846966666666,-0.2032734433333333,351.97,-126.32333333333334,17.19478402376912,1.0788380129737345,0.5,29.0,27.921161987026267,1.2,4.0,1.0,1.2,0.0,0.0,2.0,0.0,0.0,2.66269246815862,near,dense,0.0,0.0,110,2,4,2,6,,
41,13.0,-0.44767229,-0.0824453133333333,-0.2011159233333333,207.4333333333333,-83.16000000000001,11.786155779453756,-5.455322048779202,0.5,11.0,16.455322048779202,9.8,3.7000000000000006,1.0,5.0,1.0,3.8,1.0,1.0,3.0,1.938744484802755,near,dense,0.0,0.0,110,2,4,2,6,,
41,14.0,-0.43805159,-0.0543700133333333,-0.20671386,513.3533333333334,365.32666666666665,12.894655649124369,-25.72341840662526,0.5,15.0,40.723418406625264,4.6,2.9,1.0,0.9,0.6999999999999998,3.0,2.0,1.0,4.0,2.106583814926901,near,dense,0.0,0.0,110,2,4,2,6,,
41,15.0,-0.4255421966666666,0.0086937299999999,-0.19838526,444.15333333333336,-75.30666666666667,19.77267596835283,-0.2339039323739958,0.5,35.0,35.233903932374,1.1,4.7,1.0,0.6999999999999998,0.4000000000000001,0.0,1.0,1.0,0.0,3.463357594951485,near,dense,0.0,0.0,110,2,4,2,6,,
41,16.0,-0.3931192666666667,0.03460227,-0.2026706233333333,600.09,-155.64666666666668,21.51620742847054,-4.27075251714993,0.5,43.333333333333336,47.60408585048327,3.2000000000000006,3.1,1.0,0.0,0.4000000000000001,2.7999999999999994,0.0,1.0,2.0,3.748654071898326,near,dense,0.0,0.0,110,2,4,2,6,,
41,19.0,-0.28387803,-0.0649370433333333,-0.2159053666666666,386.2,-46.57666666666668,16.18990676614227,2.363432226071696,0.5,33.0,30.636567773928306,1.0,0.5,1.0,0.6,0.0,0.4000000000000001,1.0,0.0,1.0,3.226432401781776,near,dense,0.0,0.0,110,2,4,2,6,,
41,22.0,-0.4154718133333333,-0.00949387,-0.1923997033333333,561.8733333333333,468.77,16.541107934608622,-13.239091464775615,0.5,31.33333333333333,44.57242479810896,2.3,3.0,1.0,0.0,0.9,1.3999999999999997,0.0,1.0,2.0,2.7706744806405283,near,dense,0.0,0.0,110,2,4,2,6,,
41,24.0,-0.4455782866666666,-0.1522176066666666,-0.2045979566666667,119.82333333333332,-97.45,4.718752135829711,-3.838707938627658,0.5,5.666666666666667,9.505374605294325,8.7,2.4,1.0,3.0,3.2000000000000006,2.5,2.0,2.0,2.0,1.302591940272645,near,dense,0.0,0.0,110,2,4,2,6,,
41,25.0,-0.3117701533333333,0.16519118,-0.1845730433333333,572.1033333333334,-88.26,34.77704247852315,-0.3839527326695062,0.5,45.0,45.38395273266951,2.7999999999999994,4.4,2.0,1.8,1.0,0.0,2.0,2.0,0.0,5.633586110609699,far,dense,0.0,0.0,110,2,4,2,6,,
41,26.0,-0.40212151,0.01842535,-0.22242577,18.24333333333331,-5.323333333333323,20.2856238979392,29.88612173807432,0.5,31.33333333333333,1.447211595259013,2.4,8.4,2.0,0.0,2.4,0.0,0.0,4.0,0.0,3.4639751038481243,far,dense,0.0,0.0,110,2,4,2,6,,
41,28.0,-0.3334602066666667,-0.0423655566666666,-0.2084335666666666,565.7066666666666,258.425,-19.857967534325404,-16.209849732857936,-0.5,28.666666666666668,44.87651639952461,1.1,2.2,2.0,0.0,0.0,1.1,0.0,0.0,2.0,2.4392194641341227,far,dense,0.0,0.0,110,2,4,2,6,,
41,29.0,-0.2910078183333333,-0.0442029783333333,-0.21434317,272.02833333333336,-32.373333333333335,19.118396969386804,15.420470039887553,0.5,37.0,21.57952996011245,3.8,4.3,2.0,2.4,0.5,0.9,1.0,1.0,2.0,3.347992372110866,far,dense,0.0,0.0,110,2,4,2,6,,
41,30.0,-0.2554486016666666,0.0413849416666666,-0.2012134799999999,427.6433333333334,24.509999999999994,29.51370426027061,11.075805373549253,0.5,45.0,33.92419462645075,5.900000000000001,3.9,2.0,4.2,0.0,1.7,5.0,0.0,2.0,5.040130029790001,far,dense,0.0,0.0,110,2,4,2,6,,
41,32.0,-0.3402184833333333,-0.0232241766666666,-0.2101298699999999,363.7033333333334,-70.36666666666666,19.011935049935506,3.148053285162341,0.5,32.0,28.851946714837663,2.6,3.7000000000000006,2.0,2.6,0.0,0.0,3.0,0.0,0.0,3.3541744929044377,far,dense,0.0,0.0,110,2,4,2,6,,
41,33.0,-0.3750045099999999,-0.06827388,-0.20763074,290.93,-66.83666666666666,15.159733567940192,-1.0789659825711102,0.5,22.0,23.07896598257111,7.2,4.3,2.0,2.7000000000000006,0.9,3.6,1.0,1.0,5.0,2.7012269816059167,far,dense,0.0,0.0,110,2,4,2,6,,
41,35.0,-0.3308714733333333,0.12886955,-0.19956975,351.1066666666666,45.23000000000002,33.6975837690072,17.14732473016213,0.5,45.0,27.852675269837874,1.8,4.9,2.0,0.0,1.8,0.0,0.0,3.0,0.0,5.7639749843234975,far,dense,0.0,0.0,110,2,4,2,6,,
41,36.0,-0.3372122433333333,0.1264823833333333,-0.1764284566666666,607.6133333333333,-98.93666666666668,31.471659980684446,-3.2008986716964167,0.5,45.0,48.200898671696415,3.0,5.3,2.0,1.2,1.8,0.0,2.0,2.0,0.0,6.904628843440592,far,dense,0.0,0.0,110,2,4,2,6,,
41,37.0,-0.40439842,0.0063580933333333,-0.1875888733333333,160.86666666666667,-6.76333333333334,19.1621267045201,16.905396506388918,0.5,29.666666666666668,12.761270160277746,4.6,3.1,2.0,0.9,1.0,2.7000000000000006,1.0,2.0,4.0,3.5630099415987666,far,dense,0.0,0.0,110,2,4,2,6,,
41,38.0,-0.42517035,0.00154392,-0.2023242633333333,388.8833333333334,-75.50999999999999,20.450862103848763,-0.8494318949192644,0.5,30.0,30.849431894919263,6.0,4.6,2.0,2.7000000000000006,1.3,2.0,3.0,3.0,2.0,4.087262253220011,far,dense,0.0,0.0,110,2,4,2,6,,
41,39.0,-0.4146581516666667,-0.010729195,-0.193301355,386.85,-83.76166666666667,17.878266391242757,-3.6881311324292194,0.5,27.0,30.68813113242922,4.7,1.1,2.0,2.2,0.0,2.5,1.0,0.0,5.0,3.25800868747292,far,dense,0.0,0.0,110,2,4,2,6,,
41,40.0,-0.3912539266666666,0.0652991233333333,-0.1994967733333333,489.3066666666667,-110.38666666666666,26.3822440386717,6.184161430429097,0.5,45.0,38.8158385695709,3.7000000000000006,6.900000000000001,2.0,1.1,2.6,0.0,1.0,3.0,0.0,4.881328083838733,far,dense,0.0,0.0,110,2,4,2,6,,
41,41.0,-0.38369665,-0.0021770699999999,-0.19478743,410.56,-99.18,19.78834052884392,-1.2356704607215692,0.5,31.33333333333333,32.5690037940549,4.4,0.4000000000000001,2.0,2.9,0.0,1.5,3.0,0.0,3.0,4.961727419249837,far,dense,0.0,0.0,110,2,4,2,6,,
41,48.0,-0.3422567583333333,-0.0161350016666666,-0.217094855,301.6033333333333,-39.43000000000001,-6.59887419577759,-1.8582055392093624,-0.5,18.5,20.35820553920936,2.4,5.3,2.0,0.6999999999999998,1.7,0.0,1.0,1.0,0.0,1.646403916626624,far,dense,0.0,0.0,110,2,4,2,6,,
41,49.0,-0.40730994,0.0089545366666666,-0.1865556333333333,372.5233333333333,406.76,16.768068315023275,8.448378174426852,0.5,38.0,29.551621825573147,8.5,3.1,3.0,2.5,1.3,4.7,3.0,2.0,3.0,7.484294964998338,near,non_dense,0.0,0.0,110,2,4,2,6,,
41,50.0,-0.42239962,-0.0268827566666666,-0.2027496633333333,325.8233333333333,-71.35333333333331,17.04666077279334,-0.513659504558691,0.5,25.33333333333333,25.846992837892028,6.599999999999999,3.0,3.0,2.1,1.5,3.0,1.0,2.0,3.0,6.35683343921182,near,non_dense,0.0,0.0,110,2,4,2,6,,
41,54.0,-0.44201997,-0.11340773,-0.2034284666666666,136.20333333333332,-37.76333333333334,10.017429363105707,-2.471437906184052,0.5,8.333333333333334,10.804771239517386,9.5,1.9,3.0,3.7000000000000006,0.9,4.9,3.0,1.0,3.0,5.2467702510248335,near,non_dense,0.0,0.0,110,2,4,2,6,,
41,56.0,-0.43510098,-0.0558082299999999,-0.2126601833333333,271.62,-64.00333333333334,14.8183667251404,0.4528624061253078,0.5,22.0,21.54713759387469,7.900000000000001,3.2000000000000006,3.0,5.599999999999999,0.0,2.3,2.0,0.0,3.0,5.438563055820766,near,non_dense,0.0,0.0,110,2,4,2,6,,
41,57.0,-0.41970813,-0.1395237433333333,-0.2113524133333333,302.2033333333333,-46.48,9.145243151751544,-16.97325971821262,0.5,7.0,23.97325971821262,6.900000000000001,5.2,3.0,0.8000000000000002,6.099999999999999,0.0,2.0,3.0,0.0,3.501313838900311,near,non_dense,0.0,0.0,110,2,4,2,6,,
41,58.0,-0.3725797116666666,-0.0459283349999999,-0.1908499983333333,415.63,-2.1749999999999936,25.54849427437986,-8.804531323695375,0.5,24.166666666666668,32.97119799036204,8.1,0.5,3.0,3.5,0.0,4.6,4.0,0.0,2.0,12.98645290225948,near,non_dense,0.0,0.0,110,2,4,2,6,,
41,59.0,-0.4301036566666667,-0.0757925866666666,-0.1979750633333333,395.50666666666666,99.21,12.135089137985371,-14.04151596333628,0.5,17.333333333333332,31.374849296669613,6.3,2.1,3.0,4.5,0.4000000000000001,1.3999999999999997,4.0,1.0,1.0,4.356008960134417,near,non_dense,0.0,0.0,110,2,4,2,6,,
41,60.0,-0.4217240433333333,-0.0446808266666666,-0.19291364,285.8533333333333,-163.92,15.461651368670443,4.657090402028348,0.5,27.33333333333333,22.676242931304984,10.4,2.7999999999999994,3.0,3.9,4.8,1.7,2.0,2.0,2.0,5.690891245334975,near,non_dense,0.0,0.0,110,2,4,2,6,,
41,61.0,-0.4415291166666666,-0.08027849,-0.20390779,175.72333333333336,72.46,12.284974297742975,0.3935098969603117,0.5,14.333333333333334,13.939823436373024,9.7,1.7,3.0,2.5,0.0,7.2,3.0,0.0,3.0,5.563134184798625,near,non_dense,0.0,0.0,110,2,4,2,6,,
41,62.0,-0.4172085933333333,-0.0179942866666666,-0.1901228733333333,357.67333333333335,-194.2166666666667,18.09949542625384,3.6264025955631367,0.5,32.0,28.37359740443686,6.400000000000001,2.9,3.0,2.3,1.2,2.9,3.0,1.0,3.0,6.757352994591954,near,non_dense,0.0,0.0,110,2,4,2,6,,
41,66.0,-0.3918332666666666,-0.0505682266666666,-0.1982245933333333,262.95666666666665,99.77666666666666,14.780178435951308,-1.1932239080086486,0.5,19.666666666666668,20.859890574675315,7.599999999999999,4.2,3.0,4.5,1.0,2.1,4.0,1.0,3.0,5.639250637179441,near,non_dense,0.0,0.0,110,2,4,2,6,,
41,67.0,-0.2456560599999999,-0.2342055366666666,-0.28603375,-339.75666666666666,-104.75,-18.08299277669775,12.952299702168048,-0.5,-14.0,-26.952299702168048,2.4,0.4000000000000001,3.0,2.0,0.0,0.4000000000000001,2.0,0.0,1.0,5.5272285387700615,near,non_dense,0.0,0.0,110,2,4,2,6,,
41,69.0,-0.44543346,-0.0592698,-0.20519471,233.7966666666667,-53.2,13.830379726818384,-1.546678984080419,0.5,17.0,18.54667898408042,7.3,2.3,3.0,2.7000000000000006,1.0,3.6,1.0,1.0,4.0,5.320242117490087,near,non_dense,0.0,0.0,110,2,4,2,6,,
41,70.0,-0.4412336066666666,-0.09002385,-0.1998773866666666,218.21000000000004,-118.58666666666666,12.244450260914483,-4.310216089976428,0.5,13.0,17.310216089976425,7.2,1.9,3.0,4.1,0.4000000000000001,2.7000000000000006,1.0,1.0,5.0,4.49721666807242,near,non_dense,0.0,0.0,110,2,4,2,6,,
41,73.0,-0.44137444,-0.05886059,-0.20940974,458.4933333333333,592.1366666666667,14.181823148261428,-20.37147094914803,0.5,16.0,36.371470949148026,8.1,0.6999999999999998,4.0,8.1,0.0,0.0,8.0,0.0,0.0,4.405757139317242,far,non_dense,0.0,0.0,110,2,4,2,6,,
41,74.0,-0.44825405,-0.1277805866666666,-0.2100455733333333,0.0,0.0,7.976944864019193,8.333333333333334,0.5,8.333333333333334,0.0,5.5,1.3999999999999997,4.0,3.2000000000000006,0.0,2.3,1.0,0.0,3.0,2.7808640292133,far,non_dense,0.0,0.0,110,2,4,2,6,,
41,76.0,-0.4353602933333333,-0.2782627133333333,-0.2082606533333333,-215.43,-62.05333333333334,-7.248880789486396,5.089683572080205,-0.5,-12.0,-17.089683572080204,5.7,2.0,4.0,2.7000000000000006,0.0,3.0,2.0,0.0,2.0,2.2550271517146894,far,non_dense,0.0,0.0,110,2,4,2,6,,
41,78.0,-0.4263397583333333,-0.0468461966666666,-0.200293305,411.7966666666667,198.35833333333332,14.85597344746916,-9.833773055613056,0.5,22.83333333333333,32.66710638894639,8.0,1.2,4.0,3.8,3.1,1.1,4.0,1.0,2.0,4.791829953200918,far,non_dense,0.0,0.0,110,2,4,2,6,,
41,79.0,-0.4491067099999999,-0.3257179166666666,-0.2209859166666666,-264.1166666666666,-54.64000000000001,-9.876057037974263,5.951911337538487,-0.5,-15.0,-20.951911337538487,5.8,1.7,4.0,2.6,1.9,1.3,2.0,1.0,2.0,3.306058397382906,far,non_dense,0.0,0.0,110,2,4,2,6,,
41,82.0,-0.3364388533333333,-0.1225600433333333,-0.2058325666666667,146.54,-102.95333333333332,9.21359058258219,-2.6247608534216806,0.5,9.0,11.624760853421682,7.099999999999999,1.5,4.0,1.9,2.5,2.7000000000000006,2.0,1.0,3.0,3.049793333152055,far,non_dense,0.0,0.0,110,2,4,2,6,,
41,84.0,-0.3996997866666666,0.0097930166666666,-0.1958676999999999,317.77,-11.359999999999994,21.69013007279241,12.79186395256034,0.5,38.0,25.208136047439652,4.5,3.5,4.0,3.2000000000000006,0.0,1.3,3.0,0.0,2.0,6.435030329419156,far,non_dense,0.0,0.0,110,2,4,2,6,,
41,85.0,-0.4238004,-0.1206255133333333,-0.2027398066666666,237.26666666666668,-78.02,8.317595771533076,-9.82194799023146,0.5,9.0,18.82194799023146,7.900000000000001,3.1,4.0,2.5,1.9,3.5,2.0,2.0,3.0,2.989865752802308,far,non_dense,0.0,0.0,110,2,4,2,6,,
41,87.0,-0.37092462,-0.0976959866666666,-0.1955194166666666,305.91333333333336,-182.96,11.71125692454047,-11.934234169553742,0.5,12.333333333333334,24.26756750288708,6.2,2.5,4.0,0.6,1.9,3.7000000000000006,1.0,4.0,5.0,4.2624101250450925,far,non_dense,0.0,0.0,110,2,4,2,6,,
41,89.0,-0.3428968883333333,-0.1083915466666666,-0.1980576033333333,153.64833333333334,-45.61833333333333,8.656632405268851,-3.855319120104767,0.5,8.333333333333334,12.1886524534381,11.199999999999998,0.4000000000000001,4.0,7.7,0.0,3.5,1.0,0.0,3.0,4.21349780146907,far,non_dense,0.0,0.0,110,2,4,2,6,,
41,90.0,-0.2941163766666666,-0.12380953,-0.1863631099999999,170.29,-124.48,7.362895305670665,-3.842139978134605,0.5,9.666666666666666,13.508806644801274,9.5,0.4000000000000001,4.0,7.2,0.0,2.3,4.0,0.0,2.0,2.832366847927178,far,non_dense,0.0,0.0,110,2,4,2,6,,
41,93.0,-0.2338003466666667,-0.19927006,-0.2863801666666666,-188.33,-107.06333333333336,-6.579810159636459,5.273221497144617,-0.5,-9.666666666666666,-14.939888163811284,10.699999999999998,0.4000000000000001,4.0,3.2999999999999994,0.0,7.400000000000001,3.0,0.0,5.0,2.3571848765135512,far,non_dense,0.0,0.0,110,2,4,2,6,,
41,95.0,-0.19329809,-0.06691997,-0.20426294,379.94000000000005,241.8766666666667,17.955839590059835,7.860027032557429,0.5,38.0,30.13997296744257,6.900000000000001,5.2,4.0,5.400000000000001,0.6999999999999998,0.8000000000000002,2.0,1.0,1.0,6.220815614138739,far,non_dense,0.0,0.0,110,2,4,2,6,,
67,1.0,-0.4264496433333333,-0.36862704,-0.4789713733333333,-32.570000000000014,-136.96333333333334,-6.865979952512976,-21.572294691050875,-0.5,-24.0,-2.427705308949126,5.2,0.9,1.0,0.0,0.0,5.2,0.0,0.0,6.0,0.8310613099768824,near,dense,0.0,0.0,123,2,4,2,6,,
67,2.0,-0.4257150966666667,-0.0658282266666666,-0.2110391833333333,246.63333333333333,-15.730000000000004,11.04162813992656,-3.383575458923932,0.5,15.0,18.38357545892393,4.8,2.4,1.0,3.6,0.6999999999999998,0.5,2.0,1.0,1.0,1.5832735626350145,near,dense,0.0,0.0,123,2,4,2,6,,
67,4.0,-0.40662668,-0.01788451,-0.2243731666666666,460.8833333333334,-65.79,14.45300459080421,-7.68669271741386,0.5,26.666666666666668,34.35335938408053,1.8,2.6,1.0,0.6,1.2,0.0,1.0,1.0,0.0,2.330308841544783,near,dense,0.0,0.0,123,2,4,2,6,,
67,5.0,-0.3820678666666666,0.0331334833333333,-0.2159405833333333,429.6366666666666,-67.73333333333335,17.70534299650465,4.642373863907313,0.5,36.66666666666666,32.024292802759355,6.8,1.2,1.0,0.5,0.8000000000000002,5.5,1.0,1.0,2.0,2.735075527487377,near,dense,0.0,0.0,123,2,4,2,6,,
67,6.0,-0.4157097633333333,-0.0594279,-0.2112087633333333,248.17333333333335,-150.70666666666668,10.751938411904115,-4.165030770840269,0.5,14.333333333333334,18.498364104173604,4.9,2.0,1.0,1.3,2.2,1.3999999999999997,3.0,1.0,2.0,1.7107661628803996,near,dense,0.0,0.0,123,2,4,2,6,,
67,8.0,-0.4075551133333333,-0.0238066833333333,-0.2158329833333333,306.31333333333333,-104.38,13.80108491024069,0.1679918472448147,0.5,23.0,22.83200815275519,3.2999999999999994,1.9,1.0,1.7,0.0,1.6000000000000003,2.0,0.0,1.0,2.2262195659040382,near,dense,0.0,0.0,123,2,4,2,6,,
67,9.0,-0.3513911166666667,0.0889588633333333,-0.2007742233333333,666.4166666666666,-180.91,23.583355475803238,-4.1502340083042855,0.5,44.0,48.15023400830429,2.7000000000000006,3.4,1.0,1.8,0.9,0.0,2.0,1.0,0.0,3.752914858128568,near,dense,0.0,0.0,123,2,4,2,6,,
67,10.0,-0.3519505466666666,0.08707522,-0.2079794266666666,576.52,-278.26,24.43947132822503,2.027305351079233,0.5,45.0,42.972694648920765,2.4,2.7999999999999994,1.0,0.0,0.9,1.5,0.0,1.0,3.0,3.984706624368026,near,dense,0.0,0.0,123,2,4,2,6,,
67,11.0,-0.2900243566666666,0.1347329933333333,-0.2070220466666666,752.3533333333334,-272.3066666666667,30.45144685011773,-6.8916730007114495,0.5,45.0,51.89167300071145,1.8,2.9,1.0,0.4000000000000001,0.5,0.9,1.0,1.0,1.0,5.002065499033336,near,dense,0.0,0.0,123,2,4,2,6,,
67,12.0,-0.38665239,-0.0121705333333333,-0.2159831633333333,376.8633333333334,-164.76000000000002,16.63695161917167,2.909330209346115,0.5,31.0,28.090669790653887,2.0,1.3,1.0,2.0,0.0,0.0,3.0,0.0,0.0,2.458282650664273,near,dense,0.0,0.0,123,2,4,2,6,,
67,14.0,-0.4115709366666666,-0.0104426266666666,-0.22899361,355.6266666666667,-306.18333333333334,14.636226710175745,-0.5077294034555564,0.5,26.0,26.50772940345556,4.3,1.0,1.0,2.5,0.9,0.9,3.0,2.0,1.0,2.269974872391114,near,dense,0.0,0.0,123,2,4,2,6,,
67,16.0,-0.34300206,0.0227325833333333,-0.22994608,504.29,-191.24,20.12414292454268,-1.9221423677194025,0.5,35.666666666666664,37.58880903438607,5.900000000000001,2.6,1.0,0.6,1.0,4.3,1.0,1.0,5.0,3.6225802009495305,near,dense,0.0,0.0,123,2,4,2,6,,
67,17.0,-0.4122244433333333,-0.0149894933333333,-0.3186291633333333,378.2533333333333,-143.30666666666667,12.87272240438354,-15.860944390370578,0.5,12.333333333333334,28.19427772370391,3.6,0.4000000000000001,1.0,0.8000000000000002,0.0,2.7999999999999994,1.0,0.0,2.0,1.6058858883136171,near,dense,0.0,0.0,123,2,4,2,6,,
67,19.0,-0.3612870966666666,0.0147925,-0.18610436,522.6366666666668,-162.21666666666667,17.820647504900545,-2.623001033204621,0.5,36.333333333333336,38.95633436653795,1.3,2.4,1.0,0.9,0.0,0.4000000000000001,1.0,0.0,1.0,3.390035283941953,near,dense,0.0,0.0,123,2,4,2,6,,
67,22.0,-0.3508078533333333,0.0051531733333333,-0.19246068,388.4666666666667,-93.23,18.099872273329,0.3777733389692947,0.5,29.33333333333333,28.95555999436404,1.9,2.0,1.0,1.9,0.0,0.0,2.0,0.0,0.0,3.2569114114624385,near,dense,0.0,0.0,123,2,4,2,6,,
67,25.0,-0.3297372283333333,-0.0092924333333333,-0.2002635566666666,453.5683333333333,-76.44833333333332,19.706039925286884,-3.2215176668249974,0.5,28.0,31.221517666825,16.4,0.9,2.0,6.7,0.0,9.7,5.0,0.0,9.0,3.208894392236487,far,dense,0.0,0.0,123,2,4,2,6,,
67,27.0,-0.36572863,-0.0436275733333333,-0.2167413499999999,476.4266666666667,60.60999999999999,15.627138278552469,-9.511929628234622,0.5,26.0,35.51192962823462,4.4,0.8000000000000002,2.0,1.5,0.6,2.3,3.0,1.0,2.0,2.6922441582803707,far,dense,0.0,0.0,123,2,4,2,6,,
67,28.0,-0.2700569333333333,-0.3676657466666667,-0.2261077866666666,-555.0500000000001,-40.00999999999999,-19.34891762620705,-3.6276379572547817,-0.5,-45.0,-41.372362042745216,2.2,0.6999999999999998,2.0,0.6,0.0,1.6000000000000003,1.0,0.0,2.0,2.282576094283433,far,dense,0.0,0.0,123,2,4,2,6,,
67,29.0,-0.3423170233333333,-0.0720244,-0.2008198266666666,327.05,-179.75333333333333,12.841425083027296,0.6223205007119622,0.5,25.0,24.377679499288035,6.7,0.6,2.0,1.2,0.0,5.5,1.0,0.0,7.0,2.111426028980895,far,dense,0.0,0.0,123,2,4,2,6,,
67,30.0,-0.3404023266666667,-0.06482219,-0.1983346866666666,198.67666666666665,-138.11,14.41845055605985,10.19102246143745,0.5,25.0,14.80897753856255,3.2999999999999994,0.6999999999999998,2.0,1.3999999999999997,0.0,1.9,2.0,0.0,4.0,2.461046994370181,far,dense,0.0,0.0,123,2,4,2,6,,
67,31.0,-0.3326081933333333,-0.0860697866666666,-0.2314619566666666,358.8866666666667,-142.79999999999998,13.582914649690643,-6.750723548594459,0.5,20.0,26.75072354859446,6.599999999999999,1.0,2.0,1.3,0.4000000000000001,4.9,1.0,1.0,6.0,3.662204328061215,far,dense,0.0,0.0,123,2,4,2,6,,
67,32.0,-0.33620686,-0.0832885533333333,-0.2217692966666666,305.74666666666667,-56.626666666666665,12.06919402286356,-1.456436573334308,0.5,21.33333333333333,22.78976990666764,6.8,0.6999999999999998,2.0,1.5,0.0,5.3,3.0,0.0,6.0,2.0697563673785058,far,dense,0.0,0.0,123,2,4,2,6,,
67,33.0,-0.31584992,-0.0842386633333333,-0.2217734733333333,150.35666666666663,-135.85,13.09219335676675,17.792702551349077,0.5,29.0,11.20729744865092,5.8,0.9,2.0,0.6999999999999998,0.0,5.1,1.0,0.0,5.0,2.1756463379085176,far,dense,0.0,0.0,123,2,4,2,6,,
67,34.0,-0.3004785966666667,-0.0655269233333333,-0.2588449033333333,386.0966666666666,-221.6533333333333,15.663704097742515,11.22109525839032,0.5,40.0,28.77890474160968,3.8,0.9,2.0,0.0,0.0,3.8,0.0,0.0,5.0,2.6772028459472925,far,dense,0.0,0.0,123,2,4,2,6,,
67,35.0,-0.2835543866666667,0.0150226733333333,-0.2352518333333333,565.1366666666667,-227.58,23.051677737783592,2.875797176896571,0.5,45.0,42.124202823103424,1.6000000000000003,1.3999999999999997,2.0,0.0,0.0,1.6000000000000003,0.0,0.0,2.0,3.873693049671404,far,dense,0.0,0.0,123,2,4,2,6,,
67,37.0,-0.398610315,-0.2002517166666666,-0.3449522133333333,210.9,-145.84833333333333,10.543059967703556,-10.220081352697893,0.5,5.5,15.720081352697894,2.0,0.5,2.0,0.0,0.0,2.0,0.0,0.0,4.0,2.1439006507715743,far,dense,0.0,0.0,123,2,4,2,6,,
67,38.0,-0.3560921866666667,0.0003322066666666,-0.2266410733333333,434.11,-143.58666666666667,17.077713249594897,1.6422735134201822,0.5,34.0,32.357726486579814,2.6,1.2,2.0,0.9,0.0,1.7,1.0,0.0,2.0,3.4117895200419546,far,dense,0.0,0.0,123,2,4,2,6,,
67,39.0,-0.3256147433333333,-0.06874822,-0.2079464233333333,452.05,-219.23333333333332,15.097615815308272,-4.028272998990436,0.5,29.666666666666668,33.6949396656571,4.7,0.8000000000000002,2.0,0.0,0.9,3.8,0.0,2.0,5.0,2.6712307896373613,far,dense,0.0,0.0,123,2,4,2,6,,
67,40.0,-0.4010702566666667,-0.2709900733333333,-0.2311503999999999,-193.02666666666667,-126.96666666666664,20.51473256140791,6.054504045709336,0.5,-8.333333333333334,-14.387837379042669,2.0,2.5,2.0,0.4000000000000001,0.0,1.6000000000000003,1.0,0.0,2.0,3.8388192448963,far,dense,0.0,0.0,123,2,4,2,6,,
67,42.0,-0.3111060966666666,-0.24014404,-0.26779237,-363.1466666666667,-133.92,-15.440982756316076,14.06825577506432,-0.5,-13.0,-27.06825577506432,6.0,2.0,2.0,0.6999999999999998,0.0,5.3,1.0,0.0,3.0,2.0122277407640983,far,dense,0.0,0.0,123,2,4,2,6,,
67,43.0,-0.3645409833333333,-0.0845549766666666,-0.2556188716666667,94.725,-170.52666666666667,-36.82296516488757,7.439380245925516,-0.5,14.5,7.060619754074483,0.4000000000000001,2.7999999999999994,2.0,0.4000000000000001,0.0,0.0,1.0,0.0,0.0,5.390626310485975,far,dense,0.0,0.0,123,2,4,2,6,,
67,44.0,-0.36477529,-0.35339565,-0.24754548,-445.9466666666667,-9.09333333333334,-16.490102069119853,14.240008909267194,-0.5,-19.0,-33.2400089092672,0.4000000000000001,1.3,2.0,0.4000000000000001,0.0,0.0,1.0,0.0,0.0,2.1928162930619,far,dense,0.0,0.0,123,2,4,2,6,,
67,45.0,-0.3441797966666666,-0.2930895,-0.2568244699999999,-369.9933333333333,-140.71,-14.739830062613962,9.245259838576905,-0.5,-18.33333333333333,-27.57859317191024,1.3,0.6,2.0,0.6,0.0,0.6999999999999998,1.0,0.0,1.0,1.8986270693376124,far,dense,0.0,0.0,123,2,4,2,6,,
67,46.0,-0.3646764333333334,-0.2987319366666667,-0.2217394966666666,-257.55,-151.81333333333336,-9.92012440640722,4.197282846786834,-0.5,-15.0,-19.197282846786837,8.2,1.3999999999999997,2.0,4.2,0.0,4.0,1.0,0.0,5.0,2.104109302807589,far,dense,0.0,0.0,123,2,4,2,6,,
67,47.0,-0.3864167333333333,-0.3175719366666666,-0.2276617116666666,-198.12833333333333,-157.80666666666667,-11.569043559176649,-0.0652275093672543,-0.5,-14.833333333333334,-14.76810582396608,1.3999999999999997,1.1,2.0,0.0,1.3999999999999997,0.0,0.0,1.0,0.0,1.5880650476569609,far,dense,0.0,0.0,123,2,4,2,6,,
67,48.0,-0.2411742,0.0793752766666666,-0.2494861766666666,800.2333333333332,-61.78333333333333,-4.468677866175867,-8.676114667774455,-0.5,45.0,53.67611466777445,2.4,2.0,2.0,0.4000000000000001,0.4000000000000001,1.6000000000000003,1.0,1.0,2.0,1.3700532548410675,far,dense,0.0,0.0,123,2,4,2,6,,
67,49.0,-0.3539720766666667,-0.0885003866666666,-0.1925854433333333,0.9866666666666788,-351.3633333333333,11.053252925065122,19.667311696992844,0.5,20.0,0.3326883030071539,8.3,1.1,3.0,1.2,3.0,4.1,1.0,1.0,4.0,5.147785088017302,near,non_dense,0.0,0.0,123,2,4,2,6,,
67,50.0,-0.2716770066666666,-0.06476377,-0.2852022666666666,407.47333333333336,-153.71666666666667,15.909117904734094,14.627719539805652,0.5,45.0,30.372280460194347,4.1,2.7000000000000006,3.0,0.8000000000000002,0.6,2.7000000000000006,1.0,1.0,3.0,6.096026844208862,near,non_dense,0.0,0.0,123,2,4,2,6,,
67,56.0,-0.36424331,-0.0573022,-0.2052449433333333,304.83666666666664,-214.54666666666665,11.04899694455878,-1.721940252656477,0.5,21.0,22.72194025265648,5.599999999999999,1.3999999999999997,3.0,2.1,0.0,3.5,1.0,0.0,5.0,4.123363335273147,near,non_dense,0.0,0.0,123,2,4,2,6,,
67,57.0,-0.3832494633333334,-0.0907685833333333,-0.2274050066666666,284.1766666666667,-134.23,7.963548233045358,-10.84865015902566,0.5,10.333333333333334,21.181983492358995,3.2000000000000006,2.2,3.0,1.8,0.6999999999999998,0.6999999999999998,2.0,1.0,1.0,3.152826366267196,near,non_dense,0.0,0.0,123,2,4,2,6,,
67,58.0,-0.2766752133333333,-0.0830875933333333,-0.2196020466666667,183.09,-93.40000000000002,11.363874771279052,18.352822689115897,0.5,32.0,13.647177310884102,8.8,1.5,3.0,1.5,0.6,6.7,1.0,1.0,3.0,6.456502368551155,near,non_dense,0.0,0.0,123,2,4,2,6,,
67,59.0,-0.3633382733333333,-0.1026211866666666,-0.20669344,233.74,-185.15666666666667,9.366254832590624,-0.4225311302968535,0.5,17.0,17.422531130296854,3.1,1.5,3.0,1.6000000000000003,0.0,1.5,2.0,0.0,2.0,3.427382795435597,near,non_dense,0.0,0.0,123,2,4,2,6,,
67,60.0,-0.3433062433333333,-0.06119886,-0.2130630999999999,282.86,-115.80666666666666,12.040317799896174,3.91615831472676,0.5,25.0,21.08384168527324,5.8,2.2,3.0,2.5,0.0,3.2999999999999994,1.0,0.0,3.0,4.752552404798825,near,non_dense,0.0,0.0,123,2,4,2,6,,
67,61.0,-0.2977565333333333,-0.0942667,-0.2121544633333333,314.50666666666666,-101.41,11.155834511621263,-0.7760568324601175,0.5,22.666666666666668,23.442723499126785,9.1,2.3,3.0,2.0,1.8,5.3,3.0,1.0,2.0,5.29842737346659,near,non_dense,0.0,0.0,123,2,4,2,6,,
67,62.0,-0.3725209366666666,0.0066198199999999,-0.2029357933333333,516.11,-72.25,17.313223273429585,6.5301508442820735,0.5,45.0,38.46984915571792,8.9,1.3999999999999997,3.0,2.3,2.7000000000000006,3.9,3.0,1.0,2.0,6.298464624422315,near,non_dense,0.0,0.0,123,2,4,2,6,,
67,66.0,-0.3162726766666666,-0.0559259766666666,-0.2253381333333333,331.7366666666667,-66.06666666666666,12.657018843201074,0.6063186928742302,0.5,25.33333333333333,24.727014640459103,5.599999999999999,2.2,3.0,2.6,0.9,2.1,3.0,1.0,4.0,4.705508044754903,near,non_dense,0.0,0.0,123,2,4,2,6,,
67,67.0,-0.3223323433333333,-0.2717874966666667,-0.20108499,-488.5733333333333,-136.27,-16.343786730029894,5.083985522801264,-0.5,-31.33333333333333,-36.41731885613459,2.6,0.4000000000000001,3.0,0.9,0.0,1.7,2.0,0.0,3.0,5.256177405951655,near,non_dense,0.0,0.0,123,2,4,2,6,,
67,70.0,-0.3972687433333333,-0.0153458066666666,-0.2148187733333333,398.8333333333333,-230.42,13.2907608826899,1.6050618958384213,0.5,31.33333333333333,29.72827143749491,4.3,2.3,3.0,1.2,0.0,3.1,2.0,0.0,5.0,4.961517641642559,near,non_dense,0.0,0.0,123,2,4,2,6,,
67,72.0,-0.4046876033333333,-0.2946728666666666,-0.2353377333333333,-354.97,-264.87666666666667,-13.23967294147192,12.125449396714894,-0.5,-14.333333333333334,-26.458782730048227,6.099999999999999,0.8000000000000002,3.0,1.2,0.0,4.9,2.0,0.0,4.0,4.4102063157848725,near,non_dense,0.0,0.0,123,2,4,2,6,,
67,73.0,-0.3902527583333333,-0.1126537266666666,-0.38120634,328.40500000000003,97.55666666666669,10.104559093481702,-18.64534526615814,0.5,5.833333333333333,24.478678599491477,9.5,2.4,4.0,2.3,0.0,7.2,1.0,0.0,5.0,3.462580744060172,far,non_dense,0.0,0.0,123,2,4,2,6,,
67,74.0,-0.3578140144444444,-0.1106058188888888,-0.4328513811111111,179.43,161.26333333333332,8.089452825320112,-6.707701266546151,0.5,6.666666666666667,13.374367933212817,6.3,0.6,4.0,0.0,0.0,6.3,0.0,0.0,5.0,2.7650830640201267,far,non_dense,0.0,0.0,123,2,4,2,6,,
67,75.0,-0.34303877,-0.2519802266666667,-0.2392051566666666,-192.82,-73.48,-8.724641827560193,6.705766175567606,-0.5,-7.666666666666667,-14.372432842234272,4.2,1.7,4.0,2.3,1.3999999999999997,0.5,2.0,2.0,1.0,3.06991989496632,far,non_dense,0.0,0.0,123,2,4,2,6,,
67,78.0,-0.3927638233333333,-0.08128935,-0.22447756,330.17,-65.27666666666666,9.096351906751288,-8.610238313040613,0.5,16.0,24.61023831304061,9.3,2.0,4.0,2.1,1.7,5.5,3.0,1.0,1.0,3.341998593922671,far,non_dense,0.0,0.0,123,2,4,2,6,,
67,81.0,-0.3168615816666666,-0.3546315,-0.24535057,-446.96,81.82333333333332,-20.846128426242636,4.48846676442365,-0.5,-28.166666666666668,-32.65513343109032,3.1,1.5,4.0,1.9,0.0,1.2,2.0,0.0,2.0,6.587744811177842,far,non_dense,0.0,0.0,123,2,4,2,6,,
67,82.0,-0.2986379966666666,-0.0838559899999999,-0.2337775599999999,183.73333333333332,-19.923333333333336,9.770299140038976,6.304869856792983,0.5,20.0,13.695130143207017,2.5,2.7000000000000006,4.0,1.3,0.6,0.6,2.0,1.0,1.0,3.378672764489264,far,non_dense,0.0,0.0,123,2,4,2,6,,
67,83.0,-0.30920297,-0.08717781,-0.2144216533333333,219.81333333333336,-39.99666666666667,11.91223531153607,3.615535882372214,0.5,20.0,16.384464117627786,5.3,2.0,4.0,2.0,1.3,2.0,2.0,1.0,3.0,3.816540034137954,far,non_dense,0.0,0.0,123,2,4,2,6,,
67,84.0,-0.30967149,-0.01853634,-0.24436505,269.26000000000005,-6.350000000000004,16.93283240599891,24.929876220827712,0.5,45.0,20.070123779172288,6.900000000000001,3.2000000000000006,4.0,4.2,0.0,2.7000000000000006,1.0,0.0,2.0,4.973302596067337,far,non_dense,0.0,0.0,123,2,4,2,6,,
67,86.0,-0.4151295399999999,-0.0638624133333333,-0.1946023466666666,182.25,-178.94333333333336,8.660758388812317,10.748768010767227,0.5,24.33333333333333,13.584565322566103,6.7,1.1,4.0,2.4,0.0,4.3,1.0,0.0,7.0,3.216920791127766,far,non_dense,0.0,0.0,123,2,4,2,6,,
67,87.0,-0.40652442,-0.05093244,-0.2214506033333333,281.2033333333333,-96.20666666666666,10.914509012847804,4.372976402798372,0.5,25.33333333333333,20.96035693053496,9.5,2.5,4.0,2.4,0.0,7.099999999999999,1.0,0.0,3.0,3.9992187560085526,far,non_dense,0.0,0.0,123,2,4,2,6,,
67,88.0,-0.31300334,-0.0186003299999999,-0.20033092,282.72,-256.2733333333333,15.712566074252535,18.92659364611309,0.5,40.0,21.073406353886902,6.099999999999999,3.2999999999999994,4.0,0.0,1.0,5.1,0.0,1.0,2.0,5.87270417875649,far,non_dense,0.0,0.0,123,2,4,2,6,,
67,89.0,-0.35872084,-0.0476545566666666,-0.21146604,142.67333333333335,-269.96,8.116744075857524,9.365403476241893,0.5,20.0,10.634596523758107,2.6,2.1,4.0,0.0,0.5,2.1,0.0,1.0,2.0,3.646850668016584,far,non_dense,0.0,0.0,123,2,4,2,6,,
67,91.0,-0.38099603,-0.3206328866666666,-0.2234054633333333,-281.1,161.51333333333332,-10.358028648640706,5.952654662130764,-0.5,-15.0,-20.952654662130765,4.8,2.7000000000000006,4.0,2.1,0.4000000000000001,2.3,3.0,1.0,2.0,3.31562869603304,far,non_dense,0.0,0.0,123,2,4,2,6,,
67,93.0,-0.41253721,-0.3632539933333333,-0.5014467633333334,-78.88666666666666,-92.54,-9.786386433470158,-18.119939224072255,-0.5,-24.0,-5.880060775927743,8.7,0.8000000000000002,4.0,8.1,0.0,0.6,6.0,0.0,1.0,3.6160807059328266,far,non_dense,0.0,0.0,123,2,4,2,6,,
67,94.0,-0.4005139216666666,-0.3389257508333334,-0.4163088925,-34.51916666666666,-10.921666666666663,-10.120668444655369,-19.98726513317792,-0.5,-22.58333333333333,-2.5960682001554134,10.800000000000002,2.7000000000000006,4.0,1.3999999999999997,2.3,7.099999999999999,1.0,1.0,2.0,3.329471210357283,far,non_dense,0.0,0.0,123,2,4,2,6,,
67,95.0,-0.3343645833333333,-0.05304695,-0.2155706866666666,223.3766666666667,-263.34666666666664,12.65214962197516,15.34993185256292,0.5,32.0,16.65006814743708,5.2,2.7000000000000006,4.0,3.5,0.0,1.7,1.0,0.0,1.0,4.926903913889892,far,non_dense,0.0,0.0,123,2,4,2,6,,
67,96.0,-0.3608264233333333,-0.27775669,-0.2215195166666666,-325.25666666666666,-167.92,-11.669057457420775,9.244007873434525,-0.5,-15.0,-24.244007873434523,7.3,1.6000000000000003,4.0,5.2,0.0,2.1,1.0,0.0,2.0,5.114256405683032,far,non_dense,0.0,0.0,123,2,4,2,6,,
