participant,trigger,x,y,z,gx,gy,target,difference,side,angle_p,angle_g,l_g,l_p,cond,sgb,sgm,sgc,f_b,f_m,f_c,h_B_w,distance,dense_column,VS left,VS right,Height,DomHand,regularity,Geschlecht,regularity_updated,mrde,predict
14,4.0,-0.3130242333333333,-0.1492910533333333,-0.2057937766666666,266.9166666666667,84.15666666666665,12.813638770896034,0.9582363989347514,0.5,21.0,20.04176360106525,5.599999999999999,1.5,1.0,1.1,0.6,3.9,1.0,1.0,3.0,1.9563651159775188,near,dense,0.0,0.0,118,2,4,1,6,0.599042019831776,11.641693860292435
46,77.0,-0.3483973533333333,-0.2747153533333333,-0.2675983033333333,-270.93333333333334,-164.03666666666666,-11.627333157604811,12.29666237796014,-0.5,-8.666666666666666,-20.963329044626807,7.8,0.6999999999999998,4.0,7.8,0.0,0.0,4.0,0.0,0.0,3.843364089851855,far,non_dense,-1.0,-1.0,115,2,4,2,6,1.0230510778530308,-7.695375382900238
32,13.0,-0.3115971866666667,-0.14539024,-0.2470045933333333,382.3766666666667,-193.24666666666667,11.818573264531272,0.7258598484817208,0.5,32.0,31.27414015151828,1.9,1.9,1.0,0.5,0.8000000000000002,0.6,1.0,1.0,1.0,1.8938648972244736,near,dense,-0.5,-0.5,114,2,5,1,6,1.8799476383583669,15.378940105438232
28,1.0,-0.49723958,-0.3752594099999999,-0.2461894933333333,-307.6666666666667,-123.81,-12.156578164530115,6.423651308241162,-0.5,-18.0,-24.42365130824116,2.6,1.8,1.0,1.7,0.9,0.0,2.0,2.0,0.0,1.6001199948951903,near,dense,0.0,0.0,115,2,1,1,1,0.43891944226777463,-11.454254388809204
11,5.0,-0.3129751466666666,0.0043317266666666,-0.3427945466666666,442.82666666666665,-96.15333333333336,22.01981619056822,-13.387230751739922,0.5,19.666666666666668,33.05389741840659,4.2,9.6,1.0,0.0,4.2,0.0,0.0,5.0,0.0,3.5769008343023514,near,dense,-1.0,-1.25,113,2,4,1,6,2.5734808458999705,12.814730405807495
63,47.0,-0.3631014111111111,-0.3517837211111111,-0.2502631666666666,-348.6011111111111,-150.14,-13.40444334635846,10.890174470446167,-0.5,-15.22222222222222,-26.112396692668387,2.1,0.5,2.0,1.4,0.0,0.7,2.0,0.0,1.0,1.7631059623521026,far,dense,99.0,99.0,119,2,1,1,1,1.7480670949249095,-10.322415828704834
59,34.0,-0.42568607,-0.0291301566666666,-0.2045700666666666,536.72,-77.12666666666667,27.77234786644966,-15.09184636097323,0.5,25.33333333333333,40.42517969430656,6.0,0.9,2.0,5.599999999999999,0.0,0.4000000000000001,6.0,0.0,1.0,4.747779851418184,far,dense,0.0,0.0,119,2,2,2,2,2.55273157551965,15.65254032611847
23,23.0,-0.3839620533333334,-0.3473908599999999,-0.2492322099999999,-473.79333333333335,-146.13666666666666,-14.683438947056798,16.56569545139667,-0.5,-21.0,-37.56569545139667,0.9,1.3999999999999997,1.0,0.0,0.0,0.9,0.0,0.0,2.0,2.29054399599173,near,dense,99.0,99.0,112,2,4,1,6,0.6279660509091777,-13.245055079460144
42,4.0,-0.32087905,-0.0474587633333333,-0.2199371566666666,343.15333333333336,-27.19666666666668,13.577767483547596,-2.857676849869065,0.5,23.0,25.857676849869065,2.6,1.1,1.0,0.5,0.9,1.2,1.0,1.0,2.0,2.0287120737745,near,dense,0.0,0.0,118,2,3,2,3,0.5720452580606803,12.417252361774445
23,48.0,-0.4800482,-0.27349359,-0.24052503,-59.00333333333333,-177.15,-5.063307427201605,-3.655130634651964,-0.5,-8.333333333333334,-4.678202698681369,5.3,2.7999999999999994,2.0,4.0,0.0,1.3,2.0,0.0,3.0,1.3147177557466392,far,dense,99.0,99.0,112,2,4,1,6,1.1467356974541567,-6.570941209793091
25,35.0,-0.31150889,-0.0106972466666666,-0.2306291933333333,631.2199999999999,-260.75333333333333,21.24847113498617,-5.657375328713175,0.5,44.333333333333336,49.99070866204651,3.1,1.9,2.0,0.5,0.6,2.0,1.0,1.0,3.0,3.640594405572346,far,dense,0.0,0.0,117,2,5,1,6,0.13897869510981292,21.754436194896698
28,84.0,-0.4389779233333333,-0.04338338,-0.20047685,298.3666666666668,-16.323333333333323,13.51061502432971,-3.685384925250988,0.5,20.0,23.685384925250982,3.4,1.5,4.0,1.0,1.2,1.2,1.0,1.0,2.0,4.437843713887967,far,non_dense,0.0,0.0,115,2,1,1,1,0.4425012540823415,11.546863615512848
23,64.0,-0.38709523,-0.1743833385714285,-0.3615093921428571,-16.158571428571424,-97.93214285714284,-36.14934354015925,-3.647405294500272,-0.5,-4.928571428571429,-1.2811661340711569,3.2,0.8,3.0,2.4,0.4,0.4,2.0,1.0,1.0,12.91585607089402,near,non_dense,99.0,99.0,112,2,4,1,6,2.529008218615189,-3.485037386417389
14,68.0,-0.2452822533333333,-0.3472932366666666,-0.2319339133333333,-455.1233333333333,16.616666666666674,-11.956145361639516,12.840157479013168,-0.5,-21.33333333333333,-34.1734908123465,1.7,1.0,3.0,0.6,0.4000000000000001,0.6999999999999998,1.0,1.0,1.0,3.760003494882565,near,non_dense,0.0,0.0,118,2,4,1,6,0.28949507953647485,-13.044647872447968
25,34.0,-0.3507356933333334,-0.0690068466666666,-0.2380765033333333,476.65,-236.95666666666668,15.272849257333831,-2.096147163453689,0.5,36.333333333333336,38.42948049678702,4.6,1.8,2.0,0.0,0.9,3.7000000000000006,0.0,2.0,5.0,2.7563290095393858,far,dense,0.0,0.0,117,2,5,1,6,0.6599687772216039,17.091940343379974
63,21.0,-0.2600426566666666,-0.35259221,-0.2722497466666667,-427.75,-161.31,-16.620392363963603,-9.958858049282648,-0.5,-42.0,-32.04114195071735,0.6,0.9,1.0,0.6,0.0,0.0,1.0,0.0,0.0,2.5202857411384776,near,dense,99.0,99.0,119,2,1,1,1,0.5677807283267343,-18.05136203765869
10,49.0,-0.3426203288888889,-0.2188011166666666,-0.3588641022222222,67.19444444444444,-89.7088888888889,13.948217614540434,-4.552932582461763,0.5,0.3333333333333333,4.8862659157950965,6.1,1.5,3.0,0.8999999999999999,0.4,4.8,1.0,1.0,6.0,6.253457332479196,near,non_dense,0.0,0.0,118,1,2,1,2,1.908031623157127,2.0164232701063156
53,31.0,-0.282788635,-0.14029572,-0.261898895,55.795000000000016,-109.17,11.67645810352301,27.746374139997904,0.5,32.0,4.253625860002095,10.7,10.5,2.0,7.7,3.0,0.0,2.0,1.0,0.0,3.2531835707377184,far,dense,0.0,0.0,118,2,2,2,2,1.2899278376833134,15.872830152511597
46,70.0,-0.3306317233333333,-0.30086273,-0.2832902866666666,-349.3566666666666,-87.27666666666666,45.483145412301184,12.031294625740676,0.5,-15.0,-27.031294625740674,5.7,0.6999999999999998,3.0,3.7000000000000006,0.6,1.3999999999999997,4.0,1.0,1.0,13.126123224500075,near,non_dense,-1.0,-1.0,115,2,4,2,6,4.243870489867073,-10.22242158651352
14,29.0,-0.25307408,-0.1872673266666666,-0.2070823533333333,0.0,0.0,12.807593214896466,18.0,0.5,18.0,0.0,3.9,1.3999999999999997,2.0,0.8000000000000002,1.2,1.9,1.0,1.0,2.0,2.1945840756514943,far,dense,0.0,0.0,118,2,4,1,6,1.435582971246667,9.657085686922073
32,80.0,-0.24651436,-0.28847782,-0.2540948,-263.2133333333333,-177.66666666666666,-12.03893731336636,6.527910550020394,-0.5,-15.0,-21.527910550020398,6.0,3.2999999999999994,4.0,1.3999999999999997,2.7999999999999994,1.8,2.0,3.0,3.0,5.973917999463552,far,non_dense,-0.5,-0.5,114,2,5,1,6,0.31767598231130534,-10.141167044639587
33,24.0,-0.3065647,-0.2199268233333333,-0.2189701866666666,150.45000000000002,-195.24666666666667,4.276172916460158,-0.1667581845230999,0.5,11.666666666666666,11.833424851189768,8.3,2.7000000000000006,1.0,2.7999999999999994,4.7,0.8000000000000002,2.0,1.0,1.0,1.1793822443517172,near,dense,0.0,0.0,114,2,2,1,2,4.571034672701194,9.66717004776001
42,24.0,-0.3700325899999999,-0.1641426066666666,-0.2233941933333333,59.71333333333333,-207.8166666666667,3.680529280793451,-0.8329197484301263,0.5,3.6666666666666665,4.499586415096793,7.7,1.1,1.0,4.0,0.0,3.7000000000000006,4.0,0.0,2.0,1.2773881528273168,near,dense,0.0,0.0,118,2,3,2,3,0.6434084423813863,2.858646959066391
11,4.0,-0.3228919277777777,-0.0345742477777777,-0.2907150555555555,347.68111111111114,-212.54555555555555,18.55585736336206,-14.242329250527954,0.5,11.88888888888889,26.13121813941684,3.6,1.6,1.0,2.3,0.0,1.3,2.0,0.0,1.0,2.955428613597385,near,dense,-1.0,-1.25,113,2,4,1,6,2.968228260481801,9.783470630645752
30,90.0,-0.4367119566666666,-0.177401,-0.2349025566666666,224.28333333333333,-143.5,6.247248277760853,-12.982711024229552,0.5,5.0,17.98271102422955,5.1,1.0,4.0,2.6,0.0,2.5,2.0,0.0,3.0,2.4869481144752825,far,non_dense,0.0,0.0,120,1,4,1,6,0.4187817856755562,7.28873685002327
30,76.0,-0.4012963566666667,-0.2969538766666666,-0.2384428466666666,-14.28000000000001,28.790000000000003,-6.442080903502935,-9.855050397149446,-0.5,-11.0,-1.1449496028505532,8.4,0.5,4.0,1.5,0.0,6.900000000000001,1.0,0.0,7.0,1.8795296589133743,far,non_dense,0.0,0.0,120,1,4,1,6,0.4453451841924156,-7.27912038564682
42,92.0,-0.4098985033333333,-0.2398688333333333,-0.2306169433333333,-10.54333333333337,-238.83333333333331,-5.310202753939141,-6.872193526611337,-0.5,-7.666666666666667,-0.7944731400553303,9.1,1.0,4.0,3.8,0.0,5.3,2.0,0.0,6.0,1.959348091541849,far,non_dense,0.0,0.0,118,2,3,2,3,0.20847805031037422,-5.718683823943138
57,8.0,-0.3436424899999999,-0.0971986833333333,-0.2311499033333333,378.0666666666666,-29.96333333333333,13.830212625677158,-11.34160787105786,0.5,19.33333333333333,30.674941204391192,3.6,1.3,1.0,0.0,0.0,3.6,0.0,0.0,3.0,2.118768667686268,near,dense,0.0,0.0,115,2,3,2,3,0.6479372772359596,12.457383424043655
14,2.0,-0.34516971,-0.1777995333333333,-0.20015052,126.27333333333335,60.61333333333332,9.790567102949671,-0.4813873085926185,0.5,9.0,9.481387308592618,4.9,1.3,1.0,1.3,0.6,3.0,1.0,1.0,4.0,1.4443506800756152,near,dense,0.0,0.0,118,2,4,1,6,1.7837619476262532,7.214189320802689
23,93.0,-0.44101253,-0.3004642833333333,-0.23566644,-278.66333333333336,-240.32333333333332,-8.541191120266047,9.42773858767285,-0.5,-12.666666666666666,-22.09440525433952,8.8,1.3999999999999997,4.0,3.8,1.1,3.9,5.0,1.0,4.0,3.0127635790539693,far,non_dense,99.0,99.0,112,2,4,1,6,0.21959925258149898,-9.20279175043106
63,46.0,-0.3530390833333333,-0.32970823,-0.2274458733333333,-301.1933333333333,-204.66333333333333,-11.179335063241377,7.561258557435562,-0.5,-15.0,-22.561258557435565,10.4,1.8,2.0,3.0,1.6000000000000003,5.8,4.0,1.0,3.0,2.277011566845708,far,dense,99.0,99.0,119,2,1,1,1,0.4387128011773291,-10.180380940437317
40,44.0,-0.24647727,-0.30183422,-0.42581286,-421.66,-126.25333333333332,-16.483643084938116,10.75869390023059,-0.5,-21.0,-31.758693900230583,3.2000000000000006,1.2,2.0,1.1,0.9,1.2,2.0,2.0,1.0,2.127491123616182,far,dense,1.5,0.5,120,2,2,2,2,1.7319050132164944,-12.799030542373657
28,9.0,-0.4259929433333333,-0.0137834166666666,-0.1977215233333333,78.02666666666664,-55.77666666666666,16.795273458078245,25.805971507873146,0.5,32.0,6.194028492126857,0.9,2.6,1.0,0.0,0.4000000000000001,0.5,0.0,1.0,1.0,2.628680605109988,near,dense,0.0,0.0,115,2,1,1,1,0.36998893317851866,15.822690725326538
30,24.0,-0.38188547,-0.2005253033333333,-0.2284029866666666,155.49666666666667,-154.02,4.740111173142064,-0.800829603962514,0.5,11.666666666666666,12.467496270629182,8.1,1.5,1.0,2.2,0.8000000000000002,5.1,1.0,1.0,3.0,1.1974655511376209,near,dense,0.0,0.0,120,1,4,1,6,4.2066363668606845,9.777413308620453
72,80.0,-0.3480261833333333,-0.3255573033333333,-0.2407811433333333,-199.9333333333333,-145.16333333333333,-13.812006083160869,0.2830069840830311,-0.5,-15.0,-15.28300698408303,6.400000000000001,3.9,4.0,4.8,0.4000000000000001,1.2,2.0,1.0,2.0,6.292227015433092,far,non_dense,0.0,0.0,116,1,4,1,6,0.5895360858300148,-10.102511197328568
28,85.0,-0.4740623466666667,-0.14058116,-0.22323635,211.86,-80.83999999999999,6.9582098332906455,-9.818184505408366,0.5,7.0,16.818184505408365,8.8,1.2,4.0,1.1,2.3,5.400000000000001,1.0,1.0,7.0,2.537808217676573,far,non_dense,0.0,0.0,115,2,1,1,1,0.30988943881163483,7.744649797677994
37,9.0,-0.4026656266666666,-0.0293688333333333,-0.1875067566666667,339.85,7.513333333333332,17.22029487808059,-5.818185751057893,0.5,19.33333333333333,25.151519084391225,1.8,1.2,1.0,1.8,0.0,0.0,2.0,0.0,0.0,2.635081771277252,near,dense,0.0,0.0,120,3,3,2,3,2.1472784987424482,11.562040448188782
59,16.0,-0.4360592066666666,-0.06991361,-0.2286539233333333,246.76333333333332,-43.916666666666686,37.83866446437446,-4.9192852113443415,0.5,13.666666666666666,18.58595187801101,3.4,0.4000000000000001,1.0,3.4,0.0,0.0,5.0,0.0,0.0,6.656566312504903,near,dense,0.0,0.0,119,2,2,2,2,4.276948241798533,9.368874877691269
11,95.0,-0.2982171216666666,-0.0888545033333333,-0.3144241783333333,249.67666666666665,-165.43666666666667,15.569348071804278,5.863392159980514,0.5,24.5,18.636607840019483,6.0,1.2,4.0,2.5,0.6,2.9,4.0,1.0,3.0,5.613490397234616,far,non_dense,-1.0,-1.25,113,2,4,1,6,0.6680441092441748,11.81928887963295
72,90.0,-0.3900994666666666,-0.1826677766666666,-0.2160338266666666,8.366666666666683,-129.1,6.362398796234896,18.027114357062658,0.5,18.666666666666668,0.6395523096040089,15.300000000000002,1.6000000000000003,4.0,7.7,0.0,7.599999999999999,3.0,0.0,2.0,2.559723422953029,far,non_dense,0.0,0.0,116,1,4,1,6,1.373183225570776,9.877368062734604
53,32.0,-0.2780721,-0.1441866066666667,-0.2546242083333333,347.9916666666668,-130.665,15.959178006037371,18.470268798305188,0.5,45.0,26.52973120169481,8.0,7.7,2.0,6.5,1.5,0.0,4.0,2.0,0.0,2.7891677970903586,far,dense,0.0,0.0,118,2,2,2,2,0.23263596001858805,15.310317277908325
42,6.0,-0.3320919,-0.0734792233333333,-0.2328291333333333,274.48,-21.173333333333336,11.583400034124375,-2.3495930797921702,0.5,18.33333333333333,20.682926413125504,5.2,1.2,1.0,1.7,0.9,2.6,2.0,1.0,3.0,1.6843013509041689,near,dense,0.0,0.0,118,2,3,2,3,0.4404838066774716,10.8414925634861
63,83.0,-0.2452770166666666,-0.1258583933333333,-0.2424145333333333,298.07,-141.50333333333333,11.084749751766054,18.67269858269943,0.5,41.0,22.32730141730057,5.400000000000001,2.0,4.0,1.3,1.2,2.9,2.0,1.0,3.0,3.733905563212083,far,non_dense,99.0,99.0,119,2,1,1,1,1.0776910316337036,15.10874629020691
33,83.0,-0.3049458866666666,-0.1488091,-0.20832877,308.15000000000003,-234.9033333333333,9.52370436112748,13.76291214427301,0.5,38.0,24.237087855726987,9.3,1.9,4.0,0.0,3.6,5.7,0.0,1.0,4.0,3.318360584430829,far,non_dense,0.0,0.0,114,2,2,1,2,1.3805427897181712,14.104843139648438
29,31.0,-0.1958221633333333,-0.1602626566666666,-0.3242584866666666,339.01,-93.82,12.483573341813887,-18.00522492158406,0.5,8.333333333333334,26.33855825491739,5.8,1.3,2.0,0.4000000000000001,0.0,5.400000000000001,1.0,0.0,3.0,3.488437433625649,far,dense,2.0,0.75,122,2,1,2,1,1.0503028497325377,8.819657564163208
30,70.0,-0.41535035,-0.15282861,-0.2162023033333333,263.89000000000004,-251.5,10.34696389829697,-1.8249825417529544,0.5,19.33333333333333,21.158315875086288,5.3,1.2,3.0,1.5,1.6000000000000003,2.2,1.0,1.0,4.0,3.933793739124509,near,non_dense,0.0,0.0,120,1,4,1,6,0.18393333139253545,11.07051968574524
38,65.0,-0.40842069,-0.3058203566666667,-0.2006416933333333,-117.97333333333331,8.810000000000002,-9.77901002359076,-5.233092565774181,-0.5,-15.0,-9.76690743422582,6.099999999999999,0.4000000000000001,3.0,4.2,0.0,1.9,1.0,0.0,2.0,4.121124807290754,near,non_dense,2.0,2.0,115,2,1,2,1,0.21688540575440968,-10.67282184958458
73,31.0,-0.3128325466666666,-0.1232581033333333,-0.2306595433333333,365.5266666666666,279.3866666666667,13.873903681540073,9.59974770906633,0.5,38.0,28.40025229093367,6.2,3.2999999999999994,2.0,0.0,3.2999999999999994,2.9,0.0,1.0,3.0,3.7454938881789697,far,dense,0.0,0.0,114,2,1,1,1,0.013698049295569902,13.925209641456604
39,70.0,-0.244252541111111,-0.1079953711111111,-0.3460306655555555,425.9155555555556,125.24,13.648506893319878,2.6928467791859867,0.5,37.11111111111112,34.41826433192513,2.3,4.6,3.0,0.0,0.0,2.3,0.0,0.0,3.0,5.051146619606315,near,non_dense,0.0,0.0,114,2,5,1,6,0.612038526632322,16.74000322818756
24,9.0,-0.2695339333333333,-0.0105306166666666,-0.2319740966666666,240.35666666666663,-25.74333333333333,17.22124945252953,21.296301118835288,0.5,39.0,17.703698881164712,1.8,1.8,1.0,0.4000000000000001,0.0,1.3999999999999997,1.0,0.0,2.0,2.9580930780517467,near,dense,0.0,0.0,117,3,4,2,6,0.47168845479762495,15.825951099395752
46,74.0,-0.370131225,-0.26245959,-0.2804464,-194.88,-94.05,21.565318364343558,5.078741009658732,0.5,-10.0,-15.078741009658732,5.8,0.7,4.0,5.8,0.0,0.0,3.0,0.0,0.0,6.344459728157947,far,non_dense,-1.0,-1.0,115,2,4,2,6,4.598150961893278,-7.607465237379074
10,89.0,-0.2887384799999999,-0.1733188566666666,-0.3345615866666667,137.8733333333333,-139.6,6.338308708117478,11.974085284376184,0.5,22.0,10.025914715623816,6.5,1.0,4.0,0.0,0.0,6.5,0.0,0.0,8.0,3.267394554118502,far,non_dense,0.0,0.0,118,1,2,1,2,1.6110599786456266,11.602277308702469
73,65.0,-0.4534212366666666,-0.3650827299999999,-0.4321810533333334,-207.85,-200.38666666666663,-21.81537842261694,-4.850720133495332,-0.5,-21.0,-16.149279866504667,6.3,7.099999999999999,3.0,4.9,1.3999999999999997,0.0,4.0,2.0,0.0,7.832400125677658,near,non_dense,0.0,0.0,114,2,1,1,1,1.2066641694035094,-12.364301830530167
23,62.0,-0.3823837366666667,-0.0769186833333333,-0.2304230666666666,288.93333333333334,-163.61666666666667,14.48661620048238,-0.9086836857635808,0.5,22.0,22.90868368576358,4.0,1.7,3.0,1.0,2.1,0.9,1.0,1.0,1.0,5.320281763681755,near,non_dense,99.0,99.0,112,2,4,1,6,0.5076450497109274,11.785801500082016
57,88.0,-0.3330683833333333,-0.1012662233333333,-0.2379076,328.97,-157.5,13.38937008817713,-6.024751270227809,0.5,20.666666666666668,26.69141793689448,3.1,0.9,4.0,0.6999999999999998,0.0,2.4,1.0,0.0,3.0,4.789916018345683,far,non_dense,0.0,0.0,115,2,3,2,3,0.2911939110686784,11.994575709104538
45,70.0,-0.3068528583333333,-0.3250614466666666,-0.3089254683333333,-82.95333333333333,41.861666666666665,10.918459553206352,-15.182856315801295,0.5,-21.5,-6.317143684198702,7.5,0.5,3.0,1.6000000000000003,0.0,5.900000000000001,2.0,0.0,2.0,4.087891337323343,near,non_dense,0.0,0.0,116,2,2,2,2,5.431821643911775,-11.286237090826035
59,66.0,-0.2008126099999999,-0.1923170133333333,-0.19883282,-344.7966666666666,-77.43666666666665,26.480332519282104,10.96971830376718,0.5,-15.0,-25.96971830376718,2.9,1.7,3.0,2.9,0.0,0.0,4.0,0.0,0.0,9.666549234575006,near,non_dense,0.0,0.0,119,2,2,2,2,3.7968614837748547,-10.222215950489044
71,1.0,-0.42344928,-0.09423083,-0.197723965,193.67,-0.0249999999999914,-18.573051362647107,-0.9580110093171668,-0.5,13.0,13.958011009317168,3.4,2.8,1.0,3.4,0.0,0.0,7.0,0.0,0.0,2.662081589912489,near,dense,0.0,0.0,116,2,2,2,2,10.873978175317173,10.374365746974945
37,26.0,-0.4333932866666667,-0.0168417399999999,-0.24447732,280.15333333333336,121.19333333333334,13.887985353525696,-0.4001723600288874,0.5,20.33333333333333,20.733505693362225,3.0,0.4000000000000001,2.0,2.2,0.0,0.8000000000000002,1.0,0.0,1.0,2.35372653442769,far,dense,0.0,0.0,120,3,3,2,3,1.0915442548199012,11.318788677453995
30,57.0,-0.4070239166666667,-0.18277507,-0.22712738,156.07000000000002,-241.79,7.54822340237262,1.153201364363748,0.5,13.666666666666666,12.51346530230292,9.1,2.9,3.0,1.0,2.1,6.0,2.0,2.0,5.0,2.819911276354011,near,non_dense,0.0,0.0,120,1,4,1,6,0.9058021987819471,10.10250523686409
29,39.0,-0.2058008933333333,-0.1402129166666666,-0.3205123733333333,255.13,10.176666666666655,14.185996882126068,17.1782945412316,0.5,37.0,19.8217054587684,5.599999999999999,1.1,2.0,0.6,0.0,5.0,1.0,0.0,5.0,2.465769330395139,far,dense,2.0,0.75,122,2,1,2,1,0.24490146403930216,14.789867401123047
42,47.0,-0.3711253833333334,-0.2913240566666666,-0.2385993266666667,-110.16333333333334,-14.800000000000004,-12.384938095353045,-7.698848306769347,-0.5,-16.0,-8.301151693230652,4.8,1.2,2.0,1.6000000000000003,0.9,2.3,2.0,1.0,3.0,1.613364790149758,far,dense,0.0,0.0,118,2,3,2,3,0.9678949166281812,-10.823370516300201
40,65.0,-0.2049609166666667,-0.3123850133333333,-0.39610958,-234.3,-94.72666666666667,-10.476716090679735,-18.686267022030325,-0.5,-36.333333333333336,-17.647066311303007,8.3,1.3,3.0,2.2,0.8000000000000002,5.3,2.0,1.0,6.0,4.000942869524159,near,non_dense,1.5,0.5,120,2,2,2,2,1.4189291823583006,-16.153770685195923
38,57.0,-0.4310181333333333,-0.1347312333333333,-0.1983104033333333,117.12333333333332,45.15999999999999,9.174806234464038,-0.6965366895454546,0.5,9.0,9.696536689545454,7.099999999999999,4.4,3.0,1.9,3.2999999999999994,1.9,2.0,2.0,2.0,3.3151000157112858,near,non_dense,2.0,2.0,115,2,1,2,1,0.5468234108253842,7.362031936645508
11,96.0,-0.3097098966666666,-0.44071758,-0.31648298,-228.05,-112.97666666666667,-15.170779806202182,-15.644337449212989,-0.5,-32.666666666666664,-17.022329217453677,5.1,10.5,4.0,0.0,4.1,1.0,0.0,3.0,1.0,7.0253222282903005,far,non_dense,-1.0,-1.25,113,2,4,1,6,0.04722592665314855,-15.502557158470154
28,16.0,-0.43453571,-0.0076085766666666,-0.20270362,386.87000000000006,-1.7933333333333508,18.16360978845896,-1.711087697570721,0.5,29.0,30.71108769757072,0.9,1.9,1.0,0.0,0.0,0.9,0.0,0.0,2.0,3.110833295347575,near,dense,0.0,0.0,115,2,1,1,1,1.1928423305101261,14.452876150608063
28,69.0,-0.4360353633333333,-0.0596442633333333,-0.2009748733333333,319.7533333333334,-56.78333333333333,12.881142332679524,-2.7164663278549117,0.5,22.666666666666668,25.383132994521574,2.9,1.8,3.0,0.4000000000000001,0.9,1.6000000000000003,1.0,1.0,3.0,4.765645271524359,near,non_dense,0.0,0.0,115,2,1,1,1,0.12735274805126962,12.274224311113358
57,59.0,-0.4148025099999999,-0.15814746,-0.23169267,100.22666666666665,-45.00666666666666,7.496626517946744,-2.7986904026359354,0.5,5.333333333333333,8.132023735969268,7.400000000000001,1.2,3.0,1.3,0.6,5.5,1.0,1.0,6.0,2.661657530286526,near,non_dense,0.0,0.0,115,2,3,2,3,0.8620765502097568,5.202073976397514
42,22.0,-0.3190209466666666,-0.0431997666666666,-0.22947978,212.42,-68.79666666666667,14.361913080088868,15.993488674307343,0.5,32.0,16.006511325692657,0.4000000000000001,1.7,1.0,0.4000000000000001,0.0,0.0,1.0,0.0,0.0,2.328633694218442,near,dense,0.0,0.0,118,2,3,2,3,0.048825595962127606,14.248216152191162
63,3.0,-0.22793766,-0.3266646666666666,-0.23577176,-344.94,-105.34,-13.738659548012096,-13.828510022644588,-0.5,-39.66666666666666,-25.83815664402208,1.0,0.8000000000000002,1.0,1.0,0.0,0.0,2.0,0.0,0.0,2.6045865102778407,near,dense,99.0,99.0,119,2,1,1,1,1.3950122455349812,-17.372089624404907
56,56.0,-0.2080078199999999,-0.1610617966666666,-0.35197554,224.31333333333336,-149.78666666666666,11.151144746464112,-2.750154908413292,0.5,15.0,17.750154908413293,7.3,2.0,3.0,1.3,2.4,3.6,2.0,1.0,4.0,4.091873810198475,near,non_dense,0.0,0.0,122,2,3,2,3,0.2949494187565432,9.94424894452095
53,77.0,-0.345238205,-0.140271715,-0.23691685,264.43000000000006,-127.085,-14.891942180193247,-2.159266711360404,-0.5,18.0,20.1592667113604,7.3,6.1,4.0,7.3,0.0,0.0,2.0,0.0,0.0,4.68726675287369,far,non_dense,0.0,0.0,118,2,2,2,2,5.467861527213362,10.737383365631104
39,32.0,-0.2855947166666666,-0.137929365,-0.351195795,155.1016666666667,-45.44499999999999,15.07096954023931,0.9662240154805672,0.5,13.5,12.533775984519432,4.2,2.7000000000000006,2.0,0.0,2.1,2.1,0.0,2.0,2.0,2.6471316463704926,far,dense,0.0,0.0,114,2,5,1,6,1.8825067812097103,10.087726265192032
71,57.0,-0.4136551866666667,-0.11834106,-0.2046885233333333,160.42,18.08166666666666,10.782556759208711,0.4383532497823125,0.5,12.0,11.561646750217689,5.900000000000001,2.1,3.0,0.0,0.0,5.900000000000001,0.0,0.0,4.0,3.9725575751744486,near,non_dense,0.0,0.0,116,2,2,2,2,0.28614610569889876,9.645824879407883
56,80.0,-0.3041540266666666,-0.3549552866666667,-0.2724111166666667,-240.59666666666664,-22.086666666666662,-11.456768721740024,3.705339224909052,-0.5,-15.333333333333334,-19.038672558242386,4.2,2.0,4.0,0.0,1.7,2.5,0.0,1.0,4.0,5.220650899574306,far,non_dense,0.0,0.0,122,2,3,2,3,0.23571592434764774,-10.226178169250488
33,73.0,-0.390804,-0.15248803,-0.2289266233333333,172.99666666666667,-206.85333333333327,5.864551100433005,-6.940133296818381,0.5,6.666666666666667,13.606799963485049,12.9,0.6999999999999998,4.0,2.7000000000000006,0.0,10.2,1.0,0.0,3.0,2.086484359164457,far,non_dense,0.0,0.0,114,2,2,1,2,0.7885686325974762,7.509887218475342
46,40.0,-0.3511834333333333,-0.3439889633333333,-0.2850941433333333,-464.1233333333333,-116.14,49.49196466220348,17.577973829396772,0.5,-18.33333333333333,-35.911307162730104,2.1,0.6,2.0,2.1,0.0,0.0,2.0,0.0,0.0,7.635378222603872,far,dense,-1.0,-1.0,115,2,4,2,6,8.056157724901736,-12.019846588373184
15,83.0,-0.18844249,-0.1914277366666666,-0.2174491133333333,332.6833333333334,-90.29333333333334,10.402599535480112,-3.9693297724276775,0.5,21.666666666666668,25.635996439094345,8.5,0.8000000000000002,4.0,1.8,2.1,4.6,2.0,1.0,4.0,3.8293618176190174,far,non_dense,0.0,0.0,123,1,1,2,1,0.44536083354952144,12.108047306537628
59,94.0,-0.3589567233333333,-0.07021926,-0.1789133033333333,375.2533333333334,-160.46333333333334,-13.983241038328377,-13.263682051884627,-0.5,15.0,28.26368205188463,5.7,0.6,4.0,5.7,0.0,0.0,3.0,0.0,0.0,4.575387254114033,far,non_dense,0.0,0.0,119,2,2,2,2,5.428673106355792,10.855040699243546
62,81.0,-0.33477713,-0.2811970233333333,-0.2675959366666667,-208.60666666666663,-67.23000000000002,-15.650102549726666,1.2931538962691864,-0.5,-15.0,-16.293153896269185,1.7,0.6,4.0,1.7,0.0,0.0,2.0,0.0,0.0,4.980796641395806,far,non_dense,-3.0,-3.0,118,2,3,1,3,1.1188234352737276,-10.077470541000366
33,3.0,-0.3176163066666666,-0.2729755,-0.3345947055555556,188.36333333333332,-204.5622222222222,-22.508184957313777,-14.037664892342583,-0.5,0.7777777777777778,14.815442670120364,2.8,5.9,1.0,2.3,0.5,0.0,2.0,1.0,0.0,4.835016911319717,near,dense,0.0,0.0,114,2,2,1,2,5.927284033603595,6.15033358335495
28,22.0,-0.4433475133333333,-0.0351520399999999,-0.20682334,407.0,-12.346666666666671,15.559695740122793,-6.975743857741921,0.5,25.33333333333333,32.309077191075254,1.7,2.2,1.0,0.0,0.0,1.7,0.0,0.0,2.0,2.540477695265312,near,dense,0.0,0.0,115,2,1,1,1,0.6387853680400245,13.936875760555267
62,93.0,-0.35038368,-0.2220322066666666,-0.2452248,-221.4933333333333,26.463333333333328,-6.346865794909696,11.299662684147115,-0.5,-6.0,-17.29966268414712,3.1,0.6,4.0,3.1,0.0,0.0,3.0,0.0,0.0,2.2877105936709854,far,non_dense,-3.0,-3.0,118,2,3,1,3,0.14372839479874433,-6.675674766302109
23,89.0,-0.41239032,-0.12366937,-0.2876734683333333,349.09,-229.11166666666668,12.379206356667908,-27.011664163501337,0.5,0.6666666666666666,27.678330830168004,4.2,1.8,4.0,0.0,0.0,4.2,0.0,0.0,5.0,5.422386171673668,far,non_dense,99.0,99.0,112,2,4,1,6,0.9977566024414205,6.968984752893448
42,25.0,-0.3435638466666667,-0.01957067,-0.20983825,433.9266666666667,-207.28666666666663,18.13909676426599,-3.0310647358380955,0.5,29.666666666666668,32.697731402504765,2.6,1.3,2.0,0.9,1.3,0.4000000000000001,1.0,1.0,1.0,3.184755484824782,far,dense,0.0,0.0,118,2,3,2,3,1.0487764154462231,14.799000322818756
10,70.0,-0.2753950833333333,-0.17535482,-0.2943338133333333,237.6866666666667,-214.6833333333333,10.29401453993823,16.7158291496477,0.5,34.0,17.2841708503523,4.5,2.6,3.0,0.6,1.1,2.7999999999999994,1.0,2.0,4.0,3.86273815372916,near,non_dense,0.0,0.0,118,1,2,1,2,1.1389802373553086,14.693596959114075
56,47.0,-0.25512318,-0.3403409733333333,-0.2984664833333333,-273.9266666666667,1067.8266666666666,-12.26368001506802,-0.3238887558535991,-0.5,-22.0,-21.6761112441464,2.5,1.3999999999999997,2.0,1.5,1.0,0.0,3.0,1.0,0.0,1.590682804687069,far,dense,0.0,0.0,122,2,3,2,3,0.47522511353662134,-13.019612431526184
42,71.0,-0.3639240866666666,-0.26261877,-0.2356951366666666,-161.74333333333337,-155.57,-10.78285425549665,-2.478800661322151,-0.5,-14.666666666666666,-12.187866005344516,5.1,1.2,3.0,1.7,0.0,3.4,1.0,0.0,4.0,3.4800989950680807,near,non_dense,0.0,0.0,118,2,3,2,3,0.14384071274503205,-10.282274335622787
59,93.0,-0.2049727166666667,-0.1822721933333333,-0.21270951,-181.6733333333333,-58.63333333333333,-10.550115154078783,6.350108956247181,-0.5,-7.333333333333333,-13.683442289580514,6.0,0.8000000000000002,4.0,4.7,0.0,1.3,4.0,0.0,1.0,3.595114689951381,far,non_dense,0.0,0.0,119,2,2,2,2,1.137344865553319,-6.461229920387268
73,22.0,-0.31261418,-0.0787007233333333,-0.2195069033333333,470.28333333333336,-116.35666666666668,15.24883304179979,-0.8728433961320098,0.5,35.666666666666664,36.53951006279868,2.7999999999999994,2.7000000000000006,1.0,0.0,0.8000000000000002,2.0,0.0,1.0,2.0,2.46765799446184,near,dense,0.0,0.0,114,2,1,1,1,0.5895285051361046,16.703587770462036
73,84.0,-0.414061835,-0.1303249533333333,-0.4047462783333333,134.14333333333337,-165.4466666666667,28.183544606272736,-10.422507732623645,0.5,0.0,10.422507732623645,7.599999999999999,0.4000000000000001,4.0,4.4,2.4,0.8000000000000002,3.0,1.0,1.0,7.645638232621663,far,non_dense,0.0,0.0,114,2,1,1,1,2.9223445311026874,5.840355530381203
32,28.0,-0.2558935,-0.3807288033333333,-0.2865998133333333,-475.45666666666665,-121.79,-20.961654364756384,-3.112955560467313,-0.5,-42.0,-38.88704443953269,1.1,1.3999999999999997,2.0,0.6999999999999998,0.0,0.4000000000000001,1.0,0.0,1.0,2.607853200782174,far,dense,-0.5,-0.5,114,2,5,1,6,0.5422511645528577,-19.547542929649353
39,55.0,-0.2774762828571428,-0.3117967785714285,-0.3562479442857142,-197.52285714285716,-119.5942857142857,-14.110914506868353,0.3904066329049617,-0.5,-15.571428571428571,-15.961835204333534,9.8,0.7,3.0,9.4,0.0,0.4,5.0,0.0,1.0,4.82401303282346,near,non_dense,0.0,0.0,114,2,5,1,6,0.7745229595723857,-10.374605655670166
29,8.0,-0.2292888466666666,-0.1566067933333333,-0.2829070566666666,373.7266666666666,-54.96333333333335,13.831862374129742,-1.7024519869111832,0.5,27.33333333333333,29.035785320244518,4.4,1.2,1.0,0.4000000000000001,0.5,3.5,1.0,1.0,4.0,2.031235130625807,near,dense,2.0,0.75,122,2,1,2,1,0.00231545799203095,13.836565613746643
37,70.0,-0.4474369366666667,-0.09855184,-0.2390214866666666,221.83333333333331,44.92666666666667,11.71499560968161,-7.084042911737885,0.5,9.333333333333334,16.41737624507122,3.8,0.5,3.0,3.0,0.0,0.8000000000000002,3.0,0.0,1.0,4.320406958087371,near,non_dense,0.0,0.0,120,3,3,2,3,0.8045268869484391,8.239112049341202
40,36.0,-0.2695654033333333,-0.03493154,-0.41878875,549.4966666666667,2.960000000000008,20.11984012517014,3.612871897112112,0.5,45.0,41.387128102887885,1.9,2.0,2.0,0.5,0.8000000000000002,0.6,1.0,1.0,1.0,4.844167210331774,far,dense,1.5,0.5,120,2,2,2,2,0.2796046538435834,18.765388429164886
39,73.0,-0.25353205,-0.1824002366666667,-0.3401092666666667,52.48000000000002,-50.00333333333333,6.949486731894648,27.75908771450395,0.5,32.0,4.240912285496051,12.6,2.7999999999999994,4.0,0.0,2.0,10.6,0.0,1.0,9.0,2.346734635396384,far,non_dense,0.0,0.0,114,2,5,1,6,3.801960782611344,15.871679782867432
23,73.0,-0.3843431666666667,-0.10735338,-0.2198589933333333,86.92999999999999,-199.6233333333333,10.163667894917454,4.107573121354082,0.5,11.0,6.892426878645918,12.300000000000002,2.2,4.0,8.6,3.2000000000000006,0.5,4.0,1.0,1.0,3.322105571874592,far,non_dense,99.0,99.0,112,2,4,1,6,0.7367697334297494,7.716041058301926
73,82.0,-0.2987120433333333,-0.0847885766666666,-0.2051162033333333,411.78,-237.85,20.13047937692829,2.006011722736145,0.5,34.0,31.993988277263856,3.6,2.2,4.0,2.4,0.6999999999999998,0.5,3.0,1.0,1.0,6.018523534396414,far,non_dense,0.0,0.0,114,2,1,1,1,0.6725872903385801,16.08249694108963
71,40.0,-0.4158408933333333,-0.083372,-0.1891862066666666,267.14000000000004,25.713333333333328,48.38828689778353,-4.253075133107802,0.5,15.0,19.253075133107803,1.8,1.5,2.0,1.8,0.0,0.0,3.0,0.0,0.0,7.540276547192033,far,dense,0.0,0.0,116,2,2,2,2,5.102984092435899,9.910375624895096
38,89.0,-0.4333925322222222,-0.1222914688888888,-0.2227523311111111,72.68555555555557,99.35111111111112,9.33243864132226,-0.0175725552361238,0.5,6.0,6.017572555236124,6.8,0.7,4.0,2.0,0.0,4.8,2.0,0.0,5.0,4.439577380326116,far,non_dense,2.0,2.0,115,2,1,2,1,1.1792105220828086,4.097242280840874
29,62.0,-0.2059423,-0.1835157533333333,-0.3331659333333334,90.94333333333331,-272.7366666666667,12.76761259965653,15.601045349017127,0.5,22.666666666666668,7.06562131764954,5.900000000000001,0.6999999999999998,3.0,0.5,2.5,2.9,1.0,1.0,4.0,4.881289769258931,near,non_dense,2.0,0.75,122,2,1,2,1,0.11812560626448401,12.191007286310196
53,93.0,-0.3434580966666667,-0.3454382199999999,-0.2776367466666666,-122.61333333333334,-116.99666666666668,-12.237870855572003,-6.652365884976729,-0.5,-16.0,-9.34763411502327,7.099999999999999,5.7,4.0,6.5,0.6,0.0,4.0,1.0,0.0,4.152606687753781,far,non_dense,0.0,0.0,118,2,2,2,2,0.3183664272592243,-10.915820300579071
38,46.0,-0.3947018866666666,-0.2958123966666666,-0.2155816733333333,-217.57333333333332,55.079999999999984,-10.280522061413732,3.0127029285371805,-0.5,-15.0,-18.01270292853718,2.7000000000000006,2.0,2.0,2.3,0.0,0.4000000000000001,2.0,0.0,1.0,2.229740482236465,far,dense,2.0,2.0,115,2,1,2,1,0.10385652045218226,-10.048948973417282
30,8.0,-0.3623605966666667,-0.1076532666666666,-0.2443869733333333,205.69,-140.97,14.887803767793288,12.841408696755598,0.5,29.33333333333333,16.491924636577735,2.6,0.9,1.0,1.8,0.0,0.8000000000000002,2.0,0.0,1.0,2.2182831198040085,near,dense,0.0,0.0,120,1,4,1,6,0.6572964667782797,13.429734110832214
40,83.0,-0.3079853366666666,-0.1039734033333333,-0.46961679,237.08,44.00666666666667,11.181524565844157,-10.856451050293288,0.5,7.0,17.856451050293288,9.5,3.1,4.0,0.0,2.6,6.900000000000001,0.0,2.0,5.0,3.588637903555622,far,non_dense,1.5,0.5,120,2,2,2,2,0.9359023409150362,7.822909951210022
50,41.0,-0.3588662533333333,-0.1665297933333333,-0.3291501333333333,-226.23666666666668,-19.283333333333324,27.655065608223637,15.4747359955271,0.5,-3.0,-18.4747359955271,5.0,1.2,2.0,5.0,0.0,0.0,6.0,0.0,0.0,6.690689912663198,far,dense,0.0,0.0,117,1,1,1,1,4.843058934465545,-4.748339951038361
53,45.0,-0.2418902466666666,-0.4016931133333333,-0.32644734,-618.36,-98.99,-17.23569657554011,10.475050096320958,-0.5,-36.66666666666666,-47.14171676298762,3.2000000000000006,0.4000000000000001,2.0,0.8000000000000002,0.0,2.4,2.0,0.0,4.0,2.180645510366773,far,dense,0.0,0.0,118,2,2,2,2,1.0338295601162857,-19.490112364292145
37,55.0,-0.4307004966666667,-0.279316495,-0.1929610149999999,-157.57000000000002,-10.076666666666668,-7.547598117091732,-1.3386056727158284,-0.5,-13.0,-11.661394327284173,8.2,1.3999999999999997,3.0,3.9,0.0,4.3,2.0,0.0,2.0,3.166653373776989,near,non_dense,0.0,0.0,120,3,3,2,3,0.5303018383298136,-9.226880222558975
40,20.0,-0.2988908866666667,-0.08850824,-0.4396969,404.8133333333333,390.97,-17.99451776420774,-26.489832424383025,-0.5,4.0,30.489832424383025,0.5,3.4,1.0,0.0,0.0,0.5,0.0,0.0,1.0,2.6022359104901587,near,dense,1.5,0.5,120,2,2,2,2,10.019251718800191,8.077938854694366
14,89.0,-0.3376751016666666,-0.258815825,-0.1973276783333333,-23.27000000000001,149.02666666666667,10.349551716402589,-0.9194103232506629,0.5,-2.6666666666666665,-1.7472563434160036,4.4,1.3999999999999997,4.0,1.3999999999999997,0.5,2.5,1.0,1.0,3.0,4.749195432378781,far,non_dense,0.0,0.0,118,2,4,1,6,2.573765109996908,-1.8737617880105972
72,21.0,-0.32329746,-0.36697013,-0.2405094966666666,-415.6,-103.50333333333332,-17.839043181245284,-2.231321927718034,-0.5,-34.0,-31.76867807228197,0.8000000000000002,2.3,1.0,0.4000000000000001,0.0,0.4000000000000001,1.0,0.0,1.0,2.734735468305197,near,dense,0.0,0.0,116,1,4,1,6,0.29523621038051784,-17.031650245189667
38,53.0,-0.4057477233333333,-0.2029038166666666,-0.2752342033333333,-353.51666666666665,27.04333333333335,-17.863278524330177,17.267330694417367,-0.5,-12.0,-29.267330694417367,1.2,1.5,3.0,1.2,0.0,0.0,2.0,0.0,0.0,5.046997060210534,near,non_dense,2.0,2.0,115,2,1,2,1,1.7381753452918987,-9.090712666511536
71,49.0,-0.4618702416666667,0.0313290399999999,-0.3759992566666666,86.92166666666667,65.775,36.44761194678876,6.735459388229823,0.5,13.0,6.264540611770177,15.6,2.9,3.0,2.7000000000000006,0.4000000000000001,12.5,1.0,1.0,8.0,16.83690582882284,near,non_dense,0.0,0.0,116,2,2,2,2,1.673691009247429,8.267834037542343
62,24.0,-0.39211102,-0.1740894333333333,-0.2361528633333333,137.37,-83.98333333333333,4.50434808667423,-6.062571216736703,0.5,4.666666666666667,10.72923788340337,6.0,0.8000000000000002,1.0,1.7,0.0,4.3,2.0,0.0,3.0,1.2252239322143226,near,dense,-3.0,-3.0,118,2,3,1,3,2.2237124401174,7.2288937866687775
62,91.0,-0.3567200733333333,-0.2416538433333333,-0.2529410233333333,-130.14666666666668,-71.80666666666666,-8.156537279695117,0.4983951838004692,-0.5,-9.666666666666666,-10.165061850467136,4.3,0.5,4.0,0.9,0.4000000000000001,3.0,1.0,1.0,4.0,2.790162371012005,far,non_dense,-3.0,-3.0,118,2,3,1,3,0.33011628677016774,-7.235459238290787
40,50.0,-0.29556508,-0.03021577,-0.4934037833333333,383.98333333333335,-101.22666666666667,15.720730620433466,15.079046753015364,0.5,44.0,28.920953246984634,4.1,1.1,3.0,1.3,0.0,2.7999999999999994,3.0,0.0,3.0,5.706114335211542,near,non_dense,1.5,0.5,120,2,2,2,2,0.11199586841230119,15.081669390201569
63,9.0,-0.2816691699999999,-0.07882358,-0.2244897266666666,450.57666666666665,-72.03333333333332,15.628353721262576,9.915665062113256,0.5,43.66666666666666,33.75100160455341,2.6,0.9,1.0,0.0,0.5,2.1,0.0,1.0,3.0,2.421764737382375,near,dense,99.0,99.0,119,2,1,1,1,0.22118907519042721,15.09268581867218
40,37.0,-0.2961914366666667,-0.05673291,-0.4507611033333333,246.38666666666663,12.636666666666663,14.413700386503043,-12.557412910318297,0.5,6.0,18.55741291031829,8.0,1.5,2.0,1.8,0.0,6.2,2.0,0.0,6.0,2.619126516117967,far,dense,1.5,0.5,120,2,2,2,2,2.593319467804634,7.621468603610992
40,47.0,-0.22416695,0.00505751,-0.4069893466666667,415.29833333333335,-47.32666666666668,-14.67483393956322,16.360046596078757,-0.5,45.0,28.639953403921243,0.5,0.6,2.0,0.0,0.0,0.5,0.0,0.0,1.0,1.8803236474277083,far,dense,1.5,0.5,120,2,2,2,2,15.93207501824206,15.28262346982956
10,28.0,-0.2724941966666667,-0.1748671666666666,-0.3003782933333333,190.9766666666667,-147.89333333333337,-16.82328249039544,0.1125010443828789,-0.5,14.0,13.88749895561712,0.6999999999999998,1.0,2.0,0.0,0.0,0.6999999999999998,0.0,0.0,1.0,2.042539535243749,far,dense,0.0,0.0,118,1,2,1,2,13.31669497291906,10.376593470573425
14,85.0,-0.3624161166666666,-0.1958068833333333,-0.1859742433333333,130.39666666666668,132.4466666666667,7.969533812581179,-2.790992823104235,0.5,7.0,9.790992823104236,8.4,1.2,4.0,2.9,0.0,5.5,2.0,0.0,4.0,2.7368740871828936,far,non_dense,0.0,0.0,118,2,4,1,6,0.33981062113175053,7.039514929056168
40,24.0,-0.2466878533333333,-0.1788445666666666,-0.36816898,50.20666666666667,153.85,4.338036046670406,1.2185216562690866,0.5,5.0,3.7814783437309134,4.8,2.6,1.0,3.9,0.9,0.0,2.0,1.0,0.0,1.4421383656278337,near,dense,1.5,0.5,120,2,2,2,2,0.37834438825804845,3.7924110889434814
42,69.0,-0.37199286,-0.1005086333333333,-0.20092739,224.73,-346.6666666666667,12.535650932729746,6.065891675817203,0.5,23.0,16.934108324182798,4.8,1.3,3.0,2.5,0.0,2.3,2.0,0.0,3.0,4.788507440299828,near,non_dense,0.0,0.0,118,2,3,2,3,0.15734974294425602,11.782180517911911
29,42.0,-0.1613438466666666,-0.31915475,-0.3143277066666667,-577.7033333333333,-167.29333333333332,-16.205824387238863,-0.7229733044427059,-0.5,-42.0,-41.277026695557296,0.6,1.2,2.0,0.0,0.6,0.0,0.0,1.0,0.0,1.9963530169380288,far,dense,2.0,0.75,122,2,1,2,1,2.0260318826123385,-20.25049924850464
56,25.0,-0.3390720616666667,-0.1278633608333333,-0.5634477466666666,136.94833333333335,-57.00083333333333,14.633897697087065,-7.791818136810758,0.5,3.25,11.04181813681076,2.1,0.5,2.0,0.0,0.0,2.1,0.0,0.0,3.0,2.484737927479748,far,dense,0.0,0.0,122,2,3,2,3,3.222718082567278,6.6262878477573395
57,56.0,-0.33963709,-0.1212786933333333,-0.23880988,228.7733333333333,-156.90666666666667,11.541687428881673,-1.5618282907756722,0.5,17.0,18.561828290775672,8.6,1.1,3.0,0.0,1.7,6.900000000000001,0.0,1.0,5.0,3.949890459802342,near,non_dense,0.0,0.0,115,2,3,2,3,0.25177938596871563,10.547186434268951
72,2.0,-0.3176223366666666,-0.1248324466666666,-0.2285293733333333,340.43666666666667,-159.0533333333333,11.64884579536446,14.976845843758184,0.5,41.0,26.023154156241816,4.3,5.400000000000001,1.0,0.4000000000000001,2.3,1.6000000000000003,1.0,2.0,3.0,1.748883629770167,near,dense,0.0,0.0,116,1,4,1,6,1.6570894901438553,14.546902477741241
50,65.0,-0.38647431,0.02566237,-0.32383755,25.149999999999977,2.5600000000000023,-44.1224952063983,26.94622323103753,-0.5,29.0,2.05377676896247,3.2,2.4,3.0,3.2,0.0,0.0,3.0,0.0,0.0,13.765015086313706,near,non_dense,0.0,0.0,117,1,1,1,1,4.23567216465274,14.181596040725708
25,94.0,-0.4006608433333333,-0.3065168066666666,-0.2469774099999999,-165.23000000000002,-122.18999999999998,-8.298742772025356,-0.0118121700392593,-0.5,-13.333333333333334,-13.321521163294074,4.4,1.3999999999999997,4.0,2.7000000000000006,0.4000000000000001,1.3,2.0,1.0,3.0,2.7589860585837145,far,non_dense,0.0,0.0,117,2,5,1,6,0.34442352888503075,-9.249002486467361
73,93.0,-0.3139917866666666,-0.2778135133333333,-0.25946175,-56.35666666666666,-214.86,-6.512642396765884,-11.62126734499247,-0.5,-16.0,-4.378732655007529,5.599999999999999,2.6,4.0,0.9,1.3,3.4,1.0,2.0,3.0,2.3360437096481643,far,non_dense,0.0,0.0,114,2,1,1,1,1.5556018369630584,-10.146596282720566
56,79.0,-0.30671355,-0.3326423866666667,-0.2687656066666666,-254.79,-276.83,-8.577609599080896,4.161806264070898,-0.5,-16.0,-20.1618062640709,5.3,1.7,4.0,1.1,0.6999999999999998,3.5,2.0,1.0,4.0,2.999905184835724,far,non_dense,0.0,0.0,122,2,3,2,3,0.6585804347030139,-10.553288459777832
30,46.0,-0.36224121,-0.3198188266666666,-0.24120553,-223.36,-187.51666666666665,-9.535202828279628,3.9086795022898713,-0.5,-14.0,-17.90867950228987,3.8,0.4000000000000001,2.0,2.7000000000000006,0.0,1.1,2.0,0.0,2.0,2.0811640037943544,far,dense,0.0,0.0,120,1,4,1,6,0.008055586035095916,-9.518437832593918
10,52.0,-0.2419487299999999,-0.3277435,-0.3175555599999999,-48.18444444444445,-148.56777777777776,-11.916826040183484,-27.051664564164565,-0.5,-30.55555555555556,-3.503890991390991,4.9,0.6,3.0,1.6,0.0,3.3,1.0,0.0,4.0,4.47649854035253,near,non_dense,0.0,0.0,118,1,2,1,2,0.2659205140189622,-10.726433247327805
30,73.0,-0.3761169499999999,-0.18101114,-0.2264978766666666,189.96999999999997,601.8733333333334,6.488505491813451,1.6983356005789247,0.5,11.666666666666666,9.968331066087742,8.3,0.8000000000000002,4.0,1.3,0.0,7.0,1.0,0.0,9.0,2.113763746288017,far,non_dense,0.0,0.0,120,1,4,1,6,1.0783387712408912,8.767858892679214
23,11.0,-0.3708881533333333,0.0193348033333333,-0.1822372833333333,654.87,-259.4633333333333,24.39503936250232,-8.906001656533478,0.5,40.66666666666666,49.57266832320014,0.6,0.8000000000000002,1.0,0.0,0.0,0.6,0.0,0.0,1.0,4.052485022055223,near,dense,99.0,99.0,112,2,4,1,6,0.7065279002154108,21.53184562921524
42,44.0,-0.3429795466666667,-0.3227580566666666,-0.2448397466666666,-362.75,-144.25666666666666,-17.158135655437714,1.3343469701299793,-0.5,-26.0,-27.33434697012998,1.9,1.0,2.0,0.5,0.0,1.3999999999999997,1.0,0.0,2.0,2.202737268048529,far,dense,0.0,0.0,118,2,3,2,3,1.1694584961322327,-14.582125842571259
59,73.0,-0.4261479883333334,-0.0860728566666666,-0.2183258066666666,207.22333333333333,39.36833333333333,10.631985826164447,-5.274507788393425,0.5,10.333333333333334,15.60784112172676,8.3,0.5,4.0,5.599999999999999,0.0,2.7000000000000006,9.0,0.0,3.0,3.6674646073753614,far,non_dense,0.0,0.0,119,2,2,2,2,0.6416920056146145,8.278603106737137
56,15.0,-0.4224470066666666,-0.0600096033333333,-0.4139995666666666,359.72,-111.07,14.018837806197254,-24.46502982578431,0.5,4.0,28.46502982578431,3.2999999999999994,2.9,1.0,0.0,1.0,2.3,0.0,1.0,4.0,2.3240600009517283,near,dense,0.0,0.0,122,2,3,2,3,2.6182028680072595,7.933977246284485
29,51.0,-0.15955291,-0.28484286,-0.33263153,-288.5433333333333,-65.40333333333332,-14.922788260856708,7.417673207480746,-0.5,-15.0,-22.417673207480743,3.2000000000000006,1.1,3.0,0.8000000000000002,0.0,2.4,1.0,0.0,1.0,4.622095685822145,near,non_dense,2.0,0.75,122,2,1,2,1,1.0273790341474554,-10.174144059419632
40,75.0,-0.2604427133333333,-0.2759185933333333,-0.4364799133333333,-294.22333333333336,-110.83,-8.402176001679463,1.1603869981474269,-0.5,-21.0,-22.160386998147427,4.2,2.3,4.0,3.2999999999999994,0.0,0.9,2.0,0.0,2.0,2.906329960435677,far,non_dense,1.5,0.5,120,2,2,2,2,1.4742487348582345,-12.686829268932343
33,51.0,-0.2990399383333333,-0.224910195,-0.230094525,81.39499999999998,-250.41166666666663,-41.49181643012802,-4.068671424144836,-0.5,2.333333333333333,6.402004757478172,3.2999999999999994,1.2,3.0,1.0,0.0,2.3,1.0,0.0,3.0,10.486104205707676,near,non_dense,0.0,0.0,114,2,2,1,2,4.3007137373412565,3.605915978550911
73,74.0,-0.3403966533333333,-0.14307137,-0.2199545733333333,103.9933333333333,-180.79,9.17351312789465,9.920050785418772,0.5,18.0,8.079949214581228,3.7000000000000006,2.2,4.0,1.3999999999999997,0.0,2.3,2.0,0.0,2.0,3.1632773615725505,far,non_dense,0.0,0.0,114,2,1,1,1,0.3320300711109569,10.223816335201263
62,79.0,-0.3587081533333333,-0.2796325966666667,-0.27288437,-158.14,-60.38,-10.452906935253395,0.3514717833690633,-0.5,-12.0,-12.351471783369064,2.3,0.8000000000000002,4.0,1.9,0.0,0.4000000000000001,2.0,0.0,1.0,3.4934557820464875,far,non_dense,-3.0,-3.0,118,2,3,1,3,0.5564117946396672,-8.509106934070587
71,13.0,-0.4097540416666667,-0.08014638,-0.1866648166666666,188.07333333333332,-25.191666666666663,14.24255712930104,6.445346944670601,0.5,20.0,13.554653055329396,9.5,2.9,1.0,0.0,0.6999999999999998,8.8,0.0,1.0,5.0,2.322140908500592,near,dense,0.0,0.0,116,2,2,2,2,1.4508074739132435,10.873577743768692
37,27.0,-0.4287142066666667,-0.0309487299999999,-0.2475559966666666,377.6033333333333,18.53000000000001,14.952709721655756,-15.612223367161222,0.5,12.333333333333334,27.94555670049456,5.1,0.4000000000000001,2.0,2.1,0.0,3.0,4.0,0.0,5.0,2.626339217749412,far,dense,0.0,0.0,120,3,3,2,3,1.8689654718956803,10.044172406196594
73,36.0,-0.3099533733333333,-0.1142125333333333,-0.23798316,462.91,-192.89,16.065688570993427,9.033374342055916,0.5,45.0,35.966625657944086,0.5,2.1,2.0,0.0,0.0,0.5,0.0,0.0,1.0,3.7232167178021007,far,dense,0.0,0.0,114,2,1,1,1,0.1302013104966709,15.58092087507248
29,77.0,-0.3031909066666666,-0.30750261,-0.2345682,-140.35,14.48666666666664,-6.369638013166644,-5.762514426090708,-0.5,-16.666666666666668,-10.90415224057596,7.5,1.3999999999999997,4.0,1.6000000000000003,1.6000000000000003,4.3,1.0,2.0,4.0,2.198622509360107,far,non_dense,2.0,0.75,122,2,1,2,1,2.166888524118532,-11.133807897567749
15,26.0,-0.17574963,-0.1654884566666666,-0.2234138833333333,403.65,-76.07,15.540609562203798,-11.771230453973205,0.5,19.33333333333333,31.10456378730653,2.6,0.6999999999999998,2.0,1.3,0.6,0.6999999999999998,2.0,1.0,1.0,2.671013684018369,far,dense,0.0,0.0,123,1,1,2,1,1.132895024137491,12.514631450176239
38,74.0,-0.453716945,-0.1377615383333333,-0.2012479366666666,247.20333333333332,121.05,7.941435054905617,-12.465744298983418,0.5,8.0,20.46574429898342,5.3,1.8,4.0,0.9,0.9,3.5,2.0,1.0,5.0,2.755643544572223,far,non_dense,2.0,2.0,115,2,1,2,1,0.11177730186141714,8.249453455209732
33,61.0,-0.3788858533333333,-0.1170368533333333,-0.2099390633333333,274.02333333333337,-291.7833333333333,9.86703288725861,-0.5529047688436262,0.5,21.0,21.55290476884363,10.1,1.7,3.0,0.6999999999999998,8.0,1.3999999999999997,1.0,1.0,1.0,4.6686532356945785,near,non_dense,0.0,0.0,114,2,2,1,2,0.3478392720514125,11.490973830223083
45,20.0,-0.2807258666666667,-0.32361094,-0.3078893233333333,-325.05333333333334,-40.45666666666665,-13.469345154421548,-1.5795527535567186,-0.5,-26.33333333333333,-24.753780579776613,1.9,0.4000000000000001,1.0,0.5,0.0,1.3999999999999997,1.0,0.0,2.0,1.9344530194127088,near,dense,0.0,0.0,116,2,2,2,2,0.6119842378262661,-14.653199911117554
59,64.0,-0.2559587066666666,-0.2277470499999999,-0.2359887633333333,-180.35666666666663,-104.94,-32.620334278403185,1.917605689619944,-0.5,-11.666666666666666,-13.584272356286611,1.1,1.1,3.0,1.1,0.0,0.0,2.0,0.0,0.0,8.713368729322493,near,non_dense,0.0,0.0,119,2,2,2,2,2.791380849406668,-8.298003673553467
32,52.0,-0.32469555,-0.3176968,-0.2336158033333333,-280.8933333333334,-207.52,-12.443772404079205,7.973937062827598,-0.5,-15.0,-22.9739370628276,2.7000000000000006,2.0,3.0,0.0,0.9,1.8,0.0,1.0,2.0,4.821120638134147,near,non_dense,-0.5,-0.5,114,2,5,1,6,0.4662811797923803,-10.195774585008621
14,91.0,-0.2789513866666667,-0.3601639866666666,-0.2230931866666666,-25.94333333333331,150.95666666666665,-7.850952033640339,-24.052013161322623,-0.5,-26.0,-1.9479868386773735,8.3,1.9,4.0,0.6,1.5,6.2,1.0,2.0,7.0,2.783581862093096,far,non_dense,0.0,0.0,118,2,4,1,6,0.6568243914180473,-9.679276496171951
40,64.0,-0.1843697066666666,-0.32089331,-0.3792762066666666,-299.3433333333333,-56.94,-14.576268817023552,-22.453983554503576,-0.5,-45.0,-22.546016445496424,3.7000000000000006,1.3,3.0,2.3,0.4000000000000001,1.0,2.0,1.0,2.0,4.708199360203015,near,non_dense,1.5,0.5,120,2,2,2,2,0.7450884124673681,-18.084293603897095
53,55.0,-0.3798580166666667,-0.1292727466666666,-0.19838513,294.02666666666664,-106.71666666666664,-16.144506058942213,-2.4156184759126944,-0.5,20.0,22.41561847591269,1.7,3.2000000000000006,3.0,1.7,0.0,0.0,2.0,0.0,0.0,5.702755513287947,near,non_dense,0.0,0.0,118,2,2,2,2,4.8132081461986544,11.304043233394623
40,29.0,-0.2961436799999999,-0.0843998466666666,-0.4364212833333333,256.01,-129.56,12.433169240888455,-15.2822255499645,0.5,4.0,19.2822255499645,9.7,2.0,2.0,3.1,0.0,6.599999999999999,1.0,0.0,6.0,2.2228925851124504,far,dense,1.5,0.5,120,2,2,2,2,2.350787947197965,7.207620143890381
29,80.0,-0.2639563199999999,-0.3397689966666666,-0.2458036233333333,-191.48666666666668,-45.70666666666667,-12.600760786344615,-11.122908689891304,-0.5,-26.0,-14.877091310108696,7.5,1.9,4.0,1.9,1.2,4.4,1.0,1.0,7.0,6.040314767132226,far,non_dense,2.0,0.75,122,2,1,2,1,0.10003747760098662,-13.205018639564514
32,17.0,-0.25579263,-0.1594098633333333,-0.2508860166666666,359.52666666666664,-218.72,12.257661731812904,-4.405265388076841,0.5,25.0,29.40526538807684,0.4000000000000001,3.0,1.0,0.0,0.0,0.4000000000000001,0.0,0.0,1.0,1.5073109321768827,near,dense,-0.5,-0.5,114,2,5,1,6,0.7099768628948061,13.327817618846893
11,21.0,-0.3769039283333333,-0.4439318033333333,-0.318130945,-22.57166666666668,-40.96666666666667,-17.410239163935678,-27.98185043782814,-0.5,-29.666666666666668,-1.6848162288385256,3.7000000000000006,0.6999999999999998,1.0,0.0,1.0,2.7000000000000006,0.0,1.0,4.0,2.6983695389632287,near,dense,-1.0,-1.25,113,2,4,1,6,2.897899767762709,-9.59063470363617
14,66.0,-0.26759998,-0.1953671099999999,-0.2146259066666666,0.0,0.0,9.17200983673954,14.0,0.5,14.0,0.0,4.6,0.8000000000000002,3.0,2.1,0.0,2.5,2.0,0.0,3.0,3.5312787296678416,near,non_dense,0.0,0.0,118,2,4,1,6,0.28676040557399696,8.159378916025162
73,11.0,-0.2875894633333333,-0.00858731,-0.1966177033333333,402.71333333333337,-53.72,27.830136526924797,13.710462708814124,0.5,45.0,31.28953729118588,2.6,2.1,1.0,0.6,0.0,2.0,1.0,0.0,2.0,4.56452103499916,near,dense,0.0,0.0,114,2,1,1,1,2.781917094020751,15.132017433643341
33,68.0,-0.3538721199999999,-0.2521871266666666,-0.2649214566666666,-296.76666666666665,-339.25666666666666,-11.399698334564809,8.675081743689484,-0.5,-14.666666666666666,-23.34174841035615,6.099999999999999,0.5,3.0,1.5,0.0,4.6,1.0,0.0,4.0,3.68738496611864,near,non_dense,0.0,0.0,114,2,2,1,2,0.36416302874360107,-10.056889057159424
62,10.0,-0.33734547,-0.0612209133333333,-0.2207437799999999,176.06333333333336,-199.4433333333333,18.78669165841496,23.233271614162344,0.5,38.0,14.76672838583766,2.6,0.6,1.0,0.6,0.0,2.0,1.0,0.0,4.0,3.0454027808565343,near,dense,-3.0,-3.0,118,2,3,1,3,0.8287777919949316,16.262729465961456
62,38.0,-0.3752703066666666,-0.0716821333333333,-0.2276239733333333,124.7933333333333,-189.75666666666663,16.92664727033939,13.46224872122266,0.5,24.0,10.537751278777344,1.7,0.6,2.0,0.0,0.4000000000000001,1.3,0.0,1.0,2.0,3.359169515634136,far,dense,-3.0,-3.0,118,2,3,1,3,1.4155811054902294,12.171470373868942
14,54.0,-0.3069992216666666,-0.2341609283333333,-0.2127073683333333,14.979999999999997,55.06,9.597052040203492,2.541875088481376,0.5,3.6666666666666665,1.1247915781852906,7.2,0.8000000000000002,3.0,1.3,0.0,5.900000000000001,1.0,0.0,6.0,5.196547666286503,near,non_dense,0.0,0.0,118,2,4,1,6,1.270311365020447,2.995818480849266
46,82.0,-0.3684537,-0.0600642466666666,-0.34945767,225.19,95.30333333333334,23.46198974646572,-5.090628530198323,0.5,12.333333333333334,17.423961863531655,8.2,1.0,4.0,7.400000000000001,0.4000000000000001,0.4000000000000001,7.0,1.0,1.0,7.038660695566577,far,non_dense,-1.0,-1.0,115,2,4,2,6,2.067535602379607,8.909308165311813
63,49.0,-0.3478264733333333,-0.12082468,-0.21634897,239.55666666666664,-97.76666666666668,10.378251338994344,11.055712070351031,0.5,29.0,17.94428792964897,8.2,1.1,3.0,0.0,1.1,7.099999999999999,0.0,1.0,3.0,4.803450169210678,near,non_dense,99.0,99.0,119,2,1,1,1,0.669637684014311,13.594822585582733
40,38.0,-0.3014043166666666,-0.0576794566666666,-0.4615436866666667,83.77000000000002,-113.62666666666668,16.99240159390087,-2.3094099227394493,0.5,4.0,6.309409922739449,4.5,2.0,2.0,3.1,0.0,1.3999999999999997,2.0,0.0,2.0,3.4201472570248974,far,dense,1.5,0.5,120,2,2,2,2,3.943620176654513,3.5046398639678955
50,86.0,-0.4100454633333333,0.0208243866666666,-0.3601253133333333,92.56999999999998,-23.36,17.291393174877587,21.4406315903437,0.5,29.0,7.559368409656304,9.3,1.3999999999999997,4.0,8.0,0.8000000000000002,0.5,4.0,1.0,1.0,6.032661799959058,far,non_dense,0.0,0.0,117,1,1,1,1,0.4266885318676242,14.717325568199158
15,92.0,-0.1703114666666666,-0.2846049766666667,-0.2207249533333333,-157.80666666666664,-78.69333333333334,-7.045141841595676,-29.839693969043594,-0.5,-42.0,-12.160306030956406,4.4,1.1,4.0,3.1,0.4000000000000001,0.9,3.0,1.0,2.0,2.281312602789197,far,non_dense,0.0,0.0,123,1,1,2,1,3.4927705245926046,-15.01324325799942
33,50.0,-0.3076158366666666,-0.0723913266666666,-0.21434268,428.06,-101.72333333333334,15.506221417709048,11.33156635559793,0.5,45.0,33.668433644402064,3.0,1.7,3.0,0.0,1.1,1.9,0.0,2.0,2.0,5.574129155364274,near,non_dense,0.0,0.0,114,2,2,1,2,0.0695427662886413,15.118581056594849
63,66.0,-0.3196753166666666,-0.1243071833333333,-0.2301606833333333,230.6,-81.34666666666668,11.011512059485746,13.059955580357482,0.5,30.33333333333333,17.27337775297585,6.2,1.9,3.0,3.6,2.1,0.5,2.0,1.0,1.0,4.122985343925743,near,non_dense,99.0,99.0,119,2,1,1,1,0.6391299347125632,13.64663541316986
40,14.0,-0.31302331,-0.0813538766666666,-0.4608024766666667,384.17,-146.59666666666666,13.066093965586363,-24.93501265391923,0.5,4.0,28.93501265391923,5.1,2.2,1.0,0.0,5.1,0.0,0.0,1.0,0.0,2.0227698392232862,near,dense,1.5,0.5,120,2,2,2,2,2.521016548075336,7.966657727956772
15,72.0,-0.1440693566666666,-0.2842164133333333,-0.2543801233333333,-438.4633333333333,-192.8166666666667,-13.740035844670745,-11.861355196700396,-0.5,-45.0,-33.138644803299606,1.2,0.6,3.0,0.5,0.0,0.6999999999999998,1.0,0.0,1.0,4.228766653751465,near,non_dense,0.0,0.0,123,1,1,2,1,1.254336851854668,-19.044333696365356
28,57.0,-0.3659582166666666,-0.13012642,-0.21816394,239.55000000000004,-145.68999999999997,8.162778722691812,0.6503535435166005,0.5,19.666666666666668,19.016313123150063,7.8,0.4000000000000001,3.0,3.1,0.0,4.7,4.0,0.0,5.0,3.004531387028724,near,non_dense,0.0,0.0,115,2,1,1,1,1.0663988935319204,11.366807669401169
38,95.0,-0.4039461099999999,-0.0901298333333333,-0.1791162333333333,370.9133333333334,123.92,13.617994823126343,-12.707585268875569,0.5,18.0,30.707585268875565,4.7,3.4,4.0,0.0,3.2000000000000006,1.5,0.0,1.0,2.0,4.937702305084191,far,non_dense,2.0,2.0,115,2,1,2,1,0.31683146527081096,12.053575366735458
14,61.0,-0.2502471777777778,-0.3100937477777778,-0.2313365966666666,-335.7077777777778,73.84333333333332,22.41185963820286,9.164638346373833,0.5,-15.666666666666666,-24.831305013040502,2.0,1.0,3.0,0.0,0.0,2.0,0.0,0.0,1.0,9.371495666057012,near,non_dense,0.0,0.0,118,2,4,1,6,3.5153970129275867,-10.532668232917786
28,58.0,-0.4195544233333333,-0.0849659733333333,-0.18996574,318.6,-77.17999999999999,13.846470875680907,-5.291577378566527,0.5,20.0,25.29157737856653,9.4,1.8,3.0,2.0,1.2,6.2,2.0,1.0,5.0,7.43114407299288,near,non_dense,0.0,0.0,115,2,1,1,1,0.2911491902384569,11.682899296283722
59,18.0,-0.39386148,-0.0336795966666666,-0.2089399333333333,223.97333333333336,-118.19,-41.05822203269057,8.130566688901434,-0.5,25.0,16.869433311098565,1.0,0.6,1.0,0.6,0.4000000000000001,0.0,1.0,1.0,0.0,6.546547940291713,near,dense,0.0,0.0,119,2,2,2,2,8.18165529746818,12.503376603126526
28,65.0,-0.5002248800000001,-0.3053780399999999,-0.22001492,-96.99999999999996,-96.1,-8.995698200047105,-1.633135575263804,-0.5,-9.333333333333334,-7.700197758069529,6.5,1.7,3.0,2.3,1.5,2.7000000000000006,2.0,1.0,4.0,3.902553667578904,near,non_dense,0.0,0.0,115,2,1,1,1,0.4628217434401315,-7.1895115077495575
33,70.0,-0.35394164,-0.1362691433333333,-0.2080239033333333,269.2966666666667,-224.2933333333333,10.11600452267384,3.818864289292786,0.5,25.0,21.181135710707213,5.400000000000001,2.1,3.0,0.8000000000000002,0.4000000000000001,4.2,1.0,1.0,5.0,3.897889355760158,near,non_dense,0.0,0.0,114,2,2,1,2,0.47587424704129117,11.97090968489647
72,73.0,-0.3492341599999999,-0.1633227366666666,-0.2137463433333333,247.94666666666663,-188.49,6.755848916138764,-4.286504248705662,0.5,14.666666666666666,18.95317091537233,7.099999999999999,2.5,4.0,1.3999999999999997,1.6000000000000003,4.1,1.0,1.0,5.0,2.3105137028142693,far,non_dense,0.0,0.0,116,1,4,1,6,1.3069005354217398,9.775460511446
56,87.0,-0.2875573633333333,-0.1371875,-0.2702239066666667,116.83333333333331,-126.33,10.348564215233774,10.088186224528895,0.5,19.33333333333333,9.24514710880444,10.5,1.7,4.0,1.5,8.4,0.6,2.0,1.0,1.0,3.728729837204293,far,non_dense,0.0,0.0,122,2,3,2,3,0.12048160597637009,10.797807574272156
57,9.0,-0.32686603,-0.0760208833333333,-0.2253277166666666,453.51666666666665,-94.55333333333331,16.669689151766097,-7.130010511639132,0.5,29.666666666666668,36.7966771783058,4.2,1.2,1.0,0.0,2.0,2.2,0.0,2.0,1.0,2.550206942114727,near,dense,0.0,0.0,115,2,3,2,3,0.2792812074424046,15.957464277744293
25,72.0,-0.3532427466666667,-0.33716662,-0.2475410066666666,-48.56333333333336,-215.35333333333327,-12.555969237048815,-13.084624627730408,-0.5,-17.0,-3.915375372269592,1.7,0.6999999999999998,3.0,0.0,0.0,1.7,0.0,0.0,3.0,3.9047559886296193,near,non_dense,0.0,0.0,117,2,5,1,6,0.6391178542017791,-10.060369968414307
45,63.0,-0.2967852566666666,-0.29662947,-0.27828439,-242.64,-92.95666666666666,-15.78827171727916,-4.522240494246083,-0.5,-23.0,-18.47775950575392,1.9,2.6,3.0,0.0,0.0,1.9,0.0,0.0,1.0,4.426563034911479,near,non_dense,0.0,0.0,116,2,2,2,2,0.6354734804472918,-12.975308299064636
42,55.0,-0.3954836633333333,-0.2556077033333333,-0.2164279533333333,-127.63333333333333,-324.2633333333333,-7.491995556712614,-0.0490958374796524,-0.5,-9.666666666666666,-9.617570829187017,9.1,1.2,3.0,3.5,0.0,5.599999999999999,1.0,0.0,4.0,2.9710147705296808,near,non_dense,0.0,0.0,118,2,3,2,3,0.07218330804405473,-7.2775378823280334
23,85.0,-0.4263416683333333,-0.105580175,-0.276231635,212.975,-141.11666666666667,10.246180589406466,-9.386168347861668,0.5,7.5,16.88616834786167,8.8,1.7,4.0,4.9,0.5,3.4,2.0,1.0,2.0,3.702277908310154,far,non_dense,99.0,99.0,112,2,4,1,6,0.6466972283662042,7.851927727460861
14,86.0,-0.37772623,-0.1786899466666666,-0.1968188366666666,133.22333333333333,129.33333333333334,8.334971999005724,-1.003236538792067,0.5,9.0,10.003236538792066,6.7,1.8,4.0,3.0,0.0,3.7000000000000006,1.0,0.0,6.0,3.0049683587908045,far,non_dense,0.0,0.0,118,2,4,1,6,0.2628984376173208,7.544970512390137
28,89.0,-0.4568315133333333,-0.1116769566666666,-0.2026688233333333,257.2366666666667,-93.02666666666669,7.84369881644884,-7.420342308865425,0.5,13.0,20.420342308865425,6.8,1.2,4.0,2.7999999999999994,0.0,4.0,1.0,0.0,6.0,3.730478511687472,far,non_dense,0.0,0.0,115,2,1,1,1,0.44622707086738095,9.508339315652847
40,55.0,-0.24991304,-0.2645319366666667,-0.4002663966666666,-129.71333333333334,-80.6,-9.319655395334076,-11.230218545482357,-0.5,-21.0,-9.769781454517643,12.5,3.5,3.0,12.5,0.0,0.0,1.0,0.0,0.0,3.5637900632427875,near,non_dense,1.5,0.5,120,2,2,2,2,0.690964621441644,-11.78210824728012
62,90.0,-0.3580034666666667,-0.1521649633333333,-0.2536894333333333,291.49666666666667,-93.86,7.013303685366044,-19.433916276376237,0.5,3.333333333333333,22.76724960970957,5.400000000000001,0.8000000000000002,4.0,4.7,0.6999999999999998,0.0,5.0,1.0,0.0,2.6821095330521274,far,non_dense,-3.0,-3.0,118,2,3,1,3,0.12051172965573693,7.336529344320297
63,71.0,-0.28967054,-0.3369251399999999,-0.2628394566666667,-355.7933333333333,-186.86666666666667,-12.702224243543654,4.651138979432447,-0.5,-22.0,-26.65113897943245,4.5,1.5,3.0,1.2,0.5,2.7999999999999994,1.0,1.0,4.0,3.957112250318217,near,non_dense,99.0,99.0,119,2,1,1,1,0.09211857486266543,-13.066747784614563
42,23.0,-0.32564653,-0.2961944999999999,-0.24440123,-195.14666666666668,-37.00333333333333,-13.029480937505085,-1.2950883618719082,-0.5,-16.0,-14.70491163812809,3.5,1.6000000000000003,1.0,1.6000000000000003,0.6,1.3,2.0,1.0,2.0,1.8744090534439648,near,dense,0.0,0.0,118,2,3,2,3,1.2829104389327677,-10.624781996011734
14,35.0,-0.2851519666666666,-0.1546114533333333,-0.2489333466666666,139.00333333333333,69.49666666666666,17.147067167074944,23.562765108610403,0.5,34.0,10.437234891389595,2.9,0.4000000000000001,2.0,0.6,0.0,2.3,1.0,0.0,3.0,3.0585878369090373,far,dense,0.0,0.0,118,2,4,1,6,0.32802366780792674,16.14377796649933
33,91.0,-0.2708739566666667,-0.31504898,-0.2348456866666667,-183.63666666666663,-272.05,-8.603400091174992,-0.5563263880160546,-0.5,-15.0,-14.443673611983945,6.099999999999999,2.2,4.0,2.7999999999999994,0.6,2.7000000000000006,1.0,1.0,5.0,2.9329897338615223,far,non_dense,0.0,0.0,114,2,2,1,2,0.5152052263626415,-10.114491730928421
30,32.0,-0.3488067566666666,-0.1415436066666666,-0.2167264533333333,306.75,-189.39333333333332,11.302628343481077,-2.5947682545102864,0.5,22.0,24.594768254510285,5.1,1.0,2.0,0.0,0.0,5.1,0.0,0.0,6.0,1.9018665119639724,far,dense,0.0,0.0,120,1,4,1,6,0.370716310770609,12.007681280374527
32,85.0,-0.3797328973333334,-0.1400930193333333,-0.365935034,70.44666666666666,-121.66533333333334,14.049926904447664,-1.761750437720112,0.5,4.0,5.761750437720112,6.0,2.9,4.0,1.1,0.8,4.1,2.0,1.0,6.0,4.948391855374834,far,non_dense,-0.5,-0.5,114,2,5,1,6,2.179788378924755,3.263479843735695
53,34.0,-0.2654628555555555,-0.1006627266666666,-0.2655833377777778,354.3311111111111,-130.71555555555557,24.464119621744256,7.542526122353703,0.5,34.55555555555556,27.01302943320185,4.1,0.4,2.0,1.5,0.0,2.6,3.0,0.0,3.0,4.089718090616113,far,dense,0.0,0.0,118,2,2,2,2,2.671620519152316,13.537944853305817
24,94.0,-0.2398220766666666,-0.1205816133333333,-0.43036424,-26.528888888888886,48.82555555555555,-6.977000941824093,-2.93487834674694,-0.5,-4.888888888888889,-1.9540105421419487,10.3,0.6,4.0,6.3,0.0,4.0,1.0,0.0,3.0,2.641251480792078,far,non_dense,0.0,0.0,117,3,4,2,6,1.34729500380096,-3.418456017971039
40,52.0,-0.23109886,-0.2805395733333333,-0.3925825033333334,-201.02,-121.34666666666664,-12.954370729918155,-8.526191763132177,-0.5,-23.666666666666668,-15.14047490353449,1.1,1.9,3.0,0.0,0.0,1.1,0.0,0.0,2.0,4.858518147394945,near,non_dense,1.5,0.5,120,2,2,2,2,0.05499593212832221,-12.687171995639801
33,71.0,-0.3653969933333333,-0.3529714333333333,-0.2265815666666667,-298.16333333333336,-356.3366666666668,-12.106086307385969,8.451601185644696,-0.5,-15.0,-23.45160118564469,6.599999999999999,2.0,3.0,1.7,1.6000000000000003,3.2999999999999994,1.0,1.0,5.0,3.959684762303239,near,non_dense,0.0,0.0,114,2,2,1,2,0.4792764285608766,-10.208302736282349
33,39.0,-0.3957145133333333,-0.38612942,-0.5504380666666666,-61.55666666666669,-246.9833333333333,27.116750013060777,-26.158350355003403,0.5,-31.0,-4.841649644996599,3.2999999999999994,12.4,2.0,0.8000000000000002,2.5,0.0,1.0,3.0,0.0,4.864979862908682,far,dense,0.0,0.0,114,2,2,1,2,7.924169967537453,-11.434177309274673
32,70.0,-0.30349147,-0.1518190666666666,-0.2381363166666666,327.28333333333336,-258.62333333333333,11.509783986664097,-4.10145421568165,0.5,22.666666666666668,26.76812088234832,2.9,2.2,3.0,0.4000000000000001,0.4000000000000001,2.1,1.0,1.0,4.0,4.177144398134167,near,non_dense,-0.5,-0.5,114,2,5,1,6,0.2281590415696938,12.462837249040604
57,54.0,-0.3545621233333333,-0.16716048,-0.2204773566666666,237.10666666666668,-81.24,7.997708091212577,-7.57129769368208,0.5,11.666666666666666,19.237964360348744,9.3,1.2,3.0,0.4000000000000001,0.6,8.3,1.0,1.0,4.0,4.014688722852445,near,non_dense,0.0,0.0,115,2,3,2,3,0.2654564508164861,9.063433110713959
37,74.0,-0.4464393666666666,-0.1269009266666666,-0.19653293,177.15333333333334,61.47333333333333,8.875776659527823,-7.110711914658981,0.5,6.0,13.11071191465898,8.1,2.4,4.0,1.9,1.6000000000000003,4.6,2.0,1.0,6.0,2.841709441991842,far,non_dense,0.0,0.0,120,3,3,2,3,0.5357493620882489,7.3533326387405396
45,5.0,-0.3900642666666667,-0.0536187966666666,-0.2068563466666666,277.27333333333337,-19.543333333333333,20.761221075016824,-1.1151911090177873,0.5,20.0,21.11519110901779,5.7,1.8,1.0,3.9,1.3,0.5,4.0,1.0,1.0,3.24799969151447,near,dense,0.0,0.0,116,2,2,2,2,2.942373161826177,11.204393953084946
56,91.0,-0.3231354066666667,-0.3306089166666666,-0.2563492666666667,-298.36999999999995,-243.25666666666663,-8.292798926893765,7.610338455240915,-0.5,-16.0,-23.61033845524092,5.0,1.7,4.0,0.5,1.8,2.7000000000000006,1.0,1.0,4.0,3.0203284247206383,far,non_dense,0.0,0.0,122,2,3,2,3,0.7775100165238832,-10.641134530305862
72,65.0,-0.3557452266666667,-0.2992671733333333,-0.2252661566666666,-173.95666666666668,-129.26000000000002,-10.217519317805047,-1.7026627962930778,-0.5,-15.0,-13.297337203706922,6.8,3.6,3.0,5.400000000000001,0.0,1.3999999999999997,1.0,0.0,2.0,4.182568752232043,near,non_dense,0.0,0.0,116,1,4,1,6,0.01246684110416609,-10.269662737846375
37,4.0,-0.4348218766666666,-0.07645243,-0.2171273033333333,192.50333333333333,43.120000000000005,13.01179442441676,-0.5800635441388623,0.5,13.666666666666666,14.246730210805527,3.0,0.5,1.0,1.9,0.0,1.1,1.0,0.0,2.0,1.979387590505516,near,dense,0.0,0.0,120,3,3,2,3,1.3214330993897005,10.396166145801544
32,69.0,-0.2633343566666666,-0.1320288766666666,-0.2275747866666666,403.1566666666667,-305.5733333333333,14.186842536905118,8.026287962953797,0.5,41.0,32.973712037046205,2.7999999999999994,1.8,3.0,0.0,1.2,1.6000000000000003,0.0,1.0,3.0,5.3619889315587,near,non_dense,-0.5,-0.5,114,2,5,1,6,0.12642450713575834,14.864729344844818
73,47.0,-0.3273551366666666,-0.2988216666666666,-0.2487233666666666,-270.4833333333333,-140.93333333333334,-11.201164125921304,6.015689435771332,-0.5,-15.0,-21.01568943577133,3.5,2.6,2.0,0.4000000000000001,0.8000000000000002,2.3,1.0,2.0,4.0,1.5748417395704644,far,dense,0.0,0.0,114,2,1,1,1,0.6873451531825804,-10.118704289197922
23,55.0,-0.3449703866666667,-0.2806033366666666,-0.261529,-346.1433333333334,-48.30333333333334,-11.93654102380705,13.778031533388107,-0.5,-13.666666666666666,-27.444698200054773,8.4,2.2,3.0,8.0,0.0,0.4000000000000001,6.0,0.0,1.0,4.672267807217271,near,non_dense,99.0,99.0,112,2,4,1,6,0.474400034272262,-9.72001701593399
38,25.0,-0.422291133,-0.0015927624296666,-0.193309689,538.5166666666668,320.0566666666667,20.75463327792053,-16.916649634654327,0.5,27.666666666666668,44.58331630132099,2.0,4.1,2.0,0.0,0.5,1.5,0.0,1.0,2.0,3.518977316304465,far,dense,2.0,2.0,115,2,1,2,1,1.0112654685332416,17.196013033390045
38,32.0,-0.4458652333333333,-0.10261963,-0.1963277566666666,246.98333333333332,29.49666666666667,11.617054261186,-9.447530694477914,0.5,11.0,20.44753069447792,3.6,2.3,2.0,0.0,0.5,3.1,0.0,1.0,3.0,1.954214742157756,far,dense,2.0,2.0,115,2,1,2,1,1.3745970790336757,8.930796384811401
56,38.0,-0.29020128,-0.0298027533333333,-0.3040856833333333,539.57,-96.41,20.070174150516085,-0.6967534279396167,0.5,42.0,42.69675342793962,4.2,1.3,2.0,1.7,0.0,2.5,3.0,0.0,4.0,3.997497855657617,far,dense,0.0,0.0,122,2,3,2,3,0.2436798262622004,19.096064567565918
30,51.0,-0.3375879533333333,-0.34290105,-0.2444215433333333,-499.7833333333333,-130.41333333333333,-15.764512936392295,15.405233124042384,-0.5,-24.666666666666668,-40.07189979070905,3.0,1.0,3.0,0.4000000000000001,0.6,2.0,1.0,1.0,4.0,4.61010859161537,near,non_dense,0.0,0.0,120,1,4,1,6,0.20990831014193445,-14.7968128323555
30,31.0,-0.3837712499999999,-0.1280975933333333,-0.2311860766666666,334.30333333333334,-228.73333333333332,12.748400880954796,5.196045607029709,0.5,32.0,26.803954392970294,3.7000000000000006,1.1,2.0,0.0,0.6,3.1,0.0,1.0,5.0,3.5375132971215923,far,dense,0.0,0.0,120,1,4,1,6,0.264940171873234,13.68563026189804
29,32.0,-0.22221687,-0.1775946866666666,-0.3099638033333333,409.7266666666666,-23.370000000000005,11.436248587660216,-11.832717850780565,0.5,20.0,31.832717850780565,4.1,1.3,2.0,0.0,0.0,4.1,0.0,0.0,5.0,1.8914703449387504,far,dense,2.0,0.75,122,2,1,2,1,0.6948142560180438,12.750469148159027
33,29.0,-0.2992583766666667,-0.1468786233333333,-0.2135066266666666,358.33666666666664,-218.29,12.365426797164424,10.81555323080202,0.5,39.0,28.18444676919798,7.599999999999999,2.9,2.0,0.0,0.9,6.7,0.0,1.0,5.0,2.0858690789871237,far,dense,0.0,0.0,114,2,2,1,2,0.8100129178806139,14.055007696151733
23,60.0,-0.39417368,-0.09144743,-0.23408026,353.3500000000001,-87.67666666666666,12.522919967129292,-13.01609384067107,0.5,15.0,28.016093840671072,5.3,1.1,3.0,0.6,2.4,2.3,1.0,1.0,3.0,4.547268835848591,near,non_dense,99.0,99.0,112,2,4,1,6,0.37063433833044235,10.837545990943909
38,82.0,-0.4290553833333333,-0.1235444533333333,-0.20109288,206.32,-18.410000000000007,10.228164289578034,-8.081049461710036,0.5,9.0,17.081049461710034,7.8,6.0,4.0,2.0,2.6,3.2000000000000006,2.0,2.0,3.0,3.420870337373439,far,non_dense,2.0,2.0,115,2,1,2,1,0.5986135119608773,8.180385082960129
29,15.0,-0.2387560266666666,-0.1554537299999999,-0.3200880399999999,205.7,-21.653333333333308,13.427399083448565,7.685304957464851,0.5,23.666666666666668,15.981361709201815,10.5,1.0,1.0,1.1,1.1,8.3,1.0,1.0,5.0,2.188243042474449,near,dense,2.0,0.75,122,2,1,2,1,0.6223301658305024,12.065589427947998
10,20.0,-0.1783807766666666,-0.33297343,-0.2983019633333333,-425.0233333333333,-110.54,-15.286310432367667,-14.093024813958564,-0.5,-45.0,-30.90697518604144,3.1,1.7,1.0,0.0,0.6,2.5,0.0,1.0,3.0,2.2329351767620795,near,dense,0.0,0.0,118,1,2,1,2,1.6530970758502948,-18.977569043636322
71,66.0,-0.3734579099999999,-0.3483995399999999,-0.2602835766666667,-377.16333333333336,-20.76333333333334,32.791189650575305,6.182578401287896,0.5,-21.0,-27.18257840128789,9.2,0.6,3.0,8.8,0.4000000000000001,0.0,4.0,1.0,0.0,11.858979776655753,near,non_dense,0.0,0.0,116,2,2,2,2,3.8296352231098383,-12.624377012252808
53,6.0,-0.313580746,-0.132589612,-0.251594364,344.154,-137.976,13.51455428805387,1.7628397845118635,0.5,28.0,26.23716021548814,9.9,7.1,1.0,8.9,1.0,0.0,6.0,1.0,0.0,2.1025980742544683,near,dense,0.0,0.0,118,2,2,2,2,0.1554504100115803,13.841404020786285
72,29.0,-0.3413628733333333,-0.1121691966666666,-0.2139490166666666,373.40333333333336,-177.68999999999997,12.81808558935778,-8.543143137111791,0.5,20.0,28.543143137111787,1.3,3.5,2.0,0.0,0.9,0.4000000000000001,0.0,2.0,1.0,2.2404625567955487,far,dense,0.0,0.0,116,1,4,1,6,0.24298751341266786,12.273681163787842
30,40.0,-0.3799674533333333,-0.11175746,-0.2372121766666667,325.34,-149.24666666666667,16.436592342634913,-2.0852873803500445,0.5,24.0,26.08528738035004,4.3,0.9,2.0,1.5,0.0,2.7999999999999994,1.0,0.0,3.0,3.010609040259409,far,dense,0.0,0.0,120,1,4,1,6,1.252317623737081,12.666353583335876
50,77.0,-0.36937652,0.0364507133333333,-0.3673094133333333,308.5733333333333,-28.51333333333334,-11.639614088805054,3.801560893784759,-0.5,29.0,25.198439106215243,1.2,1.6000000000000003,4.0,1.2,0.0,0.0,2.0,0.0,0.0,3.6780485369145457,far,non_dense,0.0,0.0,117,1,1,1,1,6.787614929874252,13.325563073158264
29,71.0,-0.1996630833333333,-0.3240989066666666,-0.3240340633333333,-527.7533333333333,-421.35666666666674,-10.947086136668707,3.7717594083605976,-0.5,-23.666666666666668,-27.438426075027262,4.2,0.6,3.0,1.3999999999999997,0.9,1.9,2.0,1.0,1.0,3.593525071475536,near,non_dense,2.0,0.75,122,2,1,2,1,0.7844577723419842,-13.766054809093475
14,87.0,-0.32823185,-0.1654780833333333,-0.1945362233333333,184.0433333333333,121.36,10.004350637901704,-1.4857849146293962,0.5,12.333333333333334,13.819118247962727,5.900000000000001,2.1,4.0,3.2999999999999994,0.0,2.6,1.0,0.0,3.0,3.740203664812484,far,non_dense,0.0,0.0,118,2,4,1,6,0.0066936290226287404,9.979315102100372
50,85.0,-0.4064782799999999,0.008018845,-0.346356745,260.43333333333334,-45.18333333333334,8.150003211419092,0.3993931134475854,0.5,21.666666666666668,21.26727355321908,12.4,1.6000000000000003,4.0,0.0,0.0,12.4,0.0,0.0,6.0,3.311159404982386,far,non_dense,0.0,0.0,117,1,1,1,1,1.1054380637956471,11.810284852981567
39,47.0,-0.252246458,-0.3550400526666666,-0.3463036913333333,-215.80866666666668,-75.49466666666666,-15.08300835272196,-5.160487313582538,-0.5,-22.6,-17.439512686417462,2.0,0.4,2.0,0.8,0.0,1.2,1.0,0.0,2.0,1.9684285491772744,far,dense,0.0,0.0,114,2,5,1,6,1.177549805664365,-12.765085697174072
28,5.0,-0.4500159433333333,-0.0161846533333333,-0.2077522633333333,368.1833333333334,-102.65,16.761980659062697,0.1056583035199225,0.5,29.33333333333333,29.22767502981341,1.3,2.6,1.0,0.0,0.5,0.8000000000000002,0.0,1.0,2.0,2.5882264046237253,near,dense,0.0,0.0,115,2,1,1,1,0.9118251212911775,14.40197080373764
56,95.0,-0.3022916533333333,-0.1378351599999999,-0.24864766,380.5333333333333,-191.70333333333332,11.949707457002424,-10.112011239404133,0.5,20.0,30.11201123940413,1.3,1.8,4.0,0.0,0.9,0.4000000000000001,0.0,1.0,1.0,4.314527778812075,far,non_dense,0.0,0.0,122,2,3,2,3,0.14278880565623392,12.565773725509644
72,85.0,-0.3607810133333333,-0.15279975,-0.2159347433333333,247.75666666666663,-87.82333333333334,7.484959499936394,-4.271980550838158,0.5,14.666666666666666,18.938647217504823,9.3,2.4,4.0,2.6,1.0,5.7,2.0,1.0,5.0,2.7492344611496,far,non_dense,0.0,0.0,116,1,4,1,6,0.8334085983333611,9.776195138692856
57,82.0,-0.3434460266666666,-0.13126951,-0.2305959866666666,353.05333333333334,-226.66,8.521888742169457,-11.64545117796066,0.5,17.0,28.645451177960656,9.6,1.0,4.0,0.0,1.1,8.5,0.0,1.0,8.0,2.821185769241925,far,non_dense,0.0,0.0,115,2,3,2,3,1.0644584916740767,11.524923890829086
53,65.0,-0.3588663033333333,-0.15718342,-0.2193783133333333,274.5266666666667,-117.14333333333332,-29.923471323840637,-0.9290031112735568,-0.5,20.0,20.92900311127356,1.9,3.5,3.0,1.9,0.0,0.0,1.0,0.0,0.0,9.271975570638878,near,non_dense,0.0,0.0,118,2,2,2,2,4.436017815241344,11.207177489995956
42,91.0,-0.3801700666666667,-0.2642691033333333,-0.22729314,-169.01666666666665,-223.25666666666663,-8.22563090625337,0.7359344187497415,-0.5,-12.0,-12.73593441874974,5.2,1.0,4.0,2.1,0.0,3.1,1.0,0.0,4.0,2.811806771580402,far,non_dense,0.0,0.0,118,2,3,2,3,0.09617370165210673,-8.496052771806717
30,15.0,-0.3742310499999999,-0.1189753466666666,-0.24332656,374.84,-138.02,14.27740738262147,13.612541377275845,0.5,43.66666666666666,30.05412528939082,1.3,1.3,1.0,0.0,0.0,1.3,0.0,0.0,2.0,2.274979967238099,near,dense,0.0,0.0,120,1,4,1,6,0.2765863906101597,14.906635880470276
37,11.0,-0.37849162,0.0713022633333333,-0.1719425233333333,553.8266666666667,27.593333333333323,26.80838235507496,4.01255855197456,0.5,45.0,40.98744144802544,1.0,1.8,1.0,1.0,0.0,0.0,1.0,0.0,0.0,4.555314822646524,near,dense,0.0,0.0,120,3,3,2,3,1.8036011549742554,18.592411279678345
11,52.0,-0.3479201366666666,-0.4207598477777778,-0.36695191,-200.8155555555556,-82.11,-20.21626278454752,-12.677197257973283,-0.5,-27.666666666666668,-14.989469408693385,5.4,2.5,3.0,0.7,1.6,3.1,1.0,1.0,3.0,6.889486805848034,near,non_dense,-1.0,-1.25,113,2,4,1,6,0.9294393610480993,-13.812902569770813
39,27.0,-0.296413966,-0.1330984573333333,-0.355194442,68.94200000000001,-3.639999999999998,15.446887563287737,13.162125734501997,0.5,18.73333333333333,5.571207598831338,2.7,0.5,2.0,0.7,0.4,1.6,1.0,1.0,3.0,2.590724782403466,far,dense,0.0,0.0,114,2,5,1,6,2.065717492819705,10.095182061195374
56,64.0,-0.2316509766666666,-0.34495606,-0.3503205166666667,-52.00333333333331,-118.37,-13.316979548300196,-21.218253731494304,-0.5,-25.33333333333333,-4.115079601839031,3.0,1.3,3.0,1.8,0.0,1.2,2.0,0.0,2.0,4.277041240860248,near,non_dense,0.0,0.0,122,2,3,2,3,0.6038166812813387,-10.734430700540543
57,20.0,-0.3110223933333333,-0.3068320733333333,-0.32088212,-350.3966666666667,10037.250000000002,-16.310746725175026,-1.9051060319729205,-0.5,-21.0,-19.09489396802708,1.2,0.5,1.0,1.2,0.0,0.0,2.0,0.0,0.0,2.4397926199347317,near,dense,0.0,0.0,115,2,3,2,3,1.4965310143221124,-12.659521400928497
59,15.0,-0.3959889633333333,-0.0379449,-0.2146166466666666,352.5900000000001,-78.99333333333334,26.50123672172112,-0.2233705502848515,0.5,26.33333333333333,26.556703883618184,5.599999999999999,0.5,1.0,4.5,0.0,1.1,3.0,0.0,1.0,4.630491026379633,near,dense,0.0,0.0,119,2,2,2,2,2.847617554556625,13.315369188785553
38,11.0,-0.3546935233333333,0.08106395,-0.17868307,766.2333333333332,-10.89000000000001,28.807834005125983,-13.144724674194116,0.5,45.0,58.14472467419412,2.5,3.1,1.0,0.5,1.0,1.0,1.0,2.0,2.0,4.8204399413888455,near,dense,2.0,2.0,115,2,1,2,1,0.8094063979242877,24.906139075756073
46,46.0,-0.3392764233333333,-0.2574727066666666,-0.2686516033333333,-103.49666666666673,-109.62666666666668,-15.79166687146443,3.0080020116463806,-0.5,-5.0,-8.008002011646381,3.5,0.6999999999999998,2.0,3.5,0.0,0.0,6.0,0.0,0.0,2.9956239999082594,far,dense,-1.0,-1.0,115,2,4,2,6,3.724001078954953,-4.63595986366272
50,38.0,-0.37677274,0.0342610666666666,-0.3164478533333333,159.58999999999995,-48.05999999999998,34.01566224937863,25.63437105797001,0.5,38.66666666666666,13.032295608696655,3.9,2.0,2.0,3.9,0.0,0.0,7.0,0.0,0.0,6.267036187179692,far,dense,0.0,0.0,117,1,1,1,1,2.716633751361497,16.99042022228241
33,75.0,-0.3854138833333334,-0.2033265433333333,-0.2835179566666666,-184.16666666666663,-212.63333333333333,-8.590091030468779,11.485359987332105,-0.5,-3.0,-14.485359987332105,7.099999999999999,0.6999999999999998,4.0,3.2999999999999994,0.0,3.8,2.0,0.0,5.0,2.813124092042377,far,non_dense,0.0,0.0,114,2,2,1,2,1.1460668564663818,-5.366062745451927
72,77.0,-0.3766531866666667,-0.2900991933333333,-0.2339411733333333,-127.66,-95.02000000000002,-7.287551635445159,-4.241603843340916,-0.5,-14.0,-9.758396156659083,9.7,3.9,4.0,5.1,1.7,2.9,1.0,1.0,4.0,2.3558857713581918,far,non_dense,0.0,0.0,116,1,4,1,6,1.2901738346715157,-10.327053815126419
10,74.0,-0.2840906666666666,-0.1890103266666666,-0.2712596166666667,144.3733333333333,-168.04333333333332,7.040409010049067,8.834749653552405,0.5,19.33333333333333,10.498583679780928,6.2,1.7,4.0,0.0,0.8000000000000002,5.400000000000001,0.0,2.0,8.0,2.446015095458634,far,non_dense,0.0,0.0,118,1,2,1,2,1.6012785813554822,10.957160592079163
63,59.0,-0.3635994099999999,-0.1113007233333333,-0.2115282733333333,337.33666666666664,-188.54,11.256672165712226,-4.268619571825805,0.5,21.0,25.26861957182581,6.7,2.0,3.0,3.5,2.4,0.8000000000000002,2.0,1.0,1.0,3.918115045480681,near,non_dense,99.0,99.0,119,2,1,1,1,0.17178206298247453,11.92973405122757
40,53.0,-0.21653118,-0.2989606366666666,-0.3882783666666666,-346.77,-115.66333333333334,-17.4349573379215,-13.548556616429602,-0.5,-39.66666666666666,-26.118110050237068,3.6,1.7,3.0,2.2,0.0,1.3999999999999997,1.0,0.0,2.0,5.024903387942889,near,non_dense,1.5,0.5,120,2,2,2,2,0.0166258071495494,-17.351414263248444
56,14.0,-0.3983868466666667,-0.0340510566666666,-0.2429054633333333,21.379999999999995,-36.836666666666666,15.021703981841938,24.64151097795896,0.5,26.33333333333333,1.69182235537437,2.4,1.1,1.0,1.2,0.0,1.2,1.0,0.0,1.0,2.3891526541786785,near,dense,0.0,0.0,122,2,3,2,3,0.866771729629986,12.950854003429413
62,82.0,-0.3531553133333333,-0.1425260466666666,-0.2297712633333333,53.176666666666655,-83.46,8.326014488945974,8.179987577250396,0.5,12.333333333333334,4.1533457560829365,10.3,0.6999999999999998,4.0,1.6000000000000003,0.0,8.7,1.0,0.0,6.0,2.798538955306053,far,non_dense,-3.0,-3.0,118,2,3,1,3,0.1907344659195759,7.792236655950546
40,74.0,-0.3068799299999999,-0.1097939833333333,-0.4484084433333333,232.2433333333333,5.753333333333349,7.69277997720669,-13.492161774184302,0.5,4.0,17.4921617741843,5.5,1.6000000000000003,4.0,1.5,0.0,4.0,2.0,0.0,4.0,2.6537739073400872,far,non_dense,1.5,0.5,120,2,2,2,2,0.2564819802107321,7.012134790420532
30,85.0,-0.3655528333333333,-0.1623005566666666,-0.2438531533333333,208.14666666666668,-161.42999999999998,7.191453544494428,3.3111034079365367,0.5,20.0,16.68889659206346,5.7,0.9,4.0,2.2,0.4000000000000001,3.1,1.0,1.0,5.0,2.534554112508089,far,non_dense,0.0,0.0,120,1,4,1,6,1.5522967046724976,11.125833541154861
71,73.0,-0.4289891266666667,-0.1310528566666666,-0.1954027866666666,205.61166666666668,-10.30666666666666,9.35012822572713,-5.151993461269436,0.5,9.666666666666666,14.818660127936104,12.6,1.8,4.0,2.1,0.0,10.5,1.0,0.0,6.0,3.08906044537864,far,non_dense,0.0,0.0,116,2,2,2,2,0.38769748969405887,8.152507245540619
32,38.0,-0.2400291166666666,-0.1498643366666666,-0.2595229933333333,506.5533333333333,-185.13333333333333,17.592725150539238,-3.4304044202978496,0.5,38.0,41.430404420297855,1.3999999999999997,1.3,2.0,0.0,0.5,0.9,0.0,1.0,1.0,3.44133638015188,far,dense,-0.5,-0.5,114,2,5,1,6,0.15323963232947602,18.12007427215576
23,49.0,-0.3775878525,-0.0870196274999999,-0.3327790566666667,164.765,112.0975,13.051826319571523,2.519595674756374,0.5,15.583333333333334,13.06373765857696,13.300000000000002,0.5,3.0,0.0,0.0,13.300000000000002,0.0,0.0,10.0,5.740365227115039,near,non_dense,99.0,99.0,112,2,4,1,6,0.4670067819629971,10.37103682756424
56,84.0,-0.2257434833333333,-0.1295183566666666,-0.3164371166666667,437.45666666666665,-72.45333333333333,13.211510025817482,-2.616415723770844,0.5,32.0,34.61641572377084,3.4,2.1,4.0,0.0,0.9,2.5,0.0,1.0,5.0,4.287890972935007,far,non_dense,0.0,0.0,122,2,3,2,3,0.5507987675884948,15.573275089263916
23,8.0,-0.4541659633333333,-0.0403171266666666,-0.2118053933333333,431.43666666666667,-226.49666666666667,14.908885441857445,-12.207358538671732,0.5,22.0,34.207358538671734,5.0,1.7,1.0,1.1,2.4,1.5,1.0,1.0,2.0,2.31880282097544,near,dense,99.0,99.0,112,2,4,1,6,0.6163350382396002,13.479726016521454
72,14.0,-0.32680556,-0.1182008,-0.2177766166666666,236.76666666666668,-132.3733333333333,12.8564982769527,-1.0985659566425088,0.5,17.0,18.09856595664251,0.6999999999999998,2.7000000000000006,1.0,0.0,0.0,0.6999999999999998,0.0,0.0,1.0,2.0432201428030865,near,dense,0.0,0.0,116,1,4,1,6,1.1136914258452775,10.580981522798538
53,57.0,-0.36694188,-0.14763942,-0.2168521799999999,282.90333333333336,-246.67,14.177958668241288,-2.9009457456903376,0.5,18.666666666666668,21.567612412357004,16.0,3.2999999999999994,3.0,8.0,8.0,0.0,5.0,1.0,0.0,5.167154169500907,near,non_dense,0.0,0.0,118,2,2,2,2,0.6090251919004975,11.031031608581543
32,96.0,-0.22304943,-0.27639537,-0.2711104566666666,-230.58666666666667,-268.53000000000003,-11.746145403521185,3.8594136594930704,-0.5,-15.0,-18.85941365949307,5.5,2.6,4.0,0.0,2.0,3.5,0.0,2.0,6.0,5.4381225525709285,far,non_dense,-0.5,-0.5,114,2,5,1,6,0.31317606819120253,-10.043055564165115
33,23.0,-0.2842520866666667,-0.3537956666666666,-0.2361396533333333,-326.09,-276.77333333333337,-13.070537542558716,4.314799001159656,-0.5,-21.33333333333333,-25.64813233449299,0.5,2.7000000000000006,1.0,0.5,0.0,0.0,1.0,0.0,0.0,1.9624626301057155,near,dense,0.0,0.0,114,2,2,1,2,0.13018453830299562,-12.815055251121521
37,7.0,-0.4238798933333333,-0.0750110666666666,-0.1929960766666666,159.86333333333334,47.93666666666667,13.52650207777551,3.168881332270914,0.5,15.0,11.831118667729086,5.8,2.0,1.0,3.5,0.0,2.3,3.0,0.0,4.0,1.5413186134857235,near,dense,0.0,0.0,120,3,3,2,3,2.1941918527839444,10.14455333352089
59,56.0,-0.2988673133333333,-0.10643235,-0.2158240566666666,338.33,-108.53333333333336,39.46244447343336,6.517344153423131,0.5,32.0,25.482655846576872,7.0,0.8000000000000002,3.0,6.3,0.0,0.6999999999999998,5.0,0.0,1.0,11.098026485277574,near,non_dense,0.0,0.0,119,2,2,2,2,2.3775789472141224,13.076010346412659
59,13.0,-0.4072194666666666,-0.0811697355555555,-0.2026270722222222,287.3233333333334,10.144444444444431,11.285643995200983,-6.085332394152192,0.5,15.555555555555555,21.640887949707743,7.0,0.7,1.0,0.0,0.0,7.0,0.0,0.0,4.0,1.777820920547492,near,dense,0.0,0.0,119,2,2,2,2,0.5810160585608387,10.252701491117477
30,36.0,-0.3710803,-0.1157772033333333,-0.21199221,438.9166666666667,-204.72333333333333,15.513255140988996,-4.525032435888527,0.5,30.666666666666668,35.19169910255519,0.8000000000000002,1.1,2.0,0.0,0.0,0.8000000000000002,0.0,0.0,1.0,3.6020545663160357,far,dense,0.0,0.0,120,1,4,1,6,0.04683671571217416,15.344546735286713
10,59.0,-0.2730564483333333,-0.22150621,-0.2740920133333333,126.46166666666666,-213.67,6.641348168150931,7.637255642730991,0.5,16.833333333333332,9.196077690602344,14.300000000000002,1.1,3.0,1.5,0.0,12.800000000000002,1.0,0.0,8.0,2.489365516973614,near,non_dense,0.0,0.0,118,1,2,1,2,1.3426481133792383,9.983690083026886
56,31.0,-0.34449623,-0.0263992133333333,-0.2360323833333333,563.5033333333333,-77.68666666666667,18.7153235842831,-7.590623791455044,0.5,37.0,44.590623791455045,2.1,0.8000000000000002,2.0,0.5,0.0,1.6000000000000003,1.0,0.0,2.0,5.230409971363216,far,dense,0.0,0.0,122,2,3,2,3,0.13664061524100898,19.43001002073288
72,95.0,-0.3301488866666666,-0.1169525333333333,-0.2116406066666666,352.34666666666664,-196.52666666666667,13.73682456694006,13.066439309011123,0.5,40.0,26.933560690988877,3.0,2.0,4.0,1.2,0.6999999999999998,1.1,1.0,1.0,2.0,4.84032871408147,far,non_dense,0.0,0.0,116,1,4,1,6,0.13096895105503736,14.370757341384888
40,72.0,-0.1961570633333333,-0.2839280366666667,-0.38487622,-275.05333333333334,-48.32333333333332,-12.766623867021046,-12.616797215201608,-0.5,-33.333333333333336,-20.716536118131724,3.9,1.3999999999999997,3.0,1.2,0.4000000000000001,2.3,2.0,1.0,2.0,4.266630506695817,near,non_dense,1.5,0.5,120,2,2,2,2,0.6263869413884657,-15.439185500144958
14,10.0,-0.2393743933333333,-0.1315886866666666,-0.20153661,382.2166666666667,32.73999999999999,18.13107910131489,12.300795213035943,0.5,41.0,28.699204786964057,1.3,1.1,1.0,1.3,0.0,0.0,1.0,0.0,0.0,2.932033177364694,near,dense,0.0,0.0,118,2,4,1,6,1.2596604979952088,14.437712728977203
11,43.0,-0.21496106,-0.5100313133333333,-0.3799558683333333,-296.0216666666667,-122.415,-29.83337617886329,-24.77679363864166,-0.5,-45.0,-20.22320636135834,0.4000000000000001,3.5,2.0,0.0,0.4000000000000001,0.0,0.0,1.0,0.0,4.21666634817695,far,dense,-1.0,-1.25,113,2,4,1,6,2.8470915255590343,-17.828141152858734
59,86.0,-0.4080602633333334,-0.0685317466666666,-0.1894596466666666,242.46,-77.42666666666666,18.525882502377787,-5.261829387169416,0.5,13.0,18.261829387169417,3.9,0.8000000000000002,4.0,3.9,0.0,0.0,3.0,0.0,0.0,6.271326189363964,far,non_dense,0.0,0.0,119,2,2,2,2,1.4890494037956443,9.187567979097366
62,39.0,-0.3779703766666666,-0.09953943,-0.2261757133333333,424.06,-97.15,13.93360453320036,-12.121064401514394,0.5,21.0,33.1210644015144,3.2000000000000006,0.6999999999999998,2.0,0.0,0.5,2.7000000000000006,0.0,1.0,4.0,2.4880889915801503,far,dense,-3.0,-3.0,118,2,3,1,3,0.32947140589671176,13.113850355148315
50,7.0,-0.3727953933333333,0.07835546,-0.3306017433333333,504.6466666666667,-83.76666666666667,21.109430813009517,2.7899960026103963,0.5,44.0,41.210003997389606,6.900000000000001,2.6,1.0,6.900000000000001,0.0,0.0,5.0,0.0,0.0,2.939229320739928,near,dense,0.0,0.0,117,1,1,1,1,0.7797040064449496,18.817701935768127
23,61.0,-0.4005036333333334,-0.11093001,-0.22692189,186.94333333333336,-161.46,11.169268778372365,-3.822193206606816,0.5,11.0,14.822193206606816,9.8,1.3999999999999997,3.0,4.3,0.0,5.5,2.0,0.0,3.0,5.224641543535378,near,non_dense,99.0,99.0,112,2,4,1,6,0.5148259186766494,8.479487895965576
39,34.0,-0.2748902066666667,-0.1338889611111111,-0.3505775422222222,425.53222222222223,-113.95555555555556,16.07392436974405,-18.05395380646577,0.5,16.333333333333332,34.387287139799106,1.7999999999999998,0.4,2.0,0.0,0.0,1.7999999999999998,0.0,0.0,2.0,2.8069435920630905,far,dense,0.0,0.0,114,2,5,1,6,1.4720761428752374,11.94188967347145
63,56.0,-0.3220246733333333,-0.1131580166666666,-0.2104179066666666,261.29,-128.61333333333332,10.74637099378885,10.09441656660136,0.5,29.666666666666668,19.572250100065308,6.400000000000001,1.5,3.0,1.9,2.0,2.5,1.0,1.0,2.0,4.025336271548599,near,non_dense,99.0,99.0,119,2,1,1,1,0.7106969531542177,13.607165217399597
14,75.0,-0.2726904083333333,-0.318842515,-0.18395888,-144.55499999999998,197.33333333333331,-11.315560937875508,-16.479244776285615,-0.5,-27.33333333333333,-10.85408855704772,6.900000000000001,0.8000000000000002,4.0,4.2,0.0,2.7000000000000006,2.0,0.0,3.0,3.75113527886474,far,non_dense,0.0,0.0,118,2,4,1,6,0.5655438609551475,-13.436992466449738
38,37.0,-0.41543277,-0.0070166066666666,-0.2003802033333333,404.4500000000001,-12.033333333333324,18.67162337360422,-7.484056101146872,0.5,26.0,33.48405610114687,2.9,2.5,2.0,1.1,0.4000000000000001,1.3999999999999997,2.0,1.0,2.0,3.429958528653741,far,dense,2.0,2.0,115,2,1,2,1,1.2518253409271418,14.377914369106293
25,40.0,-0.33748435,-0.0227090333333333,-0.2457859866666666,592.34,-215.15666666666667,17.596261696677796,-2.756883410189497,0.5,45.0,47.756883410189495,0.8000000000000002,1.3999999999999997,2.0,0.0,0.0,0.8000000000000002,0.0,0.0,2.0,3.2382259459196288,far,dense,0.0,0.0,117,2,5,1,6,1.001515331692767,20.839394629001617
14,34.0,-0.2803284333333333,-0.1554723533333333,-0.2206614466666666,347.91333333333336,53.29333333333333,14.10829286678436,0.5431695190227792,0.5,26.666666666666668,26.12349714764389,4.8,0.6999999999999998,2.0,0.6999999999999998,0.4000000000000001,3.7000000000000006,1.0,1.0,4.0,2.539016891662234,far,dense,0.0,0.0,118,2,4,1,6,0.268835391118355,13.425715267658234
25,96.0,-0.35710009,-0.3390336833333333,-0.23407093,-256.1033333333333,-210.93,-12.040428944047918,4.64810249343434,-0.5,-16.0,-20.64810249343434,4.6,1.0,4.0,2.2,0.5,1.9,1.0,1.0,3.0,5.386278284511309,far,non_dense,0.0,0.0,117,2,5,1,6,0.2769940377330759,-10.548461973667145
46,92.0,-0.2909060933333333,-0.2419485433333333,-0.26384413,-426.04,-92.07666666666668,-9.76665834181032,21.2979619240302,-0.5,-11.666666666666666,-32.96462859069687,8.7,0.6999999999999998,4.0,8.7,0.0,0.0,9.0,0.0,0.0,3.226762152319658,far,non_dense,-1.0,-1.0,115,2,4,2,6,0.3225103718156316,-8.7259940803051
14,16.0,-0.2018277433333333,-0.1843111899999999,-0.21779389,368.60666666666674,99.27666666666666,15.623882407619035,-12.677281330415203,0.5,15.0,27.67728133041521,1.3999999999999997,1.0,1.0,1.0,0.0,0.4000000000000001,1.0,0.0,1.0,2.678405048942519,near,dense,0.0,0.0,118,2,4,1,6,1.8001404956171212,10.80237701535225
11,40.0,-0.2767730666666667,-0.01413242,-0.2902588433333333,507.8766666666666,-297.43,24.35860188383812,7.090577409063876,0.5,45.0,37.90942259093613,5.7,8.6,2.0,0.8000000000000002,4.3,0.6,2.0,6.0,1.0,4.39990313403412,far,dense,-1.0,-1.25,113,2,4,1,6,1.7377903436788131,16.71249270439148
14,88.0,-0.31178095,-0.1167052466666666,-0.2490742933333333,291.65666666666664,65.42333333333335,14.029683815438142,8.433936645198385,0.5,30.33333333333333,21.899396688134942,4.1,1.3,4.0,2.3,0.0,1.8,1.0,0.0,2.0,5.258159273346192,far,non_dense,0.0,0.0,118,2,4,1,6,0.2130111253092826,12.90963739156723
29,92.0,-0.2689456866666667,-0.2950159699999999,-0.25275924,-129.44333333333336,-72.80333333333334,-5.974567394248915,-4.943214726082739,-0.5,-15.0,-10.056785273917262,6.599999999999999,1.3999999999999997,4.0,2.4,1.0,3.2000000000000006,2.0,1.0,3.0,2.11071160426766,far,non_dense,2.0,0.75,122,2,1,2,1,2.246222585187142,-10.715695470571518
57,15.0,-0.3299213666666666,-0.09490301,-0.2383715,408.3466666666666,-96.07333333333334,15.019819329892414,-12.79841589345858,0.5,20.33333333333333,33.13174922679192,7.099999999999999,1.0,1.0,0.0,1.9,5.2,0.0,1.0,6.0,2.3506304037895336,near,dense,0.0,0.0,115,2,3,2,3,0.8666822702938302,12.982569634914398
23,81.0,-0.32161797,-0.33301161,-0.23475121,-334.4433333333333,-241.08666666666667,-16.68642003452246,2.5170392275463462,-0.5,-24.0,-26.51703922754635,3.8,0.9,4.0,1.2,0.0,2.6,3.0,0.0,1.0,5.310336650799621,far,non_dense,99.0,99.0,112,2,4,1,6,0.5276183305738987,-13.884589076042175
40,61.0,-0.2568496266666666,-0.1382243733333333,-0.37639297,172.76333333333335,-2.4466666666666583,10.291970975469487,3.321101154523776,0.5,16.333333333333332,13.012232178809557,9.4,1.1,3.0,0.0,0.9,8.5,0.0,1.0,3.0,4.658312991737956,near,non_dense,1.5,0.5,120,2,2,2,2,0.0410889009855259,10.483375936746597
15,96.0,-0.1738157433333333,-0.2762743833333333,-0.2438036599999999,-209.13,-83.47,-11.480359970860931,-14.551474235502502,-0.5,-30.666666666666668,-16.115192431164164,1.9,0.9,4.0,1.0,0.0,0.9,1.0,0.0,2.0,5.142215887333808,far,non_dense,0.0,0.0,123,1,1,2,1,0.6618146895198909,-14.883553981781006
57,57.0,-0.3825059433333333,-0.1536975666666666,-0.2322758,164.3066666666667,-163.08,7.575042384486593,-3.664572989891709,0.5,9.666666666666666,13.331239656558376,7.3,1.0,3.0,1.1,0.0,6.2,2.0,0.0,5.0,2.6671310437996034,near,non_dense,0.0,0.0,115,2,3,2,3,0.3002830940656522,8.37593674659729
24,81.0,-0.1655025166666666,-0.0837097133333333,-0.3246380666666666,-37.94666666666669,5.120000000000005,-17.208217915742438,1.4616644902230365,-0.5,-1.3333333333333333,-2.7949978235563697,2.5,5.5,4.0,0.0,2.5,0.0,0.0,2.0,0.0,5.45233336542503,far,non_dense,0.0,0.0,117,3,4,2,6,2.892895770671847,-1.43518578261137
40,56.0,-0.28204624,-0.1071740766666666,-0.41166509,160.44999999999996,-54.74,12.89548947420858,8.915186557197751,0.5,21.0,12.084813442802249,6.7,3.5,3.0,1.7,0.0,5.0,2.0,0.0,4.0,4.734102893363712,near,non_dense,1.5,0.5,120,2,2,2,2,0.2944709494674627,11.501433700323105
14,14.0,-0.2535725533333333,-0.1855035466666666,-0.2092818666666666,220.87666666666664,99.03666666666668,12.073134137434549,7.748539309013801,0.5,24.33333333333333,16.58479402431953,6.900000000000001,1.3999999999999997,1.0,1.5,0.0,5.400000000000001,1.0,0.0,7.0,1.9089121203656645,near,dense,0.0,0.0,118,2,4,1,6,0.12339286140748189,12.308680266141891
24,6.0,-0.1811535066666666,-0.0624558199999999,-0.35927751,95.82999999999998,-19.03166666666668,11.585829788915149,18.274883541571032,0.5,25.33333333333333,7.0584497917623,3.9,0.4000000000000001,1.0,2.3,0.0,1.6000000000000003,3.0,0.0,2.0,1.7938756235434503,near,dense,0.0,0.0,117,3,4,2,6,0.9493713240834442,13.288883864879608
63,63.0,-0.2700974133333333,-0.3544141266666666,-0.2485284366666666,-308.52,-64.18666666666667,-15.695736583461876,-18.889928428672548,-0.5,-42.0,-23.11007157132745,1.6000000000000003,1.2,3.0,0.5,0.0,1.1,1.0,0.0,1.0,4.495114229722824,near,non_dense,99.0,99.0,119,2,1,1,1,0.45196625343536495,-17.727376520633698
53,64.0,-0.3671579166666667,-0.3952547816666666,-0.274347435,-266.74833333333333,-100.82833333333332,-28.378448361125667,-0.663991239732499,-0.5,-21.0,-20.3360087602675,6.8,2.0,3.0,0.0,1.3,5.5,0.0,1.0,3.0,7.801150382418125,near,non_dense,0.0,0.0,118,2,2,2,2,2.020079317274015,-12.619505822658539
63,52.0,-0.2875994133333333,-0.31113242,-0.2652225766666666,-284.57666666666665,-217.6266666666667,-12.161038496470669,6.316566621925521,-0.5,-15.0,-21.31656662192552,2.7000000000000006,2.1,3.0,0.0,0.0,2.7000000000000006,0.0,0.0,2.0,4.474067487176342,near,non_dense,99.0,99.0,119,2,1,1,1,0.4535334424104135,-10.131899267435074
73,72.0,-0.3232907066666666,-0.3212948333333333,-0.2562587366666666,-265.80333333333334,-173.50333333333333,-15.19066482417037,-0.3479315879247989,-0.5,-21.0,-20.65206841207521,5.599999999999999,2.0,3.0,2.4,0.6999999999999998,2.5,1.0,1.0,4.0,4.72709696285227,near,non_dense,0.0,0.0,114,2,1,1,1,0.5450288476201459,-12.614260613918304
46,75.0,-0.3699137125,-0.26408904,-0.2696804975,-289.6625,-117.745,-16.918351789691965,13.162488801879476,-0.5,-9.25,-22.41248880187948,7.4,0.7,4.0,6.7,0.0,0.7,5.0,0.0,1.0,5.358656418792137,far,non_dense,-1.0,-1.0,115,2,4,2,6,1.6732594271233872,-7.951929420232773
25,26.0,-0.2984964166666666,-0.1049671333333333,-0.2319079766666666,468.3433333333334,-62.110000000000014,14.519249841355355,0.9493337737630642,0.5,37.0,36.050666226236935,3.2000000000000006,0.6,2.0,0.4000000000000001,0.0,2.7999999999999994,1.0,0.0,4.0,2.608463327970447,far,dense,0.0,0.0,117,2,5,1,6,0.9658106874877148,17.038531601428986
32,89.0,-0.24561094,-0.1898014533333333,-0.2387013366666666,229.53,-264.59666666666664,7.802447101068719,19.227009870778403,0.5,38.0,18.7729901292216,7.0,3.4,4.0,4.7,0.6999999999999998,1.6000000000000003,1.0,1.0,3.0,3.693975328441404,far,non_dense,-0.5,-0.5,114,2,5,1,6,2.03205087220131,15.308792889118195
14,58.0,-0.288342775,-0.29482627,-0.21556407,-252.53833333333333,26.464999999999996,18.83327814257946,12.386725077144028,0.5,-6.333333333333333,-18.72005841047736,5.400000000000001,0.8000000000000002,3.0,1.1,0.0,4.3,1.0,0.0,4.0,9.96741039756732,near,non_dense,0.0,0.0,118,2,4,1,6,2.5820055303447678,-6.902630627155304
39,82.0,-0.23956787,-0.1976771033333333,-0.3764967933333333,178.13,-71.45333333333333,8.170251789949317,-10.394697130629025,0.5,4.0,14.394697130629025,4.2,0.8000000000000002,4.0,0.0,0.0,4.2,0.0,0.0,4.0,2.7060495315102684,far,non_dense,0.0,0.0,114,2,5,1,6,0.5224290376798922,6.756532937288284
23,15.0,-0.4140536566666666,-0.0495611366666666,-0.1933083133333333,494.9166666666667,-256.5733333333333,15.16233348767024,-13.907169784384102,0.5,25.33333333333333,39.24050311771743,1.8,1.1,1.0,0.5,0.9,0.4000000000000001,1.0,2.0,1.0,2.4511562659241406,near,dense,99.0,99.0,112,2,4,1,6,0.10201522349924327,15.412388741970062
50,45.0,-0.35980139,-0.15757743,-0.2915337966666667,-242.57666666666668,-16.75,-26.022302025145525,18.47574510373837,-0.5,-1.3333333333333333,-19.8090784370717,2.2,2.3,2.0,2.2,0.0,0.0,1.0,0.0,0.0,3.5742610851175267,far,dense,0.0,0.0,117,1,1,1,1,6.360179746491002,-3.28935906291008
59,33.0,-0.4097859966666666,-0.0606641733333333,-0.2329378466666666,225.39,-73.29666666666667,20.263602672227776,5.023864861939642,0.5,22.0,16.976135138060357,6.599999999999999,0.5,2.0,6.599999999999999,0.0,0.0,4.0,0.0,0.0,3.5732776396498505,far,dense,0.0,0.0,119,2,2,2,2,2.446591215149872,11.521252989768982
23,44.0,-0.37225926,-0.3369087333333333,-0.2798352466666666,-506.9866666666667,-221.7833333333333,-19.1849891528376,16.19749831414279,-0.5,-24.0,-40.19749831414279,0.5,2.6,2.0,0.5,0.0,0.0,1.0,0.0,0.0,2.5096057834302865,far,dense,99.0,99.0,112,2,4,1,6,1.809987722021355,-14.642633497714996
71,47.0,-0.4308223,-0.292541845,-0.20487054,-156.16500000000002,-29.10499999999999,-21.270186557924823,1.254984196158495,-0.5,-10.0,-11.254984196158496,3.1,1.3,2.0,3.1,0.0,0.0,3.0,0.0,0.0,2.762822177754221,far,dense,0.0,0.0,116,2,2,2,2,5.018082199593012,-7.406117767095566
28,79.0,-0.487461,-0.32823811,-0.229758,-79.09333333333335,-3.276666666666681,-8.691637649907515,-5.721295793695055,-0.5,-12.0,-6.278704206304945,3.2000000000000006,1.2,4.0,1.2,1.2,0.8000000000000002,1.0,1.0,2.0,2.8788462548602314,far,non_dense,0.0,0.0,115,2,1,1,1,0.2581807839382724,-9.434900432825089
62,5.0,-0.3784374866666666,-0.1219953266666666,-0.2981366,507.1266666666667,-87.89333333333333,15.382442685929048,-26.942291939172105,0.5,12.666666666666666,39.60895860583877,2.7000000000000006,0.4000000000000001,1.0,0.0,0.9,1.8,0.0,1.0,2.0,2.4200187080341564,near,dense,-3.0,-3.0,118,2,3,1,3,1.5382568633931655,11.659832298755646
42,54.0,-0.4078704833333333,-0.1297245833333333,-0.21627176,114.56333333333336,-239.11666666666665,8.224771180627654,-1.9660387871940943,0.5,6.666666666666667,8.63270545386076,10.4,1.0,3.0,6.8,0.0,3.6,3.0,0.0,4.0,4.146311273433693,near,non_dense,0.0,0.0,118,2,3,2,3,0.5663749309254191,5.876404419541359
62,86.0,-0.3681809,-0.1498775233333333,-0.2448745066666666,62.78333333333334,-64.99000000000001,7.968059416975372,10.09632875848918,0.5,15.0,4.903671241510821,9.3,0.6999999999999998,4.0,0.6,0.5,8.2,1.0,1.0,8.0,2.870253008528296,far,non_dense,-3.0,-3.0,118,2,3,1,3,0.2581415962801816,8.70899111032486
38,34.0,-0.42615502,-0.0498843533333333,-0.1924050533333333,421.9766666666667,-1.5600000000000047,16.328458574843978,-12.935073260085597,0.5,22.0,34.935073260085595,3.2000000000000006,2.1,2.0,0.4000000000000001,0.0,2.7999999999999994,1.0,0.0,3.0,2.7486864293901974,far,dense,2.0,2.0,115,2,1,2,1,0.9805128803424644,13.633336126804352
46,54.0,-0.3385422033333333,-0.1092823366666666,-0.2702055166666666,10.446666666666678,-115.33333333333331,16.17665191264492,24.19169447310703,0.5,25.0,0.8083055268929691,7.099999999999999,0.5,3.0,7.099999999999999,0.0,0.0,3.0,0.0,0.0,8.519712952659573,near,non_dense,-1.0,-1.0,115,2,4,2,6,0.46564896267100114,12.209456413984299
30,27.0,-0.36938567,-0.1339946566666666,-0.2273022233333333,362.45,-185.14666666666668,12.83038706324985,2.9392868660236218,0.5,32.0,29.06071313397638,0.4000000000000001,1.3,2.0,0.0,0.0,0.4000000000000001,0.0,0.0,1.0,2.2228040969655614,far,dense,0.0,0.0,120,1,4,1,6,0.8997561668742333,14.830368757247925
29,75.0,-0.3008321633333333,-0.31514503,-0.2465251666666666,-165.04999999999998,8.76000000000001,-8.427615633385438,-2.1768412731951403,-0.5,-15.0,-12.82315872680486,6.5,1.3999999999999997,4.0,2.7000000000000006,1.1,2.7000000000000006,1.0,1.0,2.0,2.9246708340068905,far,non_dense,2.0,0.75,122,2,1,2,1,0.6618212340057024,-10.363224893808365
37,94.0,-0.4487592366666666,-0.2800925266666667,-0.20744272,-166.76,85.42,-7.290676817904468,1.674858484173647,-0.5,-10.666666666666666,-12.341525150840312,6.900000000000001,0.8000000000000002,4.0,2.3,0.0,4.6,1.0,0.0,5.0,2.669560203902149,far,non_dense,0.0,0.0,120,3,3,2,3,0.17869609256397478,-7.76771679520607
72,87.0,-0.3528612033333333,-0.12996908,-0.2255273599999999,308.6566666666667,-101.42,10.518851780970286,-3.593874586614478,0.5,20.0,23.59387458661448,6.900000000000001,2.5,4.0,0.8000000000000002,1.9,4.2,1.0,1.0,4.0,4.000861974947916,far,non_dense,0.0,0.0,116,1,4,1,6,0.25312663611370345,11.53157651424408
30,13.0,-0.3331484666666667,-0.1561683466666666,-0.22961565,343.34,-172.33666666666667,11.061007385418682,-8.861834498789117,0.5,18.666666666666668,27.528501165455783,4.6,0.9,1.0,0.0,0.0,4.6,0.0,0.0,5.0,1.6646325289599664,near,dense,0.0,0.0,120,1,4,1,6,0.5169038909553091,11.921462416648865
28,29.0,-0.4741770633333333,-0.0721,-0.21784357,262.6433333333334,-125.86,12.69853961059795,-4.84954233510559,0.5,16.0,20.849542335105596,2.6,2.0,2.0,0.0,0.4000000000000001,2.2,0.0,1.0,4.0,2.2089481580672303,far,dense,0.0,0.0,115,2,1,1,1,1.098817229175453,10.271309316158295
39,89.0,-0.26506128,-0.1890408466666666,-0.3252539966666666,164.53333333333333,-102.06,7.792643811984941,9.037383739069805,0.5,22.33333333333333,13.295949594263528,7.3,3.1,4.0,0.0,2.3,5.0,0.0,1.0,4.0,3.3774899884841028,far,non_dense,0.0,0.0,114,2,5,1,6,1.2003507757543561,11.846816539764404
62,61.0,-0.35744802,-0.12964622,-0.22253862,347.50333333333333,-54.94666666666668,10.16558068611927,-11.80829823548772,0.5,15.333333333333334,27.14163156882105,9.9,0.8000000000000002,3.0,0.6999999999999998,1.8,7.400000000000001,1.0,1.0,6.0,4.458469198574069,near,non_dense,-3.0,-3.0,118,2,3,1,3,0.15413351003769465,10.852780193090439
72,71.0,-0.3510983599999999,-0.3201021133333333,-0.2305317333333333,-260.6,-136.5666666666667,-12.751113708604237,4.920398233004526,-0.5,-15.0,-19.920398233004526,3.6,2.1,3.0,3.6,0.0,0.0,1.0,0.0,0.0,4.237589845405,near,non_dense,0.0,0.0,116,1,4,1,6,0.6324446392726121,-10.071072727441788
57,33.0,-0.36457505,-0.0892400366666666,-0.2249427533333333,324.72333333333336,-223.4033333333333,13.100902445617455,-7.013525662506705,0.5,19.33333333333333,26.34685899584004,5.400000000000001,0.9,2.0,0.0,1.0,4.4,0.0,1.0,5.0,2.221747248044104,far,dense,0.0,0.0,115,2,3,2,3,0.595788502103015,11.777210980653763
63,82.0,-0.2562214533333333,-0.14105114,-0.24723093,184.35666666666663,-149.50666666666666,9.043501224282217,18.19053623324898,0.5,32.0,13.809463766751016,10.9,2.6,4.0,3.6,0.0,7.3,2.0,0.0,3.0,3.123273856718311,far,non_dense,99.0,99.0,119,2,1,1,1,1.7893556802248833,14.632149040699005
28,72.0,-0.4893084166666666,-0.3918505,-0.2372840699999999,-379.39333333333326,-173.51666666666665,-14.377772881587823,10.96981101898046,-0.5,-18.0,-28.96981101898046,3.6,1.9,3.0,1.6000000000000003,1.0,1.0,1.0,1.0,1.0,4.471171123185823,near,non_dense,0.0,0.0,115,2,1,1,1,0.6339966630584888,-11.543065309524536
30,39.0,-0.3882755733333333,-0.11117969,-0.23416208,424.25,-174.1966666666667,14.940370291234636,-12.349080462839405,0.5,21.666666666666668,34.015747129506074,2.4,0.8000000000000002,2.0,0.0,0.4000000000000001,2.0,0.0,1.0,2.0,2.470021646099625,far,dense,0.0,0.0,120,1,4,1,6,0.6361369294125819,13.36909830570221
28,32.0,-0.4642762333333333,-0.0584868866666666,-0.21795275,217.5433333333333,-173.26999999999998,12.898025730852694,5.063986038319865,0.5,22.33333333333333,17.269347295013468,3.4,3.2000000000000006,2.0,1.2,1.0,1.2,1.0,2.0,2.0,2.210117015602464,far,dense,0.0,0.0,115,2,1,1,1,0.6041140487767591,11.562862992286682
30,29.0,-0.3633615366666666,-0.1493811266666666,-0.22028298,323.30333333333334,-238.39,11.508303395560526,3.744676253483211,0.5,29.666666666666668,25.92199041318345,3.5,1.3999999999999997,2.0,0.0,0.0,3.5,0.0,0.0,5.0,2.078857098886672,far,dense,0.0,0.0,120,1,4,1,6,0.9976065773469317,13.582184910774231
42,90.0,-0.4243383233333333,-0.1461852966666666,-0.2293640133333333,16.850000000000023,-265.0366666666667,6.531093067505659,4.730299803041514,0.5,6.0,1.2697001969584858,7.7,0.8000000000000002,4.0,5.7,0.0,2.0,5.0,0.0,3.0,2.640739495839842,far,non_dense,0.0,0.0,118,2,3,2,3,0.6988352815520239,4.685651138424873
11,34.0,-0.34880037,-0.0269323366666666,-0.3157688366666666,308.42999999999995,-210.81000000000003,20.245312518898164,-23.022131113962896,0.5,0.0,23.022131113962896,5.0,13.1,2.0,0.0,5.0,0.0,0.0,6.0,0.0,3.5516046412966804,far,dense,-1.0,-1.25,113,2,4,1,6,3.9046134059607884,6.377669423818588
23,74.0,-0.4492611466666666,-0.10067611,-0.2246904033333333,226.52,-166.56,10.598342328912535,-10.293445337829752,0.5,7.666666666666667,17.96011200449642,8.7,2.3,4.0,5.3,2.7999999999999994,0.6,3.0,1.0,1.0,3.4656487514000207,far,non_dense,99.0,99.0,112,2,4,1,6,0.7615104473313863,7.959214597940445
25,19.0,-0.26695617,-0.10291053,-0.2434471033333333,169.63333333333335,-168.6233333333333,15.583461055718136,-0.009869313482928,0.5,13.666666666666666,13.676535980149596,5.2,0.4000000000000001,1.0,0.4000000000000001,0.0,4.8,1.0,0.0,8.0,3.157225013228727,near,dense,0.0,0.0,117,2,5,1,6,1.66654125751671,10.321815311908722
53,71.0,-0.3405729883333333,-0.4102311033333333,-0.2682688849999999,-108.56000000000002,-96.80666666666669,-27.062196392873243,-16.723745436655122,-0.5,-25.0,-8.276254563344876,7.7,4.8,3.0,6.5,1.2,0.0,5.0,1.0,0.0,7.279638951346616,near,non_dense,0.0,0.0,118,2,2,2,2,2.037674289385488,-12.228663265705109
45,94.0,-0.3148408133333333,-0.28305463,-0.2801844466666666,-115.22666666666667,-21.583333333333314,-20.897214449350383,-9.22514574960296,-0.5,-18.0,-8.774854250397043,6.0,1.2,4.0,6.0,0.0,0.0,3.0,0.0,0.0,6.670853246005843,far,non_dense,0.0,0.0,116,2,2,2,2,1.4640149425503033,-11.130985617637634
10,21.0,-0.1958625366666666,-0.3056747233333333,-0.3119802566666667,-374.90333333333336,-139.14666666666668,-16.535562477956322,-11.070999452454116,-0.5,-38.333333333333336,-27.26233388087921,1.5,1.3,1.0,0.4000000000000001,0.0,1.1,1.0,0.0,2.0,2.5237214532477488,near,dense,0.0,0.0,118,1,2,1,2,0.10526427165958901,-16.801220178604126
33,19.0,-0.2565479016666667,-0.1499409149999999,-0.229166275,444.7216666666668,-248.96666666666667,14.586775336442656,-11.978932683256,0.5,23.0,34.978932683256,3.5,0.6,1.0,0.0,0.0,3.5,0.0,0.0,5.0,2.960975442410492,near,dense,0.0,0.0,114,2,2,1,2,0.23730546255596913,13.884119689464569
14,84.0,-0.3249747766666667,-0.1414949133333333,-0.1783818533333333,189.23,172.57666666666668,12.150360318340214,10.79143455674214,0.5,25.0,14.20856544325786,3.7000000000000006,1.0,4.0,0.0,0.0,3.7000000000000006,0.0,0.0,4.0,4.071404820789666,far,non_dense,0.0,0.0,118,2,4,1,6,0.10040108211645923,12.559133768081665
50,39.0,-0.3730710233333333,0.0117756966666666,-0.3003743466666667,240.45000000000005,-31.42666666666668,24.924408769078227,20.697920844385955,0.5,40.333333333333336,19.635412488947377,4.8,1.0,2.0,4.8,0.0,0.0,6.0,0.0,0.0,4.587935959489444,far,dense,0.0,0.0,117,1,1,1,1,2.0260414017826243,15.629060566425323
53,66.0,-0.33156811,-0.4385340133333333,-0.27369055,-142.27999999999997,-40.71,37.912882257463146,-18.153044406109903,0.5,-29.0,-10.846955593890094,9.2,3.6,3.0,9.2,0.0,0.0,2.0,0.0,0.0,13.22420308787422,near,non_dense,0.0,0.0,118,2,2,2,2,3.884441571655425,-13.455761969089508
72,78.0,-0.3482432,-0.1380763766666666,-0.2235260666666666,250.7433333333333,-111.80333333333331,8.851864353116706,21.833050444086734,0.5,41.0,19.166949555913263,9.2,4.2,4.0,2.6,4.8,1.8,1.0,3.0,2.0,3.045197459362761,far,non_dense,0.0,0.0,116,1,4,1,6,2.3182454332142552,15.91137945652008
23,84.0,-0.4041714066666667,-0.0728011866666666,-0.2079810566666666,438.42,-240.82333333333332,14.316767071594644,-15.42771339548232,0.5,19.33333333333333,34.76104672881565,3.2000000000000006,1.2,4.0,0.5,0.9,1.8,1.0,1.0,3.0,4.604551528598123,far,non_dense,99.0,99.0,112,2,4,1,6,0.3070160646506895,12.903095781803131
40,45.0,-0.2165985,-0.2966320333333334,-0.4060101733333334,-480.0966666666666,-237.14333333333332,-16.594005276467385,12.160041453274449,-0.5,-24.0,-36.16004145327445,1.6000000000000003,1.6000000000000003,2.0,0.6,0.0,1.0,1.0,0.0,1.0,2.173738171613973,far,dense,1.5,0.5,120,2,2,2,2,1.1304991946690537,-14.136596024036407
53,85.0,-0.3639343016666667,-0.1620260316666666,-0.2320301183333333,167.77166666666665,-97.41833333333334,9.98507091035913,4.042977568318826,0.5,16.833333333333332,12.790355765014509,21.0,4.8,4.0,0.0,5.2,15.800000000000002,0.0,1.0,3.0,3.641625434063343,far,non_dense,0.0,0.0,118,2,2,2,2,0.1671689195613221,10.59383749961853
40,73.0,-0.28558279,-0.1076870933333333,-0.4167451666666666,178.80000000000004,-2.52333333333335,7.349458149238605,-9.466903356640966,0.5,4.0,13.466903356640964,10.0,2.0,4.0,3.2000000000000006,2.4,4.4,3.0,2.0,3.0,2.5050233962320667,far,non_dense,1.5,0.5,120,2,2,2,2,0.2366935884383304,6.756535172462463
42,73.0,-0.4131619933333333,-0.1367497466666666,-0.2233981166666666,69.25,-218.99,6.3015388630115785,3.1151292597799185,0.5,8.333333333333334,5.218204073553415,6.7,1.0,4.0,3.5,0.0,3.2000000000000006,2.0,0.0,5.0,2.1885522927233363,far,non_dense,0.0,0.0,118,2,3,2,3,0.12763943594024765,6.022193282842636
42,16.0,-0.3052249566666666,-0.0142775866666666,-0.2386381966666666,454.31,-80.38666666666667,19.151854329854174,10.766320683667118,0.5,45.0,34.23367931633288,2.6,1.9,1.0,1.6000000000000003,1.0,0.0,2.0,1.0,0.0,3.0774780890446567,near,dense,0.0,0.0,118,2,3,2,3,1.273812076930617,15.231725573539734
30,88.0,-0.3798964733333334,-0.1254673066666666,-0.21606704,329.58666666666664,-170.6833333333333,12.557341120567358,15.907554404423156,0.5,42.333333333333336,26.425778928910177,2.6,1.1,4.0,0.5,0.0,2.1,1.0,0.0,3.0,4.629030377917458,far,non_dense,0.0,0.0,120,1,4,1,6,0.4757247464831435,14.759485423564911
63,16.0,-0.26031987,-0.0928233633333333,-0.2166852966666666,440.07,-96.52333333333335,16.392729432937326,7.036013236114115,0.5,40.0,32.963986763885885,0.8000000000000002,1.2,1.0,0.0,0.0,0.8000000000000002,0.0,0.0,1.0,2.748543448904929,near,dense,99.0,99.0,119,2,1,1,1,0.420050236093816,15.2382031083107
71,63.0,-0.3700692933333333,-0.4563779233333333,-0.2650200133333333,-409.1433333333334,381.73,-15.25546151356302,-4.113304778519352,-0.5,-33.333333333333336,-29.22002855481398,3.0,0.9,3.0,0.0,0.9,2.1,0.0,1.0,3.0,4.253699315528596,near,non_dense,0.0,0.0,116,2,2,2,2,0.2222917450800611,-16.201023757457733
14,6.0,-0.3098955166666666,-0.1732865,-0.1919866866666666,190.33666666666667,80.95333333333333,10.306635204897038,-1.291660860248852,0.5,13.0,14.291660860248852,3.9,1.5,1.0,2.5,0.0,1.3999999999999997,1.0,0.0,2.0,1.5955959391872827,near,dense,0.0,0.0,118,2,4,1,6,0.08458672088401605,10.171668976545334
42,5.0,-0.3032909533333333,-0.0182239566666666,-0.2251411433333333,336.9433333333333,85.62666666666667,16.50489584987008,11.610266071383885,0.5,37.0,25.389733928616117,3.1,1.2,1.0,1.1,1.2,0.8000000000000002,2.0,1.0,1.0,2.549109374050611,near,dense,0.0,0.0,118,2,3,2,3,1.0080539782619649,13.935256004333496
46,7.0,-0.3615423966666666,-0.0328650333333333,-0.2457713,228.04,-115.46666666666664,24.03185080519063,12.68885416747446,0.5,30.33333333333333,17.644479165858872,6.400000000000001,0.9,1.0,6.400000000000001,0.0,0.0,3.0,0.0,0.0,3.403667453910288,near,dense,-1.0,-1.0,115,2,4,2,6,3.0440697116804336,13.670849800109863
56,88.0,-0.2777664966666666,-0.1214054633333333,-0.2748050766666667,474.9866666666667,-271.61,13.37722093734736,-13.252871585816385,0.5,24.33333333333333,37.58620491914972,5.3,1.7,4.0,0.0,3.0,2.3,0.0,2.0,2.0,5.028865401561983,far,non_dense,0.0,0.0,122,2,3,2,3,0.28207121020497394,14.79571908712387
29,53.0,-0.1551652466666666,-0.2827991733333333,-0.3324886833333333,-395.4933333333333,-43.886666666666656,-16.651900795452605,-11.27310639971841,-0.5,-42.0,-30.72689360028159,4.0,1.3,3.0,0.4000000000000001,0.0,3.6,1.0,0.0,2.0,4.708072047664528,near,non_dense,2.0,0.75,122,2,1,2,1,0.29156693319772686,-18.024618923664093
42,10.0,-0.28369686,-0.02641243,-0.2400821666666666,480.82666666666665,-138.38,19.599631318194856,0.1015402550212769,0.5,36.333333333333336,36.23179307831206,0.4000000000000001,1.0,1.0,0.4000000000000001,0.0,0.0,1.0,0.0,0.0,3.102792026881294,near,dense,0.0,0.0,118,2,3,2,3,0.876879941097926,16.878855228424072
57,32.0,-0.3605151,-0.1094750466666666,-0.21682133,203.82333333333332,-100.25333333333332,11.57635002855458,1.462523101526111,0.5,18.0,16.537476898473887,6.2,1.2,2.0,0.0,1.1,5.1,0.0,2.0,4.0,1.992175281263006,far,dense,0.0,0.0,115,2,3,2,3,0.3087040232901975,10.96135750412941
28,34.0,-0.4557579866666666,-0.04030001,-0.21903134,416.8066666666667,-119.98,15.492274142287249,-11.08756453830002,0.5,22.0,33.08756453830002,2.7999999999999994,2.6,2.0,0.0,1.5,1.3,0.0,2.0,2.0,2.732316590353969,far,dense,0.0,0.0,115,2,1,1,1,0.7906583407707491,13.331945240497589
23,4.0,-0.4457702733333333,-0.04261376,-0.2211207966666666,343.8733333333334,-198.23333333333332,14.243027337494338,-5.264716501969802,0.5,22.0,27.2647165019698,2.1,3.0,1.0,0.0,0.0,2.1,0.0,0.0,3.0,2.223953562918096,near,dense,99.0,99.0,112,2,4,1,6,0.8486313756363223,12.355710566043854
46,30.0,-0.3874401166666666,-0.0913416899999999,-0.24196218,175.84333333333333,-154.52666666666667,27.47673655833083,5.727544737230997,0.5,19.33333333333333,13.605788596102336,3.8,0.6999999999999998,2.0,3.8,0.0,0.0,5.0,0.0,0.0,4.797691299570096,far,dense,-1.0,-1.0,115,2,4,2,6,3.4734155918851926,10.812360793352127
10,40.0,-0.2210871077777777,-0.2431333288888889,-0.3125568833333333,-299.6066666666667,-148.70222222222225,20.2388811584291,-16.763846241579525,0.5,-38.44444444444444,-21.68059820286492,1.1,2.6,2.0,0.0,0.0,1.1,0.0,0.0,2.0,3.719850186267253,far,dense,0.0,0.0,118,1,2,1,2,10.005232523823318,-16.97908490896225
15,88.0,-0.1843742166666666,-0.19110912,-0.2284490466666666,114.21999999999996,-53.446666666666665,12.911822282477672,5.198406352567445,0.5,14.0,8.801593647432556,3.6,0.6,4.0,1.9,0.0,1.7,1.0,0.0,2.0,4.99589639678317,far,non_dense,0.0,0.0,123,1,1,2,1,0.7356468259261468,9.23660695552826
23,9.0,-0.4474542833333333,-0.0128971266666666,-0.2161823433333333,269.81333333333333,-191.93666666666664,16.50406302748001,1.6072855069168537,0.5,23.0,21.392714493083144,2.2,0.9,1.0,0.0,0.5,1.7,0.0,1.0,3.0,2.6249992626865595,near,dense,99.0,99.0,112,2,4,1,6,1.688809081039595,12.070940434932709
38,14.0,-0.4441892933333333,-0.07874654,-0.1985261266666666,241.66,11.350000000000003,12.485468031314136,-7.006816658185568,0.5,13.0,20.006816658185567,4.4,2.5,1.0,1.3999999999999997,0.5,2.5,2.0,1.0,3.0,2.0423565223721245,near,dense,2.0,2.0,115,2,1,2,1,1.4811082096319457,9.460517019033432
28,74.0,-0.4821852466666667,-0.1337371166666666,-0.2204552533333333,219.37,59.95666666666667,7.301707358196815,-10.414354455543434,0.5,7.0,17.41435445554343,6.8,1.7,4.0,0.0,2.0,4.8,0.0,2.0,6.0,2.5087895536140867,far,non_dense,0.0,0.0,115,2,1,1,1,0.19478243681964447,7.790375500917435
14,13.0,-0.2853356766666666,-0.1769039666666666,-0.2039101333333333,135.07333333333335,135.54666666666665,10.908626256113903,10.191187287221986,0.5,20.33333333333333,10.142146046111346,6.8,1.1,1.0,2.3,0.0,4.5,2.0,0.0,2.0,1.7857950889403,near,dense,0.0,0.0,118,2,4,1,6,0.1623272626354965,11.198509484529495
57,39.0,-0.34857444,-0.0874397766666666,-0.2099242666666666,304.6766666666667,-124.42,14.318253259577329,-6.053679400208388,0.5,18.666666666666668,24.720346066875056,4.3,1.3999999999999997,2.0,0.4000000000000001,0.6,3.2999999999999994,1.0,1.0,3.0,2.608085950443178,far,dense,0.0,0.0,115,2,3,2,3,1.1150332611229539,11.410150676965714
11,37.0,-0.334576075,-0.0830030016666666,-0.3321495816666667,455.99500000000006,-117.37333333333332,16.070702474903985,-0.7034875897659477,0.5,33.333333333333336,34.03682092309928,7.2,0.5,2.0,0.0,0.0,7.2,0.0,0.0,8.0,2.953935425076633,far,dense,-1.0,-1.25,113,2,4,1,6,0.056107007876598086,15.904965996742249
29,48.0,-0.2121878,-0.0645092966666666,-0.35094998,817.2400000000001,-31.319999999999997,-5.117280983732162,-30.275027233310453,-0.5,26.33333333333333,56.60836056664379,3.0,0.4000000000000001,2.0,0.4000000000000001,0.0,2.6,1.0,0.0,3.0,1.316693107720204,far,dense,2.0,0.75,122,2,1,2,1,18.50390901723703,19.24668848514557
56,29.0,-0.2909586233333333,-0.0575025166666666,-0.2679307833333333,439.8233333333333,93.82666666666668,19.330492279697623,5.196307401842529,0.5,40.0,34.803692598157475,3.2999999999999994,1.1,2.0,1.7,0.5,1.1,2.0,1.0,2.0,3.2559236740432738,far,dense,0.0,0.0,122,2,3,2,3,0.8392171794483849,16.598065197467804
23,78.0,-0.46323967,-0.0811330366666666,-0.2269638766666666,199.88333333333333,-155.69000000000003,10.420703496785544,-4.8481681727828,0.5,11.0,15.8481681727828,10.2,2.1,4.0,5.5,2.1,2.6,3.0,1.0,4.0,3.427574560611969,far,non_dense,99.0,99.0,112,2,4,1,6,0.5867033352369857,8.409734070301056
15,30.0,-0.1884919366666666,-0.1548259366666666,-0.2236507766666666,91.0333333333333,-121.81333333333332,14.658545323001556,12.14508264100274,0.5,19.33333333333333,7.188250692330594,3.9,0.6,2.0,0.4000000000000001,0.4000000000000001,3.1,1.0,1.0,4.0,2.590847667092565,far,dense,0.0,0.0,123,1,1,2,1,1.5680145370592102,10.596058517694473
73,59.0,-0.3766381066666667,-0.1891332533333333,-0.2547114366666667,257.74,-194.36,7.652194186408837,-14.358906548598732,0.5,5.666666666666667,20.0255732152654,7.7,3.0,3.0,0.8000000000000002,3.2999999999999994,3.6,1.0,2.0,3.0,2.790426147307283,near,non_dense,0.0,0.0,114,2,1,1,1,0.005360346894192976,7.667151838541031
39,59.0,-0.3114191973333333,-0.182664106,-0.283049794,207.8846666666667,-127.59466666666668,10.364427370170272,-1.0658403868061057,0.5,15.733333333333333,16.79917372013944,7.1,0.7,3.0,0.0,1.5,5.6,0.0,1.0,5.0,3.670223323701377,near,non_dense,0.0,0.0,114,2,5,1,6,0.012684920294027874,10.410983860492706
50,37.0,-0.3714045866666666,0.0390583333333333,-0.3313910916666666,297.79,-25.471666666666675,18.285841338111023,16.182139800026455,0.5,40.5,24.31786019997355,6.599999999999999,3.2999999999999994,2.0,0.0,0.0,6.599999999999999,0.0,0.0,7.0,3.32585563499552,far,dense,0.0,0.0,117,1,1,1,1,1.1500770044810336,14.46085125207901
24,79.0,-0.2509994666666666,-0.0980652766666666,-0.2696257316666666,-122.42833333333334,55.59166666666667,-10.157970471504433,8.017575330506858,-0.5,-1.0,-9.017575330506856,8.7,0.5,4.0,3.2000000000000006,0.0,5.5,1.0,0.0,2.0,3.556297940901215,far,non_dense,0.0,0.0,117,3,4,2,6,1.7992496709842654,-3.759302571415901
73,73.0,-0.3344292833333333,-0.1462934633333333,-0.2231855699999999,86.38333333333333,-188.24,6.604462558386423,11.288291432275384,0.5,18.0,6.711708567724616,8.6,2.4,4.0,2.5,2.6,3.5,2.0,1.0,4.0,2.2244091721208776,far,non_dense,0.0,0.0,114,2,1,1,1,1.521562927380903,9.989041090011597
32,36.0,-0.2690727699999999,-0.1275415866666666,-0.2332526333333333,490.5466666666666,-190.98,17.37240359156048,-8.121237882873222,0.5,32.0,40.12123788287322,1.0,1.3999999999999997,2.0,0.0,0.5,0.5,0.0,1.0,1.0,4.10387208787918,far,dense,-0.5,-0.5,114,2,5,1,6,0.012713693807332622,17.424578964710236
39,16.0,-0.3015586033333333,-0.1140331766666666,-0.3697605133333333,350.4666666666667,-28.813333333333333,15.370679191370511,-20.987901276489747,0.5,7.333333333333333,28.32123460982308,1.5,0.5,1.0,0.0,0.0,1.5,0.0,0.0,2.0,2.527488170074466,near,dense,0.0,0.0,114,2,5,1,6,2.629104027692921,8.725649863481522
15,59.0,-0.1839776533333333,-0.1721294066666666,-0.2048274233333333,445.95,-136.29,12.4897946606849,-14.364127885418926,0.5,20.0,34.364127885418924,9.7,1.0,3.0,6.2,3.5,0.0,6.0,1.0,0.0,4.5510480751172695,near,non_dense,0.0,0.0,123,1,1,2,1,0.12102053955599246,13.040564954280853
23,67.0,-0.28958403,-0.3039761466666666,-0.2325303633333333,-321.57666666666665,-210.1533333333333,-15.800632588743907,0.163545314759304,-0.5,-25.33333333333333,-25.49687864809264,2.7000000000000006,0.9,3.0,1.7,0.0,1.0,2.0,0.0,2.0,5.220675241855048,near,non_dense,99.0,99.0,112,2,4,1,6,0.290185138456094,-14.285670220851898
59,61.0,-0.3166211466666667,-0.1305291333333333,-0.19074473,378.445,3.464999999999994,17.70467028139758,-12.67074165811816,0.5,15.833333333333334,28.504074991451493,4.7,0.6999999999999998,3.0,0.0,0.0,4.7,0.0,0.0,5.0,7.816009670608563,near,non_dense,0.0,0.0,119,2,2,2,2,0.8400507982412255,11.138825118541718
38,7.0,-0.4508583633333333,-0.0789335711111111,-0.2062718755555555,262.3666666666666,-69.52222222222223,12.826546339832904,-9.83221430245137,0.5,11.88888888888889,21.72110319134026,6.5,0.5,1.0,0.5,0.0,6.0,1.0,0.0,9.0,1.5246065585400856,near,dense,2.0,2.0,115,2,1,2,1,2.338414270554758,9.26138460636139
32,42.0,-0.2877440066666667,-0.3925152,-0.2816692,-474.0133333333333,-178.33666666666667,-20.162058788560984,3.768995895029382,-0.5,-35.0,-38.76899589502938,0.5,2.1,2.0,0.5,0.0,0.0,1.0,0.0,0.0,2.659165886207406,far,dense,-0.5,-0.5,114,2,5,1,6,0.620109989815653,-18.513083457946777
63,15.0,-0.2723409233333333,-0.1058511833333333,-0.2162069066666666,358.4433333333333,-120.76666666666664,14.166794108286354,15.483692831587854,0.5,42.333333333333336,26.84964050174548,2.4,1.1,1.0,0.0,0.0,2.4,0.0,0.0,2.0,2.2750207984482174,near,dense,99.0,99.0,119,2,1,1,1,0.2754006836289071,14.793336391448975
40,13.0,-0.31071387,-0.0794786033333333,-0.4596379799999999,91.46333333333337,114.92666666666666,11.838205434702289,-2.8888583371154275,0.5,4.0,6.888858337115427,7.8,3.7000000000000006,1.0,3.4,2.2,2.2,2.0,2.0,1.0,1.9456320811670509,near,dense,1.5,0.5,120,2,2,2,2,4.096443974425227,3.868032619357109
42,62.0,-0.3863968766666667,-0.0683275533333333,-0.22160324,257.43333333333334,-217.73333333333332,12.328436970848315,2.601593232224781,0.5,22.0,19.398406767775217,5.599999999999999,0.9,3.0,0.0,0.0,5.599999999999999,0.0,0.0,6.0,4.568465827635822,near,non_dense,0.0,0.0,118,2,3,2,3,0.19105104821257615,11.455626785755157
30,52.0,-0.34006575,-0.3228091999999999,-0.2358850266666666,-341.6266666666667,-100.86333333333334,-11.789056472131133,12.39112859405868,-0.5,-15.0,-27.39112859405868,6.2,0.8000000000000002,3.0,0.0,0.0,6.2,0.0,0.0,6.0,4.616717926225076,near,non_dense,0.0,0.0,120,1,4,1,6,0.3384706447296274,-10.226432979106903
57,2.0,-0.34679266,-0.1358024233333333,-0.2309248066666666,253.62,-84.67333333333333,10.236802547816334,-3.57779559581475,0.5,17.0,20.57779559581475,5.5,1.2,1.0,0.0,0.0,5.5,0.0,0.0,4.0,1.4949529114723912,near,dense,0.0,0.0,115,2,3,2,3,0.24812072116305622,10.607731342315674
63,32.0,-0.38645758,-0.22811749,-0.3444660799999999,225.44,-187.21166666666667,15.712859006714725,-11.386861581226697,0.5,5.5,16.886861581226697,4.1,2.1,2.0,0.0,1.3,2.7999999999999994,0.0,2.0,4.0,2.676635137099977,far,dense,99.0,99.0,119,2,1,1,1,3.137169428243774,7.3158010840415955
29,14.0,-0.2026598666666666,-0.1653829966666666,-0.3300081633333333,298.9266666666667,-38.79333333333337,12.178939229765328,-12.891047729019617,0.5,10.333333333333334,23.22438106235295,7.599999999999999,1.1,1.0,1.9,0.5,5.2,1.0,1.0,5.0,1.8907191261505087,near,dense,2.0,0.75,122,2,1,2,1,1.6244558479049147,9.107549488544464
63,58.0,-0.3664389666666667,-0.1117574533333333,-0.2268434266666666,219.57333333333332,-146.12,10.348520079675453,-4.114078336860733,0.5,12.333333333333334,16.447411670194068,6.400000000000001,1.1,3.0,0.0,0.0,6.400000000000001,0.0,0.0,1.0,5.723429795118832,near,non_dense,99.0,99.0,119,2,1,1,1,0.26279705783778895,8.844419568777084
28,31.0,-0.46855215,-0.0856866366666666,-0.2102316699999999,239.41,-52.423333333333325,13.212119274692512,-4.005199435664193,0.5,15.0,19.005199435664192,4.7,3.2000000000000006,2.0,0.0,2.0,2.7000000000000006,0.0,2.0,3.0,3.6442596491278594,far,dense,0.0,0.0,115,2,1,1,1,0.9042355409684679,9.916850179433823
15,78.0,-0.1831539499999999,-0.2032593133333333,-0.2361348266666666,402.00666666666666,-120.59333333333332,12.568657527189512,-12.311264725023683,0.5,18.666666666666668,30.97793139169035,9.8,0.8000000000000002,4.0,6.5,1.8,1.5,6.0,1.0,1.0,4.4505296265489775,far,non_dense,0.0,0.0,123,1,1,2,1,0.06127709319523155,12.29594200849533
10,56.0,-0.2346490433333333,-0.2792224716666666,-0.3015164216666666,63.225000000000016,-193.7983333333333,18.537142166391224,-1.5075499698708974,0.5,0.6666666666666666,2.174216636537565,4.9,2.3,3.0,0.6,0.5,3.8,1.0,1.0,3.0,6.466231909335789,near,non_dense,0.0,0.0,118,1,2,1,2,2.7184688787629,0.9588919579982758
29,22.0,-0.2097594133333333,-0.1807146933333333,-0.29946206,340.11999999999995,-21.61333333333333,13.97545858211106,-5.424797007942253,0.5,21.0,26.42479700794225,3.8,1.1,1.0,0.4000000000000001,0.0,3.4,1.0,0.0,5.0,2.3054008107978574,near,dense,2.0,0.75,122,2,1,2,1,0.8519587533226756,12.011352181434631
57,12.0,-0.3521378766666667,-0.07903037,-0.2317054533333333,445.94,-66.35666666666667,15.425249354330182,-11.848600930516625,0.5,24.33333333333333,36.18193426384996,2.9,1.2,1.0,0.0,1.2,1.7,0.0,1.0,2.0,2.307779417438553,near,dense,0.0,0.0,115,2,3,2,3,0.39177374091234596,14.521121978759766
11,71.0,-0.33674073,-0.3980538366666666,-0.32311506,-48.35666666666668,-101.21,-14.693968583923905,-22.39051480000584,-0.5,-26.0,-3.6094851999941615,7.400000000000001,6.0,3.0,2.4,2.7000000000000006,2.3,3.0,3.0,2.0,4.71001477537635,near,non_dense,-1.0,-1.25,113,2,4,1,6,0.8740748209504992,-10.577063262462616
57,14.0,-0.3501613333333333,-0.1115197033333333,-0.2215472299999999,358.2333333333333,-55.64000000000001,12.2571193894369,-10.399070692140612,0.5,18.666666666666668,29.06573735880728,10.699999999999998,1.0,1.0,0.0,1.8,8.9,0.0,2.0,5.0,1.9388270725363888,near,dense,0.0,0.0,115,2,3,2,3,0.07111660596859327,12.119236588478088
25,56.0,-0.3595664166666667,-0.08466441,-0.24219018,437.72,-225.78333333333333,11.678888716225268,-3.9574506865001142,0.5,31.33333333333333,35.290784019833445,3.2000000000000006,1.6000000000000003,3.0,0.0,1.3,1.9,0.0,1.0,3.0,4.13852741998306,near,non_dense,0.0,0.0,117,2,5,1,6,0.9218626655261687,15.49404263496399
33,32.0,-0.29821522,-0.15804249,-0.2151446299999999,347.95,-194.25,11.038775215765355,-6.367498683758583,0.5,21.0,27.367498683758583,9.7,2.4,2.0,0.0,5.599999999999999,4.1,0.0,1.0,2.0,1.9524550700609888,far,dense,0.0,0.0,114,2,2,1,2,0.5764308977939249,12.164230644702911
29,56.0,-0.2254480866666666,-0.1954669333333333,-0.3166259433333333,203.51666666666668,-47.92999999999999,9.695475256695754,16.188267069270506,0.5,32.0,15.811732930729493,6.099999999999999,1.2,3.0,0.6999999999999998,0.0,5.400000000000001,1.0,0.0,5.0,3.704124374132146,near,non_dense,2.0,0.75,122,2,1,2,1,1.2407228743169076,14.291267096996307
37,13.0,-0.4471585466666667,-0.10043617,-0.2172967833333333,206.9366666666667,50.23333333333335,11.092844767158638,-6.314908109245176,0.5,9.0,15.314908109245176,10.6,0.5,1.0,2.9,0.0,7.7,1.0,0.0,4.0,1.6891915693054216,near,dense,0.0,0.0,120,3,3,2,3,1.786298500228039,8.075444400310516
40,63.0,-0.2139826066666666,-0.30170393,-0.39922764,-518.6133333333333,9.203333333333338,-19.30460334638104,8.727716104392767,-0.5,-30.33333333333333,-39.0610494377261,1.6000000000000003,1.7,3.0,0.0,0.6,1.0,0.0,1.0,2.0,5.164647383295006,near,non_dense,1.5,0.5,120,2,2,2,2,0.5074196147291645,-16.6839599609375
32,30.0,-0.2577207866666666,-0.1555519733333333,-0.24211785,440.5966666666666,-205.44333333333336,14.859322113314432,4.964114171126771,0.5,41.0,36.035885828873226,5.1,1.7,2.0,0.0,1.5,3.6,0.0,2.0,4.0,2.567954743612542,far,dense,-0.5,-0.5,114,2,5,1,6,0.8522846898097083,17.047950625419617
33,69.0,-0.34116588,-0.1184462733333333,-0.2053324466666667,400.13000000000005,-287.50333333333333,11.67791747296644,2.5283596829075363,0.5,34.0,31.471640317092465,3.1,1.5,3.0,0.0,0.0,3.1,0.0,0.0,3.0,4.548101297952729,near,non_dense,0.0,0.0,114,2,2,1,2,0.894188428181332,15.744777023792267
63,39.0,-0.3728870533333333,-0.0518606333333333,-0.2137469033333333,468.9766666666667,-161.77666666666667,15.42836410002888,-3.129276325519399,0.5,32.0,35.1292763255194,2.9,2.0,2.0,0.0,0.9,2.0,0.0,1.0,2.0,2.6873216047862165,far,dense,99.0,99.0,119,2,1,1,1,0.07697057365096445,15.635208785533905
11,42.0,-0.20389391,-0.4226013333333333,-0.3563879233333333,-338.48,-116.17333333333332,-22.422466300492868,-19.734847649534213,-0.5,-45.0,-25.265152350465787,2.3,8.9,2.0,0.6,0.9,0.8000000000000002,1.0,2.0,1.0,2.9612543630405948,far,dense,-1.0,-1.25,113,2,4,1,6,1.345401112027213,-18.438391387462616
72,51.0,-0.34397615,-0.3364811133333333,-0.2282877933333333,-416.8833333333334,-134.93,-16.40970013517222,16.866776733316843,-0.5,-15.0,-31.86677673331685,4.6,2.3,3.0,0.5,1.3,2.7999999999999994,1.0,1.0,5.0,4.966319067414816,near,non_dense,0.0,0.0,116,1,4,1,6,1.208700379653767,-10.406908392906189
23,30.0,-0.4560895766666666,-0.0404834733333333,-0.21133447,438.3866666666667,-238.41,15.161527960258647,-10.091737159093404,0.5,24.666666666666668,34.75840382576007,4.7,2.7999999999999994,2.0,0.6,1.7,2.4,1.0,2.0,4.0,2.6700434003927307,far,dense,99.0,99.0,112,2,4,1,6,0.3144284654659093,14.321990311145782
62,94.0,-0.3431667866666667,-0.2474834566666666,-0.2384243566666667,-123.72666666666667,-80.88333333333334,-7.672608403084074,-0.3363701012796039,-0.5,-10.0,-9.663629898720396,4.8,0.8000000000000002,4.0,1.7,1.3999999999999997,1.7,1.0,1.0,2.0,2.583553290527538,far,non_dense,-3.0,-3.0,118,2,3,1,3,0.06983551094863708,-7.492184638977051
57,58.0,-0.3567933233333333,-0.1144351233333333,-0.2348937866666666,220.7166666666667,-152.70000000000002,12.669199595399098,-3.241473272045757,0.5,14.666666666666666,17.908139938712424,9.7,0.8000000000000002,3.0,1.0,3.2999999999999994,5.400000000000001,2.0,1.0,1.0,7.239406830627357,near,non_dense,0.0,0.0,115,2,3,2,3,0.3970445226510289,9.79483276605606
37,19.0,-0.4413507266666667,-0.0179245933333333,-0.22075592,328.9866666666666,8.196666666666658,15.395156999377042,-3.0142153651422348,0.5,21.33333333333333,24.347548698475567,3.8,0.6,1.0,2.4,0.0,1.3999999999999997,1.0,0.0,1.0,3.052968668083557,near,dense,0.0,0.0,120,3,3,2,3,1.1641738162285356,11.840970814228058
38,45.0,-0.3403553166666667,-0.3253415,-0.2297569666666666,-368.05,-56.49666666666669,-15.75232433495556,-7.196134220067321,-0.5,-37.66666666666666,-30.470532446599343,1.3,3.5,2.0,0.0,0.0,1.3,0.0,0.0,3.0,1.9032757852616404,far,dense,2.0,2.0,115,2,1,2,1,0.6495174792894703,-16.988535225391388
14,47.0,-0.28019462,-0.37585472,-0.2224678,-353.5233333333333,114.21,-10.83022662668808,0.5447308428120768,-0.5,-26.0,-26.54473084281208,1.9,1.0,2.0,0.0,0.8000000000000002,1.1,0.0,1.0,2.0,1.517233933513341,far,dense,0.0,0.0,118,2,4,1,6,2.444624547487402,-14.539293944835663
23,83.0,-0.4553070866666666,-0.07371502,-0.2100588866666667,360.2633333333333,-234.1733333333333,11.61916199522797,-16.897565267731604,0.5,11.666666666666666,28.56423193439827,7.0,1.3,4.0,1.1,3.8,2.1,1.0,1.0,4.0,3.896684606532615,far,non_dense,99.0,99.0,112,2,4,1,6,0.4372216209811662,9.915447235107422
50,90.0,-0.417510385,-0.0679520583333333,-0.3321231616666666,262.43,-8.568333333333326,6.070065983997771,-17.263656891139362,0.5,4.166666666666667,21.43032355780603,9.2,2.0,4.0,0.0,0.9,8.3,0.0,1.0,8.0,2.409537656267964,far,non_dense,0.0,0.0,117,1,1,1,1,0.5597657401994486,7.418842613697052
73,88.0,-0.3073959466666667,-0.1257549066666666,-0.2407200866666666,309.1566666666667,-237.16333333333333,15.286311611434746,0.9795163214063236,0.5,25.0,24.02048367859368,2.7000000000000006,3.0,4.0,1.6000000000000003,0.0,1.1,1.0,0.0,2.0,5.490776129485305,far,non_dense,0.0,0.0,114,2,1,1,1,0.42880838804457694,12.931820750236511
46,29.0,-0.3675866033333333,-0.0849915,-0.2806511,423.0333333333333,-212.9333333333333,25.34764166239269,-8.398655951282663,0.5,24.33333333333333,32.731989284616,6.5,0.8000000000000002,2.0,6.5,0.0,0.0,6.0,0.0,0.0,4.443274347543135,far,dense,-1.0,-1.0,115,2,4,2,6,2.600276316443255,13.793900609016418
11,61.0,-0.3621382216666666,-0.11881819,-0.2861243583333333,333.61999999999995,-71.93666666666667,11.421654211274278,0.0976124817939189,0.5,25.0,24.90238751820608,10.5,0.6,3.0,0.0,0.9,9.6,0.0,1.0,11.0,5.2320928329295135,near,non_dense,-1.0,-1.25,113,2,4,1,6,0.2715146202339325,12.842243909835815
50,80.0,-0.3309183133333333,-0.13006341,-0.3357810066666666,202.17,-78.26,-40.56439902035654,-16.509425422709466,-0.5,0.0,16.509425422709466,2.6,1.8,4.0,2.6,0.0,0.0,3.0,0.0,0.0,16.884054272456073,far,non_dense,0.0,0.0,117,1,1,1,1,2.757152213807386,5.987508594989777
73,75.0,-0.3400995833333333,-0.3064278866666667,-0.26652203,-119.39999999999998,-160.65333333333334,-9.467602612408529,-5.72300208775243,-0.5,-15.0,-9.27699791224757,3.6,2.5,4.0,2.7000000000000006,0.0,0.9,2.0,0.0,1.0,3.0987093401658665,far,non_dense,0.0,0.0,114,2,1,1,1,0.3813734767558861,-10.649368166923523
63,70.0,-0.3553521833333333,-0.10638737,-0.2236155866666666,344.82,-193.80666666666664,11.50299342628233,-1.4958345625085308,0.5,24.33333333333333,25.829167895841863,5.5,1.6000000000000003,3.0,1.5,2.3,1.7,1.0,1.0,1.0,4.337030682017587,near,non_dense,99.0,99.0,119,2,1,1,1,0.27419206508839356,12.692172825336456
40,19.0,-0.3006647533333333,-0.0636394533333333,-0.4595552266666667,403.4633333333333,-37.13,15.838712165159135,-24.38815278494529,0.5,6.0,30.38815278494529,5.7,2.6,1.0,0.0,0.8000000000000002,4.9,0.0,2.0,4.0,3.2125803767248247,near,dense,1.5,0.5,120,2,2,2,2,2.2414326220639627,8.63792970776558
62,58.0,-0.3487861766666666,-0.1145154466666666,-0.2134919566666666,716.4866666666667,376.7266666666666,12.393578192905286,-23.98642173274082,0.5,25.666666666666668,49.65308839940749,6.0,0.6999999999999998,3.0,1.1,0.4000000000000001,4.5,2.0,1.0,5.0,6.767989762305191,near,non_dense,-3.0,-3.0,118,2,3,1,3,0.7820385758590892,17.686407268047333
29,59.0,-0.26774326,-0.21743112,-0.3118358833333333,158.52666666666667,-29.89333333333332,6.99693115901929,-3.3163441932623563,0.5,9.0,12.316344193262358,9.9,1.5,3.0,1.7,0.0,8.2,1.0,0.0,7.0,2.497647824863641,near,non_dense,2.0,0.75,122,2,1,2,1,0.6196806797000897,8.544675260782242
32,44.0,-0.2634933666666667,-0.3505291799999999,-0.2698315466666667,-501.1466666666667,-132.83666666666667,-17.266258820205376,-1.0118005200817377,-0.5,-42.0,-40.98819947991826,0.8000000000000002,2.0,2.0,0.0,0.4000000000000001,0.4000000000000001,0.0,1.0,1.0,2.292651408741216,far,dense,-0.5,-0.5,114,2,5,1,6,1.2664057648392346,-20.169685781002045
40,92.0,-0.2440434833333333,-0.2505954433333333,-0.2959805733333333,-115.09000000000002,-53.88666666666668,-7.197807584856907,-6.33162244230532,-0.5,-15.0,-8.668377557694681,7.400000000000001,1.2,4.0,6.5,0.0,0.9,4.0,0.0,1.0,2.477356481750608,far,non_dense,1.5,0.5,120,2,2,2,2,1.3824038747379366,-10.62251478433609
42,36.0,-0.34734704,-0.0700363033333333,-0.2201263366666666,266.57,-145.66,15.240982850757208,3.246450158067867,0.5,23.33333333333333,20.086883175265463,3.4,1.5,2.0,1.5,1.5,0.4000000000000001,1.0,1.0,1.0,3.550720671918864,far,dense,0.0,0.0,118,2,3,2,3,1.0132035878033427,11.643379926681519
72,53.0,-0.32795494,-0.3275074466666667,-0.2578946566666666,-379.7766666666666,-132.75666666666666,-17.95861041886978,3.030324019965523,-0.5,-26.0,-29.030324019965523,3.4,1.8,3.0,2.0,0.0,1.3999999999999997,2.0,0.0,1.0,5.110829988575109,near,non_dense,0.0,0.0,116,1,4,1,6,0.6289745456212034,-14.744028449058533
39,25.0,-0.2882414233333333,-0.1024697755555555,-0.3675610288888888,391.1144444444444,121.14666666666668,17.217429624985712,-16.494873120584895,0.5,15.11111111111111,31.605984231696,2.9,0.7,2.0,1.5,0.0,1.4,2.0,0.0,1.0,2.9651093890168005,far,dense,0.0,0.0,114,2,5,1,6,2.0175306958607195,11.235230416059494
50,57.0,-0.39265064,0.00434998,-0.3003382366666666,86.85333333333335,8.329999999999984,11.294737633864711,22.907460902307992,0.5,30.0,7.092539097692007,13.4,2.5,3.0,13.4,0.0,0.0,5.0,0.0,0.0,4.341565872640446,near,non_dense,0.0,0.0,117,1,1,1,1,0.8695765220465905,15.070061385631561
53,49.0,-0.3615851166666666,-0.107259095,-0.22249398,322.37833333333333,-8.639999999999995,29.703027373430725,0.4229444328158169,0.5,25.0,24.577055567184185,13.699999999999998,1.9,3.0,0.0,0.0,13.699999999999998,0.0,0.0,10.0,12.550590104249476,near,non_dense,0.0,0.0,118,2,2,2,2,1.342670082821175,12.85172551870346
10,48.0,-0.26386814,-0.29653448,-0.3001149,-550.8566666666667,-107.11,-4.26275153222988,23.804667591255285,-0.5,-15.0,-38.80466759125529,3.8,1.8,2.0,0.0,0.0,3.8,0.0,0.0,6.0,1.251020847269752,far,dense,0.0,0.0,118,1,2,1,2,5.13290039215072,-10.684116929769516
62,12.0,-0.3605696433333333,-0.07077923,-0.21562488,4.6733333333332885,65.52333333333335,14.24740659847992,23.968324197118942,0.5,24.33333333333333,0.3650091362143941,0.8000000000000002,0.6,1.0,0.0,0.4000000000000001,0.4000000000000001,0.0,1.0,1.0,2.1577085732892853,near,dense,-3.0,-3.0,118,2,3,1,3,1.120689468816361,11.829285323619843
42,46.0,-0.3804271533333334,-0.2766053466666666,-0.23842768,-339.82666666666665,-295.8633333333333,-11.23493861403984,12.607002112665391,-0.5,-13.0,-25.607002112665395,4.6,1.1,2.0,2.2,2.4,0.0,2.0,1.0,0.0,2.3406875594912924,far,dense,0.0,0.0,118,2,3,2,3,0.7769358377178014,-9.416374564170837
63,77.0,-0.3176313266666666,-0.2997048499999999,-0.2439005033333333,-92.01,-110.81999999999998,-7.467900064783677,-8.107877332821735,-0.5,-15.0,-6.892122667178266,6.900000000000001,2.7999999999999994,4.0,5.5,0.0,1.3999999999999997,1.0,0.0,2.0,2.4217075468502016,far,non_dense,99.0,99.0,119,2,1,1,1,1.2030203372398007,-10.381263494491577
72,57.0,-0.3549695733333333,-0.1540831033333333,-0.2138320266666666,250.83333333333331,-176.01,9.664466137267205,-1.173829202271558,0.5,18.0,19.17382920227156,7.5,3.7000000000000006,3.0,4.5,1.3999999999999997,1.6000000000000003,1.0,1.0,2.0,3.603989847749782,near,non_dense,0.0,0.0,116,1,4,1,6,0.30700243672161925,10.770899802446365
39,60.0,-0.3097686766666667,-0.1312039566666666,-0.2798816966666667,235.59,-143.09666666666666,13.399985849636096,7.961956453124732,0.5,27.0,19.03804354687527,6.400000000000001,3.8,3.0,0.6999999999999998,3.0,2.7000000000000006,1.0,2.0,3.0,4.773490812743948,near,non_dense,0.0,0.0,114,2,5,1,6,0.15382213451063848,12.6657173037529
28,87.0,-0.45203042,-0.11075391,-0.20220726,312.9,-98.93,9.906178210175494,-13.17242486426072,0.5,11.666666666666666,24.83909153092738,3.5,1.2,4.0,0.6,0.0,2.9,1.0,0.0,5.0,3.730496453226861,far,non_dense,0.0,0.0,115,2,1,1,1,0.09269532182137775,9.560378640890121
56,5.0,-0.3206740999999999,-0.1156430933333333,-0.3957019066666666,21.21,-28.21333333333333,22.30751775767779,0.9882965938186596,0.5,2.6666666666666665,1.678370072848007,7.900000000000001,1.0,1.0,3.2999999999999994,2.4,2.2,5.0,2.0,2.0,3.504007613610175,near,dense,0.0,0.0,122,2,3,2,3,5.7520687674149675,2.1522250026464462
45,16.0,-0.40934365,-0.0723352566666666,-0.2144307766666666,261.08666666666664,-4.996666666666651,17.890617261055837,-4.8825281768282425,0.5,15.0,19.88252817682824,3.4,2.5,1.0,2.2,0.6999999999999998,0.5,1.0,1.0,1.0,2.9098455942786075,near,dense,0.0,0.0,116,2,2,2,2,2.7480308016293016,9.894271939992905
63,53.0,-0.2751596966666667,-0.3525349066666667,-0.2597583833333333,-436.16,-158.81333333333333,-16.333792464880137,-0.995563280986057,-0.5,-33.666666666666664,-32.67110338568061,0.8000000000000002,1.2,3.0,0.0,0.4000000000000001,0.4000000000000001,0.0,1.0,1.0,4.637370743784323,near,non_dense,99.0,99.0,119,2,1,1,1,0.21509632160328598,-17.33127385377884
32,46.0,-0.3184901366666666,-0.3063589366666666,-0.2456364,-282.54,-211.14,-11.57779698379627,8.108616002745919,-0.5,-15.0,-23.10861600274592,3.6,1.7,2.0,2.2,0.4000000000000001,1.0,2.0,1.0,1.0,2.3727742200776207,far,dense,-0.5,-0.5,114,2,5,1,6,0.5809603929814164,-10.199309140443802
40,86.0,-0.2469496433333333,-0.1357625133333333,-0.3822389833333333,122.87,54.09333333333334,7.961772652338904,22.74564644613828,0.5,32.0,9.25435355386172,11.199999999999998,1.5,4.0,1.2,1.2,8.8,2.0,1.0,7.0,3.10430943403297,far,non_dense,1.5,0.5,120,2,2,2,2,2.468003535634992,15.623219311237335
45,86.0,-0.3511067733333333,-0.0630869333333333,-0.2435768633333333,203.74,-24.063333333333333,36.70456136121094,10.15125815322163,0.5,25.666666666666668,15.515408513445038,9.9,1.5,4.0,9.9,0.0,0.0,4.0,0.0,0.0,10.946367963144658,far,non_dense,0.0,0.0,116,2,2,2,2,2.1914803983056705,12.715810537338257
29,93.0,-0.2538533733333333,-0.3091879366666666,-0.2719837133333333,-127.4333333333333,-35.30666666666667,-6.953049656560626,-5.432710125704342,-0.5,-15.333333333333334,-9.90062320762899,8.6,1.5,4.0,2.2,0.0,6.400000000000001,2.0,0.0,6.0,2.2772488430394504,far,non_dense,2.0,0.75,122,2,1,2,1,1.675761890606683,-10.769176483154297
53,43.0,-0.26923588,-0.4007914766666666,-0.3120358233333333,-164.96083333333334,-67.37666666666667,-42.41535436587751,-16.840599518102064,-0.5,-29.416666666666668,-12.576067148564604,1.1,0.6,2.0,0.6999999999999998,0.0,0.4000000000000001,1.0,0.0,1.0,6.166264049947774,far,dense,0.0,0.0,118,2,2,2,2,4.5716971264291075,-14.225062727928162
29,7.0,-0.23706664,-0.1764554266666666,-0.28657064,429.9333333333333,-86.15999999999998,11.885682829361976,-1.4026257211610762,0.5,32.0,33.40262572116108,3.7000000000000006,1.1,1.0,0.5,0.0,3.2000000000000006,1.0,0.0,4.0,1.4026277632994304,near,dense,2.0,0.75,122,2,1,2,1,2.5641348956602674,15.482209622859955
14,32.0,-0.2751039566666666,-0.17696335,-0.2058704266666666,157.94333333333336,44.73,10.81062390456281,8.140632098541683,0.5,20.0,11.859367901458318,5.0,1.2,2.0,0.0,0.0,5.0,0.0,0.0,5.0,1.8746818040210227,far,dense,0.0,0.0,118,2,4,1,6,0.21043860349040225,11.205129325389862
25,49.0,-0.3573601066666667,-0.0721789866666666,-0.2319021366666666,439.9433333333334,-216.42666666666665,12.602378561069502,-7.803371617241456,0.5,27.666666666666668,35.47003828390812,4.2,1.7,3.0,0.8000000000000002,1.3999999999999997,2.0,1.0,2.0,3.0,5.605544896311876,near,non_dense,0.0,0.0,117,2,5,1,6,0.4749943106616414,15.264980494976044
37,60.0,-0.4268418733333333,-0.0780864466666666,-0.2130402766666666,312.0,-37.4,14.2820459943221,-14.757071122544446,0.5,8.333333333333334,23.090404455877778,4.5,0.4000000000000001,3.0,2.4,0.0,2.1,3.0,0.0,2.0,4.892916180199676,near,non_dense,0.0,0.0,120,3,3,2,3,1.1732122491909587,8.541616797447205
24,1.0,-0.19231082,-0.1650111866666666,-0.38495326,-59.373333333333335,-13.80000000000001,-15.892610965772215,-3.626800664688509,-0.5,-8.0,-4.373199335311492,5.7,4.3,1.0,5.2,0.5,0.0,4.0,1.0,0.0,2.194923945233692,near,dense,0.0,0.0,117,3,4,2,6,4.3770701999941934,-6.285274773836136
42,30.0,-0.35206332,-0.0593627266666666,-0.2221604366666666,194.96,-192.03666666666663,15.502401321477214,17.30915427898955,0.5,32.0,14.690845721010447,6.0,1.7,2.0,2.0,1.3,2.7000000000000006,1.0,1.0,3.0,2.719963404564816,far,dense,0.0,0.0,118,2,3,2,3,0.3654331155976715,14.508436620235443
57,48.0,-0.2633721033333333,0.0382394066666666,-0.22893763,794.5933333333332,-25.24333333333334,-4.019770169963383,-13.198817870144046,-0.5,45.0,58.19881787014405,1.5,1.1,2.0,0.0,0.0,1.5,0.0,0.0,2.0,1.2997506506700518,far,dense,0.0,0.0,115,2,3,2,3,22.268764618951263,24.92407113313675
57,76.0,-0.3390507,-0.26481716,-0.2544256133333333,-184.35333333333327,-119.87,-5.78438530244075,5.624419252190028,-0.5,-9.333333333333334,-14.95775258552336,3.2999999999999994,1.1,4.0,1.2,0.0,2.1,1.0,0.0,5.0,1.904373928351342,far,non_dense,0.0,0.0,115,2,3,2,3,0.80396928929691,-7.315443456172943
24,86.0,-0.2598727933333333,-0.0123243066666666,-0.2757999866666666,321.56666666666666,133.39333333333337,10.496682213186531,16.31470133182687,0.5,40.0,23.68529866817313,8.6,7.599999999999999,4.0,0.0,6.2,2.4,0.0,4.0,3.0,3.891253070662015,far,non_dense,0.0,0.0,117,3,4,2,6,1.0173269121771462,14.455358684062958
42,52.0,-0.3459208133333333,-0.2892350033333333,-0.22785194,-277.3533333333333,-252.06000000000003,-12.408567390980837,3.566107732567288,-0.5,-17.333333333333332,-20.89944106590062,5.8,0.9,3.0,2.7999999999999994,0.0,3.0,1.0,0.0,3.0,4.553304311830522,near,non_dense,0.0,0.0,118,2,3,2,3,0.27021942784750175,-11.17817610502243
15,16.0,-0.1921149966666666,-0.1632670233333333,-0.2251498366666666,172.8033333333334,-19.600000000000005,17.49130670959272,-9.64925629710359,0.5,3.6666666666666665,13.315922963770255,1.6000000000000003,0.5,1.0,0.0,0.4000000000000001,1.2,0.0,1.0,2.0,2.9846665605437708,near,dense,0.0,0.0,123,1,1,2,1,3.6304121338746356,6.655737012624741
57,38.0,-0.3678675566666666,-0.0536704899999999,-0.2332684033333333,317.2266666666667,-60.79333333333333,18.14279944681208,-6.071940320985436,0.5,19.666666666666668,25.7386069876521,4.7,1.1,2.0,0.6999999999999998,2.2,1.8,1.0,1.0,3.0,3.4516057782042022,far,dense,0.0,0.0,115,2,3,2,3,1.8638625403738414,11.709480732679367
50,30.0,-0.3821822593333333,-0.00082867382,-0.3129832566666666,333.1133333333333,-69.13333333333333,23.944272728470008,5.46426406501051,0.5,32.666666666666664,27.20240260165616,7.599999999999999,1.5,2.0,7.2,0.4000000000000001,0.0,5.0,1.0,0.0,4.285847839549578,far,dense,0.0,0.0,117,1,1,1,1,2.367695842711178,13.796688616275787
50,44.0,-0.3478142633333334,-0.17945617,-0.30935083,-84.00666666666666,-30.70333333333332,-29.685594441076372,-1.139922845408585,-0.5,-8.0,-6.860077154591415,1.0,1.6000000000000003,2.0,0.5,0.5,0.0,1.0,1.0,0.0,4.202705155593006,far,dense,0.0,0.0,117,1,1,1,1,5.584665194293962,-6.214893236756325
40,81.0,-0.23623773,-0.3042088566666667,-0.4334704566666666,-310.06,-44.400000000000006,-15.0955219976073,-9.646822959954712,-0.5,-33.0,-23.353177040045285,2.2,1.7,4.0,1.3999999999999997,0.0,0.8000000000000002,1.0,0.0,1.0,4.83142483442009,far,non_dense,1.5,0.5,120,2,2,2,2,0.001019232624619208,-15.100446343421936
56,57.0,-0.1962552666666666,-0.0899597533333333,-0.34972033,375.14,-134.55666666666664,7.06408326225565,15.314769018000874,0.5,45.0,29.685230981999126,1.8,2.1,3.0,0.0,0.0,1.8,0.0,0.0,3.0,2.58897983862955,near,non_dense,0.0,0.0,122,2,3,2,3,3.1572939997593887,15.238253772258759
45,82.0,-0.3362968216666666,-0.0596542616666666,-0.224480865,224.8516666666667,0.939999999999999,20.648206008722187,12.043541785630516,0.5,29.166666666666668,17.12312488103615,9.9,1.7,4.0,3.0,0.0,6.900000000000001,1.0,0.0,3.0,6.092761191436916,far,non_dense,0.0,0.0,116,2,2,2,2,1.1810136902062403,13.452571630477905
28,90.0,-0.48069612,-0.1323969966666666,-0.22201729,276.87666666666667,44.40666666666667,7.317037946538408,-13.646100562836068,0.5,8.333333333333334,21.9794338961694,8.7,1.9,4.0,6.400000000000001,1.2,1.1,4.0,1.0,2.0,2.7482410099370136,far,non_dense,0.0,0.0,115,2,1,1,1,0.41364986449531554,8.453847467899323
63,12.0,-0.2885973933333333,-0.0890182366666666,-0.2107101466666666,382.76666666666665,-68.52,13.851523120551912,0.9950568462819144,0.5,29.666666666666668,28.67160982038475,1.2,0.8000000000000002,1.0,0.0,0.0,1.2,0.0,0.0,1.0,2.142654705358008,near,dense,99.0,99.0,119,2,1,1,1,0.2937762621490295,14.480984210968018
42,19.0,-0.2963126566666667,-0.0319058666666666,-0.23569409,416.41666666666674,-89.00666666666666,15.80551894767197,0.621701858548235,0.5,32.0,31.378298141451765,1.9,1.6000000000000003,1.0,0.9,1.0,0.0,2.0,1.0,0.0,3.11646828362413,near,dense,0.0,0.0,118,2,3,2,3,0.13405215061265208,15.387749671936035
57,63.0,-0.3425152166666667,-0.3873182233333334,-0.2670865466666667,-496.09,-26.27,-19.98152811167784,15.584254463874055,-0.5,-24.666666666666668,-40.25092113054072,0.9,0.6,3.0,0.4000000000000001,0.0,0.5,1.0,0.0,1.0,5.43972386760407,near,non_dense,0.0,0.0,115,2,3,2,3,0.9474018829657493,-14.827923476696014
24,7.0,-0.1659278666666666,-0.0239557166666666,-0.3480379966666667,86.62666666666667,-75.09666666666668,20.690382355301814,25.619430477988143,0.5,32.0,6.38056952201185,2.9,0.9,1.0,2.5,0.4000000000000001,0.0,4.0,1.0,0.0,2.8360233370875485,near,dense,0.0,0.0,117,3,4,2,6,1.720647280788719,15.810586512088776
39,65.0,-0.28862062,-0.1561895,-0.31200606,234.35,-100.64,-43.94951732393531,-18.937839064519803,-0.5,0.0,18.937839064519803,3.7,0.4,3.0,3.7,0.0,0.0,5.0,0.0,0.0,13.795226980284069,near,non_dense,0.0,0.0,114,2,5,1,6,3.627520642093967,6.092953309416771
37,59.0,-0.4590429866666667,-0.1394700599999999,-0.20681544,58.21666666666666,-39.98333333333334,7.83799244206153,2.024851348056566,0.5,6.333333333333333,4.308481985276766,12.300000000000002,0.8000000000000002,3.0,4.9,0.0,7.400000000000001,3.0,0.0,3.0,2.808893669634303,near,non_dense,0.0,0.0,120,3,3,2,3,1.111160984992597,4.716859385371208
45,89.0,-0.4005578666666666,-0.1112900833333333,-0.2188869999999999,168.75000000000003,-3.709999999999984,12.145928049437217,-1.1841490133365238,0.5,11.666666666666666,12.850815680003189,9.8,1.2,4.0,8.5,0.0,1.3,4.0,0.0,1.0,5.581784278671624,far,non_dense,0.0,0.0,116,2,2,2,2,0.406312556319966,9.877979010343552
37,83.0,-0.4509080066666666,-0.1098898766666666,-0.2301934133333333,160.5233333333333,9.796666666666669,10.480161791751376,-5.546630420744723,0.5,6.333333333333333,11.879963754078055,8.0,0.4000000000000001,4.0,3.0,0.0,5.0,1.0,0.0,4.0,3.467921535301892,far,non_dense,0.0,0.0,120,3,3,2,3,0.8068379428441318,7.6821111142635345
57,86.0,-0.3597534,-0.1335118733333333,-0.2308635799999999,239.21333333333337,-178.38666666666666,9.196454211888506,-3.075558225403487,0.5,16.333333333333332,19.408891558736823,12.0,1.1,4.0,4.0,0.0,8.0,1.0,0.0,4.0,3.0878454514103435,far,non_dense,0.0,0.0,115,2,3,2,3,0.3724856884936313,10.346632450819016
29,27.0,-0.2281140933333333,-0.1868545499999999,-0.2883344,335.2633333333333,-30.433333333333355,12.441785783709292,-2.714136758220864,0.5,23.33333333333333,26.0474700915542,3.6,1.5,2.0,0.5,0.0,3.1,1.0,0.0,4.0,2.1491571930188584,far,dense,2.0,0.75,122,2,1,2,1,0.03519502176783273,12.517425417900085
59,52.0,-0.2219036633333333,-0.21858278,-0.2259283899999999,-342.65000000000003,-130.53666666666666,-43.75460970936524,10.808033653029776,-0.5,-15.0,-25.808033653029774,3.6,0.8000000000000002,3.0,2.2,0.0,1.3999999999999997,2.0,0.0,1.0,14.31293680330777,near,non_dense,0.0,0.0,119,2,2,2,2,2.3426881838724576,-10.223861783742905
40,89.0,-0.2871585866666666,-0.07433893,-0.4237502533333333,232.09,5.556666666666672,7.922152197355192,8.51938702436912,0.5,26.0,17.48061297563088,9.2,1.8,4.0,1.8,0.0,7.400000000000001,2.0,0.0,6.0,3.721614908660505,far,non_dense,1.5,0.5,120,2,2,2,2,1.3158236605216689,12.819141149520874
33,55.0,-0.33163446,-0.29052035,-0.2239636633333333,-185.62,-265.0566666666667,-8.17375896970286,-0.4003302035370926,-0.5,-15.0,-14.599669796462909,8.1,1.3,3.0,2.7999999999999994,0.0,5.3,1.0,0.0,3.0,3.045888889781313,near,non_dense,0.0,0.0,114,2,2,1,2,0.6365956954910237,-10.112758725881577
14,22.0,-0.2324798433333333,-0.1786815533333333,-0.20538267,281.7633333333334,89.18,12.673428333126132,6.176789650105801,0.5,27.33333333333333,21.15654368322753,4.9,1.5,1.0,1.6000000000000003,0.0,3.2999999999999994,1.0,0.0,4.0,2.134791478508479,near,dense,0.0,0.0,118,2,4,1,6,0.2891025862812713,12.056254595518112
40,51.0,-0.2268001433333333,-0.3087874066666666,-0.4002667366666667,-301.0833333333333,-47.84,-16.90278941765182,-15.989596463672726,-0.5,-38.66666666666666,-22.677070202993946,6.5,1.8,3.0,2.7000000000000006,0.0,3.8,1.0,0.0,1.0,4.969211175128529,near,non_dense,1.5,0.5,120,2,2,2,2,0.04339506256961588,-17.118428647518158
29,74.0,-0.3409605833333333,-0.16092426,-0.2278678533333333,165.02,32.06666666666666,7.630287086411506,5.179172050303916,0.5,18.0,12.820827949696085,7.5,1.3,4.0,1.8,3.1,2.6,1.0,1.0,4.0,2.610799289684712,far,non_dense,2.0,0.75,122,2,1,2,1,1.1199574461735697,10.554271191358566
25,70.0,-0.4087128533333333,-0.09850753,-0.2586488033333333,373.1666666666667,-166.85333333333335,11.200034403235412,-15.086229180148306,0.5,15.0,30.086229180148305,5.1,1.1,3.0,1.5,0.0,3.6,2.0,0.0,5.0,4.359735085553439,near,non_dense,0.0,0.0,117,2,5,1,6,0.04027688725033063,11.024437844753265
56,94.0,-0.33276705,-0.3274231566666666,-0.2614312766666666,-4.956666666666668,-65.26,-7.438248902438488,-14.941106978103884,-0.5,-15.333333333333334,-0.3922263552294495,5.400000000000001,1.8,4.0,0.0,1.6000000000000003,3.8,0.0,1.0,5.0,2.588749139329501,far,non_dense,0.0,0.0,122,2,3,2,3,0.14336154225177086,-7.80937597155571
73,30.0,-0.30372725,-0.10122635,-0.2048859266666666,149.5633333333333,-132.71666666666667,14.98513016068447,26.37940761237755,0.5,38.0,11.620592387622452,4.4,1.8,2.0,0.5,0.9,3.0,1.0,1.0,6.0,2.5514169385809145,far,dense,0.0,0.0,114,2,1,1,1,0.8705974423624326,17.206387221813202
28,50.0,-0.3968345829166667,-0.11757380625,-0.4499239416666666,313.1325,127.37291666666664,41.3868288218636,-23.574562276675337,0.5,0.0,23.574562276675337,2.4,0.4000000000000001,3.0,0.5,0.0,1.9,1.0,0.0,3.0,14.837424609065394,near,non_dense,0.0,0.0,115,2,1,1,1,2.3555513927432274,6.436512619256973
46,87.0,-0.4002872333333333,-0.06560895,-0.25390353,23.50333333333333,-197.13666666666668,47.14189180780373,14.514774855310897,0.5,16.333333333333332,1.818558478022436,6.400000000000001,0.9,4.0,5.7,0.0,0.6999999999999998,4.0,0.0,1.0,14.248247246191951,far,non_dense,-1.0,-1.0,115,2,4,2,6,2.685933248810871,8.872050791978836
59,6.0,-0.42225101,-0.0631337933333333,-0.2002865433333333,307.47666666666663,-68.46666666666667,15.841239185975745,-8.158815586910121,0.5,15.0,23.158815586910123,9.1,0.6999999999999998,1.0,8.5,0.0,0.6,6.0,0.0,1.0,2.472512364518881,near,dense,0.0,0.0,119,2,2,2,2,2.233378885579202,10.319182276725769
29,25.0,-0.1909866933333333,-0.1540049533333333,-0.31754615,540.2233333333332,498.29,17.58441357636249,-5.971339298739437,0.5,36.0,41.97133929873944,3.4,1.6000000000000003,2.0,0.6,0.0,2.7999999999999994,1.0,0.0,4.0,3.0703387364394814,far,dense,2.0,0.75,122,2,1,2,1,0.23579374523329394,18.308380246162415
73,46.0,-0.3424540633333333,-0.3023846066666666,-0.26745214,-61.48999999999997,-17.20666666666666,-10.565762175507349,-11.22242377199244,-0.5,-16.0,-4.777576228007561,5.400000000000001,3.6,2.0,1.2,2.2,2.0,2.0,2.0,3.0,2.2343590678738408,far,dense,0.0,0.0,114,2,1,1,1,0.1601913970134174,-10.207837074995041
42,68.0,-0.3596513766666667,-0.29848343,-0.2311062866666666,-251.78,-204.72000000000003,-12.561098324619934,3.9724104207838073,-0.5,-15.0,-18.97241042078381,4.4,1.3,3.0,2.3,0.0,2.1,2.0,0.0,4.0,4.042629724473106,near,non_dense,0.0,0.0,118,2,3,2,3,0.6232777461350317,-10.041417181491852
10,68.0,-0.2188458133333333,-0.3383174266666666,-0.3067396566666667,-162.61000000000004,-122.83666666666666,-12.429740248216072,-25.17527688283263,-0.5,-37.0,-11.824723117167368,2.5,2.4,3.0,1.1,0.4000000000000001,1.0,1.0,1.0,2.0,3.947024427995222,near,non_dense,0.0,0.0,118,1,2,1,2,0.5155956821148124,-14.464809000492096
71,54.0,-0.40875408,-0.1143210266666666,-0.2289883766666666,117.46999999999998,24.706666666666667,7.930720394898981,2.5338072325890058,0.5,11.0,8.466192767410995,8.9,2.9,3.0,4.6,0.8000000000000002,3.5,1.0,1.0,5.0,4.39343029295366,near,non_dense,0.0,0.0,116,2,2,2,2,0.06044033192536505,8.196260780096054
45,58.0,-0.3837343866666667,-0.0736497633333333,-0.2209336066666666,204.80333333333337,-51.103333333333325,21.32812180783096,5.070282149233067,0.5,20.666666666666668,15.5963845174336,11.1,2.1,3.0,8.4,0.0,2.7000000000000006,2.0,0.0,2.0,11.122034250337606,near,non_dense,0.0,0.0,116,2,2,2,2,0.8946914947664834,11.377332359552383
57,11.0,-0.3170717133333333,-0.0120380333333333,-0.22955428,693.4233333333333,-122.89333333333332,25.372197959552693,-10.427870033954902,0.5,43.66666666666666,54.09453670062157,0.9,0.9,1.0,0.0,0.0,0.9,0.0,0.0,2.0,4.247251688004224,near,dense,0.0,0.0,115,2,3,2,3,0.47469466251142955,23.35605025291443
37,48.0,-0.3404565266666666,0.1411607499999999,-0.1894471566666666,836.6366666666667,81.81666666666668,-5.545549957165615,-9.64124658287261,-0.5,45.0,54.64124658287261,2.4,1.7,2.0,0.0,1.6000000000000003,0.8000000000000002,0.0,1.0,1.0,1.3665347633753029,far,dense,0.0,0.0,120,3,3,2,3,21.31741065487492,23.585432767868042
62,9.0,-0.3518228833333333,-0.0883387366666666,-0.22580735,595.9333333333333,481.1433333333334,15.643788539510656,-23.211840256117394,0.5,23.33333333333333,46.545173589450734,1.2,0.4000000000000001,1.0,0.0,0.6,0.6,0.0,1.0,1.0,2.434903808935284,near,dense,-3.0,-3.0,118,2,3,1,3,0.3193749301341141,16.42143577337265
10,14.0,-0.24807822,-0.18709572,-0.26154808,198.43000000000004,-174.03,11.90719548822319,5.570507298816056,0.5,20.0,14.429492701183944,6.5,1.3,1.0,1.5,0.5,4.5,1.0,1.0,4.0,1.838588058249436,near,dense,0.0,0.0,118,1,2,1,2,0.3915836198764999,11.18723452091217
25,60.0,-0.32244129,-0.0649691166666666,-0.24989364,501.62,180.08666666666667,13.871339622172943,-0.4426644430888539,0.5,40.0,40.44266444308885,4.0,1.3,3.0,0.0,0.9,3.1,0.0,1.0,4.0,5.058097251576672,near,non_dense,0.0,0.0,117,2,5,1,6,0.8688251526875134,18.265941739082336
29,54.0,-0.21077395,-0.2264652766666667,-0.3167899833333333,179.67333333333332,-69.98000000000002,7.282645685910416,1.7073835869486915,0.5,15.666666666666666,13.959283079717975,3.9,1.3,3.0,0.0,1.1,2.7999999999999994,0.0,1.0,2.0,3.8405933495301023,near,non_dense,2.0,0.75,122,2,1,2,1,0.8543053157225822,10.56368499994278
63,94.0,-0.3404007766666666,-0.2817603833333333,-0.2473614766666666,-136.85333333333332,-115.60666666666664,-7.559901567926743,-4.748832075366052,-0.5,-15.0,-10.251167924633949,4.6,1.8,4.0,3.2000000000000006,0.0,1.3999999999999997,1.0,0.0,1.0,2.5932063340490537,far,non_dense,99.0,99.0,119,2,1,1,1,1.2274809815975036,-10.74301302433014
40,32.0,-0.2806493233333333,-0.0930464566666666,-0.4116604733333333,359.07333333333344,-96.63333333333333,12.06088947937269,-0.044775603730013,0.5,27.0,27.044775603730013,7.099999999999999,2.7000000000000006,2.0,0.0,1.7,5.400000000000001,0.0,1.0,5.0,2.227810238030297,far,dense,1.5,0.5,120,2,2,2,2,0.6692469365851218,13.551844656467438
59,83.0,-0.38627832,-0.03695953,-0.18904608,363.0633333333333,-62.03333333333333,28.12390275146809,-12.34554421376867,0.5,15.0,27.345544213768672,8.6,0.8000000000000002,4.0,6.400000000000001,0.0,2.2,4.0,0.0,1.0,7.8177856805515775,far,non_dense,0.0,0.0,119,2,2,2,2,2.2200618236718794,10.76793521642685
30,59.0,-0.4094473033333334,-0.1740278466666666,-0.2312805966666666,201.00333333333333,-214.95333333333332,8.130671645023828,-3.7828211954927977,0.5,12.333333333333334,16.116154528826133,9.4,1.7,3.0,4.3,0.0,5.1,2.0,0.0,6.0,2.833968546587771,near,non_dense,0.0,0.0,120,1,4,1,6,0.270328742543831,8.896774798631668
56,30.0,-0.27507513,-0.02992655,-0.28691551,500.44000000000005,346.33666666666664,20.397758191248,5.399645485334434,0.5,45.0,39.60035451466556,3.7000000000000006,1.3999999999999997,2.0,0.6,0.9,2.2,1.0,1.0,3.0,3.6335611258196856,far,dense,0.0,0.0,122,2,3,2,3,0.6943253459844178,17.874884605407715
25,71.0,-0.3078717099999999,-0.3627299266666666,-0.2467838,-326.6066666666667,-270.59,-15.847530369040728,0.3323707684617361,-0.5,-26.0,-26.332370768461733,3.0,1.1,3.0,2.4,0.0,0.6,2.0,0.0,1.0,5.187385069241089,near,non_dense,0.0,0.0,117,2,5,1,6,0.2505241891935526,-14.547964930534363
46,34.0,-0.3474929933333333,-0.0478935233333333,-0.2657524933333333,504.75666666666666,-129.47666666666666,40.35434821010915,3.2780426438561747,0.5,42.333333333333336,39.055290689477154,8.3,0.6,2.0,8.3,0.0,0.0,7.0,0.0,0.0,6.485547451125791,far,dense,-1.0,-1.0,115,2,4,2,6,3.441718836842609,18.032917380332947
42,7.0,-0.3203613966666667,-0.03051001,-0.22753778,355.13000000000005,36.120000000000005,15.748558254158011,5.239843860779435,0.5,32.0,26.76015613922057,4.5,1.3999999999999997,1.0,3.0,0.8000000000000002,0.6999999999999998,4.0,1.0,1.0,1.9165847775301283,near,dense,0.0,0.0,118,2,3,2,3,1.0881973420690048,13.66293579339981
11,13.0,-0.3661091733333333,-0.04501536,-0.27311195,301.605,-65.32166666666667,16.797558499511243,20.820640486895638,0.5,43.333333333333336,22.512692846437695,5.5,1.5,1.0,1.3999999999999997,2.3,1.8,2.0,1.0,1.0,2.813268731109907,near,dense,-1.0,-1.25,113,2,4,1,6,0.3776178787604514,15.735217928886414
37,17.0,-0.47084396,-0.09858378,-0.24685532,212.71,-9.566666666666672,11.366806895838012,-10.075512601954363,0.5,5.666666666666667,15.742179268621031,4.3,0.4000000000000001,1.0,2.3,0.0,2.0,1.0,0.0,3.0,1.385247820898604,near,dense,0.0,0.0,120,3,3,2,3,2.9601072641633066,7.266324758529663
45,46.0,-0.2944419066666666,-0.31180072,-0.2880800466666667,-374.9166666666667,7.25,-9.515013617460667,7.551022095967579,-0.5,-21.0,-28.55102209596758,2.1,0.6,2.0,0.5,0.0,1.6000000000000003,1.0,0.0,2.0,2.004668922077464,far,dense,0.0,0.0,116,2,2,2,2,1.57689945028036,-12.676174938678741
29,9.0,-0.2097568433333333,-0.1266898666666666,-0.3259880833333333,461.8566666666666,-71.27666666666666,16.55328170212124,9.117168459862643,0.5,45.0,35.88283154013735,3.8,1.5,1.0,0.0,1.5,2.3,0.0,1.0,5.0,2.6078143972174157,near,dense,2.0,0.75,122,2,1,2,1,0.3791240090520111,15.56459665298462
23,27.0,-0.4504354,-0.0362152033333333,-0.21198859,37.116666666666674,-113.35666666666668,16.563303190941486,22.3904607809455,0.5,25.33333333333333,2.9428725523878345,2.3,1.9,2.0,1.8,0.0,0.5,4.0,0.0,1.0,2.8023296929581587,far,dense,99.0,99.0,112,2,4,1,6,1.3877137528675736,12.674471735954285
72,82.0,-0.34936894,-0.1370350466666666,-0.22298269,288.58666666666664,-127.32666666666668,8.928211733847478,5.94028655128422,0.5,28.0,22.05971344871578,6.5,2.3,4.0,0.6999999999999998,4.0,1.8,1.0,2.0,2.0,2.9608128803807072,far,non_dense,0.0,0.0,116,1,4,1,6,1.0998330882901335,12.184611707925797
14,96.0,-0.2975982,-0.3695735633333333,-0.2269793766666666,-292.35,123.62,-10.440215401599334,-6.381876865878727,-0.5,-28.33333333333333,-21.951456467454605,7.099999999999999,0.8000000000000002,4.0,0.0,0.0,7.099999999999999,0.0,0.0,4.0,4.964694904742887,far,non_dense,0.0,0.0,118,2,4,1,6,0.749367383905448,-14.160595834255219
40,91.0,-0.2586451966666667,-0.1936321666666667,-0.3436239033333333,-340.4666666666667,-155.65,-8.676883445560625,13.64335400535623,-0.5,-12.0,-25.64335400535623,4.8,2.7999999999999994,4.0,3.2000000000000006,0.6,1.0,3.0,1.0,2.0,3.041870124580325,far,non_dense,1.5,0.5,120,2,2,2,2,0.11830130819817383,-9.03674066066742
11,79.0,-0.3739244033333333,-0.4299650766666666,-0.4846978966666667,-725.4933333333333,-117.71666666666664,-21.848576068082973,26.96223868502131,-0.5,-24.0,-50.962238685021305,5.2,1.2,4.0,4.8,0.0,0.4000000000000001,6.0,0.0,1.0,6.827421543032645,far,non_dense,-1.0,-1.25,113,2,4,1,6,0.9341652828850068,-15.470635890960693
37,76.0,-0.4508522666666666,-0.2686097333333333,-0.2311270633333333,-144.00666666666666,35.65000000000001,-5.704267841718569,1.3242698002439273,-0.5,-9.333333333333334,-10.65760313357726,9.8,0.6,4.0,1.9,0.0,7.900000000000001,2.0,0.0,7.0,1.945022131290683,far,non_dense,0.0,0.0,120,3,3,2,3,0.697235136020485,-7.060405611991882
40,69.0,-0.2804462299999999,-0.07186535,-0.4312498466666666,304.8333333333333,-54.079999999999984,13.157888083060998,6.373819687456823,0.5,29.33333333333333,22.959513645876516,4.8,1.6000000000000003,3.0,1.7,1.3999999999999997,1.7,1.0,1.0,3.0,5.045284094133201,near,non_dense,1.5,0.5,120,2,2,2,2,0.14097630961962265,12.446622550487518
50,52.0,-0.3725223333333333,-0.1355127966666666,-0.29746447,185.4233333333333,-10.24666666666667,-47.34803952891227,-15.141874132150493,-0.5,0.0,15.141874132150493,2.7000000000000006,2.6,3.0,1.5,1.2,0.0,2.0,1.0,0.0,14.757366040145376,near,non_dense,0.0,0.0,117,1,1,1,1,3.61298325378417,5.970076844096184
53,82.0,-0.3136391739999999,-0.135652192,-0.246459676,286.856,-131.026,16.748816802388568,14.13104938261922,0.5,36.0,21.868950617380783,12.2,5.2,4.0,12.2,0.0,0.0,2.0,0.0,0.0,5.240394298070823,far,non_dense,0.0,0.0,118,2,2,2,2,0.5386337985396781,13.92616331577301
46,33.0,-0.3497755,-0.0387849266666666,-0.2673620033333333,631.7399999999999,-192.20666666666668,28.43967653659585,-17.688930778981344,0.5,31.0,48.68893077898135,4.6,0.5,2.0,4.6,0.0,0.0,5.0,0.0,0.0,4.801746863090002,far,dense,-1.0,-1.0,115,2,4,2,6,1.9632234431151543,19.012774527072906
28,36.0,-0.4526094599999999,-0.0344155266666666,-0.2160758333333333,409.8766666666667,-21.39333333333332,15.658940855153013,-8.870770341082608,0.5,23.666666666666668,32.53743700774928,0.9,2.3,2.0,0.5,0.0,0.4000000000000001,1.0,0.0,1.0,3.7273174282714696,far,dense,0.0,0.0,115,2,1,1,1,0.5526462045553796,13.599053025245667
15,70.0,-0.1838486633333333,-0.18194121,-0.2329741233333333,420.53333333333336,10.309999999999992,14.206216164372734,-25.654487200813858,0.5,5.333333333333333,30.98782053414719,6.3,0.8000000000000002,3.0,4.3,0.0,2.0,5.0,0.0,2.0,5.296036496584931,near,non_dense,0.0,0.0,123,1,1,2,1,1.0711664412191255,8.533279597759247
46,94.0,-0.2686118766666667,-0.2706977933333334,-0.2687588733333333,-429.65333333333336,-106.03333333333336,-14.910338270562791,18.244208421951488,-0.5,-15.0,-33.24420842195149,8.7,0.8000000000000002,4.0,6.900000000000001,0.0,1.8,7.0,0.0,2.0,5.172098004816621,far,non_dense,-1.0,-1.0,115,2,4,2,6,0.8515597660100309,-10.505987703800201
28,92.0,-0.5133461366666666,-0.2962834533333333,-0.23187166,-30.019999999999985,-73.19000000000001,-6.332431417512752,-6.283574535767211,-0.5,-8.666666666666666,-2.383092130899456,4.8,1.5,4.0,2.4,1.8,0.6,2.0,1.0,1.0,2.054215736126044,far,non_dense,0.0,0.0,115,2,1,1,1,0.24641510271596945,-6.838621199131012
59,71.0,-0.1704994966666666,-0.1363456333333333,-0.2077190466666666,-271.31,-30.12333333333333,-27.3456763586906,8.101447377022744,-0.5,-12.333333333333334,-20.43478071035608,1.3999999999999997,1.0,3.0,0.9,0.0,0.5,1.0,0.0,1.0,7.4411725550632974,near,non_dense,0.0,0.0,119,2,2,2,2,2.467585235529396,-8.983948826789856
23,14.0,-0.45642175,-0.0875090333333333,-0.20885507,387.5866666666666,-207.85333333333327,13.07107685017717,-19.063952902390163,0.5,11.666666666666666,30.73061956905683,3.7000000000000006,1.2,1.0,0.9,0.4000000000000001,2.4,1.0,1.0,4.0,2.0892905119867704,near,dense,99.0,99.0,112,2,4,1,6,1.4121613421059358,10.120661556720734
37,85.0,-0.4533173633333333,-0.13263923,-0.2282772166666666,170.27,75.05666666666666,7.036534658210648,-8.267958867635608,0.5,4.333333333333333,12.601292200968942,10.699999999999998,0.6,4.0,2.6,0.0,8.1,2.0,0.0,3.0,2.532694991276403,far,non_dense,0.0,0.0,120,3,3,2,3,0.07999379118801711,6.833934783935547
39,49.0,-0.279535715,-0.151359795,-0.327183495,390.78833333333336,-115.98666666666668,13.633886151593195,-24.396129073978283,0.5,7.166666666666667,31.562795740644948,3.9,1.6000000000000003,3.0,0.0,0.0,3.9,0.0,0.0,3.0,6.215309951365005,near,non_dense,0.0,0.0,114,2,5,1,6,0.7421481362350056,9.021205455064774
42,42.0,-0.3270247283333333,-0.2932284733333333,-0.247496085,-261.6683333333333,-76.81,-15.826865686954733,-3.7824727376182983,-0.5,-23.5,-19.7175272623817,3.5,0.4000000000000001,2.0,1.7,0.0,1.8,1.0,0.0,2.0,1.978275702077723,far,dense,0.0,0.0,118,2,3,2,3,1.310022544641219,-13.23527991771698
29,33.0,-0.2126679666666666,-0.1754457566666666,-0.3113814299999999,324.36333333333334,0.5766666666666728,12.918288258949676,10.799378924635889,0.5,36.0,25.200621075364115,1.9,1.3,2.0,0.0,0.6,1.3,0.0,1.0,1.0,2.133942905515555,far,dense,2.0,0.75,122,2,1,2,1,0.3700583140651154,13.707971572875977
50,43.0,-0.2924491533333333,-0.1824912333333333,-0.27466291,-524.7166666666667,52.02666666666668,-48.7411831614474,28.51560902401956,-0.5,-14.333333333333334,-42.84894235735289,2.7999999999999994,2.1,2.0,2.7999999999999994,0.0,0.0,3.0,0.0,0.0,7.317145191149255,far,dense,0.0,0.0,117,1,1,1,1,5.248527832568919,-10.336942970752716
46,26.0,-0.3465157133333333,-0.201966315,-0.259815085,111.97333333333336,-152.305,21.08510180537059,-0.8874343227554249,0.5,3.1666666666666665,4.054100989422093,2.3,0.6999999999999998,2.0,0.0,0.0,2.3,0.0,0.0,4.0,3.5618430759369564,far,dense,-1.0,-1.0,115,2,4,2,6,5.180116221032301,2.634340710937977
14,76.0,-0.3385505966666666,-0.3493804033333333,-0.2003838366666666,-310.98,191.37333333333336,-9.798828324966095,4.68364608260316,-0.5,-18.666666666666668,-23.35031274926983,9.8,1.0,4.0,7.900000000000001,0.0,1.9,6.0,0.0,1.0,3.139105920044988,far,non_dense,0.0,0.0,118,2,4,1,6,0.6195738505363575,-11.743736267089844
63,42.0,-0.3792960377777777,-0.3662563866666666,-0.3943383266666667,-382.6922222222222,-167.51333333333332,-15.870473576914868,-0.6672998659863048,-0.5,-29.33333333333333,-28.66603346734703,1.5,0.6,2.0,0.4,0.0,1.1,1.0,0.0,2.0,2.051313447319421,far,dense,99.0,99.0,119,2,1,1,1,0.004355275031967797,-15.861539542675018
40,25.0,-0.2620057066666666,-0.0265863866666666,-0.4025890433333334,425.1233333333333,42.02666666666667,19.41146133921588,12.313787222298313,0.5,44.333333333333336,32.01954611103502,1.9,2.1,2.0,0.4000000000000001,0.6,0.9,1.0,1.0,1.0,3.4626386566125844,far,dense,1.5,0.5,120,2,2,2,2,1.291891288640626,14.938108623027802
59,32.0,-0.3977704533333333,-0.0959385966666666,-0.2369591166666666,229.77666666666664,-71.89999999999999,16.73686831060417,-1.3065342069585242,0.5,16.0,17.306534206958524,7.400000000000001,0.5,2.0,7.0,0.0,0.4000000000000001,5.0,0.0,1.0,2.923918224002333,far,dense,0.0,0.0,119,2,2,2,2,2.1884991429074976,10.337875783443451
46,8.0,-0.3432797199999999,-0.0240552233333333,-0.26727001,442.9266666666667,-168.71333333333334,28.210302107473357,5.728774153642704,0.5,40.0,34.2712258463573,4.5,0.6999999999999998,1.0,4.5,0.0,0.0,7.0,0.0,0.0,4.726641684111946,near,dense,-1.0,-1.0,115,2,4,2,6,2.5351335381808164,16.227634251117706
42,34.0,-0.3506568,-0.0764061366666666,-0.2349248866666666,277.2766666666667,-307.8,15.132632152532468,2.1063360072012656,0.5,23.0,20.893663992798736,3.6,1.6000000000000003,2.0,0.5,1.2,1.9,1.0,2.0,2.0,2.6027760774324524,far,dense,0.0,0.0,118,2,3,2,3,1.2478643695861935,11.884720623493195
24,95.0,-0.15063635,-0.0448108666666666,-0.3347547633333333,114.25333333333327,-57.580000000000005,15.576273325974782,20.58456206955217,0.5,29.0,8.415437930447824,7.099999999999999,4.8,4.0,3.9,1.9,1.3,1.0,3.0,2.0,5.54864877246425,far,non_dense,0.0,0.0,117,3,4,2,6,0.15909401898204967,14.693516492843628
25,76.0,-0.4009968033333333,-0.2878636933333333,-0.2336575566666666,-102.93000000000002,-207.98333333333332,-6.444689301723355,-4.368027355779666,-0.5,-12.666666666666666,-8.298639310887,5.8,1.2,4.0,2.7999999999999994,0.0,3.0,2.0,0.0,5.0,1.9754332994551076,far,non_dense,0.0,0.0,117,2,5,1,6,1.6187256080142336,-9.642373770475388
32,58.0,-0.2905243233333333,-0.1776272566666666,-0.22896555,332.57,-286.50333333333333,12.167394110145976,-6.200511163138702,0.5,21.0,27.200511163138703,5.2,1.8,3.0,0.5,0.6999999999999998,4.0,1.0,1.0,4.0,6.613027115703694,near,non_dense,-0.5,-0.5,114,2,5,1,6,0.005611170176274314,12.130287289619446
10,45.0,-0.1979913033333333,-0.3547019466666667,-0.3383831166666666,-163.8766666666667,-156.26,-14.230000953396614,-27.083167033407147,-0.5,-39.0,-11.916832966592857,4.2,2.5,2.0,0.0,1.2,3.0,0.0,2.0,5.0,1.8071134340758672,far,dense,0.0,0.0,118,1,2,1,2,0.24261972006773314,-14.66844230890274
63,75.0,-0.2589087066666666,-0.4030502433333333,-0.2468296733333333,-201.4633333333333,48.48666666666666,-19.20282921324385,-26.909140242669736,-0.5,-42.0,-15.090859757330264,2.7000000000000006,1.2,4.0,1.9,0.8000000000000002,0.0,3.0,1.0,0.0,6.142647290070865,far,non_dense,99.0,99.0,119,2,1,1,1,0.5126270838372785,-16.05394184589386
63,23.0,-0.3439642999999999,-0.3340173966666667,-0.24908154,-359.43666666666667,-53.13999999999999,-12.800633802292658,11.924047361681689,-0.5,-15.0,-26.924047361681687,3.0,1.2,1.0,1.7,0.6999999999999998,0.6,1.0,1.0,1.0,1.927054379148392,near,dense,99.0,99.0,119,2,1,1,1,1.3383551686749355,-10.221550613641739
56,61.0,-0.20591435,-0.1761586866666666,-0.3284859566666667,244.2633333333333,-76.74,10.29084006294748,0.0045135049144888,0.5,19.33333333333333,19.328819828418844,11.800000000000002,1.3,3.0,1.3999999999999997,4.4,6.0,1.0,1.0,2.0,4.659867819274788,near,non_dense,0.0,0.0,122,2,3,2,3,0.19314999330515667,11.19089350104332
72,18.0,-0.302540995,-0.37724775,-0.24595339,-427.8083333333333,-126.19333333333331,-21.186339113118752,4.201889360698174,-0.5,-28.5,-32.701889360698175,0.9,1.3,1.0,0.0,0.9,0.0,0.0,1.0,0.0,3.259570947897265,near,dense,0.0,0.0,116,1,4,1,6,1.6248410582379857,-15.890054404735565
14,59.0,-0.3050200566666666,-0.20758245,-0.20708314,96.65333333333332,40.00333333333335,7.932154906080304,3.075999866252624,0.5,10.333333333333334,7.257333467080709,4.2,1.1,3.0,1.8,0.0,2.4,2.0,0.0,4.0,2.801127509804301,near,non_dense,0.0,0.0,118,2,4,1,6,0.1165626570607743,7.605648040771484
42,67.0,-0.3422531866666666,-0.3166979933333333,-0.2368966533333333,-254.0666666666667,-300.02,-14.726205756514462,1.144717905474912,-0.5,-18.0,-19.14471790547491,2.6,1.0,3.0,1.6000000000000003,1.0,0.0,1.0,1.0,0.0,4.732309634721905,near,non_dense,0.0,0.0,118,2,3,2,3,0.6859961008359888,-11.479859799146652
39,33.0,-0.2800636866666666,-0.1393683955555555,-0.3540775166666667,238.9433333333333,-10.867777777777778,17.070826728814634,11.246528919299632,0.5,30.55555555555556,19.30902663625592,0.5,0.8,2.0,0.0,0.0,0.5,0.0,0.0,1.0,2.956481195050949,far,dense,0.0,0.0,114,2,5,1,6,1.0696162832776503,13.908526301383972
39,53.0,-0.1396189533333333,-0.47289268,-0.4024516333333333,-814.3299999999999,-41.69,-31.423977444021457,13.76225194517406,-0.5,-45.0,-58.76225194517406,0.4000000000000001,2.3,3.0,0.4000000000000001,0.0,0.0,1.0,0.0,0.0,7.232356184213067,near,non_dense,0.0,0.0,114,2,5,1,6,1.1539503849947719,-23.078197240829468
59,31.0,-0.4329304966666666,-0.0935851533333333,-0.2352997933333333,249.63,-107.85333333333334,20.42825976284962,-6.468532829823896,0.5,12.333333333333334,18.80186616315723,7.099999999999999,0.6,2.0,6.400000000000001,0.0,0.6999999999999998,7.0,0.0,1.0,5.535839641715685,far,dense,0.0,0.0,119,2,2,2,2,2.036718959193432,9.15331020951271
63,17.0,-0.28355809,-0.12814672,-0.2231856033333333,317.54,-111.28666666666668,11.521323866599465,8.214274190459877,0.5,32.0,23.78572580954012,4.1,1.1,1.0,2.7000000000000006,0.0,1.3999999999999997,3.0,0.0,2.0,1.401110015486636,near,dense,99.0,99.0,119,2,1,1,1,1.1126043918455815,13.080205023288727
71,76.0,-0.4241114266666666,-0.3030904666666666,-0.20631607,-112.98166666666668,-38.44499999999999,-8.227742284757905,-4.523953044606794,-0.5,-12.666666666666666,-8.142713622059873,10.2,2.4,4.0,1.6000000000000003,0.5,8.1,1.0,1.0,4.0,2.570480048837467,far,non_dense,0.0,0.0,116,2,2,2,2,0.5584556365269474,-9.663241356611252
63,5.0,-0.2646717366666666,-0.0999094366666666,-0.2385294833333333,378.5566666666667,-95.98666666666668,14.585714009725676,-5.022921238395614,0.5,23.33333333333333,28.356254571728943,1.7,1.3,1.0,0.0,0.0,1.7,0.0,0.0,3.0,2.252439486485248,near,dense,99.0,99.0,119,2,1,1,1,0.7817349108538073,12.824903428554535
23,42.0,-0.3624643199999999,-0.3398712966666666,-0.2499448266666666,-214.33333333333331,-136.99333333333334,-16.461986599192212,-8.339466685956797,-0.5,-25.33333333333333,-16.99386664737654,0.5,3.6,2.0,0.5,0.0,0.0,1.0,0.0,0.0,2.173018973010184,far,dense,99.0,99.0,112,2,4,1,6,1.559146517746588,-13.073931634426117
62,92.0,-0.36323117,-0.22579943,-0.24037283,-296.87666666666667,-191.03,-6.3572619688330905,15.859673397981048,-0.5,-6.0,-21.859673397981044,6.400000000000001,0.5,4.0,2.1,0.6,3.7000000000000006,2.0,1.0,2.0,2.0882278571462485,far,non_dense,-3.0,-3.0,118,2,3,1,3,0.016036829899537367,-6.323773413896561
72,15.0,-0.3321915166666667,-0.0951350366666666,-0.2086612966666666,409.9533333333334,-205.5666666666667,15.399323148995592,9.662956036271494,0.5,41.0,31.337043963728508,1.6000000000000003,3.2000000000000006,1.0,0.4000000000000001,1.2,0.0,1.0,2.0,0.0,2.558942840140076,near,dense,0.0,0.0,116,1,4,1,6,0.33669039449756916,14.5377516746521
29,36.0,-0.20934953,-0.1418817033333333,-0.3142284433333333,476.29,-85.08333333333333,15.6318834813568,-7.337527638028189,0.5,29.666666666666668,37.004194304694856,5.5,1.0,2.0,1.3,0.6,3.6,1.0,1.0,4.0,3.6653111958737488,far,dense,2.0,0.75,122,2,1,2,1,0.11290160381984535,16.04570299386978
15,19.0,-0.1885488933333333,-0.15073319,-0.2154704566666666,188.11333333333337,-37.19,15.116906868688554,5.504315184170629,0.5,20.0,14.495684815829373,3.4,0.6999999999999998,1.0,0.5,0.0,2.9,1.0,0.0,5.0,3.0525812175625,near,dense,0.0,0.0,123,1,1,2,1,1.2742286919182269,11.227220296859741
29,45.0,-0.1884103433333333,-0.31163505,-0.31357826,-251.44333333333336,46.34,-14.448365103727951,-11.131387817043908,-0.5,-30.666666666666668,-19.53527884962276,1.5,1.6000000000000003,2.0,1.5,0.0,0.0,1.0,0.0,0.0,1.9207122301540112,far,dense,2.0,0.75,122,2,1,2,1,0.026180097698102586,-14.498649537563324
45,15.0,-0.36582321,0.01296324,-0.2152732566666666,400.0466666666667,100.06333333333336,13.84509039885878,10.201920137878464,0.5,40.66666666666666,30.4647465287882,4.9,1.7,1.0,0.4000000000000001,0.0,4.5,1.0,0.0,5.0,2.173010059376244,near,dense,0.0,0.0,116,2,2,2,2,0.23248248870338692,14.350277185440063
38,66.0,-0.42776485,-0.08723592,-0.1979598533333333,386.8633333333333,427.41,12.87260087446024,-18.36140492885816,0.5,13.666666666666666,32.02807159552483,5.1,4.4,3.0,1.6000000000000003,3.1,0.4000000000000001,1.0,2.0,1.0,4.508303553451049,near,non_dense,2.0,2.0,115,2,1,2,1,0.4449357076795397,10.866695642471313
57,24.0,-0.3595720533333333,-0.1871868566666666,-0.23350824,109.22000000000004,-26.15666666666667,4.5634344206977415,-3.5283764489191984,0.5,5.333333333333333,8.861709782252532,3.0,1.0,1.0,1.1,0.6,1.3,2.0,1.0,3.0,1.284653179224218,near,dense,0.0,0.0,115,2,3,2,3,1.231082661925792,6.144948676228523
11,90.0,-0.3268099033333333,-0.1318005533333333,-0.2891057333333333,27.433333333333355,-158.8033333333333,8.372282086964665,26.95229453395244,0.5,29.0,2.047705466047561,4.7,1.3999999999999997,4.0,4.1,0.6,0.0,4.0,1.0,0.0,3.192423526539073,far,non_dense,-1.0,-1.25,113,2,4,1,6,1.8194254685934008,14.180658757686615
45,68.0,-0.3140749933333333,-0.0761508533333333,-0.2728622966666666,181.4933333333333,-19.76,-10.738756905207154,11.845408155164176,-0.5,25.666666666666668,13.82125851150249,1.6000000000000003,0.6,3.0,0.0,0.0,1.6000000000000003,0.0,0.0,3.0,3.4743749920204685,near,non_dense,0.0,0.0,116,2,2,2,2,6.743691513069742,12.691356241703033
38,62.0,-0.3849337566666666,-0.02548717,-0.17639181,466.1566666666667,188.5600000000001,18.5741177824862,-8.9260295345703,0.5,29.666666666666668,38.59269620123697,2.1,3.2999999999999994,3.0,0.5,0.5,1.1,1.0,1.0,1.0,6.594803042012365,near,non_dense,2.0,2.0,115,2,1,2,1,0.30188246500548527,16.583262383937836
25,37.0,-0.3236452733333333,-0.0980133433333333,-0.2318312299999999,486.40333333333336,-218.13333333333333,15.113867135104975,-6.549167618250003,0.5,32.666666666666664,39.21583428491667,2.7999999999999994,1.3999999999999997,2.0,0.0,0.0,2.7999999999999994,0.0,0.0,2.0,2.8051550388600326,far,dense,0.0,0.0,117,2,5,1,6,0.6911990176579006,17.05278754234314
29,5.0,-0.2179794,-0.16051834,-0.27021585,430.36,-22.77,15.065852099139049,10.230892115514044,0.5,43.66666666666666,33.435774551152626,4.2,1.3999999999999997,1.0,0.0,0.0,4.2,0.0,0.0,5.0,2.358353538151581,near,dense,2.0,0.75,122,2,1,2,1,0.017812492650805062,15.023843944072723
40,1.0,-0.2304679616666667,-0.115532985,-0.41080073,236.88,-3.168333333333332,-10.785171239496828,-2.407063430182744,-0.5,12.0,14.407063430182744,3.4,0.6,1.0,0.0,0.0,3.4,0.0,0.0,4.0,1.4369106911309253,near,dense,1.5,0.5,120,2,2,2,2,14.01445587312937,9.352350234985352
25,7.0,-0.2788562566666666,-0.1220205966666666,-0.2377392833333333,34.15333333333334,-346.3933333333334,13.391909185313102,29.24641800643323,0.5,32.0,2.753581993566769,5.8,0.6,1.0,1.6000000000000003,1.5,2.7000000000000006,3.0,1.0,5.0,1.7475094141474414,near,dense,0.0,0.0,117,2,5,1,6,1.2792382935647972,15.627390146255493
23,39.0,-0.47209375,-0.0337647766666666,-0.21950938,137.63666666666668,-45.35,14.78031206310145,11.087188993206462,0.5,22.0,10.912811006793538,3.1,1.6000000000000003,2.0,1.2,0.6999999999999998,1.2,1.0,1.0,2.0,2.6444692996737715,far,dense,99.0,99.0,112,2,4,1,6,1.1600670469476038,11.7125503718853
57,90.0,-0.42641601,-0.17110301,-0.2337374,264.2366666666667,-178.67999999999998,6.392095490732733,-17.105859615117513,0.5,4.333333333333333,21.43919294845084,6.8,1.0,4.0,1.9,1.1,3.8,4.0,1.0,4.0,2.413427772964941,far,non_dense,0.0,0.0,115,2,3,2,3,0.44043391994424136,7.455050945281982
62,32.0,-0.38988453,-0.1008198266666666,-0.2200427066666666,28.57333333333334,-191.10666666666663,11.687175809088538,12.183892876282291,0.5,15.333333333333334,3.1494404570510426,6.099999999999999,0.6,2.0,0.5,1.7,3.9,1.0,1.0,5.0,1.9537745981279304,far,dense,-3.0,-3.0,118,2,3,1,3,1.7098518599636625,8.34651067852974
40,11.0,-0.2713244733333333,0.0294620566666666,-0.4563426766666666,728.4833333333332,-27.076666666666664,25.781161284285105,-6.535885892544414,0.5,45.0,51.53588589254442,2.7999999999999994,1.5,1.0,0.5,0.6,1.7,1.0,1.0,2.0,4.330320969980774,near,dense,1.5,0.5,120,2,2,2,2,0.7859234365687572,22.37786054611206
29,6.0,-0.2270478,-0.18371351,-0.2766529733333333,3.669999999999997,-166.18666666666664,10.52977733978139,19.714868267025903,0.5,20.0,0.2851317329740936,8.9,1.2,1.0,0.8000000000000002,1.8,6.3,2.0,1.0,5.0,1.5465529290215347,near,dense,2.0,0.75,122,2,1,2,1,0.16010318993846168,10.28216928243637
32,3.0,-0.23827422,-0.3166043066666666,-0.2821559466666667,-379.2033333333334,-158.42666666666668,-14.509618366954577,-13.985403068729168,-0.5,-45.0,-31.01459693127083,0.5,3.0,1.0,0.0,0.0,0.5,0.0,0.0,1.0,2.821518119887969,near,dense,-0.5,-0.5,114,2,5,1,6,1.5823542288496324,-18.97425949573517
33,72.0,-0.2889136066666666,-0.33591627,-0.2316927233333333,-339.9833333333333,-349.56333333333333,-13.99245445640843,0.7408921612296465,-0.5,-26.0,-26.74089216122965,6.7,1.9,3.0,0.0,1.2,5.5,0.0,1.0,3.0,4.314466496181834,near,non_dense,0.0,0.0,114,2,2,1,2,0.1266913396314975,-14.53905999660492
38,17.0,-0.4639077666666666,-0.0788594566666666,-0.2142275833333333,353.74666666666667,-31.843333333333344,12.125143705699218,-20.28637219003676,0.5,9.0,29.28637219003676,2.9,0.6,1.0,0.0,0.0,2.9,0.0,0.0,4.0,1.5041846244131676,near,dense,2.0,2.0,115,2,1,2,1,1.8936245845016575,9.276782721281052
53,83.0,-0.29308448,-0.0918979666666666,-0.2424893766666666,391.69666666666666,-131.69666666666666,42.99376789376506,15.138344464379369,0.5,45.0,29.86165553562063,11.300000000000002,4.4,4.0,10.3,1.0,0.0,2.0,2.0,0.0,11.91733254748475,far,non_dense,0.0,0.0,118,2,2,2,2,2.3299210635103345,15.227323770523071
59,82.0,-0.4036507199999999,-0.0558804266666666,-0.2498134166666666,283.1,-58.95333333333334,16.930722473456438,-6.322790973800469,0.5,15.0,21.32279097380047,5.599999999999999,0.5,4.0,4.3,0.6999999999999998,0.6,4.0,1.0,1.0,5.387771510233506,far,non_dense,0.0,0.0,119,2,2,2,2,1.274817155233799,10.06229892373085
73,29.0,-0.3303240791666667,-0.1679407641666666,-0.2655817441666666,95.62,-144.8575,15.581368354411994,18.32063199020844,0.5,25.75,7.429368009791563,2.0,0.4000000000000001,2.0,0.8000000000000002,0.0,1.2,1.0,0.0,2.0,2.6711440788177137,far,dense,0.0,0.0,114,2,1,1,1,0.7869990005633442,13.479180634021759
63,14.0,-0.28270138,-0.1092762366666666,-0.21863099,290.2933333333333,-107.75,12.32542825633432,16.255219402267112,0.5,38.0,21.744780597732888,6.8,1.6000000000000003,1.0,1.3999999999999997,1.2,4.2,1.0,1.0,5.0,1.9210949000808453,near,dense,99.0,99.0,119,2,1,1,1,1.089284766789657,14.418047666549683
25,64.0,-0.3748409633333333,-0.36959675,-0.2784884366666666,-339.99333333333334,-225.93,-14.87680125525525,5.411658811226143,-0.5,-22.0,-27.411658811226143,4.3,1.3999999999999997,3.0,2.9,0.0,1.3999999999999997,2.0,0.0,1.0,4.838042440015234,near,non_dense,0.0,0.0,117,2,5,1,6,0.37727737408834544,-13.051517307758331
50,64.0,-0.3411378316666666,-0.1278474283333333,-0.3317027383333333,0.6683333333333318,7.61166666666666,-29.23873445662483,-0.0545768379293537,-0.5,0.0,0.0545768379293537,1.5,0.5,3.0,0.0,0.0,1.5,0.0,0.0,3.0,8.07895510215741,near,non_dense,0.0,0.0,117,1,1,1,1,3.6330737190661773,0.11270500253885984
57,70.0,-0.3545982766666666,-0.1183411233333333,-0.2292105066666666,174.0966666666667,-221.39666666666668,10.801298512578514,5.874435688907178,0.5,20.0,14.125564311092822,7.5,1.1,3.0,1.8,0.0,5.7,1.0,0.0,5.0,4.058336566132398,near,non_dense,0.0,0.0,115,2,3,2,3,0.05621317072037727,11.029430478811264
23,86.0,-0.4591324733333333,-0.07536658,-0.2210915999999999,264.8,-195.0566666666667,10.79767360202913,-5.99522187352398,0.5,15.0,20.995221873523978,6.400000000000001,2.2,4.0,2.3,2.2,1.9,1.0,1.0,3.0,3.881543285442657,far,non_dense,99.0,99.0,112,2,4,1,6,0.2003484532687609,10.02001240849495
72,66.0,-0.3580137966666667,-0.14117916,-0.2122396933333333,259.7266666666667,-139.00333333333333,10.14026415820334,18.146359816842583,0.5,38.0,19.853640183157417,6.7,3.1,3.0,2.7999999999999994,1.6000000000000003,2.3,2.0,1.0,3.0,3.804138262725701,near,non_dense,0.0,0.0,116,1,4,1,6,1.2726253023244813,14.981506764888763
39,54.0,-0.2691897299999999,-0.1905857073333333,-0.3369593233333333,99.56733333333334,-81.94133333333335,11.500878024410666,15.357994407567189,0.5,23.53333333333333,8.175338925766146,9.8,4.7,3.0,2.1,2.1,5.6,1.0,1.0,5.0,6.151840128573274,near,non_dense,0.0,0.0,114,2,5,1,6,0.15541644253327094,12.456975132226944
53,70.0,-0.3051915566666667,-0.1138778833333333,-0.2399431466666667,314.1233333333334,-133.90333333333334,9.850364372994797,12.052278270513051,0.5,36.0,23.947721729486947,10.0,1.3999999999999997,3.0,10.0,0.0,0.0,8.0,0.0,0.0,3.696970761815993,near,non_dense,0.0,0.0,118,2,2,2,2,1.0871421674473853,13.869497179985046
29,72.0,-0.20581109,-0.3033561899999999,-0.3535515666666666,-706.1666666666666,-907.1666666666666,-12.610416657239204,12.877489680550228,-0.5,-22.0,-34.877489680550234,3.6,0.6,3.0,1.2,1.6000000000000003,0.8000000000000002,1.0,1.0,1.0,4.119673252154688,near,non_dense,2.0,0.75,122,2,1,2,1,0.1759321559019377,-13.335199654102325
10,4.0,-0.23170709,-0.1857454133333333,-0.29287088,230.9933333333333,-130.83666666666667,13.250917886135175,12.535890318892562,0.5,29.33333333333333,16.79744301444077,1.5,0.8000000000000002,1.0,0.5,0.5,0.5,1.0,1.0,1.0,2.021083363026672,near,dense,0.0,0.0,118,1,2,1,2,0.09821350372436544,13.449415564537048
40,27.0,-0.24809284,-0.0357659033333333,-0.3779922333333333,492.2966666666666,365.6233333333334,20.51846829000506,-0.7455907874524144,0.5,36.333333333333336,37.07892412078575,3.9,2.2,2.0,1.6000000000000003,1.2,1.1,3.0,2.0,1.0,3.491218115548692,far,dense,1.5,0.5,120,2,2,2,2,1.0286686074491656,16.927161812782288
33,35.0,-0.27115193,-0.10129553,-0.21249048,574.1633333333333,-269.42333333333335,18.62700265532918,-0.1599777820446609,0.5,45.0,45.159977782044656,0.9,2.3,2.0,0.0,0.4000000000000001,0.5,0.0,1.0,1.0,3.271395867724152,far,dense,0.0,0.0,114,2,2,1,2,0.46310817781699265,20.14201283454895
40,59.0,-0.2760182499999999,-0.1032405499999999,-0.4035368933333333,241.97000000000003,-75.58333333333333,10.873594151705705,-3.224757299812159,0.5,15.0,18.22475729981216,9.3,4.4,3.0,8.3,0.0,1.0,3.0,0.0,2.0,4.1073317288278615,near,non_dense,1.5,0.5,120,2,2,2,2,0.23710632874989399,9.899719804525375
39,42.0,-0.22822161,-0.4084142833333333,-0.3788373166666667,-249.43000000000004,-98.81666666666666,-26.57715552600683,-16.84354513393141,-0.5,-37.0,-20.15645486606859,1.5,2.3,2.0,1.5,0.0,0.0,1.0,0.0,0.0,3.682164662904995,far,dense,0.0,0.0,114,2,5,1,6,2.717089108049626,-16.572386026382446
32,59.0,-0.2940859166666666,-0.1834429699999999,-0.23466796,258.59,-215.0566666666667,8.91832334363498,-8.149773526403578,0.5,13.0,21.149773526403575,5.400000000000001,3.2999999999999994,3.0,2.6,0.0,2.7999999999999994,2.0,0.0,6.0,3.3050333681330386,near,non_dense,-0.5,-0.5,114,2,5,1,6,0.1946793457338305,9.561745077371597
15,4.0,-0.1670774066666666,-0.16808783,-0.20751041,317.9733333333333,-124.85666666666664,14.05857869847141,-5.169136205448159,0.5,19.33333333333333,24.502469538781494,4.5,0.6999999999999998,1.0,1.7,1.1,1.7,2.0,1.0,2.0,2.2078813373983883,near,dense,0.0,0.0,123,1,1,2,1,1.1653728873386031,11.485573649406433
56,44.0,-0.2728065933333333,-0.3902120766666666,-0.2913250933333333,-125.43,-157.90666666666667,-20.73698414646409,-19.07458942775457,-0.5,-29.0,-9.925410572245427,2.5,1.0,2.0,2.1,0.4000000000000001,0.0,2.0,1.0,0.0,2.71620551333694,far,dense,0.0,0.0,122,2,3,2,3,2.827393037045766,-13.057203590869904
14,43.0,-0.2566639133333333,-0.2905281716666666,-0.2223081766666666,-139.97333333333336,79.67666666666666,-20.97428928083981,-0.3232648083763297,-0.5,-10.833333333333334,-10.510068524957004,2.1,1.1,2.0,0.0,0.0,2.1,0.0,0.0,3.0,2.6671112392232725,far,dense,0.0,0.0,118,2,4,1,6,4.893930447890736,-7.921632379293442
10,55.0,-0.2382022733333333,-0.3047494966666667,-0.30739846,-7.019999999999986,-114.48666666666666,-7.371979968357638,-25.48951751871032,-0.5,-26.0,-0.5104824812896792,7.5,2.0,3.0,1.2,1.2,5.1,1.0,1.0,7.0,2.85763453830501,near,non_dense,0.0,0.0,118,1,2,1,2,0.45332698962591933,-8.667422831058502
63,8.0,-0.3056360666666667,-0.1027306733333333,-0.2352069466666666,494.40333333333336,-57.10999999999999,13.199791233100484,-12.813418172062065,0.5,24.0,36.81341817206207,3.9,0.6999999999999998,1.0,0.0,1.8,2.1,0.0,1.0,2.0,1.9864256654733383,near,dense,99.0,99.0,119,2,1,1,1,0.6769634087174083,14.544528722763062
15,7.0,-0.1755387666666666,-0.1786058133333333,-0.2123925333333333,461.2633333333334,-79.14666666666666,13.870930490001976,-20.87747993165442,0.5,14.666666666666666,35.544146598321085,4.8,0.6999999999999998,1.0,0.9,0.0,3.9,2.0,0.0,3.0,1.7310860391122869,near,dense,0.0,0.0,123,1,1,2,1,1.2993329239631386,11.62167340517044
38,15.0,-0.42571365,-0.0575768933333333,-0.1987233833333333,435.98333333333335,-46.35666666666666,14.988622068676811,-20.09467274693621,0.5,16.0,36.09467274693621,4.8,0.4000000000000001,1.0,1.7,0.0,3.1,1.0,0.0,4.0,2.387155560555504,near,dense,2.0,2.0,115,2,1,2,1,1.211181650269146,12.097343057394028
33,95.0,-0.2417652466666666,-0.1812670966666666,-0.2192610033333333,373.25,-282.00666666666666,11.276709695538592,8.64256679490475,0.5,38.0,29.357433205095248,6.0,1.7,4.0,0.0,1.2,4.8,0.0,1.0,2.0,4.428803357708712,far,non_dense,0.0,0.0,114,2,2,1,2,0.6315836727281234,14.073869585990906
56,48.0,-0.1582551016666666,-0.1647802633333333,-0.3211208966666666,396.2533333333333,-155.45833333333334,-5.177598542175788,-14.758954765648504,-0.5,15.0,29.7589547656485,2.2,1.9,2.0,0.0,0.0,2.2,0.0,0.0,5.0,1.3860526161128626,far,dense,0.0,0.0,122,2,3,2,3,11.665541923759152,10.991456359624863
15,67.0,-0.14988724,-0.2732171433333333,-0.2681786533333333,-201.73,-120.06333333333332,-16.83972092496424,-29.59310134350447,-0.5,-45.0,-15.406898656495535,1.5,0.6999999999999998,3.0,0.0,0.0,1.5,0.0,0.0,2.0,5.098019831645447,near,non_dense,0.0,0.0,123,1,1,2,1,0.08197957206700825,-16.421787440776825
33,89.0,-0.2796290066666667,-0.2130132333333333,-0.2347309483333333,28.01000000000001,-234.83,9.24843298318448,0.46358105628564,0.5,2.6666666666666665,2.203085610381027,9.9,2.4,4.0,1.9,0.8000000000000002,7.2,1.0,1.0,5.0,4.399744983565905,far,non_dense,0.0,0.0,114,2,2,1,2,1.6038775692031464,2.1917806938290596
38,44.0,-0.26957211,-0.37518964,-0.2938616766666667,-317.5466666666667,301.31,-32.66167925753913,-14.71059364223303,-0.5,-41.0,-26.289406357766968,1.3999999999999997,1.0,2.0,1.3999999999999997,0.0,0.0,3.0,0.0,0.0,4.886424268128146,far,dense,2.0,2.0,115,2,1,2,1,3.049665857680187,-17.759718000888824
32,40.0,-0.2587591933333333,-0.1473191999999999,-0.2463006,469.17,-203.63333333333333,17.36491448181549,6.627134671167615,0.5,45.0,38.37286532883238,1.0,1.7,2.0,0.0,0.0,1.0,0.0,0.0,2.0,3.2021368119259326,far,dense,-0.5,-0.5,114,2,5,1,6,0.0972083990580168,17.053639888763428
29,3.0,-0.1913392466666666,-0.32612162,-0.30278357,-356.85,-51.52333333333333,-13.9917724818312,1.724593708938592,-0.5,-26.0,-27.724593708938595,4.6,1.2,1.0,1.3999999999999997,1.2,2.0,2.0,2.0,3.0,2.5954088642538315,near,dense,2.0,0.75,122,2,1,2,1,0.23920457948368798,-14.612606167793274
32,29.0,-0.2404374299999999,-0.1762015566666666,-0.2539621299999999,383.6,-208.8633333333333,13.641021715090275,0.625804846558599,0.5,32.0,31.3741951534414,1.5,1.6000000000000003,2.0,0.0,1.0,0.5,0.0,2.0,1.0,2.418190890135617,far,dense,-0.5,-0.5,114,2,5,1,6,0.7222113200025879,15.387466549873352
23,95.0,-0.4356259033333333,-0.06902401,-0.1984192233333333,23.75666666666666,-178.39333333333332,13.241821612677349,20.116402992288453,0.5,22.0,1.8835970077115485,4.9,2.0,4.0,1.7,1.7,1.5,2.0,2.0,1.0,4.880531230599202,far,non_dense,99.0,99.0,112,2,4,1,6,0.4127798449294946,11.227236688137054
25,55.0,-0.344571425,-0.2983598516666666,-0.2461554183333333,-246.8416666666667,-326.4916666666667,-10.776257430105666,4.321523677223055,-0.5,-15.166666666666666,-19.488190343889723,6.8,1.3999999999999997,3.0,3.0,0.0,3.8,2.0,0.0,2.0,4.161711448684591,near,non_dense,0.0,0.0,117,2,5,1,6,0.15404756475711745,-10.13515591621399
10,11.0,-0.1988733166666666,-0.12922189,-0.2680527366666667,446.6366666666666,-219.78333333333333,23.2821368190346,12.521339909551022,0.5,45.0,32.47866009044898,2.4,1.3,1.0,0.0,0.0,2.4,0.0,0.0,4.0,3.826197798258809,near,dense,0.0,0.0,118,1,2,1,2,2.1499085176171664,15.05616158246994
32,65.0,-0.2718899533333334,-0.2816921866666667,-0.25785774,-163.30666666666667,-185.93,-9.420551256588515,-1.643338816845663,-0.5,-15.0,-13.356661183154335,6.2,2.3,3.0,3.2000000000000006,0.0,3.0,1.0,0.0,6.0,3.882704539489019,near,non_dense,-0.5,-0.5,114,2,5,1,6,0.2156162418517798,-10.257725417613983
14,7.0,-0.2713268,-0.1694860233333333,-0.1959769966666666,266.16,94.26333333333332,11.75094449348154,4.348384972198674,0.5,24.33333333333333,19.98494836113466,7.099999999999999,1.3999999999999997,1.0,2.0,0.0,5.1,1.0,0.0,5.0,1.4038543611271244,near,dense,0.0,0.0,118,2,4,1,6,0.030457523113387463,11.708186566829681
23,7.0,-0.4551880366666667,-0.0507049933333333,-0.2174353266666666,395.63000000000005,-196.97666666666663,14.100951306407843,-9.035018743034843,0.5,22.33333333333333,31.368352076368183,5.5,2.1,1.0,1.8,1.7,2.0,2.0,2.0,3.0,1.767326428078771,near,dense,99.0,99.0,112,2,4,1,6,0.5414001155691986,13.144120573997498
32,94.0,-0.2727989866666667,-0.27282242,-0.2554850166666667,-155.47333333333333,-215.61,-7.931658269298971,-2.284017984473288,-0.5,-15.0,-12.715982015526713,6.7,4.1,4.0,1.5,4.2,1.0,2.0,4.0,2.0,2.933886301580892,far,non_dense,-0.5,-0.5,114,2,5,1,6,0.8361364748501363,-10.384787619113922
40,35.0,-0.24773741,-0.0176416233333333,-0.39991351,211.05333333333337,-149.89,19.70339642120675,29.10383197373081,0.5,45.0,15.896168026269194,3.5,2.3,2.0,0.5,1.3999999999999997,1.6000000000000003,1.0,1.0,2.0,3.5107059266456115,far,dense,1.5,0.5,120,2,2,2,2,0.4924715773172534,17.974473536014557
32,37.0,-0.32190589,-0.11138156,-0.23933046,439.4333333333333,-221.98666666666668,15.316508406216764,2.059261843255302,0.5,38.0,35.94073815674469,2.7000000000000006,2.4,2.0,0.0,1.0,1.7,0.0,1.0,3.0,2.761208707489993,far,dense,-0.5,-0.5,114,2,5,1,6,0.7262993692960978,17.32197254896164
72,60.0,-0.3394282766666667,-0.1105786866666666,-0.2134081533333333,398.7866666666666,-145.26333333333332,13.171767830080457,7.51654178813342,0.5,38.0,30.48345821186658,4.1,2.3,3.0,0.0,0.8000000000000002,3.2999999999999994,0.0,1.0,4.0,4.886674698142695,near,non_dense,0.0,0.0,116,1,4,1,6,0.2343203463528904,14.31681513786316
45,40.0,-0.38374993,-0.046834845,-0.21121873,193.15500000000003,-92.37,14.92066845392149,10.290670798986568,0.5,25.0,14.709329201013432,3.4,0.7,2.0,3.4,0.0,0.0,3.0,0.0,0.0,2.770257682672399,far,dense,0.0,0.0,116,2,2,2,2,0.853192913705542,12.557104229927063
73,89.0,-0.3314707666666667,-0.13920928,-0.24569062,150.09666666666666,-191.0666666666667,7.746996059190256,15.004635985745509,0.5,26.666666666666668,11.662030680921156,8.8,2.0,4.0,2.4,1.3,5.1,1.0,2.0,5.0,3.552214691902832,far,non_dense,0.0,0.0,114,2,1,1,1,1.4894119053202601,13.037706911563873
39,52.0,-0.2831209933333333,-0.4510730633333333,-0.4913232233333333,-381.97333333333336,-143.69,-14.21112458653568,22.20062376902713,-0.5,-8.666666666666666,-30.867290435693803,3.4,0.6999999999999998,3.0,2.1,0.8000000000000002,0.5,2.0,1.0,1.0,5.072297197467389,near,non_dense,0.0,0.0,114,2,5,1,6,1.4173175697580938,-7.022068649530411
63,76.0,-0.2977908066666667,-0.30309339,-0.2394309433333333,-84.30666666666666,-134.91333333333333,-8.204247248961828,-8.684905028501515,-0.5,-15.0,-6.315094971498485,7.8,1.5,4.0,5.900000000000001,0.0,1.9,4.0,0.0,2.0,2.591268295244456,far,non_dense,99.0,99.0,119,2,1,1,1,0.7956412713774872,-10.2659672498703
14,79.0,-0.3515854666666667,-0.268081415,-0.2002165966666667,-99.86166666666666,209.5883333333333,-13.83675172556439,-8.33509824319892,-0.5,-15.833333333333334,-7.498235090134415,4.1,0.5,4.0,3.5,0.0,0.6,3.0,0.0,1.0,4.538956727034681,far,non_dense,0.0,0.0,118,2,4,1,6,0.7049701508303275,-10.636922717094421
50,94.0,-0.38577178,-0.00416854,-0.3032593433333333,76.54,-1.6566666666666758,-14.01741883892426,24.08299242294019,-0.5,30.33333333333333,6.250340910393146,1.9,0.9,4.0,1.9,0.0,0.0,2.0,0.0,0.0,4.406096331383512,far,non_dense,0.0,0.0,117,1,1,1,1,6.623721500810959,15.167336165904999
10,6.0,-0.26208483,-0.1743303233333333,-0.29150176,77.9866666666667,-156.21666666666667,10.424123983785908,26.32894200747704,0.5,32.0,5.6710579925229645,6.599999999999999,0.8000000000000002,1.0,2.3,0.0,4.3,2.0,0.0,4.0,1.5452153268673088,near,dense,0.0,0.0,118,1,2,1,2,3.5064063458380987,15.842276811599731
56,34.0,-0.34755205,-0.02634122,-0.26869749,608.07,-93.11666666666667,18.67285795990799,-16.783898641993762,0.5,31.33333333333333,48.11723197532709,7.3,1.1,2.0,1.5,0.9,4.9,3.0,1.0,5.0,3.3253133453699117,far,dense,0.0,0.0,122,2,3,2,3,0.098127849209999,18.999163806438446
63,6.0,-0.2844155533333333,-0.1255258366666666,-0.2240252466666666,212.7166666666667,-50.46333333333333,10.33025366300628,4.066195413325324,0.5,20.0,15.933804586674675,5.8,1.2,1.0,1.1,2.9,1.8,1.0,1.0,3.0,1.5350632862788414,near,dense,99.0,99.0,119,2,1,1,1,0.5348011269421634,11.151207238435745
50,28.0,-0.3744250433333334,0.0056595966666666,-0.36864988,409.9233333333334,-52.54,-37.06650906838068,-4.474792010165409,-0.5,29.0,33.47479201016541,1.5,2.4,2.0,1.5,0.0,0.0,3.0,0.0,0.0,5.108685640977963,far,dense,0.0,0.0,117,1,1,1,1,10.135039595649703,14.71022218465805
46,19.0,-0.3404667366666666,-0.3396296299999999,-0.2652872933333333,-433.2516666666667,-127.28666666666668,27.35175149989325,16.855960969158772,0.5,-16.666666666666668,-33.52262763582544,1.7,0.6,1.0,0.0,0.5,1.2,0.0,1.0,1.0,5.801726456471296,near,dense,-1.0,-1.0,115,2,4,2,6,6.638432086776472,-11.162615567445755
57,3.0,-0.32994622,-0.34690971,-0.25268359,-328.93333333333334,-65.79333333333334,-14.490261699887943,10.688442938188354,-0.5,-16.0,-26.68844293818836,1.2,1.0,1.0,0.6999999999999998,0.0,0.5,1.0,0.0,1.0,2.8042262631637604,near,dense,0.0,0.0,115,2,3,2,3,1.3641927379581542,-10.66475659608841
23,12.0,-0.4479856766666666,-0.0462221166666666,-0.2113271333333333,450.0366666666667,-207.9633333333333,15.093239139944018,-13.34876511035179,0.5,22.33333333333333,35.68209844368513,1.2,1.2,1.0,0.6999999999999998,0.0,0.5,1.0,0.0,1.0,2.3367950635751806,near,dense,99.0,99.0,112,2,4,1,6,0.5230615323007455,13.870951533317566
73,60.0,-0.3189206333333333,-0.1030751333333333,-0.2459389266666666,202.45666666666668,-199.57,15.114798722051487,26.60309820781181,0.5,42.333333333333336,15.730235125521515,4.8,1.8,3.0,1.3,0.6999999999999998,2.7999999999999994,2.0,1.0,3.0,5.524333502758694,near,non_dense,0.0,0.0,114,2,1,1,1,0.3835774244137253,17.23380833864212
40,6.0,-0.3132384033333333,-0.07124676,-0.4604486033333333,272.3666666666667,84.17,11.182522249452209,-16.514181082608747,0.5,4.0,20.514181082608747,8.5,2.7999999999999994,1.0,4.7,0.0,3.8,3.0,0.0,3.0,1.7884270519894618,near,dense,1.5,0.5,120,2,2,2,2,2.171201197368445,7.299487292766571
40,48.0,-0.2313227199999999,0.0236317866666666,-0.4154894666666666,796.0,-156.4466666666667,-5.12180192117527,-9.078504530582842,-0.5,45.0,54.07850453058285,3.8,2.2,2.0,0.5,0.9,2.4,1.0,1.0,2.0,1.3692855857849402,far,dense,1.5,0.5,120,2,2,2,2,20.80715569463748,23.369136452674866
72,54.0,-0.3645371099999999,-0.1744877133333333,-0.2086698433333333,0.0,0.0,8.230162701490622,18.0,0.5,18.0,0.0,9.8,2.7000000000000006,3.0,5.1,0.0,4.7,3.0,0.0,5.0,4.38706765756419,near,non_dense,0.0,0.0,116,1,4,1,6,0.32525666272120246,9.657085686922073
63,68.0,-0.3039252266666666,-0.33489919,-0.24741562,-318.18666666666667,-182.98,-11.992622304010109,7.834165174733492,-0.5,-16.0,-23.83416517473349,1.5,1.1,3.0,0.0,1.5,0.0,0.0,1.0,0.0,3.907792470434087,near,non_dense,99.0,99.0,119,2,1,1,1,0.34415372721662496,-10.647740960121155
11,55.0,-0.3077647858333333,-0.348459425,-0.3194619099999999,-50.15916666666666,-149.24583333333334,-10.831632258347112,-20.505970847300468,-0.5,-24.25,-3.7440291526995337,8.5,1.1,3.0,2.3,2.6,3.6,2.0,1.0,3.0,4.0270698386484165,near,non_dense,-1.0,-1.25,113,2,4,1,6,0.08192494189024903,-10.501714795827866
37,66.0,-0.4411313933333333,-0.0902406366666666,-0.2014530566666666,168.0666666666667,55.95666666666667,11.0719443370373,-4.771561887450403,0.5,7.666666666666667,12.43822855411707,5.1,1.0,3.0,3.0,0.0,2.1,1.0,0.0,3.0,3.99584042142231,near,non_dense,0.0,0.0,120,3,3,2,3,0.7708601212675478,7.991710305213928
46,45.0,-0.3377990333333333,-0.31071645,-0.26452889,-295.61,-32.89333333333334,-27.946347143403557,8.206006926648287,-0.5,-14.666666666666666,-22.872673593314957,3.1,0.6,2.0,2.5,0.6,0.0,2.0,1.0,0.0,3.8515731180502777,far,dense,-1.0,-1.0,115,2,4,2,6,4.648046504002675,-10.044056177139282
25,39.0,-0.3550312066666667,-0.0694482133333333,-0.2458957466666666,517.8100000000001,-172.95000000000002,15.541734301847166,-4.747968731860468,0.5,37.0,41.74796873186047,2.7999999999999994,1.6000000000000003,2.0,0.8000000000000002,0.0,2.0,1.0,0.0,3.0,2.884064752727981,far,dense,0.0,0.0,117,2,5,1,6,0.9245454852598421,18.208183348178864
72,72.0,-0.31597678,-0.3354342966666666,-0.2271862666666666,-329.7,-126.85666666666668,-15.492115148589631,-16.7975621741305,-0.5,-42.0,-25.2024378258695,4.6,2.7999999999999994,3.0,2.0,0.9,1.7,2.0,1.0,2.0,4.922145957564236,near,non_dense,0.0,0.0,116,1,4,1,6,0.49974884808450787,-17.951951920986176
38,26.0,-0.4055101456666666,0.0011584319476,-0.1853900563333333,445.3033333333333,-82.62666666666667,20.716362342429875,-4.866267265078598,0.5,32.0,36.8662672650786,1.5,3.2000000000000006,2.0,1.5,0.0,0.0,2.0,0.0,0.0,3.526596739377361,far,dense,2.0,2.0,115,2,1,2,1,1.3282312396088751,16.032226383686066
62,56.0,-0.3604657066666667,-0.1042064566666666,-0.24194794,201.87,-67.68,12.501735977945089,5.233011199514903,0.5,21.0,15.766988800485096,7.099999999999999,0.6999999999999998,3.0,2.2,0.6999999999999998,4.2,2.0,1.0,6.0,4.530555584829734,near,non_dense,-3.0,-3.0,118,2,3,1,3,0.2317982760300114,11.451561003923416
57,16.0,-0.3298329233333333,-0.0769899,-0.2418551266666666,521.9066666666666,-139.01000000000002,17.51658924274139,-13.67892400741144,0.5,28.666666666666668,42.3455906740781,2.6,1.0,1.0,0.0,1.0,1.6000000000000003,0.0,1.0,3.0,2.9325102028326806,near,dense,0.0,0.0,115,2,3,2,3,0.15925566453234538,17.049570381641388
39,66.0,-0.25456509,-0.1411878771428571,-0.3288900057142857,145.68,-62.617142857142845,10.961156641306433,13.727589524560509,0.5,25.5,11.772410475439491,4.5,0.6,3.0,0.4,0.8,3.3,1.0,1.0,6.0,4.017228068267804,near,non_dense,0.0,0.0,114,2,5,1,6,0.4046224911452564,12.586617469787598
62,26.0,-0.3623984866666667,-0.1101364599999999,-0.2240336133333333,428.52333333333337,-96.54666666666668,13.557793835562274,-14.136338224665428,0.5,19.33333333333333,33.46967155799876,3.7000000000000006,0.5,2.0,0.0,0.0,3.7000000000000006,0.0,0.0,4.0,2.2754898050310417,far,dense,-3.0,-3.0,118,2,3,1,3,0.3477165536404677,12.76656836271286
28,8.0,-0.4592433366666666,-0.05580423,-0.21585664,441.8966666666667,-36.96000000000001,14.06574932427719,-17.07929610273264,0.5,18.0,35.07929610273264,1.2,2.0,1.0,0.0,0.0,1.2,0.0,0.0,1.0,2.146806798770012,near,dense,0.0,0.0,115,2,1,1,1,0.7184863396344463,12.52329796552658
73,2.0,-0.3435597733333333,-0.13463341,-0.2294065533333333,0.0,0.0,12.263283520374976,18.0,0.5,18.0,0.0,3.8,1.3,1.0,1.7,0.0,2.1,2.0,0.0,3.0,1.7468638275236306,near,dense,0.0,0.0,114,2,1,1,1,1.4919295896964515,9.657085686922073
40,33.0,-0.2860859933333333,-0.1043050366666666,-0.4173419,286.35,5.276666666666671,12.781242873178067,-6.567381298513088,0.5,15.0,21.567381298513087,8.3,2.7000000000000006,2.0,2.1,1.3,4.9,1.0,1.0,5.0,2.2738657159425384,far,dense,1.5,0.5,120,2,2,2,2,1.181198366097622,10.095356404781342
15,46.0,-0.16666791,-0.26401457,-0.2319865133333333,-241.3166666666667,-83.17666666666666,-11.63796763294586,-25.40455926849121,-0.5,-44.0,-18.595440731508795,2.2,0.6,2.0,1.8,0.0,0.4000000000000001,2.0,0.0,1.0,2.384613593159985,far,dense,0.0,0.0,123,1,1,2,1,2.403147001111036,-17.36854463815689
29,95.0,-0.23237757,-0.14563451,-0.24846391,349.1266666666667,-113.78999999999998,12.89325067284517,4.8754519089551165,0.5,32.0,27.12454809104489,3.9,1.1,4.0,0.4000000000000001,1.1,2.4,1.0,1.0,3.0,4.632996469057185,far,non_dense,2.0,0.75,122,2,1,2,1,0.20684163581086884,13.851547241210938
23,50.0,-0.3351403866666667,-0.0841208766666666,-0.2223092666666666,243.48333333333332,-110.77333333333333,16.457004531234944,18.69491463051914,0.5,38.0,19.30508536948086,2.1,1.1,3.0,0.9,0.4000000000000001,0.8000000000000002,1.0,1.0,2.0,5.816109059619549,near,non_dense,99.0,99.0,112,2,4,1,6,0.2249215314813368,15.148836374282837
29,11.0,-0.22197115,-0.0851299166666666,-0.3499590466666666,624.54,-60.88,24.459974162664,-18.1395134881633,0.5,28.33333333333333,46.47284682149663,1.6000000000000003,0.5,1.0,0.0,0.0,1.6000000000000003,0.0,0.0,2.0,4.063933379105004,near,dense,2.0,0.75,122,2,1,2,1,1.6452239895241436,17.77389347553253
33,79.0,-0.3336498766666667,-0.3160125833333333,-0.2270799733333333,-239.92666666666665,-295.65333333333336,-9.271461342409436,3.8710812881120433,-0.5,-15.0,-18.871081288112045,1.2,1.9,4.0,0.0,0.0,1.2,0.0,0.0,1.0,2.98402671916372,far,non_dense,0.0,0.0,114,2,2,1,2,0.2585184085919922,-10.042887181043625
71,59.0,-0.4121676766666666,-0.05582982,-0.19724687,177.5,32.336666666666645,14.966513353283498,9.874045433879983,0.5,22.666666666666668,12.792621232786685,10.3,1.1,3.0,9.6,0.0,0.6999999999999998,6.0,0.0,1.0,5.379618513255974,near,non_dense,0.0,0.0,116,2,2,2,2,0.5612552220114984,11.947174370288849
42,77.0,-0.4011677233333333,-0.2536720133333333,-0.2317397366666666,-113.31333333333336,-246.03333333333333,-6.197973191753494,-0.128152622075822,-0.5,-8.666666666666666,-8.538514044590846,3.5,1.3,4.0,0.0,0.0,3.5,0.0,0.0,5.0,2.1521285878103185,far,non_dense,0.0,0.0,118,2,3,2,3,0.22877600309542423,-6.6903285682201385
57,21.0,-0.28578947,-0.3405359866666666,-0.27838517,-411.9,-41.373333333333335,-17.774771733619627,8.753386980191209,-0.5,-24.666666666666668,-33.42005364685787,1.1,0.9,1.0,0.5,0.0,0.6,1.0,0.0,1.0,2.8071532864847613,near,dense,0.0,0.0,115,2,3,2,3,1.2517759055890283,-14.260844886302948
28,33.0,-0.4550183,-0.05163601,-0.2127261866666666,386.9166666666667,-108.30666666666669,13.052414138235935,-8.048125593399343,0.5,22.666666666666668,30.71479226006601,3.0,2.1,2.0,0.0,0.5,2.5,0.0,1.0,4.0,2.2431135694785134,far,dense,0.0,0.0,115,2,1,1,1,0.012869053659952813,13.081280887126923
32,72.0,-0.2814283366666666,-0.31913816,-0.24992449,-374.5133333333333,-203.35666666666663,-14.34809780780585,-3.3689926810066466,-0.5,-34.0,-30.631007318993355,2.7000000000000006,2.1,3.0,0.5,0.4000000000000001,1.8,1.0,1.0,4.0,4.703611692728071,near,non_dense,-0.5,-0.5,114,2,5,1,6,0.48551083591859545,-16.631752252578735
38,90.0,-0.4448008933333333,-0.09718761,-0.1980240533333333,321.51000000000005,-37.94666666666666,9.282254918529755,-16.95086053590406,0.5,9.666666666666666,26.617527202570727,4.2,1.5,4.0,3.8,0.4000000000000001,0.0,6.0,1.0,0.0,3.403233896452321,far,non_dense,2.0,2.0,115,2,1,2,1,0.02529315975032902,9.196176379919052
62,60.0,-0.35593,-0.1105271333333333,-0.2196893333333333,234.5,-71.73333333333333,12.164280720958535,2.0177893014625483,0.5,20.33333333333333,18.315544031870783,6.599999999999999,0.6,3.0,1.2,0.4000000000000001,5.0,2.0,1.0,8.0,4.413044343263313,near,non_dense,-3.0,-3.0,118,2,3,1,3,0.20983940168122953,11.238250136375427
57,60.0,-0.3309732066666667,-0.0792788566666666,-0.2490955833333333,320.63,124.44,14.322238162641954,-6.681407625132409,0.5,19.33333333333333,26.01474095846574,6.3,1.0,3.0,0.0,1.6000000000000003,4.7,0.0,1.0,6.0,4.963192008391245,near,non_dense,0.0,0.0,115,2,3,2,3,0.5232397009639411,11.725299060344696
23,5.0,-0.4381440299999999,-0.01854627,-0.21467702,154.23000000000002,-66.64666666666666,17.707093527710043,13.771551852138955,0.5,26.0,12.228448147861045,0.6,1.8,1.0,0.0,0.0,0.6,0.0,0.0,1.0,2.7822958707931686,near,dense,99.0,99.0,112,2,4,1,6,1.799623729589354,12.700007855892181
32,74.0,-0.25050878,-0.18803537,-0.2421907866666666,246.2266666666667,-208.44,8.04756828068269,-0.8052576259507244,0.5,19.33333333333333,20.13859095928406,2.9,2.3,4.0,0.0,0.6,2.3,0.0,1.0,5.0,2.6026238248417117,far,non_dense,-0.5,-0.5,114,2,5,1,6,1.1550483314521238,11.053724586963654
40,85.0,-0.3074821233333333,-0.0857315966666666,-0.4647898266666666,151.95666666666668,87.58333333333336,7.583345205104038,-7.445110427277995,0.5,4.0,11.445110427277994,10.9,1.9,4.0,1.5,1.8,7.599999999999999,1.0,1.0,5.0,2.636182795041483,far,non_dense,1.5,0.5,120,2,2,2,2,0.2623399392651173,6.891769170761108
11,18.0,-0.2166952966666666,-0.43416049,-0.36967236,-330.07666666666665,-188.2266666666667,-21.574787210148447,-13.695430737412622,-0.5,-38.333333333333336,-24.63790259592072,2.7999999999999994,0.6,1.0,1.3,0.0,1.5,2.0,0.0,3.0,3.4318290655369856,near,dense,-1.0,-1.25,113,2,4,1,6,1.3408845602866908,-16.9731006026268
39,74.0,-0.2375107399999999,-0.1889559033333333,-0.36104044,149.3066666666667,-14.883333333333326,8.54658772241313,11.601185017026229,0.5,23.666666666666668,12.06548164964044,9.0,2.9,4.0,2.6,2.2,4.2,1.0,3.0,6.0,2.848948190154672,far,non_dense,0.0,0.0,114,2,5,1,6,1.2770148533551169,12.184736877679825
11,17.0,-0.3624077433333333,-0.0856431933333333,-0.2891555433333333,189.21000000000004,-233.3,15.213173448531665,7.437726181572152,0.5,21.666666666666668,14.228940485094512,3.9,0.6999999999999998,1.0,2.0,0.4000000000000001,1.5,3.0,1.0,3.0,2.0374810813135547,near,dense,-1.0,-1.25,113,2,4,1,6,1.8874266708162981,11.367577314376831
56,33.0,-0.30925242,-0.0540660866666666,-0.2848872333333334,287.40333333333336,-85.22666666666667,18.59534272898414,12.590798986165638,0.5,35.333333333333336,22.74253434716769,2.4,0.9,2.0,1.2,0.0,1.2,1.0,0.0,2.0,3.174267083482826,far,dense,0.0,0.0,122,2,3,2,3,1.4882173336038167,13.871343433856964
33,37.0,-0.333051985,-0.26429584,-0.3837151466666667,221.5016666666667,-193.84666666666664,19.02906576960287,-16.92188984322556,0.5,0.5,17.42188984322556,4.8,2.2,2.0,0.6,1.7,2.5,1.0,1.0,3.0,3.470400618366822,far,dense,0.0,0.0,114,2,2,1,2,3.7134483867056667,6.141912192106247
38,91.0,-0.3808729733333333,-0.26705898,-0.2252893133333333,-338.99666666666667,-45.01333333333332,-12.738633049678732,14.065232797053904,-0.5,-14.0,-28.065232797053906,2.5,0.5,4.0,1.7,0.0,0.8000000000000002,3.0,0.0,2.0,4.24321747879421,far,non_dense,2.0,2.0,115,2,1,2,1,0.6766211239109033,-9.867582470178604
14,74.0,-0.3973948666666667,-0.1461509166666666,-0.19437975,132.54333333333332,196.21666666666667,9.06178292795569,0.3811554242586214,0.5,10.333333333333334,9.952177909074711,8.1,1.6000000000000003,4.0,4.5,0.0,3.6,3.0,0.0,3.0,3.074886571158817,far,non_dense,0.0,0.0,118,2,4,1,6,0.30131917550105164,8.13526064157486
62,37.0,-0.3852384,-0.0799638999999999,-0.2287974366666666,336.75000000000006,-69.20666666666666,14.045790295015337,-5.635079400422829,0.5,20.666666666666668,26.301746067089496,2.0,0.6,2.0,0.0,1.3,0.6999999999999998,0.0,1.0,1.0,2.569730032730577,far,dense,-3.0,-3.0,118,2,3,1,3,0.8241232817063999,11.928015947341919
63,60.0,-0.3119639033333333,-0.10063654,-0.2029975299999999,308.52,-177.85,12.316733414631493,6.556595095339215,0.5,29.666666666666668,23.11007157132745,3.2999999999999994,1.2,3.0,1.3999999999999997,0.0,1.9,2.0,0.0,2.0,4.53879767617984,near,non_dense,99.0,99.0,119,2,1,1,1,0.044149037592822675,12.517116963863373
25,36.0,-0.274324705,-0.1059085166666666,-0.21384388,228.8033333333333,-113.44166666666666,16.364298403562277,-16.113731045001277,0.5,2.333333333333333,18.447064378334613,1.1,0.4000000000000001,2.0,0.0,0.6999999999999998,0.4000000000000001,0.0,1.0,1.0,3.856288157987567,far,dense,0.0,0.0,117,2,5,1,6,2.5057856783738175,6.701266765594482
40,76.0,-0.2072632766666666,-0.2299922333333333,-0.36970254,-290.2966666666667,-81.40666666666665,-7.426831610140295,3.864637330844611,-0.5,-18.0,-21.86463733084461,7.5,9.1,4.0,4.2,3.2999999999999994,0.0,3.0,2.0,0.0,2.365676751773291,far,non_dense,1.5,0.5,120,2,2,2,2,1.7121185956049285,-11.47715076804161
15,3.0,-0.1517676266666666,-0.28284517,-0.2287226166666666,-396.2,-155.4766666666667,-16.48895858405648,-14.46952019687638,-0.5,-45.0,-30.530479803123622,1.5,0.6999999999999998,1.0,1.5,0.0,0.0,2.0,0.0,0.0,3.293484124308588,near,dense,0.0,0.0,123,1,1,2,1,0.748831958887131,-18.955224752426147
15,9.0,-0.1794653533333333,-0.1575791033333333,-0.21982564,498.77,-182.53333333333333,17.240686356637738,-18.434344804149337,0.5,20.0,38.43434480414934,2.7999999999999994,0.6999999999999998,1.0,0.4000000000000001,0.0,2.4,1.0,0.0,4.0,2.8098680097395525,near,dense,0.0,0.0,123,1,1,2,1,1.235629850610593,13.768729567527771
50,87.0,-0.3816360933333333,0.00572703,-0.3088882166666666,91.11,-29.49333333333334,27.92134578138062,24.55985680237889,0.5,32.0,7.440143197621109,11.0,1.0,4.0,8.6,0.0,2.4,5.0,0.0,1.0,8.710057065804106,far,non_dense,0.0,0.0,117,1,1,1,1,1.3912996396352746,15.803046524524689
62,89.0,-0.3337460966666667,-0.1375904833333333,-0.2259697733333333,286.27000000000004,-84.38000000000001,7.389195150553231,-8.692355891984295,0.5,13.666666666666666,22.359022558650963,6.5,0.6999999999999998,4.0,0.0,0.9,5.599999999999999,0.0,1.0,7.0,3.520110665683597,far,non_dense,-3.0,-3.0,118,2,3,1,3,0.6905546456980572,9.82002392411232
25,63.0,-0.31041356,-0.3658976466666666,-0.2494474566666666,-371.9333333333333,-268.9533333333333,-15.421114473259694,-3.013207218213952,-0.5,-33.0,-29.98679278178605,3.5,1.0,3.0,0.4000000000000001,0.5,2.6,1.0,1.0,3.0,4.175665889673762,near,non_dense,0.0,0.0,117,2,5,1,6,0.23622380733771128,-16.40750616788864
45,47.0,-0.2270763066666666,0.05289071,-0.2519313166666667,213.32,-12.21,-11.368865476119268,28.75504592083982,-0.5,45.0,16.24495407916018,3.2000000000000006,2.0,2.0,1.3,0.0,1.9,2.0,0.0,2.0,1.5616352328929912,far,dense,0.0,0.0,116,2,2,2,2,18.71679448011566,17.859940230846405
63,64.0,-0.3159023999999999,-0.3328455966666666,-0.2564342133333333,-337.8433333333333,-137.85,-13.386047553654503,10.30657206414226,-0.5,-15.0,-25.306572064142262,2.7000000000000006,1.5,3.0,2.7000000000000006,0.0,0.0,1.0,0.0,0.0,4.2398561472556215,near,non_dense,99.0,99.0,119,2,1,1,1,0.7436003583100411,-10.233289003372192
72,63.0,-0.34518511,-0.33497261,-0.2313830533333333,-298.37333333333333,-117.08666666666666,-15.668503746328668,7.807811289750592,-0.5,-15.0,-22.80781128975059,4.5,1.0,3.0,3.2000000000000006,0.0,1.3,1.0,0.0,2.0,4.397339441356792,near,non_dense,0.0,0.0,116,1,4,1,6,1.245619860460735,-10.191090404987335
38,8.0,-0.409223705,-0.0327962816666666,-0.2087487416666666,427.0,8.251666666666665,19.497987451595154,-9.97228069440223,0.5,21.5,31.47228069440223,3.9,4.0,1.0,1.3,0.4000000000000001,2.2,2.0,1.0,3.0,3.1201271124074683,near,dense,2.0,2.0,115,2,1,2,1,2.074068247864881,13.026630878448486
42,27.0,-0.3563228466666666,-0.0687144533333333,-0.2231599133333333,284.58,-102.27333333333333,14.21961442563969,0.5560069999735641,0.5,22.0,21.44399300002644,3.2000000000000006,1.3999999999999997,2.0,1.2,0.0,2.0,2.0,0.0,3.0,2.476993762969552,far,dense,0.0,0.0,118,2,3,2,3,0.9214293122734987,11.93723976612091
15,54.0,-0.17827103,-0.2023857633333333,-0.2176022433333333,-33.669999999999995,-37.6,7.307917889369037,-3.0721152911715333,0.5,-5.666666666666667,-2.594551375495134,12.300000000000002,0.5,3.0,2.7999999999999994,0.0,9.5,2.0,0.0,6.0,3.973138977357884,near,non_dense,0.0,0.0,123,1,1,2,1,2.891660806909073,-4.1810523718595505
32,50.0,-0.3061117566666667,-0.12455766,-0.2358333966666666,411.16333333333336,-203.35333333333327,14.663397127868237,6.371432064808455,0.5,40.0,33.62856793519155,2.6,1.2,3.0,0.0,0.9,1.7,0.0,2.0,2.0,5.339002913295306,near,non_dense,-0.5,-0.5,114,2,5,1,6,0.2032682403644244,15.748646855354309
33,64.0,-0.3295744366666666,-0.33693558,-0.2348554166666666,-354.9066666666667,-316.49333333333334,-13.796287068580831,12.91466513251084,-0.5,-15.0,-27.914665132510844,5.1,2.4,3.0,2.0,0.5,2.6,2.0,1.0,4.0,4.458897030609569,near,non_dense,0.0,0.0,114,2,2,1,2,0.7987684821763736,-10.234660655260086
72,74.0,-0.3476424733333333,-0.14381659,-0.2093937466666666,274.81333333333333,-159.00333333333333,8.728934867580236,6.993127245819582,0.5,28.0,21.006872754180417,9.5,3.1,4.0,1.3999999999999997,1.8,6.3,1.0,3.0,3.0,2.733391600153256,far,non_dense,0.0,0.0,116,1,4,1,6,1.3062011154660267,12.299294024705887
46,80.0,-0.3817272466666666,-0.09283265,-0.2552337266666666,222.17,-149.24666666666667,-35.82769063862997,3.809709102443142,-0.5,21.0,17.19029089755686,3.1,0.5,4.0,2.6,0.0,0.5,3.0,0.0,1.0,15.552968911177771,far,non_dense,-1.0,-1.0,115,2,4,2,6,3.0286862461872355,11.277372390031815
40,95.0,-0.2482520133333333,-0.0674744933333333,-0.3888977066666666,431.46,-225.53,13.776794366132115,-3.496812764297039,0.5,29.0,32.49681276429704,6.2,2.3,4.0,0.0,3.4,2.7999999999999994,0.0,1.0,2.0,4.710842091568772,far,non_dense,1.5,0.5,120,2,2,2,2,0.17559185881575082,14.603979885578156
56,51.0,-0.2949005266666666,-0.3832175866666666,-0.28283408,-308.87666666666667,-146.36666666666667,-15.619224923729885,-3.5582577305807197,-0.5,-28.0,-24.44174226941928,1.8,1.3999999999999997,3.0,0.4000000000000001,0.4000000000000001,1.0,1.0,1.0,2.0,4.590096080054007,near,non_dense,0.0,0.0,122,2,3,2,3,0.22297949397365108,-14.595727622509003
53,75.0,-0.3542547833333334,-0.32453042,-0.2645649533333333,-65.17,-134.84,-18.99776959439888,-6.698321881357295,-0.5,-11.666666666666666,-4.968344785309372,4.3,1.7,4.0,3.2999999999999994,0.6,0.4000000000000001,4.0,1.0,1.0,6.000839636229229,far,non_dense,0.0,0.0,118,2,2,2,2,1.6480728288464852,-9.10794883966446
53,30.0,-0.2697893,-0.13087263,-0.2581060525,189.05,-114.88,18.95627179329435,26.83745463153695,0.5,41.25,14.41254536846305,6.3,8.5,2.0,5.0,1.3,0.0,5.0,1.0,0.0,3.2245869774626232,far,dense,0.0,0.0,118,2,2,2,2,0.4878154407854082,17.38326847553253
23,87.0,-0.4516164866666667,-0.05878924,-0.2092806133333333,339.49333333333334,-242.0666666666667,12.584215843813997,-11.917439040466649,0.5,15.0,26.917439040466647,6.7,1.3999999999999997,4.0,2.7000000000000006,2.3,1.7,1.0,1.0,2.0,4.499484555317384,far,non_dense,99.0,99.0,112,2,4,1,6,0.4152739853097592,10.715696960687637
62,95.0,-0.3525868666666666,-0.1136577033333333,-0.24102061,408.8433333333333,-115.93666666666668,12.332090383067898,-11.599238409965134,0.5,20.33333333333333,31.932571743298467,4.0,0.9,4.0,0.0,0.8000000000000002,3.2000000000000006,0.0,1.0,3.0,4.431258248479447,far,non_dense,-3.0,-3.0,118,2,3,1,3,0.11230073790070924,12.829723954200745
40,79.0,-0.21191252,-0.2800352966666666,-0.39891516,-186.54,-70.24666666666667,-11.139148403790507,-27.95013337724941,-0.5,-42.0,-14.04986662275059,7.3,3.6,4.0,2.2,2.7000000000000006,2.4,3.0,2.0,3.0,3.821586442974374,far,non_dense,1.5,0.5,120,2,2,2,2,1.1898558778716184,-15.686285495758057
15,11.0,-0.1506176733333333,-0.1218140233333333,-0.2127942733333333,81.4633333333333,-22.22666666666667,28.11123661850155,8.722577857071025,0.5,15.0,6.277422142928973,1.3999999999999997,0.4000000000000001,1.0,0.5,0.0,0.9,1.0,0.0,1.0,4.704539172596763,near,dense,0.0,0.0,123,1,1,2,1,4.0575967671506055,9.022113680839539
38,60.0,-0.3913461166666667,-0.0586929633333333,-0.1999561266666666,314.47666666666663,65.14333333333332,18.31039800455866,0.9647562141962448,0.5,27.0,26.035243785803758,6.099999999999999,3.2999999999999994,3.0,2.4,1.1,2.6,3.0,2.0,4.0,6.558929254071052,near,non_dense,2.0,2.0,115,2,1,2,1,0.7255428640484275,13.551613688468933
71,37.0,-0.3360123283333333,-0.0634150583333333,-0.1957396533333333,315.12333333333333,27.111666666666668,22.703315137576567,14.45537965288348,0.5,37.16666666666666,22.71128701378319,6.8,5.5,2.0,0.0,1.0,5.8,0.0,1.0,1.0,4.002151293417072,far,dense,0.0,0.0,116,2,2,2,2,2.1799183310507217,13.978952169418335
15,47.0,-0.1563385966666667,-0.2599739333333333,-0.2356583599999999,-346.1333333333334,-69.19333333333334,-12.22360340134764,-18.327570059259997,-0.5,-45.0,-26.67242994074001,0.9,0.8000000000000002,2.0,0.4000000000000001,0.0,0.5,1.0,0.0,1.0,1.58767965125677,far,dense,0.0,0.0,123,1,1,2,1,4.012076792584297,-18.593496084213257
63,26.0,-0.3257178833333333,-0.1076153999999999,-0.2224154633333333,329.91666666666663,-102.33333333333331,12.914478711955342,3.287184690650695,0.5,28.0,24.712815309349303,2.1,1.1,2.0,0.0,0.0,2.1,0.0,0.0,2.0,2.227576811738686,far,dense,99.0,99.0,119,2,1,1,1,0.14147824847538423,13.229632377624512
40,26.0,-0.2788262566666666,-0.0492978533333333,-0.4290939266666667,403.26,-23.72000000000001,15.242104269134677,-1.3728380738201078,0.5,29.0,30.372838073820105,6.400000000000001,3.5,2.0,0.4000000000000001,2.6,3.4,1.0,3.0,3.0,2.628187976045529,far,dense,1.5,0.5,120,2,2,2,2,0.30835091176337986,14.431700110435486
15,77.0,-0.1643773133333333,-0.29685786,-0.2331881366666666,-195.57,-99.58333333333331,-9.735145544252443,-24.263050811634983,-0.5,-39.333333333333336,-15.070282521698353,3.7000000000000006,0.8000000000000002,4.0,2.0,0.6,1.1,3.0,1.0,2.0,3.0277063501748778,far,non_dense,0.0,0.0,123,1,1,2,1,2.0066145045305666,-15.810585021972656
32,39.0,-0.2577015366666667,-0.16002347,-0.2506058166666666,438.43666666666667,-196.28666666666663,15.435402062939591,2.140778043732179,0.5,38.0,35.859221956267824,1.3999999999999997,2.0,2.0,0.0,0.6999999999999998,0.6999999999999998,0.0,1.0,1.0,2.659200719348402,far,dense,-0.5,-0.5,114,2,5,1,6,0.7084471527331612,17.31930524110794
28,64.0,-0.4516755966666666,-0.3206335566666666,-0.231785665,-191.77666666666664,-12.054999999999998,-14.276059416417333,2.890566241065786,-0.5,-12.333333333333334,-15.22389957439912,5.2,0.5,3.0,3.6,0.0,1.6000000000000003,2.0,0.0,2.0,4.545717638562436,near,non_dense,0.0,0.0,115,2,1,1,1,1.2385583913143978,-8.645922690629959
63,45.0,-0.3427090933333334,-0.3520510699999999,-0.25580617,-388.1466666666667,-111.81333333333332,-14.073021913995818,13.407938697130966,-0.5,-15.666666666666666,-29.074605363797637,1.0,2.0,2.0,1.0,0.0,0.0,1.0,0.0,0.0,1.8505673129909983,far,dense,99.0,99.0,119,2,1,1,1,1.9205691387925472,-10.518879443407059
15,91.0,-0.1508280633333333,-0.2977605966666667,-0.2283857366666667,-223.37,-188.98,-8.974745909951396,-26.78749804739091,-0.5,-44.0,-17.21250195260909,2.3,0.8000000000000002,4.0,0.8000000000000002,0.5,1.0,1.0,1.0,2.0,2.920453549283352,far,non_dense,0.0,0.0,123,1,1,2,1,2.7249200214518985,-16.93274825811386
38,39.0,-0.4224533333333333,-0.08631063,-0.19007706,155.07,-284.50666666666666,14.359750495202036,2.161892496959213,0.5,15.0,12.838107503040789,5.0,1.7,2.0,0.6999999999999998,1.1,3.2000000000000006,1.0,2.0,5.0,2.5724742299819856,far,dense,2.0,2.0,115,2,1,2,1,1.5815717614503775,10.291197896003723
38,2.0,-0.4590705433333333,-0.09001904,-0.2063093333333333,320.7133333333333,-22.823333333333323,11.32356341505016,-16.884905210497752,0.5,9.666666666666666,26.55157187716442,5.1,3.0,1.0,1.2,0.6,3.2999999999999994,2.0,1.0,4.0,1.5834617349670548,near,dense,2.0,2.0,115,2,1,2,1,1.3461487318662535,9.191988408565521
28,81.0,-0.41593153,-0.32442981,-0.2650956233333333,-209.70666666666668,38.21333333333333,-13.070052215177084,2.6472454074113543,-0.5,-14.0,-16.647245407411354,1.3,0.4000000000000001,4.0,0.0,0.0,1.3,0.0,0.0,1.0,4.287000287964185,far,non_dense,0.0,0.0,115,2,1,1,1,0.8286220148394818,-9.517749398946762
72,91.0,-0.3703047283333333,-0.2891361683333333,-0.2332896883333333,-86.08999999999999,-114.59166666666664,-8.779483079587623,-8.252569389053365,-0.5,-14.833333333333334,-6.580763944279968,1.8,1.3999999999999997,4.0,0.0,0.0,1.8,0.0,0.0,2.0,3.113326122339813,far,non_dense,0.0,0.0,116,1,4,1,6,0.48283087591703305,-10.282693058252335
25,59.0,-0.3912439533333333,-0.13510613,-0.23261527,259.75666666666666,-223.2933333333333,9.111871448159553,-2.27598256353804,0.5,18.666666666666668,20.942649230204708,6.8,2.1,3.0,4.2,0.4000000000000001,2.2,3.0,1.0,4.0,3.2585693359285344,near,non_dense,0.0,0.0,117,2,5,1,6,0.5574667504814627,10.92841550707817
71,14.0,-0.3944931633333333,-0.0532190133333333,-0.19453217,286.46000000000004,23.71333333333335,24.496660936096163,5.354511107920712,0.5,26.0,20.64548889207929,7.5,4.3,1.0,4.6,2.9,0.0,4.0,1.0,0.0,4.289246787773297,near,dense,0.0,0.0,116,2,2,2,2,2.9490115326466784,11.847622692584991
28,15.0,-0.45001023,-0.0326020233333333,-0.2118382166666666,323.4533333333334,-10.31333333333333,14.901629838438684,-3.3435185447434783,0.5,22.33333333333333,25.67685187807681,0.5,2.2,1.0,0.0,0.5,0.0,0.0,1.0,0.0,2.436246091256092,near,dense,0.0,0.0,115,2,1,1,1,1.0898664102269755,12.246447056531906
71,61.0,-0.4309941766666667,-0.0735467133333333,-0.1974851316666666,147.42666666666665,6.670000000000006,26.277414873333345,6.874797147724141,0.5,17.5,10.62520285227586,7.900000000000001,1.5,3.0,0.0,0.0,7.900000000000001,0.0,0.0,4.0,10.861217207337338,near,non_dense,0.0,0.0,116,2,2,2,2,1.4793657664041824,10.209701955318451
46,37.0,-0.3558113083333333,-0.0715947149999999,-0.2743499116666666,340.62833333333333,-146.45333333333335,20.332274579827285,-1.8559442676777385,0.5,24.5,26.35594426767774,4.6,0.6,2.0,0.0,0.0,4.6,0.0,0.0,6.0,3.627383246132679,far,dense,-1.0,-1.0,115,2,4,2,6,2.0726226965114805,12.814077734947205
28,24.0,-0.4881069533333333,-0.1739180533333333,-0.2227278833333333,171.17,-33.823333333333345,4.168979678265369,-8.588070621121256,0.5,5.0,13.588070621121256,6.099999999999999,2.5,1.0,0.8000000000000002,1.6000000000000003,3.7000000000000006,1.0,2.0,4.0,1.2025681589351345,near,dense,0.0,0.0,115,2,1,1,1,2.3960633485349434,7.05040916800499
14,37.0,-0.2601148266666667,-0.1649003266666666,-0.1964003333333333,154.75,67.43333333333334,14.704408155584671,29.3804074282928,0.5,41.0,11.619592571707202,8.0,1.0,2.0,2.2,0.0,5.8,2.0,0.0,4.0,2.670778202000303,far,dense,0.0,0.0,118,2,4,1,6,1.3420883375080388,18.288828432559967
15,75.0,-0.1433096766666666,-0.2869388866666666,-0.2573305966666666,-218.57666666666668,-121.15333333333332,-10.519388771189838,-25.156863939675038,-0.5,-42.0,-16.843136060324966,2.2,0.6999999999999998,4.0,2.2,0.0,0.0,3.0,0.0,0.0,3.2418379268570336,far,non_dense,0.0,0.0,123,1,1,2,1,1.885278528056,-16.63115620613098
30,20.0,-0.3540461066666667,-0.3321057766666667,-0.2598405566666666,-472.25,-201.45333333333332,-14.555176432749448,22.86431722312138,-0.5,-15.0,-37.86431722312138,1.8,1.3999999999999997,1.0,0.0,0.6,1.2,0.0,1.0,2.0,2.193318796703424,near,dense,0.0,0.0,120,1,4,1,6,1.7527717244201573,-10.710789263248444
33,62.0,-0.34058569,-0.0966992966666666,-0.2237210266666666,398.1566666666667,-255.71,13.07987351191701,6.35023599866924,0.5,37.66666666666666,31.316430667997427,2.2,1.8,3.0,0.0,0.4000000000000001,1.8,0.0,1.0,2.0,4.831046729546029,near,non_dense,0.0,0.0,114,2,2,1,2,0.41209238407215365,15.070711076259613
38,33.0,-0.44628203,-0.0858644266666666,-0.1986684233333333,411.5533333333333,-43.26333333333332,12.396061855013782,-21.072134755711044,0.5,13.0,34.07213475571104,4.9,1.5,2.0,0.6999999999999998,0.5,3.7000000000000006,1.0,1.0,6.0,2.203615934139085,far,dense,2.0,2.0,115,2,1,2,1,0.668059134421369,10.923916101455688
45,6.0,-0.4089523066666666,-0.0614641533333333,-0.2134223733333333,266.43,-20.70333333333333,10.06701821806273,-3.289438942952592,0.5,17.0,20.28943894295259,9.8,2.1,1.0,2.3,0.0,7.5,1.0,0.0,3.0,1.5496005396615204,near,dense,0.0,0.0,116,2,2,2,2,0.3243702940389751,10.569662600755692
14,70.0,-0.25849641,-0.18940819,-0.2169907866666666,233.85,36.68666666666667,11.663716698255168,15.441087412641496,0.5,33.0,17.558912587358506,5.7,1.0,3.0,1.3999999999999997,0.0,4.3,2.0,0.0,4.0,4.387169311368408,near,non_dense,0.0,0.0,118,2,4,1,6,0.5996584894530043,14.294520020484924
23,17.0,-0.4361909033333333,-0.05862616,-0.2031429233333333,243.29,-144.91666666666666,12.94130161823736,-0.9564231984251612,0.5,18.33333333333333,19.289756531758496,3.6,2.1,1.0,1.3999999999999997,1.1,1.1,2.0,1.0,2.0,1.6336030725106514,near,dense,99.0,99.0,112,2,4,1,6,1.2824844178774377,10.846231132745743
57,5.0,-0.3196832133333333,-0.08102677,-0.2427243533333333,515.29,-82.21,16.370211721288893,-11.808738634837084,0.5,30.0,41.80873863483709,3.8,1.1,1.0,0.0,1.3,2.5,0.0,1.0,4.0,2.526091803771872,near,dense,0.0,0.0,115,2,3,2,3,0.41677545160346147,17.423024773597717
33,74.0,-0.35316482,-0.1498470066666666,-0.2196017166666667,237.57333333333332,-249.9333333333333,7.381667561501414,-0.6859832944277606,0.5,18.0,18.68598329442776,11.0,0.9,4.0,3.4,0.0,7.599999999999999,1.0,0.0,3.0,2.526156774124187,far,non_dense,0.0,0.0,114,2,2,1,2,1.3566421970466445,10.808758437633514
23,33.0,-0.4321779233333333,-0.0335060233333333,-0.1994171733333333,424.8466666666666,-244.4766666666667,16.0108225433659,-9.018189937916986,0.5,24.666666666666668,33.68485660458365,4.5,2.4,2.0,1.6000000000000003,0.0,2.9,3.0,0.0,3.0,2.7535218527033707,far,dense,99.0,99.0,112,2,4,1,6,0.6990226848723012,14.086048305034637
23,19.0,-0.4223470866666667,-0.0252200133333333,-0.2164833933333333,293.7966666666667,-191.82666666666668,16.716804307420002,3.039050091760695,0.5,26.33333333333333,23.29428324157264,1.1,1.9,1.0,0.6999999999999998,0.0,0.4000000000000001,1.0,0.0,1.0,3.379564584034769,near,dense,99.0,99.0,112,2,4,1,6,1.1815389570644197,12.723717093467712
40,57.0,-0.2457030466666666,-0.1391420833333333,-0.3700680033333333,176.32666666666668,-4.183333333333337,9.674186430800264,14.052717118575805,0.5,27.33333333333333,13.280616214757528,9.8,5.900000000000001,3.0,4.4,3.8,1.6000000000000003,3.0,2.0,2.0,3.5141910313455944,near,non_dense,1.5,0.5,120,2,2,2,2,0.9551041925155216,13.030605018138885
10,53.0,-0.17243027,-0.34098782,-0.3049148,-449.9,-156.72,-16.244194625285225,-11.284035850110088,-0.5,-44.0,-32.71596414988991,2.7000000000000006,1.1,3.0,0.0,0.6999999999999998,2.0,0.0,1.0,3.0,4.650434682038601,near,non_dense,0.0,0.0,118,1,2,1,2,0.5321244062008126,-18.71880441904068
25,24.0,-0.2954800133333333,-0.2005653433333333,-0.2440883166666666,152.60000000000002,-137.72333333333336,5.010353355492531,1.6967613053399753,0.5,14.0,12.303238694660024,4.3,0.6999999999999998,1.0,3.0,0.0,1.3,3.0,0.0,2.0,1.2723005953127264,near,dense,0.0,0.0,117,2,5,1,6,4.000330132682123,10.099975764751434
71,5.0,-0.3735862466666667,0.0240771133333333,-0.18420826,453.55,74.36,14.717973411690837,4.978816750439056,0.5,37.66666666666666,32.68784991622761,3.1,1.3,1.0,0.0,1.5,1.6000000000000003,0.0,1.0,2.0,2.426264106370076,near,dense,0.0,0.0,116,2,2,2,2,0.4777213810911415,15.877051651477814
30,42.0,-0.3387032133333333,-0.3450729966666666,-0.2461492366666666,-395.92333333333335,-187.26,-15.86448997628859,7.744556250648933,-0.5,-24.0,-31.74455625064893,1.5,1.2,2.0,0.0,0.8000000000000002,0.6999999999999998,0.0,1.0,1.0,2.008412083821938,far,dense,0.0,0.0,120,1,4,1,6,0.9520355760607234,-13.952410221099854
57,51.0,-0.3183997466666666,-0.34063996,-0.2743897433333333,-314.51666666666665,-41.47666666666666,-16.437277617098598,7.185394204493607,-0.5,-18.33333333333333,-25.518727537826937,1.0,0.9,3.0,0.5,0.5,0.0,1.0,1.0,0.0,4.766712251594583,near,non_dense,0.0,0.0,115,2,3,2,3,1.0095990713400045,-11.624809354543686
62,13.0,-0.3656192199999999,-0.1153119166666666,-0.2267772866666666,-3.466666666666697,-180.94,11.388659844261774,20.082921053983444,0.5,21.0,0.9170789460165546,3.9,0.6,1.0,1.6000000000000003,0.0,2.3,2.0,0.0,3.0,1.81769450401355,near,dense,-3.0,-3.0,118,2,3,1,3,0.40012550333736274,10.661353915929794
28,2.0,-0.46596581,-0.0986789133333333,-0.2077115433333333,305.9066666666667,-35.60666666666666,9.913832290389434,-10.61726971318066,0.5,13.666666666666666,24.28393637984733,4.7,1.9,1.0,0.0,2.3,2.4,0.0,1.0,5.0,1.5015492695438557,near,dense,0.0,0.0,115,2,1,1,1,0.059375205457339326,10.002987086772919
57,72.0,-0.3621829333333333,-0.2204637516666666,-0.3949647716666666,-74.85166666666665,-13.588333333333326,-48.94914297705322,-1.9268105958807416,-0.5,-8.0,-6.073189404119258,0.9,0.8000000000000002,3.0,0.4000000000000001,0.0,0.5,1.0,0.0,1.0,23.496672618309294,near,non_dense,0.0,0.0,115,2,3,2,3,1.8175181714556226,-6.243513524532318
28,41.0,-0.4503820133333334,-0.05121663,-0.2050510599999999,359.32,-100.03666666666668,14.793513661442423,-6.190739433981555,0.5,22.33333333333333,28.52407276731489,2.7999999999999994,2.9,2.0,0.6,0.4000000000000001,1.8,1.0,1.0,3.0,3.685474141945437,far,dense,0.0,0.0,115,2,1,1,1,0.58959683671193,12.62056976556778
45,50.0,-0.3069571666666666,-0.34695845,-0.2747422233333333,-361.8233333333333,-90.48,13.055141458637236,2.887259054169012,0.5,-24.666666666666668,-27.55392572083568,5.7,0.8000000000000002,3.0,0.0,0.0,5.7,0.0,0.0,3.0,4.87354765034783,near,non_dense,0.0,0.0,116,2,2,2,2,5.588379844889954,-14.180094003677368
57,77.0,-0.3704933833333333,-0.27848701,-0.26801739,-9.169999999999996,-40.74,-6.828182509954299,-8.922646535708457,-0.5,-9.666666666666666,-0.7440201309582098,2.7999999999999994,1.1,4.0,1.9,0.0,0.9,2.0,0.0,2.0,2.2176391195492977,far,non_dense,0.0,0.0,115,2,3,2,3,0.1442457584474322,-6.508297473192215
30,37.0,-0.3501385333333333,-0.13169171,-0.23287446,426.16333333333336,-253.3166666666667,14.238931711844137,3.830844590373424,0.5,38.0,34.169155409626576,0.9,1.0,2.0,0.0,0.5,0.4000000000000001,0.0,1.0,1.0,2.488991528435528,far,dense,0.0,0.0,120,1,4,1,6,0.9297156966357991,16.552986204624176
29,73.0,-0.31128925,-0.1782029166666666,-0.2283717266666667,119.11666666666667,50.31333333333333,6.697214628101634,3.74552000197169,0.5,13.0,9.254479998028309,16.0,1.2,4.0,1.7,0.8000000000000002,13.5,1.0,1.0,9.0,2.205392627876904,far,non_dense,2.0,0.75,122,2,1,2,1,1.130559516366168,9.190542250871658
50,17.0,-0.3482051166666666,-0.1725745433333333,-0.31144768,-400.1466666666667,-20.606666666666666,17.942906107877885,25.00975194875163,0.5,-7.666666666666667,-32.6764186154183,5.1,1.8,1.0,3.9,1.2,0.0,5.0,1.0,0.0,2.613039680595656,near,dense,0.0,0.0,117,1,1,1,1,9.367731891282059,-6.535349041223526
53,36.0,-0.23943853,-0.0614667033333333,-0.2684716816666667,245.53166666666667,-114.63333333333333,16.79792900102952,24.781479580916795,0.5,43.5,18.71852041908321,2.5,0.9,2.0,1.5,0.0,1.0,2.0,0.0,1.0,3.926955877592895,far,dense,0.0,0.0,118,2,2,2,2,0.03199984547772885,16.672267019748688
42,63.0,-0.3540945966666666,-0.3180636533333333,-0.2401655033333333,-141.78333333333333,-214.58333333333331,-15.398648764720107,-10.316182417877522,-0.5,-21.0,-10.683817582122478,3.4,0.8000000000000002,3.0,1.7,0.0,1.7,1.0,0.0,3.0,4.282535112720282,near,non_dense,0.0,0.0,118,2,3,2,3,0.8337602831216223,-11.828041076660156
63,57.0,-0.33014033,-0.1405035,-0.2090083666666666,205.41,-93.73333333333332,8.919920348545732,4.613510302520512,0.5,20.0,15.386489697479488,14.9,1.6000000000000003,3.0,5.7,0.0,9.2,2.0,0.0,2.0,3.287915632890676,near,non_dense,99.0,99.0,119,2,1,1,1,0.701414152417155,11.22611090540886
42,96.0,-0.37841337,-0.2980317766666667,-0.22420335,-377.89333333333326,-439.17,-10.413777123429943,10.599196699604311,-0.5,-13.333333333333334,-23.93253003293765,8.3,1.1,4.0,3.4,0.0,4.9,1.0,0.0,4.0,4.807361218860947,far,non_dense,0.0,0.0,118,2,3,2,3,0.18560610935451724,-9.521501511335373
33,58.0,-0.3537383066666666,-0.11078377,-0.1988637166666666,361.33,-197.00333333333333,12.356965845050787,3.580116972546372,0.5,32.0,28.419883027453626,10.2,1.5,3.0,0.4000000000000001,2.4,7.400000000000001,1.0,1.0,1.0,6.609879955094658,near,non_dense,0.0,0.0,114,2,2,1,2,0.3259555420041906,14.511492848396301
14,33.0,-0.2618277733333333,-0.1759749833333333,-0.1989354533333333,289.04,78.57666666666667,12.183824197430887,3.963745587983308,0.5,25.666666666666668,21.70292107868336,5.2,1.0,2.0,0.0,0.0,5.2,0.0,0.0,6.0,2.1232168617737317,far,dense,0.0,0.0,118,2,4,1,6,0.019221103519186784,12.143013626337051
57,17.0,-0.36066821,-0.10948213,-0.2370031833333333,297.59666666666664,-91.80666666666669,12.090349060755337,-7.145900862165768,0.5,17.0,24.14590086216577,4.8,1.2,1.0,0.0,0.4000000000000001,4.4,0.0,1.0,5.0,1.465880373926516,near,dense,0.0,0.0,115,2,3,2,3,0.7616125284365928,10.973916202783585
57,85.0,-0.3712391566666667,-0.1524884,-0.2249570399999999,259.6666666666667,-117.40666666666664,7.646002931834526,-10.06839992789697,0.5,11.0,21.06839992789697,8.7,1.0,4.0,0.0,0.4000000000000001,8.3,0.0,1.0,7.0,2.646447653889878,far,non_dense,0.0,0.0,115,2,3,2,3,0.5107470733757993,8.997668325901031
37,29.0,-0.4413228733333333,-0.0485153966666666,-0.2301817166666666,102.18666666666668,58.00666666666668,12.720539937433864,3.437399155989431,0.5,11.0,7.562600844010569,5.400000000000001,0.4000000000000001,2.0,1.7,0.0,3.7000000000000006,1.0,0.0,5.0,2.2470094574852104,far,dense,0.0,0.0,120,3,3,2,3,2.060534339758834,8.09049978852272
29,60.0,-0.2209339566666666,-0.1659056966666666,-0.35496979,323.8,-67.41666666666663,12.636110699645322,-8.156854260765911,0.5,17.0,25.15685426076591,2.5,1.2,3.0,0.0,0.0,2.5,0.0,0.0,3.0,4.328377009348503,near,non_dense,2.0,0.75,122,2,1,2,1,0.3476416766657903,11.131386458873749
30,2.0,-0.3355332333333333,-0.1484575333333333,-0.2185143766666666,299.31333333333333,-154.76333333333332,10.89760268169912,5.668159514854694,0.5,29.666666666666668,23.99850715181197,1.0,1.3999999999999997,1.0,0.0,0.0,1.0,0.0,0.0,2.0,1.5740892938560478,near,dense,0.0,0.0,120,1,4,1,6,1.1348669751670926,12.683984637260437
11,29.0,-0.311009105,-0.0780105216666666,-0.2815413499999999,52.875,-136.56833333333333,18.4190232117629,25.219919649026394,0.5,29.166666666666668,3.9467470176402686,6.400000000000001,0.5,2.0,3.4,0.5,2.5,3.0,1.0,3.0,3.202469779268877,far,dense,-1.0,-1.25,113,2,4,1,6,1.1958522642795328,14.589342474937439
28,70.0,-0.3970421,-0.1144165016666666,-0.44224239,27.55499999999999,1.089999999999994,17.24310015826441,-2.18741184766604,0.5,0.0,2.18741184766604,4.5,0.4000000000000001,3.0,1.2,0.0,3.2999999999999994,2.0,0.0,4.0,6.200894903164404,near,non_dense,0.0,0.0,115,2,1,1,1,2.686480697063877,0.5845156963914633
62,47.0,-0.3644439066666667,-0.27699226,-0.2472834,-380.6333333333334,-171.49333333333334,-11.327581582891588,17.580927029713774,-0.5,-11.666666666666666,-29.24759369638044,1.7,0.5,2.0,1.7,0.0,0.0,2.0,0.0,0.0,1.5310610449959765,far,dense,-3.0,-3.0,118,2,3,1,3,1.5631792873961374,-8.934258669614792
24,74.0,-0.4364999333333333,0.0035519033333333,-0.23173215,96.3866666666667,-42.36333333333332,12.902563743395577,21.90054839547119,0.5,29.0,7.099451604528809,9.7,5.0,4.0,8.6,0.0,1.1,3.0,0.0,2.0,4.074753388246619,far,non_dense,0.0,0.0,117,3,4,2,6,0.4381140873067374,14.68777060508728
15,71.0,-0.1438455933333333,-0.2829817633333333,-0.2512807966666666,-310.1466666666667,-82.21666666666665,-13.146875312906166,-21.10063972066436,-0.5,-45.0,-23.89936027933564,1.9,0.6999999999999998,3.0,1.3,0.0,0.6,2.0,0.0,1.0,4.247116329590881,near,non_dense,0.0,0.0,123,1,1,2,1,1.2056840040514576,-18.26755553483963
59,19.0,-0.3754742566666667,-0.0202785999999999,-0.2279078199999999,572.3933333333333,202.6,31.289546682960165,-15.11205722876567,0.5,28.0,43.11205722876567,5.5,0.5,1.0,4.8,0.0,0.6999999999999998,5.0,0.0,1.0,6.83973530083972,near,dense,0.0,0.0,119,2,2,2,2,2.0889540087172054,17.00165420770645
28,86.0,-0.466481,-0.1224457166666666,-0.2097919833333333,235.73,-64.77,7.651187243118073,-7.713068221749801,0.5,11.0,18.7130682217498,7.599999999999999,1.2,4.0,0.0,1.1,6.5,0.0,1.0,6.0,2.9439688532342827,far,non_dense,0.0,0.0,115,2,1,1,1,0.39950195837432634,8.827308565378189
29,85.0,-0.2627355266666666,-0.18003272,-0.2539719333333333,168.06666666666663,-30.86,7.985090632181403,18.94246868614559,0.5,32.0,13.057531313854406,8.8,1.8,4.0,2.0,1.3999999999999997,5.400000000000001,2.0,1.0,6.0,2.6296028801487834,far,non_dense,2.0,0.75,122,2,1,2,1,2.5761750401497916,14.759407937526703
30,84.0,-0.3638016466666666,-0.13167895,-0.2224146833333333,112.24,-57.24666666666667,14.121774495331543,29.66742693109622,0.5,38.66666666666666,8.999239735570448,4.5,1.3,4.0,1.7,0.6,2.2,1.0,1.0,4.0,4.479951818564374,far,non_dense,0.0,0.0,120,1,4,1,6,0.8911926749620696,18.114274740219116
15,85.0,-0.2109860666666666,-0.18467917,-0.2237152633333333,145.6066666666667,-40.98333333333334,9.141622945547526,8.11313798788452,0.5,19.33333333333333,11.220195345448817,11.300000000000002,0.9,4.0,6.7,0.0,4.6,5.0,0.0,2.0,3.464638980007384,far,non_dense,0.0,0.0,123,1,1,2,1,0.539318976097916,11.010168492794037
72,3.0,-0.28808154,-0.3442438166666666,-0.25888873,-354.9766666666667,-66.79666666666667,-16.100164715531623,-6.198734087652202,-0.5,-33.333333333333336,-27.13459924568113,3.6,4.0,1.0,2.3,1.3,0.0,2.0,1.0,0.0,3.059345712095279,near,dense,0.0,0.0,116,1,4,1,6,0.11074302844396311,-15.761363506317139
33,92.0,-0.2968825133333333,-0.29787572,-0.2247940633333333,-97.93000000000002,-322.93333333333334,-5.708267164865487,-7.297458985197647,-0.5,-15.0,-7.702541014802353,10.3,3.2999999999999994,4.0,4.3,0.0,6.0,1.0,0.0,6.0,2.037732146366753,far,non_dense,0.0,0.0,114,2,2,1,2,2.373711060346651,-10.545254498720169
28,10.0,-0.4172467666666666,0.02544067,-0.2090473166666666,535.3733333333333,-54.22666666666667,21.439977463553248,-4.499799392407688,0.5,38.0,42.49979939240769,1.7,2.0,1.0,0.4000000000000001,0.0,1.3,1.0,0.0,1.0,3.46868494239367,near,dense,0.0,0.0,115,2,1,1,1,0.8347892606846942,18.544356524944305
11,94.0,-0.3351894925,-0.3552730541666666,-0.3029094991666666,-193.78083333333333,-147.35666666666663,-9.746602181873897,-9.649095054696012,-0.5,-23.5,-13.850904945303988,9.1,1.2,4.0,0.4000000000000001,0.6,8.1,1.0,1.0,5.0,3.2582860939712304,far,non_dense,-1.0,-1.25,113,2,4,1,6,0.8602721319111668,-12.549614906311035
33,42.0,-0.3137154,-0.3663910133333333,-0.3976690466666666,-157.79166666666666,-263.545,-17.472289402915322,-24.08912708777677,-0.5,-36.5,-12.410872912223232,1.8,0.4000000000000001,2.0,0.0,0.0,1.8,0.0,0.0,4.0,2.264371185155562,far,dense,0.0,0.0,114,2,2,1,2,1.2603019039875063,-14.618498086929321
23,63.0,-0.3090717966666667,-0.33756468,-0.2636195466666666,-293.67,-67.94666666666667,-17.38660235194106,-2.049093123371899,-0.5,-25.33333333333333,-23.284240209961435,2.4,1.3,3.0,1.2,1.2,0.0,2.0,1.0,0.0,4.966780172113782,near,non_dense,99.0,99.0,112,2,4,1,6,0.6471480394823614,-14.172360301017761
63,19.0,-0.25920585,-0.1062157599999999,-0.2321501233333333,431.8033333333333,-108.48,15.640575493673596,-9.011428555915655,0.5,23.33333333333333,32.344761889248986,0.9,0.9,1.0,0.0,0.0,0.9,0.0,0.0,1.0,3.1077538544051286,near,dense,99.0,99.0,119,2,1,1,1,0.6894210261115465,13.498024642467499
56,54.0,-0.2548732966666666,-0.1994609833333333,-0.31976675,228.91666666666663,-98.61333333333334,9.086616883738222,-15.114421617607556,0.5,3.0,18.11442161760756,9.2,3.2999999999999994,3.0,3.4,2.7999999999999994,3.0,2.0,3.0,2.0,4.782661384268852,near,non_dense,0.0,0.0,122,2,3,2,3,0.4690393465169902,6.843360513448715
29,61.0,-0.25380031,-0.1988215566666666,-0.29500416,263.1133333333333,-72.15666666666668,10.459949373374393,-0.4419511449381931,0.5,20.0,20.44195114493819,11.300000000000002,1.0,3.0,3.2000000000000006,0.0,8.1,1.0,0.0,6.0,4.756073006841432,near,non_dense,2.0,0.75,122,2,1,2,1,0.161775783224636,11.229366809129715
29,4.0,-0.2147630233333333,-0.1659574,-0.2608355266666666,382.2766666666666,-46.71333333333333,13.100816946606775,2.2999432037531684,0.5,32.0,29.70005679624683,5.3,1.0,1.0,1.0,0.8000000000000002,3.5,1.0,2.0,2.0,1.9262138601281908,near,dense,2.0,0.75,122,2,1,2,1,1.0464649030143371,15.116532146930695
42,17.0,-0.3202554466666666,-0.05205382,-0.24021461,294.1366666666667,-81.47333333333331,13.151662539225956,3.83588227896862,0.5,26.0,22.164117721031374,3.9,1.9,1.0,2.3,0.4000000000000001,1.2,3.0,1.0,2.0,1.6966814278462667,near,dense,0.0,0.0,118,2,3,2,3,0.4982948810118003,12.30621486902237
71,27.0,-0.3804270216666667,-0.2219513033333333,-0.3060536516666667,208.11333333333332,-35.559999999999995,14.86497943759454,-10.665624676954062,0.5,4.333333333333333,14.998958010287398,4.7,4.6,2.0,1.3999999999999997,1.3999999999999997,1.9,1.0,1.0,2.0,2.6562477810673637,far,dense,0.0,0.0,116,2,2,2,2,3.0053858531081348,6.881929934024811
28,94.0,-0.4733762366666666,-0.3168297,-0.2310411866666666,-71.26999999999998,-94.16666666666669,-7.963932559769225,-5.342339234869944,-0.5,-11.0,-5.657660765130056,3.6,1.2,4.0,1.3999999999999997,1.3,0.9,1.0,1.0,2.0,2.58231338894141,far,non_dense,0.0,0.0,115,2,1,1,1,0.346947084717738,-8.85985866189003
28,27.0,-0.4529621799999999,-0.0513648966666666,-0.2086776933333333,348.91333333333336,-3.956666666666668,14.343234713195296,-3.3646219975316214,0.5,24.33333333333333,27.697955330864957,0.9,2.4,2.0,0.5,0.4000000000000001,0.0,1.0,1.0,0.0,2.4127460769539706,far,dense,0.0,0.0,115,2,1,1,1,0.5618921131207002,12.98753172159195
25,32.0,-0.3525513899999999,-0.0782613033333333,-0.2153769933333333,470.1566666666667,-286.3433333333333,14.240328982554894,-10.905961296760855,0.5,27.0,37.90596129676086,2.6,1.2,2.0,0.5,1.2,0.9,1.0,1.0,2.0,2.4347380509529906,far,dense,0.0,0.0,117,2,5,1,6,0.5998328941232873,15.700764954090118
28,62.0,-0.4341935133333334,-0.0419541966666666,-0.2034944199999999,454.9766666666667,-53.91999999999999,13.81892133983168,-10.45096538117473,0.5,25.666666666666668,36.1176320478414,3.5,2.1,3.0,0.4000000000000001,0.8000000000000002,2.3,1.0,1.0,2.0,5.102437449585142,near,non_dense,0.0,0.0,115,2,1,1,1,0.21539790250568833,14.917975664138794
23,58.0,-0.384110485,-0.08071776,-0.231044645,154.86333333333334,34.13999999999999,13.455306532703874,3.05467002741628,0.5,15.333333333333334,12.278663305917055,10.800000000000002,1.2,3.0,1.6000000000000003,0.9,8.3,1.0,1.0,3.0,7.232764877038118,near,non_dense,99.0,99.0,112,2,4,1,6,0.44440266474284074,10.24104654788971
33,87.0,-0.3174732033333333,-0.1497392566666666,-0.2091626166666667,253.53666666666663,-209.91,9.436881657758493,9.725110721029251,0.5,29.666666666666668,19.94155594563741,6.099999999999999,2.3,4.0,0.0,0.0,6.099999999999999,0.0,0.0,7.0,3.594969643733744,far,non_dense,0.0,0.0,114,2,2,1,2,1.1131770918425041,13.438719511032104
56,28.0,-0.2390353533333333,-0.3932774566666666,-0.3014510566666666,-468.02,-217.29,-18.49633147782495,3.368258439147771,-0.5,-33.666666666666664,-37.03492510581444,2.1,2.5,2.0,0.9,0.5,0.6999999999999998,1.0,1.0,1.0,2.257199227170496,far,dense,0.0,0.0,122,2,3,2,3,0.24756251627394874,-17.93753355741501
10,82.0,-0.2952462833333333,-0.1624027133333333,-0.29504636,261.4033333333333,-136.70000000000002,8.165819565964933,-8.008806583674273,0.5,11.0,19.00880658367427,6.7,3.2999999999999994,4.0,1.5,2.5,2.7000000000000006,1.0,1.0,4.0,2.8709141049609834,far,non_dense,0.0,0.0,118,1,2,1,2,0.23913874361147458,8.852366358041763
29,34.0,-0.2108203733333333,-0.14893546,-0.3037824133333333,374.5833333333333,-44.623333333333335,15.274242499030183,15.8976580445381,0.5,45.0,29.1023419554619,0.6,1.2,2.0,0.0,0.0,0.6,0.0,0.0,1.0,2.5735465735941805,far,dense,2.0,0.75,122,2,1,2,1,0.0027558836731718566,15.267150104045868
38,51.0,-0.4117474866666666,-0.2324472166666666,-0.2558169866666667,-351.26000000000005,-21.27,-15.69349821115184,21.08050326638361,-0.5,-8.0,-29.080503266383605,3.2999999999999994,2.0,3.0,1.6000000000000003,0.9,0.8000000000000002,1.0,1.0,1.0,4.923267030708969,near,non_dense,2.0,2.0,115,2,1,2,1,1.8336969332336555,-6.6657185554504395
50,78.0,-0.3529251133333333,-0.1212487533333333,-0.3371729266666667,94.16666666666669,-38.14666666666665,15.164136833535006,-7.689753972589774,0.5,0.0,7.689753972589774,8.1,1.5,4.0,6.599999999999999,0.5,1.0,4.0,1.0,1.0,5.028589838843832,far,non_dense,0.0,0.0,117,1,1,1,1,2.2244215042421582,3.978433459997177
10,12.0,-0.2095526133333333,-0.16510503,-0.26597757,208.15666666666667,-156.3766666666667,13.878195144567693,16.863200612964544,0.5,32.0,15.136799387035458,1.1,1.5,1.0,1.1,0.0,0.0,1.0,0.0,0.0,2.142132211285365,near,dense,0.0,0.0,118,1,2,1,2,0.2574534226532076,14.429694414138794
56,43.0,-0.2460424266666666,-0.0906669933333333,-0.3095813966666667,507.1400000000001,-135.6266666666667,-25.79044790328512,2.202800624981679,-0.5,42.333333333333336,40.13053270835166,0.4000000000000001,2.2,2.0,0.4000000000000001,0.0,0.0,1.0,0.0,0.0,3.4623196429610554,far,dense,0.0,0.0,122,2,3,2,3,12.847000318436013,18.689973652362823
37,54.0,-0.4461047166666667,-0.1611243033333333,-0.18754037,85.83,-10.150000000000016,7.654741601181684,-4.018748123230736,0.5,2.333333333333333,6.352081456564069,13.6,1.0,3.0,3.8,0.0,9.8,1.0,0.0,2.0,3.874688391340386,near,non_dense,0.0,0.0,120,3,3,2,3,1.0548676104206627,3.5674583166837692
63,24.0,-0.3558356566666666,-0.1662495633333333,-0.2179769666666666,112.57333333333332,-195.89333333333332,4.215714705078479,6.234222123829137,0.5,14.666666666666666,8.43244454283753,8.6,1.6000000000000003,1.0,2.6,0.0,6.0,1.0,0.0,6.0,1.20852035954967,near,dense,99.0,99.0,119,2,1,1,1,4.221826420452064,9.317877888679504
32,68.0,-0.3092747633333333,-0.3169476,-0.2483825866666666,-287.93,-184.99666666666667,-12.25455504066158,8.549457795960334,-0.5,-15.0,-23.549457795960336,3.8,1.8,3.0,2.7000000000000006,0.0,1.1,1.0,0.0,2.0,4.1694503514594174,near,non_dense,-0.5,-0.5,114,2,5,1,6,0.49015760886142373,-10.21086722612381
37,32.0,-0.44943879,-0.0775030833333333,-0.2416965466666666,153.20666666666668,75.82666666666665,11.266298835926634,-3.671807367532633,0.5,7.666666666666667,11.3384740341993,6.8,0.5,2.0,1.3,0.4000000000000001,5.1,1.0,1.0,8.0,1.9117183062890348,far,dense,0.0,0.0,120,3,3,2,3,1.59184856721854,8.22313278913498
28,54.0,-0.3849962166666666,-0.1047019333333333,-0.4148995666666666,76.84999999999998,30.58000000000001,13.179184557851835,19.566046071742505,0.5,25.666666666666668,6.10062059492416,5.599999999999999,12.0,3.0,1.3999999999999997,4.2,0.0,2.0,5.0,0.0,7.229674901338821,near,non_dense,0.0,0.0,115,2,1,1,1,0.02671693444670202,13.372339308261871
30,1.0,-0.35143228,-0.3861501599999999,-0.2805284066666667,-494.92333333333335,-104.07333333333334,-14.684890316607609,15.682232068730498,-0.5,-24.0,-39.68223206873049,0.5,0.9,1.0,0.5,0.0,0.0,1.0,0.0,0.0,2.0237780751081687,near,dense,0.0,0.0,120,1,4,1,6,0.06551418338026564,-14.552304148674011
72,64.0,-0.3398006066666666,-0.2366866166666666,-0.1946306233333333,-281.59666666666664,-101.04666666666668,-13.986722378965863,6.5253942482219145,-0.5,-15.0,-21.525394248221914,5.7,0.9,3.0,4.5,0.0,1.2,4.0,0.0,2.0,4.510599783278722,near,non_dense,0.0,0.0,116,1,4,1,6,0.8525844184384371,-10.141055285930634
59,7.0,-0.4098523333333333,-0.05766331,-0.22371346,363.59,-83.39666666666668,18.70450265245137,-5.051878853752899,0.5,22.33333333333333,27.38521218708623,5.400000000000001,0.6999999999999998,1.0,5.400000000000001,0.0,0.0,7.0,0.0,0.0,2.55408768290126,near,dense,0.0,0.0,119,2,2,2,2,2.4458726451912187,12.457529455423355
57,65.0,-0.3844507733333333,-0.2683741633333333,-0.2697376733333333,-46.05333333333332,862.4499999999999,-8.391168272084984,-4.930068291778035,-0.5,-8.666666666666666,-3.736598374888632,2.7999999999999994,0.6999999999999998,3.0,0.0,0.4000000000000001,2.4,0.0,1.0,4.0,3.566197359032673,near,non_dense,0.0,0.0,115,2,3,2,3,0.4086478734777051,-6.9338493049144745
39,9.0,-0.3179172766666666,-0.1321265766666666,-0.3503285366666667,30.033333333333346,-36.67333333333335,22.20809263480386,-1.0936623280182554,0.5,1.3333333333333333,2.426995661351589,2.6,0.6,1.0,0.0,0.0,2.6,0.0,0.0,2.0,3.700752305932159,near,dense,0.0,0.0,114,2,5,1,6,5.626435582383378,1.3860481791198254
73,56.0,-0.3311684399999999,-0.1142643533333333,-0.2607792499999999,380.43666666666667,-271.12,13.370097373552968,2.4412884220344053,0.5,32.0,29.5587115779656,4.6,1.1,3.0,1.6000000000000003,1.1,1.9,2.0,1.0,3.0,4.918832425856093,near,non_dense,0.0,0.0,114,2,1,1,1,0.34214871991219303,15.053069591522217
28,59.0,-0.4515137966666667,-0.0927118233333333,-0.20301273,342.10666666666674,77.98666666666666,10.489864978063776,-11.15761842976606,0.5,16.0,27.157618429766057,6.599999999999999,1.9,3.0,4.9,0.8000000000000002,0.9,4.0,1.0,1.0,3.8495871113361098,near,non_dense,0.0,0.0,115,2,1,1,1,0.14637288172588087,11.053340137004852
73,86.0,-0.32145671,-0.1527868433333333,-0.23671275,141.41666666666666,91.86333333333334,9.116599460186286,9.012377542515264,0.5,20.0,10.987622457484736,11.300000000000002,1.5,4.0,2.0,1.2,8.1,2.0,1.0,7.0,3.2367178011558493,far,non_dense,0.0,0.0,114,2,1,1,1,0.6445252730175135,11.202745884656906
28,17.0,-0.4555612866666667,-0.05101148,-0.2279637199999999,359.37000000000006,41.71,12.63733477609919,-5.861375274750322,0.5,22.666666666666668,28.528041941416987,1.1,3.0,1.0,0.0,0.4000000000000001,0.6999999999999998,0.0,1.0,1.0,1.5578318004640606,near,dense,0.0,0.0,115,2,1,1,1,0.039041041094654706,12.698154151439667
32,63.0,-0.2441667433333333,-0.3361456,-0.2858796333333333,-381.3233333333333,-217.8733333333333,-17.096948921565854,-3.812010749320162,-0.5,-35.0,-31.18798925067984,0.6999999999999998,3.5,3.0,0.0,0.0,0.6999999999999998,0.0,0.0,1.0,4.891452461522895,near,non_dense,-0.5,-0.5,114,2,5,1,6,0.054427374331136966,-16.830720007419586
42,29.0,-0.3796397866666667,-0.0901272233333333,-0.2103697766666666,48.54333333333337,-366.5433333333333,13.41225004566885,14.342108018139186,0.5,18.0,3.657891981860815,9.6,1.6000000000000003,2.0,3.5,0.0,6.099999999999999,4.0,0.0,5.0,2.382470682803701,far,dense,0.0,0.0,118,2,3,2,3,1.579198614830564,9.649855643510818
32,57.0,-0.2979781433333333,-0.1763272,-0.2261125433333333,297.29999999999995,-227.79666666666665,10.191142230937665,-2.649152465549516,0.5,21.666666666666668,24.31581913221618,5.7,2.2,3.0,3.0,0.4000000000000001,2.3,4.0,1.0,3.0,3.816105696126096,near,non_dense,-0.5,-0.5,114,2,5,1,6,0.44571950557391954,11.892054975032806
38,29.0,-0.4288070833333333,-0.0586040333333333,-0.19461235,274.2333333333333,233.42,14.192172030172514,-0.703533979819125,0.5,22.0,22.703533979819127,7.400000000000001,4.5,2.0,0.0,1.8,5.599999999999999,0.0,1.0,2.0,2.3324813483250115,far,dense,2.0,2.0,115,2,1,2,1,1.0290360570490078,11.791964620351791
32,87.0,-0.2388915933333333,-0.1670551266666666,-0.2454948099999999,275.84666666666664,-269.18666666666667,10.314173741809674,16.43882389878441,0.5,39.0,22.56117610121559,4.5,2.3,4.0,0.0,1.3,3.2000000000000006,0.0,1.0,5.0,3.87411495308776,far,non_dense,-0.5,-0.5,114,2,5,1,6,1.0690424223909643,14.45576697587967
42,38.0,-0.3640533566666666,-0.04113769,-0.21936112,298.66333333333336,11.803333333333342,16.362359646113195,2.161450455532496,0.5,24.666666666666668,22.50521621113417,4.9,1.2,2.0,1.6000000000000003,0.0,3.2999999999999994,2.0,0.0,6.0,3.1732601205575084,far,dense,0.0,0.0,118,2,3,2,3,1.2302845381967813,12.458346784114838
50,73.0,-0.3911329416666667,0.0137048083333333,-0.3575864283333334,265.71,-31.063333333333333,6.796130473314277,0.6351613539687785,0.5,22.33333333333333,21.69817197936456,11.1,1.6000000000000003,4.0,0.0,0.0,11.1,0.0,0.0,10.0,2.6391035014517787,far,non_dense,0.0,0.0,117,1,1,1,1,1.987799642710912,12.04213947057724
30,66.0,-0.41779531,-0.15429669,-0.2323440766666666,271.66333333333336,-154.36333333333334,9.382342960815732,-13.448237087468993,0.5,8.333333333333334,21.781570420802325,4.1,1.2,3.0,1.3,0.0,2.7999999999999994,1.0,0.0,5.0,3.592641725944956,near,non_dense,0.0,0.0,120,1,4,1,6,0.2622670043885514,8.440111577510834
30,18.0,-0.33632021,-0.3687155066666667,-0.2580664433333333,-175.26666666666665,-158.65666666666667,-19.261729376080297,-1.6140405887296818,-0.5,-15.666666666666666,-14.052626077936983,0.5,1.6000000000000003,1.0,0.0,0.0,0.5,0.0,0.0,1.0,3.025541612362842,near,dense,0.0,0.0,120,1,4,1,6,2.8799870696038763,-10.54820865392685
25,47.0,-0.3877466333333333,-0.35876434,-0.2675024066666667,-273.85,-227.44000000000003,-11.33150727888023,2.0789116417604645,-0.5,-20.0,-22.078911641760467,1.6000000000000003,1.7,2.0,1.6000000000000003,0.0,0.0,3.0,0.0,0.0,1.5679814641665983,far,dense,0.0,0.0,117,2,5,1,6,0.6133983379675968,-12.29330450296402
71,90.0,-0.3834857583333333,-0.2396605383333333,-0.2091537383333333,-76.72333333333334,-6.815000000000008,6.624891588891875,1.5295354538037769,0.5,-4.0,-5.529535453803777,6.0,4.4,4.0,0.0,1.8,4.2,0.0,1.0,3.0,2.6118227140019976,far,non_dense,0.0,0.0,116,2,2,2,2,3.8388726967276994,-3.4015633165836334
59,42.0,-0.21137606,-0.1839342166666666,-0.2287074566666666,-475.1233333333333,-122.77000000000002,-28.01076709867056,23.452450924674405,-0.5,-12.333333333333334,-35.78578425800774,1.5,0.9,2.0,1.5,0.0,0.0,1.0,0.0,0.0,3.982608145683688,far,dense,0.0,0.0,119,2,2,2,2,4.759707079785678,-9.054718911647797
59,3.0,-0.3773669966666667,-0.0647278,-0.2114611333333333,347.62000000000006,-119.28000000000002,-21.670222689651563,-6.182368768323978,-0.5,20.0,26.18236876832398,1.0,0.6,1.0,0.4000000000000001,0.0,0.6,1.0,0.0,1.0,4.730705526593794,near,dense,0.0,0.0,119,2,2,2,2,7.080723933351743,11.826597154140472
56,37.0,-0.2885830466666667,-0.0296714766666666,-0.2681328566666667,457.9166666666667,-62.49666666666667,18.36824792005553,8.76456250864451,0.5,45.0,36.23543749135549,3.9,1.7,2.0,0.0,1.3999999999999997,2.5,0.0,1.0,3.0,3.2210132037116708,far,dense,0.0,0.0,122,2,3,2,3,0.846607559893942,15.641313791275024
63,92.0,-0.3148528033333333,-0.29405143,-0.2548493466666666,-142.24666666666667,-83.86666666666667,-7.420325125407626,-4.344837782155368,-0.5,-15.0,-10.655162217844632,13.699999999999998,2.5,4.0,6.2,0.0,7.5,2.0,0.0,3.0,2.4405196267695928,far,non_dense,99.0,99.0,119,2,1,1,1,1.3861360827955072,-10.803217440843582
38,36.0,-0.4292767133333333,-0.0593279866666666,-0.1964972066666666,255.13,48.61666666666665,15.503752798562436,-5.121985988590926,0.5,16.0,21.121985988590925,2.3,0.9,2.0,1.9,0.0,0.4000000000000001,1.0,0.0,1.0,3.5950935329218723,far,dense,2.0,2.0,115,2,1,2,1,1.4557166154178895,10.270315408706665
25,77.0,-0.3943191466666667,-0.2909950033333333,-0.2435068666666666,-112.32333333333334,-199.44,-6.434845791328757,-1.9440315794242304,-0.5,-11.0,-9.05596842057577,4.6,1.6000000000000003,4.0,2.1,0.6999999999999998,1.8,1.0,1.0,3.0,2.190862518786131,far,non_dense,0.0,0.0,117,2,5,1,6,0.8371962245451438,-8.26902762055397
39,8.0,-0.2862659577777778,-0.1495344044444444,-0.3281003522222222,149.86333333333334,-45.28999999999999,15.966922432477697,9.111756302277046,0.5,21.22222222222222,12.110465919945176,2.7,0.5,1.0,0.0,0.0,2.7,0.0,0.0,3.0,2.5530218872630326,near,dense,0.0,0.0,114,2,5,1,6,1.7243109126979337,11.564718931913376
38,83.0,-0.4195115766666666,-0.0481660933333333,-0.2043480666666667,376.32666666666665,166.52666666666667,17.415079564547238,-9.15575032519289,0.5,22.0,31.15575032519289,0.8000000000000002,1.2,4.0,0.8000000000000002,0.0,0.0,2.0,0.0,0.0,5.494763865916597,far,non_dense,2.0,2.0,115,2,1,2,1,0.7945469908173686,13.049231469631195
50,76.0,-0.3414868,-0.0657779933333333,-0.35993256,48.10999999999998,-25.44,-8.616713956735493,-3.9287157198721463,-0.5,0.0,3.9287157198721463,4.7,1.8,4.0,3.4,0.0,1.3,4.0,0.0,1.0,2.9792834423049794,far,non_dense,0.0,0.0,117,1,1,1,1,3.3415157723670443,1.338608656078577
62,55.0,-0.3674993533333333,-0.2682808833333333,-0.23314292,-181.72666666666663,-58.64333333333332,-9.197095252452574,3.527033824158228,-0.5,-10.666666666666666,-14.193700490824895,7.599999999999999,0.6999999999999998,3.0,5.3,0.0,2.3,3.0,0.0,1.0,3.533728027077684,near,non_dense,-3.0,-3.0,118,2,3,1,3,0.39631332357121285,-7.796631753444672
32,86.0,-0.3544996211111111,-0.1496699222222222,-0.3522577988888888,224.36,-200.85555555555555,14.67909730456289,-7.6834752119206975,0.5,10.666666666666666,18.350141878587365,7.300000000000001,2.1,4.0,0.8999999999999999,0.6,5.8,1.0,1.0,8.0,4.75080671208264,far,non_dense,-0.5,-0.5,114,2,5,1,6,1.2584337001118888,8.700522035360336
28,78.0,-0.4605175366666666,-0.1161227466666666,-0.2011367033333333,224.02,8.649999999999997,7.816559902604978,-2.4501543137051893,0.5,15.333333333333334,17.783487647038523,7.599999999999999,1.6000000000000003,4.0,1.3999999999999997,2.3,3.9,1.0,1.0,5.0,2.664025724221943,far,non_dense,0.0,0.0,115,2,1,1,1,0.8486554154952913,10.077399760484695
25,38.0,-0.3062503333333333,-0.04030549,-0.22751943,632.3733333333333,-222.4033333333333,18.899952106087976,-9.984535151623897,0.5,41.0,50.9845351516239,3.8,1.3999999999999997,2.0,0.0,0.0,3.8,0.0,0.0,4.0,3.677679456857907,far,dense,0.0,0.0,117,2,5,1,6,0.8702537622564616,22.10046648979187
45,69.0,-0.3565341433333333,-0.0751179966666666,-0.2297094066666666,109.92,-41.426666666666655,11.223392518056585,11.629264239727702,0.5,20.0,8.370735760272298,5.7,0.6999999999999998,3.0,1.2,0.0,4.5,1.0,0.0,5.0,4.196486306655139,near,non_dense,0.0,0.0,116,2,2,2,2,0.06721460150045587,10.94132736325264
38,52.0,-0.4042979299999999,-0.2072079666666666,-0.2664926133333333,-257.32,-13.75333333333335,-14.027445841238384,10.303294142532115,-0.5,-11.0,-21.303294142532117,4.9,3.1,3.0,1.8,1.8,1.3,1.0,1.0,1.0,5.060492937065619,near,non_dense,2.0,2.0,115,2,1,2,1,1.0860310207359067,-8.531593531370163
14,53.0,-0.2276223566666666,-0.3757952633333333,-0.2253166966666666,-583.6466666666666,7.106666666666665,-15.447243438044143,1.8238221163274275,-0.5,-42.0,-43.82382211632743,0.4000000000000001,1.3,3.0,0.0,0.4000000000000001,0.0,0.0,1.0,0.0,4.478247953533708,near,non_dense,0.0,0.0,118,2,4,1,6,1.2315951063019759,-20.962631702423096
14,26.0,-0.2581624183333333,-0.2583143916666666,-0.2106021116666666,62.23166666666666,51.61666666666665,16.859328651810813,0.3272593749598809,0.5,5.0,4.672740625040119,4.5,1.2,2.0,1.8,0.0,2.7000000000000006,1.0,0.0,4.0,2.7882011716836863,far,dense,0.0,0.0,118,2,4,1,6,4.746946127736065,3.6238878965377808
28,14.0,-0.4643391366666667,-0.0615233266666666,-0.21521244,337.5833333333333,-42.25999999999999,12.649343081054369,-4.465207145996281,0.5,22.33333333333333,26.798540479329613,4.2,2.6,1.0,0.0,1.8,2.4,0.0,1.0,3.0,1.9971564313045989,near,dense,0.0,0.0,115,2,1,1,1,0.13140902761450468,12.386898696422577
28,47.0,-0.47479405,-0.3509177716666666,-0.2406973033333333,-145.52166666666665,-68.22500000000001,-11.603053346949778,-3.614650054118126,-0.5,-15.166666666666666,-11.552016612548542,1.3999999999999997,0.4000000000000001,2.0,1.3999999999999997,0.0,0.0,1.0,0.0,0.0,1.5973982068625932,far,dense,0.0,0.0,115,2,1,1,1,0.530290133280783,-10.75596883893013
15,61.0,-0.2261257166666666,-0.1825361366666666,-0.21631137,207.22666666666663,-40.656666666666666,10.790834740824913,2.03147511020874,0.5,18.0,15.96852488979126,12.4,0.8000000000000002,3.0,1.3,1.5,9.6,1.0,1.0,5.0,4.7786296948150175,near,non_dense,0.0,0.0,123,1,1,2,1,0.02494676662661073,10.910046100616455
14,65.0,-0.2754803866666667,-0.3057926688888888,-0.2569212211111111,-390.0177777777778,48.96888888888889,-10.52157730224502,13.735272347881317,-0.5,-14.333333333333334,-28.06860568121465,6.2,0.8999999999999999,3.0,4.6,0.0,1.6,1.0,0.0,2.0,4.301126761491575,near,non_dense,0.0,0.0,118,2,4,1,6,0.12379014826497295,-9.989140182733536
30,14.0,-0.3623870533333333,-0.1362543633333333,-0.23198958,376.2866666666666,-138.53333333333333,12.529777845217646,3.829883084176602,0.5,34.0,30.1701169158234,2.6,1.3999999999999997,1.0,0.0,0.5,2.1,0.0,1.0,2.0,1.978342157301416,near,dense,0.0,0.0,120,1,4,1,6,1.306937553676265,15.115347504615784
10,16.0,-0.26286164,-0.1243067266666666,-0.2809590799999999,164.54333333333332,-153.07333333333335,17.4505254099524,22.701354831955133,0.5,34.666666666666664,11.965311834711532,2.2,1.3,1.0,1.1,0.0,1.1,2.0,0.0,2.0,2.893515563260016,near,dense,0.0,0.0,118,1,2,1,2,0.5284243992111508,15.921521186828613
53,73.0,-0.3616378799999999,-0.1850984983333333,-0.23417421,201.72333333333336,-136.25333333333333,8.87016367259683,-1.378718294336214,0.5,14.0,15.378718294336217,5.1,2.6,4.0,0.0,0.0,5.1,0.0,0.0,1.0,2.882820846774063,far,non_dense,0.0,0.0,118,2,2,2,2,0.4532040675046343,10.17666980624199
57,73.0,-0.38457616,-0.15475925,-0.22637884,320.28333333333336,-179.49333333333334,6.491934902550331,-18.986613697971503,0.5,7.0,25.986613697971503,8.0,0.8000000000000002,4.0,0.0,1.5,6.5,0.0,1.0,6.0,2.1662321064476138,far,non_dense,0.0,0.0,115,2,3,2,3,0.9132750256044742,8.47030058503151
23,29.0,-0.4404312266666666,-0.1017200266666666,-0.26260669,393.50666666666666,-192.46666666666667,12.701839963820582,-9.866665818394424,0.5,21.33333333333333,31.19999915172776,6.2,1.1,2.0,0.6,2.2,3.4,1.0,1.0,6.0,2.233718755649196,far,dense,99.0,99.0,112,2,4,1,6,0.11520867972539298,12.959183752536774
15,1.0,-0.323113158,-0.3974393566666666,-0.4527049226666667,-105.224,-87.77133333333333,-11.419797064001733,-20.302248287038516,-0.5,-28.2,-7.897751712961489,1.2,2.9,1.0,0.0,0.0,1.2,0.0,0.0,2.0,1.5293590387702427,near,dense,0.0,0.0,123,1,1,2,1,0.5631578874261252,-12.281067669391632
11,78.0,-0.3550327233333333,-0.1071392366666666,-0.2971331266666666,383.62000000000006,302.02666666666664,10.199331626616315,-13.634535998244164,0.5,15.0,28.63453599824416,5.2,11.699999999999998,4.0,0.0,5.2,0.0,0.0,7.0,0.0,3.45363909786666,far,non_dense,-1.0,-1.25,113,2,4,1,6,0.19865009017158886,10.885397344827652
28,30.0,-0.4574224366666666,-0.0526268533333333,-0.2217153466666666,230.7266666666667,-49.49000000000001,14.583320253786129,1.0174471334001058,0.5,19.33333333333333,18.315886199933228,2.3,2.9,2.0,0.6,0.0,1.7,1.0,0.0,3.0,2.537988040679476,far,dense,0.0,0.0,115,2,1,1,1,1.3349196269884338,11.195310205221176
14,18.0,-0.17708464,-0.38628172,-0.2661223399999999,-999.81,405.5833333333333,-19.587971284228672,20.895041104957304,-0.5,-45.0,-65.89504110495731,2.5,1.9,1.0,0.0,0.0,2.5,0.0,0.0,4.0,3.052437030709091,near,dense,0.0,0.0,118,2,4,1,6,1.3908169113424476,-23.8333523273468
45,76.0,-0.328548415,-0.1293827599999999,-0.267350615,412.395,538.635,-11.248040079292574,-20.40510893247357,-0.5,11.0,31.40510893247357,7.5,1.3,4.0,7.5,0.0,0.0,4.0,0.0,0.0,3.6368419755888937,far,non_dense,0.0,0.0,116,2,2,2,2,5.849252003781581,10.024765133857727
32,31.0,-0.2545824066666666,-0.1760793666666666,-0.24680767,367.6,-199.6233333333333,13.586447059261175,-10.065573874882844,0.5,20.0,30.065573874882844,5.2,2.0,2.0,0.4000000000000001,1.2,3.6,1.0,1.0,5.0,3.697448281191743,far,dense,-0.5,-0.5,114,2,5,1,6,0.2778486930564499,12.559115886688232
59,59.0,-0.2886580433333333,-0.1109744566666666,-0.23499834,341.18666666666667,-38.66666666666666,13.345948467767146,-2.364483609022968,0.5,23.33333333333333,25.6978169423563,6.2,0.6999999999999998,3.0,4.2,0.0,2.0,6.0,0.0,2.0,4.8493106655843095,near,non_dense,0.0,0.0,119,2,2,2,2,0.1816565049861469,12.465039640665054
57,27.0,-0.3390134866666667,-0.0221431266666666,-0.2126376033333333,557.25,19.176666666666677,14.40222522278877,-7.546552305684753,0.5,37.66666666666666,45.21321897235142,4.2,1.3,2.0,0.6999999999999998,0.4000000000000001,3.1,1.0,1.0,3.0,2.4501468163391418,far,dense,0.0,0.0,115,2,3,2,3,2.163103124733482,19.70214545726776
57,89.0,-0.3546133866666667,-0.13837008,-0.23164452,165.65333333333334,-116.47333333333334,8.002142929887727,2.5594967545986167,0.5,16.0,13.440503245401382,7.3,1.1,4.0,0.4000000000000001,0.6,6.3,1.0,1.0,4.0,3.4183621614066646,far,non_dense,0.0,0.0,115,2,3,2,3,0.7268896375859483,10.486914962530136
24,73.0,-0.449617105,-0.0846026449999999,-0.2104142583333333,243.22,143.44833333333335,9.897171927518196,-3.414600421083448,0.5,14.5,17.91460042108345,10.1,3.5,4.0,3.4,2.6,4.1,3.0,1.0,5.0,3.5155949252938186,far,non_dense,0.0,0.0,117,3,4,2,6,0.04744131562239294,9.730387479066849
32,18.0,-0.2256569733333333,-0.38977636,-0.2824220266666666,-519.16,-176.82333333333335,-21.176911319654007,-2.538511063971226,-0.5,-45.0,-42.46148893602878,1.1,1.7,1.0,0.0,0.0,1.1,0.0,0.0,2.0,3.2116320842090555,near,dense,-0.5,-0.5,114,2,5,1,6,0.12380405454975991,-20.77929824590683
73,19.0,-0.3016798,-0.0481021166666666,-0.21023618,158.98333333333332,-84.81666666666666,16.88511815504116,19.64750375698917,0.5,32.0,12.352496243010828,1.7,3.2999999999999994,1.0,0.0,0.0,1.7,0.0,0.0,3.0,3.421655193390271,near,dense,0.0,0.0,114,2,1,1,1,0.5815709633479437,14.895182847976685
30,86.0,-0.33274884,-0.1672583666666666,-0.2354464066666667,269.3433333333333,-164.5666666666667,8.56892879186289,9.404443800389084,0.5,31.0,21.595556199610915,4.3,0.8000000000000002,4.0,0.4000000000000001,0.6999999999999998,3.2000000000000006,1.0,1.0,5.0,3.073531732271904,far,non_dense,0.0,0.0,120,1,4,1,6,1.525501102306473,13.257604837417603
72,92.0,-0.3420925766666666,-0.28024144,-0.23643791,-130.62,-152.90333333333334,-6.511318149155197,-5.015339918668261,-0.5,-15.0,-9.98466008133174,9.0,4.5,4.0,6.3,0.0,2.7000000000000006,2.0,0.0,3.0,2.244623336331981,far,non_dense,0.0,0.0,116,1,4,1,6,1.8680693440556873,-10.70443019270897
28,61.0,-0.4541598166666666,-0.0933811066666666,-0.2058586166666666,88.02333333333331,58.51000000000001,10.263048287798595,9.012401299060407,0.5,16.0,6.98759870093959,9.0,2.1,3.0,1.0,4.7,3.2999999999999994,1.0,1.0,4.0,4.715581831632921,near,non_dense,0.0,0.0,115,2,1,1,1,0.17611192650175916,9.432578086853027
53,17.0,-0.2788680466666666,-0.2740274616666666,-0.2751551,-82.28833333333334,-69.76833333333333,16.268778385224365,5.440056444301561,0.5,-0.8333333333333334,-6.273389777634896,3.5,8.1,1.0,3.5,0.0,0.0,4.0,0.0,0.0,2.3043070424660588,near,dense,0.0,0.0,118,2,2,2,2,8.255532826996845,-2.754504047334194
25,68.0,-0.3521969433333333,-0.3578498133333334,-0.2608998833333333,-302.8866666666667,-224.5233333333333,-13.85207098936476,2.4199669556351595,-0.5,-22.0,-24.41996695563516,3.1,1.1,3.0,1.6000000000000003,0.0,1.5,2.0,0.0,3.0,4.414011233635672,near,non_dense,0.0,0.0,117,2,5,1,6,0.172700602801579,-13.089768588542938
71,93.0,-0.3754606466666666,-0.3056144633333333,-0.2286485866666666,-125.44,-6.423333333333328,-11.759404410699284,-4.626067188127164,-0.5,-13.666666666666666,-9.040599478539503,11.800000000000002,0.5,4.0,11.800000000000002,0.0,0.0,5.0,0.0,0.0,4.011382222413665,far,non_dense,0.0,0.0,116,2,2,2,2,0.3869102548364575,-10.207359492778778
28,4.0,-0.4529519766666667,-0.0445608166666666,-0.2097928433333333,308.6266666666667,-105.3,14.38371262786606,-2.499859451001438,0.5,22.0,24.49985945100144,1.3999999999999997,2.6,1.0,0.5,0.9,0.0,1.0,1.0,0.0,2.1787528932323004,near,dense,0.0,0.0,115,2,1,1,1,1.0980088709927294,11.99142262339592
37,37.0,-0.4348681966666667,-0.0282851333333333,-0.2158766899999999,374.2266666666667,-69.30999999999999,15.911173915150838,-10.36232401124451,0.5,17.333333333333332,27.69565734457784,3.5,0.6,2.0,3.0,0.0,0.5,4.0,0.0,1.0,2.8786980318560325,far,dense,0.0,0.0,120,3,3,2,3,1.5108091300845243,11.562010645866394
30,38.0,-0.37118709,-0.1089796233333333,-0.22965819,315.5366666666667,-228.6266666666667,17.423464256432904,17.0340629422418,0.5,42.333333333333336,25.299270391091536,0.9,1.2,2.0,0.0,0.0,0.9,0.0,0.0,2.0,3.2887788985974424,far,dense,0.0,0.0,120,1,4,1,6,0.7989403131627361,14.795926213264465
38,16.0,-0.41418706,-0.01154145,-0.1906395666666666,388.2833333333333,-18.633333333333344,18.29947792522213,-6.145632133696736,0.5,26.0,32.145632133696736,2.2,2.0,1.0,0.0,0.0,2.2,0.0,0.0,3.0,3.071938401823665,near,dense,2.0,2.0,115,2,1,2,1,1.4016543936582615,13.993681967258453
29,12.0,-0.20654401,-0.15033208,-0.34022198,413.00666666666666,-50.04000000000002,14.297180612904242,-10.08754948134052,0.5,22.0,32.08754948134052,3.2999999999999994,0.6,1.0,1.3999999999999997,0.0,1.9,2.0,0.0,1.0,2.1569344773375483,near,dense,2.0,0.75,122,2,1,2,1,0.5102130845225603,13.196684420108795
63,73.0,-0.2839723333333333,-0.16353867,-0.2289985166666666,192.15666666666667,-125.70666666666666,6.430265723201504,5.60626760153514,0.5,20.0,14.39373239846486,18.3,3.5,4.0,5.5,0.0,12.800000000000002,1.0,0.0,6.0,2.3133779213926435,far,non_dense,99.0,99.0,119,2,1,1,1,2.0469454406475114,11.165624111890793
14,8.0,-0.2482172633333333,-0.1800143266666666,-0.20464079,190.19,85.57,13.179483432255916,5.719351785376463,0.5,20.0,14.280648214623538,4.0,1.5,1.0,0.0,0.0,4.0,0.0,0.0,3.0,2.003384339578213,near,dense,0.0,0.0,118,2,4,1,6,1.0383042873630166,11.099360883235931
72,52.0,-0.3499846433333333,-0.3114669633333333,-0.2263058133333333,-228.5133333333333,-137.47,-12.634845883303596,2.4676769054156087,-0.5,-15.0,-17.46767690541561,5.3,2.1,3.0,3.9,0.0,1.3999999999999997,1.0,0.0,2.0,4.860104500802632,near,non_dense,0.0,0.0,116,1,4,1,6,0.5314207163711138,-10.052085667848587
23,1.0,-0.402846545,-0.2463311616666666,-0.3208040833333333,-217.3733333333333,-123.34,-13.351318746312588,6.734899406045393,-0.5,-10.5,-17.23489940604539,1.5,0.5,1.0,1.0,0.0,0.5,2.0,0.0,1.0,1.824776017671093,near,dense,99.0,99.0,112,2,4,1,6,2.9389164987295144,-7.9884544014930725
25,23.0,-0.2906599649999999,-0.2931272933333333,-0.2657912366666666,-153.84833333333333,12.633333333333326,-17.374931589858964,-20.096537843652925,-0.5,-30.0,-9.903462156347077,2.1,0.9,1.0,1.7,0.0,0.4000000000000001,3.0,0.0,1.0,2.657345174805441,near,dense,0.0,0.0,117,2,5,1,6,1.5981313195747409,-13.128145039081573
57,79.0,-0.3550965666666666,-0.3001770866666666,-0.2490901833333333,-150.14666666666665,-169.21333333333334,-8.569315479369232,-1.4843174195268602,-0.5,-13.666666666666666,-12.182349247139806,2.2,1.1,4.0,1.6000000000000003,0.0,0.6,1.0,0.0,1.0,2.9484421590287497,far,non_dense,0.0,0.0,115,2,3,2,3,0.3473788480738754,-9.593541920185089
15,14.0,-0.17953858,-0.1783949433333333,-0.2187779933333333,383.4433333333333,-77.95666666666666,11.825232479448363,-25.88080669016254,0.5,3.6666666666666665,29.547473356829205,5.5,0.6999999999999998,1.0,0.4000000000000001,0.4000000000000001,4.7,1.0,1.0,7.0,1.8448570016154264,near,dense,0.0,0.0,123,1,1,2,1,2.13563008294291,7.885300368070602
10,19.0,-0.21849618,-0.1660727066666666,-0.2789924333333333,333.6133333333333,-120.31666666666666,15.66627253352012,20.740204816051108,0.5,45.0,24.25979518394889,2.2,1.9,1.0,0.9,0.0,1.3,1.0,0.0,2.0,3.0489784047294486,near,dense,0.0,0.0,118,1,2,1,2,0.03654572155742163,15.777699649333954
53,59.0,-0.35606713,-0.1174687266666666,-0.2044557666666666,385.1333333333334,-167.06,15.777258930783276,-5.694622090667735,0.5,23.666666666666668,29.361288757334403,14.9,3.2000000000000006,3.0,6.8,8.1,0.0,2.0,1.0,0.0,5.655181141636738,near,non_dense,0.0,0.0,118,2,2,2,2,0.4814067733202071,13.05481642484665
38,58.0,-0.4158066333333333,-0.1378949233333333,-0.2166527333333333,219.5533333333333,-12.353333333333335,12.339297731448866,-7.17662536908674,0.5,11.0,18.17662536908674,11.5,2.7999999999999994,3.0,4.3,0.0,7.2,2.0,0.0,1.0,6.765755058627047,near,non_dense,2.0,2.0,115,2,1,2,1,0.5249114220310889,8.78787562251091
37,95.0,-0.4391189133333333,-0.0883238,-0.2289976299999999,201.93333333333337,-10.73,12.824480526585438,-5.2779562172764525,0.5,9.666666666666666,14.94462288394312,8.3,0.4000000000000001,4.0,2.5,0.0,5.8,2.0,0.0,2.0,4.634786218037925,far,non_dense,0.0,0.0,120,3,3,2,3,1.0075674112335637,8.154620975255966
63,93.0,-0.3219134233333333,-0.3035470933333333,-0.2612202166666666,-157.26666666666668,-113.85,-7.61142116960702,-3.21974613493205,-0.5,-15.0,-11.78025386506795,1.5,2.1,4.0,0.0,0.0,1.5,0.0,0.0,2.0,2.610129660278424,far,non_dense,99.0,99.0,119,2,1,1,1,1.1439562524062645,-10.597295314073563
42,28.0,-0.3520060883333333,-0.2146005066666666,-0.2281610266666666,-265.3016666666667,-245.21,-20.243469635158636,11.578031592629522,-0.5,-6.5,-18.07803159262952,1.2,0.9,2.0,1.2,0.0,0.0,2.0,0.0,0.0,2.50596215355903,far,dense,0.0,0.0,118,2,3,2,3,5.33072267362268,-6.884880363941193
42,45.0,-0.3692270333333333,-0.29806443,-0.2380512333333333,-265.18,-328.41,-14.168056235378558,2.648808994823988,-0.5,-17.333333333333332,-19.98214232815732,2.2,0.8000000000000002,2.0,1.3999999999999997,0.0,0.8000000000000002,2.0,0.0,1.0,1.795815002171299,far,dense,0.0,0.0,118,2,3,2,3,1.662876694670774,-11.181837320327759
39,6.0,-0.2356703366666666,-0.09019888,-0.36288528,564.7033333333333,122.04666666666668,17.763316369117355,-20.96704720516839,0.5,24.666666666666668,45.633713871835056,3.2000000000000006,0.6999999999999998,1.0,2.4,0.8000000000000002,0.0,3.0,1.0,0.0,2.8820053044382594,near,dense,0.0,0.0,114,2,5,1,6,0.4177636901402125,16.55931919813156
57,46.0,-0.3101805766666666,-0.2856230766666667,-0.3042522566666666,-106.69666666666669,2.2800000000000105,-11.742701536249148,-6.343024219614196,-0.5,-15.0,-8.656975780385805,3.2000000000000006,0.6,2.0,1.7,0.0,1.5,3.0,0.0,2.0,2.4015384842909477,far,dense,0.0,0.0,115,2,3,2,3,0.4666741203749429,-10.621965676546097
10,47.0,-0.2035452033333333,-0.3220035033333333,-0.3140762433333333,-270.51,-144.09666666666666,-11.406650461911664,-22.328972077824584,-0.5,-42.0,-19.671027922175416,5.2,1.8,2.0,0.4000000000000001,0.8000000000000002,4.0,1.0,2.0,8.0,1.4849692172538618,far,dense,0.0,0.0,118,1,2,1,2,3.9427769146519362,-17.261552810668945
57,78.0,-0.3800669033333333,-0.1269997033333333,-0.2419068633333333,180.14,-175.4366666666667,8.247162025261227,-5.615898188747213,0.5,9.0,14.615898188747211,11.1,1.3,4.0,1.7,0.0,9.4,1.0,0.0,3.0,2.788007142086819,far,non_dense,0.0,0.0,115,2,3,2,3,0.0622620268800852,8.073575049638748
42,84.0,-0.3554851333333333,-0.0481274933333333,-0.2051492499999999,100.43333333333337,-36.830000000000005,12.88046205148045,24.76536756985972,0.5,32.333333333333336,7.567965763473619,1.3,0.9,4.0,1.3,0.0,0.0,2.0,0.0,0.0,4.287115082591148,far,non_dense,0.0,0.0,118,2,3,2,3,0.710221733819137,15.925264358520508
33,33.0,-0.26898429,-0.1509512633333333,-0.2186087333333333,409.8133333333333,-229.91,12.812823369641832,-2.566602080528959,0.5,29.666666666666668,32.23326874719563,8.7,2.5,2.0,0.0,2.6,6.099999999999999,0.0,1.0,2.0,2.2105160879722328,far,dense,0.0,0.0,114,2,2,1,2,0.8816979470540154,14.761830866336823
59,9.0,-0.3933970133333333,-0.0197830466666666,-0.1993995966666666,558.2066666666667,-68.30666666666666,32.611650987892155,-12.043532580414157,0.5,30.0,42.04353258041416,3.6,0.6,1.0,3.2000000000000006,0.0,0.4000000000000001,2.0,0.0,1.0,5.468765452544169,near,dense,0.0,0.0,119,2,2,2,2,2.771134995835138,17.456963658332825
39,41.0,-0.2851102833333333,-0.13130573,-0.3747259766666667,315.8366666666667,-120.90666666666664,18.23148132962712,7.4772179901526785,0.5,33.0,25.52278200984732,4.3,8.7,2.0,0.9,2.4,1.0,1.0,4.0,1.0,4.529451291276353,far,dense,0.0,0.0,114,2,5,1,6,1.113674663532382,13.187146186828613
37,75.0,-0.45600126,-0.3003647933333333,-0.2553009533333333,-119.53,66.08999999999999,-8.135801746855146,-1.8205254980414405,-0.5,-10.666666666666666,-8.846141168625225,2.7999999999999994,0.4000000000000001,4.0,2.0,0.0,0.8000000000000002,2.0,0.0,1.0,2.76208105734434,far,non_dense,0.0,0.0,120,3,3,2,3,0.0321342740568668,-8.047044277191162
59,1.0,-0.4423614833333333,-0.0863959433333333,-0.2105491166666666,170.61333333333334,-71.93,-15.184631973629564,-1.8504148499117288,-0.5,11.0,12.85041484991173,1.2,0.6,1.0,0.8000000000000002,0.4000000000000001,0.0,2.0,1.0,0.0,2.168971735696545,near,dense,0.0,0.0,119,2,2,2,2,11.401653568013156,9.545232355594635
33,84.0,-0.2995167966666667,-0.1274163133333333,-0.2122899,415.77,-252.63333333333333,13.347152235150425,8.298218342444878,0.5,41.0,32.701781657555124,3.4,2.0,4.0,0.0,2.6,0.8000000000000002,0.0,1.0,1.0,4.316216735154449,far,non_dense,0.0,0.0,114,2,2,1,2,0.3432566144602014,14.828722178936005
53,38.0,-0.2634405866666666,-0.0596695966666666,-0.28244841,442.6933333333333,-125.51333333333334,15.039958778098333,11.250527632992322,0.5,45.0,33.74947236700768,4.7,9.3,2.0,2.9,1.8,0.0,5.0,2.0,0.0,2.983947136146281,far,dense,0.0,0.0,118,2,2,2,2,0.03215118211767934,15.1358962059021
11,59.0,-0.3470988566666667,-0.0818702033333333,-0.2613455066666666,101.26333333333336,-27.860000000000003,12.956217148927616,16.10807075499488,0.5,23.666666666666668,7.558595911671788,6.099999999999999,2.9,3.0,3.1,1.9,1.1,5.0,2.0,2.0,4.491052089465818,near,non_dense,-1.0,-1.25,113,2,4,1,6,0.06651034954514164,12.657515704631805
11,26.0,-0.3129864733333333,-0.0323210533333333,-0.25696977,447.7966666666666,-250.42,21.80095462925224,11.575127022677629,0.5,45.0,33.42487297732237,2.3,6.7,2.0,1.6000000000000003,0.6999999999999998,0.0,3.0,1.0,0.0,3.789216998795394,far,dense,-1.0,-1.25,113,2,4,1,6,1.7703704977953485,15.09263664484024
56,89.0,-0.31734675,-0.1678914366666666,-0.2579470166666666,243.1833333333333,-240.1966666666667,7.524891940364621,-12.243358268839597,0.5,7.0,19.2433582688396,10.5,1.8,4.0,0.6,2.9,7.0,1.0,1.0,3.0,3.409095643684088,far,non_dense,0.0,0.0,122,2,3,2,3,0.12367310901784163,7.946505397558212
63,72.0,-0.32234554,-0.3397663733333333,-0.2536640616666666,-274.76666666666665,-192.60666666666668,-13.106303483987976,1.3876050545625642,-0.5,-18.666666666666668,-20.05427172122923,1.8,0.5,3.0,0.0,0.0,1.8,0.0,0.0,3.0,4.220229672754913,near,non_dense,99.0,99.0,119,2,1,1,1,0.31975105793902264,-11.756880581378937
45,54.0,-0.35703323,-0.0881055233333333,-0.23841546,230.75,61.68333333333334,21.727530284001848,2.4276994479363814,0.5,20.0,17.57230055206362,5.1,1.3,3.0,5.1,0.0,0.0,5.0,0.0,0.0,11.231340753073036,near,non_dense,0.0,0.0,116,2,2,2,2,0.9426604046536424,11.140190064907074
23,37.0,-0.4400470033333333,-0.0263703266666666,-0.2059972266666666,12.53666666666667,-143.59666666666666,15.935128649546623,25.6726708274632,0.5,26.666666666666668,0.993995839203471,1.8,1.8,2.0,1.3,0.0,0.5,3.0,0.0,1.0,2.880310851039086,far,dense,99.0,99.0,112,2,4,1,6,1.0201138387995272,12.996883690357208
63,55.0,-0.34811257,-0.2910432333333333,-0.2279145,-202.26666666666665,-90.48666666666666,-8.604944680211851,0.1510344326477989,-0.5,-15.0,-15.1510344326478,6.8,2.0,3.0,5.1,0.0,1.7,1.0,0.0,2.0,3.44126095110451,near,non_dense,99.0,99.0,119,2,1,1,1,0.4363534888089239,-10.10655090212822
56,4.0,-0.2745383166666666,-0.0902894433333333,-0.2914590833333333,5.446666666666677,-60.81333333333333,16.06326276733184,29.235666085331815,0.5,29.666666666666668,0.4310005813348498,2.5,1.0,1.0,0.9,0.0,1.6000000000000003,1.0,0.0,2.0,2.437235075108257,near,dense,0.0,0.0,122,2,3,2,3,0.7695937701336619,14.187581837177277
59,87.0,-0.3795401533333333,-0.0568460633333333,-0.1865982866666666,395.4466666666667,-72.22,30.474573349852744,-11.11795577988749,0.5,18.666666666666668,29.78462244655416,8.5,0.6999999999999998,4.0,6.3,1.3999999999999997,0.8000000000000002,5.0,1.0,1.0,9.303691473794547,far,non_dense,0.0,0.0,119,2,2,2,2,1.9660989211173852,12.182595580816269
59,5.0,-0.4286229633333334,-0.0739461133333333,-0.2055591366666666,287.86000000000007,66.30666666666669,33.82232721313776,-8.01464244572543,0.5,13.666666666666666,21.681309112392096,7.2,0.6,1.0,7.2,0.0,0.0,8.0,0.0,0.0,5.592803490227137,near,dense,0.0,0.0,119,2,2,2,2,4.297260374016724,9.788594394922256
56,93.0,-0.3413418533333334,-0.3095419433333333,-0.2588632099999999,-151.56666666666666,-167.65333333333334,-6.70248307299967,-2.006366931887651,-0.5,-14.0,-11.99363306811235,5.599999999999999,1.8,4.0,0.0,0.5,5.1,0.0,1.0,5.0,2.223969798734479,far,non_dense,0.0,0.0,122,2,3,2,3,1.4225497264053204,-9.866190701723099
56,8.0,-0.3671554233333333,-0.0691312,-0.25772772,213.03666666666663,-61.81333333333333,15.570809270132049,3.142179832502127,0.5,20.0,16.857820167497874,3.7000000000000006,1.0,1.0,0.6999999999999998,0.9,2.1,1.0,1.0,3.0,2.4273910567334736,near,dense,0.0,0.0,122,2,3,2,3,1.8331983940276395,11.12091988325119
23,35.0,-0.4293108666666667,0.0126469,-0.20331435,244.88,-165.46666666666667,20.404500419322435,11.250843659157027,0.5,30.666666666666668,19.41582300750964,0.4000000000000001,1.8,2.0,0.4000000000000001,0.0,0.0,1.0,0.0,0.0,3.6187084277848687,far,dense,99.0,99.0,112,2,4,1,6,1.7933863923653508,13.91475796699524
14,90.0,-0.38494768,-0.19074382,-0.1963364399999999,112.19333333333334,144.7866666666667,7.008318783504155,-2.4241733285626506,0.5,6.0,8.42417332856265,8.0,2.0,4.0,6.8,0.0,1.2,4.0,0.0,2.0,2.6881143495690654,far,non_dense,0.0,0.0,118,2,4,1,6,0.5088979760521808,5.640342831611633
14,94.0,-0.2488227866666666,-0.2811343666666666,-0.2091215316666666,-135.04166666666666,130.60833333333335,-9.89461778146516,-0.6935650175274534,-0.5,-10.833333333333334,-10.13976831580588,6.7,1.5,4.0,0.0,3.7000000000000006,3.0,0.0,1.0,3.0,3.431109095799993,far,non_dense,0.0,0.0,118,2,4,1,6,0.5519102520758418,-8.000953495502472
30,45.0,-0.3638603166666667,-0.34745099,-0.24333486,-421.53,-86.53000000000002,-13.450949361580657,18.797661490867878,-0.5,-15.0,-33.797661490867874,2.1,0.5,2.0,0.0,0.0,2.1,0.0,0.0,3.0,1.7996000514974642,far,dense,0.0,0.0,120,1,4,1,6,1.616502540395731,-10.541891306638718
39,56.0,-0.2796813107142857,-0.1285939764285714,-0.3593852492857143,262.0221428571428,-125.67857142857144,13.54133068011051,3.754544661901116,0.5,24.928571428571427,21.174026766670316,6.0,0.7,3.0,3.6,0.0,2.4,1.0,0.0,3.0,4.79184193647959,near,non_dense,0.0,0.0,114,2,5,1,6,0.3283610243060343,11.967876553535461
42,3.0,-0.3379676833333334,-0.19407226,-0.2695818966666666,-415.4266666666667,-104.41666666666669,-14.53636114487028,23.303698545309985,-0.5,-8.0,-31.303698545309985,2.2,0.4000000000000001,1.0,1.3999999999999997,0.8000000000000002,0.0,2.0,1.0,0.0,2.9210625466536397,near,dense,0.0,0.0,118,2,3,2,3,2.6950781428979327,-6.663869321346283
28,26.0,-0.4559191266666667,-0.0703000933333333,-0.2090012766666666,368.50666666666666,-6.6566666666666565,13.31124222756903,-14.253342355673643,0.5,15.0,29.25334235567364,4.0,2.0,2.0,0.0,1.6000000000000003,2.4,0.0,2.0,4.0,2.3641332062349343,far,dense,0.0,0.0,115,2,1,1,1,1.0024361175269128,10.94134971499443
71,64.0,-0.4041732033333333,-0.2854751266666667,-0.2303741566666667,-239.94000000000003,-57.48333333333333,-40.96609121199799,5.626074395839456,-0.5,-11.666666666666666,-17.29274106250612,10.800000000000002,0.4000000000000001,3.0,5.5,0.0,5.3,2.0,0.0,1.0,11.084690991170037,near,non_dense,0.0,0.0,116,2,2,2,2,2.930885967686889,-8.478125929832458
57,93.0,-0.3467988266666666,-0.27397898,-0.2456703166666667,-47.75666666666666,-193.28666666666663,-6.268081925902481,-6.125199412490631,-0.5,-10.0,-3.874800587509368,4.9,1.0,4.0,1.3,0.0,3.6,2.0,0.0,6.0,2.261872745638928,far,non_dense,0.0,0.0,115,2,3,2,3,0.786207903727786,-8.046384155750275
45,65.0,-0.3425689083333333,-0.2144851516666666,-0.235523545,-18.923333333333343,-57.245000000000005,-25.454215351078208,-3.392265074264135,-0.5,-4.833333333333333,-1.4410682590691986,4.2,1.2,3.0,4.2,0.0,0.0,4.0,0.0,0.0,8.428769108012885,near,non_dense,0.0,0.0,116,2,2,2,2,2.6185164504882845,-3.3833447843790054
23,46.0,-0.48121807,-0.2856829066666667,-0.28569121,-377.95,-235.5,-11.585738933209328,21.966556295688772,-0.5,-8.0,-29.966556295688772,3.2000000000000006,3.9,2.0,1.2,2.0,0.0,1.0,3.0,0.0,2.4511046426605083,far,dense,99.0,99.0,112,2,4,1,6,2.0140134372613,-6.649181246757507
15,94.0,-0.14371354,-0.2983742166666667,-0.2240674066666666,-254.09666666666664,-184.15666666666667,-7.571119745294375,-23.419754796295557,-0.5,-43.0,-19.580245203704447,3.0,0.8000000000000002,4.0,0.4000000000000001,0.6,2.0,1.0,1.0,2.0,2.5266972699783614,far,non_dense,0.0,0.0,123,1,1,2,1,3.8903110158565046,-17.40075796842575
28,95.0,-0.4433262933333333,-0.0797835366666666,-0.2007430033333333,326.74,-6.51333333333334,12.527092759003333,-7.937758922388034,0.5,18.0,25.93775892238803,4.5,1.3,4.0,0.0,1.1,3.4,0.0,1.0,4.0,4.518089886122254,far,non_dense,0.0,0.0,115,2,1,1,1,0.23026853860405938,11.48671880364418
42,56.0,-0.3941325133333333,-0.09315517,-0.20982422,157.21,-350.75333333333333,10.670431909714758,6.153734838941051,0.5,18.0,11.84626516105895,4.9,1.0,3.0,0.5,0.6,3.8,1.0,1.0,4.0,3.792500782930704,near,non_dense,0.0,0.0,118,2,3,2,3,0.08841431292123106,10.335120558738708
30,35.0,-0.3604942366666666,-0.1018778133333333,-0.2272714533333333,494.6566666666666,-194.54,18.497958113674475,0.339148876234032,0.5,40.0,39.66085112376597,2.9,1.5,2.0,0.0,0.0,2.9,0.0,0.0,4.0,3.2787905017576304,far,dense,0.0,0.0,120,1,4,1,6,0.11504056680450891,18.120764195919037
71,86.0,-0.37654805,-0.1033777666666666,-0.19780787,253.68333333333337,65.86666666666666,23.61657510193203,0.3834283770660913,0.5,18.666666666666668,18.283238289600572,6.7,2.2,4.0,6.7,0.0,0.0,6.0,0.0,0.0,7.461466512367662,far,non_dense,0.0,0.0,116,2,2,2,2,1.6616232840590066,11.218428611755371
33,36.0,-0.2808287033333334,-0.1271632366666666,-0.21615975,472.3300000000001,-253.0133333333333,15.540485421036216,7.849574210950739,0.5,45.0,37.15042578904926,1.5,2.5,2.0,0.0,1.5,0.0,0.0,1.0,0.0,3.659715348070277,far,dense,0.0,0.0,114,2,2,1,2,0.16057159377693986,16.12813174724579
32,49.0,-0.2665629966666666,-0.14964069,-0.2431703666666666,379.82666666666665,-183.01,12.729031511162148,0.9344213647519896,0.5,32.0,31.065578635248013,3.9,2.3,3.0,0.8000000000000002,0.5,2.6,1.0,1.0,4.0,5.666562142803952,near,non_dense,-0.5,-0.5,114,2,5,1,6,0.46520816576306556,15.3651624917984
63,40.0,-0.3447602866666666,-0.04866107,-0.21531926,460.3,-200.64666666666668,16.79911058529518,7.8539934387332195,0.5,42.333333333333336,34.47933989460012,0.6,2.3,2.0,0.0,0.0,0.6,0.0,0.0,1.0,3.128237467129377,far,dense,99.0,99.0,119,2,1,1,1,0.475315852948877,15.312209725379944
63,90.0,-0.3343687633333334,-0.1361527133333333,-0.2362756499999999,214.46,-106.35,7.3124439068820415,15.935608877262784,0.5,32.0,16.064391122737216,9.5,2.2,4.0,7.0,0.9,1.6000000000000003,2.0,1.0,1.0,2.776822801475701,far,non_dense,99.0,99.0,119,2,1,1,1,2.4930455218512573,14.2351895570755
56,82.0,-0.34297839,-0.1616197233333333,-0.27121837,304.7866666666667,-129.75666666666666,7.578984666960934,-13.784762844716388,0.5,10.333333333333334,24.11809617804972,10.2,2.2,4.0,0.0,2.9,7.3,0.0,1.0,4.0,2.809985089359404,far,non_dense,0.0,0.0,122,2,3,2,3,0.5750282491700499,9.194805473089218
42,12.0,-0.3347143166666666,-0.0518388233333333,-0.2365752133333333,389.0033333333333,-101.94333333333331,14.190046975394855,-4.645951075222958,0.5,24.666666666666668,29.312617741889625,1.5,1.1,1.0,0.9,0.6,0.0,1.0,1.0,0.0,2.212163912479545,near,dense,0.0,0.0,118,2,3,2,3,0.4294418241362526,13.24005126953125
37,2.0,-0.4361753016666667,-0.1013580933333333,-0.2094280466666666,121.50666666666666,-37.54666666666667,10.337804339403997,-1.9924297353168452,0.5,7.0,8.992429735316845,8.3,0.4000000000000001,1.0,2.7999999999999994,0.0,5.5,1.0,0.0,4.0,1.5024430913595666,near,dense,0.0,0.0,120,3,3,2,3,2.7022507104190656,6.277826428413391
72,86.0,-0.3352569433333333,-0.1398311933333333,-0.2195727966666666,283.67333333333335,-134.22,9.157512270111338,-1.6841357178965335,0.5,20.0,21.68413571789653,7.5,3.2000000000000006,4.0,1.5,1.0,5.0,1.0,1.0,4.0,3.319671816832864,far,non_dense,0.0,0.0,116,1,4,1,6,0.6202923237407321,11.216679215431213
10,66.0,-0.28037542,-0.1734341,-0.2974456866666666,122.45333333333332,-150.48666666666668,9.454621656607143,29.09540150396121,0.5,38.0,8.904598496038792,7.0,2.3,3.0,1.1,1.5,4.4,1.0,1.0,6.0,3.443748828226147,near,non_dense,0.0,0.0,118,1,2,1,2,2.447691126237308,17.88385510444641
46,13.0,-0.3764315933333333,-0.05566809,-0.2618533833333333,274.5133333333333,-139.43166666666667,14.269133853516664,2.7596702738533945,0.5,24.0,21.240329726146605,6.900000000000001,0.8000000000000002,1.0,0.0,0.0,6.900000000000001,0.0,0.0,7.0,2.3535890514797413,near,dense,-1.0,-1.0,115,2,4,2,6,0.9739863212234976,11.97677031159401
11,64.0,-0.2307043377777778,-0.4635680211111111,-0.3783215766666666,-228.4655555555556,-100.86,-24.168397923947047,-23.279985815178893,-0.5,-40.333333333333336,-17.05334751815444,6.0,4.7,3.0,3.2,1.2,1.6,3.0,2.0,2.0,6.979123777722552,near,non_dense,-1.0,-1.25,113,2,4,1,6,1.0935151614623604,-16.536620259284973
45,21.0,-0.31113732,0.0543566766666666,-0.1964705066666666,431.81,99.03666666666668,-25.28897030007838,12.116380925735248,-0.5,45.0,32.88361907426475,2.4,1.5,1.0,1.7,0.0,0.6999999999999998,4.0,0.0,1.0,4.070561280183466,near,dense,0.0,0.0,116,2,2,2,2,9.914009953267897,15.066614747047424
29,46.0,-0.19309047,-0.29201594,-0.3086702833333333,-293.69666666666666,23.09000000000001,-10.406838953251476,-3.181951080277706,-0.5,-26.0,-22.81804891972229,1.6000000000000003,1.3,2.0,0.6999999999999998,0.0,0.9,1.0,0.0,2.0,2.193202755314296,far,dense,2.0,0.75,122,2,1,2,1,1.6651405721141965,-14.058829843997955
15,66.0,-0.1718514066666666,-0.1767084166666666,-0.23271402,220.91333333333333,327.3933333333333,13.376706024265786,-3.023195511292402,0.5,14.0,17.023195511292403,7.2,0.8000000000000002,3.0,2.5,2.2,2.5,4.0,1.0,2.0,5.282193449797572,near,non_dense,0.0,0.0,123,1,1,2,1,0.7139779848729879,9.60533618927002
53,68.0,-0.3290326283333333,-0.2829267666666666,-0.2526815033333333,133.17833333333337,-141.9,-35.587137024142294,-1.9864080292495565,-0.5,8.166666666666666,10.153074695916224,1.5,0.6999999999999998,3.0,0.0,0.0,1.5,0.0,0.0,2.0,9.749410054945312,near,non_dense,0.0,0.0,118,2,2,2,2,4.413863460148274,7.445427775382996
28,38.0,-0.4495809466666666,-0.0132485866666666,-0.22740445,405.63,-3.490000000000009,16.91252430013238,-3.8669884873444382,0.5,28.33333333333333,32.20032182067777,2.7000000000000006,2.5,2.0,0.4000000000000001,0.0,2.3,1.0,0.0,5.0,3.390544331230474,far,dense,0.0,0.0,115,2,1,1,1,0.7406889697496614,14.401185512542725
72,7.0,-0.3037131833333333,-0.1318327266666666,-0.2275706566666666,408.67333333333335,-165.77333333333334,12.898813763750686,7.760799895589399,0.5,39.0,31.2392001044106,3.0,4.2,1.0,0.0,1.3999999999999997,1.6000000000000003,0.0,2.0,2.0,1.6084488421484997,near,dense,0.0,0.0,116,1,4,1,6,0.9805550269452105,14.475986361503601
37,86.0,-0.4487188666666666,-0.1280949166666666,-0.23327949,155.79,15.386666666666663,8.70834367955681,-6.196327276221791,0.5,5.333333333333333,11.529660609555124,13.6,0.5,4.0,6.5,0.0,7.099999999999999,1.0,0.0,4.0,3.0480578979243877,far,non_dense,0.0,0.0,120,3,3,2,3,0.4456839045979045,7.349873334169388
62,83.0,-0.3695404566666667,-0.1177299766666666,-0.22573647,220.13,-85.25666666666666,9.982373585361492,-2.8598466570108703,0.5,14.333333333333334,17.193179990344202,5.3,0.6999999999999998,4.0,2.7000000000000006,0.0,2.6,1.0,0.0,4.0,3.32363232746812,far,non_dense,-3.0,-3.0,118,2,3,1,3,0.07393502342867128,9.736640751361847
57,62.0,-0.3464205733333333,-0.0835294366666666,-0.2270213033333333,360.8366666666666,-101.52333333333333,15.128338107129812,-5.943628933608572,0.5,23.33333333333333,29.276962266941904,0.8000000000000002,0.9,3.0,0.0,0.0,0.8000000000000002,0.0,0.0,1.0,5.464013374857649,near,non_dense,0.0,0.0,115,2,3,2,3,0.3960745255651947,12.96418160200119
39,75.0,-0.2949895366666666,-0.2487922366666667,-0.3450114433333333,14.969999999999985,46.59666666666666,-8.747677165834142,2.123606639090274,-0.5,3.333333333333333,1.2097266942430602,9.3,0.4000000000000001,4.0,2.4,0.0,6.900000000000001,2.0,0.0,4.0,2.921607864732503,far,non_dense,0.0,0.0,114,2,5,1,6,3.9306121300317547,2.7360301464796066
72,48.0,-0.3784958433333333,-0.2705171133333333,-0.2198583166666666,-117.2333333333333,-125.05,-5.284964980010908,-3.0386236140346754,-0.5,-12.0,-8.961376385965325,6.400000000000001,3.4,2.0,4.6,0.0,1.8,2.0,0.0,2.0,1.32241279087878,far,dense,0.0,0.0,116,1,4,1,6,2.8431347206546067,-9.044762700796127
33,31.0,-0.251253,-0.14252818,-0.2069564366666666,400.69,-264.74666666666667,13.180991117043035,8.484313701407599,0.5,40.0,31.515686298592403,6.2,4.0,2.0,0.0,2.0,4.2,0.0,1.0,5.0,3.619474043935425,far,dense,0.0,0.0,114,2,2,1,2,0.38301450253398106,14.567302167415619
63,29.0,-0.34387044,-0.0980551833333333,-0.21588174,373.1233333333333,-165.11666666666667,13.344706726314396,6.050735970875135,0.5,34.0,27.949264029124866,4.8,2.0,2.0,1.2,1.0,2.6,2.0,1.0,4.0,2.2766723000629026,far,dense,99.0,99.0,119,2,1,1,1,0.28202062840267766,13.986775279045105
15,56.0,-0.1941082266666667,-0.1654368133333333,-0.2284354033333333,408.10666666666674,-123.69,13.254016808904524,-8.114653401110813,0.5,23.33333333333333,31.447986734444147,7.900000000000001,0.8000000000000002,3.0,2.2,1.8,3.9,2.0,1.0,4.0,4.926332107206413,near,non_dense,0.0,0.0,123,1,1,2,1,0.01877186378306508,13.346493244171143
23,25.0,-0.4558126133333333,-0.0257015633333333,-0.2142902266666666,222.32,-136.44333333333333,16.535807187425974,4.706227113839934,0.5,22.33333333333333,17.6271062194934,3.7000000000000006,1.5,2.0,1.0,0.8000000000000002,1.9,2.0,1.0,4.0,2.8223753689652638,far,dense,99.0,99.0,112,2,4,1,6,1.777424507050878,11.51924803853035
32,90.0,-0.29238117,-0.16323611,-0.2454740966666666,254.07666666666668,-213.22333333333333,8.374418363156481,0.8860333925898161,0.5,21.666666666666668,20.78063327407685,8.0,2.1,4.0,6.900000000000001,0.6,0.5,7.0,1.0,1.0,3.0698749894404416,far,non_dense,-0.5,-0.5,114,2,5,1,6,1.1451197940303948,11.88979297876358
42,70.0,-0.39714556,-0.09642914,-0.2153185866666666,116.64666666666665,-247.84,10.724210776505643,11.210308864022712,0.5,20.0,8.789691135977288,6.400000000000001,1.2,3.0,2.1,0.0,4.3,2.0,0.0,4.0,4.036275544946798,near,non_dense,0.0,0.0,118,2,3,2,3,0.05445621425751938,10.944011062383652
29,40.0,-0.2154585999999999,-0.1326931133333333,-0.3303031833333333,457.23,17.50666666666668,15.717692529724031,-3.1900405815832755,0.5,32.333333333333336,35.52337391491661,1.6000000000000003,1.1,2.0,0.0,0.6,1.0,0.0,1.0,1.0,2.91308679855378,far,dense,2.0,0.75,122,2,1,2,1,0.015063431336040402,15.761573612689972
42,32.0,-0.3845140733333334,-0.0975128066666666,-0.2270360666666666,196.41,-143.07333333333335,11.581776836993347,6.866558910903113,0.5,21.666666666666668,14.800107755763554,7.099999999999999,1.5,2.0,2.5,1.6000000000000003,3.0,2.0,1.0,5.0,2.0512586351323683,far,dense,0.0,0.0,118,2,3,2,3,0.09202131410217755,11.393017321825027
33,21.0,-0.2598337133333333,-0.3684887466666666,-0.2357353966666666,-535.1966666666667,-345.18333333333334,-16.981374077549038,0.0951115693403726,-0.5,-42.0,-42.09511156934037,0.6,2.2,1.0,0.0,0.0,0.6,0.0,0.0,1.0,2.586658698129385,near,dense,0.0,0.0,114,2,2,1,2,1.3520689557988212,-20.478715002536774
42,78.0,-0.41040778,-0.1140168533333333,-0.2210143133333333,117.21000000000004,-295.45,8.070083064204223,-1.1654733977549343,0.5,7.666666666666667,8.832140064421601,9.5,1.1,4.0,1.8,3.9,3.8,1.0,1.0,5.0,2.70880280929682,far,non_dense,0.0,0.0,118,2,3,2,3,0.6531518897012846,6.300823390483856
57,66.0,-0.3686962633333333,-0.1238017233333333,-0.2325564799999999,79.61000000000001,-127.88666666666668,9.329345278660128,6.5407369001545135,0.5,13.0,6.459263099845487,8.1,1.1,3.0,0.9,0.9,6.3,1.0,1.0,7.0,3.3954887515291445,near,non_dense,0.0,0.0,115,2,3,2,3,0.30523679868279047,8.292917162179947
56,90.0,-0.3422255433333332,-0.1534741733333333,-0.26508552,278.5166666666667,-205.81333333333336,7.974231200817093,-11.039322872358204,0.5,11.0,22.0393228723582,4.6,1.9,4.0,2.7000000000000006,1.2,0.6999999999999998,4.0,1.0,1.0,2.9889195725663176,far,non_dense,0.0,0.0,122,2,3,2,3,0.3894370608091624,9.138227254152298
40,41.0,-0.2932259333333333,-0.0458708333333333,-0.4494864633333333,336.19,-2.323333333333333,17.273657022255346,-3.654576283384371,0.5,21.666666666666668,25.32124295005104,5.2,1.9,2.0,2.7999999999999994,0.6,1.8,3.0,1.0,2.0,4.32434922963457,far,dense,1.5,0.5,120,2,2,2,2,1.2061245328240728,12.05795332789421
59,27.0,-0.4546073666666666,-0.1058634966666666,-0.2187701066666666,185.66,-106.57666666666668,18.671922041723416,-6.317047117140451,0.5,7.666666666666667,13.983713783807117,7.3,0.8000000000000002,2.0,6.7,0.6,0.0,7.0,1.0,0.0,3.313546959644052,far,dense,0.0,0.0,119,2,2,2,2,3.287629528632696,7.778207212686539
45,30.0,-0.3654491133333333,-0.0771029166666666,-0.2299252216666666,227.87166666666667,54.556666666666665,24.90960563332827,1.6468931139054233,0.5,19.0,17.353106886094576,2.6,1.3999999999999997,2.0,2.6,0.0,0.0,2.0,0.0,0.0,4.197379715912482,far,dense,0.0,0.0,116,2,2,2,2,3.297646340213302,11.068131774663925
38,35.0,-0.4226994699999999,0.0038852733333333,-0.1966852933333333,644.42,419.1233333333334,20.01687517822415,-7.107167451780082,0.5,28.33333333333333,35.440500785113414,2.7000000000000006,1.1,2.0,0.5,0.0,2.2,1.0,0.0,3.0,3.483808144961046,far,dense,2.0,2.0,115,2,1,2,1,1.3419335306740527,15.341836214065552
59,2.0,-0.3054616533333333,-0.1763212266666666,-0.2192972033333333,-279.1933333333333,-87.11666666666667,14.458168858793597,17.361878327841513,0.5,-3.6666666666666665,-21.028544994508177,7.900000000000001,0.5,1.0,5.599999999999999,0.8000000000000002,1.5,5.0,1.0,2.0,2.235412916694646,near,dense,0.0,0.0,119,2,2,2,2,8.55679197172498,-4.66979444026947
14,71.0,-0.2549308933333333,-0.34528368,-0.24994485,-314.37666666666667,79.57000000000001,-10.79654937226194,-7.061311056210634,-0.5,-30.666666666666668,-23.60535561045603,4.8,1.3,3.0,2.2,0.0,2.6,3.0,0.0,3.0,3.6338401321558345,near,non_dense,0.0,0.0,118,2,4,1,6,1.0880320653842726,-14.75028395652771
25,54.0,-0.3877248766666666,-0.1539624033333333,-0.2270227066666666,236.43,-223.0566666666667,8.884782897896898,-8.061957566045011,0.5,11.0,19.061957566045013,9.0,1.2,3.0,3.2999999999999994,1.0,4.7,3.0,1.0,6.0,4.472022502410434,near,non_dense,0.0,0.0,117,2,5,1,6,0.006241619730054781,8.856870234012604
42,57.0,-0.42194584,-0.1294868433333333,-0.2216167233333333,204.4033333333333,-354.94000000000005,8.216416009317422,-8.735763754241585,0.5,6.666666666666667,15.402430420908251,10.4,1.0,3.0,3.7000000000000006,1.6000000000000003,5.1,4.0,1.0,3.0,2.9751530660385868,near,non_dense,0.0,0.0,118,2,3,2,3,0.2417717713057641,7.497107982635498
57,30.0,-0.34755556,-0.0889048433333333,-0.2063451466666666,402.3933333333334,-204.90666666666667,14.131069935154954,-12.648717618688917,0.5,20.0,32.64871761868891,5.900000000000001,1.3,2.0,0.0,0.8000000000000002,5.1,0.0,1.0,7.0,2.46538671006596,far,dense,0.0,0.0,115,2,3,2,3,0.5177577040866291,12.854596972465515
28,66.0,-0.4670421366666666,-0.0841065366666666,-0.2128903166666666,155.39333333333337,-31.389999999999983,10.562061540519853,2.664336113893969,0.5,15.0,12.335663886106031,6.599999999999999,2.2,3.0,1.7,2.1,2.7999999999999994,3.0,2.0,5.0,3.920495287405209,near,non_dense,0.0,0.0,115,2,1,1,1,0.09572274007199709,10.186780989170074
23,59.0,-0.3741461066666667,-0.1271893766666666,-0.2449168866666666,314.92,-98.44333333333331,11.351511549045592,-4.969090907893399,0.5,20.0,24.9690909078934,12.0,1.6000000000000003,3.0,7.8,2.5,1.7,2.0,1.0,2.0,4.079613308210223,near,non_dense,99.0,99.0,112,2,4,1,6,0.0831987500826302,11.690930277109146
40,21.0,-0.2479975566666666,-0.3148515799999999,-0.4503231133333333,-376.0033333333333,-94.86333333333334,-18.26128307060622,2.9865802671971955,-0.5,-25.33333333333333,-28.319913600530526,9.4,2.1,1.0,3.6,0.0,5.8,1.0,0.0,2.0,2.8680110703560704,near,dense,1.5,0.5,120,2,2,2,2,1.3239041536986096,-14.464311301708221
42,8.0,-0.3054546233333333,-0.0572438866666666,-0.23552843,269.58000000000004,-61.21000000000001,13.92804304106886,11.686303911212567,0.5,32.0,20.313696088787434,2.2,1.3999999999999997,1.0,1.7,0.5,0.0,2.0,1.0,0.0,2.106266077064608,near,dense,0.0,0.0,118,2,3,2,3,0.010594715633316936,13.95035833120346
42,72.0,-0.34702135,-0.3036840166666666,-0.2245893233333333,-206.60666666666663,-236.3933333333333,-13.072561114216848,-1.7648748550186404,-0.5,-17.333333333333332,-15.568458478314694,4.0,0.8000000000000002,3.0,0.0,1.6000000000000003,2.4,0.0,1.0,2.0,4.255030919040602,near,non_dense,0.0,0.0,118,2,3,2,3,0.4306005971921167,-11.240342259407043
57,10.0,-0.3180411366666666,-0.0521144,-0.24657615,579.68,-129.53,19.97303891104159,-17.033106817214303,0.5,30.0,47.0331068172143,1.6000000000000003,1.0,1.0,0.0,0.6,1.0,0.0,1.0,2.0,3.206051328881917,near,dense,0.0,0.0,115,2,3,2,3,0.4936716192674702,18.39030236005783
62,84.0,-0.3507856033333333,-0.0958702133333333,-0.2265256433333333,186.45666666666668,-79.80666666666666,13.038268024567644,17.43686444192244,0.5,32.0,14.563135558077557,2.7999999999999994,0.8000000000000002,4.0,0.6999999999999998,0.0,2.1,1.0,0.0,3.0,4.183126367504982,far,non_dense,-3.0,-3.0,118,2,3,1,3,0.35574029631826093,14.526374638080597
11,15.0,-0.3547399911111111,-0.0219713788888888,-0.2595320788888889,88.05333333333333,-207.2288888888889,17.946866498113696,-1.1493386110715649,0.5,5.777777777777778,6.927116388849343,6.0,0.8999999999999999,1.0,1.0,0.0,5.0,1.0,0.0,6.0,3.0277311036607144,near,dense,-1.0,-1.25,113,2,4,1,6,4.543893777892377,4.189177975058556
14,44.0,-0.2313171533333333,-0.3851196766666667,-0.22881431,-497.11,102.73,-15.685753385990772,-3.007222423340655,-0.5,-40.333333333333336,-37.32611090999268,2.2,1.0,2.0,0.0,0.0,2.2,0.0,0.0,2.0,1.9935095319864533,far,dense,0.0,0.0,118,2,4,1,6,1.6553231699560669,-18.985655903816223
42,2.0,-0.3282477466666667,-0.0535709733333333,-0.20825916,231.5666666666667,-37.48333333333333,11.51883624681824,11.217394128050266,0.5,28.666666666666668,17.449272538616402,5.2,1.2,1.0,2.2,1.0,2.0,4.0,1.0,3.0,1.6127586289165758,near,dense,0.0,0.0,118,2,3,2,3,1.2163503552694122,13.480515778064728
30,23.0,-0.36044083,-0.3622051766666667,-0.2534035666666667,-400.9933333333333,-103.34999999999998,-13.535164564676483,16.48439480012038,-0.5,-15.666666666666666,-32.15106146678705,0.6999999999999998,1.3,1.0,0.0,0.0,0.6999999999999998,0.0,0.0,1.0,1.9988460196896016,near,dense,0.0,0.0,120,1,4,1,6,1.4336522171246997,-10.669514536857605
37,33.0,-0.4288730433333333,-0.0643017766666666,-0.2186104366666666,222.83666666666667,67.53000000000002,13.188030247684706,-4.824963977349206,0.5,11.666666666666666,16.491630644015874,7.599999999999999,0.4000000000000001,2.0,1.3,0.4000000000000001,5.900000000000001,1.0,1.0,8.0,2.21950506792242,far,dense,0.0,0.0,120,3,3,2,3,2.0572755206996676,8.621896803379059
59,4.0,-0.3752159266666666,-0.01017237,-0.1741796133333333,450.9766666666667,434.3633333333334,22.66921751125261,-8.633749667000911,0.5,25.33333333333333,33.96708300033424,6.099999999999999,1.3,1.0,5.1,0.0,1.0,6.0,0.0,1.0,3.6382899394554897,near,dense,0.0,0.0,119,2,2,2,2,2.2934312906800742,14.32504951953888
53,74.0,-0.3509559333333333,-0.3635456466666666,-0.2600343833333333,-148.0533333333333,-131.08333333333334,17.455424433380532,-5.379571275929564,0.5,-16.666666666666668,-11.287095390737102,10.9,5.2,4.0,8.7,2.2,0.0,5.0,2.0,0.0,5.465895867787336,far,non_dense,0.0,0.0,118,2,2,2,2,5.239660661521234,-11.18401512503624
10,36.0,-0.269216625,-0.2111586583333333,-0.2904923183333333,150.24833333333336,-174.19000000000003,15.19631432583086,-0.9258037050767788,0.5,10.0,10.92580370507678,4.6,1.8,2.0,0.5,0.4000000000000001,3.7000000000000006,1.0,1.0,5.0,3.6285112790857856,far,dense,0.0,0.0,118,1,2,1,2,1.8395040956782733,8.521652966737747
38,73.0,-0.4495608716666666,-0.1396040516666666,-0.1924247566666666,149.28666666666666,39.16166666666666,7.626146742846376,-4.692643808842988,0.5,7.666666666666667,12.359310475509654,7.400000000000001,2.1,4.0,2.6,1.7,3.1,4.0,2.0,3.0,2.630326020259543,far,non_dense,2.0,2.0,115,2,1,2,1,0.1465866221429184,8.011717349290848
28,19.0,-0.4324955133333333,-0.0309504899999999,-0.1992119766666666,451.0033333333334,-117.45666666666666,15.962809957065064,-3.8022150125280327,0.5,32.0,35.80221501252803,2.9,2.4,1.0,0.0,1.9,1.0,0.0,2.0,1.0,3.2059502579528,near,dense,0.0,0.0,115,2,1,1,1,0.07710769866520882,15.71560651063919
10,10.0,-0.2139823766666666,-0.12825556,-0.2652523033333333,138.46,-174.71,18.755812979661016,25.931423880431748,0.5,36.0,10.06857611956825,1.1,1.2,1.0,0.5,0.0,0.6,1.0,0.0,1.0,2.934288144422084,near,dense,0.0,0.0,118,1,2,1,2,0.6274707774389828,16.9146329164505
73,7.0,-0.3515636066666667,-0.1042904049999999,-0.2148699516666666,302.22,-77.47166666666666,13.932307472864814,-3.8148602097107287,0.5,19.666666666666668,23.4815268763774,1.7,2.1,1.0,0.6,0.0,1.1,1.0,0.0,1.0,1.8367731768892823,near,dense,0.0,0.0,114,2,1,1,1,1.3359812781161933,11.47841289639473
29,52.0,-0.16268494,-0.2762680166666666,-0.3284333233333333,-254.70666666666668,-12.816666666666682,-12.14232483026945,1.1221489373445028,-0.5,-18.666666666666668,-19.78881560401117,1.9,1.2,3.0,0.0,1.1,0.8000000000000002,0.0,1.0,1.0,4.51171444661517,near,non_dense,2.0,0.75,122,2,1,2,1,0.08645161102820628,-11.752279847860336
57,4.0,-0.3319726,-0.1086820133333333,-0.2284390266666666,360.1666666666667,-44.49666666666667,13.302969246046947,-9.8892675936149,0.5,19.33333333333333,29.222600926948235,4.6,0.9,1.0,0.0,0.4000000000000001,4.2,0.0,1.0,6.0,1.977287934792618,near,dense,0.0,0.0,115,2,3,2,3,0.5051549633848235,12.30413243174553
32,4.0,-0.24470194,-0.1547626866666666,-0.2321583533333333,422.82666666666665,-260.37333333333333,14.702618526895284,4.417501678625871,0.5,39.0,34.582498321374125,3.6,3.6,1.0,0.0,0.0,3.6,0.0,0.0,4.0,2.175942704130781,near,dense,-0.5,-0.5,114,2,5,1,6,0.8893164498624049,16.63772016763687
23,26.0,-0.4443321833333333,-0.04592026,-0.2071984666666666,423.84,-260.43666666666667,15.445355926947016,-10.93837426563848,0.5,22.666666666666668,33.60504093230515,1.9,1.3,2.0,0.0,0.0,1.9,0.0,0.0,3.0,2.62767966148221,far,dense,99.0,99.0,112,2,4,1,6,0.718764666004764,13.556672632694244
24,83.0,-0.2945829566666667,-0.0021825083333333,-0.3506803383333333,160.08333333333334,-51.07833333333334,19.54387412120456,8.04224316500106,0.5,19.83333333333333,11.791090168332271,5.2,5.599999999999999,4.0,0.6999999999999998,3.2999999999999994,1.2,1.0,2.0,2.0,5.73440308848118,far,non_dense,0.0,0.0,117,3,4,2,6,1.4634102032040333,11.15209013223648
40,49.0,-0.28952252,-0.0552571966666666,-0.4627411066666667,236.82333333333332,29.65000000000001,11.80599106489329,-12.83711936575821,0.5,5.0,17.83711936575821,8.7,1.9,3.0,1.3999999999999997,1.8,5.5,1.0,2.0,6.0,5.571121692805977,near,non_dense,1.5,0.5,120,2,2,2,2,0.8128269430878007,7.277633249759674
28,3.0,-0.4392008,-0.3414003466666666,-0.2634151766666666,-262.2866666666667,-90.16666666666669,-13.836970540122993,5.48789555984396,-0.5,-15.333333333333334,-20.82122889317729,1.1,0.4000000000000001,1.0,0.6999999999999998,0.0,0.4000000000000001,1.0,0.0,1.0,2.6311113762966727,near,dense,0.0,0.0,115,2,1,1,1,1.3594093377689067,-10.260213166475296
37,82.0,-0.4622011666666667,-0.1085229133333333,-0.2411390933333333,154.61,29.670000000000005,8.474556733097765,-5.775664849113023,0.5,5.666666666666667,11.44233151577969,9.4,0.5,4.0,3.8,0.0,5.599999999999999,1.0,0.0,4.0,2.8187489746043277,far,non_dense,0.0,0.0,120,3,3,2,3,0.34192157579599125,7.510765641927719
14,93.0,-0.3086974733333333,-0.3427146566666666,-0.2030584666666667,-156.01,78.61666666666666,-6.817389033543255,-4.285798790875344,-0.5,-16.0,-11.714201209124658,9.9,1.3999999999999997,4.0,4.8,0.0,5.1,2.0,0.0,3.0,2.3301997930107965,far,non_dense,0.0,0.0,118,2,4,1,6,1.849861895723783,-11.127936840057373
39,95.0,-0.24435665625,-0.119038565,-0.36555773625,225.59625,-138.46,11.967862821094291,12.644552054366656,0.5,30.875,18.230447945633344,4.9,0.6,4.0,1.0,0.0,3.9,1.0,0.0,4.0,4.284424749834743,far,non_dense,0.0,0.0,114,2,5,1,6,0.4357027952111346,13.834598660469055
50,13.0,-0.38499952,0.0431205466666666,-0.3384515216666666,185.7933333333333,-102.805,13.22809785416859,17.30204363864048,0.5,33.5,16.19795636135952,3.6,2.5,1.0,0.0,0.0,3.6,0.0,0.0,6.0,2.1199623552810483,near,dense,0.0,0.0,117,1,1,1,1,0.7147622124318586,14.743366837501526
15,64.0,-0.1349087,-0.26422251,-0.2487108566666666,-282.01,-120.73666666666666,-14.032402395931255,-23.26880209672163,-0.5,-45.0,-21.73119790327837,2.3,0.8000000000000002,3.0,1.5,0.0,0.8000000000000002,2.0,0.0,2.0,4.325189684998566,near,non_dense,0.0,0.0,123,1,1,2,1,0.9152984504946748,-17.991241812705994
45,41.0,-0.300751685,-0.27898266,-0.3119515583333333,-202.27166666666665,173.30333333333337,13.476547015336548,-2.763076114842203,0.5,-18.166666666666668,-15.403590551824465,1.6000000000000003,0.4000000000000001,2.0,0.4000000000000001,0.0,1.2,1.0,0.0,2.0,3.417315288453872,far,dense,0.0,0.0,116,2,2,2,2,7.3785066046562715,-11.738136410713196
32,75.0,-0.2516362166666666,-0.2865637633333333,-0.26578445,-166.93333333333334,-144.31,-8.581888981416894,-1.346717993705721,-0.5,-15.0,-13.653282006294278,5.7,2.7000000000000006,4.0,1.1,1.2,3.4,2.0,1.0,5.0,2.893366472259721,far,non_dense,-0.5,-0.5,114,2,5,1,6,0.5571861267159433,-10.19403263926506
14,40.0,-0.2706728933333333,-0.2856066855555556,-0.2436471111111111,-183.18,78.6388888888889,26.459171445612878,9.230827393400652,0.5,-3.2222222222222223,-12.453049615622874,0.5,1.5,2.0,0.0,0.0,0.5,0.0,0.0,1.0,4.6989612291149605,far,dense,0.0,0.0,118,2,4,1,6,6.773530726405454,-5.369386821985245
56,21.0,-0.14267258,-0.37282633,-0.39826289,-667.6366666666667,-34.86666666666667,-26.85533158666968,5.934561968740513,-0.5,-45.0,-50.93456196874052,1.1,2.4,1.0,1.1,0.0,0.0,2.0,0.0,0.0,3.881217074813848,near,dense,0.0,0.0,122,2,3,2,3,1.08794543677221,-22.63277918100357
39,69.0,-0.2421015566666667,-0.0974715766666666,-0.34161884,425.8,102.04444444444444,18.725614166545544,8.146629275749579,0.5,42.55555555555556,34.408926279805975,6.6,2.9,3.0,0.7,1.4,4.5,1.0,1.0,2.0,6.956442206886859,near,non_dense,0.0,0.0,114,2,5,1,6,0.5062152644414,15.204156935214996
59,8.0,-0.4005239,-0.0328360433333333,-0.1971027566666666,389.11000000000007,-93.47,23.432433748629222,-2.97401811779878,0.5,26.33333333333333,29.30735145113211,3.8,0.6,1.0,3.8,0.0,0.0,3.0,0.0,0.0,3.912207129092885,near,dense,0.0,0.0,119,2,2,2,2,2.5029201576272424,13.640491664409637
29,70.0,-0.20951232,-0.2191942766666666,-0.3440262866666666,126.93999999999998,-8.540000000000001,9.951637180371776,2.4710384603820543,0.5,12.333333333333334,9.86229487295128,5.8,1.0,3.0,1.2,2.0,2.6,1.0,1.0,3.0,3.822020693806458,near,non_dense,2.0,0.75,122,2,1,2,1,0.2454748957719015,9.013427048921585
42,39.0,-0.3679183433333333,-0.0733608966666666,-0.2275999,282.4733333333333,8.873333333333354,14.040160296637994,-1.2852490782702015,0.5,20.0,21.2852490782702,7.8,1.2,2.0,0.4000000000000001,0.8000000000000002,6.599999999999999,1.0,1.0,7.0,2.477520910416243,far,dense,0.0,0.0,118,2,3,2,3,1.1452488220006432,11.202782392501831
10,39.0,-0.24169804,-0.2916463133333333,-0.29546713,-123.46666666666664,-149.81333333333333,14.44134259936996,-15.688380291087483,0.5,-24.666666666666668,-8.97828637557918,2.5,2.7999999999999994,2.0,0.0,1.0,1.5,0.0,1.0,3.0,2.593226272479899,far,dense,0.0,0.0,118,1,2,1,2,10.408979659351731,-12.551496922969818
45,71.0,-0.27974557,-0.3068200633333333,-0.2873677233333333,-99.19333333333331,11.01333333333334,-9.77348837694529,-14.446131891248692,-0.5,-22.0,-7.553868108751307,1.5,1.6000000000000003,3.0,0.0,0.0,1.5,0.0,0.0,2.0,3.195103443780396,near,non_dense,0.0,0.0,116,2,2,2,2,0.6521098899294219,-11.85704693198204
59,39.0,-0.3653854082352941,-0.3307625070588235,-0.5979119194117647,-44.80882352941177,-206.7811764705882,19.61383521300824,-22.24888167649432,0.5,-25.11764705882353,-2.868765382329212,4.3,0.5,2.0,1.4,0.0,2.9,2.0,0.0,3.0,3.5448057742716266,far,dense,0.0,0.0,119,2,2,2,2,8.40480388259348,-10.179562121629715
32,76.0,-0.3141169466666667,-0.2646708966666666,-0.2492642966666666,-162.40333333333334,-192.4033333333333,-6.303259990539349,-1.7172213931976146,-0.5,-15.0,-13.282778606802388,8.3,2.6,4.0,1.3999999999999997,1.0,5.900000000000001,2.0,1.0,4.0,2.047261397240974,far,non_dense,-0.5,-0.5,114,2,5,1,6,1.9388221242946602,-10.272535681724548
53,91.0,-0.3727391833333333,-0.3325614433333333,-0.25697073,-83.88333333333333,-126.60333333333334,-26.54518067122133,-7.605012709206161,-0.5,-14.0,-6.394987290793839,6.599999999999999,5.0,4.0,5.0,1.6000000000000003,0.0,4.0,2.0,0.0,8.253448046498056,far,non_dense,0.0,0.0,118,2,2,2,2,1.9961223057372548,-10.070288926362991
73,33.0,-0.2756445116666666,-0.1311284966666666,-0.227920205,203.37833333333336,-179.07666666666668,13.597489102602507,4.198154323871656,0.5,20.0,15.801845676128345,5.400000000000001,0.8000000000000002,2.0,0.6,1.1,3.7000000000000006,1.0,1.0,6.0,2.3219308116357342,far,dense,0.0,0.0,114,2,1,1,1,1.0477740706018128,11.164630204439163
57,67.0,-0.3484467266666666,-0.3583205866666667,-0.2774709866666666,-262.24,-28.563333333333343,-16.3131376168927,0.277190746181135,-0.5,-21.0,-21.27719074618113,2.7999999999999994,1.0,3.0,0.5,0.6,1.7,1.0,1.0,3.0,5.073475501170865,near,non_dense,0.0,0.0,115,2,3,2,3,0.7271071436825792,-12.62417733669281
71,92.0,-0.3639618466666667,-0.3126488633333333,-0.2175889899999999,-139.20333333333335,-27.77,-6.496681127540879,-4.96746187225531,-0.5,-15.0,-10.03253812774469,13.1,4.2,4.0,4.5,1.5,7.099999999999999,1.0,1.0,4.0,2.063795130662285,far,non_dense,0.0,0.0,116,2,2,2,2,2.0424643392867146,-10.711909085512161
40,70.0,-0.2954298266666667,-0.0933392133333333,-0.4459376933333334,305.8233333333333,594.84,11.518936194288292,-16.034078714797513,0.5,7.0,23.034078714797516,4.7,2.3,3.0,2.2,0.0,2.5,3.0,0.0,2.0,4.289377376517884,near,non_dense,1.5,0.5,120,2,2,2,2,0.7613714803278653,8.253126591444016
28,75.0,-0.4711498033333334,-0.3476598566666666,-0.2266148333333333,-174.83333333333334,-18.19666666666667,-8.836865573062974,-1.4544545563317204,-0.5,-15.333333333333334,-13.878878777001612,3.4,1.3,4.0,1.5,0.0,1.9,2.0,0.0,4.0,2.9293886753915523,far,non_dense,0.0,0.0,115,2,1,1,1,0.5219739665839165,-10.365930199623108
73,44.0,-0.25306388,-0.3578242866666667,-0.2763931933333333,-335.0933333333333,-94.15,-19.990151809980592,-10.96432032042368,-0.5,-37.0,-26.03567967957632,1.3,2.1,2.0,0.8000000000000002,0.5,0.0,1.0,1.0,0.0,2.59506462257613,far,dense,0.0,0.0,114,2,1,1,1,1.3966512256928985,-16.36575162410736
46,44.0,-0.36546973,-0.3026062033333334,-0.2497195733333333,-300.46,-87.99,-38.754197857474,9.247939879731437,-0.5,-14.0,-23.24793987973144,0.5,0.8000000000000002,2.0,0.5,0.0,0.0,1.0,0.0,0.0,5.754165813383669,far,dense,-1.0,-1.0,115,2,4,2,6,5.0369049185704995,-9.771011769771576
56,7.0,-0.3637698200000001,-0.09441822,-0.2691805233333333,243.65666666666667,157.95333333333335,12.271411998117946,-5.614146977050257,0.5,13.666666666666666,19.28081364371692,2.3,0.9,1.0,0.0,0.0,2.3,0.0,0.0,5.0,1.485987796970676,near,dense,0.0,0.0,122,2,3,2,3,1.8700355666460304,9.492561966180801
40,58.0,-0.2315521566666666,-0.11833137,-0.3614875166666667,210.41666666666663,-44.05,12.35060057821412,16.151784593811318,0.5,32.0,15.84821540618868,11.4,2.4,3.0,1.6000000000000003,3.2000000000000006,6.599999999999999,1.0,1.0,2.0,6.495942660552189,near,non_dense,1.5,0.5,120,2,2,2,2,0.2975279033176649,14.283324778079987
46,66.0,-0.32330789,-0.2738530966666666,-0.2701005733333333,-484.0333333333333,-152.64,33.00909941518663,22.45183329933881,0.5,-15.0,-37.45183329933881,4.3,0.5,3.0,4.3,0.0,0.0,7.0,0.0,0.0,11.7846668403676,near,non_dense,-1.0,-1.0,115,2,4,2,6,3.7090320882321985,-10.700608044862747
28,37.0,-0.4546214166666666,-0.0497524666666666,-0.2154113766666666,321.00333333333333,-88.45666666666666,14.816755157348055,-3.482362347074021,0.5,22.0,25.48236234707402,2.4,2.7000000000000006,2.0,0.0,1.2,1.2,0.0,2.0,2.0,2.719460795996933,far,dense,0.0,0.0,115,2,1,1,1,0.9823524971793544,12.145286053419113
37,30.0,-0.4404191366666666,-0.04044018,-0.2542332333333333,280.6033333333333,49.19333333333333,15.291458542132034,-8.433475827994089,0.5,12.333333333333334,20.766809161327423,5.2,0.4000000000000001,2.0,1.5,0.0,3.7000000000000006,2.0,0.0,5.0,2.62346511901056,far,dense,0.0,0.0,120,3,3,2,3,2.2707286679904826,9.334281086921692
23,31.0,-0.4535701066666666,-0.0611391966666666,-0.2087354333333333,413.7033333333334,-273.93,14.249333720718658,-10.468000779770078,0.5,22.33333333333333,32.801334113103415,9.2,2.5,2.0,1.6000000000000003,3.6,4.0,2.0,1.0,5.0,3.959980158822992,far,dense,99.0,99.0,112,2,4,1,6,0.2240468496811432,13.362112641334534
46,65.0,-0.3358970766666667,-0.2999410833333333,-0.2717709733333333,-273.8933333333333,-108.03666666666668,-26.218283477050992,6.525690874412265,-0.5,-14.666666666666666,-21.19235754107893,4.8,0.6999999999999998,3.0,4.8,0.0,0.0,6.0,0.0,0.0,8.666641061321101,near,non_dense,-1.0,-1.0,115,2,4,2,6,1.8740579608327146,-9.976495802402496
59,30.0,-0.43400802,-0.0864905233333333,-0.2289532933333333,415.7633333333333,46.876666666666665,24.310108462349863,-18.314852176747426,0.5,13.0,31.314852176747426,4.6,0.6,2.0,3.6,0.0,1.0,4.0,0.0,1.0,4.252682785293183,far,dense,0.0,0.0,119,2,2,2,2,3.228589862898087,10.579939931631088
33,30.0,-0.2715072733333333,-0.1502464233333333,-0.2144139233333333,460.94,-264.92,13.86982347074983,-4.2545619867558,0.5,32.0,36.2545619867558,5.900000000000001,2.4,2.0,0.0,1.0,4.9,0.0,1.0,3.0,2.4535904834955367,far,dense,0.0,0.0,114,2,2,1,2,0.7835092221558576,15.792234241962433
15,17.0,-0.2103331633333333,-0.1721808166666666,-0.1936855933333333,352.0566666666668,-59.16333333333333,11.272050355785368,0.8711283411870406,0.5,28.0,27.12887165881296,7.0,1.0,1.0,0.5,1.0,5.5,1.0,1.0,7.0,1.4210293035084234,near,dense,0.0,0.0,123,1,1,2,1,1.846708709396932,13.89627754688263
73,9.0,-0.3461444366666666,-0.05038188,-0.1987346566666666,498.71,-122.32333333333334,17.87536326142697,-6.748171095619661,0.5,32.0,38.74817109561966,1.7,2.2,1.0,0.0,0.6999999999999998,1.0,0.0,1.0,2.0,2.7754180883159827,near,dense,0.0,0.0,114,2,1,1,1,0.37352642427410665,16.838671267032623
50,32.0,-0.3695766833333333,0.0414476633333333,-0.3473394733333333,443.2233333333333,-85.89666666666666,17.104350692854876,5.8058932221825,0.5,42.0,36.1941067778175,8.9,2.0,2.0,6.5,1.1,1.3,4.0,1.0,1.0,3.0128617909170283,far,dense,0.0,0.0,117,1,1,1,1,0.11267161892825676,16.764886677265167
57,31.0,-0.3681778033333333,-0.0988704466666666,-0.21596371,334.2033333333333,-135.34666666666666,13.272223719104687,-11.116031388586366,0.5,16.0,27.116031388586368,8.0,1.1,2.0,0.0,0.8000000000000002,7.2,0.0,1.0,5.0,3.702533048611091,far,dense,0.0,0.0,115,2,3,2,3,0.6006690247904143,11.048226803541183
11,23.0,-0.2992153366666666,-0.4891156483333334,-0.3155817858333333,-164.1966666666667,-98.89333333333332,-19.7470756272234,-27.12088873871312,-0.5,-38.25,-11.129111261286887,2.6,0.6,1.0,0.8000000000000002,0.0,1.8,2.0,0.0,2.0,3.07996618513756,near,dense,-1.0,-1.25,113,2,4,1,6,1.7600381078225413,-14.326217770576477
53,29.0,-0.2690811899999999,-0.140730155,-0.2521534749999999,370.655,-142.49,11.299226698593934,16.742491385624593,0.5,45.0,28.25750861437541,7.4,8.9,2.0,5.7,1.7,0.0,3.0,3.0,0.0,1.9451158650668257,far,dense,0.0,0.0,118,2,2,2,2,2.049236786309122,15.285229682922363
25,57.0,-0.3772944,-0.1445570433333333,-0.21657671,281.6766666666667,-238.66,9.412844912651895,-9.043262984160236,0.5,13.666666666666666,22.709929650826904,7.2,1.9,3.0,3.6,1.8,1.8,5.0,2.0,4.0,3.5400113815652943,near,non_dense,0.0,0.0,117,2,5,1,6,0.11999256552343517,9.837619960308075
39,88.0,-0.2820969399999999,-0.14146667,-0.3385412299999999,536.3800000000001,215.9533333333333,13.805590478617136,-23.67823675738765,0.5,19.666666666666668,43.34490342405432,6.400000000000001,0.4000000000000001,4.0,0.0,0.0,6.400000000000001,0.0,0.0,3.0,5.045703566693695,far,non_dense,0.0,0.0,114,2,5,1,6,0.1845699813234559,14.736875891685486
53,22.0,-0.2783871049999999,-0.2622894333333334,-0.2769784583333333,59.85833333333335,60.61166666666665,21.17487322581973,-1.2300675915397192,0.5,3.333333333333333,4.563400924873052,6.3,3.0,1.0,6.3,0.0,0.0,4.0,0.0,0.0,3.670044524735875,near,dense,0.0,0.0,118,2,2,2,2,5.027177665147416,2.724907360970974
37,34.0,-0.4205737233333333,-0.0345568733333333,-0.2110146666666666,212.44000000000003,91.44666666666666,15.348472787146934,-0.7221971878419099,0.5,15.0,15.722197187841909,4.8,0.4000000000000001,2.0,3.6,0.0,1.2,1.0,0.0,2.0,2.612829612032028,far,dense,0.0,0.0,120,3,3,2,3,1.824225656217725,10.582081973552704
29,28.0,-0.22624,-0.2093418333333333,-0.2935905933333333,234.2266666666667,-13.493333333333323,-17.68211086557309,1.802328235582672,-0.5,20.0,18.19767176441733,0.6999999999999998,1.7,2.0,0.0,0.6999999999999998,0.0,0.0,1.0,0.0,2.1430742814402857,far,dense,2.0,0.75,122,2,1,2,1,13.47743582528254,11.201035231351852
42,13.0,-0.3365324933333333,-0.09334421,-0.21773351,202.85,-131.67333333333332,10.877494713701452,-1.6187152296555034,0.5,13.666666666666666,15.28538189632217,6.099999999999999,1.3999999999999997,1.0,2.3,0.6999999999999998,3.1,2.0,1.0,4.0,1.682440638742009,near,dense,0.0,0.0,118,2,3,2,3,0.5063877832181295,10.025527328252792
32,53.0,-0.2628489933333333,-0.3307943633333333,-0.26383522,-357.0566666666667,-148.26666666666668,-15.43510539893142,-5.463419688467302,-0.5,-34.666666666666664,-29.203246978199363,1.1,1.5,3.0,0.0,0.0,1.1,0.0,0.0,2.0,4.557242959225017,near,non_dense,-0.5,-0.5,114,2,5,1,6,0.19865197413210461,-16.340410709381104
38,61.0,-0.4048848533333333,-0.1015276133333333,-0.1777122433333333,308.76,-72.82666666666665,11.865889953759364,-10.561966032365206,0.5,15.0,25.56196603236521,8.7,4.8,3.0,0.0,3.2999999999999994,5.400000000000001,0.0,2.0,4.0,5.579719741647234,near,non_dense,2.0,2.0,115,2,1,2,1,0.23432410391240313,10.55842712521553
63,25.0,-0.27615221,-0.03971189,-0.2069187733333333,563.7433333333333,-129.1,19.63530001099411,-27.22789051339311,0.5,15.0,42.22789051339311,2.9,1.0,2.0,1.2,0.0,1.7,2.0,0.0,2.0,3.3498922572384373,far,dense,99.0,99.0,119,2,1,1,1,1.9936863761119255,12.956665456295013
46,1.0,-0.3748290633333333,-0.1869646966666666,-0.2479377033333333,7.771666666666657,-59.06833333333333,-8.394703654223946,2.5653379059931027,-0.5,3.1666666666666665,0.6013287606735638,0.4000000000000001,1.5,1.0,0.0,0.0,0.4000000000000001,0.0,0.0,1.0,1.0159651570392942,near,dense,-1.0,-1.0,115,2,4,2,6,10.74826947235805,2.5251636281609535
57,1.0,-0.3789508366666667,-0.34492426,-0.2581359333333333,-183.55333333333337,9.769999999999996,-12.391774929449069,-2.4404898104889843,-0.5,-17.333333333333332,-14.89284352284435,3.1,0.9,1.0,2.0,0.0,1.1,3.0,0.0,2.0,1.6032554487134785,near,dense,0.0,0.0,115,2,3,2,3,0.632625809283235,-11.377514153718948
33,54.0,-0.3377767533333333,-0.15108859,-0.2123053166666666,237.53333333333333,-228.41,9.604157111579438,8.650496180441287,0.5,27.33333333333333,18.682837152892045,7.2,2.1,3.0,3.8,0.6999999999999998,2.7000000000000006,3.0,1.0,3.0,5.133233341243279,near,non_dense,0.0,0.0,114,2,2,1,2,0.6512969451633793,12.947416305541992
56,69.0,-0.2718181733333333,-0.1356064733333333,-0.2737440066666667,550.59,184.84,12.740256283213506,0.0978888067239888,0.5,43.66666666666666,43.56877785994268,6.0,2.1,3.0,0.0,3.0,3.0,0.0,1.0,3.0,5.07109961362733,near,non_dense,0.0,0.0,122,2,3,2,3,1.3480272215636837,19.576236605644226
59,57.0,-0.3119157833333333,-0.1678842499999999,-0.2198927066666667,288.75333333333333,-204.7133333333333,12.655411903123529,-12.081927362491925,0.5,9.666666666666666,21.748594029158596,3.9,0.9,3.0,2.2,1.7,0.0,2.0,1.0,0.0,4.063612592100274,near,non_dense,0.0,0.0,119,2,2,2,2,0.9518727701933704,8.787369728088379
32,21.0,-0.23456867,-0.3091442166666666,-0.2876957366666666,-481.98,-198.44333333333336,-17.625575945981385,-2.579419760021674,-0.5,-42.0,-39.42058023997833,4.4,2.5,1.0,0.0,0.0,4.4,0.0,0.0,5.0,2.737254510418046,near,dense,-0.5,-0.5,114,2,5,1,6,0.7638839039380164,-19.716520607471466
59,40.0,-0.27850149,-0.1476980866666666,-0.2811711866666667,447.16666666666674,-238.04,33.534851946061224,-18.013451184920914,0.5,15.666666666666666,33.68011785158758,4.2,0.4000000000000001,2.0,4.2,0.0,0.0,4.0,0.0,0.0,6.002176897328904,far,dense,0.0,0.0,119,2,2,2,2,3.64540769198229,11.65447011590004
11,47.0,-0.2906281066666666,-0.4360399566666667,-0.3107027433333333,-431.36,-163.68,-14.401657691762397,2.531324700317853,-0.5,-29.666666666666668,-32.19799136698452,1.3,10.4,2.0,0.0,1.3,0.0,0.0,2.0,0.0,1.8694804003564072,far,dense,-1.0,-1.25,113,2,4,1,6,0.9657832167395745,-16.207170486450195
14,69.0,-0.2845209433333333,-0.19280028,-0.2284512333333333,90.05,67.72000000000001,11.117718177973352,8.905152540125579,0.5,15.666666666666666,6.761514126541088,1.9,0.8000000000000002,3.0,0.0,0.0,1.9,0.0,0.0,2.0,4.213123544164939,near,non_dense,0.0,0.0,118,2,4,1,6,0.4298893858070118,9.306541085243225
72,76.0,-0.3694253816666666,-0.273804475,-0.2229842733333333,-68.23000000000002,-131.16333333333333,-6.893787756702191,-7.78446365526516,-0.5,-13.0,-5.21553634473484,11.9,4.6,4.0,6.8,0.0,5.1,2.0,0.0,2.0,2.343835521134813,far,non_dense,0.0,0.0,116,1,4,1,6,1.135972756614649,-9.556321054697037
33,60.0,-0.37568588,-0.1115176133333333,-0.20597489,374.4066666666667,-260.1166666666666,11.416906191477596,-5.781742464502867,0.5,23.666666666666668,29.44840913116953,7.5,1.5,3.0,0.0,3.8,3.7000000000000006,0.0,1.0,3.0,4.28317271710672,near,non_dense,0.0,0.0,114,2,2,1,2,0.38506239859754454,13.066194951534271
15,40.0,-0.1554261966666666,-0.1739808033333333,-0.2140063066666666,80.05666666666669,-119.24666666666668,18.2038196048074,12.615266414178048,0.5,19.33333333333333,6.718066919155286,1.8,0.5,2.0,0.6,0.0,1.2,1.0,0.0,2.0,3.412704974232478,far,dense,0.0,0.0,123,1,1,2,1,2.2609777636633086,10.487769544124603
63,54.0,-0.3358373066666666,-0.1676291166666666,-0.2205609833333333,118.84333333333336,-55.18666666666667,7.974594577024042,13.764560031413003,0.5,22.666666666666668,8.902106635253661,11.9,2.1,3.0,4.4,0.0,7.5,1.0,0.0,2.0,4.126895210276689,near,non_dense,99.0,99.0,119,2,1,1,1,0.9364334612285017,11.839157342910767
30,34.0,-0.3618590399999999,-0.13100537,-0.2196453466666666,379.8866666666667,-211.20333333333332,14.275769142534644,13.207906993822125,0.5,43.66666666666666,30.458759672844547,2.2,1.2,2.0,0.0,0.0,2.2,0.0,0.0,3.0,2.612038094968588,far,dense,0.0,0.0,120,1,4,1,6,0.233798491245399,14.886459708213806
63,31.0,-0.3165196366666666,-0.1067313433333333,-0.2195363666666666,348.33666666666664,-202.03666666666663,14.396322281712246,11.907411844988006,0.5,38.0,26.092588155011992,5.5,1.7,2.0,3.1,0.0,2.4,2.0,0.0,4.0,4.123812807677333,far,dense,99.0,99.0,119,2,1,1,1,0.0823381961496372,14.056774973869324
73,79.0,-0.43831914,-0.3729392366666667,-0.4283271433333333,-31.636666666666656,-255.38666666666663,-11.113685501240212,-18.54193223938745,-0.5,-21.0,-2.4580677606125505,4.6,1.0,4.0,1.6000000000000003,1.3,1.7,2.0,1.0,2.0,3.651032368908529,far,non_dense,0.0,0.0,114,2,1,1,1,0.38273486595932715,-9.716308116912842
10,63.0,-0.21584697,-0.33146733,-0.3210939166666666,-375.52,-135.00333333333333,-16.335409861332966,-13.692823166111005,-0.5,-41.0,-27.307176833889,0.5,2.2,3.0,0.5,0.0,0.0,1.0,0.0,0.0,4.559424866904642,near,non_dense,0.0,0.0,118,1,2,1,2,0.3125056587328465,-17.760255932807922
38,10.0,-0.3895405,-0.0036986266666666,-0.1790066233333333,543.9266666666666,-7.51333333333334,20.820435678867227,-15.03120539393369,0.5,30.0,45.03120539393368,2.7000000000000006,1.5,1.0,0.5,0.6999999999999998,1.5,1.0,1.0,2.0,3.3852412241589604,near,dense,2.0,2.0,115,2,1,2,1,0.8353945898733292,17.992423474788666
42,31.0,-0.3626326533333333,-0.10018802,-0.2243502466666666,246.1233333333333,-232.77666666666667,13.416310274984331,-0.5461628967010075,0.5,18.0,18.54616289670101,8.3,1.8,2.0,2.2,1.3999999999999997,4.7,3.0,2.0,4.0,3.817352662309915,far,dense,0.0,0.0,118,2,3,2,3,0.6744336215336673,10.84175929427147
14,5.0,-0.2659683033333333,-0.11185896,-0.2080083133333333,367.18,87.60666666666663,17.481686947697238,14.763175010364348,0.5,42.333333333333336,27.57015832296899,3.7000000000000006,1.1,1.0,1.5,0.6999999999999998,1.5,1.0,1.0,3.0,2.7139780083860026,near,dense,0.0,0.0,118,2,4,1,6,0.9875264674171492,14.801561832427979
25,14.0,-0.2842054166666667,-0.1230880733333333,-0.2306811466666666,-234.11,-263.52,13.753892538432586,-26.642428380191426,0.5,-45.0,-18.357571619808574,5.1,0.6,1.0,1.7,0.0,3.4,1.0,0.0,4.0,2.130376465087987,near,dense,0.0,0.0,117,2,5,1,6,14.6166191656208,-17.385008931159973
56,62.0,-0.2023538266666666,-0.0979489366666666,-0.3549450166666667,361.57,-103.15833333333336,17.68326225052606,3.5552443545660584,0.5,32.166666666666664,28.61142231210061,5.900000000000001,0.5,3.0,0.8000000000000002,2.3,2.7999999999999994,1.0,1.0,2.0,6.361686915476384,near,non_dense,0.0,0.0,122,2,3,2,3,0.4870088610349934,14.585064351558685
72,27.0,-0.3380870833333333,-0.0694910066666666,-0.2228256266666666,288.0733333333333,-158.70333333333335,15.20717035340306,17.97952601569817,0.5,40.0,22.02047398430183,0.6999999999999998,3.4,2.0,0.0,0.6999999999999998,0.0,0.0,1.0,0.0,2.563641324779336,far,dense,0.0,0.0,116,1,4,1,6,0.12396796152135921,14.889360964298248
28,46.0,-0.4679225166666667,-0.3781468466666666,-0.2439631533333333,-389.37000000000006,-132.89666666666668,-13.120520929167316,12.909546402675607,-0.5,-18.0,-30.909546402675605,0.5,1.9,2.0,0.5,0.0,0.0,1.0,0.0,0.0,2.570187096957337,far,dense,0.0,0.0,115,2,1,1,1,0.6089919517033247,-11.555297672748566
56,58.0,-0.2859816033333333,-0.1328387466666666,-0.2610136366666666,108.44,-93.53666666666668,12.30626370032204,14.0856930363207,0.5,22.666666666666668,8.580973630345964,8.4,1.3,3.0,1.2,0.0,7.2,1.0,0.0,5.0,6.818050878611378,near,non_dense,0.0,0.0,122,2,3,2,3,0.056574000029711406,11.920539289712906
57,35.0,-0.3490465,-0.0444916266666666,-0.21763445,406.6366666666667,-38.056666666666665,18.86799429391799,5.00699389468448,0.5,38.0,32.99300610531552,2.4,1.1,2.0,0.0,0.9,1.5,0.0,1.0,2.0,3.225771623326356,far,dense,0.0,0.0,115,2,3,2,3,0.8942870870365023,15.983228385448456
57,61.0,-0.3815881299999999,-0.1084718066666666,-0.2399421133333333,293.3833333333334,-99.85666666666668,10.696444052825576,-11.470713132056297,0.5,12.333333333333334,23.80404646538963,7.599999999999999,0.9,3.0,0.5,3.4,3.7000000000000006,1.0,1.0,3.0,4.935157654121064,near,non_dense,0.0,0.0,115,2,3,2,3,0.2220489211525234,9.600597620010376
24,82.0,-0.1851314833333333,-0.05335823,-0.3047381466666667,144.72666666666666,-112.7,8.602568053207323,-0.3266469462845852,0.5,10.333333333333334,10.65998027961792,9.5,4.7,4.0,3.9,1.8,3.8,1.0,1.0,3.0,3.0917028753748377,far,non_dense,0.0,0.0,117,3,4,2,6,0.020641535324773905,8.538750559091568
53,37.0,-0.2832621066666667,-0.1256780566666666,-0.2650330744444444,167.67666666666665,-129.5922222222222,11.946753822168809,12.661331164539714,0.5,25.444444444444443,12.78311327990473,8.7,0.8,2.0,0.0,0.0,8.7,0.0,0.0,5.0,2.1245093360586345,far,dense,0.0,0.0,118,2,2,2,2,0.2869393602334056,12.55635917186737
32,64.0,-0.3082754633333333,-0.3077600733333334,-0.2597835966666666,-297.31666666666666,-190.5133333333333,-14.41096900319294,9.317182279381347,-0.5,-15.0,-24.317182279381345,4.3,2.1,3.0,3.2000000000000006,0.6,0.5,1.0,1.0,1.0,4.552911176389307,near,non_dense,-0.5,-0.5,114,2,5,1,6,0.91809376542143,-10.23096963763237
56,46.0,-0.2235969166666666,-0.3154512533333333,-0.30968369,-22.296666666666663,-126.38,-10.995689717671963,-16.235640827081514,-0.5,-18.0,-1.7643591729184849,2.4,1.1,2.0,2.0,0.0,0.4000000000000001,4.0,0.0,1.0,2.3203499840287125,far,dense,0.0,0.0,122,2,3,2,3,0.8387677094455981,-9.04945507645607
29,20.0,-0.19060465,-0.32319331,-0.3099824866666666,-382.2633333333333,1.436666666666649,-15.930707393942924,-7.3009791046904065,-0.5,-37.0,-29.69902089530959,1.3999999999999997,1.1,1.0,1.3999999999999997,0.0,0.0,3.0,0.0,0.0,2.4816767806937783,near,dense,2.0,0.75,122,2,1,2,1,0.3342313276089851,-16.760161519050598
57,68.0,-0.3790094366666667,-0.3188162333333333,-0.2725123833333333,-423.3333333333333,-134.52,-13.064969264542531,18.681045667645467,-0.5,-15.666666666666666,-34.347712334312135,2.2,0.9,3.0,0.5,0.0,1.7,1.0,0.0,2.0,4.134552508648263,near,non_dense,0.0,0.0,115,2,3,2,3,0.5356060410950109,-10.85047796368599
30,77.0,-0.3626728966666666,-0.2904846966666667,-0.2336572133333333,-118.62666666666662,-142.88,-5.84085917099856,-4.488686632529077,-0.5,-14.0,-9.511313367470924,4.5,1.2,4.0,1.5,0.6,2.4,1.0,1.0,3.0,2.1460510725471544,far,non_dense,0.0,0.0,120,1,4,1,6,2.105318200383324,-10.358979552984238
72,94.0,-0.3314559366666667,-0.3048016833333333,-0.2332411799999999,-326.1,-206.61666666666667,-8.340814089879247,9.643785061404644,-0.5,-15.0,-24.64378506140465,8.0,3.2000000000000006,4.0,4.8,0.0,3.2000000000000006,2.0,0.0,3.0,2.7841168294063223,far,non_dense,0.0,0.0,116,1,4,1,6,0.6788330995397616,-10.230764746665955
71,7.0,-0.40949706,-0.058441975,-0.1897561466666666,279.17333333333335,16.126666666666676,16.512989246121506,2.37966923026572,0.5,22.5,20.12033076973428,5.2,1.9,1.0,0.8000000000000002,0.6999999999999998,3.7000000000000006,1.0,1.0,4.0,2.1181546300252987,near,dense,0.0,0.0,116,2,2,2,2,2.3010641259379243,11.638979613780975
40,34.0,-0.28525423,-0.0744244933333333,-0.4336703733333333,345.00666666666666,-39.88,15.681090496958282,-18.985298866872725,0.5,7.0,25.985298866872725,4.6,3.4,2.0,0.9,1.8,1.9,1.0,2.0,2.0,2.762678113817491,far,dense,1.5,0.5,120,2,2,2,2,2.6101107016796736,8.470194786787033
53,47.0,-0.296296225,-0.3667603633333333,-0.2919808866666666,-242.215,-118.665,-14.759142871278677,-0.8676645873810599,-0.5,-19.33333333333333,-18.465668745952275,3.6,0.8000000000000002,2.0,0.6999999999999998,0.0,2.9,1.0,0.0,3.0,1.912057789283817,far,dense,0.0,0.0,118,2,2,2,2,1.4678323306082546,-11.952562630176544
11,66.0,-0.3228615066666667,-0.10340299,-0.2777913166666667,386.6666666666667,150.04166666666666,13.14906980426411,3.716986694724991,0.5,32.5,28.78301330527501,5.400000000000001,1.8,3.0,0.8000000000000002,0.6,4.0,1.0,1.0,5.0,4.762171415263768,near,non_dense,-1.0,-1.25,113,2,4,1,6,0.3100067258864939,14.625374972820282
46,73.0,-0.3655530899999999,-0.2995635966666666,-0.2623460666666666,-227.41666666666663,-100.49333333333334,11.90624645393959,2.596249065817716,0.5,-15.0,-17.596249065817716,7.5,0.6999999999999998,4.0,6.099999999999999,0.0,1.3999999999999997,3.0,0.0,1.0,4.0441433890094665,far,non_dense,-1.0,-1.0,115,2,4,2,6,5.429484325514644,-10.051366686820984
14,56.0,-0.2868517533333333,-0.1708676533333333,-0.2189461133333333,1.7633333333333308,-3.3799999999999955,10.36301709296611,25.534264631762344,0.5,25.666666666666668,0.1324020349043208,3.1,0.8000000000000002,3.0,0.5,0.6999999999999998,1.9,1.0,1.0,2.0,3.686485718790562,near,non_dense,0.0,0.0,118,2,4,1,6,0.553026596503542,12.401741743087769
33,12.0,-0.2639479033333333,-0.13672883,-0.2162181399999999,532.2199999999999,-240.67666666666665,15.216335540151212,-9.860986203391269,0.5,32.0,41.86098620339127,0.8000000000000002,2.6,1.0,0.0,0.4000000000000001,0.4000000000000001,0.0,1.0,1.0,2.310130374811005,near,dense,0.0,0.0,114,2,2,1,2,1.209098467616553,18.00951063632965
40,12.0,-0.2968252,-0.0493205133333333,-0.45651573,513.2700000000001,-24.69333333333334,15.200460477850225,-21.6585989142232,0.5,17.0,38.6585989142232,2.7999999999999994,1.5,1.0,0.4000000000000001,0.4000000000000001,2.0,1.0,1.0,2.0,2.233226744477662,near,dense,1.5,0.5,120,2,2,2,2,1.0364606007302044,12.885808944702148
62,29.0,-0.37922914,-0.0970763066666666,-0.21981533,147.83333333333334,-116.57333333333334,12.946183849234956,6.120193634492263,0.5,17.666666666666668,11.546473032174404,3.1,0.6,2.0,0.0,0.0,3.1,0.0,0.0,3.0,2.246709974402329,far,dense,-3.0,-3.0,118,2,3,1,3,1.1898073134934852,10.273031890392303
57,91.0,-0.35210181,-0.28670031,-0.2643680466666667,-100.50666666666666,-143.88,-7.79108558823312,-4.1785914254264105,-0.5,-12.333333333333334,-8.154741907906923,1.3999999999999997,1.1,4.0,0.4000000000000001,0.0,1.0,1.0,0.0,2.0,2.9053275452929594,far,non_dense,0.0,0.0,115,2,3,2,3,0.5644590091620894,-9.431023895740509
71,33.0,-0.4128691733333333,-0.05012266,-0.1906964933333333,306.7933333333333,15.566666666666682,27.138704506341323,6.889065295338576,0.5,29.0,22.11093470466142,5.599999999999999,4.3,2.0,5.599999999999999,0.0,0.0,1.0,0.0,0.0,4.727860110305445,far,dense,0.0,0.0,116,2,2,2,2,3.1165734126964635,12.403981387615204
33,49.0,-0.3365788783333334,-0.2713196558333333,-0.3809301725,259.49833333333333,-209.39083333333332,11.848636381376208,-18.577128790355548,0.5,1.8333333333333333,20.41046212368888,22.100000000000005,2.0,3.0,0.4000000000000001,1.7,20.0,1.0,1.0,13.0,3.9920192426579386,near,non_dense,0.0,0.0,114,2,2,1,2,1.2769181981264381,6.751154363155365
40,88.0,-0.2739599666666666,-0.0452368033333333,-0.4200368633333333,311.98,-30.99000000000001,13.251763463887428,-17.49778808280116,0.5,6.0,23.49778808280116,2.9,1.0,4.0,0.0,0.5,2.4,0.0,1.0,4.0,4.759782247742971,far,non_dense,1.5,0.5,120,2,2,2,2,1.0973978269551643,8.028388768434525
14,81.0,-0.273788105,-0.3178461833333333,-0.1948443133333333,-299.74,181.90833333333333,-14.760913230317849,-9.660323032136672,-0.5,-32.166666666666664,-22.506343634529998,2.7000000000000006,0.5,4.0,0.0,0.4000000000000001,2.3,0.0,1.0,3.0,4.831606002759902,far,non_dense,0.0,0.0,118,2,4,1,6,0.01764562719131732,-14.84616994857788
32,60.0,-0.21855153,-0.1814444966666666,-0.2417669266666666,239.45666666666665,-154.75,12.741093946049167,18.415119419206032,0.5,38.0,19.584880580793968,5.2,2.7000000000000006,3.0,0.0,0.8000000000000002,4.4,0.0,1.0,5.0,4.661222588883926,near,non_dense,-0.5,-0.5,114,2,5,1,6,0.4979996850266036,15.062381327152252
62,46.0,-0.36910117,-0.27523147,-0.2609054933333333,-191.31333333333336,-394.5,-10.766478655201649,-1.0544122592537903,-0.5,-11.0,-9.94558774074621,3.2999999999999994,0.6999999999999998,2.0,3.2999999999999994,0.0,0.0,2.0,0.0,0.0,2.27898898733385,far,dense,-3.0,-3.0,118,2,3,1,3,1.15138672040714,-8.142480999231339
71,8.0,-0.3941534933333333,-0.0389738266666666,-0.1814126033333333,344.8733333333333,-3.99333333333332,28.235557299553523,3.47793092982956,0.5,28.33333333333333,24.85540240350377,3.0,2.6,1.0,2.2,0.8000000000000002,0.0,1.0,1.0,0.0,4.710165660615414,near,dense,0.0,0.0,116,2,2,2,2,3.179779744414746,13.258267939090729
28,77.0,-0.4789689399999999,-0.3023149066666666,-0.2287280133333333,-113.59000000000002,-71.86000000000001,-6.452543516179152,-1.982830274854452,-0.5,-11.0,-9.017169725145548,7.900000000000001,1.5,4.0,2.2,0.0,5.7,1.0,0.0,5.0,2.2057741053513324,far,non_dense,0.0,0.0,115,2,1,1,1,0.8267649773796792,-8.276200294494629
59,10.0,-0.3399654233333333,0.0289258866666666,-0.1823035333333333,755.8666666666668,-149.85333333333332,46.98853647010364,-7.567596539436501,0.5,45.0,52.5675965394365,3.7000000000000006,0.6999999999999998,1.0,3.7000000000000006,0.0,0.0,5.0,0.0,0.0,7.549615770269693,near,dense,0.0,0.0,119,2,2,2,2,3.206217676917622,22.7828249335289
57,49.0,-0.350333325,-0.10946124,-0.390004465,169.98666666666668,-28.34333333333333,9.579293891259422,-1.6254273349127148,0.5,12.166666666666666,13.79209400157938,7.599999999999999,0.6999999999999998,3.0,0.0,0.0,7.599999999999999,0.0,0.0,7.0,4.462362342035964,near,non_dense,0.0,0.0,115,2,3,2,3,0.0638698298369243,9.864304214715958
37,5.0,-0.4241131733333333,-0.045073375,-0.2015115666666666,333.90833333333336,-32.91666666666667,16.711243499705997,-10.045123294406162,0.5,14.666666666666666,24.711789961072828,6.099999999999999,0.4000000000000001,1.0,3.2000000000000006,0.0,2.9,3.0,0.0,2.0,2.5772241246737733,near,dense,0.0,0.0,120,3,3,2,3,2.4630600080853484,10.363385826349258
28,80.0,-0.4791724666666666,-0.34842362,-0.2429898333333333,-114.88333333333333,-38.633333333333326,-11.212313975296874,-3.880160971413528,-0.5,-13.0,-9.119839028586473,5.7,1.3999999999999997,4.0,1.2,0.6,3.9,1.0,1.0,5.0,5.374846454031939,far,non_dense,0.0,0.0,115,2,1,1,1,0.2724100287208092,-9.748151898384094
45,29.0,-0.3676379833333333,-0.03786332,-0.2142749133333333,280.24333333333334,-23.856666666666676,11.88325338686044,11.991967868347494,0.5,33.333333333333336,21.34136546498584,9.8,1.9,2.0,1.1,1.3999999999999997,7.3,1.0,1.0,5.0,2.076432753674613,far,dense,0.0,0.0,116,2,2,2,2,0.9793086482485732,13.916721940040588
46,38.0,-0.3404372866666666,-0.0595562133333333,-0.2755699733333333,332.5566666666667,-163.79666666666665,40.05924996302,6.601930173942551,0.5,32.333333333333336,25.731403159390783,3.9,0.6999999999999998,2.0,3.9,0.0,0.0,4.0,0.0,0.0,6.921215187377672,far,dense,-1.0,-1.0,115,2,4,2,6,3.88965453583877,13.138113915920258
40,90.0,-0.27344836,-0.1392782466666666,-0.3081508466666666,84.91666666666667,117.21333333333332,7.30611485098457,6.6042251489480135,0.5,13.0,6.3957748510519865,8.8,5.3,4.0,6.0,2.7999999999999994,0.0,3.0,3.0,0.0,2.732616567778852,far,non_dense,1.5,0.5,120,2,2,2,2,0.3590136828020756,8.287161588668823
63,69.0,-0.3176417333333333,-0.12050495,-0.2118570566666666,233.02666666666664,-110.83666666666666,12.05959340736831,22.544849783824287,0.5,40.0,17.455150216175713,5.2,2.0,3.0,1.3,2.4,1.5,1.0,1.0,2.0,4.600415535004833,near,non_dense,99.0,99.0,119,2,1,1,1,0.8811406939180904,16.11320674419403
38,86.0,-0.4350285241666666,-0.1249490991666666,-0.1884304741666666,256.40833333333336,4.170000000000006,9.568008382328278,-10.311151402649443,0.5,10.916666666666666,21.22781806931611,3.9,1.0,4.0,1.0,0.0,2.9,1.0,0.0,5.0,3.4546152666402943,far,non_dense,2.0,2.0,115,2,1,2,1,0.16444571761590174,8.999911695718765
45,27.0,-0.281754255,-0.33115426,-0.3063176549999999,-416.095,-69.91499999999999,10.760325625930475,5.186874965161053,0.5,-26.5,-31.686874965161053,3.7,1.7,2.0,3.7,0.0,0.0,4.0,0.0,0.0,1.900159154854816,far,dense,0.0,0.0,116,2,2,2,2,13.570241154268693,-15.025292336940765
42,59.0,-0.43798253,-0.1408008733333333,-0.2186746966666666,168.69333333333336,-363.3333333333333,7.890664022003951,-5.711570240885255,0.5,7.0,12.711570240885257,11.1,1.3,3.0,4.7,0.0,6.400000000000001,5.0,0.0,3.0,2.8466663139396835,near,non_dense,0.0,0.0,118,2,3,2,3,0.0648852233145214,7.705957442522049
71,85.0,-0.4108932666666667,-0.1140084633333333,-0.189546475,176.94833333333335,14.97666666666666,13.582056201916194,3.413804660434465,0.5,16.166666666666668,12.7528620062322,12.9,2.2,4.0,0.0,0.0,12.9,0.0,0.0,8.0,4.49413765441625,far,non_dense,0.0,0.0,116,2,2,2,2,0.700000933835527,10.436155647039413
37,73.0,-0.4392335033333333,-0.1500080499999999,-0.19468701,178.09333333333336,121.89333333333332,6.2440276613760615,-8.513612492186304,0.5,4.666666666666667,13.18027915885297,3.5,1.7,4.0,1.6000000000000003,0.0,1.9,1.0,0.0,2.0,2.218791114220925,far,non_dense,0.0,0.0,120,3,3,2,3,0.3202348580917894,6.954561918973923
15,76.0,-0.14093664,-0.2910006866666667,-0.23658062,-223.72333333333333,-105.83,-9.884669786038032,-25.76027079802921,-0.5,-43.0,-17.23972920197079,6.5,0.8000000000000002,4.0,6.5,0.0,0.0,6.0,0.0,0.0,3.0610642564889203,far,non_dense,0.0,0.0,123,1,1,2,1,2.275355361784349,-16.84967875480652
30,60.0,-0.3891783666666666,-0.1325737466666666,-0.2196885266666667,307.96,-246.4,12.376929101248516,13.308215707713163,0.5,38.0,24.69178429228684,2.0,1.1,3.0,0.6999999999999998,0.5,0.8000000000000002,1.0,1.0,1.0,4.609844721283083,near,non_dense,0.0,0.0,120,1,4,1,6,0.38463212241260764,14.150023460388184
56,39.0,-0.3057250766666666,-0.0220634366666666,-0.2472981066666666,509.9666666666668,-60.943333333333335,16.46046717397542,1.312456790033531,0.5,41.66666666666666,40.354209876633135,5.0,1.9,2.0,1.8,0.4000000000000001,2.7999999999999994,1.0,1.0,3.0,2.8850216443029457,far,dense,0.0,0.0,122,2,3,2,3,0.7361368754310426,18.58423799276352
37,87.0,-0.4578133833333333,-0.1167942233333333,-0.2399464666666666,201.14333333333332,15.086666666666682,10.016571272426994,-9.219490129070865,0.5,5.666666666666667,14.886156795737527,4.6,0.5,4.0,0.0,0.0,4.6,0.0,0.0,3.0,3.715170192182308,far,non_dense,0.0,0.0,120,3,3,2,3,0.7536686899243581,7.216563820838928
59,65.0,-0.3329171066666667,-0.14475721,-0.2039320333333333,154.96,-84.53666666666668,-22.39577839638364,3.661910905568868,-0.5,15.333333333333334,11.671422427764464,0.4000000000000001,1.2,3.0,0.4000000000000001,0.0,0.0,1.0,0.0,0.0,7.766942967913134,near,non_dense,0.0,0.0,119,2,2,2,2,4.200400351294861,10.228491574525833
11,87.0,-0.2595570888888889,-0.1132145122222222,-0.3324769488888889,108.96555555555555,-171.61777777777775,14.71349420665998,28.683873854725014,0.5,36.55555555555556,7.871681700830539,2.6,2.9,4.0,1.1,0.0,1.5,1.0,0.0,3.0,5.219159196014101,far,non_dense,-1.0,-1.25,113,2,4,1,6,0.5363072919495065,17.512567341327667
72,96.0,-0.3443799466666666,-0.3014803983333333,-0.2401154916666666,-81.69166666666666,-111.22,-12.184206267166395,-8.75544692126684,-0.5,-15.0,-6.244553078733159,8.4,1.7,4.0,4.5,0.0,3.9,1.0,0.0,7.0,5.673776965670055,far,non_dense,0.0,0.0,116,1,4,1,6,0.3405740986897868,-10.251864790916443
15,6.0,-0.1931830799999999,-0.1745320366666666,-0.2068689666666666,303.1433333333334,-92.51333333333334,12.525637374855094,-3.3596956481193936,0.5,20.0,23.359695648119395,8.4,0.6,1.0,7.599999999999999,0.0,0.8000000000000002,3.0,0.0,1.0,1.977625931907265,near,dense,0.0,0.0,123,1,1,2,1,0.524713105971166,11.487951129674911
56,53.0,-0.2017023466666666,-0.3703061266666667,-0.3465068333333334,-124.46,-62.693333333333335,-16.571940346707095,-21.48467990256186,-0.5,-31.33333333333333,-9.848653430771472,4.3,1.3999999999999997,3.0,2.3,0.0,2.0,2.0,0.0,3.0,4.81230179074029,near,non_dense,0.0,0.0,122,2,3,2,3,0.6933277715669192,-13.235437870025635
30,83.0,-0.4086162433333333,-0.1581014349999999,-0.2591502583333333,221.6483333333333,-90.18,10.070011210463065,1.561892771534539,0.5,19.33333333333333,17.771440561798794,4.3,0.6,4.0,0.0,0.0,4.3,0.0,0.0,6.0,3.392788160263212,far,non_dense,0.0,0.0,120,1,4,1,6,0.31204701875373503,11.12872064113617
38,70.0,-0.4345024683333333,-0.1071519966666666,-0.1892976533333333,62.44166666666666,-15.46333333333333,11.654419125828312,7.163843236372576,0.5,12.333333333333334,5.169490096960758,7.7,0.5,3.0,1.3999999999999997,0.0,6.3,2.0,0.0,6.0,4.319478154962037,near,non_dense,2.0,2.0,115,2,1,2,1,0.8637112311843668,7.923637330532074
23,92.0,-0.4237654216666666,-0.28114468,-0.2295578233333333,-150.29666666666665,-254.79666666666665,-6.837384491542871,-0.0834144126973474,-0.5,-12.0,-11.916585587302654,12.0,0.5,4.0,9.7,0.0,2.3,4.0,0.0,3.0,2.3830695309856678,far,non_dense,99.0,99.0,112,2,4,1,6,0.7058407452302997,-8.519452065229416
39,7.0,-0.3051679866666666,-0.1278925766666666,-0.3259272266666667,366.21,-64.31666666666668,21.92562469367307,-25.593454422094283,0.5,4.0,29.593454422094283,3.2000000000000006,0.6,1.0,2.5,0.0,0.6999999999999998,3.0,0.0,1.0,3.1347129134704623,near,dense,0.0,0.0,114,2,5,1,6,4.438524889456609,8.01212340593338
10,9.0,-0.2056290466666666,-0.1689377333333333,-0.25581385,152.07666666666668,-184.48,15.202896066149004,20.941242999107743,0.5,32.0,11.058757000892257,2.7999999999999994,1.2,1.0,0.4000000000000001,1.1,1.3,1.0,1.0,2.0,2.3777632079193034,near,dense,0.0,0.0,118,1,2,1,2,0.03323211838107065,15.281914174556732
56,52.0,-0.23422536,-0.3516094999999999,-0.3389896733333333,-269.20666666666665,-119.34000000000002,-13.288300328185557,-5.69738742364439,-0.5,-27.0,-21.30261257635561,2.3,2.7999999999999994,3.0,1.9,0.4000000000000001,0.0,1.0,1.0,0.0,4.772047830780882,near,non_dense,0.0,0.0,122,2,3,2,3,0.12782226748914088,-13.898274302482605
57,45.0,-0.2684527233333333,-0.41840114,-0.2923333466666666,-386.2,32.75333333333335,-30.88002869925006,-5.998483325038819,-0.5,-37.333333333333336,-31.334850008294516,1.1,0.6,2.0,1.1,0.0,0.0,1.0,0.0,0.0,4.488027636879436,far,dense,0.0,0.0,115,2,3,2,3,3.068892668652094,-17.10675358772278
37,12.0,-0.44593085,-0.0351815299999999,-0.2143115466666666,268.7366666666666,42.92666666666667,14.933620960969208,-4.888584376467118,0.5,15.0,19.88858437646712,3.9,0.8000000000000002,1.0,2.7000000000000006,0.0,1.2,2.0,0.0,1.0,2.306517050765637,near,dense,0.0,0.0,120,3,3,2,3,2.184963034679448,9.89396646618843
32,62.0,-0.21297127,-0.16717825,-0.2470377633333333,431.46,-327.3433333333333,13.971212904334791,-1.2886085529296902,0.5,34.0,35.288608552929695,3.0,0.6999999999999998,3.0,0.0,0.0,3.0,0.0,0.0,5.0,5.082648515432899,near,non_dense,-0.5,-0.5,114,2,5,1,6,0.4296113734033678,16.154776513576508
50,75.0,-0.34360267,-0.0664523066666666,-0.3474669733333333,262.16333333333336,-42.46999999999999,-17.28409236896142,-19.74188059670371,-0.5,1.6666666666666667,21.408547263370377,2.2,1.9,4.0,2.2,0.0,0.0,4.0,0.0,0.0,5.487952960297416,far,non_dense,0.0,0.0,117,1,1,1,1,4.384928147821564,6.780187040567398
23,76.0,-0.3537899866666666,-0.2549234333333333,-0.22052547,-154.96666666666667,-187.3,-8.337470352659272,-1.7131436946106504,-0.5,-14.0,-12.28685630538935,8.6,2.7999999999999994,4.0,8.6,0.0,0.0,5.0,0.0,0.0,2.7674447924761822,far,non_dense,99.0,99.0,112,2,4,1,6,0.5307637602416755,-9.806329756975174
50,93.0,-0.3812025466666666,-0.13721181,-0.3091130666666666,110.7033333333333,-8.98999999999999,-10.775661435533973,-9.04015643128067,-0.5,0.0,9.04015643128067,2.6,1.9,4.0,2.1,0.0,0.5,3.0,0.0,1.0,3.600070725937826,far,non_dense,0.0,0.0,117,1,1,1,1,4.560643606029615,5.642978101968765
29,16.0,-0.2138931633333333,-0.13246179,-0.3263756033333333,89.80000000000003,-258.42333333333335,16.626992675613746,27.02320718771841,0.5,34.0,6.976792812281597,4.2,0.9,1.0,0.0,0.0,4.2,0.0,0.0,5.0,2.689914775113213,near,dense,2.0,0.75,122,2,1,2,1,0.026143171743978736,16.556669771671295
62,44.0,-0.3541092966666666,-0.2540186166666666,-0.2445558733333333,-295.59,-159.38,-15.860117200637982,7.436085828493653,-0.5,-15.0,-22.436085828493656,6.8,0.4000000000000001,2.0,1.3,0.0,5.5,2.0,0.0,4.0,2.049719950608877,far,dense,-3.0,-3.0,118,2,3,1,3,2.773634728631859,-10.174942761659622
11,67.0,-0.2350480483333333,-0.4727868883333333,-0.34375393,-356.29,-101.52166666666666,-19.06242157915964,-12.738789694277989,-0.5,-39.333333333333336,-26.594543639055345,1.5,3.5,3.0,0.5,0.0,1.0,1.0,0.0,1.0,5.715546540257621,near,non_dense,-1.0,-1.25,113,2,4,1,6,0.3270958981766175,-17.192889750003815
40,28.0,-0.2170781299999999,-0.2995849866666666,-0.4066938866666666,-515.3933333333333,14.98333333333334,-20.329965713482547,9.818524668104262,-0.5,-29.0,-38.81852466810426,1.6000000000000003,2.7999999999999994,2.0,0.6,0.5,0.5,1.0,1.0,1.0,2.3472625355935475,far,dense,1.5,0.5,120,2,2,2,2,1.7734017302397675,-16.167326271533966
15,82.0,-0.1764787666666666,-0.2076548333333333,-0.22555528,187.03,-45.086666666666666,9.217004007665569,1.9211282914902963,0.5,16.333333333333332,14.412205041843038,8.8,0.8000000000000002,4.0,2.9,0.5,5.400000000000001,2.0,1.0,7.0,3.2074296888075358,far,non_dense,0.0,0.0,123,1,1,2,1,0.45349760249028215,10.671565681695938
23,71.0,-0.3062255966666666,-0.2977718733333333,-0.2725104466666667,-427.27,-254.6733333333333,-14.26733108534926,11.87699565672429,-0.5,-22.0,-33.87699565672429,3.1,1.3999999999999997,3.0,2.5,0.6,0.0,4.0,1.0,0.0,4.673312416978566,near,non_dense,99.0,99.0,112,2,4,1,6,0.2163686394790893,-13.256172835826874
53,87.0,-0.3238559866666666,-0.1062035733333333,-0.23169646,367.41,-130.6,47.08637850809075,10.656546096304282,0.5,38.66666666666666,28.010120570362385,11.699999999999998,4.1,4.0,9.1,2.6,0.0,4.0,3.0,0.0,14.208850374199434,far,non_dense,0.0,0.0,118,2,2,2,2,2.3283499591929195,14.003202319145203
37,8.0,-0.4218427233333333,-0.0584775399999999,-0.1914664766666666,223.41333333333333,13.856666666666664,15.290739912485398,-1.5343084214823957,0.5,15.0,16.534308421482397,5.1,2.1,1.0,2.9,0.9,1.3,2.0,2.0,2.0,2.242366250128138,near,dense,0.0,0.0,120,3,3,2,3,2.2972477644405704,10.139469057321548
57,87.0,-0.35926795,-0.11921564,-0.2308552766666666,410.1033333333333,-205.61,10.195991034091929,-17.274278710257914,0.5,16.0,33.27427871025791,8.4,1.0,4.0,0.0,2.7000000000000006,5.7,0.0,2.0,3.0,3.7236705537334096,far,non_dense,0.0,0.0,115,2,3,2,3,0.3996214515658502,11.684049665927887
62,80.0,-0.3468673133333333,-0.25255308,-0.2446502433333333,-0.6366666666666893,-39.66666666666666,-11.388389818408706,-8.950273363040688,-0.5,-9.0,-0.0497266369593104,4.5,0.6,4.0,1.5,0.0,3.0,2.0,0.0,2.0,5.542192940390364,far,non_dense,-3.0,-3.0,118,2,3,1,3,1.0246014021596395,-5.709851160645485
10,58.0,-0.267839975,-0.22711435,-0.2798794266666667,42.051666666666655,-185.00333333333333,25.92626529806921,-0.0579258037559169,0.5,3.0,3.0579258037559165,12.1,2.1,3.0,0.0,6.2,5.900000000000001,0.0,1.0,1.0,13.82101401287908,near,non_dense,0.0,0.0,118,1,2,1,2,1.6928118383617003,2.5298891589045525
56,9.0,-0.3100233966666666,-0.1042804099999999,-0.25306435,49.936666666666646,-47.16333333333333,15.50244778409798,24.38179128377558,0.5,28.33333333333333,3.951542049557754,5.5,0.9,1.0,0.6,0.8000000000000002,4.1,1.0,1.0,6.0,2.4161005905945574,near,dense,0.0,0.0,122,2,3,2,3,0.5413951149401194,14.194382727146149
45,25.0,-0.3809620166666667,-0.0419233983333333,-0.21600626,5.178333333333328,-26.435,21.639385021698885,27.10565447587388,0.5,27.5,0.3943455241261209,0.5,1.3999999999999997,2.0,0.0,0.0,0.5,0.0,0.0,1.0,1.9103197400365195,far,dense,0.0,0.0,116,2,2,2,2,4.3822989863534625,13.267792761325836
73,12.0,-0.30863042,-0.0728071,-0.2001649533333333,521.2133333333334,158.43666666666667,16.2995660442463,-8.49660808349188,0.5,32.0,40.49660808349188,1.1,2.5,1.0,0.6999999999999998,0.4000000000000001,0.0,1.0,1.0,0.0,2.4971946389715165,near,dense,0.0,0.0,114,2,1,1,1,0.5145580299800234,17.58451759815216
33,48.0,-0.2860044733333333,-0.28615728,-0.22837084,-70.35000000000002,-268.87,-4.828597137664903,-9.466723574069787,-0.5,-15.0,-5.533276425930211,5.8,2.6,2.0,2.5,0.0,3.2999999999999994,1.0,0.0,3.0,1.2621646266320443,far,dense,0.0,0.0,114,2,2,1,2,4.181998243765926,-10.106967389583588
63,7.0,-0.2848398199999999,-0.1125707,-0.2395202566666666,332.74333333333334,-109.46,11.32682345083232,13.07544973351679,0.5,38.0,24.92455026648321,3.5,0.6999999999999998,1.0,0.6999999999999998,0.8000000000000002,2.0,1.0,1.0,3.0,1.3674974146505985,near,dense,99.0,99.0,119,2,1,1,1,2.064588341153672,14.150142669677734
15,31.0,-0.1767093033333333,-0.1411012866666666,-0.2091167866666666,57.78333333333334,-54.49,14.166596805178118,25.213983952657344,0.5,29.666666666666668,4.452682714009323,10.4,0.6999999999999998,2.0,2.4,2.2,5.8,3.0,1.0,3.0,3.9529632940785966,far,dense,0.0,0.0,123,1,1,2,1,0.1770106325423657,14.866313338279724
53,8.0,-0.2410333333333333,-0.0920938766666666,-0.24972711,223.44333333333336,-109.90666666666668,32.55679766082475,27.965420899511884,0.5,45.0,17.03457910048812,8.9,8.0,1.0,8.9,0.0,0.0,6.0,0.0,0.0,5.486765799217203,near,dense,0.0,0.0,118,2,2,2,2,2.7253980533958795,17.603176832199097
15,63.0,-0.1693623233333333,-0.29444169,-0.2672374566666666,-367.67333333333335,-94.93666666666668,-19.195252662934376,-16.667735291568725,-0.5,-45.0,-28.33226470843128,1.3,0.6999999999999998,3.0,0.9,0.0,0.4000000000000001,2.0,0.0,1.0,5.268667221727124,near,non_dense,0.0,0.0,123,1,1,2,1,0.0856982614354866,-18.743737041950226
42,21.0,-0.2873039933333333,-0.3447989633333333,-0.2385657366666667,-438.4633333333333,-87.86666666666666,-16.402960150151475,-0.2937499094516234,-0.5,-33.333333333333336,-33.03958342388171,1.6000000000000003,1.2,1.0,0.5,1.1,0.0,1.0,1.0,0.0,2.6192789807512056,near,dense,0.0,0.0,118,2,3,2,3,0.39241164708390536,-17.43079572916031
71,94.0,-0.4038827433333333,-0.0824474499999999,-0.1818651433333333,256.30333333333334,25.10333333333333,-15.73657408766787,3.5279354138929397,-0.5,22.0,18.472064586107063,4.4,2.9,4.0,4.4,0.0,0.0,5.0,0.0,0.0,5.339140897680792,far,non_dense,0.0,0.0,116,2,2,2,2,5.084661587474134,11.41115054488182
32,67.0,-0.2741548433333333,-0.31879147,-0.2639263466666666,-381.3966666666667,-138.63333333333333,-15.661196573909896,-2.80601290179343,-0.5,-34.0,-31.193987098206566,1.7,1.3999999999999997,3.0,0.5,0.0,1.2,1.0,0.0,1.0,4.896723161061591,near,non_dense,-0.5,-0.5,114,2,5,1,6,0.23891678886150855,-16.831105947494507
73,26.0,-0.2867114366666667,-0.1056435966666666,-0.2123601233333333,536.8666666666667,413.7466666666666,15.256224123849975,-0.7128219918088708,0.5,41.0,41.71282199180887,1.1,3.4,2.0,0.0,0.6,0.5,0.0,1.0,1.0,2.5407462784592085,far,dense,0.0,0.0,114,2,1,1,1,1.3589816167253186,18.709051609039307
42,40.0,-0.3503169533333333,-0.0582051433333333,-0.2533679766666666,313.30333333333334,-204.4466666666667,16.429120332494417,5.391614003496557,0.5,29.0,23.608385996503443,6.5,1.0,2.0,0.0,0.5,6.0,0.0,1.0,6.0,2.9941115829430345,far,dense,0.0,0.0,118,2,3,2,3,1.286414006339428,12.577453255653381
33,80.0,-0.3427480866666666,-0.3469524233333333,-0.3889434066666666,-119.30833333333337,-184.60833333333332,-21.23891293850917,-12.61597742359123,-0.5,-22.0,-9.38402257640877,3.5,1.9,4.0,2.1,0.6999999999999998,0.6999999999999998,1.0,1.0,1.0,9.50914867416582,far,non_dense,0.0,0.0,114,2,2,1,2,0.9492131341856938,-12.212704122066498
59,35.0,-0.4290572399999999,-0.0397517433333333,-0.2047582866666666,496.67333333333335,-110.34666666666668,36.085979688635206,-15.408907343438328,0.5,22.0,37.40890734343833,1.9,0.6,2.0,1.9,0.0,0.0,1.0,0.0,0.0,6.008780169802967,far,dense,0.0,0.0,119,2,2,2,2,3.649674395047844,14.155888557434082
57,26.0,-0.37819945,-0.0843387666666666,-0.20770359,324.06333333333333,80.44333333333333,14.065989169004888,-8.29330901912985,0.5,18.0,26.29330901912985,3.1,1.3999999999999997,2.0,0.0,1.1,2.0,0.0,1.0,2.0,2.466111692619977,far,dense,0.0,0.0,115,2,3,2,3,1.0161974810656538,11.559932678937912
11,39.0,-0.2633172466666666,-0.0120166266666666,-0.30890309,498.8033333333333,-300.18333333333334,22.819963505832146,7.767837953241448,0.5,45.0,37.23216204675855,7.599999999999999,8.6,2.0,2.4,4.8,0.4000000000000001,2.0,6.0,1.0,4.148560903306774,far,dense,-1.0,-1.25,113,2,4,1,6,1.598091243578536,16.19018465280533
38,48.0,-0.4364646166666666,-0.2555381833333333,-0.2168652766666666,-55.25999999999999,149.21333333333328,-4.888287843663334,-3.425073704662194,-0.5,-8.0,-4.574926295337806,6.5,2.4,2.0,1.1,1.5,3.9,2.0,1.0,5.0,1.3997041927168858,far,dense,2.0,2.0,115,2,1,2,1,0.9940057801825284,-6.279601901769638
62,4.0,-0.3580205166666666,-0.1016821933333333,-0.22211661,257.65,-73.73,12.904300119733987,13.876332964556472,0.5,34.0,20.12366703544353,2.9,0.6,1.0,1.0,0.0,1.9,1.0,0.0,4.0,1.9049757062913009,near,dense,-3.0,-3.0,118,2,3,1,3,0.5998163722641783,14.046935737133026
59,92.0,-0.1704206499999999,-0.19135914,-0.2106633533333333,-116.87333333333332,-64.11,-8.63424727561421,1.802775192786908,-0.5,-7.0,-8.802775192786909,8.2,0.9,4.0,6.2,0.0,2.0,4.0,0.0,2.0,2.939991285149456,far,non_dense,0.0,0.0,119,2,2,2,2,0.9828623510057735,-5.744640529155731
33,17.0,-0.2767158566666667,-0.16323637,-0.2166976233333333,367.69,-244.6733333333333,11.718569072904597,-8.920119531631537,0.5,20.0,28.92011953163154,3.2000000000000006,2.3,1.0,0.0,1.5,1.7,0.0,1.0,3.0,1.5030823022106927,near,dense,0.0,0.0,114,2,2,1,2,0.429848608505706,12.364666908979416
29,21.0,-0.1383910666666666,-0.3065920866666666,-0.3057759833333333,-423.82,-84.38999999999999,-16.68702094559075,-9.072334858561431,-0.5,-42.0,-32.92766514143857,3.6,1.2,1.0,0.0,0.0,3.6,0.0,0.0,1.0,2.582916848425139,near,dense,2.0,0.75,122,2,1,2,1,0.5586937330896061,-18.13008040189743
42,89.0,-0.3779119311111111,-0.2080096388888889,-0.22302987,-300.0533333333333,-292.6611111111111,7.802916204436591,7.223286557930653,0.5,-12.77777777777778,-20.00106433570843,5.2,1.1,4.0,1.4,0.0,3.8,1.0,0.0,4.0,3.8229163287457535,far,non_dense,0.0,0.0,118,2,3,2,3,4.4258911904653155,-9.116895496845245
37,38.0,-0.4074552266666666,-0.01146135,-0.19397019,383.4666666666667,33.596666666666664,17.998052786814807,-6.379488553463458,0.5,22.0,28.37948855346346,4.5,1.3,2.0,1.5,1.1,1.9,2.0,1.0,2.0,3.536110226127717,far,dense,0.0,0.0,120,3,3,2,3,1.5467651217081246,12.528520822525024
23,20.0,-0.3818237,-0.3440006666666667,-0.2499059033333333,-39.25333333333333,-107.33666666666666,-17.797647621597452,-20.88771736174952,-0.5,-24.0,-3.1122826382504827,0.8000000000000002,2.5,1.0,0.4000000000000001,0.0,0.4000000000000001,1.0,0.0,1.0,2.728581519350536,near,dense,99.0,99.0,112,2,4,1,6,2.7733493536967484,-10.23033782839775
40,80.0,-0.21268838,-0.2710861466666667,-0.3879714533333333,-368.32,-169.25,-12.34838962755648,-15.258781631331097,-0.5,-43.0,-27.7412183686689,2.0,2.1,4.0,1.1,0.0,0.9,1.0,0.0,1.0,5.543325352436252,far,non_dense,1.5,0.5,120,2,2,2,2,1.0682365726605418,-18.269972503185272
53,13.0,-0.3110212633333333,-0.14245364,-0.2563988366666667,151.4066666666667,-93.40333333333336,14.514549234335265,10.790590924335207,0.5,22.33333333333333,11.542742408998128,8.8,5.8,1.0,0.0,0.0,8.8,0.0,0.0,4.0,2.421810360381372,near,dense,0.0,0.0,118,2,2,2,2,1.107041837726406,11.83350384235382
23,82.0,-0.4525184733333333,-0.0744552633333333,-0.2185782766666666,120.41666666666669,-131.14333333333337,11.325144554451294,4.785846045052191,0.5,14.333333333333334,9.54748728828114,5.0,2.2,4.0,1.9,1.3,1.8,2.0,1.0,3.0,3.715496281919329,far,non_dense,99.0,99.0,112,2,4,1,6,0.5130588057892714,9.418876469135284
40,23.0,-0.2558702433333333,-0.2867211633333333,-0.43400802,-312.6766666666667,-41.690000000000005,-13.58351737206795,2.5502597979677923,-0.5,-21.0,-23.550259797967797,4.5,2.9,1.0,4.1,0.0,0.4000000000000001,1.0,0.0,1.0,2.107652882568257,near,dense,1.5,0.5,120,2,2,2,2,0.4227594304544821,-12.692487239837646
46,39.0,-0.35839449,-0.0774362733333333,-0.24735722,287.6066666666666,-148.46333333333334,35.09754717408642,7.413246924682297,0.5,29.666666666666668,22.253419741984374,4.2,0.9,2.0,4.2,0.0,0.0,4.0,0.0,0.0,5.962425180971397,far,dense,-1.0,-1.0,115,2,4,2,6,3.7766422181647217,12.579600512981415
15,29.0,-0.1750263666666666,-0.1603025433333333,-0.2101835733333333,509.3299999999999,-129.04,14.497907654441889,-22.91474662155044,0.5,16.333333333333332,39.24807995488377,4.9,0.8000000000000002,2.0,2.4,1.5,1.0,3.0,1.0,2.0,2.5643364744959403,far,dense,0.0,0.0,123,1,1,2,1,0.6764554057922496,12.76324838399887
28,88.0,-0.4297283766666666,-0.0633547866666666,-0.1958239,234.59000000000003,-112.55333333333331,13.361015831477594,3.7107622811113568,0.5,22.33333333333333,18.62257105222197,4.8,1.5,4.0,1.2,1.3999999999999997,2.2,1.0,1.0,3.0,4.990892705559973,far,non_dense,0.0,0.0,115,2,1,1,1,0.38174542658487526,11.45576536655426
23,66.0,-0.3865801966666666,-0.0768437833333333,-0.2360603966666666,344.2833333333333,-149.65666666666667,13.32793100140464,-12.297224209553434,0.5,15.0,27.297224209553438,6.5,1.5,3.0,4.1,1.7,0.6999999999999998,2.0,1.0,1.0,4.996058746810911,near,non_dense,99.0,99.0,112,2,4,1,6,0.5134083387220939,10.762912780046463
14,78.0,-0.3976306999999999,-0.1709639533333333,-0.1885193233333333,101.68,195.3,7.3720624073109535,2.03189979951844,0.5,9.666666666666666,7.634766867148227,5.7,1.3,4.0,2.6,0.0,3.1,1.0,0.0,2.0,2.639441562227263,far,non_dense,0.0,0.0,118,2,4,1,6,0.14069126667836143,7.000716030597687
72,59.0,-0.3561007599999999,-0.1544546833333333,-0.2200799533333333,271.66,-145.11333333333334,9.717459142959903,-0.7658303299232875,0.5,20.0,20.765830329923286,9.2,3.1,3.0,5.1,1.9,2.2,4.0,2.0,3.0,3.674426287491059,near,non_dense,0.0,0.0,116,1,4,1,6,0.40609289598796355,11.209617555141449
42,49.0,-0.3576347333333333,-0.0865553333333333,-0.20400809,66.91333333333334,-332.7033333333333,11.978218772303498,14.291204400841815,0.5,19.33333333333333,5.042128932491517,8.6,0.9,3.0,3.0,0.0,5.599999999999999,1.0,0.0,6.0,4.976882301721328,near,non_dense,0.0,0.0,118,2,3,2,3,0.31217265121595705,10.424572229385376
56,26.0,-0.299955385,-0.1499291816666666,-0.4876382116666666,187.1916666666667,-110.43833333333332,19.274154991161726,-3.812677568122265,0.5,11.0,14.812677568122266,3.6,0.4000000000000001,2.0,0.6,0.0,3.0,1.0,0.0,3.0,3.2836245386151792,far,dense,0.0,0.0,122,2,3,2,3,3.286443631832918,8.482708036899567
72,55.0,-0.37575386,-0.2866409833333334,-0.2229951333333333,-103.06,-151.4466666666667,-8.320096429746226,-7.122040514606884,-0.5,-15.0,-7.877959485393116,10.9,5.0,3.0,4.8,2.7999999999999994,3.2999999999999994,1.0,2.0,4.0,3.3817022624498634,near,non_dense,0.0,0.0,116,1,4,1,6,0.665386746403074,-10.570236295461655
29,68.0,-0.18217342,-0.30360654,-0.3068784933333333,-240.0633333333333,-20.213333333333367,-12.239879161000667,-23.3488626003078,-0.5,-42.0,-18.6511373996922,4.1,1.1,3.0,0.6,1.3999999999999997,2.1,1.0,1.0,2.0,4.142753208191434,near,non_dense,2.0,0.75,122,2,1,2,1,1.1775917500547988,-17.11835116147995
62,27.0,-0.3752907333333333,-0.0837369499999999,-0.2208735833333333,485.54333333333335,-106.48666666666668,14.255354863035612,-16.589866244696434,0.5,21.33333333333333,37.92319957802977,2.3,0.6,2.0,0.0,1.3,1.0,0.0,1.0,2.0,2.3612750786783274,far,dense,-3.0,-3.0,118,2,3,1,3,0.07763774834681193,14.072030782699585
56,41.0,-0.1916810433333333,-0.1245602966666666,-0.3508349233333334,247.0233333333333,-76.25,20.022144193573087,25.45277840821197,0.5,45.0,19.547221591788038,2.6,0.6999999999999998,2.0,0.9,0.0,1.7,1.0,0.0,3.0,4.852122671701236,far,dense,0.0,0.0,122,2,3,2,3,0.6423775220080158,16.905249655246735
72,46.0,-0.3720412533333333,-0.3170853466666666,-0.2323627733333333,-258.02000000000004,-109.70333333333332,-11.070296186552634,4.723181704066875,-0.5,-15.0,-19.72318170406688,8.8,4.3,2.0,5.900000000000001,0.0,2.9,3.0,0.0,2.0,2.3815306603947346,far,dense,0.0,0.0,116,1,4,1,6,0.42256653319400045,-10.063941031694412
25,90.0,-0.4036110233333334,-0.15374335,-0.24911893,222.85666666666663,-67.49666666666666,6.400547381660812,-10.967619690014963,0.5,7.0,17.967619690014963,7.900000000000001,2.5,4.0,5.400000000000001,1.3999999999999997,1.1,5.0,2.0,2.0,2.628440416518316,far,non_dense,0.0,0.0,117,2,5,1,6,0.544618670989426,7.83204510807991
40,60.0,-0.28585152,-0.0365708566666666,-0.4204979733333333,472.0033333333333,-18.976666666666663,14.96904031632118,-13.883799071657668,0.5,21.666666666666668,35.550465738324334,4.8,1.2,3.0,0.0,2.3,2.5,0.0,1.0,3.0,5.382369144877714,near,non_dense,1.5,0.5,120,2,2,2,2,0.2387388531379086,13.68405967950821
29,58.0,-0.2266026199999999,-0.1919370266666666,-0.3345747066666666,250.35666666666668,6.429999999999988,11.556624381787277,0.5491470767619381,0.5,20.0,19.450852923238063,11.6,1.7,3.0,1.3,0.8000000000000002,9.5,1.0,1.0,4.0,6.107031990686735,near,non_dense,2.0,0.75,122,2,1,2,1,0.0146535058893719,11.467134952545166
50,66.0,-0.368393726,-0.1041729179999999,-0.331075144,64.732,-18.984,19.900503067230968,1.5139134072175444,0.5,6.8,5.286086592782455,8.3,2.2,3.0,7.8,0.5,0.0,10.0,1.0,0.0,7.307398091714381,near,non_dense,0.0,0.0,117,1,1,1,1,2.0698235112601955,4.775478690862656
33,28.0,-0.2350350283333333,-0.3558284216666666,-0.2463380966666667,-226.4766666666667,-277.15333333333336,-17.938161840382534,-24.68680880327049,-0.5,-42.5,-17.81319119672951,0.5,1.0,2.0,0.0,0.0,0.5,0.0,0.0,1.0,2.1705745905169134,far,dense,0.0,0.0,114,2,2,1,2,0.4393200385693932,-16.9845849275589
30,47.0,-0.3923880566666666,-0.3441425366666666,-0.2517845,-314.25333333333333,-155.31,-11.148132753062464,10.19637459344973,-0.5,-15.0,-25.19637459344973,1.6000000000000003,1.1,2.0,0.0,0.9,0.6999999999999998,0.0,1.0,1.0,1.516907334656364,far,dense,0.0,0.0,120,1,4,1,6,0.6022124022596202,-10.234632343053818
30,62.0,-0.40097172,-0.1214192666666666,-0.2276816666666666,400.02333333333337,-279.5933333333333,13.970543000348044,6.926711720521425,0.5,39.0,32.073288279478575,4.9,1.0,3.0,0.0,0.8000000000000002,4.1,0.0,1.0,4.0,4.988098821508104,near,non_dense,0.0,0.0,120,1,4,1,6,0.21030036012214776,15.01954197883606
30,5.0,-0.3614608533333333,-0.1018194,-0.2512564,456.6466666666667,-168.41333333333333,15.722268973259096,8.386735319115651,0.5,45.0,36.61326468088435,2.6,0.9,1.0,0.0,0.0,2.6,0.0,0.0,4.0,2.420289055114646,near,dense,0.0,0.0,120,1,4,1,6,0.012592992391281175,15.752747654914856
25,66.0,-0.3700678333333334,-0.1044502533333333,-0.2414204333333333,301.31,-249.58,11.630546376683762,20.707150386054973,0.5,45.0,24.292849613945027,6.8,2.0,3.0,2.1,1.2,3.5,2.0,2.0,3.0,4.084885707285287,near,non_dense,0.0,0.0,117,2,5,1,6,1.0133913773228045,15.770134329795837
33,56.0,-0.35800172,-0.11263253,-0.2122752333333333,343.0866666666668,-187.54666666666665,11.087567506258244,5.0150196912915055,0.5,32.0,26.984980308708497,4.1,2.7000000000000006,3.0,0.0,0.8000000000000002,3.2999999999999994,0.0,1.0,5.0,4.098337354653169,near,non_dense,0.0,0.0,114,2,2,1,2,0.6568007527474266,13.779358565807343
57,34.0,-0.35064892,-0.0718195333333333,-0.2159028233333333,313.65333333333336,-161.66333333333333,15.178581697622306,5.884653492314166,0.5,31.33333333333333,25.448679841019167,3.0,1.2,2.0,0.0,0.0,3.0,0.0,0.0,4.0,2.5940084834221366,far,dense,0.0,0.0,115,2,3,2,3,0.8057479279815037,13.088464736938477
10,67.0,-0.2006474533333333,-0.3289529399999999,-0.3122144733333333,-349.1066666666666,-138.49,-15.896544856779885,-18.61355592097303,-0.5,-44.0,-25.386444079026973,3.1,1.7,3.0,0.5,0.6,2.0,1.0,1.0,2.0,4.841752585825398,near,non_dense,0.0,0.0,118,1,2,1,2,0.49768061586987705,-18.30619126558304
29,26.0,-0.2138255066666666,-0.1662914633333333,-0.2885475266666666,309.97,-21.193333333333342,13.285006505673202,7.917633986381688,0.5,32.0,24.082366013618312,3.4,1.2,2.0,0.4000000000000001,0.0,3.0,1.0,0.0,2.0,2.2877947522708424,far,dense,2.0,0.75,122,2,1,2,1,0.11317492946751807,13.026085495948792
14,31.0,-0.289442445,-0.209049775,-0.2057117616666667,107.415,49.15333333333333,17.469225302272353,9.43461366016201,0.5,17.5,8.06538633983799,6.099999999999999,1.3,2.0,1.5,0.0,4.6,1.0,0.0,5.0,4.896798880449128,far,dense,0.0,0.0,118,2,4,1,6,1.518916913556657,10.03139466047287
11,32.0,-0.3164405833333333,-0.0345534766666666,-0.2561714033333333,525.8366666666667,-263.8866666666667,18.999147631121776,5.749989675034191,0.5,45.0,39.25001032496581,6.5,4.1,2.0,4.7,1.8,0.0,5.0,3.0,0.0,3.2128310431955227,far,dense,-1.0,-1.25,113,2,4,1,6,0.4185726462222199,17.65434443950653
15,27.0,-0.1663372766666666,-0.1525047799999999,-0.2257618266666666,520.4333333333333,-67.89666666666666,17.220320825560254,-16.103683423032905,0.5,24.0,40.103683423032905,1.6000000000000003,0.6999999999999998,2.0,1.2,0.0,0.4000000000000001,1.0,0.0,1.0,2.9381875068684704,far,dense,0.0,0.0,123,1,1,2,1,0.6887871620054868,15.196534991264343
57,37.0,-0.3668924,-0.0757784733333333,-0.22901094,397.3333333333333,-94.6,15.70181361919789,-1.2381677972441416,0.5,31.0,32.23816779724414,4.8,1.0,2.0,0.0,0.6,4.2,0.0,1.0,4.0,2.740176095473675,far,dense,0.0,0.0,115,2,3,2,3,0.2092041588606977,15.12855738401413
72,62.0,-0.3289230666666666,-0.0936665266666666,-0.2179660066666666,290.02333333333326,-135.58666666666667,14.872385566108369,19.163800344601885,0.5,41.333333333333336,22.169532988731447,4.5,2.3,3.0,1.3999999999999997,1.2,1.9,2.0,1.0,3.0,5.549421843267709,near,non_dense,0.0,0.0,116,1,4,1,6,0.0668919705581294,15.243597328662872
33,93.0,-0.2813277899999999,-0.31013712,-0.2261579933333333,-128.72,-298.66,-6.716341765292616,-4.875716538084768,-0.5,-15.0,-10.124283461915232,5.2,2.4,4.0,2.5,1.7,1.0,1.0,1.0,2.0,2.280035317271772,far,non_dense,0.0,0.0,114,2,2,1,2,1.758698541347842,-10.726236552000046
45,32.0,-0.3725111066666666,-0.06281138,-0.2223273966666666,232.4033333333333,-53.32666666666666,10.7415491964184,5.301793184681434,0.5,23.0,17.698206815318567,7.2,1.9,2.0,7.2,0.0,0.0,6.0,0.0,0.0,1.793685434523333,far,dense,0.0,0.0,116,2,2,2,2,0.4950726982322801,11.629553884267807
25,50.0,-0.3536621133333333,-0.06041985,-0.2659129033333333,430.56,315.32,15.172121477550869,15.863568824305782,0.5,39.0,23.136431175694216,4.0,0.8000000000000002,3.0,0.0,0.0,4.0,0.0,0.0,5.0,5.3992526465885975,near,non_dense,0.0,0.0,117,2,5,1,6,0.1597792197200131,14.309433102607727
56,76.0,-0.37303114,-0.33488213,-0.2670621066666667,-157.97000000000003,-215.4033333333333,-8.098420135926002,-5.499664290061304,-0.5,-18.0,-12.500335709938696,3.1,1.5,4.0,3.1,0.0,0.0,3.0,0.0,0.0,2.6165488361175377,far,non_dense,0.0,0.0,122,2,3,2,3,1.3000843908406234,-11.500154435634613
30,6.0,-0.35347244,-0.1351315666666666,-0.2273444466666666,327.65333333333336,-200.9433333333333,10.79026968537312,7.729232922082661,0.5,34.0,26.270767077917338,2.4,1.1,1.0,0.0,0.0,2.4,0.0,0.0,5.0,1.5752603462188783,near,dense,0.0,0.0,120,1,4,1,6,1.6485467459683776,13.387160003185272
42,86.0,-0.37109811,-0.11844663,-0.2133100833333333,75.71,-113.55666666666666,7.713780069838855,7.295014723339652,0.5,13.0,5.704985276660348,8.3,0.8000000000000002,4.0,0.5,0.0,7.8,1.0,0.0,6.0,2.857945854194527,far,non_dense,0.0,0.0,118,2,3,2,3,0.1700293932121704,8.199714869260788
46,5.0,-0.3792990833333333,-0.0659964183333333,-0.2378823866666667,244.785,-65.685,27.4292074793451,7.559884964853691,0.5,26.5,18.94011503514631,5.1,0.6,1.0,1.0,0.0,4.1,1.0,0.0,3.0,4.45674483851045,near,dense,-1.0,-1.0,115,2,4,2,6,3.3482785129877364,12.506784498691559
50,31.0,-0.3811292666666666,0.0156973666666666,-0.3524788033333333,406.3366666666666,-46.40333333333333,22.03795212708272,-4.181900850005877,0.5,29.0,33.18190085000588,11.300000000000002,1.9,2.0,10.1,0.6999999999999998,0.5,6.0,1.0,1.0,6.041579261633835,far,dense,0.0,0.0,117,1,1,1,1,1.2186655021615036,14.675287902355194
71,29.0,-0.3899840233333333,-0.07208227,-0.1860515966666666,169.46166666666664,8.029999999999996,16.718350756115413,9.286710337220171,0.5,21.5,12.213289662779829,4.6,2.7999999999999994,2.0,3.7000000000000006,0.9,0.0,3.0,1.0,0.0,2.930132216382584,far,dense,0.0,0.0,116,2,2,2,2,1.7329025763922232,11.640717089176178
25,52.0,-0.34309715,-0.3187522266666666,-0.2417337466666666,-218.85,-229.96,-12.733748273813754,0.9779191021822567,-0.5,-16.666666666666668,-17.644585768848923,2.0,1.0,3.0,0.0,0.0,2.0,0.0,0.0,2.0,4.681482692741366,near,non_dense,0.0,0.0,117,2,5,1,6,0.39381475221535805,-10.890111327171326
38,19.0,-0.41055874,-0.0333627733333333,-0.1862235366666666,493.4933333333333,-106.57,17.500972617013133,-15.18920787623186,0.5,25.666666666666668,40.855874542898526,1.8,2.0,1.0,0.6,0.6,0.6,1.0,1.0,1.0,3.507686155812259,near,dense,2.0,2.0,115,2,1,2,1,0.47400591466379566,15.83830863237381
15,52.0,-0.1911102533333333,-0.25827759,-0.26052418,-274.6,-149.04333333333332,-11.98035715928918,5.713900534438804,-0.5,-15.0,-20.713900534438807,1.8,0.5,3.0,0.0,0.0,1.8,0.0,0.0,3.0,4.4514311137225,near,non_dense,0.0,0.0,123,1,1,2,1,0.4211878783751013,-10.105468332767487
32,43.0,-0.2272834833333333,-0.3547449566666666,-0.2912298333333333,-574.4533333333334,-131.38333333333333,-21.14363036319339,5.650849118730872,-0.5,-41.0,-46.65084911873087,0.5,2.3,2.0,0.5,0.0,0.0,1.0,0.0,0.0,2.8810708808701087,far,dense,-0.5,-0.5,114,2,5,1,6,0.01910474532105831,-21.08858823776245
73,91.0,-0.3231321766666666,-0.3269449766666666,-0.2526435866666667,-77.14999999999998,-169.61666666666667,-9.528878343684244,-15.005691885009211,-0.5,-21.0,-5.994308114990787,5.7,3.9,4.0,1.3999999999999997,2.6,1.7,2.0,2.0,2.0,3.2306197887409582,far,non_dense,0.0,0.0,114,2,1,1,1,0.4972615127812439,-11.135341227054596
72,24.0,-0.3481439366666667,-0.19195176,-0.2138446266666666,166.35000000000002,-133.29,4.607874841512536,0.2841203144270784,0.5,13.0,12.715879685572922,6.599999999999999,4.2,1.0,3.0,0.6999999999999998,2.9,2.0,1.0,2.0,1.2554688454686245,near,dense,0.0,0.0,116,1,4,1,6,4.362987311542633,10.085469484329224
25,8.0,-0.2793999199999999,-0.10392949,-0.2329775333333333,-98.10333333333332,-120.17333333333332,14.982119181173156,-4.757173044505483,0.5,-12.666666666666666,-7.909493622161185,3.2999999999999994,0.5,1.0,0.6,0.0,2.7000000000000006,1.0,0.0,3.0,2.3491192425108616,near,dense,0.0,0.0,117,2,5,1,6,10.506644597483247,-9.699241816997528
38,30.0,-0.4221334333333333,-0.0529477466666666,-0.1902613566666666,356.9666666666667,-42.833333333333336,15.078240190531853,-8.21961979537494,0.5,21.33333333333333,29.55295312870828,3.1,1.5,2.0,0.0,2.0,1.1,0.0,1.0,2.0,2.6337239301442885,far,dense,2.0,2.0,115,2,1,2,1,0.9268309632893444,12.637223303318024
15,65.0,-0.1455894166666666,-0.2668135166666667,-0.2391525866666667,-248.09,-122.05333333333334,-11.65158349543924,-25.882618035444377,-0.5,-45.0,-19.117381964555623,4.8,0.9,3.0,1.5,0.0,3.2999999999999994,2.0,0.0,2.0,4.456422219803208,near,non_dense,0.0,0.0,123,1,1,2,1,1.337387822597686,-17.6115483045578
59,26.0,-0.4388546133333333,-0.07347485,-0.2051000633333333,304.48,-107.75333333333332,24.745931235664735,-9.933109839995645,0.5,13.0,22.93310983999564,8.1,0.8000000000000002,2.0,7.599999999999999,0.0,0.5,6.0,0.0,1.0,4.182872018233852,far,dense,0.0,0.0,119,2,2,2,2,3.612937624607801,9.633475542068481
57,7.0,-0.34733544,-0.11247487,-0.2366477466666666,341.04,-110.77,12.456385429078276,-10.67073342006412,0.5,17.0,27.67073342006412,4.6,1.0,1.0,0.0,0.6,4.0,0.0,1.0,4.0,1.4799012114756165,near,dense,0.0,0.0,115,2,3,2,3,0.6920553716851565,11.432211846113205
25,31.0,-0.3108884683333333,-0.0873222783333333,-0.2260684383333333,461.4933333333334,-265.9683333333333,15.475006891286627,-7.040821118354974,0.5,30.166666666666668,37.20748778502164,7.400000000000001,1.2,2.0,0.0,1.6000000000000003,5.8,0.0,1.0,5.0,4.452705085853034,far,dense,0.0,0.0,117,2,5,1,6,0.15027163918000477,16.144122183322906
10,57.0,-0.2930508833333333,-0.22682549,-0.2725561333333333,105.81333333333336,-176.02666666666664,6.516765467027137,-0.6945659477965883,0.5,7.0,7.694565947796588,8.7,1.5,3.0,1.2,1.1,6.400000000000001,1.0,1.0,6.0,2.484995148122864,near,non_dense,0.0,0.0,118,1,2,1,2,0.5044199972311657,5.263284221291542
30,43.0,-0.3600109733333334,-0.3594031933333333,-0.2584178833333333,-479.06,-152.96666666666667,-19.199323460021773,23.076999771819715,-0.5,-15.333333333333334,-38.41033310515305,1.1,1.3999999999999997,2.0,0.0,0.0,1.1,0.0,0.0,2.0,2.4486130737976564,far,dense,0.0,0.0,120,1,4,1,6,3.3911455528164267,-10.89572012424469
72,58.0,-0.32128492,-0.1218241433333333,-0.21765859,107.75,-133.60666666666663,14.09929309381513,4.096867832158208,0.5,12.333333333333334,8.236465501175125,11.1,1.9,3.0,5.3,0.0,5.8,3.0,0.0,2.0,7.628307245097691,near,non_dense,0.0,0.0,116,1,4,1,6,0.6872576944219042,8.856680244207382
53,15.0,-0.259214964,-0.105859904,-0.252144952,136.724,-146.212,27.09240307104608,11.576615430004008,0.5,22.0,10.42338456999599,7.6,6.4,1.0,6.2,1.4,0.0,3.0,2.0,0.0,4.76684661003453,near,dense,0.0,0.0,118,2,2,2,2,3.2365317718772837,11.6643525660038
39,30.0,-0.2737528166666667,-0.0895692683333333,-0.3872494466666666,374.1833333333334,-94.14,16.763252925561936,-1.237780018315485,0.5,29.0,30.237780018315487,4.4,3.6,2.0,2.7999999999999994,0.0,1.6000000000000003,3.0,0.0,1.0,2.848055896882224,far,dense,0.0,0.0,114,2,5,1,6,0.8218041571280322,14.422708749771118
40,96.0,-0.1874548066666666,-0.2365861133333333,-0.3658804466666667,-244.25666666666663,-188.51,-14.197862903485404,-2.603014965239003,-0.5,-21.0,-18.396985034761,3.2999999999999994,3.0,4.0,2.9,0.0,0.4000000000000001,2.0,0.0,1.0,6.236432128580674,far,non_dense,1.5,0.5,120,2,2,2,2,0.23678529137364876,-12.721167504787445
30,69.0,-0.39389227,-0.1243113033333333,-0.2189540333333333,348.26000000000005,-230.61666666666667,12.792953028639417,-9.25631293338469,0.5,18.666666666666668,27.92297960005136,2.9,0.6999999999999998,3.0,0.6,0.6,1.7,1.0,1.0,2.0,4.656292366312575,near,non_dense,0.0,0.0,120,1,4,1,6,0.16993696033623007,12.001676857471466
11,86.0,-0.3358692533333333,-0.09900563,-0.335793255,183.19833333333332,-109.16166666666668,13.013505015211656,13.992199040756477,0.5,27.666666666666668,13.67446762591019,8.1,6.2,4.0,4.5,2.6,1.0,4.0,3.0,2.0,4.352137904653833,far,non_dense,-1.0,-1.25,113,2,4,1,6,0.016835045565300473,13.086773455142975
62,59.0,-0.3533166866666666,-0.0976812899999999,-0.2296218166666666,524.6266666666667,442.6133333333333,13.462621355551631,-13.30912358334156,0.5,27.666666666666668,40.975790250008224,5.400000000000001,0.5,3.0,3.1,0.9,1.3999999999999997,5.0,1.0,2.0,4.872083186991882,near,non_dense,-3.0,-3.0,118,2,3,1,3,0.6162447825153827,16.465017199516296
25,89.0,-0.3768172716666667,-0.2050360783333333,-0.2231222,65.2,-130.64166666666668,9.145707372193682,-1.0900250954030162,0.5,4.166666666666667,5.256691762069683,3.9,1.1,4.0,0.0,0.8000000000000002,3.1,0.0,1.0,4.0,4.1343541516490845,far,non_dense,0.0,0.0,117,2,5,1,6,1.456349326066709,3.124643489718437
23,6.0,-0.4643833533333333,-0.0641535233333333,-0.2159727299999999,356.40000000000003,-164.63666666666666,12.73085595223542,-13.257919470256596,0.5,15.0,28.2579194702566,5.3,2.0,1.0,2.4,0.0,2.9,3.0,0.0,5.0,1.9097352693753749,near,dense,99.0,99.0,112,2,4,1,6,0.9824182203908478,10.854697227478027
32,92.0,-0.2746454766666666,-0.27396501,-0.24879672,-96.26,-153.41,-6.116591201269562,-7.127007232872081,-0.5,-15.0,-7.872992767127919,8.2,3.4,4.0,0.9,2.2,5.1,2.0,2.0,3.0,2.137564203139357,far,non_dense,-0.5,-0.5,114,2,5,1,6,2.083268688153528,-10.569711774587631
71,32.0,-0.4017459333333333,-0.0776399333333333,-0.1826954133333333,237.2633333333333,3.763333333333321,19.69473180414072,-0.0998307366858856,0.5,17.0,17.099830736685885,5.1,2.7999999999999994,2.0,5.1,0.0,0.0,2.0,0.0,0.0,3.3793307672165755,far,dense,0.0,0.0,116,2,2,2,2,2.5889872770072193,10.94568744301796
29,29.0,-0.22340141,-0.1836573433333333,-0.2875692933333333,312.33,-23.92,11.987945935424063,-4.265720479509008,0.5,20.0,24.26572047950901,3.0,1.6000000000000003,2.0,0.6999999999999998,1.5,0.8000000000000002,1.0,1.0,1.0,2.146533638014497,far,dense,2.0,0.75,122,2,1,2,1,0.16509855377220764,11.633556336164474
42,81.0,-0.3521492799999999,-0.3285614666666667,-0.2314238633333333,-259.65333333333336,-164.46666666666667,-13.423751528681898,1.5656907106385962,-0.5,-18.0,-19.565690710638595,4.4,0.9,4.0,0.6999999999999998,0.0,3.7000000000000006,1.0,0.0,2.0,4.297908498153169,far,non_dense,0.0,0.0,118,2,3,2,3,0.45259328407579796,-11.478547006845474
11,14.0,-0.3672982483333333,-0.0245261525,-0.3144503,363.6983333333333,-189.5641666666667,15.562917480730258,-7.935827686640741,0.5,17.75,25.68582768664074,4.4,0.4000000000000001,1.0,0.0,0.0,4.4,0.0,0.0,6.0,2.5556057051310863,near,dense,-1.0,-1.25,113,2,4,1,6,1.6325989259269622,11.39063835144043
71,83.0,-0.367383795,-0.0730135883333333,-0.1827905399999999,297.81666666666666,-20.595,24.97313494685857,3.3693569193741566,0.5,24.83333333333333,21.463976413959177,10.6,2.4,4.0,10.2,0.0,0.4000000000000001,2.0,0.0,1.0,7.225527281813989,far,non_dense,0.0,0.0,116,2,2,2,2,1.7883129739446404,12.051630765199661
30,33.0,-0.38227138,-0.1264289466666666,-0.2115929233333333,339.0566666666667,-276.2,12.525148984576584,-10.185069736963028,0.5,17.0,27.18506973696303,1.8,1.2,2.0,0.0,0.0,1.8,0.0,0.0,3.0,2.17132496203454,far,dense,0.0,0.0,120,1,4,1,6,0.5159811383510605,11.404786258935928
37,89.0,-0.4617837366666666,-0.1192626466666666,-0.2176143933333333,110.85000000000002,33.23000000000001,7.692289649123567,-1.203754275429654,0.5,7.0,8.203754275429654,10.6,0.9,4.0,3.6,0.0,7.0,1.0,0.0,6.0,3.494842076426457,far,non_dense,0.0,0.0,120,3,3,2,3,0.5867128120473322,5.641821026802063
42,33.0,-0.3908473966666666,-0.07661922,-0.23100027,177.9766666666667,-290.3766666666667,12.98424756895565,11.588901559603492,0.5,25.0,13.411098440396508,8.3,1.3,2.0,4.8,0.0,3.5,1.0,0.0,4.0,2.244615634469474,far,dense,0.0,0.0,118,2,3,2,3,0.19658033265140973,12.543000280857086
29,19.0,-0.1796698766666666,-0.15847466,-0.2794025533333333,372.5466666666666,-118.5166666666667,15.010538726488962,8.055891912700831,0.5,37.0,28.944108087299167,4.2,0.9,1.0,0.0,0.0,4.2,0.0,0.0,6.0,2.9449560535304222,near,dense,2.0,0.75,122,2,1,2,1,0.35161599110937525,13.975045084953308
39,14.0,-0.2974930944444444,-0.1447759566666666,-0.3502580755555555,246.4533333333333,-107.59444444444446,14.462741683076157,-1.9159102350378503,0.5,18.0,19.915910235037853,4.6,0.4,1.0,0.0,0.0,4.6,0.0,0.0,6.0,2.277194804954184,near,dense,0.0,0.0,114,2,5,1,6,1.6377613268751676,10.733240097761154
33,46.0,-0.2679112633333333,-0.32210813,-0.2318998733333333,-209.33,-242.10333333333327,-9.776469655850391,1.464545191755093,-0.5,-15.0,-16.464545191755093,5.7,2.7999999999999994,2.0,3.2000000000000006,0.0,2.5,1.0,0.0,3.0,2.034244869380854,far,dense,0.0,0.0,114,2,2,1,2,0.14564920979174917,-10.072755813598633
62,15.0,-0.3607421333333333,-0.0969109666666666,-0.2372415133333333,217.32333333333332,-52.69666666666666,13.690047020263364,16.35936710382545,0.5,33.333333333333336,16.973966229507884,1.0,0.5,1.0,0.6,0.0,0.4000000000000001,1.0,0.0,1.0,2.2250263127585974,near,dense,-3.0,-3.0,118,2,3,1,3,0.3745116212641084,14.523345232009888
14,39.0,-0.27831454,-0.2370124066666666,-0.2104615216666666,42.280000000000015,72.14,17.32211142464102,5.325354611103196,0.5,8.5,3.1746453888968045,4.4,1.1,2.0,0.6999999999999998,0.0,3.7000000000000006,1.0,0.0,4.0,3.0608039131229687,far,dense,0.0,0.0,118,2,4,1,6,3.584931410156407,6.349339336156845
30,7.0,-0.3375191766666667,-0.1393965733333333,-0.2258258566666666,382.73,-134.77666666666667,12.645541881481885,5.31326600147116,0.5,36.0,30.68673399852884,1.8,1.3999999999999997,1.0,0.0,0.9,0.9,0.0,1.0,1.0,1.4361018716782703,near,dense,0.0,0.0,120,1,4,1,6,1.710494081468402,15.10198563337326
28,60.0,-0.4187822033333333,-0.0395096233333333,-0.1944785133333333,335.2866666666667,-60.00333333333334,14.383003824699246,5.38377691776007,0.5,32.0,26.61622308223993,4.3,2.0,3.0,0.4000000000000001,0.9,3.0,1.0,1.0,4.0,5.111867997176032,near,non_dense,0.0,0.0,115,2,1,1,1,0.1554586515732641,13.588319718837738
40,40.0,-0.2537918166666666,-0.0687747333333333,-0.3882150466666667,354.94000000000005,16.839999999999986,17.822063079951633,1.5998731688694423,0.5,28.33333333333333,26.73346016446389,3.8,3.7000000000000006,2.0,0.9,1.8,1.1,1.0,3.0,2.0,3.4208595859547493,far,dense,1.5,0.5,120,2,2,2,2,1.0873224143065614,14.10248577594757
32,41.0,-0.2748527933333333,-0.1370549466666666,-0.23690984,417.10666666666674,-240.75,15.717900122290729,-2.114666214289448,0.5,32.0,34.11466621428945,1.6000000000000003,1.3999999999999997,2.0,0.4000000000000001,0.8000000000000002,0.4000000000000001,1.0,1.0,1.0,3.77096960569906,far,dense,-0.5,-0.5,114,2,5,1,6,0.0511390227708386,15.525056421756744
62,35.0,-0.3788677833333333,-0.0578467866666666,-0.2339649566666667,74.93666666666665,68.83333333333336,18.336822004860043,11.871126644492785,0.5,22.0,10.12887335550722,0.4000000000000001,0.6999999999999998,2.0,0.0,0.0,0.4000000000000001,0.0,0.0,1.0,3.2175341518334784,far,dense,-3.0,-3.0,118,2,3,1,3,2.087662452594103,11.619696766138077
15,87.0,-0.1760950733333333,-0.1999522333333333,-0.24077029,315.6433333333334,-105.02666666666666,9.462059439487335,-4.989590476166792,0.5,19.33333333333333,24.322923809500125,7.400000000000001,0.6,4.0,0.5,1.5,5.400000000000001,1.0,1.0,5.0,3.5801420452606068,far,non_dense,0.0,0.0,123,1,1,2,1,0.5653727425130334,11.486174166202545
29,18.0,-0.1938981933333333,-0.3611999266666667,-0.2967328466666666,-438.4,-22.64333333333333,-18.741441071619256,0.0604228163056685,-0.5,-34.0,-34.06042281630567,0.6,1.2,1.0,0.0,0.0,0.6,0.0,0.0,1.0,2.854922757930456,near,dense,2.0,0.75,122,2,1,2,1,0.35790279781187034,-17.719656229019165
73,18.0,-0.2950827199999999,-0.4476969433333333,-0.2756662316666666,-498.71333333333337,45.39166666666667,-21.50203931598468,1.6227555110577867,-0.5,-37.0,-38.62275551105778,3.1,0.6999999999999998,1.0,0.4000000000000001,0.0,2.7000000000000006,1.0,0.0,4.0,3.375768848485295,near,dense,0.0,0.0,114,2,1,1,1,0.7510511104004159,-18.966664373874664
72,16.0,-0.3100328,-0.064143775,-0.2174944,383.5833333333333,-172.38,19.24975296472801,8.1786924192505,0.5,37.5,29.3213075807495,0.9,0.4000000000000001,1.0,0.5,0.0,0.4000000000000001,1.0,0.0,1.0,3.240273435571607,near,dense,0.0,0.0,116,1,4,1,6,1.6022052908183382,14.058169722557068
29,91.0,-0.28081435,-0.31930077,-0.2506456166666667,-168.48666666666665,-49.44333333333333,-7.670116567741748,-1.909837806622672,-0.5,-15.0,-13.09016219337733,5.2,1.2,4.0,1.1,1.0,3.1,1.0,1.0,3.0,2.7809547425250174,far,non_dense,2.0,0.75,122,2,1,2,1,0.9494698640255244,-10.310549288988113
46,25.0,-0.3682769033333333,-0.07596012,-0.2468661566666666,488.67666666666673,-206.57333333333332,13.9803158809857,-7.477775524066078,0.5,30.33333333333333,37.81110885739941,2.1,0.6,2.0,0.0,0.0,2.1,0.0,0.0,1.0,2.3184809504028867,far,dense,-1.0,-1.0,115,2,4,2,6,1.0452961750037626,16.403815150260925
57,94.0,-0.35447386,-0.2821486666666666,-0.2560181066666666,-160.52666666666667,-145.57333333333335,-7.893944755216058,1.3578776687333598,-0.5,-11.666666666666666,-13.024544335400028,2.9,0.8000000000000002,4.0,0.0,0.0,2.9,0.0,0.0,4.0,2.6824573125805657,far,non_dense,0.0,0.0,115,2,3,2,3,0.15176281210350387,-8.301042020320892
32,26.0,-0.2286650399999999,-0.14237348,-0.2534998049999999,489.32,-193.555,21.255010815978785,2.479089748482929,0.5,42.5,40.02091025151707,1.2,1.3999999999999997,2.0,0.4000000000000001,0.0,0.8000000000000002,1.0,0.0,1.0,3.625037811394565,far,dense,-0.5,-0.5,114,2,5,1,6,0.7395257359392909,18.574202060699463
15,12.0,-0.2135768633333333,-0.14484725,-0.2056447866666666,66.21666666666665,-171.48000000000002,15.728709931630553,26.419056032960054,0.5,32.0,5.58094396703995,2.2,0.6999999999999998,1.0,0.4000000000000001,1.8,0.0,1.0,1.0,0.0,2.3388150728396986,near,dense,0.0,0.0,123,1,1,2,1,0.049774987866816355,15.845124423503876
56,68.0,-0.25363311,-0.30845705,-0.3901925625,-186.82,139.3725,-11.63554700522699,-3.216732814263806,-0.5,-18.0,-14.783267185736191,0.6,2.7,3.0,0.0,0.0,0.6,0.0,0.0,1.0,3.8541959481536736,near,non_dense,0.0,0.0,122,2,3,2,3,0.029739173766976545,-11.750167608261108
32,66.0,-0.3466208566666666,-0.1385893833333333,-0.3137943883333333,172.01,-169.09,14.05055127884369,-1.568496632803586,0.5,12.5,14.068496632803589,4.7,2.2,3.0,2.6,0.6999999999999998,1.3999999999999997,2.0,1.0,2.0,5.245157621150485,near,non_dense,-0.5,-0.5,114,2,5,1,6,0.7826216469166686,9.945577383041382
57,23.0,-0.3484709033333333,-0.3516462633333333,-0.27158323,-332.16,-6367.45,-13.977945282817272,-0.3339167741947373,-0.5,-18.0,-17.666083225805263,0.4000000000000001,1.0,1.0,0.0,0.0,0.4000000000000001,0.0,0.0,1.0,2.07049736982725,near,dense,0.0,0.0,115,2,3,2,3,1.2438705517989739,-11.402514576911926
10,23.0,-0.1780961233333333,-0.3322355733333333,-0.30125753,-325.99666666666667,-79.01333333333334,-12.487374256921177,-18.29407588430701,-0.5,-42.0,-23.705924115692994,0.4000000000000001,1.6000000000000003,1.0,0.0,0.0,0.4000000000000001,0.0,0.0,1.0,1.8555819527424229,near,dense,0.0,0.0,118,1,2,1,2,2.8614956565255967,-17.797113955020905
38,56.0,-0.40948124,-0.1097529766666666,-0.2277766533333333,230.08,-101.70333333333332,11.96106801187526,-5.381452081638123,0.5,13.666666666666666,19.04811874830479,7.2,3.1,3.0,1.2,2.2,3.8,1.0,2.0,5.0,4.243773203311289,near,non_dense,2.0,2.0,115,2,1,2,1,0.5909055826987811,9.453398734331131
23,40.0,-0.4473243766666666,-0.00391927,-0.2107439599999999,330.46,-159.16333333333333,17.580980995220127,0.465454354262081,0.5,26.666666666666668,26.20121231240459,0.4000000000000001,1.9,2.0,0.4000000000000001,0.0,0.0,1.0,0.0,0.0,3.2459945171774707,far,dense,99.0,99.0,112,2,4,1,6,1.280152669261869,13.425612449645996
42,14.0,-0.3387859766666666,-0.05686699,-0.2408078233333333,268.0133333333333,-115.69666666666669,12.087319154118005,0.8043571441642025,0.5,21.0,20.1956428558358,4.2,1.5,1.0,0.5,1.9,1.8,1.0,1.0,1.0,1.9440192225558215,near,dense,0.0,0.0,118,2,3,2,3,0.20171524860889245,11.695180833339691
32,2.0,-0.2744273966666666,-0.17551567,-0.24503537,410.47,-14.440000000000008,10.896855428230936,6.723260348137576,0.5,40.0,33.27673965186242,5.0,3.2999999999999994,1.0,0.0,0.6,4.4,0.0,1.0,5.0,1.5804295461371964,near,dense,-0.5,-0.5,114,2,5,1,6,2.899758626883891,15.479719638824463
37,93.0,-0.4264314566666666,-0.2846539433333333,-0.19942161,-31.45333333333332,106.5,-5.976260054874099,-11.672210935409588,-0.5,-14.0,-2.3277890645904127,2.5,2.3,4.0,0.0,1.3,1.2,0.0,1.0,1.0,2.2801355203891696,far,non_dense,0.0,0.0,120,3,3,2,3,1.3306748368217283,-9.010379016399384
46,9.0,-0.2816196099999999,0.01161018,-0.28122245,456.7766666666666,364.81,41.9415947131358,-22.67619589450884,0.5,12.666666666666666,35.34286256117551,4.7,0.5,1.0,4.7,0.0,0.0,5.0,0.0,0.0,6.949767565823663,near,dense,-1.0,-1.0,115,2,4,2,6,4.453015489190044,10.994172096252441
40,77.0,-0.2225602166666666,-0.2579475533333333,-0.39386351,-216.40666666666667,-46.49666666666666,-8.200406766618249,-1.033961601046893,-0.5,-17.333333333333332,-16.299371732286442,10.6,5.8,4.0,3.2999999999999994,4.3,3.0,2.0,2.0,2.0,2.731028810655854,far,non_dense,1.5,0.5,120,2,2,2,2,1.081218528031454,-11.153245717287064
63,38.0,-0.3300594066666666,-0.0651610966666666,-0.21498699,373.3533333333333,-84.54,16.239786481854438,12.033507536863056,0.5,40.0,27.966492463136944,8.1,1.6000000000000003,2.0,1.1,0.6999999999999998,6.3,1.0,1.0,6.0,3.223957220264746,far,dense,99.0,99.0,119,2,1,1,1,0.6035264011251165,14.294043183326721
32,82.0,-0.25098123,-0.1962739366666666,-0.2379711466666666,297.6133333333333,-238.2433333333333,9.288010293900456,-4.341446298921292,0.5,20.0,24.34144629892129,4.2,3.7000000000000006,4.0,0.0,0.0,4.2,0.0,0.0,4.0,3.08740508594923,far,non_dense,-0.5,-0.5,114,2,5,1,6,0.7627668595800821,11.642980575561523
38,69.0,-0.407460655,-0.0819162866666666,-0.1881111266666666,420.1783333333333,-74.84166666666668,15.116395058575272,-16.28619084143831,0.5,18.5,34.786190841438305,2.4,0.9,3.0,0.0,0.0,2.4,0.0,0.0,4.0,5.372451869019311,near,non_dense,2.0,2.0,115,2,1,2,1,0.4614325626734653,12.637370824813843
23,32.0,-0.4435502899999999,-0.05458748,-0.2068456566666666,58.47333333333332,-128.24,14.019615032188932,21.030486126569013,0.5,25.666666666666668,4.636180540097654,4.3,3.0,2.0,2.7999999999999994,0.0,1.5,4.0,0.0,1.0,2.4294982536960257,far,dense,99.0,99.0,112,2,4,1,6,0.324336709010946,13.231639564037323
25,81.0,-0.2664201566666667,-0.3486787166666666,-0.2377406266666666,-667.1666666666666,-501.4,-13.441834925776766,15.716982148430498,-0.5,-33.0,-48.716982148430496,1.6000000000000003,0.5,4.0,0.8000000000000002,0.0,0.8000000000000002,1.0,0.0,1.0,4.509699932310969,far,non_dense,0.0,0.0,117,2,5,1,6,1.1039241388429553,-18.420201539993286
29,17.0,-0.2841939633333333,-0.1625061966666666,-0.26411769,260.73,-29.67333333333333,10.300267369619858,-1.5901171857406702,0.5,18.666666666666668,20.256783852407334,7.3,1.1,1.0,0.6999999999999998,0.9,5.7,1.0,1.0,9.0,1.3126049690586823,near,dense,2.0,0.75,122,2,1,2,1,0.45093106554076995,10.8921617269516
10,61.0,-0.2261413533333333,-0.2524436216666666,-0.2919206166666666,-1.8533333333333248,-151.85833333333332,12.034859907669754,-9.809784263042287,0.5,-11.5,-1.690215736957711,3.6,0.5,3.0,0.0,0.0,3.6,0.0,0.0,4.0,5.693893228141789,near,non_dense,0.0,0.0,118,1,2,1,2,3.501153212466998,-7.900332659482956
45,1.0,-0.3405498199999999,-0.08386065,-0.2549290366666667,192.97333333333333,-118.99666666666668,-11.207797588015088,7.304505257348256,-0.5,22.0,14.695494742651745,2.2,1.8,1.0,0.6,0.0,1.6000000000000003,1.0,0.0,2.0,1.4632139503406638,near,dense,0.0,0.0,116,2,2,2,2,15.498371714667503,11.469636112451553
72,75.0,-0.36000682,-0.2910215266666666,-0.2268946533333333,-142.88333333333335,-137.11,-9.268581265230983,-4.077924401921987,-0.5,-15.0,-10.922075598078017,6.400000000000001,2.7999999999999994,4.0,3.8,0.5,2.1,2.0,1.0,3.0,3.1152306733901174,far,non_dense,0.0,0.0,116,1,4,1,6,0.4851534896231103,-10.77994629740715
46,6.0,-0.3738609466666666,-0.04883316,-0.2500671033333333,198.82333333333332,-40.23666666666667,17.193183729176955,10.94947891004525,0.5,26.33333333333333,15.383854423288083,8.3,0.6999999999999998,1.0,8.3,0.0,0.0,11.0,0.0,0.0,2.741519274051479,near,dense,-1.0,-1.0,115,2,4,2,6,1.5709824171479374,12.886305153369904
40,2.0,-0.30201457,-0.08342686,-0.4434540966666667,205.07333333333332,5.846666666666664,10.56437422509696,-8.445764882685781,0.5,7.0,15.44576488268578,5.8,2.5,1.0,3.0,2.0,0.8000000000000002,2.0,2.0,1.0,1.6413063744954444,near,dense,1.5,0.5,120,2,2,2,2,1.8054162721924143,7.6011329889297485
42,50.0,-0.3698195133333333,-0.06926212,-0.24305188,232.65666666666667,-300.02333333333337,13.29941351481872,-2.1980741141664377,0.5,15.333333333333334,17.53140744749977,3.0,0.9,3.0,0.0,1.0,2.0,0.0,1.0,3.0,4.837017464743311,near,non_dense,0.0,0.0,118,2,3,2,3,0.660480364904297,10.104658454656601
33,13.0,-0.3671184233333333,-0.2493764033333333,-0.402769235,169.64,-124.49833333333332,8.800581438974557,-6.676119586280039,0.5,6.666666666666667,13.342786252946707,7.599999999999999,1.0,1.0,0.0,0.0,7.599999999999999,0.0,0.0,3.0,1.3932091890717615,near,dense,0.0,0.0,114,2,2,1,2,0.9133582864690135,7.5280822813510895
32,81.0,-0.25672405,-0.3450868633333333,-0.27291913,-329.50333333333333,-201.89,-17.48929126832314,-15.050307915251686,-0.5,-42.0,-26.94969208474832,1.7,3.4,4.0,0.0,0.0,1.7,0.0,0.0,3.0,5.461948039937288,far,non_dense,-0.5,-0.5,114,2,5,1,6,0.09516353686168379,-18.009069561958313
62,85.0,-0.3717455266666666,-0.1374007933333333,-0.2496232333333333,243.21000000000004,2843.7533333333336,7.781070103438625,2.979865519928026,0.5,15.666666666666666,12.68680114673864,10.4,0.6999999999999998,4.0,3.0,0.0,7.400000000000001,2.0,0.0,7.0,2.7037792030147667,far,non_dense,-3.0,-3.0,118,2,3,1,3,0.944584117439059,10.335016995668411
29,13.0,-0.2259126866666666,-0.17148337,-0.3422192366666667,332.72,-226.4233333333333,10.869583227123584,6.150128012223488,0.5,32.0,25.84987198777651,6.0,1.0,1.0,1.0,0.4000000000000001,4.6,2.0,1.0,5.0,1.7246513967568913,near,dense,2.0,0.75,122,2,1,2,1,1.3491570098621597,13.196408748626709
46,85.0,-0.3934333233333333,-0.072202195,-0.2546584533333333,47.53666666666667,-162.58,8.602470372615791,17.655207896504802,0.5,21.33333333333333,3.67812543682853,7.7,0.6999999999999998,4.0,0.0,0.0,7.7,0.0,0.0,9.0,3.530187482201489,far,non_dense,-1.0,-1.0,115,2,4,2,6,0.7837728995221654,11.369335651397705
73,17.0,-0.3488591699999999,-0.0780183266666666,-0.2182784966666666,305.5733333333333,-72.48,13.300963132001431,8.257929854507,0.5,32.0,23.742070145493003,4.6,3.2999999999999994,1.0,0.6999999999999998,0.6,3.2999999999999994,1.0,1.0,3.0,1.6987748892825965,near,dense,0.0,0.0,114,2,1,1,1,0.12422957426400419,13.089925050735474
42,79.0,-0.37472243,-0.2725337833333333,-0.2337848366666667,-78.55333333333336,-235.5,-8.256230465598454,-6.74742733105368,-0.5,-12.666666666666666,-5.919239335612986,7.3,1.2,4.0,4.2,0.0,3.1,1.0,0.0,5.0,2.852993121486087,far,non_dense,0.0,0.0,118,2,3,2,3,0.48198192391827055,-9.63132157921791
39,94.0,-0.36172452,-0.1184041575,-0.39474388,453.585,402.39,-11.332416131935425,-16.654233975166264,-0.5,20.0,36.65423397516626,5.6,0.6,4.0,0.0,1.0,4.6,0.0,1.0,4.0,3.6268309481467216,far,non_dense,0.0,0.0,114,2,5,1,6,6.827939397774368,13.43136578798294
45,34.0,-0.3446505199999999,0.020168895,-0.21304084,376.15,-32.00500000000001,22.453803458260523,11.355055893136594,0.5,40.0,28.64494410686341,5.8,1.3,2.0,1.1,0.5,4.2,2.0,1.0,4.0,3.793352815775003,far,dense,0.0,0.0,116,2,2,2,2,2.167779978388525,14.230649173259735
24,3.0,-0.1890481899999999,-0.2018175833333333,-0.3867856533333333,-8.943333333333348,-40.89000000000002,-14.354067512346909,-9.674603610863048,-0.5,-10.333333333333334,-0.6587297224702873,2.4,2.5,1.0,0.0,1.6000000000000003,0.8000000000000002,0.0,1.0,2.0,2.798825736287652,near,dense,0.0,0.0,117,3,4,2,6,2.753996099078704,-6.646112352609634
10,50.0,-0.2504099166666667,-0.1298216666666666,-0.31206065,502.6500000000001,-140.46333333333334,14.206363437184129,2.448145410219676,0.5,39.0,36.551854589780326,1.8,1.7,3.0,0.0,0.4000000000000001,1.3999999999999997,0.0,1.0,2.0,5.247642220453719,near,non_dense,0.0,0.0,118,1,2,1,2,0.6234956428265906,17.478245496749878
23,72.0,-0.30430026,-0.2894805666666666,-0.2626040666666666,-284.62666666666667,-238.64666666666668,-14.988755989704208,6.567220610982702,-0.5,-16.0,-22.5672206109827,2.9,0.8000000000000002,3.0,2.1,0.0,0.8000000000000002,3.0,0.0,1.0,4.80662548366596,near,non_dense,99.0,99.0,112,2,4,1,6,0.9107079368468038,-10.61132401227951
29,64.0,-0.18662045,-0.29693101,-0.2848688566666666,-207.61666666666667,30.44,-10.91468978999322,1.130272468929429,-0.5,-15.0,-16.13027246892943,4.8,1.3999999999999997,3.0,1.1,2.2,1.5,2.0,2.0,2.0,3.767099305193279,near,non_dense,2.0,0.75,122,2,1,2,1,0.22085783897844033,-10.082696378231049
62,40.0,-0.3555147033333333,-0.0847157299999999,-0.2412053966666666,520.7466666666668,-97.41666666666669,17.170749478267496,-8.006077481662858,0.5,32.666666666666664,40.67274414832952,1.1,0.8000000000000002,2.0,0.0,0.4000000000000001,0.6999999999999998,0.0,1.0,1.0,3.132949929686766,far,dense,-3.0,-3.0,118,2,3,1,3,0.161579628068421,17.67697036266327
14,1.0,-0.3008023833333333,-0.3691551099999999,-0.2289012299999999,-328.09,136.91,-10.82824726809965,-1.3649620235772808,-0.5,-26.0,-24.635037976422723,2.1,1.0,1.0,0.0,0.0,2.1,0.0,0.0,3.0,1.3817764907938015,near,dense,0.0,0.0,118,2,4,1,6,2.6981064280048197,-14.556427299976349
40,62.0,-0.2935815933333333,-0.0743706366666666,-0.4511518966666667,282.14000000000004,-137.25333333333333,13.856052768377346,19.08304187336308,0.5,40.333333333333336,21.250291459970256,6.5,1.2,3.0,1.5,4.2,0.8000000000000002,1.0,1.0,1.0,5.155148486798166,near,non_dense,1.5,0.5,120,2,2,2,2,0.26039351208130884,15.198419988155365
29,10.0,-0.2039800433333333,-0.12613947,-0.3280016266666667,390.8133333333333,15.776666666666662,19.403009556720598,1.6367076286880906,0.5,32.0,30.36329237131191,4.5,1.2,1.0,0.6999999999999998,1.9,1.9,1.0,1.0,2.0,3.044925305812228,near,dense,2.0,0.75,122,2,1,2,1,1.3268609577982389,15.36281704902649
59,28.0,-0.4377388166666667,-0.07171852,-0.2109997933333333,265.5566666666667,-85.54,-36.39102381228256,-5.001445761330056,-0.5,15.0,20.001445761330057,0.5,0.8000000000000002,2.0,0.5,0.0,0.0,1.0,0.0,0.0,5.080052792587872,far,dense,0.0,0.0,119,2,2,2,2,9.110440422083915,9.890494495630264
56,27.0,-0.28662482,-0.0472465533333333,-0.27558295,366.7633333333333,-94.90666666666668,19.57435525400294,10.957998020183268,0.5,38.66666666666666,27.708668646483403,2.6,1.0,2.0,1.5,0.6,0.5,2.0,1.0,1.0,3.3503968920973635,far,dense,0.0,0.0,122,2,3,2,3,1.6603444111527914,14.0115424990654
29,76.0,-0.3196473733333333,-0.3020947766666667,-0.2256631133333333,-104.40333333333332,8.226666666666668,-5.799878496702656,-6.88863668621115,-0.5,-15.0,-8.11136331378885,8.5,1.9,4.0,2.7999999999999994,0.6,5.1,2.0,1.0,5.0,2.045293136022926,far,non_dense,2.0,0.75,122,2,1,2,1,2.343940142445675,-10.593923181295395
42,1.0,-0.3625677733333333,-0.31029489,-0.2543595733333333,-381.43666666666667,-54.36333333333334,-14.756213090929256,8.742445744442394,-0.5,-20.0,-28.742445744442392,4.0,0.6,1.0,3.6,0.0,0.4000000000000001,4.0,0.0,1.0,1.904734886489412,near,dense,0.0,0.0,118,2,3,2,3,1.2716257631731076,-12.334103137254715
50,16.0,-0.36277631,0.0508660316666666,-0.3340925466666666,622.8466666666667,323.32,37.5967911278078,-14.379231405217416,0.5,37.5,51.87923140521741,1.2,2.6,1.0,1.2,0.0,0.0,2.0,0.0,0.0,5.900976920630659,near,dense,0.0,0.0,117,1,1,1,1,2.713484649151322,21.584580838680267
50,49.0,-0.3901660983333333,0.0214125933333333,-0.311123645,235.1383333333333,194.27,21.645435823672937,17.798344075842778,0.5,37.0,19.201655924157222,8.4,1.1,3.0,0.0,0.0,8.4,0.0,0.0,7.0,9.023042952507309,near,non_dense,0.0,0.0,117,1,1,1,1,0.7402184030501002,14.966413378715515
32,93.0,-0.2564339333333333,-0.2770275366666666,-0.2500741133333333,-161.8033333333333,-227.3033333333333,-7.072233008087278,-1.766294691143561,-0.5,-15.0,-13.233705308856438,1.7,3.1,4.0,0.0,0.5,1.2,0.0,1.0,2.0,2.3318793938182094,far,non_dense,-0.5,-0.5,114,2,5,1,6,1.3765674082377426,-10.282222181558609
73,13.0,-0.4039897566666666,-0.24311964,-0.3306518383333333,277.17333333333335,-102.52,9.145418730780069,-20.53548102733696,0.5,1.0,21.53548102733696,5.400000000000001,0.4000000000000001,1.0,0.0,0.0,5.400000000000001,0.0,0.0,7.0,1.526887869155634,near,dense,0.0,0.0,114,2,1,1,1,1.6837017361883337,6.574594974517822
28,83.0,-0.4659190966666666,-0.1016789633333333,-0.20867893,245.56000000000003,-31.21,10.787429610455368,-7.160074516888876,0.5,12.333333333333334,19.49340785022221,5.400000000000001,1.6000000000000003,4.0,0.8000000000000002,0.0,4.6,1.0,0.0,6.0,3.5749281477019164,far,non_dense,0.0,0.0,115,2,1,1,1,0.4298000031479392,9.250925481319427
11,60.0,-0.2436852103333333,-0.0301474548904833,-0.3106647315,166.20833333333334,-184.63,19.297989450473548,12.59371642760675,0.5,25.0,12.406283572393248,5.5,5.5,3.0,0.8000000000000002,2.2,2.5,1.0,3.0,4.0,6.815796625420821,near,non_dense,-1.0,-1.25,113,2,4,1,6,1.0048775227797817,12.448948621749878
29,83.0,-0.2697142933333333,-0.1628759099999999,-0.2341822966666666,224.01666666666668,-14.960000000000017,9.890638696410477,2.5955693782708145,0.5,20.0,17.404430621729187,7.8,1.3999999999999997,4.0,0.0,0.8000000000000002,7.0,0.0,1.0,6.0,3.298930958171431,far,non_dense,2.0,0.75,122,2,1,2,1,0.37646127019267883,11.132558435201645
30,30.0,-0.3752839833333333,-0.1303466933333333,-0.2245081966666666,340.8366666666667,-199.35333333333327,13.47707713306533,10.67221245539873,0.5,38.0,27.327787544601268,1.8,1.3999999999999997,2.0,0.5,0.0,1.3,1.0,0.0,2.0,2.429812457188884,far,dense,0.0,0.0,120,1,4,1,6,0.17764820607194823,13.908728957176208
37,10.0,-0.40930413,-0.02456964,-0.20664249,475.9433333333333,-44.23999999999999,20.22382950391801,-13.223474566491417,0.5,22.0,35.22347456649141,1.5,0.5,1.0,0.4000000000000001,0.0,1.1,1.0,0.0,1.0,3.2565276081879238,near,dense,0.0,0.0,120,3,3,2,3,2.0050227766676954,13.694417476654053
38,49.0,-0.4085842944444444,-0.0993590499999999,-0.2399926799999999,293.0344444444445,-53.26555555555556,14.74437980329628,-1.5019777359121254,0.5,19.88888888888889,21.390866624801014,21.6,2.1,3.0,2.0,1.2,18.4,1.0,2.0,10.0,6.566398400022677,near,non_dense,2.0,2.0,115,2,1,2,1,0.5421083407611151,11.184680461883545
25,82.0,-0.3151627866666667,-0.1560294466666666,-0.2205802866666666,324.59666666666664,-261.82,8.474481230193863,5.82968368616649,0.5,32.0,26.17031631383351,5.0,1.1,4.0,0.0,0.8000000000000002,4.2,0.0,1.0,4.0,2.8672427235487365,far,non_dense,0.0,0.0,117,2,5,1,6,1.7018444707512967,13.35408240556717
46,32.0,-0.3691211033333333,-0.0598291433333333,-0.2656062366666666,435.0666666666666,-170.22333333333333,19.105964714080297,-3.6630623388864514,0.5,30.0,33.663062338886455,8.9,0.6,2.0,8.9,0.0,0.0,6.0,0.0,0.0,3.3503893381656265,far,dense,-1.0,-1.0,115,2,4,2,6,1.232362008716108,14.977072179317474
46,3.0,-0.3724541366666666,-0.0352685266666666,-0.2244065766666666,328.55333333333334,-182.3,-27.507414430316278,6.57835272376125,-0.5,32.0,25.421647276238748,1.1,1.1,1.0,1.1,0.0,0.0,2.0,0.0,0.0,6.256307184569994,near,dense,-1.0,-1.0,115,2,4,2,6,6.483227947053785,13.05365115404129
62,50.0,-0.3725611,-0.07151521,-0.2222931166666666,513.43,-45.696666666666665,15.595736753323605,-10.767945013291046,0.5,29.33333333333333,40.101278346624376,4.2,0.8000000000000002,3.0,0.9,0.0,3.2999999999999994,2.0,0.0,4.0,5.751390850502124,near,non_dense,-3.0,-3.0,118,2,3,1,3,0.22059273064005544,16.8644517660141
25,65.0,-0.37418738,-0.31210099,-0.2527191166666666,-193.74666666666667,-234.56333333333336,-9.239694547795954,0.6206519416430556,-0.5,-15.0,-15.620651941643056,5.599999999999999,1.6000000000000003,3.0,1.9,0.5,3.2000000000000006,1.0,1.0,4.0,3.825154540848063,near,non_dense,0.0,0.0,117,2,5,1,6,0.2234166281012774,-10.094297677278519
63,88.0,-0.2803301233333333,-0.1044250233333333,-0.2287223133333333,298.2033333333333,-180.36,11.912061795132448,-8.670622248611926,0.5,13.666666666666666,22.33728891527859,13.1,1.3999999999999997,4.0,0.0,3.2000000000000006,9.9,0.0,1.0,4.0,4.507119559628188,far,non_dense,99.0,99.0,119,2,1,1,1,0.4642571661193673,9.819599241018295
32,32.0,-0.27859238,-0.1470516433333333,-0.2515633,356.24,-160.54333333333332,15.521373319301526,7.86354723289373,0.5,37.0,29.136452767106267,2.7999999999999994,2.1,2.0,1.3999999999999997,0.5,0.9,3.0,1.0,1.0,2.666582996909472,far,dense,-0.5,-0.5,114,2,5,1,6,0.5641059873070603,14.017137885093689
37,40.0,-0.4432598166666666,-0.02627778,-0.25877975,407.97,-12.02,18.830314520116016,-14.192924057257876,0.5,16.0,30.192924057257876,3.0,0.5,2.0,1.2,1.1,0.6999999999999998,2.0,1.0,1.0,3.373366496959436,far,dense,0.0,0.0,120,3,3,2,3,2.221579027744773,11.336114257574081
38,12.0,-0.4263508733333334,-0.03971338,-0.1941113866666667,457.06,-17.866666666666674,15.288076303816846,-17.172924584638043,0.5,20.666666666666668,37.83959125130471,3.2000000000000006,2.0,1.0,0.5,2.1,0.6,1.0,2.0,1.0,2.311238464837279,near,dense,2.0,2.0,115,2,1,2,1,0.6195608708442352,13.856123387813568
45,3.0,-0.3577177233333333,-0.0407801999999999,-0.2209892766666666,247.24,-118.79333333333334,-13.07087987471587,9.50527011126525,-0.5,28.33333333333333,18.82806322206808,0.8000000000000002,2.3,1.0,0.0,0.0,0.8000000000000002,0.0,0.0,2.0,2.574844009089728,near,dense,0.0,0.0,116,2,2,2,2,10.253196978805324,13.329502940177917
15,2.0,-0.16770682,-0.1757149333333333,-0.2176709666666666,331.8833333333333,-75.28,10.12786190925646,-12.57434983676597,0.5,13.0,25.574349836765965,10.1,1.0,1.0,1.5,0.6999999999999998,7.900000000000001,1.0,1.0,7.0,1.5426372806368027,near,dense,0.0,0.0,123,1,1,2,1,0.08957681847598221,9.989677369594574
28,73.0,-0.4791002166666667,-0.15143088,-0.2211665666666666,235.79,-19.0,6.396914471916855,-12.71783123067232,0.5,6.0,18.71783123067232,10.4,1.7,4.0,1.8,3.2999999999999994,5.3,2.0,1.0,7.0,2.238689372589317,far,non_dense,0.0,0.0,115,2,1,1,1,0.5526913762218651,7.634218782186508
53,40.0,-0.223002395,-0.090325205,-0.260886575,253.67666666666665,20.525,39.56186510152156,26.517305060982626,0.5,45.0,18.48269493901737,6.0,1.1,2.0,2.4,0.0,3.6,2.0,0.0,4.0,5.695419001030534,far,dense,0.0,0.0,118,2,2,2,2,3.9282382732868357,17.18890219926834
46,55.0,-0.37241416,-0.1412039066666666,-0.2762550933333333,37.636666666666684,195.48333333333332,-18.18320942032734,5.087882034413368,-0.5,8.0,2.9121179655866327,3.9,0.6999999999999998,3.0,3.9,0.0,0.0,6.0,0.0,0.0,6.3064599478687455,near,non_dense,-1.0,-1.0,115,2,4,2,6,3.8451860205050465,6.0663022100925446
42,76.0,-0.40365077,-0.2627105333333333,-0.2271822033333333,-66.2133333333333,-227.5666666666667,-6.16040193945526,-4.010618256699641,-0.5,-9.0,-4.989381743300359,13.0,1.8,4.0,2.0,0.0,11.0,1.0,0.0,8.0,1.955938289053886,far,non_dense,0.0,0.0,118,2,3,2,3,0.5142698794427542,-7.166282087564468
32,24.0,-0.2937643666666666,-0.19791278,-0.2472010833333333,138.19333333333336,-173.64,5.05332508585376,8.69732896531653,0.5,20.0,11.30267103468347,9.4,4.9,1.0,1.3999999999999997,7.599999999999999,0.4000000000000001,3.0,2.0,1.0,1.2556971569817572,near,dense,-0.5,-0.5,114,2,5,1,6,4.921170286460052,11.232824623584747
25,45.0,-0.37032182,-0.3718403066666667,-0.25414274,-315.2633333333333,-242.58666666666667,-14.01150026350892,4.417824650551556,-0.5,-21.0,-25.417824650551555,1.3999999999999997,1.6000000000000003,2.0,0.8000000000000002,0.0,0.6,2.0,0.0,1.0,1.8680715912516956,far,dense,0.0,0.0,117,2,5,1,6,0.7121761430009357,-12.681104242801666
25,44.0,-0.2838102566666666,-0.4014506133333333,-0.25690342,-560.0333333333333,-255.65,-21.991747562888172,8.152187267143518,-0.5,-37.0,-45.15218726714352,1.2,1.0,2.0,0.4000000000000001,0.0,0.8000000000000002,1.0,0.0,2.0,2.9454581990808784,far,dense,0.0,0.0,117,2,5,1,6,0.8394392531375897,-19.51921433210373
14,92.0,-0.3229872766666666,-0.3299758466666667,-0.21194334,-193.9,131.18333333333334,-6.103074832429184,-0.7741152418695124,-0.5,-15.333333333333334,-14.55921809146382,9.8,1.9,4.0,6.599999999999999,0.0,3.2000000000000006,2.0,0.0,3.0,2.0386945135669734,far,non_dense,0.0,0.0,118,2,4,1,6,2.0408537581974358,-10.263752192258835
32,77.0,-0.2885042233333333,-0.2771646766666666,-0.2567180899999999,-175.1933333333333,-178.19333333333336,-7.230438765950332,-0.671142258649868,-0.5,-15.0,-14.328857741350133,8.2,3.4,4.0,5.400000000000001,0.0,2.7999999999999994,1.0,0.0,4.0,2.2804538327050623,far,non_dense,-0.5,-0.5,114,2,5,1,6,1.2652094605106141,-10.115690529346466
10,5.0,-0.20890472,-0.1612057233333333,-0.2914056066666666,134.19666666666663,-59.91,15.179698816258671,5.241446242050695,0.5,15.0,9.758553757949306,2.6,1.2,1.0,0.4000000000000001,0.0,2.2,1.0,0.0,3.0,2.34781999496316,near,dense,0.0,0.0,118,1,2,1,2,2.3977720475242164,9.55016165971756
62,23.0,-0.3621811466666667,-0.2964365,-0.2434219199999999,-338.46000000000004,-87.29,-12.888508441983818,12.101971711557866,-0.5,-14.333333333333334,-26.4353050448912,1.2,0.8000000000000002,1.0,1.2,0.0,0.0,2.0,0.0,0.0,1.93477991517391,near,dense,-3.0,-3.0,118,2,3,1,3,1.5232375723953577,-9.941378980875015
14,51.0,-0.27217035,-0.2971525066666666,-0.2213228916666666,-228.7516666666667,48.15166666666667,-17.24615017489814,0.6760980081786259,-0.5,-16.5,-17.176098008178624,1.3999999999999997,1.0,3.0,0.0,0.5,0.9,0.0,1.0,1.0,4.991833701223954,near,non_dense,0.0,0.0,118,2,4,1,6,1.2879917205725715,-10.816709697246552
39,61.0,-0.3084896533333333,-0.13849361,-0.3331699266666666,133.34666666666666,45.176666666666655,11.337322588160845,5.890913677020838,0.5,16.666666666666668,10.775752989645827,9.3,5.5,3.0,0.0,2.9,6.400000000000001,0.0,3.0,4.0,4.984029929981283,near,non_dense,0.0,0.0,114,2,5,1,6,0.26788290952480487,10.00218614935875
25,30.0,-0.32720807,-0.04801829,-0.2358016866666666,592.56,-197.88666666666668,17.44824900594041,-10.107954047014474,0.5,37.66666666666666,47.774620713681145,4.7,1.1,2.0,1.0,0.4000000000000001,3.2999999999999994,2.0,1.0,5.0,2.9973748388151105,far,dense,0.0,0.0,117,2,5,1,6,1.1004716269816504,20.746774971485138
45,45.0,-0.3186745333333333,-0.3110205133333333,-0.2758755966666666,-354.0133333333333,24.28000000000001,-12.98419646322305,5.959170932919682,-0.5,-21.0,-26.95917093291968,1.2,0.9,2.0,0.0,0.0,1.2,0.0,0.0,1.0,1.791466422115466,far,dense,0.0,0.0,116,2,2,2,2,0.20427470718059818,-12.61824518442154
39,13.0,-0.2925486422222222,-0.1404995388888889,-0.3728183444444444,273.8511111111111,-17.146666666666672,12.687964737111017,-8.574370921347164,0.5,13.555555555555555,22.12992647690272,6.4,1.9,1.0,3.6,0.0,2.8,2.0,0.0,4.0,2.041570974864197,near,dense,0.0,0.0,114,2,5,1,6,1.4261674527950319,9.776342660188675
14,52.0,-0.28188514,-0.3371983811111111,-0.2492566344444444,-482.2211111111111,88.31777777777779,-17.905042700725986,13.192579589179433,-0.5,-20.88888888888889,-34.081468478068324,5.0,1.1,3.0,0.0,0.0,5.0,0.0,0.0,5.0,6.086639678575326,near,non_dense,0.0,0.0,118,2,4,1,6,0.8243466043568096,-12.887541949748993
32,47.0,-0.32410001,-0.33444007,-0.2613650333333333,-237.25333333333333,-103.78666666666668,-12.986713271243126,-4.595327474440862,-0.5,-24.0,-19.40467252555914,1.7,2.0,2.0,0.9,0.0,0.8000000000000002,2.0,0.0,2.0,1.7127028481729365,far,dense,-0.5,-0.5,114,2,5,1,6,0.15015133346513693,-13.24387788772583
63,4.0,-0.25941828,-0.1193747633333333,-0.2207673633333333,321.78666666666663,-44.98666666666667,12.35019870334177,7.896172379860121,0.5,32.0,24.10382762013988,3.7000000000000006,0.9,1.0,1.1,0.6,2.0,1.0,1.0,1.0,1.876613918564668,near,dense,99.0,99.0,119,2,1,1,1,0.35932284370376005,13.024508953094482
45,13.0,-0.399251585,-0.0627051716666666,-0.2082784133333333,339.765,137.08333333333334,6.99883889264698,-6.874117863800199,0.5,19.0,25.8741178638002,6.0,2.3,1.0,0.0,0.0,6.0,0.0,0.0,6.0,1.2759173077248325,near,dense,0.0,0.0,116,2,2,2,2,3.6515743543047225,11.657945811748505
25,75.0,-0.37044841,-0.3308033066666667,-0.2452504166666666,-402.6033333333333,-285.24,-9.38264590312528,14.920957432346077,-0.5,-16.0,-30.920957432346075,2.2,0.8000000000000002,4.0,2.2,0.0,0.0,3.0,0.0,0.0,2.9407370967378736,far,non_dense,0.0,0.0,117,2,5,1,6,0.4544477202311068,-10.71905717253685
30,50.0,-0.3557217333333333,-0.1146295066666666,-0.22518427,437.0133333333333,-251.33,14.473752779036774,1.9609073921291345,0.5,37.0,35.03909260787086,2.6,0.9,3.0,0.0,0.0,2.6,0.0,0.0,4.0,5.215895877109844,near,non_dense,0.0,0.0,120,1,4,1,6,0.4871611182111267,17.01473444700241
53,61.0,-0.3633907783333334,-0.134747175,-0.2169949333333333,220.6966666666667,-81.82166666666667,22.736440341513187,8.508150995317463,0.5,25.33333333333333,16.82518233801587,2.7000000000000006,2.9,3.0,0.0,0.0,2.7000000000000006,0.0,0.0,1.0,9.409815349433428,near,non_dense,0.0,0.0,118,2,2,2,2,1.0776656543365688,12.595805525779724
24,85.0,-0.2429073733333333,-0.0292460433333333,-0.2862496066666666,481.49,516.1,6.568187125346454,-18.13127055099965,0.5,17.333333333333332,35.46460388433298,12.1,7.099999999999999,4.0,4.1,4.4,3.6,2.0,2.0,3.0,3.07833491541167,far,non_dense,0.0,0.0,117,3,4,2,6,1.8851496460576187,12.371309101581573
14,82.0,-0.3731000333333333,-0.1758272033333333,-0.1923325233333333,152.61666666666667,179.21333333333337,7.972795583115368,-2.459408635339026,0.5,9.0,11.459408635339026,6.0,1.9,4.0,1.5,0.9,3.6,1.0,1.0,4.0,2.7823116813872937,far,non_dense,0.0,0.0,118,2,4,1,6,0.19148442228938073,8.50556492805481
56,10.0,-0.38269631,-0.0346965166666666,-0.2896027133333334,412.6933333333333,241.5566666666667,18.35479430911356,-3.5780897457788434,0.5,23.33333333333333,26.91142307911218,3.0,0.9,1.0,0.0,0.0,3.0,0.0,0.0,4.0,2.93983015306482,near,dense,0.0,0.0,122,2,3,2,3,1.9437102532724813,12.640616297721863
40,82.0,-0.25014341,-0.14598783,-0.40478599,258.07666666666665,-136.32333333333335,8.493628315862512,3.2287833970691024,0.5,22.666666666666668,19.437883269597567,7.599999999999999,2.0,4.0,0.8000000000000002,0.0,6.8,1.0,0.0,6.0,2.9761088622081124,far,non_dense,1.5,0.5,120,2,2,2,2,1.0101005628977875,11.49979755282402
40,87.0,-0.2793983733333333,-0.0967855866666666,-0.4277988966666666,358.12000000000006,-86.23666666666666,10.23429669301048,-25.639638870694977,0.5,1.3333333333333333,26.97297220402831,7.2,1.7,4.0,0.5,0.0,6.7,1.0,0.0,4.0,3.693134455889716,far,non_dense,1.5,0.5,120,2,2,2,2,0.8453759892627688,7.112209498882294
23,13.0,-0.4721815066666666,-0.0678835133333333,-0.21873635,359.2966666666666,-117.47333333333334,12.678796801422274,-13.487587745786463,0.5,15.0,28.487587745786467,5.0,1.9,1.0,1.9,0.6999999999999998,2.4,1.0,1.0,4.0,1.982907808182107,near,dense,99.0,99.0,112,2,4,1,6,0.9106862664070147,10.872989892959595
25,33.0,-0.3174268699999999,-0.0562115533333333,-0.2313582216666666,355.1033333333333,-253.99166666666667,17.00672748116769,9.20344426865822,0.5,37.833333333333336,28.629889064675115,3.0,1.2,2.0,0.0,0.6999999999999998,2.3,0.0,1.0,5.0,2.9084543559347225,far,dense,0.0,0.0,117,2,5,1,6,1.05806750515067,13.92938643693924
25,42.0,-0.2763107033333333,-0.3624421933333333,-0.24724443,-375.0833333333333,-264.37333333333333,-15.334422080580552,-3.092574615189624,-0.5,-33.333333333333336,-30.24075871814371,1.0,1.1,2.0,0.0,0.0,1.0,0.0,0.0,2.0,1.9631988091817012,far,dense,0.0,0.0,117,2,5,1,6,0.5900144925146258,-16.49273782968521
14,36.0,-0.25912552,-0.1720258399999999,-0.2083241433333333,272.68666666666667,66.35333333333335,14.206128147377193,11.524988908538951,0.5,32.0,20.47501109146105,1.3999999999999997,1.2,2.0,0.8000000000000002,0.0,0.6,1.0,0.0,1.0,3.4739225027510208,far,dense,0.0,0.0,118,2,4,1,6,0.07292476047869227,13.952793180942535
72,34.0,-0.32827597,-0.08525624,-0.2091135266666667,462.1333333333334,-157.56,16.293804293405223,8.340956625431735,0.5,43.66666666666666,35.325710041234935,3.5,2.5,2.0,0.0,0.0,3.5,0.0,0.0,1.0,2.891977251449577,far,dense,0.0,0.0,116,1,4,1,6,0.30125570554125053,15.422579646110535
14,45.0,-0.2760280833333333,-0.3814858466666666,-0.22546093,-171.51999999999998,64.42333333333333,-13.658765704827417,-20.787878182665253,-0.5,-33.666666666666664,-12.878788484001412,2.3,1.2,2.0,0.0,0.0,2.3,0.0,0.0,2.0,1.8352945751497396,far,dense,0.0,0.0,118,2,4,1,6,0.4748107916045192,-14.530183374881744
30,75.0,-0.4044037066666666,-0.31153368,-0.2520680033333333,-237.42,-174.13,-8.774972797827044,4.035989825544686,-0.5,-15.0,-19.03598982554469,7.0,1.7,4.0,2.5,0.0,4.5,1.0,0.0,6.0,2.760405181255912,far,non_dense,0.0,0.0,120,1,4,1,6,0.45870671613594316,-10.041189193725586
24,2.0,-0.2115162066666666,-0.09529437,-0.3740715699999999,201.21333333333337,78.12333333333333,10.224822682778486,-7.820559436152201,0.5,7.0,14.8205594361522,5.7,2.4,1.0,3.2000000000000006,1.6000000000000003,0.9,2.0,1.0,2.0,1.6318940722496584,near,dense,0.0,0.0,117,3,4,2,6,1.6348341185277029,7.556946575641632
32,34.0,-0.25817006,-0.1094159399999999,-0.2330803066666666,431.5,-123.05333333333331,22.80584478217095,-20.291880106126083,0.5,15.0,35.29188010612608,5.400000000000001,1.3999999999999997,2.0,1.5,1.6000000000000003,2.3,2.0,1.0,2.0,4.004464772330245,far,dense,-0.5,-0.5,114,2,5,1,6,2.7787147509459147,11.678579449653625
23,77.0,-0.3991939733333333,-0.2770447133333333,-0.24107327,-111.88333333333334,-174.13333333333333,-9.387574293792914,-3.4624292272805586,-0.5,-12.333333333333334,-8.870904106052775,7.0,2.5,4.0,7.0,0.0,0.0,5.0,0.0,0.0,3.00530652354632,far,non_dense,99.0,99.0,112,2,4,1,6,0.02413616244088231,-9.315037727355957
46,79.0,-0.31178358,-0.3524332033333333,-0.3188021566666666,-392.21,-106.28000000000002,-27.975206807299305,2.347049524826822,-0.5,-28.0,-30.347049524826826,4.4,0.6999999999999998,4.0,3.6,0.0,0.8000000000000002,4.0,0.0,1.0,8.090060475746299,far,non_dense,-1.0,-1.0,115,2,4,2,6,1.5426993296775402,-15.494675934314728
39,39.0,-0.2423741133333333,-0.0502687616666666,-0.3704298633333333,297.4533333333333,-60.92,22.45184998709655,20.79610971109468,0.5,44.833333333333336,24.037223622238656,2.5,0.4000000000000001,2.0,0.6,0.0,1.9,1.0,0.0,2.0,3.938805628701791,far,dense,0.0,0.0,114,2,5,1,6,1.693255127698301,15.782447159290314
71,25.0,-0.3677052316666667,-0.0703195516666666,-0.1888351833333333,263.42,40.021666666666654,24.234719310603797,6.181696046155857,0.5,25.166666666666668,18.984970620510808,4.5,2.3,2.0,0.0,0.0,4.5,0.0,0.0,4.0,4.0146988490998,far,dense,0.0,0.0,116,2,2,2,2,3.065106052851982,11.929241567850113
45,7.0,-0.3876269066666666,-0.05284857,-0.2111464466666666,262.88666666666666,5.593333333333334,11.279710243789864,1.3137297892517228,0.5,21.33333333333333,20.01960354408161,11.1,1.5,1.0,1.6000000000000003,0.0,9.5,1.0,0.0,3.0,1.3423445490750054,near,dense,0.0,0.0,116,2,2,2,2,0.2590322577706646,11.627420783042908
56,63.0,-0.1801039966666666,-0.33102079,-0.3453564733333333,-466.3333333333333,-180.85333333333327,-16.053182359129217,5.901457361533272,-0.5,-31.0,-36.90145736153327,3.0,1.7,3.0,0.4000000000000001,0.0,2.6,1.0,0.0,2.0,4.553974059744751,near,non_dense,0.0,0.0,122,2,3,2,3,0.20106888178277058,-16.968844830989838
40,9.0,-0.3007338733333333,-0.0388300633333333,-0.4617922299999999,487.5800000000001,-44.25333333333333,16.046866966775728,-7.723673034849001,0.5,29.0,36.723673034849,1.9,1.8,1.0,0.0,1.9,0.0,0.0,2.0,0.0,2.554281977023059,near,dense,1.5,0.5,120,2,2,2,2,0.05701143468483532,15.901243686676025
53,1.0,-0.32791094,-0.2935348988888889,-0.2508566599999999,-79.9877777777778,-110.97333333333331,-12.126730047157064,4.653558603134306,-0.5,-1.4444444444444444,-6.098003047578751,0.4,0.8999999999999999,1.0,0.0,0.0,0.4,0.0,0.0,1.0,1.654146819893625,near,dense,0.0,0.0,118,2,2,2,2,5.61720167226204,-2.835053764283657
40,31.0,-0.29868532,-0.0623108866666666,-0.4441579566666667,380.1166666666666,-73.37666666666668,14.138655175110904,-24.629722674767944,0.5,4.0,28.629722674767944,8.6,3.5,2.0,2.4,0.6,5.599999999999999,2.0,1.0,3.0,3.910451128833067,far,dense,1.5,0.5,120,2,2,2,2,1.5837614924876282,7.945433259010315
57,81.0,-0.3454839866666666,-0.3493559666666666,-0.2564461633333333,-188.92,16.596666666666664,-16.39532197222572,-0.6717248483505944,-0.5,-16.0,-15.328275151649407,1.9,1.0,4.0,0.8000000000000002,0.0,1.1,1.0,0.0,1.0,5.247795647701198,far,non_dense,0.0,0.0,115,2,3,2,3,1.1111772079377336,-10.564091056585312
14,63.0,-0.2143803366666666,-0.3391482233333333,-0.2388326033333333,-504.26666666666665,64.12333333333333,-15.099833146953506,-1.8031887076388715,-0.5,-39.66666666666666,-37.8634779590278,2.0,1.1,3.0,0.6,0.0,1.3999999999999997,1.0,0.0,2.0,4.2819991353786655,near,non_dense,0.0,0.0,118,2,4,1,6,0.9414224631568364,-19.131003320217133
11,6.0,-0.3600470433333333,-0.0428796066666666,-0.2884902166666667,490.63333333333327,-202.61333333333332,16.189692614218,3.377671014879674,0.5,40.0,36.622328985120326,2.7999999999999994,1.1,1.0,2.2,0.6,0.0,3.0,1.0,0.0,2.612718635459673,near,dense,-1.0,-1.25,113,2,4,1,6,0.44125202132461067,17.34255999326706
33,63.0,-0.3082870733333333,-0.3475418166666666,-0.2443681266666666,-390.59,-226.75666666666663,-15.81185306877896,15.72128556082559,-0.5,-15.0,-30.721285560825592,1.7,2.0,3.0,0.4000000000000001,0.8000000000000002,0.5,1.0,1.0,1.0,4.465838649963405,near,non_dense,0.0,0.0,114,2,2,1,2,1.224474245909852,-10.343548655509949
57,22.0,-0.3283073999999999,-0.1005041566666666,-0.23562749,379.82,-99.34333333333332,14.339296770470616,-12.150533566762698,0.5,18.666666666666668,30.817200233429364,4.8,1.2,1.0,0.0,0.0,4.8,0.0,0.0,6.0,2.320325128152499,near,dense,0.0,0.0,115,2,3,2,3,0.8871895052635265,12.280728667974472
33,86.0,-0.3331734116666666,-0.2813024533333333,-0.4041111483333333,318.0516666666667,-223.96666666666667,10.935273693762824,-24.515888975045907,0.5,0.5,25.015888975045907,10.6,2.3,4.0,0.0,3.1,7.5,0.0,2.0,6.0,3.963084517954129,far,non_dense,0.0,0.0,114,2,2,1,2,1.0634028261808253,6.720918416976929
11,30.0,-0.2653469533333333,-0.03312275,-0.2615230466666666,270.68666666666667,-182.6733333333333,21.943276710561133,24.79514336866852,0.5,45.0,20.204856631331484,6.400000000000001,8.8,2.0,2.0,4.0,0.4000000000000001,3.0,4.0,1.0,3.8441803981893146,far,dense,-1.0,-1.25,113,2,4,1,6,1.3562698620794138,16.729530692100525
59,25.0,-0.3812991283333333,-0.031855955,-0.2097046783333333,451.245,-65.29166666666667,20.95904813032497,-9.653960248343076,0.5,24.33333333333333,33.98729358167641,4.4,0.6999999999999998,2.0,0.0,0.0,4.4,0.0,0.0,4.0,3.484738269192868,far,dense,0.0,0.0,119,2,2,2,2,1.9807778003149557,14.056555926799774
39,46.0,-0.24146827,-0.366969395,-0.318615625,-285.03833333333336,-67.28000000000002,-11.200941870653466,2.5339666476877145,-0.5,-20.5,-23.03396664768772,2.0,1.9,2.0,0.0,1.2,0.8000000000000002,0.0,1.0,2.0,2.308157074294928,far,dense,0.0,0.0,114,2,5,1,6,0.559536131461629,-12.492439150810242
25,69.0,-0.3475855033333333,-0.0667288433333333,-0.2390800366666666,471.1933333333334,-285.12666666666667,13.05249718463905,-8.98954162078968,0.5,29.0,37.98954162078968,4.3,1.1,3.0,0.0,0.9,3.4,0.0,2.0,4.0,5.104273695561335,near,non_dense,0.0,0.0,117,2,5,1,6,0.6287317635713686,16.261716187000275
33,8.0,-0.2850952633333333,-0.1364122066666666,-0.2139907733333333,456.09,-176.90333333333334,14.015369594680145,5.126907674449053,0.5,41.0,35.87309232555095,7.3,2.4,1.0,0.0,4.5,2.7999999999999994,0.0,1.0,3.0,2.1280158693379483,near,dense,0.0,0.0,114,2,2,1,2,1.383046199824462,16.958513855934143
28,48.0,-0.3552943233333334,0.0624930066666666,-0.2057511199999999,198.35,32.25000000000001,-4.852681836879463,29.25428633697844,-0.5,45.0,15.745713663021563,2.7999999999999994,0.6,2.0,0.0,0.0,2.7999999999999994,0.0,0.0,5.0,1.315613720465416,far,dense,0.0,0.0,115,2,1,1,1,17.395192062877477,18.03267151117325
56,77.0,-0.3380850833333333,-0.32591203,-0.2588896966666666,-218.77666666666676,-274.96,-7.181087503872014,1.3120325304468452,-0.5,-16.0,-17.312032530446846,6.0,1.5,4.0,2.4,1.1,2.5,1.0,1.0,4.0,2.287052014862357,far,non_dense,0.0,0.0,122,2,3,2,3,1.484720834889085,-10.576721280813217
40,16.0,-0.2923399,-0.0285656566666666,-0.4643212366666667,473.7866666666667,-69.35000000000001,17.541946933207083,-14.018116620050714,0.5,21.666666666666668,35.68478328671738,5.2,1.6000000000000003,1.0,0.0,0.8000000000000002,4.4,0.0,1.0,5.0,2.921033020644302,near,dense,1.5,0.5,120,2,2,2,2,1.3109911324164836,13.712498545646667
14,60.0,-0.2716894433333333,-0.1677192199999999,-0.2051980066666666,214.48666666666668,-36.25,12.788466746132002,3.895006922583271,0.5,20.0,16.10499307741673,3.6,1.0,3.0,2.0,0.0,1.6000000000000003,1.0,0.0,3.0,4.646298288457557,near,non_dense,0.0,0.0,118,2,4,1,6,0.35608241889652115,11.134001612663269
59,14.0,-0.3780247766666667,-0.04963194,-0.2180829966666666,395.9666666666667,-151.94,24.103321088215257,-7.157121626960527,0.5,22.666666666666668,29.823788293627192,9.0,0.5,1.0,9.0,0.0,0.0,6.0,0.0,0.0,4.223118144706697,near,dense,0.0,0.0,119,2,2,2,2,2.6507213773901257,12.909011542797089
37,65.0,-0.4395112699999999,-0.2905319833333333,-0.1995762166666666,-288.5933333333333,-2.1666666666666665,-8.91904403659575,8.69146407030968,-0.5,-12.666666666666666,-21.358130736976342,3.5,0.8000000000000002,3.0,1.7,0.8000000000000002,1.0,2.0,1.0,1.0,3.830122791625924,near,non_dense,0.0,0.0,120,3,3,2,3,0.0636027182433624,-9.162650257349014
30,55.0,-0.3771819566666667,-0.28320503,-0.2281049033333333,-148.9933333333333,-170.65666666666667,-7.628216288716973,-2.0539315246932826,-0.5,-14.0,-11.946068475306715,6.0,1.1,3.0,1.3,0.0,4.7,1.0,0.0,4.0,2.8877956200100314,near,non_dense,0.0,0.0,120,1,4,1,6,0.7785784450741777,-9.876591712236404
42,9.0,-0.2753182766666667,-0.0396657866666666,-0.21723866,313.1333333333333,-47.26333333333333,15.980615438321289,21.404424035157263,0.5,45.0,23.59557596484273,2.7000000000000006,1.3999999999999997,1.0,1.5,0.0,1.2,2.0,0.0,2.0,2.521980976663494,near,dense,0.0,0.0,118,2,3,2,3,0.020648178926054667,15.928541123867035
56,96.0,-0.3044619666666666,-0.3370580866666666,-0.2630123666666666,-117.72333333333331,-119.82,-10.095999233182653,-6.684426235616367,-0.5,-16.0,-9.315573764383634,4.0,0.9,4.0,0.4000000000000001,1.2,2.4,1.0,2.0,4.0,4.629612631791422,far,non_dense,0.0,0.0,122,2,3,2,3,0.1766238240939105,-10.913699120283127
29,89.0,-0.30422624,-0.1799158833333333,-0.2119384233333333,182.53666666666663,-29.41666666666669,7.0019163755218905,-1.8484094726559832,0.5,12.333333333333334,14.181742805989316,5.7,1.5,4.0,2.5,0.0,3.2000000000000006,1.0,0.0,5.0,3.388487768448387,far,non_dense,2.0,0.75,122,2,1,2,1,0.8078846242807692,9.739423543214798
63,96.0,-0.2812062733333333,-0.3159838133333333,-0.2860793566666667,-184.28666666666663,-81.97333333333331,-10.9473865988031,-1.1957796696874372,-0.5,-15.0,-13.804220330312562,1.0,1.3,4.0,0.0,0.0,1.0,0.0,0.0,1.0,4.987513664951808,far,non_dense,99.0,99.0,119,2,1,1,1,0.1572767420984203,-10.162966698408127
71,24.0,-0.4392877733333333,-0.1720443466666666,-0.1922863433333333,169.3133333333333,11.49333333333334,4.180650457809041,-7.535932448791865,0.5,4.666666666666667,12.202599115458533,7.599999999999999,2.7999999999999994,1.0,2.2,0.4000000000000001,5.0,1.0,1.0,5.0,1.1600375120194926,near,dense,0.0,0.0,116,2,2,2,2,2.425531901521828,6.994358450174332
37,78.0,-0.4417766933333333,-0.1255234433333333,-0.1959590733333333,88.14333333333336,8.166666666666666,9.07380831423226,0.4767140488592283,0.5,7.0,6.523285951140771,10.3,2.0,4.0,5.3,0.0,5.0,1.0,0.0,3.0,2.819414782431429,far,non_dense,0.0,0.0,120,3,3,2,3,1.5094976743067245,4.8179082572460175
73,10.0,-0.3113295633333333,-0.0294189133333333,-0.2077858633333333,635.4566666666666,-12.036666666666662,21.86045967912749,-4.268965280161157,0.5,45.0,49.268965280161154,2.5,2.3,1.0,0.0,0.5,2.0,0.0,1.0,4.0,3.54888920833556,near,dense,0.0,0.0,114,2,1,1,1,0.108591731343723,21.475079655647278
59,55.0,-0.2702652733333333,-0.16255454,-0.2029446533333333,370.8833333333334,-193.88666666666668,-14.14654632341145,-9.934538298597776,-0.5,18.0,27.934538298597776,1.3999999999999997,0.8000000000000002,3.0,1.3999999999999997,0.0,0.0,2.0,0.0,0.0,4.914945085679598,near,non_dense,0.0,0.0,119,2,2,2,2,5.2854839611637425,11.831317096948624
39,26.0,-0.2759756377777778,-0.1149329455555555,-0.3690247122222222,341.6033333333333,-30.79888888888888,22.04367036662173,-6.716099165603021,0.5,20.88888888888889,27.60498805449191,2.1,0.7,2.0,0.6,0.0,1.5,1.0,0.0,3.0,3.803276564366382,far,dense,0.0,0.0,114,2,5,1,6,2.589919607515489,12.193489819765091
14,27.0,-0.2684253883333333,-0.2349547716666666,-0.2034035166666666,37.85500000000001,66.26666666666667,18.22406215150157,11.490944468700206,0.5,14.333333333333334,2.8423888646331275,4.2,1.0,2.0,2.6,0.0,1.6000000000000003,3.0,0.0,2.0,3.090761326844852,far,dense,0.0,0.0,118,2,4,1,6,3.3017882743968032,8.019022643566132
56,86.0,-0.27581206,-0.1771571266666666,-0.2691497033333334,271.3066666666667,-198.7133333333333,8.042573675092939,-6.46878783109304,0.5,15.0,21.46878783109304,11.1,1.8,4.0,0.0,6.5,4.6,0.0,1.0,4.0,3.000949980956555,far,non_dense,0.0,0.0,122,2,3,2,3,0.6790006125181235,10.08022055029869
45,4.0,-0.3033385366666666,0.0306699633333333,-0.2315578933333333,474.17333333333335,-40.080000000000005,15.689313219639953,8.890286773099978,0.5,45.0,36.10971322690002,3.2000000000000006,2.2,1.0,1.0,0.0,2.2,1.0,0.0,2.0,2.461299675408738,near,dense,0.0,0.0,116,2,2,2,2,0.03101732301616949,15.612970292568207
46,14.0,-0.34252009,-0.0113671,-0.2783441033333333,474.35,-117.37,26.568470429888595,1.9640763652934157,0.5,38.66666666666666,36.70259030137325,6.5,0.6,1.0,6.5,0.0,0.0,7.0,0.0,0.0,4.649876053819738,near,dense,-1.0,-1.0,115,2,4,2,6,1.9443956178719555,17.527271807193756
40,66.0,-0.2253297933333333,-0.1127487866666666,-0.36452012,253.54,-59.96999999999999,12.179867719026069,10.903810531080817,0.5,30.0,19.09618946891918,6.7,4.4,3.0,3.2000000000000006,1.8,1.7,1.0,1.0,2.0,4.715384160581405,near,non_dense,1.5,0.5,120,2,2,2,2,0.35345270389117983,13.846533000469208
42,87.0,-0.3326376466666667,-0.2158536066666666,-0.2341098149999999,-346.8216666666667,-264.90000000000003,9.686380870346786,10.982349634203956,0.5,-10.666666666666666,-21.649016300870624,4.6,0.9,4.0,0.8000000000000002,0.0,3.8,1.0,0.0,4.0,3.8184555274001433,far,non_dense,0.0,0.0,118,2,3,2,3,4.7391267524572385,-8.409763872623444
32,79.0,-0.2741468766666666,-0.2828837933333333,-0.26749759,-197.9033333333333,-203.32666666666668,-9.502003113656569,1.186282068604184,-0.5,-15.0,-16.186282068604182,5.5,3.4,4.0,2.2,1.1,2.2,2.0,2.0,3.0,3.228445913495776,far,non_dense,-0.5,-0.5,114,2,5,1,6,0.17931109891435978,-10.08089929819107
53,86.0,-0.3283196166666666,-0.1290346233333333,-0.23872735,247.57,-105.62,25.28370394350389,12.792750470578872,0.5,31.666666666666668,18.87391619608779,3.8,4.5,4.0,3.8,0.0,0.0,1.0,0.0,0.0,7.961026389630199,far,non_dense,0.0,0.0,118,2,2,2,2,1.417493761436415,13.998998701572418
53,7.0,-0.2893190175,-0.1122791175,-0.24108089,398.2125,-137.4,19.63851645712822,12.391598928648024,0.5,42.75,30.358401071351977,8.0,5.9,1.0,8.0,0.0,0.0,6.0,0.0,0.0,2.739907667373285,near,dense,0.0,0.0,118,2,2,2,2,1.8094977232994414,14.680659770965576
28,55.0,-0.4500228566666666,-0.3445526166666666,-0.2204754533333333,-151.72333333333336,-100.30333333333331,-9.576791430644542,-3.2890068263212746,-0.5,-15.333333333333334,-12.04432650701206,3.8,0.9,3.0,2.0,1.8,0.0,2.0,1.0,0.0,3.690295818309236,near,non_dense,0.0,0.0,115,2,1,1,1,0.31802265353736675,-10.750389099121094
71,38.0,-0.3588808266666667,-0.0699395466666666,-0.1912902733333333,303.32666666666665,13.163333333333336,45.13674422042692,7.1389117945329055,0.5,29.0,21.86108820546709,3.5,2.2,2.0,3.5,0.0,0.0,6.0,0.0,0.0,7.420348993278993,far,dense,0.0,0.0,116,2,2,2,2,4.405616463523604,12.445532530546188
73,23.0,-0.3577427966666667,-0.3713385866666667,-0.25294168,-484.2833333333333,-47.723333333333336,-14.247473616477912,13.62726526188968,-0.5,-24.0,-37.62726526188968,0.6,2.7999999999999994,1.0,0.0,0.6,0.0,0.0,1.0,0.0,2.074190115298644,near,dense,0.0,0.0,114,2,1,1,1,0.004444296659365639,-14.256691932678223
33,34.0,-0.2800612733333333,-0.1362600866666666,-0.21411929,467.3866666666666,-242.17666666666665,14.695902886194784,4.238384869072251,0.5,41.0,36.761615130927744,5.5,2.2,2.0,0.0,4.4,1.1,0.0,1.0,1.0,2.5721827916372724,far,dense,0.0,0.0,114,2,2,1,2,1.0423939580652117,17.377130687236786
57,36.0,-0.3339343966666666,-0.0642667233333333,-0.2120219266666666,392.0933333333334,147.78333333333333,16.648656138119183,-4.146346770029925,0.5,27.666666666666668,31.813013436696597,2.1,1.8,2.0,0.0,0.6999999999999998,1.3999999999999997,0.0,1.0,3.0,3.85842225406368,far,dense,0.0,0.0,115,2,3,2,3,0.636976170039695,14.190933108329773
57,19.0,-0.3180172233333333,-0.09248759,-0.2430496866666666,493.49,-111.16333333333334,15.931544168167994,-20.706633343500584,0.5,19.33333333333333,40.03996667683392,2.5,1.0,1.0,0.0,0.0,2.5,0.0,0.0,3.0,3.1551956387938,near,dense,0.0,0.0,115,2,3,2,3,0.6460243717369909,13.893210887908936
42,51.0,-0.3894624183333333,-0.238782095,-0.227207705,-163.79666666666665,-316.935,-20.480336815904824,4.342591093638567,-0.5,-8.0,-12.342591093638566,1.9,0.8000000000000002,3.0,0.9,1.0,0.0,1.0,1.0,0.0,5.660758351387201,near,non_dense,0.0,0.0,118,2,3,2,3,2.4628502278793456,-6.538736820220947
59,79.0,-0.28340908,-0.1723380566666666,-0.2066431933333333,-184.39,3.759999999999991,-20.81828702275749,5.554725400891563,-0.5,-8.333333333333334,-13.888058734224895,2.7000000000000006,0.9,4.0,2.7000000000000006,0.0,0.0,3.0,0.0,0.0,6.234260455409505,far,non_dense,0.0,0.0,119,2,2,2,2,2.2451949328488956,-6.8211570382118225
29,81.0,-0.2260913066666666,-0.34718892,-0.2508851,-167.61666666666667,-9.176666666666677,-14.623438712348516,-21.31076367611062,-0.5,-34.333333333333336,-13.022569657222707,2.4,1.8,4.0,1.3999999999999997,0.0,1.0,1.0,0.0,1.0,4.684400150798886,far,non_dense,2.0,0.75,122,2,1,2,1,0.002527446806434258,-14.635278284549713
28,96.0,-0.48565209,-0.3468517066666667,-0.2275210266666666,-44.45666666666665,-41.14000000000001,-10.642352629158434,-10.470875000021536,-0.5,-14.0,-3.5291249999784644,4.2,1.9,4.0,0.0,2.1,2.1,0.0,1.0,3.0,5.033823340744981,far,non_dense,0.0,0.0,115,2,1,1,1,0.22311525928139686,-9.51922982931137
57,13.0,-0.3759465033333333,-0.1060479699999999,-0.2540330933333333,340.63666666666666,-31.35,11.664527836217024,-17.30467510096344,0.5,10.333333333333334,27.638008434296776,8.7,1.1,1.0,0.0,1.0,7.7,0.0,2.0,8.0,1.7748911374238523,near,dense,0.0,0.0,115,2,3,2,3,1.2336337622938942,9.474962204694748
15,68.0,-0.16737873,-0.2795407866666666,-0.2562596433333333,-328.89,-132.43666666666664,-15.123686923931318,-17.656311200279337,-0.5,-43.0,-25.343688799720663,2.4,0.9,3.0,1.5,0.0,0.9,2.0,0.0,1.0,4.651592282777813,near,non_dense,0.0,0.0,123,1,1,2,1,0.6466154004989273,-18.131478130817413
56,72.0,-0.2013275,-0.3374730433333333,-0.3267858933333333,-372.1266666666667,17.616666666666674,-14.462325518543656,0.1199804571444798,-0.5,-26.0,-26.11998045714448,3.2999999999999994,1.5,3.0,1.6000000000000003,1.3,0.4000000000000001,2.0,2.0,1.0,4.664052464654696,near,non_dense,0.0,0.0,122,2,3,2,3,0.01952229408705266,-14.553378522396088
38,31.0,-0.41729919,-0.09620432,-0.1847704233333333,278.75333333333333,-53.32333333333332,13.022216856600387,-8.077740763295905,0.5,15.0,23.077740763295907,7.0,2.5,2.0,1.0,1.9,4.1,2.0,2.0,6.0,3.615102084262796,far,dense,2.0,2.0,115,2,1,2,1,0.7503033090801164,10.309793800115585
32,8.0,-0.2868530133333333,-0.1323001533333333,-0.2364456133333333,454.4933333333333,-178.15,14.175268989602822,2.827522064812058,0.5,40.0,37.17247793518794,3.7000000000000006,1.5,1.0,0.5,1.8,1.3999999999999997,1.0,1.0,3.0,2.1539994005673737,near,dense,-0.5,-0.5,114,2,5,1,6,1.5462027578190083,17.505788803100586
63,78.0,-0.28289786,-0.1367937333333333,-0.22789814,222.31333333333336,-132.36333333333334,9.454372423318798,15.347345246357738,0.5,32.0,16.652654753642263,8.6,2.4,4.0,2.4,2.1,4.1,2.0,1.0,2.0,3.2116444827795134,far,non_dense,99.0,99.0,119,2,1,1,1,1.4575895684247646,14.135631918907166
50,40.0,-0.3980070766666666,-0.0062038866666666,-0.28537509,453.85666666666674,-58.39000000000001,37.39243083210938,-7.062436518439145,0.5,30.0,37.06243651843914,0.8000000000000002,1.9,2.0,0.8000000000000002,0.0,0.0,2.0,0.0,0.0,6.547955476636932,far,dense,0.0,0.0,117,1,1,1,1,3.255049614751819,16.078510880470276
73,45.0,-0.3035129733333333,-0.32810965,-0.2638501833333333,-305.76666666666665,-127.11333333333334,-15.308753215241802,2.7570915268137823,-0.5,-21.0,-23.75709152681378,3.7000000000000006,3.6,2.0,0.0,0.0,3.7000000000000006,0.0,0.0,3.0,1.94723514255348,far,dense,0.0,0.0,114,2,1,1,1,1.3429585076643584,-12.693697214126587
63,95.0,-0.2732902033333333,-0.11287888,-0.22116158,331.2933333333333,-217.23666666666668,11.568620764467935,-15.482602892638972,0.5,9.333333333333334,24.815936225972305,7.900000000000001,1.2,4.0,2.0,0.0,5.900000000000001,2.0,0.0,5.0,4.292198970353606,far,non_dense,99.0,99.0,119,2,1,1,1,0.6019408083981092,8.984971046447754
40,46.0,-0.22342826,-0.2687445666666666,-0.38465681,-503.3433333333333,-143.65333333333334,-11.751467571706348,12.598041767147668,-0.5,-23.0,-35.59804176714767,2.1,2.7000000000000006,2.0,0.5,1.2,0.4000000000000001,1.0,2.0,1.0,2.409469794836172,far,dense,1.5,0.5,120,2,2,2,2,0.8257669713088653,-13.741128146648407
32,27.0,-0.2583281766666667,-0.1429931466666666,-0.2554360833333333,501.9500000000001,-188.77,17.345130048715273,1.279430160054105,0.5,42.333333333333336,41.05390317327923,0.4000000000000001,1.2,2.0,0.0,0.4000000000000001,0.0,0.0,1.0,0.0,3.056895460420218,far,dense,-0.5,-0.5,114,2,5,1,6,0.48778148613694217,18.83622705936432
62,73.0,-0.3600497766666666,-0.14539991,-0.22530672,250.78333333333333,-80.24,6.422880165603689,-6.25401499982656,0.5,13.333333333333334,19.58734833315989,7.5,0.9,4.0,1.3,1.3,4.9,1.0,1.0,6.0,2.1903537573191287,far,non_dense,-3.0,-3.0,118,2,3,1,3,1.3923359520909317,9.472588449716568
57,55.0,-0.3522301033333333,-0.2796208866666667,-0.24787976,-25.52666666666668,-110.27333333333335,-7.676025026112835,-7.928859991683761,-0.5,-10.0,-2.0711400083162395,3.6,1.2,3.0,1.1,0.5,2.0,1.0,1.0,4.0,3.132966594947288,near,non_dense,0.0,0.0,115,2,3,2,3,0.07021346746680689,-7.4560485780239105
30,74.0,-0.42534582,-0.1679568333333333,-0.23930449,137.4266666666667,-179.60666666666663,7.213445390725393,13.314663345863076,0.5,24.33333333333333,11.018669987470256,6.3,1.2,4.0,2.0,0.0,4.3,2.0,0.0,4.0,2.5782888163239064,far,non_dense,0.0,0.0,120,1,4,1,6,1.9631145520572166,12.27492168545723
45,9.0,-0.3303129266666667,0.02204375,-0.1980296966666666,350.03333333333336,-11.98999999999999,48.18801979995825,18.34391793467388,0.5,45.0,26.65608206532612,4.8,1.5,1.0,4.8,0.0,0.0,6.0,0.0,0.0,7.614222108728559,near,dense,0.0,0.0,116,2,2,2,2,4.32067186079473,15.289464592933655
62,49.0,-0.3668101233333333,-0.07775046,-0.24541827,498.58,-34.26333333333334,15.34956098502875,6.058575934285135,0.5,45.0,38.94142406571486,12.5,1.2,3.0,1.6000000000000003,1.1,9.8,3.0,1.0,8.0,6.965051657579193,near,non_dense,-3.0,-3.0,118,2,3,1,3,0.30104080162078056,17.446325719356537
23,94.0,-0.4195682899999999,-0.2996974599999999,-0.2353992033333333,-234.72000000000003,-258.2933333333333,-10.426369008509534,4.943599489502325,-0.5,-13.666666666666666,-18.61026615616899,7.7,0.6,4.0,6.8,0.0,0.9,3.0,0.0,1.0,3.5898714934048126,far,non_dense,99.0,99.0,112,2,4,1,6,0.2817866028279781,-9.414791315793991
33,59.0,-0.38567828,-0.14952716,-0.2112111433333333,235.75666666666663,-240.0433333333333,8.032862726646792,-9.543096033014258,0.5,9.0,18.54309603301426,11.5,2.1,3.0,4.5,2.6,4.4,2.0,1.0,2.0,3.1147497526422234,near,non_dense,0.0,0.0,114,2,2,1,2,0.066888423537471,8.241203427314758
28,6.0,-0.4667663766666667,-0.07882442,-0.21659684,322.8233333333333,-86.76333333333334,11.089055864395087,-7.626840284390376,0.5,18.0,25.62684028439037,5.7,2.1,1.0,0.0,1.6000000000000003,4.1,0.0,2.0,5.0,1.6267543418350765,near,dense,0.0,0.0,115,2,1,1,1,0.21409119777560945,11.437329649925232
15,23.0,-0.17099216,-0.2234152366666666,-0.2791190333333333,-545.67,-205.66666666666663,-17.073716622386083,7.048376865649839,-0.5,-35.0,-42.04837686564984,1.0,0.4000000000000001,1.0,1.0,0.0,0.0,2.0,0.0,0.0,2.6171656364861997,near,dense,0.0,0.0,123,1,1,2,1,0.6044875195594095,-18.65576058626175
11,2.0,-0.3746911099999999,-0.0699048999999999,-0.27695028,369.6433333333334,-150.10333333333332,14.125523700140144,1.0753905735424805,0.5,28.666666666666668,27.59127609312419,0.4000000000000001,4.0,1.0,0.4000000000000001,0.0,0.0,1.0,0.0,0.0,2.2727652647814263,near,dense,-1.0,-1.25,113,2,4,1,6,0.001109677995486206,14.128045737743378
57,29.0,-0.33511409,-0.1089188566666666,-0.2162989099999999,217.83333333333337,-71.75666666666667,12.708999932870766,0.325803141359857,0.5,18.0,17.674196858640144,6.599999999999999,1.1,2.0,0.0,1.3,5.3,0.0,1.0,6.0,2.140435154176698,far,dense,0.0,0.0,115,2,3,2,3,0.7534862277448908,11.096211522817612
33,22.0,-0.2662923,-0.14521705,-0.2173610033333333,424.5033333333333,-275.62333333333333,13.880634713538262,11.611310773814829,0.5,45.0,33.38868922618517,4.5,2.5,1.0,0.0,1.7,2.7999999999999994,0.0,1.0,4.0,2.339382284606196,near,dense,0.0,0.0,114,2,2,1,2,0.5176487098737748,15.091612935066223
63,79.0,-0.3017846833333333,-0.3098591833333333,-0.2468176866666666,-120.43333333333337,-137.01,-10.144274121734114,-5.9787924513585216,-0.5,-15.0,-9.02120754864148,3.5,2.4,4.0,3.0,0.5,0.0,1.0,1.0,0.0,3.2587102421171124,far,non_dense,99.0,99.0,119,2,1,1,1,0.15154894501452937,-10.638128221035004
29,65.0,-0.18743221,-0.28165245,-0.3159934299999999,-180.19000000000003,-21.77666666666664,-10.018283538638682,-4.667242425630812,-0.5,-18.666666666666668,-13.999424241035854,2.4,1.9,3.0,2.4,0.0,0.0,2.0,0.0,0.0,3.913608719875644,near,non_dense,2.0,0.75,122,2,1,2,1,0.448051486350383,-11.771781742572784
59,43.0,-0.1691819866666667,-0.2165737466666666,-0.25926579,-363.0733333333333,-39.92,-47.20079498030404,3.346297403135458,-0.5,-24.0,-27.346297403135463,0.6,0.4000000000000001,2.0,0.6,0.0,0.0,1.0,0.0,0.0,7.204083690063754,far,dense,0.0,0.0,119,2,2,2,2,4.62227395119678,-13.901546597480774
38,9.0,-0.4194669433333333,-0.02588192,-0.19235526,201.8766666666667,110.17666666666666,16.867254048718564,6.286810156560285,0.5,23.0,16.713189843439718,2.6,2.2,1.0,1.5,0.6999999999999998,0.4000000000000001,2.0,1.0,1.0,2.605366371603869,near,dense,2.0,2.0,115,2,1,2,1,1.9169590303562516,11.872873455286026
71,9.0,-0.38021975,-0.0061436933333333,-0.1818112433333333,280.78000000000003,-14.76333333333334,37.70117659212175,14.430541654036553,0.5,34.666666666666664,20.23612501263011,5.0,1.9,1.0,5.0,0.0,0.0,2.0,0.0,0.0,6.191284785874264,near,dense,0.0,0.0,116,2,2,2,2,3.8069823460385677,14.131064713001251
57,41.0,-0.3574891366666666,-0.0846139033333333,-0.2123095166666666,407.21333333333337,-210.7633333333333,15.695334158552134,-13.039794721329978,0.5,20.0,33.039794721329976,6.2,1.0,2.0,0.0,3.0,3.2000000000000006,0.0,1.0,2.0,3.841737634423859,far,dense,0.0,0.0,115,2,3,2,3,0.7276411430521956,12.899927794933319
37,90.0,-0.4448183166666666,-0.1355487766666666,-0.2056357166666666,108.09666666666668,-5.100000000000004,7.361623085190068,-2.3333197232869725,0.5,5.666666666666667,7.99998638995364,7.8,2.9,4.0,6.900000000000001,0.0,0.9,3.0,0.0,2.0,2.615438360041695,far,non_dense,0.0,0.0,120,3,3,2,3,0.8806179208138462,5.058421194553375
63,27.0,-0.3793188899999999,-0.07267096,-0.2132925066666666,336.9833333333333,-50.26666666666667,13.564441729563285,-0.2421527021840693,0.5,25.0,25.242152702184068,4.0,1.3999999999999997,2.0,1.2,0.4000000000000001,2.4,1.0,1.0,4.0,2.365718665467604,far,dense,99.0,99.0,119,2,1,1,1,0.3088124307787433,12.83387839794159
53,76.0,-0.3379381933333333,-0.342530375,-0.2735587883333333,-21.61,-114.12833333333332,-8.099344926777531,-14.352525229238369,-0.5,-16.0,-1.6474747707616313,10.6,6.2,4.0,10.6,0.0,0.0,4.0,0.0,0.0,2.6158009045009933,far,non_dense,0.0,0.0,118,2,2,2,2,0.25578806081479083,-8.768435567617416
50,55.0,-0.3917511833333333,0.0160171433333333,-0.31751,84.28000000000002,76.83,-14.5767040804339,22.117602143612043,-0.5,29.0,6.882397856387961,3.8,1.3,3.0,2.7000000000000006,1.1,0.0,4.0,1.0,0.0,4.759913398558713,near,non_dense,0.0,0.0,117,1,1,1,1,6.146873545110459,14.681881666183472
56,70.0,-0.18004935,-0.1164267766666666,-0.3359920266666666,622.45,-160.35,16.724575530908563,-4.255136814910048,0.5,45.0,49.25513681491005,3.8,1.5,3.0,1.0,0.0,2.7999999999999994,1.0,0.0,4.0,6.075156609974475,near,non_dense,0.0,0.0,122,2,3,2,3,0.7810404432357682,21.469518542289734
14,73.0,-0.3771762066666667,-0.1556206,-0.1881689633333333,124.08666666666666,216.37,9.115528923092114,-0.3171987738152353,0.5,9.0,9.317198773815235,11.5,1.5,4.0,5.3,0.0,6.2,5.0,0.0,6.0,3.066801601440472,far,non_dense,0.0,0.0,118,2,4,1,6,0.6509257064938908,7.119268923997879
30,56.0,-0.35390108,-0.1643292933333333,-0.22297037,188.09,-162.47666666666666,10.549096409142273,5.919217731081208,0.5,21.0,15.08078226891879,5.400000000000001,1.2,3.0,1.0,0.8000000000000002,3.6,1.0,1.0,3.0,3.915035207966149,near,non_dense,0.0,0.0,120,1,4,1,6,0.2276723709877813,11.440441757440567
10,37.0,-0.2968546033333333,-0.1600803333333333,-0.2918732966666666,486.8633333333334,386.7133333333333,13.601640590308188,-28.07054165939669,0.5,7.333333333333333,35.40387499273002,4.2,2.5,2.0,0.0,2.0,2.2,0.0,2.0,1.0,2.463197362628384,far,dense,0.0,0.0,118,1,2,1,2,1.6830048297809381,9.456067532300949
72,93.0,-0.34441747,-0.2886205133333333,-0.23365159,-105.04,-131.30666666666664,-6.863301809980976,-6.9706882947245,-0.5,-15.0,-8.0293117052755,7.0,4.1,4.0,4.9,0.0,2.1,2.0,0.0,3.0,2.4779497089464453,far,non_dense,0.0,0.0,116,1,4,1,6,1.5024010552629814,-10.586176067590714
71,65.0,-0.4228628366666667,-0.112856,-0.209532,176.09666666666666,10.523333333333332,-28.2755763667729,-0.3581481146833371,-0.5,12.333333333333334,12.691481448016669,0.6,1.5,3.0,0.0,0.6,0.0,0.0,1.0,0.0,9.162572276261836,near,non_dense,0.0,0.0,116,2,2,2,2,4.17564625215951,9.984084218740463
38,87.0,-0.43355017,-0.0809851366666666,-0.19774932,253.68333333333337,-59.40666666666667,12.40983463221288,-8.002217740781989,0.5,13.0,21.00221774078199,6.7,4.7,4.0,1.3,3.7000000000000006,1.7,1.0,3.0,3.0,4.391278338002932,far,non_dense,2.0,2.0,115,2,1,2,1,0.6497390480169588,9.556649625301361
56,45.0,-0.1418137333333333,-0.3041978266666666,-0.3488648633333333,-506.50666666666666,-159.92999999999998,-17.326200036471274,9.413749695018128,-0.5,-30.666666666666668,-40.0804163616848,2.6,1.6000000000000003,2.0,1.9,0.0,0.6999999999999998,3.0,0.0,1.0,2.2499635190985714,far,dense,0.0,0.0,122,2,3,2,3,0.21214035646543283,-16.848891973495483
29,82.0,-0.2725065133333333,-0.1641131333333333,-0.24380873,113.19333333333334,-5.739999999999988,9.075339328421675,9.205718993338596,0.5,18.0,8.794281006661405,7.099999999999999,1.5,4.0,1.3,1.9,3.9,2.0,1.0,3.0,3.130800059591595,far,non_dense,2.0,0.75,122,2,1,2,1,0.3858156877877848,10.283251106739044
29,30.0,-0.2260895666666666,-0.15414286,-0.3051961666666666,393.79,-58.92,14.499891582835764,-10.594557255549748,0.5,20.0,30.594557255549745,2.6,1.6000000000000003,2.0,0.0,0.6999999999999998,1.9,0.0,1.0,3.0,2.4415828232921157,far,dense,2.0,0.75,122,2,1,2,1,0.7703321783058659,12.619061768054962
32,91.0,-0.2612546966666667,-0.28046938,-0.26486973,-235.95,-199.08,-8.558178846473593,4.298074417243218,-0.5,-15.0,-19.298074417243217,6.3,2.7000000000000006,4.0,2.6,1.0,2.7000000000000006,3.0,2.0,4.0,3.1950886894759627,far,non_dense,-0.5,-0.5,114,2,5,1,6,0.4660412361215378,-10.047221928834915
53,92.0,-0.36517467,-0.3351230133333333,-0.2738497366666667,-105.07333333333334,-154.79,-10.353874596249383,-4.989557346298295,-0.5,-13.0,-8.010442653701705,10.0,4.9,4.0,6.7,3.2999999999999994,0.0,4.0,4.0,0.0,3.392101477811177,far,non_dense,0.0,0.0,118,2,2,2,2,0.12858791198299419,-9.917691349983215
73,16.0,-0.33255301,-0.03388928,-0.2194139933333333,552.4333333333334,-80.51,19.453974661831648,-4.922302177464829,0.5,38.0,42.92230217746484,2.5,3.0,1.0,0.4000000000000001,1.6000000000000003,0.5,1.0,1.0,1.0,3.3142171686351367,near,dense,0.0,0.0,114,2,1,1,1,0.21767191585631088,18.73256266117096
53,46.0,-0.3086609866666667,-0.3420781366666666,-0.2889201366666666,-71.85666666666668,-75.39333333333333,-13.420013519989672,-8.521885911875906,-0.5,-14.0,-5.478114088124094,5.5,0.6999999999999998,2.0,1.9,1.9,1.7,2.0,1.0,2.0,2.704187673999441,far,dense,0.0,0.0,118,2,2,2,2,1.31580251318317,-9.861836582422256
30,79.0,-0.3810079666666666,-0.2971842799999999,-0.2408276466666666,-156.62666666666664,-173.67,-8.631576583850796,-1.441901975083627,-0.5,-14.0,-12.558098024916374,3.7000000000000006,1.0,4.0,1.3,0.4000000000000001,2.0,1.0,1.0,3.0,2.8750580919594184,far,non_dense,0.0,0.0,120,1,4,1,6,0.3892796626696861,-9.75077822804451
62,6.0,-0.34069659,-0.1233848533333333,-0.2199143566666666,359.67333333333335,-106.50333333333332,11.008083232051773,-1.0921653465091885,0.5,27.0,28.092165346509187,5.2,0.8000000000000002,1.0,0.4000000000000001,0.0,4.8,1.0,0.0,4.0,1.6567090614793214,near,dense,-3.0,-3.0,118,2,3,1,3,1.5997154028564557,13.658346235752106
40,18.0,-0.2318989533333333,-0.3240131466666666,-0.4447415166666666,-531.09,-40.26,-23.38735527879157,14.667436821467838,-0.5,-25.33333333333333,-40.00077015480117,4.3,1.9,1.0,1.0,1.0,2.3,1.0,2.0,2.0,3.6830101221725786,near,dense,1.5,0.5,120,2,2,2,2,2.282945667096965,-14.979243278503418
25,48.0,-0.4219920833333333,-0.2975238666666667,-0.2306031533333333,-101.59333333333328,-249.09333333333333,-4.829053730050592,-2.8091282451758848,-0.5,-11.0,-8.190871754824114,2.5,1.5,2.0,2.0,0.0,0.5,1.0,0.0,1.0,1.2952409407327137,far,dense,0.0,0.0,117,2,5,1,6,2.7773921279035014,-8.426445722579956
56,78.0,-0.3237403233333333,-0.1631034633333333,-0.25519065,318.33666666666664,-162.41333333333333,8.936453835142752,-11.523655559807878,0.5,13.666666666666666,25.190322226474542,3.0,1.6000000000000003,4.0,0.0,0.4000000000000001,2.6,0.0,1.0,5.0,2.864289010697638,far,non_dense,0.0,0.0,122,2,3,2,3,0.4104579170890356,10.112123936414719
56,83.0,-0.3515567,-0.1312155333333333,-0.2840082433333333,147.38333333333335,-71.79666666666667,9.319608960853529,-4.662601409865575,0.5,7.0,11.662601409865577,6.2,1.1,4.0,1.2,0.0,5.0,1.0,0.0,5.0,3.2972395924553712,far,non_dense,0.0,0.0,122,2,3,2,3,0.409728069723353,7.9686373472213745
25,46.0,-0.3854695733333333,-0.3226536633333333,-0.26632277,-185.49,-258.5366666666667,-10.960917893177916,-1.3783677666722105,-0.5,-16.333333333333332,-14.954965566661125,2.9,1.1,2.0,2.9,0.0,0.0,4.0,0.0,0.0,2.350732119305326,far,dense,0.0,0.0,117,2,5,1,6,0.07772242499141155,-10.778213292360306
39,5.0,-0.2472676733333333,-0.0835905506666666,-0.355847166,40.43266666666669,-28.821333333333325,18.906370934988573,29.93263352130272,0.5,33.2,3.2673664786972814,1.8,2.2,1.0,0.0,1.4,0.4,0.0,2.0,1.0,2.989176690233299,near,dense,0.0,0.0,114,2,5,1,6,0.8957978568763248,16.228672862052917
57,74.0,-0.3466337033333333,-0.15106129,-0.2398519266666666,160.73333333333335,-114.08666666666666,7.347738677543456,-0.707979176592108,0.5,12.333333333333334,13.041312509925442,10.1,1.0,4.0,0.8000000000000002,1.6000000000000003,7.7,1.0,1.0,4.0,2.5089142979045964,far,non_dense,0.0,0.0,115,2,3,2,3,1.0691443791612991,10.030130296945572
29,87.0,-0.2496889833333333,-0.1530587966666666,-0.2692259266666666,255.5433333333333,-38.03333333333334,10.034174380396964,14.146181612177296,0.5,34.0,19.853818387822702,4.2,1.7,4.0,0.0,1.0,3.2000000000000006,0.0,1.0,3.0,3.581982916719323,far,non_dense,2.0,0.75,122,2,1,2,1,1.1350689448237232,14.099971950054169
15,62.0,-0.24640585,-0.1433964766666666,-0.2333747966666667,508.6466666666667,-27.97666666666667,16.713822794746097,-19.86209014872831,0.5,19.33333333333333,39.19542348206164,5.400000000000001,0.6999999999999998,3.0,1.8,1.7,1.9,2.0,1.0,3.0,6.134557135301118,near,non_dense,0.0,0.0,123,1,1,2,1,0.489184596745403,13.712891936302185
59,68.0,-0.3008383599999999,-0.10750836,-0.18057934,251.13666666666668,-101.47333333333331,-41.27519890504561,1.0846533055798755,-0.5,20.0,18.915346694420126,2.7000000000000006,1.1,3.0,0.0,0.0,2.7000000000000006,0.0,0.0,1.0,10.872762565528332,near,non_dense,0.0,0.0,119,2,2,2,2,4.837458863332812,11.32134273648262
33,43.0,-0.2597200866666667,-0.1815173266666666,-0.2173270866666666,372.24,-258.72666666666663,-23.496217378510007,-9.277993131318569,-0.5,20.0,29.277993131318567,0.4000000000000001,1.1,2.0,0.0,0.0,0.4000000000000001,0.0,0.0,1.0,3.190050180164508,far,dense,0.0,0.0,114,2,2,1,2,11.260092762128957,12.42404356598854
30,9.0,-0.34578533,-0.1093855733333333,-0.2283453966666666,490.22666666666674,-248.60666666666663,15.899703769731474,-2.3056601755427195,0.5,37.0,39.30566017554272,0.9,0.8000000000000002,1.0,0.0,0.9,0.0,0.0,1.0,0.0,2.5159917174993125,near,dense,0.0,0.0,120,1,4,1,6,0.5997123668420747,17.408575117588043
30,49.0,-0.3844848966666667,-0.1098257966666666,-0.23602257,102.14000000000004,-126.42666666666668,11.803007659270529,12.143896888294435,0.5,20.33333333333333,8.189436445038895,5.3,0.6,3.0,1.2,0.0,4.1,2.0,0.0,6.0,4.990629692484817,near,non_dense,0.0,0.0,120,1,4,1,6,0.15018336685762865,11.053498089313507
72,61.0,-0.3355749933333333,-0.1425577366666666,-0.2144657833333333,166.30666666666664,-75.77333333333333,10.611977217721334,2.2874327367477414,0.5,15.0,12.71256726325226,8.6,2.7999999999999994,3.0,1.9,2.4,4.3,1.0,1.0,6.0,5.141356802434202,near,non_dense,0.0,0.0,116,1,4,1,6,0.06930380921316318,10.255661606788635
25,17.0,-0.32154751,-0.0993040766666666,-0.2428405733333333,398.8866666666667,-145.18,13.50538358557798,6.506785460131362,0.5,38.66666666666666,32.1598812065353,4.0,0.8000000000000002,1.0,0.9,1.0,2.1,2.0,1.0,3.0,1.6329370583168732,near,dense,0.0,0.0,117,2,5,1,6,1.0676336094372452,15.24876207113266
28,40.0,-0.44060713,-0.0186238233333333,-0.2030886666666666,490.6266666666667,-151.75,17.581167710949064,-9.28098651597039,0.5,29.666666666666668,38.947653182637055,1.0,1.7,2.0,0.0,0.5,0.5,0.0,1.0,1.0,3.269873202784284,far,dense,0.0,0.0,115,2,1,1,1,0.2781520912944591,16.671645641326904
23,88.0,-0.2368333533333333,-0.4086026633333333,-0.28772566,-457.99,-226.16,14.18636621867571,-8.687304887253593,0.5,-45.0,-36.3126951127464,8.2,1.0,4.0,0.0,0.6,7.599999999999999,0.0,1.0,5.0,5.265370994116922,far,non_dense,99.0,99.0,112,2,4,1,6,6.343945863814269,-19.216862320899963
42,15.0,-0.3084014266666666,-0.05419034,-0.2206965933333333,316.2333333333333,-98.93666666666668,14.363784357185333,7.170829340167875,0.5,31.0,23.829170659832126,3.2000000000000006,1.7,1.0,1.5,1.2,0.5,2.0,1.0,1.0,2.317005946318897,near,dense,0.0,0.0,118,2,3,2,3,0.6809025426455125,12.786129117012024
40,17.0,-0.3009632733333333,-0.0875637833333333,-0.4533841999999999,360.11999999999995,204.6733333333333,11.56849852438454,-23.123608706899017,0.5,4.0,27.123608706899017,10.9,4.1,1.0,0.0,4.2,6.7,0.0,2.0,1.0,1.4613373258485254,near,dense,1.5,0.5,120,2,2,2,2,2.56672134249755,7.8176528215408325
23,96.0,-0.44076099,-0.3206855933333333,-0.23695692,-132.9766666666667,-201.20333333333332,-11.785478129805524,-2.456666840376481,-0.5,-13.0,-10.54333315962352,5.599999999999999,2.1,4.0,4.0,0.0,1.6000000000000003,1.0,0.0,2.0,5.580730079133997,far,non_dense,99.0,99.0,112,2,4,1,6,0.4092776073596183,-9.501410275697708
59,70.0,-0.2469171666666666,-0.1790782533333333,-0.2807891266666666,-249.1966666666667,-79.77,32.331883801172765,13.435894623929698,0.5,-5.333333333333333,-18.76922795726303,5.0,0.4000000000000001,3.0,4.6,0.0,0.4000000000000001,3.0,0.0,1.0,10.621308399324738,near,non_dense,0.0,0.0,119,2,2,2,2,3.652212533984323,-6.459391862154007
38,42.0,-0.3637915833333333,-0.32352986,-0.2265761899999999,-438.21,48.02,-16.868019049879933,10.279016501628313,-0.5,-26.0,-36.27901650162831,1.5,0.4000000000000001,2.0,0.0,0.0,1.5,0.0,0.0,2.0,2.066578905875949,far,dense,2.0,2.0,115,2,1,2,1,0.9582331577699997,-14.887754619121552
15,22.0,-0.1859583799999999,-0.14459489,-0.2064913533333333,185.61666666666665,-171.17666666666665,18.7534592915943,19.52653364709316,0.5,34.0,14.473466352906842,2.1,0.6,1.0,0.4000000000000001,0.0,1.7,1.0,0.0,2.0,3.102566895054432,near,dense,0.0,0.0,123,1,1,2,1,1.155800633281888,15.167510509490967
63,2.0,-0.2704954666666666,-0.1374067866666666,-0.2194042633333333,236.16,34.413333333333334,9.82570361646772,1.6434769146742798,0.5,19.33333333333333,17.68985641865905,4.7,0.9,1.0,0.9,0.8000000000000002,3.0,1.0,1.0,3.0,1.4611865719806507,near,dense,99.0,99.0,119,2,1,1,1,0.8854100306371195,11.119452863931656
40,54.0,-0.28996733,-0.1424772966666666,-0.4229020266666667,263.2333333333333,-59.900000000000006,8.821778826205696,-10.159607719499196,0.5,9.666666666666666,19.826274386165863,12.800000000000002,2.9,3.0,5.1,0.0,7.7,2.0,0.0,3.0,4.547735235267719,near,non_dense,1.5,0.5,120,2,2,2,2,0.06685599732982536,8.517735451459885
63,91.0,-0.26199471,-0.2900595966666666,-0.2703085666666667,-169.17999999999998,-137.07999999999998,-9.00002199238086,-2.3273631905964685,-0.5,-15.0,-12.672636809403532,4.7,2.1,4.0,2.9,1.1,0.6999999999999998,1.0,1.0,1.0,3.1004950792221213,far,non_dense,99.0,99.0,119,2,1,1,1,0.44958178612129895,-10.39394810795784
23,2.0,-0.4611934433333333,-0.0824809566666666,-0.2232076666666666,368.3333333333333,-197.91,12.046908578693282,-17.537412097487408,0.5,11.666666666666666,29.20407876415408,3.2000000000000006,2.1,1.0,1.1,0.9,1.2,2.0,1.0,3.0,1.7956391730700147,near,dense,99.0,99.0,112,2,4,1,6,1.1559367550972184,9.971263259649277
29,35.0,-0.2190601566666666,-0.0969374633333333,-0.3495187033333333,609.8533333333334,-125.99333333333333,19.36878463506243,-3.714406301551245,0.5,43.66666666666666,47.38107296821792,1.7,1.3,2.0,0.6999999999999998,0.0,1.0,1.0,0.0,2.0,3.4218179821811034,far,dense,2.0,0.75,122,2,1,2,1,0.3820764552863526,20.676180720329285
37,16.0,-0.4390661,-0.0307748366666666,-0.2151546599999999,384.86,-18.64333333333333,17.25128679292881,-11.14927262464462,0.5,17.333333333333332,28.482605957977952,6.8,0.6,1.0,0.5,1.0,5.3,1.0,1.0,4.0,2.8813899274055346,near,dense,0.0,0.0,120,3,3,2,3,1.955044246931759,11.6180419921875
15,33.0,-0.1781657833333333,-0.1479899233333333,-0.1994998133333333,37.38666666666662,-136.76666666666668,13.325991217196195,16.579641014147786,0.5,20.0,3.4203589858522108,5.8,0.6,2.0,0.6,1.9,3.2999999999999994,1.0,1.0,3.0,2.258909211885562,far,dense,0.0,0.0,123,1,1,2,1,1.1446519668096775,10.740326344966888
45,8.0,-0.3728128866666667,-0.0158047116666666,-0.2064504266666666,280.81333333333333,-9.025,22.674159188312032,9.115227335383926,0.5,30.5,21.38477266461608,6.400000000000001,1.6000000000000003,1.0,6.400000000000001,0.0,0.0,5.0,0.0,0.0,3.674498658139901,near,dense,0.0,0.0,116,2,2,2,2,2.5975945855845266,13.129301369190216
30,95.0,-0.3690266033333333,-0.1379007966666666,-0.2252172866666666,347.8666666666668,-228.56333333333336,12.38070201873793,-11.558109372895338,0.5,16.333333333333332,27.891442706228677,3.5,0.4000000000000001,4.0,0.0,0.0,3.5,0.0,0.0,2.0,4.282985871093731,far,non_dense,0.0,0.0,120,1,4,1,6,0.2673742577901731,11.235541850328445
62,54.0,-0.3734673966666667,-0.1391217466666666,-0.2416118166666666,172.40333333333334,-80.53333333333333,8.2918231554754,3.534495339411673,0.5,17.0,13.465504660588328,8.9,1.1,3.0,3.6,1.5,3.8,2.0,1.0,3.0,4.554808136247286,near,non_dense,-3.0,-3.0,118,2,3,1,3,0.5146682599090923,10.636038333177567
32,33.0,-0.2753499233333333,-0.1443138733333333,-0.2457413233333333,493.31,-188.76,14.717349724493454,-8.347247682857606,0.5,32.0,40.347247682857606,2.3,1.3,2.0,0.0,0.0,2.3,0.0,0.0,4.0,2.5369102948030853,far,dense,-0.5,-0.5,114,2,5,1,6,1.1052369956322918,17.521236836910248
37,6.0,-0.4289166233333333,-0.1009790266666666,-0.1913836833333333,140.72666666666666,36.13,11.01074011830165,-0.0815245226308539,0.5,10.333333333333334,10.414857855964188,8.9,1.5,1.0,3.9,2.5,2.5,3.0,1.0,2.0,1.610574701248538,near,dense,0.0,0.0,120,3,3,2,3,1.6159410455834393,8.408146351575851
14,64.0,-0.2785311033333333,-0.3316236433333333,-0.22552179,-460.4766666666667,15.576666666666654,-11.77212904534349,19.5754523776704,-0.5,-15.0,-34.575452377670395,3.4,1.3999999999999997,3.0,0.6999999999999998,1.5,1.2,1.0,1.0,2.0,3.877647998394584,near,non_dense,0.0,0.0,118,2,4,1,6,0.30294357868539123,-10.597420483827591
39,10.0,-0.2535526144444444,-0.08449319,-0.3581878922222222,375.1166666666667,28.318888888888893,32.828598236740234,-5.920556218709348,0.5,23.11111111111111,29.03166732982046,1.3,0.5,1.0,0.0,0.0,1.3,0.0,0.0,2.0,5.443051091901414,near,dense,0.0,0.0,114,2,5,1,6,3.665316251187136,12.878094613552094
40,15.0,-0.3094978333333333,-0.0701676466666666,-0.4528065533333333,374.13000000000005,-60.29333333333333,14.04902949301591,-23.178817409508294,0.5,5.0,28.178817409508294,8.7,2.0,1.0,0.5,2.7000000000000006,5.5,1.0,2.0,4.0,2.356779615959549,near,dense,1.5,0.5,120,2,2,2,2,2.477057228009835,8.211151510477066
72,32.0,-0.3222196833333333,-0.1278115833333333,-0.2156372599999999,397.1866666666667,-136.44000000000003,11.791711083466746,3.6388466122807928,0.5,34.0,30.36115338771921,3.0,3.1,2.0,0.4000000000000001,1.6000000000000003,1.0,1.0,1.0,2.0,2.0877133479062717,far,dense,0.0,0.0,116,1,4,1,6,1.6378657858571377,15.211105346679688
53,14.0,-0.27249229,-0.11513775,-0.25765553,390.8299999999999,-96.38,27.356535897900294,11.204416258363324,0.5,41.0,29.79558374163668,8.1,8.7,1.0,6.9,1.2,0.0,4.0,1.0,0.0,4.798417744150861,near,dense,0.0,0.0,118,2,2,2,2,2.708036128266009,14.362247288227081
42,83.0,-0.3839924733333333,-0.0846905133333333,-0.2071772233333333,303.9766666666667,-174.98000000000002,10.55625996294654,-2.905592494804163,0.5,20.0,22.905592494804164,6.2,1.1,4.0,1.5,0.0,4.7,2.0,0.0,8.0,3.3268846575253352,far,non_dense,0.0,0.0,118,2,3,2,3,0.2517294514240593,11.393734812736511
29,67.0,-0.1736286,-0.3264163233333333,-0.3116350766666667,-395.0,-35.95666666666667,-17.128579454814314,-12.311434734396128,-0.5,-43.0,-30.688565265603877,2.0,1.1,3.0,1.0,0.4000000000000001,0.6,2.0,1.0,1.0,5.228705127781099,near,non_dense,2.0,0.75,122,2,1,2,1,0.23059825950697455,-18.33430975675583
56,17.0,-0.22640494,-0.08423454,-0.3848871666666666,218.3466666666666,-74.90666666666665,12.982726691073204,22.055327164570823,0.5,39.333333333333336,17.278006168762506,1.8,2.4,1.0,0.5,0.0,1.3,1.0,0.0,2.0,1.698507109871504,near,dense,0.0,0.0,122,2,3,2,3,1.77980057918202,16.005730628967285
53,42.0,-0.2419089633333333,-0.3952203266666667,-0.3017078733333333,-344.5,-71.64,-13.784744874086096,-7.069795224708525,-0.5,-33.333333333333336,-26.26353810862481,1.6000000000000003,10.9,2.0,1.1,0.5,0.0,1.0,1.0,0.0,1.842793621752024,far,dense,0.0,0.0,118,2,2,2,2,0.992817405431109,-15.614302456378937
30,78.0,-0.3961474599999999,-0.16154757,-0.2322136733333333,167.34333333333333,-11.96,7.5474912292572,14.5826552493216,0.5,28.0,13.4173447506784,7.7,1.2,4.0,0.8000000000000002,1.6000000000000003,5.3,2.0,1.0,7.0,2.7577422539101897,far,non_dense,0.0,0.0,120,1,4,1,6,2.066259293274885,13.245701789855957
33,47.0,-0.2541053,-0.3402051633333333,-0.23925008,-250.34,-274.62,-11.190009749187626,4.690126801241913,-0.5,-15.0,-19.690126801241917,4.0,3.1,2.0,2.7999999999999994,0.0,1.2,1.0,0.0,3.0,1.5308188319407698,far,dense,0.0,0.0,114,2,2,1,2,0.7363187823698727,-10.062839090824127
57,50.0,-0.3369281099999999,-0.0638925266666666,-0.2344908799999999,346.0866666666668,-32.06333333333333,15.419434083787015,-3.4135347571309005,0.5,24.666666666666668,28.080201423797565,6.0,0.8000000000000002,3.0,0.4000000000000001,2.7000000000000006,2.9,1.0,1.0,2.0,5.41769042040091,near,non_dense,0.0,0.0,115,2,3,2,3,0.42465621622980176,13.11877816915512
10,65.0,-0.2320491733333333,-0.2819334899999999,-0.2831982316666666,-51.68666666666667,-155.965,-11.862300430397603,-24.74143335475889,-0.5,-28.5,-3.7585666452411126,9.5,2.2,3.0,4.2,0.0,5.3,1.0,0.0,2.0,4.68311933119328,near,non_dense,0.0,0.0,118,1,2,1,2,0.22936387091646662,-10.788162052631378
39,2.0,-0.28676048,-0.1524341599999999,-0.3181263233333333,239.44333333333336,-76.50666666666666,9.153343690525311,6.9839016638695535,0.5,26.33333333333333,19.34943166946378,6.7,5.400000000000001,1.0,2.2,2.7999999999999994,1.7,1.0,2.0,1.0,1.5454536403775518,near,dense,0.0,0.0,114,2,5,1,6,2.008505889891022,12.257396429777145
37,49.0,-0.4287609966666667,-0.0774507733333333,-0.2477405,319.44,-18.136666666666677,11.966584161916863,-13.974355126235888,0.5,9.666666666666666,23.641021792902556,6.2,0.4000000000000001,3.0,1.7,0.0,4.5,2.0,0.0,5.0,5.470966812186024,near,non_dense,0.0,0.0,120,3,3,2,3,0.5468815687111537,8.97461324930191
59,21.0,-0.3989436633333333,-0.0607548133333333,-0.21961562,321.2966666666667,-83.60000000000001,-32.82219286131574,-3.53305662514604,-0.5,20.666666666666668,24.199723291812703,0.4000000000000001,0.6999999999999998,1.0,0.4000000000000001,0.0,0.0,1.0,0.0,0.0,5.305687470280801,near,dense,0.0,0.0,119,2,2,2,2,8.392409235036638,11.70530766248703
38,55.0,-0.434343,-0.2349941599999999,-0.2617265066666667,-122.95,30.06333333333335,-9.2958668743657,0.8455879119034287,-0.5,-9.333333333333334,-10.178921245236763,7.5,5.900000000000001,3.0,6.900000000000001,0.0,0.6,2.0,0.0,1.0,3.453476830830584,near,non_dense,2.0,2.0,115,2,1,2,1,0.6490077028845154,-7.054533809423447
15,36.0,-0.2178301866666666,-0.1794928966666666,-0.2311716,22.08000000000004,-154.73,15.86502083510191,16.79387860866917,0.5,19.33333333333333,2.5394547246641586,1.8,0.6,2.0,0.9,0.4000000000000001,0.5,1.0,1.0,1.0,3.881251950750473,far,dense,0.0,0.0,123,1,1,2,1,1.43568522546474,10.292764753103256
23,56.0,-0.4199679433333333,-0.0661163333333333,-0.2288352766666666,228.5,-59.926666666666655,13.005407905300318,-0.117100445997848,0.5,18.0,18.11710044599785,7.599999999999999,2.0,3.0,3.1,3.7000000000000006,0.8000000000000002,1.0,2.0,1.0,4.789492315690443,near,non_dense,99.0,99.0,112,2,4,1,6,0.42545458117209517,10.967696458101273
10,46.0,-0.2222388116666666,-0.2637557833333333,-0.2949779633333333,-19.463333333333328,-170.15833333333333,-12.06802304867208,-9.584659445275191,-0.5,-11.0,-1.415340554724807,3.6,2.6,2.0,0.6999999999999998,0.6999999999999998,2.2,1.0,1.0,2.0,2.4148715715801123,far,dense,0.0,0.0,118,1,2,1,2,1.8924004390259868,-7.498119026422501
11,7.0,-0.3374914516666666,-0.03532642,-0.2652015116666666,262.61499999999995,-181.36166666666668,17.509837141249353,-8.135749681976113,0.5,12.0,20.13574968197611,4.5,1.6000000000000003,1.0,1.0,0.6,2.9,2.0,1.0,3.0,2.3146446779177423,near,dense,-1.0,-1.25,113,2,4,1,6,3.588185072105265,9.20446366071701
50,6.0,-0.383828315,0.0494485816666666,-0.325965225,459.7000000000001,-74.25333333333333,12.917967117550496,-2.539609570260376,0.5,35.0,37.53960957026037,8.3,2.0,1.0,6.8,1.5,0.0,5.0,1.0,0.0,2.0259097876871346,near,dense,0.0,0.0,117,1,1,1,1,1.8412366706773469,16.648146510124207
42,80.0,-0.3601178633333333,-0.2976338666666666,-0.2322726333333333,-161.3366666666667,-176.66333333333333,-11.398500145751912,-4.509444266471294,-0.5,-16.666666666666668,-12.157222400195373,7.5,1.1,4.0,2.2,0.0,5.3,1.0,0.0,7.0,5.296300081701137,far,non_dense,0.0,0.0,118,2,3,2,3,0.023018812218052152,-11.27658560872078
11,74.0,-0.3421250199999999,-0.0640760066666666,-0.3075742033333333,35.31999999999997,-90.05,10.95645663580028,19.363610313701106,0.5,22.0,2.6363896862988976,8.1,8.4,4.0,2.6,5.5,0.0,3.0,6.0,0.0,3.6380050240536455,far,non_dense,-1.0,-1.25,113,2,4,1,6,0.13408155977463657,11.444246023893356
63,89.0,-0.3091280433333333,-0.13222208,-0.22480824,143.49333333333337,-138.38,6.865083865444156,23.25145467606093,0.5,34.0,10.74854532393907,5.400000000000001,1.5,4.0,0.0,0.0,5.400000000000001,0.0,0.0,3.0,3.394564830155469,far,non_dense,99.0,99.0,119,2,1,1,1,2.714482400138749,16.07957035303116
71,39.0,-0.4282457433333333,-0.02037704,-0.2005888066666666,375.2866666666666,53.04666666666666,27.94963563591449,2.9526750401028843,0.5,30.0,27.047324959897114,4.9,1.1,2.0,4.9,0.0,0.0,3.0,0.0,0.0,4.96222192385797,far,dense,0.0,0.0,116,2,2,2,2,2.795881143216234,14.075852930545807
25,78.0,-0.3764944066666666,-0.1349166466666666,-0.23698494,273.33666666666664,-214.7133333333333,8.462412176734583,-3.3708579336132907,0.5,18.666666666666668,22.037524600279955,2.1,0.9,4.0,0.0,0.0,2.1,0.0,0.0,3.0,2.898705551606344,far,non_dense,0.0,0.0,117,2,5,1,6,0.9159486850292538,11.117477715015411
32,14.0,-0.2945672966666666,-0.1450131366666666,-0.24455361,365.20666666666665,-209.45333333333332,11.479492894854024,-3.8698259419651264,0.5,26.0,29.86982594196513,4.7,1.3999999999999997,1.0,0.0,1.3999999999999997,3.2999999999999994,0.0,2.0,4.0,1.8981635113360935,near,dense,-0.5,-0.5,114,2,5,1,6,1.1182772033537376,13.602165877819061
63,34.0,-0.3405701333333333,-0.08244981,-0.2214891966666666,367.2366666666667,-112.62,14.882992924563316,10.491684006604473,0.5,38.0,27.50831599339553,3.9,2.0,2.0,0.0,2.5,1.3999999999999997,0.0,2.0,3.0,2.587229155593504,far,dense,99.0,99.0,119,2,1,1,1,0.3783617918864519,13.904084265232086
59,58.0,-0.342413,-0.1786864733333333,-0.2654610266666666,195.77,-172.40333333333334,44.19250881748321,-12.745188233630934,0.5,2.0,14.745188233630934,10.0,0.4000000000000001,3.0,5.400000000000001,0.6,4.0,4.0,1.0,1.0,23.60797423166895,near,non_dense,0.0,0.0,119,2,2,2,2,1.6025731374478664,6.359003484249115
23,47.0,-0.4870695266666667,-0.2618745133333333,-0.27986598,-271.0733333333333,-158.34333333333333,-11.777790949684324,13.492616228584057,-0.5,-8.0,-21.49261622858405,1.3999999999999997,1.5,2.0,0.8000000000000002,0.0,0.6,1.0,0.0,1.0,1.622775089687976,far,dense,99.0,99.0,112,2,4,1,6,2.597806570056219,-7.56213515996933
72,20.0,-0.3137988166666667,-0.34734771,-0.2399947466666666,-284.24,-75.93666666666667,-17.05931046086354,-12.27254799021794,-0.5,-34.0,-21.72745200978206,2.0,2.2,1.0,0.6999999999999998,1.3,0.0,1.0,1.0,0.0,2.586404377404619,near,dense,0.0,0.0,116,1,4,1,6,0.571365263423062,-15.581528842449188
28,91.0,-0.4690361133333333,-0.3506408633333333,-0.2219086333333333,-102.90666666666668,-112.81666666666666,-8.585430107202297,-7.497577141335991,-0.5,-15.666666666666666,-8.169089525330675,4.8,1.3,4.0,1.9,1.6000000000000003,1.3,2.0,1.0,2.0,2.944101556782986,far,non_dense,0.0,0.0,115,2,1,1,1,0.7387111670634557,-10.760270804166794
72,23.0,-0.33066368,-0.3282530033333333,-0.23515508,-281.19,-138.91333333333333,-13.863693415078483,6.494308438751122,-0.5,-15.0,-21.49430843875112,5.2,0.9,1.0,3.8,0.0,1.3999999999999997,1.0,0.0,2.0,2.011308782318015,near,dense,0.0,0.0,116,1,4,1,6,1.8515311388672753,-10.139692574739456
37,79.0,-0.4215257533333333,-0.3088443066666666,-0.2094815866666667,-192.07333333333332,-13.436666666666689,-8.908485974659575,-0.7850931030278913,-0.5,-15.0,-14.21490689697211,4.5,0.6999999999999998,4.0,3.0,0.0,1.5,2.0,0.0,2.0,3.1270678120914392,far,non_dense,0.0,0.0,120,3,3,2,3,0.38522205155627615,-10.113101452589035
57,95.0,-0.32302152,-0.1067362199999999,-0.2474505766666666,57.13999999999999,38.93,13.208526552389822,14.697203531484684,0.5,19.33333333333333,4.636129801848649,4.0,0.8000000000000002,4.0,0.0,0.0,4.0,0.0,0.0,4.0,4.483730032491792,far,non_dense,0.0,0.0,115,2,3,2,3,0.6126876692411298,10.46140044927597
25,29.0,-0.326268475,-0.0575221033333333,-0.2153779466666666,202.82166666666663,-313.79833333333335,17.670363964710305,15.147684289326545,0.5,31.5,16.352315710673455,1.1,1.1,2.0,0.4000000000000001,0.0,0.6999999999999998,1.0,0.0,1.0,3.145649156184685,far,dense,0.0,0.0,117,2,5,1,6,1.1635677723312297,14.010187983512878
28,35.0,-0.4262849766666667,0.0237707633333333,-0.2106183666666666,284.66333333333336,-38.18000000000001,21.123583187220124,11.73576672366392,0.5,34.333333333333336,22.59756660966941,3.6,2.7000000000000006,2.0,0.0,0.9,2.7000000000000006,0.0,1.0,3.0,3.779980643520844,far,dense,0.0,0.0,115,2,1,1,1,1.9354278030840668,13.80770355463028
30,53.0,-0.3405403866666667,-0.3410440966666666,-0.26149308,-519.3166666666667,-265.34,-18.0288025170128,19.63805400936083,-0.5,-22.0,-41.63805400936083,0.4000000000000001,0.8000000000000002,3.0,0.0,0.0,0.4000000000000001,0.0,0.0,1.0,5.043243121163179,near,non_dense,0.0,0.0,120,1,4,1,6,0.8029348902862519,-13.979406654834747
63,20.0,-0.22075693,-0.3532672433333333,-0.2557992033333333,-372.6366666666666,-121.57666666666668,-16.739822192268687,-10.753857005161557,-0.5,-38.66666666666666,-27.91280966150511,2.9,1.1,1.0,2.9,0.0,0.0,2.0,0.0,0.0,2.5432840205394647,near,dense,99.0,99.0,119,2,1,1,1,0.07122375091031208,-16.920964419841766
14,24.0,-0.25944816,-0.2475904366666666,-0.2079849833333333,53.79999999999999,88.45666666666666,4.322444265820626,5.627028021381707,0.5,9.666666666666666,4.039638645284959,6.3,1.3,1.0,1.7,0.0,4.6,1.0,0.0,4.0,1.2492658974585436,near,dense,0.0,0.0,118,2,4,1,6,1.9918805979738317,6.810832768678665
10,54.0,-0.27876959,-0.2770381716666666,-0.3217093683333333,-80.82499999999997,-171.98166666666663,8.448981307008369,5.710790106871568,0.5,-0.1666666666666666,-5.877456773538234,7.3,2.4,3.0,0.0,2.7000000000000006,4.6,0.0,2.0,3.0,4.579796852998759,near,non_dense,0.0,0.0,118,1,2,1,2,2.3351976888334276,-2.245749719440937
28,82.0,-0.4662764333333333,-0.12473008,-0.21494354,265.38666666666666,-42.829999999999984,8.091115233383714,-11.400651020840682,0.5,9.666666666666666,21.067317687507348,9.6,1.0,4.0,1.6000000000000003,0.0,8.0,2.0,0.0,7.0,2.756733783968589,far,non_dense,0.0,0.0,115,2,1,1,1,0.22226170457261568,8.70383158326149
46,15.0,-0.39396012,-0.0919859599999999,-0.27792882,178.05999999999997,-151.46333333333334,30.92139738792478,-0.110635386801281,0.5,13.666666666666666,13.777302053467947,5.0,0.6,1.0,5.0,0.0,0.0,6.0,0.0,0.0,5.594089039378546,near,dense,-1.0,-1.0,115,2,4,2,6,3.6812450480680003,10.328184813261032
57,6.0,-0.3508019933333333,-0.1220909733333333,-0.2368444233333333,302.1166666666668,-28.863333333333333,10.910311798782343,-6.512637066302208,0.5,18.0,24.512637066302208,2.3,1.0,1.0,0.0,0.4000000000000001,1.9,0.0,1.0,3.0,1.5995330299487875,near,dense,0.0,0.0,115,2,3,2,3,0.21823829424018312,11.259391158819199
72,79.0,-0.3699763833333334,-0.31593922,-0.24133032,-198.26,-60.96,-9.581713984718643,0.155096522162229,-0.5,-15.0,-15.15509652216223,9.8,3.5,4.0,5.3,0.0,4.5,1.0,0.0,4.0,3.303282816260804,far,non_dense,0.0,0.0,116,1,4,1,6,0.15887305869041152,-10.106516629457474
57,64.0,-0.39605533,-0.31089743,-0.2463095,-442.6033333333333,-74.86333333333333,-12.6346999231113,22.911209381592908,-0.5,-13.0,-35.911209381592904,2.2,1.1,3.0,0.5,0.0,1.7,1.0,0.0,3.0,4.099853856802899,near,non_dense,0.0,0.0,115,2,3,2,3,0.7815156533177846,-9.430599957704544
62,7.0,-0.3538333566666667,-0.1043077133333333,-0.2182856333333333,385.47,-104.4,12.439860354306816,-1.1070053644572748,0.5,29.0,30.10700536445728,5.0,0.8000000000000002,1.0,0.4000000000000001,1.3999999999999997,3.2000000000000006,1.0,1.0,4.0,1.5000133290826791,near,dense,-3.0,-3.0,118,2,3,1,3,1.3135356540155332,14.41018134355545
14,95.0,-0.3188522933333333,-0.1565473899999999,-0.1795393833333333,216.63333333333333,91.47,11.784330885728815,3.7338218366127935,0.5,20.0,16.266178163387206,9.0,1.2,4.0,1.1,0.6,7.3,1.0,1.0,5.0,4.355840789356313,far,non_dense,0.0,0.0,118,2,4,1,6,0.15358355808479934,11.115345358848572
37,57.0,-0.44662606,-0.14084257,-0.1967548133333333,124.80666666666666,-20.079999999999995,8.208901730375116,-3.569988500395039,0.5,5.666666666666667,9.236655167061706,7.5,0.8000000000000002,3.0,2.3,0.0,5.2,2.0,0.0,3.0,2.871852051461949,near,non_dense,0.0,0.0,120,3,3,2,3,0.5981047390827939,6.49123340845108
30,25.0,-0.35093836,-0.09427043,-0.2372174266666666,470.9866666666667,-165.75,18.589113656079032,5.903641670314747,0.5,43.66666666666666,37.76302499635192,2.7000000000000006,1.0,2.0,0.4000000000000001,0.0,2.3,1.0,0.0,2.0,3.2574925192488746,far,dense,0.0,0.0,120,1,4,1,6,0.4371107295520918,17.165228724479675
62,3.0,-0.34599632,-0.2866494966666666,-0.2388320366666666,-243.32,-171.86,-14.213281943139236,3.630175658914365,-0.5,-15.0,-18.630175658914364,0.9,0.4000000000000001,1.0,0.9,0.0,0.0,1.0,0.0,0.0,2.708924359267087,near,dense,-3.0,-3.0,118,2,3,1,3,1.5382108032107367,-10.04638522863388
10,94.0,-0.2684437833333333,-0.1776046433333333,-0.2839312666666667,255.32666666666668,-148.52333333333334,-14.041858673441958,9.433078299227477,-0.5,28.0,18.566921700772525,3.2000000000000006,1.2,4.0,2.4,0.0,0.8000000000000002,2.0,0.0,2.0,4.64176178574692,far,non_dense,0.0,0.0,118,1,2,1,2,5.888818283267301,13.29263299703598
30,89.0,-0.3985257333333333,-0.15512461,-0.2240518766666666,237.9666666666667,-209.70333333333332,7.241438976995377,-3.7464874293886345,0.5,15.333333333333334,19.079820762721965,7.8,0.9,4.0,1.0,1.0,5.8,1.0,1.0,9.0,3.3150242875440075,far,non_dense,0.0,0.0,120,1,4,1,6,0.8442695883671887,10.040213167667389
42,75.0,-0.39399616,-0.2814739833333333,-0.2439073833333333,-222.79666666666665,-55.98333333333333,-9.107624089912695,4.788425611178659,-0.5,-12.0,-16.78842561117866,5.400000000000001,1.2,4.0,2.5,0.0,2.9,3.0,0.0,3.0,3.063926907627996,far,non_dense,0.0,0.0,118,2,3,2,3,0.16947000989357217,-8.588380366563797
56,55.0,-0.1990853366666666,-0.2900466433333333,-0.3334416966666667,-48.16333333333333,435.25,-7.023621995085321,-11.188783721109408,-0.5,-15.0,-3.8112162788905946,7.2,2.0,3.0,2.0,2.7000000000000006,2.5,1.0,1.0,4.0,2.988347646916973,near,non_dense,0.0,0.0,122,2,3,2,3,0.9458247281646212,-9.850075095891953
53,54.0,-0.4185501066666666,-0.33762724,-0.2287984333333333,-112.82333333333334,-101.02333333333333,15.871252590015018,-5.398723034710944,0.5,-14.0,-8.601276965289056,10.2,3.2999999999999994,3.0,4.5,5.7,0.0,4.0,1.0,0.0,8.318668172381757,near,non_dense,0.0,0.0,118,2,2,2,2,3.1510270600068275,-10.341095924377441
50,3.0,-0.3592466533333333,0.0620821766666666,-0.3598427766666667,540.6966666666666,-84.72666666666665,-23.61569681731055,-2.4872201347426945,-0.5,41.66666666666666,44.15388680140936,1.3,2.9,1.0,0.0,0.0,1.3,0.0,0.0,1.0,5.135672034752683,near,dense,0.0,0.0,117,1,1,1,1,8.375914664754667,19.400253891944885
73,92.0,-0.3313036366666667,-0.2895858566666667,-0.2237175799999999,-54.90666666666664,-192.42666666666665,-5.571385802929459,-10.733927704898328,-0.5,-15.0,-4.266072295101672,7.400000000000001,4.0,4.0,1.7,3.1,2.6,2.0,2.0,4.0,2.1663752415597792,far,non_dense,0.0,0.0,114,2,1,1,1,2.0096129885908787,-9.924961626529694
23,22.0,-0.44116306,-0.0290975333333333,-0.2219004066666666,446.3966666666667,-111.67666666666668,16.970032890551835,-10.393493430015836,0.5,25.0,35.39349343001584,0.6999999999999998,1.1,1.0,0.0,0.6999999999999998,0.0,0.0,1.0,0.0,2.7955851368876594,near,dense,99.0,99.0,112,2,4,1,6,0.8618068610098274,14.560778439044952
62,28.0,-0.3344815566666666,-0.33167718,-0.2358685233333333,-180.02,-88.82,-18.214951224952017,-7.9395981380922,-0.5,-22.0,-14.0604018619078,0.5,0.6,2.0,0.0,0.0,0.5,0.0,0.0,1.0,2.2203148765383376,far,dense,-3.0,-3.0,118,2,3,1,3,2.652162646757634,-12.32631504535675
40,67.0,-0.2223898766666666,-0.29662498,-0.4095920433333333,-464.29,-286.5566666666667,-16.85057095402551,3.756109246519486,-0.5,-31.0,-34.756109246519486,3.1,2.2,3.0,2.3,0.0,0.8000000000000002,3.0,0.0,1.0,5.256077670461153,near,non_dense,1.5,0.5,120,2,2,2,2,0.01192989726780979,-16.91327542066574
40,84.0,-0.2740701333333333,-0.10159824,-0.4156884833333333,305.7266666666667,-41.93333333333334,13.12408183533526,-1.6934646171587635,0.5,21.33333333333333,23.026797950492096,6.5,1.6000000000000003,4.0,0.0,1.7,4.8,0.0,1.0,5.0,4.292839882654558,far,non_dense,1.5,0.5,120,2,2,2,2,0.3519978653926419,11.613011360168457
57,69.0,-0.3452071766666666,-0.1093863933333333,-0.2347087233333333,227.5533333333333,-140.91333333333333,12.72577584356265,4.2038246964764925,0.5,22.666666666666668,18.462841970190173,6.7,1.1,3.0,1.8,0.0,4.9,1.0,0.0,4.0,4.794313952350351,near,non_dense,0.0,0.0,115,2,3,2,3,0.2529056593261051,11.51326671242714
14,25.0,-0.2238313499999999,-0.1676743733333333,-0.19808654,0.0,0.0,15.569793805246698,29.666666666666668,0.5,29.666666666666668,0.0,3.1,1.0,2.0,0.0,0.0,3.1,0.0,0.0,2.0,2.6430754133758496,far,dense,0.0,0.0,118,2,4,1,6,0.5501950194149478,14.115586876869202
73,5.0,-0.2981792833333333,-0.0648326866666666,-0.22934728,354.3333333333333,-69.82333333333334,21.3528063314522,17.4694338896729,0.5,45.0,27.5305661103271,4.9,2.3,1.0,1.9,0.0,3.0,1.0,0.0,2.0,3.489353128822675,near,dense,0.0,0.0,114,2,1,1,1,1.7474661541265921,15.255279839038849
46,91.0,-0.3061935733333333,-0.2571461133333333,-0.27573272,-334.13666666666666,-158.48666666666668,-19.6628192906899,17.853654856821308,-0.5,-8.0,-25.853654856821308,6.7,0.9,4.0,6.3,0.4000000000000001,0.0,6.0,1.0,0.0,6.626511017933886,far,non_dense,-1.0,-1.0,115,2,4,2,6,1.9090418177875133,-7.012532651424408
56,75.0,-0.3706641,-0.33753589,-0.2605717066666667,-186.68,-151.07333333333335,-8.927082487714456,-1.2278111645796344,-0.5,-16.0,-14.772188835420366,5.3,2.0,4.0,2.2,0.9,2.2,2.0,1.0,3.0,2.9076565253275923,far,non_dense,0.0,0.0,122,2,3,2,3,0.579817352866588,-10.612992197275162
28,7.0,-0.4613828066666667,-0.0688293966666666,-0.21581847,394.14,-15.180000000000009,12.340722020543703,-10.62153894534906,0.5,20.666666666666668,31.28820561201573,1.9,2.3,1.0,0.6999999999999998,0.0,1.2,1.0,0.0,3.0,1.49670534969208,near,dense,0.0,0.0,115,2,1,1,1,0.34123969514997915,12.851457297801971
62,68.0,-0.37508421,-0.2186981399999999,-0.2693620833333333,-234.35666666666663,-79.07000000000001,-11.962557191729625,12.30434902983282,-0.5,-6.0,-18.30434902983282,2.9,0.4000000000000001,3.0,2.0,0.0,0.9,1.0,0.0,1.0,3.953165072855042,near,non_dense,-3.0,-3.0,118,2,3,1,3,1.3128504662534692,-6.772642582654953
40,10.0,-0.3030101033333333,0.0175406133333333,-0.48933062,569.9866666666667,-80.35333333333334,20.39356253624637,1.7362675918684094,0.5,44.66666666666666,42.93039907479826,2.3,1.7,1.0,0.5,1.1,0.6999999999999998,1.0,1.0,1.0,3.354140756993426,near,dense,1.5,0.5,120,2,2,2,2,0.23114895954652198,19.618256390094757
23,24.0,-0.4960583566666667,-0.1666810333333333,-0.2316384733333333,64.75,-185.4333333333333,4.4864597417116325,-3.1338391854632843,0.5,2.0,5.133839185463285,7.5,1.5,1.0,2.7999999999999994,1.0,3.7000000000000006,2.0,1.0,3.0,1.242815813225512,near,dense,99.0,99.0,112,2,4,1,6,1.4513268667411958,2.682727761566639
45,39.0,-0.3554538115,-0.01344719839645,-0.22730302575,350.655,122.37,20.51603928927781,13.296576164316926,0.5,40.0,26.70342383568308,3.8,1.0,2.0,0.0,0.0,3.8,0.0,0.0,4.0,3.500193389217988,far,dense,0.0,0.0,116,2,2,2,2,1.747167176513923,14.40061628818512
63,74.0,-0.2818700166666666,-0.1084924633333333,-0.2275688866666666,184.70666666666668,-175.53999999999996,9.67147437572342,24.16431905105669,0.5,38.0,13.835680948943306,6.599999999999999,2.4,4.0,2.7000000000000006,1.5,2.4,2.0,1.0,3.0,3.269342959149048,far,non_dense,99.0,99.0,119,2,1,1,1,2.083629440210409,16.483573615550995
29,94.0,-0.27689283,-0.31848553,-0.26047064,-87.02666666666664,-49.720000000000006,-7.668659310018806,-8.238674582663412,-0.5,-15.0,-6.761325417336589,4.2,1.3,4.0,1.5,0.0,2.7000000000000006,1.0,0.0,4.0,2.5898505818144795,far,non_dense,2.0,0.75,122,2,1,2,1,1.0373103153030085,-10.355138033628464
29,63.0,-0.1851913533333333,-0.3455713099999999,-0.30878549,-452.5566666666667,-52.04333333333333,-16.817647163679528,0.493623969748872,-0.5,-34.666666666666664,-35.16029063641554,3.0,1.1,3.0,0.9,0.0,2.1,2.0,0.0,3.0,4.602737876241879,near,non_dense,2.0,0.75,122,2,1,2,1,0.25351353375077323,-17.984503507614136
62,2.0,-0.3741589066666666,-0.1049641599999999,-0.2110283633333333,254.2,-67.38666666666668,10.153817533558607,-4.520872606545357,0.5,15.333333333333334,19.854205939878693,2.2,0.6,1.0,0.0,0.0,2.2,0.0,0.0,4.0,1.5106168230626975,near,dense,-3.0,-3.0,118,2,3,1,3,0.08156593248669011,10.030602663755417
33,78.0,-0.33942455,-0.1519726333333333,-0.21119846,300.78000000000003,-264.1,8.705260804953793,6.009255388894264,0.5,29.666666666666668,23.6574112777724,11.699999999999998,2.1,4.0,1.7,7.0,3.0,2.0,1.0,1.0,3.0344916264422075,far,non_dense,0.0,0.0,114,2,2,1,2,1.2776286274503779,12.582214176654816
38,41.0,-0.4046034633333333,-0.08425471,-0.19548471,246.28666666666663,-31.99000000000001,16.288844848451145,-2.3898542802104736,0.5,18.0,20.389854280210475,5.5,4.0,2.0,1.8,0.9,2.7999999999999994,2.0,1.0,3.0,4.012841616975503,far,dense,2.0,2.0,115,2,1,2,1,1.3803684747733964,10.749644786119461
40,39.0,-0.3065951066666667,-0.0810775133333333,-0.4679701033333334,397.5566666666667,-88.0,15.051773611629407,-25.94327297980048,0.5,4.0,29.94327297980048,7.0,1.6000000000000003,2.0,0.6999999999999998,1.6000000000000003,4.7,1.0,1.0,4.0,2.6059723897685445,far,dense,1.5,0.5,120,2,2,2,2,2.6917956527381786,8.037028461694717
23,75.0,-0.3570917833333333,-0.2544655,-0.2177683666666666,-221.30666666666664,-204.52,-11.028588970310407,2.54676196660378,-0.5,-15.0,-17.54676196660378,3.2000000000000006,1.3,4.0,3.2000000000000006,0.0,0.0,5.0,0.0,0.0,3.808115278059097,far,non_dense,99.0,99.0,112,2,4,1,6,0.2565427529103275,-10.05164459347725
46,27.0,-0.3649282366666666,-0.1021846533333333,-0.2446174133333333,183.57,-171.15666666666667,22.12411164846608,8.463031162032772,0.5,22.666666666666668,14.203635504633894,6.3,0.6999999999999998,2.0,5.599999999999999,0.0,0.6999999999999998,6.0,0.0,1.0,3.828164391064299,far,dense,-1.0,-1.0,115,2,4,2,6,2.6861270553777774,11.841175705194473
40,7.0,-0.2911253066666666,-0.0483427733333333,-0.4349654599999999,322.83,9.00666666666667,13.9154041259362,-14.648324444208072,0.5,9.666666666666666,24.31499111087474,6.099999999999999,2.5,1.0,1.0,2.1,3.0,1.0,2.0,3.0,1.667043663750519,near,dense,1.5,0.5,120,2,2,2,2,2.9332231244362186,9.025593101978302
63,51.0,-0.2695798966666666,-0.32969778,-0.2783564733333333,-384.4866666666667,-138.71666666666667,-14.481775740690424,-10.866218122365526,-0.5,-39.66666666666666,-28.800448544301144,3.1,1.5,3.0,0.6999999999999998,0.0,2.4,1.0,0.0,2.0,4.434377970783585,near,non_dense,99.0,99.0,119,2,1,1,1,0.6244512133407517,-17.250828444957733
15,45.0,-0.14143289,-0.2605307,-0.2375100533333333,-385.4533333333334,-145.15666666666667,-14.677203836114264,-15.297639554820776,-0.5,-45.0,-29.702360445179224,0.4000000000000001,0.6999999999999998,2.0,0.4000000000000001,0.0,0.0,1.0,0.0,0.0,1.903893370514964,far,dense,0.0,0.0,123,1,1,2,1,2.1780497442601496,-18.823978304862976
11,33.0,-0.33568812,-0.0478152416666666,-0.253392885,303.16,-250.64166666666665,17.436536842677075,-16.962095997500217,0.5,5.666666666666667,22.628762664166885,6.099999999999999,2.7999999999999994,2.0,1.0,0.4000000000000001,4.7,2.0,1.0,6.0,3.0405982895862125,far,dense,-1.0,-1.25,113,2,4,1,6,3.1436835613248855,7.877857983112335
33,9.0,-0.2727988466666666,-0.11713459,-0.21138356,544.4166666666666,-181.78666666666663,16.49846946593105,2.1797028066784443,0.5,45.0,42.82029719332155,5.7,1.9,1.0,0.0,0.6,5.1,0.0,1.0,5.0,2.556635030226308,near,dense,0.0,0.0,114,2,2,1,2,1.24238204586583,19.674786925315857
63,13.0,-0.3399745433333334,-0.09704215,-0.2079154233333333,267.4433333333333,-48.943333333333335,11.039482824051992,-0.0331731317506722,0.5,20.0,20.033173131750672,8.4,1.1,1.0,5.3,0.0,3.1,3.0,0.0,4.0,1.6913507496669349,near,dense,99.0,99.0,119,2,1,1,1,0.14889171403988077,11.29131093621254
62,45.0,-0.3597189366666666,-0.27405128,-0.2399407999999999,-273.73,-68.98666666666668,-14.392833708657086,7.0462567214384775,-0.5,-14.333333333333334,-21.37959005477181,4.0,0.6999999999999998,2.0,1.7,0.0,2.3,3.0,0.0,2.0,1.881560553170475,far,dense,-3.0,-3.0,118,2,3,1,3,2.4198736277610724,-9.839694947004318
30,54.0,-0.3929355733333333,-0.1691907766666666,-0.2312823266666666,274.59000000000003,-215.6433333333333,9.62812590781192,-6.016226291788038,0.5,16.0,22.01622629178804,4.3,1.5,3.0,2.0,0.0,2.3,1.0,0.0,4.0,5.025911602550292,near,non_dense,0.0,0.0,120,1,4,1,6,0.16023583433632993,10.433457046747208
25,84.0,-0.36882935,-0.0827964033333333,-0.2205274466666666,467.8966666666667,-283.46666666666664,12.48270709243735,-13.390417482104246,0.5,24.33333333333333,37.723750815437576,2.7000000000000006,1.1,4.0,0.0,0.6,2.1,0.0,1.0,4.0,4.177843501425053,far,non_dense,0.0,0.0,117,2,5,1,6,0.5602229972952253,14.823231101036072
29,66.0,-0.22853564,-0.21585135,-0.3059891833333333,146.78999999999996,3.376666666666665,9.471853466251543,6.595507606739261,0.5,18.0,11.40449239326074,2.9,1.0,3.0,0.8000000000000002,0.0,2.1,1.0,0.0,2.0,3.4291975534340207,near,non_dense,2.0,0.75,122,2,1,2,1,0.2600153840404355,10.363497585058212
40,8.0,-0.3054034633333333,-0.0509799866666666,-0.45365389,388.8566666666666,-93.40666666666668,14.39109390885062,-22.28800419231292,0.5,7.0,29.28800419231292,10.3,1.9,1.0,0.0,5.400000000000001,4.9,0.0,1.0,3.0,2.2188581908014746,near,dense,1.5,0.5,120,2,2,2,2,2.54680118247121,8.740103244781494
71,31.0,-0.4127544866666666,-0.11895762,-0.2572405033333333,199.9716666666667,239.55,19.616784485645763,-3.9121790927084015,0.5,10.5,14.4121790927084,12.699999999999998,0.4000000000000001,2.0,4.7,0.0,8.0,2.0,0.0,4.0,5.368074228996583,far,dense,0.0,0.0,116,2,2,2,2,2.097883689835224,8.355189114809036
53,80.0,-0.2952979066666666,-0.4049952066666666,-0.3018335733333333,-136.575,-99.185,-30.18340470173082,-17.754641362790228,-0.5,-28.166666666666668,-10.41202530387644,6.3,0.5,4.0,3.5,0.0,2.7999999999999994,1.0,0.0,3.0,12.15813820752996,far,non_dense,0.0,0.0,118,2,2,2,2,1.3929223602223164,-13.248062133789062
25,20.0,-0.2675498933333333,-0.3143926966666666,-0.23510174,-360.40333333333336,-286.35,-16.010628359478176,-15.027869273140098,-0.5,-43.0,-27.972130726859906,0.5,0.4000000000000001,1.0,0.0,0.0,0.5,0.0,0.0,1.0,2.5355909663881957,near,dense,0.0,0.0,117,2,5,1,6,0.8971929610078369,-18.285542726516724
14,57.0,-0.3200307966666667,-0.2163505066666666,-0.2030310833333333,189.42666666666665,-12.093333333333344,6.739024259978346,-5.223332399891801,0.5,9.0,14.2233323998918,3.2000000000000006,1.1,3.0,0.8000000000000002,0.4000000000000001,2.0,1.0,1.0,3.0,2.401041063218813,near,non_dense,0.0,0.0,118,2,4,1,6,0.5535012565376143,8.068003505468369
72,13.0,-0.3248180466666666,-0.118869505,-0.2273167541666666,414.0191666666667,-155.32666666666665,12.796753738470873,-2.647838358007187,0.5,29.0,31.64783835800719,2.5,0.4000000000000001,1.0,0.9,0.0,1.6000000000000003,2.0,0.0,3.0,2.1020614774538022,near,dense,0.0,0.0,116,1,4,1,6,0.8268966420932226,14.53494131565094
50,61.0,-0.3685917649999999,0.0025374233333333,-0.30352402,82.93166666666666,38.46333333333333,19.722607145964503,29.22770853235231,0.5,36.0,6.77229146764769,11.6,2.3,3.0,0.0,0.0,11.6,0.0,0.0,5.0,8.384213815744657,near,non_dense,0.0,0.0,117,1,1,1,1,0.2800162489709402,17.37489104270935
33,27.0,-0.2887812366666666,-0.1420266833333333,-0.21471065,400.81,-228.31000000000003,13.292624052004676,8.47487527680047,0.5,40.0,31.52512472319953,3.8,2.7000000000000006,2.0,0.0,0.6999999999999998,3.1,0.0,1.0,2.0,2.2968985047497745,far,dense,0.0,0.0,114,2,2,1,2,0.555837874671903,14.569327235221863
71,30.0,-0.4077102333333333,-0.0845742999999999,-0.1874476333333333,258.26000000000005,43.53666666666667,35.355917778938306,-1.6130837159407845,0.5,17.0,18.613083715940785,5.400000000000001,4.1,2.0,5.400000000000001,0.0,0.0,5.0,0.0,0.0,5.898759901902866,far,dense,0.0,0.0,116,2,2,2,2,4.206254898940076,10.544230043888092
53,89.0,-0.36746774,-0.1557896566666666,-0.23005825,223.72666666666663,-108.33666666666666,6.4582776880759445,-2.056179494675179,0.5,15.0,17.056179494675177,5.0,8.2,4.0,5.0,0.0,0.0,4.0,0.0,0.0,3.204836550664657,far,non_dense,0.0,0.0,118,2,2,2,2,1.1133833048028279,10.026489198207855
42,61.0,-0.3889237733333333,-0.1217461233333333,-0.2215697966666666,190.82,-92.32666666666668,9.57436029336697,-4.712217106841815,0.5,9.666666666666666,14.378883773508482,9.3,0.9,3.0,0.0,0.0,9.3,0.0,0.0,3.0,4.463240713031436,near,non_dense,0.0,0.0,118,2,3,2,3,0.3190592653803387,8.150321990251541
73,71.0,-0.3184985833333333,-0.3501690733333333,-0.28423508,-32.129999999999995,52.68333333333334,-14.66673450717279,-13.836935151419476,-0.5,-16.333333333333332,-2.496398181913856,2.1,1.3999999999999997,3.0,1.6000000000000003,0.0,0.5,3.0,0.0,1.0,4.796594552369085,near,non_dense,0.0,0.0,114,2,1,1,1,1.1122831696120246,-9.331563115119934
38,13.0,-0.45117391,-0.0923203066666666,-0.2018002666666666,370.67333333333335,-31.549999999999997,11.580509623171,-19.68771588214229,0.5,11.0,30.687715882142285,4.2,2.5,1.0,0.0,1.3999999999999997,2.7999999999999994,0.0,1.0,4.0,1.807397607403624,near,dense,2.0,2.0,115,2,1,2,1,0.9048505524229433,9.945084899663925
56,50.0,-0.2576885033333334,-0.10785316,-0.2875306033333333,388.6466666666667,-153.34,14.426170550631891,8.245971982769046,0.5,39.0,30.754028017230954,4.9,1.3999999999999997,3.0,0.0,0.0,4.9,0.0,0.0,6.0,5.136713758016649,near,non_dense,0.0,0.0,122,2,3,2,3,0.007368370582991035,14.388321340084076
56,59.0,-0.3441109166666666,-0.1750295633333333,-0.6007417666666667,52.16666666666668,-24.8,13.428350217452357,15.205328989459169,0.5,19.33333333333333,4.1280043438741645,1.9,9.1,3.0,0.4000000000000001,1.5,0.0,1.0,3.0,0.0,5.003224292495985,near,non_dense,0.0,0.0,122,2,3,2,3,0.5837412755595288,10.507761687040329
62,76.0,-0.3535293633333333,-0.2580531233333333,-0.23306613,-93.52333333333333,-84.40666666666665,-5.971702272947247,-1.6953913446737954,-0.5,-9.0,-7.304608655326205,8.4,0.6,4.0,2.2,1.8,4.4,1.0,1.0,3.0,1.9450669822157036,far,non_dense,-3.0,-3.0,118,2,3,1,3,0.5242687239725009,-6.991440057754517
23,41.0,-0.46489943,-0.0327974333333333,-0.21965332,6.48333333333331,-92.82333333333334,15.619186753136432,21.81928868902311,0.5,22.33333333333333,0.5140446443102218,3.1,1.8,2.0,0.0,0.5,2.6,0.0,1.0,3.0,3.9438390084072297,far,dense,99.0,99.0,112,2,4,1,6,1.158323645578635,11.050944775342941
33,57.0,-0.37624839,-0.14206662,-0.2041700966666666,297.4766666666667,-216.2633333333333,8.746876676482334,-5.397592422615005,0.5,18.0,23.397592422615,6.5,1.6000000000000003,3.0,1.2,1.9,3.4,2.0,1.0,4.0,3.254185723554304,near,non_dense,0.0,0.0,114,2,2,1,2,0.7108109570355609,11.059987545013428
28,76.0,-0.4754410766666666,-0.2971083033333333,-0.22035013,-166.45000000000002,-54.63000000000002,-6.0837156715885525,2.8800472525499017,-0.5,-10.333333333333334,-13.213380585883234,4.3,1.5,4.0,2.3,0.0,2.0,1.0,0.0,1.0,1.9407147274309744,far,non_dense,0.0,0.0,115,2,1,1,1,0.7856035913168407,-7.60834813117981
40,5.0,-0.30711634,-0.02471958,-0.4724299733333333,454.74,-40.153333333333336,16.25476511224539,-19.9168883243787,0.5,14.333333333333334,34.250221657712025,7.400000000000001,2.0,1.0,0.0,2.0,5.400000000000001,0.0,1.0,4.0,2.541172946601695,near,dense,1.5,0.5,120,2,2,2,2,1.9360950924969644,11.334812641143799
29,2.0,-0.2217405866666666,-0.1910398133333333,-0.2804859,259.7366666666667,-69.82000000000001,9.768305114018917,7.153724100750047,0.5,27.33333333333333,20.179609232583285,6.099999999999999,1.2,1.0,2.1,0.0,4.0,2.0,0.0,6.0,1.4573221826172835,near,dense,2.0,0.75,122,2,1,2,1,1.7554517533900815,12.326563894748688
42,18.0,-0.27797688,-0.2905213266666667,-0.2479819533333333,-262.2366666666667,-21.32000000000001,-18.899162257283383,-6.239647043536909,-0.5,-26.0,-19.76035295646309,2.4,1.3999999999999997,1.0,1.9,0.0,0.5,2.0,0.0,1.0,2.9710852670321106,near,dense,0.0,0.0,118,2,3,2,3,1.8041578956039734,-13.53885531425476
63,85.0,-0.2833995633333333,-0.1317423733333333,-0.2344182133333333,214.44000000000003,-162.27999999999997,7.469139074561674,15.937107001959484,0.5,32.0,16.062892998040514,7.900000000000001,2.0,4.0,2.0,1.6000000000000003,4.3,2.0,1.0,5.0,2.886926003488845,far,non_dense,99.0,99.0,119,2,1,1,1,2.3438045245399,14.23552930355072
57,84.0,-0.3142393033333333,-0.0879344933333333,-0.2344773666666666,293.4633333333333,-100.25666666666666,14.534327076829952,-0.14387070499086,0.5,23.666666666666668,23.810537371657528,5.1,1.2,4.0,0.0,0.6999999999999998,4.4,0.0,1.0,3.0,4.594668063954559,far,non_dense,0.0,0.0,115,2,3,2,3,0.46931145059664203,12.377996742725372
63,67.0,-0.2768441666666666,-0.35725207,-0.2585653133333333,-321.8066666666667,-135.66666666666666,-14.812888555520038,-11.561340921830082,-0.5,-35.666666666666664,-24.10532574483658,4.3,1.5,3.0,1.3999999999999997,0.0,2.9,1.0,0.0,2.0,4.555531938400078,near,non_dense,99.0,99.0,119,2,1,1,1,0.2590385454905814,-15.992946922779083
32,61.0,-0.2389423633333333,-0.1835832466666666,-0.2449101966666666,326.0233333333333,-273.76666666666665,10.945838132526204,-5.665066956661828,0.5,21.0,26.66506695666183,9.8,1.7,3.0,1.0,1.1,7.7,1.0,1.0,6.0,5.047867370588321,near,non_dense,-0.5,-0.5,114,2,5,1,6,0.21663718929556935,12.039393931627274
29,96.0,-0.2426695233333333,-0.3347110733333333,-0.2637563533333333,-233.85666666666668,-40.53333333333333,-10.857204359979011,2.502258846742375,-0.5,-15.666666666666666,-18.16892551340904,4.8,1.6000000000000003,4.0,2.0,0.0,2.7999999999999994,1.0,0.0,3.0,4.997945606649715,far,non_dense,2.0,0.75,122,2,1,2,1,0.0925350440617157,-10.394719243049622
71,78.0,-0.4103635466666667,-0.11412401,-0.18504856,173.33333333333334,-68.57000000000001,7.654748514859573,2.507675040283426,0.5,15.0,12.492324959716576,6.900000000000001,2.0,4.0,1.5,0.6999999999999998,4.7,1.0,1.0,5.0,2.6463424936311366,far,non_dense,0.0,0.0,116,2,2,2,2,0.9619919474471383,10.200508683919907
42,65.0,-0.3767403266666667,-0.27829995,-0.2220200666666666,-175.19000000000003,-261.03000000000003,-9.96431484412924,0.5344477253307733,-0.5,-12.666666666666666,-13.20111439199744,6.5,0.8000000000000002,3.0,3.6,0.0,2.9,1.0,0.0,3.0,3.8392653039676223,near,non_dense,0.0,0.0,118,2,3,2,3,0.28626668886689904,-8.86526107788086
37,50.0,-0.4320006766666666,-0.05417622,-0.2420043966666666,344.6666666666667,1.9866666666666688,14.951089968324586,-6.174656204463273,0.5,19.33333333333333,25.507989537796607,4.0,0.5,3.0,3.2000000000000006,0.0,0.8000000000000002,2.0,0.0,1.0,5.420031526550612,near,non_dense,0.0,0.0,120,3,3,2,3,0.6118029656714736,11.635098606348038
72,47.0,-0.3633467866666667,-0.3319505366666667,-0.23914496,-240.1733333333333,-114.60333333333334,-11.805282337837976,3.3589733113896387,-0.5,-15.0,-18.35897331138964,4.3,3.0,2.0,1.5,1.9,0.9,2.0,1.0,2.0,1.6000012580626812,far,dense,0.0,0.0,116,1,4,1,6,1.0968506735524757,-10.050319880247116
32,35.0,-0.2573562166666667,-0.1075476366666666,-0.2357769733333333,612.76,-231.88333333333333,21.684012876784788,-5.11692341559633,0.5,45.0,50.116923415596325,5.1,1.1,2.0,1.8,0.0,3.2999999999999994,2.0,0.0,4.0,3.778430171083985,far,dense,-0.5,-0.5,114,2,5,1,6,0.034625397171756195,21.814842522144318
40,43.0,-0.1991687966666666,-0.31462238,-0.3973726733333333,-556.9499999999999,-93.61333333333334,-26.050031768342365,14.948500136919376,-0.5,-27.0,-41.94850013691937,1.2,2.1,2.0,0.6999999999999998,0.5,0.0,1.0,1.0,0.0,3.4515371047672545,far,dense,1.5,0.5,120,2,2,2,2,2.987412341833968,-15.738867223262787
32,20.0,-0.2504107166666666,-0.3450371299999999,-0.27732266,-554.3433333333334,-92.54333333333334,-16.388973861644754,3.3390926016924376,-0.5,-42.0,-45.33909260169244,1.5,2.5,1.0,0.0,0.0,1.5,0.0,0.0,2.0,2.4730366799892365,near,dense,-0.5,-0.5,114,2,5,1,6,1.9450528136369818,-21.19916081428528
72,68.0,-0.347884735,-0.2810444016666666,-0.2421205316666666,-300.14500000000004,-128.80333333333334,-13.095938755797,3.4432384023221165,-0.5,-19.5,-22.94323840232212,5.599999999999999,0.4000000000000001,3.0,3.7000000000000006,0.0,1.9,2.0,0.0,3.0,4.259830540716946,near,non_dense,0.0,0.0,116,1,4,1,6,0.2362178917954604,-12.089690566062927
33,90.0,-0.2799026833333333,-0.18881121,-0.2218988566666666,263.2733333333333,-221.97000000000003,7.666131500469626,-0.7073792311215227,0.5,20.0,20.70737923112152,6.599999999999999,3.4,4.0,4.3,1.7,0.6,4.0,3.0,1.0,2.9532849131280288,far,non_dense,0.0,0.0,114,2,2,1,2,1.2008643606825333,11.212626099586487
14,67.0,-0.21721597,-0.3505352533333333,-0.2293317266666666,-493.7866666666667,89.08666666666666,-14.373890069522906,-4.923425628380872,-0.5,-42.0,-37.07657437161913,2.2,1.1,3.0,0.0,0.8000000000000002,1.3999999999999997,0.0,1.0,2.0,4.500147779917131,near,non_dense,0.0,0.0,118,2,4,1,6,1.025630019272037,-18.989376723766327
40,30.0,-0.2698942033333333,-0.0590716166666666,-0.4086449933333333,473.2466666666666,-23.620000000000005,15.772610677343687,-20.644111430942285,0.5,15.0,35.64411143094229,6.5,3.4,2.0,0.0,1.7,4.8,0.0,2.0,4.0,2.9042266054904338,far,dense,1.5,0.5,120,2,2,2,2,1.3936323402293604,11.725186556577682
38,50.0,-0.4005520433333333,-0.08662955,-0.22705176,271.67333333333335,122.18,15.685095318524404,-0.1582605213307957,0.5,22.33333333333333,22.49159385466413,2.2,1.5,3.0,0.0,0.0,2.2,0.0,0.0,3.0,5.495141882626352,near,non_dense,2.0,2.0,115,2,1,2,1,0.6845898802311202,11.923176795244217
39,87.0,-0.3078165533333333,-0.0920677866666666,-0.3566213233333333,86.01000000000003,-3.396666666666666,10.641366280034369,16.71619285425212,0.5,23.666666666666668,6.950473812414544,5.7,0.4000000000000001,4.0,3.2999999999999994,0.0,2.4,2.0,0.0,4.0,3.8340538986832553,far,non_dense,0.0,0.0,114,2,5,1,6,0.518814673512682,12.630529701709747
38,54.0,-0.4454738433333333,-0.1472628666666666,-0.25709241,179.11333333333334,11.643333333333354,9.063702530602637,-8.828633704528999,0.5,6.0,14.828633704529,11.300000000000002,6.2,3.0,7.3,0.6,3.4,1.0,1.0,2.0,4.83208243683584,near,non_dense,2.0,2.0,115,2,1,2,1,0.36678413053748693,7.291371375322342
62,75.0,-0.3553806633333333,-0.26882296,-0.2619409366666667,-115.67333333333332,-70.46000000000002,-7.967664393260179,-4.965373006482162,-0.5,-14.0,-9.034626993517838,3.8,0.5,4.0,1.5,0.0,2.3,2.0,0.0,4.0,2.689645702159511,far,non_dense,-3.0,-3.0,118,2,3,1,3,0.8905530424159307,-10.362936556339264
40,4.0,-0.3113264366666666,-0.05669836,-0.4740536933333333,324.31,38.41333333333333,14.485514695112272,-17.42646212299905,0.5,7.0,24.42646212299905,7.7,2.0,1.0,3.2999999999999994,0.0,4.4,2.0,0.0,4.0,2.141096236365561,near,dense,1.5,0.5,120,2,2,2,2,2.8721232116718767,8.33602249622345
42,74.0,-0.41951885,-0.1317353566666666,-0.2267940966666667,24.75333333333333,-365.31,7.20032486192892,4.134758919364253,0.5,6.0,1.8652410806357476,7.7,1.0,4.0,5.0,0.0,2.7000000000000006,1.0,0.0,4.0,2.4949445051794297,far,non_dense,0.0,0.0,118,2,3,2,3,0.9721478287255938,4.774869978427887
25,1.0,-0.3273336633333333,-0.2190431149999999,-0.3227325733333333,-236.7,-198.5583333333333,-13.24033909605363,-1.763585939181502,-0.5,-20.33333333333333,-18.569747394151836,11.6,0.5,1.0,2.4,0.0,9.2,3.0,0.0,11.0,1.774159441402034,near,dense,0.0,0.0,117,2,5,1,6,0.47858804339796623,-12.391247600317001
72,67.0,-0.3088612833333333,-0.3684434233333333,-0.2560206833333333,-278.77,-144.64333333333337,-18.785732300631988,-13.69067760777179,-0.5,-35.0,-21.30932239222821,1.2,2.9,3.0,0.8000000000000002,0.4000000000000001,0.0,1.0,1.0,0.0,5.641223555744891,near,non_dense,0.0,0.0,116,1,4,1,6,0.4787126075815672,-16.08520746231079
56,23.0,-0.223743895,-0.3788723383333334,-0.350611245,-251.00333333333333,-51.215,-14.8116772246632,-14.008691385719764,-0.5,-33.833333333333336,-19.82464194761357,1.2,0.6999999999999998,1.0,0.4000000000000001,0.0,0.8000000000000002,1.0,0.0,1.0,2.2554638441102317,near,dense,0.0,0.0,122,2,3,2,3,0.42216427817093183,-15.76385349035263
15,81.0,-0.1393259633333333,-0.2983094233333333,-0.2525807,-568.4733333333334,-201.51,-16.935219703208094,-1.3838729788868835,-0.5,-45.0,-43.61612702111311,1.7,0.6,4.0,0.9,0.0,0.8000000000000002,2.0,0.0,1.0,5.374597244717786,far,non_dense,0.0,0.0,123,1,1,2,1,0.7738877482557812,-21.094554662704468
50,74.0,-0.3429526366666667,-0.0722622,-0.3452027133333333,155.77666666666664,-21.27666666666666,15.032292727471123,-11.720894598266826,0.5,1.0,12.720894598266826,7.2,1.8,4.0,6.2,0.6,0.4000000000000001,6.0,1.0,1.0,4.801732001831602,far,non_dense,0.0,0.0,117,1,1,1,1,1.8532928857508533,6.133276969194412
11,65.0,-0.3172235622222222,-0.4153503744444444,-0.32085698,-56.89222222222223,68.52111111111111,-15.137920853394949,-25.197840030591337,-0.5,-29.444444444444443,-4.246604413853106,5.3,0.8,3.0,0.0,1.0,4.3,0.0,1.0,3.0,5.597183838038559,near,non_dense,-1.0,-1.25,113,2,4,1,6,0.7266585916981839,-11.070679128170013
42,37.0,-0.3522420133333333,-0.0420630366666666,-0.2130725833333333,353.96000000000004,-180.36333333333332,16.23971075871103,7.994673686522749,0.5,34.666666666666664,26.67199298014392,6.0,1.1,2.0,1.1,0.9,4.0,2.0,1.0,5.0,3.109348145261328,far,dense,0.0,0.0,118,2,3,2,3,0.882599851326433,13.495400547981262
38,88.0,-0.42629099,-0.06355556,-0.1933032666666666,311.2933333333333,-79.73,14.365829165606462,-7.771698447883168,0.5,18.0,25.771698447883168,2.2,2.3,4.0,0.5,0.0,1.7,1.0,0.0,2.0,5.140195475033795,far,non_dense,2.0,2.0,115,2,1,2,1,0.565331964514997,11.459912359714508
32,71.0,-0.2863399666666666,-0.3174053033333333,-0.26208374,-295.27,-142.08,-11.645201069669785,1.4831211408324034,-0.5,-22.666666666666668,-24.14978780749907,6.5,1.9,3.0,0.9,0.0,5.599999999999999,2.0,0.0,2.0,3.911283381753599,near,non_dense,-0.5,-0.5,114,2,5,1,6,0.42999816297463545,-13.327045738697052
57,92.0,-0.38216256,-0.2840204833333333,-0.24236261,-108.68333333333337,-131.48333333333332,-5.686912290733525,-2.1818333806279746,-0.5,-11.0,-8.818166619372024,3.6,1.0,4.0,1.0,0.0,2.6,2.0,0.0,4.0,2.0369076497524468,far,non_dense,0.0,0.0,115,2,3,2,3,1.2881125518136796,-8.310678601264954
23,34.0,-0.4478975733333333,-0.0050681066666666,-0.2112084199999999,150.26,-116.16333333333334,18.51262012943857,15.752988272725151,0.5,27.666666666666668,11.913678393941517,1.0,2.4,2.0,0.5,0.0,0.5,1.0,0.0,1.0,3.2155469419876312,far,dense,99.0,99.0,112,2,4,1,6,1.5881931636570463,13.405710458755493
39,35.0,-0.2621499308333333,-0.1006179141666666,-0.3381141683333333,219.5233333333333,-27.905833333333323,32.81030151768206,17.51030485353701,0.5,35.25,17.73969514646299,1.2,0.5,2.0,0.6999999999999998,0.0,0.5,1.0,0.0,1.0,4.720425204810004,far,dense,0.0,0.0,114,2,5,1,6,3.772839222979424,15.000896155834198
73,28.0,-0.3248269133333333,-0.3976445766666667,-0.3182026844444444,-233.47444444444443,-114.62666666666668,-20.592315470877303,-17.304227244492413,-0.5,-35.44444444444444,-18.140217199952037,1.5,0.4,2.0,0.0,0.0,1.5,0.0,0.0,3.0,2.518266862852448,far,dense,0.0,0.0,114,2,1,1,1,1.7875906672625808,-16.09068512916565
30,64.0,-0.4337163566666666,-0.3467529375,-0.3826364266666666,-157.33916666666667,-195.13,-13.901666449525074,-6.884774762756524,-0.5,-19.5,-12.615225237243475,5.400000000000001,0.6,3.0,0.6999999999999998,1.1,3.6,1.0,1.0,4.0,4.427453077723707,near,non_dense,0.0,0.0,120,1,4,1,6,0.4811311770024676,-11.771480739116669
73,58.0,-0.300877,-0.14388186,-0.2571096883333333,39.73333333333331,-221.8083333333333,13.755713195501157,15.246180482579817,0.5,18.33333333333333,3.087152850753517,8.5,0.5,3.0,2.4,0.0,6.099999999999999,3.0,0.0,4.0,7.36084221843673,near,non_dense,0.0,0.0,114,2,1,1,1,0.5353611190940455,9.815004467964172
63,65.0,-0.2592256266666666,-0.31174891,-0.2657496433333333,-270.78333333333336,-178.73333333333335,-10.834778385547594,5.283359956099936,-0.5,-15.0,-20.283359956099936,4.7,1.9,3.0,3.5,0.4000000000000001,0.8000000000000002,2.0,1.0,1.0,4.333857886639541,near,non_dense,99.0,99.0,119,2,1,1,1,0.17263932365378454,-10.086584091186523
46,61.0,-0.3270737983333333,-0.1746662066666666,-0.28833361,29.261666666666677,-76.06333333333333,34.39486873374383,7.569226738620532,0.5,9.833333333333334,2.264106594712801,7.099999999999999,0.6999999999999998,3.0,0.0,0.0,7.099999999999999,0.0,0.0,6.0,13.7756785091215,near,non_dense,-1.0,-1.0,115,2,4,2,6,2.003642840226366,6.793329119682312
29,47.0,-0.17893554,-0.3033043433333333,-0.32675619,-157.25,-1.1833333333333371,-11.365759819784648,-16.78284332147795,-0.5,-29.0,-12.21715667852205,4.1,0.9,2.0,1.3999999999999997,0.0,2.7000000000000006,2.0,0.0,3.0,1.5247259396795112,far,dense,2.0,0.75,122,2,1,2,1,1.7773299767475563,-14.07570093870163
63,37.0,-0.3811881366666667,-0.0496476466666666,-0.2038120633333333,396.8866666666666,-111.6,15.147511867121104,-2.7292858562564724,0.5,27.0,29.72928585625647,4.1,1.6000000000000003,2.0,0.6,0.6999999999999998,2.7999999999999994,1.0,1.0,2.0,2.6923101770978364,far,dense,99.0,99.0,119,2,1,1,1,0.48672651591755234,13.837093114852905
56,49.0,-0.28724292,-0.1568297833333333,-0.2592299466666667,262.76,-151.98666666666665,10.872767764956729,-5.792480921336272,0.5,15.0,20.792480921336274,7.2,1.1,3.0,0.9,0.0,6.3,1.0,0.0,8.0,5.012929903888092,near,non_dense,0.0,0.0,122,2,3,2,3,0.175423254151466,9.993383288383484
72,56.0,-0.3420020666666666,-0.1241247099999999,-0.2066953633333333,318.34,-175.51,12.371367414402895,9.6659264255769,0.5,34.0,24.334073574423098,4.6,3.0,3.0,1.5,1.2,1.9,2.0,1.0,2.0,4.454611744375468,near,non_dense,0.0,0.0,116,1,4,1,6,0.22657254103996494,13.380660116672516
25,62.0,-0.3043508966666666,-0.0965473333333333,-0.2317589466666666,496.2466666666666,-249.0233333333333,13.812664561107,4.990555757343469,0.5,45.0,40.009444242656535,2.5,1.1,3.0,0.0,0.0,2.5,0.0,0.0,4.0,5.235242746826061,near,non_dense,0.0,0.0,117,2,5,1,6,0.8189200896788308,18.099910020828247
40,42.0,-0.2264604066666666,-0.29970039,-0.4117016966666666,-421.7433333333333,-91.05333333333331,-16.32940048519203,7.7649704211835315,-0.5,-24.0,-31.76497042118353,1.1,1.3999999999999997,2.0,1.1,0.0,0.0,1.0,0.0,0.0,2.089113050600077,far,dense,1.5,0.5,120,2,2,2,2,1.1375869290185507,-13.95285278558731
32,73.0,-0.2703537866666667,-0.1975709766666666,-0.23785329,209.73333333333332,-234.14333333333332,6.659499763325989,-4.153843926438419,0.5,13.0,17.153843926438416,7.900000000000001,3.0,4.0,0.0,1.8,6.099999999999999,0.0,1.0,6.0,2.219107831268865,far,non_dense,-0.5,-0.5,114,2,5,1,6,1.1004139747010317,9.101437032222748
28,25.0,-0.4325552366666667,-0.0182008466666666,-0.2030572266666666,389.3966666666667,52.23333333333333,17.356762286431707,-2.578329962196728,0.5,28.33333333333333,30.91166329553006,0.8000000000000002,2.1,2.0,0.0,0.0,0.8000000000000002,0.0,0.0,1.0,2.996163000042227,far,dense,0.0,0.0,115,2,1,1,1,1.0220655713518425,14.294487237930298
37,25.0,-0.385136815,0.0556276866666666,-0.202205485,497.4283333333333,269.79,21.33883839297033,2.353136524103024,0.5,39.16666666666666,36.81353014256364,11.9,0.5,2.0,2.0,0.0,9.9,3.0,0.0,4.0,3.5302454812088127,far,dense,0.0,0.0,120,3,3,2,3,1.0577446947636584,17.60473996400833
38,38.0,-0.4304485433333333,-0.02707515,-0.2009804899999999,357.56666666666666,111.59,16.740674830601062,-7.602626595541477,0.5,22.0,29.60262659554148,5.2,2.0,2.0,1.5,0.0,3.7000000000000006,2.0,0.0,4.0,3.383859438784171,far,dense,2.0,2.0,115,2,1,2,1,1.1816101949705708,12.742272019386292
63,87.0,-0.2849714666666667,-0.1341769833333333,-0.2308007033333333,219.46666666666667,-191.7,9.572975921242191,15.560578328188347,0.5,32.0,16.43942167181165,9.3,1.3999999999999997,4.0,0.8000000000000002,2.7999999999999994,5.7,1.0,1.0,3.0,3.558224821519806,far,non_dense,99.0,99.0,119,2,1,1,1,1.292525213537244,14.1720712184906
71,35.0,-0.3953635149999999,-0.0133760449999999,-0.1880738566666666,369.49500000000006,24.916666666666675,34.142072491023946,7.203420193003666,0.5,33.833333333333336,26.629913140329663,3.4,2.6,2.0,3.4,0.0,0.0,3.0,0.0,0.0,5.127255824672251,far,dense,0.0,0.0,116,2,2,2,2,4.044719109634468,13.403762876987457
37,22.0,-0.44901678,-0.0542653133333333,-0.2251530233333333,223.95666666666668,37.453333333333326,14.184582482916817,-2.9078526087292773,0.5,13.666666666666666,16.574519275395943,5.1,0.6,1.0,3.1,0.0,2.0,2.0,0.0,1.0,2.3158768268905874,near,dense,0.0,0.0,120,3,3,2,3,2.016273697296097,9.515140950679779
57,47.0,-0.3694716866666667,-0.1928258211111111,-0.4717099722222222,-26.12777777777777,37.18555555555555,-12.106914167394542,-2.8800880431985583,-0.5,-5.0,-2.1199119568014413,3.3,1.0,2.0,0.0,0.7,2.6,0.0,1.0,4.0,1.6719638750118984,far,dense,0.0,0.0,115,2,3,2,3,5.132291212610424,-3.525908663868904
38,40.0,-0.39912032,-0.0897258466666666,-0.20206357,0.0,0.0,17.36045288335493,23.666666666666668,0.5,23.666666666666668,0.0,1.7,1.8,2.0,0.0,0.0,1.7,0.0,0.0,2.0,3.200808934186951,far,dense,2.0,2.0,115,2,1,2,1,1.82894540112783,11.506348103284836
28,13.0,-0.4710580333333333,-0.0726655233333333,-0.21798946,355.6366666666667,-37.84,11.466570411391857,-12.231676941793694,0.5,16.0,28.23167694179369,5.1,1.8,1.0,0.0,2.6,2.5,0.0,2.0,2.0,1.725918203173829,near,dense,0.0,0.0,115,2,1,1,1,0.17750804247140248,11.16020604968071
15,57.0,-0.1965433899999999,-0.19538181,-0.2189588,319.8966666666667,-72.2,10.069963112161274,-6.650678245212609,0.5,18.0,24.650678245212607,10.5,0.9,3.0,5.1,1.8,3.6,3.0,1.0,3.0,3.6100204736393735,near,non_dense,0.0,0.0,123,1,1,2,1,0.33613099611659125,11.283402889966965
56,92.0,-0.3414000866666666,-0.3009974266666667,-0.2601427833333333,-583.4066666666666,1261.3433333333332,-6.129345239054813,29.262408719660897,-0.5,-14.0,-43.2624087196609,6.5,1.7,4.0,1.2,0.0,5.3,2.0,0.0,7.0,2.118444953189012,far,non_dense,0.0,0.0,122,2,3,2,3,1.9398373138378915,-10.238783806562424
28,12.0,-0.4371925666666666,-0.02042541,-0.2183970266666667,394.9533333333334,-123.81,16.09647107878912,-6.019437510743184,0.5,25.33333333333333,31.35277084407652,0.4000000000000001,3.0,1.0,0.4000000000000001,0.0,0.0,1.0,0.0,0.0,2.441758570957821,near,dense,0.0,0.0,115,2,1,1,1,0.981651479962003,13.699515163898468
25,67.0,-0.2669833566666666,-0.3978081033333334,-0.2357580333333333,-447.26666666666665,-386.1433333333334,-16.65224381730994,-5.939524507438146,-0.5,-42.0,-36.06047549256186,0.6999999999999998,0.8000000000000002,3.0,0.6999999999999998,0.0,0.0,1.0,0.0,0.0,5.1930978244800015,near,non_dense,0.0,0.0,117,2,5,1,6,0.4013657737670735,-18.736575543880463
11,62.0,-0.1846444266666666,0.0202861444444444,-0.3672716211111111,57.72,-118.91,25.211483477481853,9.982499583436804,0.5,15.0,5.017500416563195,5.7,2.3,3.0,0.0,1.7,4.0,0.0,1.0,3.0,8.550680019122145,near,non_dense,-1.0,-1.25,113,2,4,1,6,1.9263638315780065,8.739762753248215
40,71.0,-0.2284476533333333,-0.2944980366666667,-0.4098830333333333,-265.62333333333333,35.50333333333331,-15.4369777467688,-0.9937149929036456,-0.5,-21.0,-20.00628500709636,3.7000000000000006,5.1,3.0,0.6999999999999998,3.0,0.0,1.0,2.0,0.0,4.791657514817822,near,non_dense,1.5,0.5,120,2,2,2,2,0.5867560030490633,-12.625443935394287
72,8.0,-0.3030776633333333,-0.1132529333333333,-0.2262362866666666,396.4816666666666,-125.25833333333333,14.442433769601118,12.026070508754074,0.5,42.333333333333336,30.307262824579254,1.6000000000000003,1.3999999999999997,1.0,0.0,0.4000000000000001,1.2,0.0,1.0,3.0,2.2343209401197246,near,dense,0.0,0.0,116,1,4,1,6,0.06978047966613472,14.598345756530762
73,35.0,-0.27425296,-0.0602248066666666,-0.2222199766666666,354.72,-188.08,21.087568837367147,17.43939112703134,0.5,45.0,27.56060887296866,3.2999999999999994,2.7000000000000006,2.0,1.7,0.0,1.6000000000000003,3.0,0.0,2.0,3.668493707529469,far,dense,0.0,0.0,114,2,1,1,1,1.5893763361445024,15.256951749324799
14,9.0,-0.2567425866666666,-0.1542384066666666,-0.1910271366666666,302.8233333333333,76.87666666666667,15.115666154233,9.262140519937876,0.5,32.0,22.737859480062127,2.6,1.1,1.0,1.3,0.0,1.3,1.0,0.0,2.0,2.369399065174442,near,dense,0.0,0.0,118,2,4,1,6,0.7757605450476196,13.277579843997955
32,55.0,-0.29909441,-0.2796073666666667,-0.2451911066666666,-133.5,-194.22333333333336,-7.834250907706186,-4.08119120702704,-0.5,-15.0,-10.91880879297296,8.0,2.5,3.0,1.9,0.9,5.2,1.0,2.0,6.0,3.1175503831090583,near,non_dense,-0.5,-0.5,114,2,5,1,6,0.9450817157233188,-10.780590772628784
45,26.0,-0.36613962,-0.0894899775,-0.251078505,184.2475,-55.025000000000006,20.494217355296577,4.719003484436222,0.5,18.75,14.030996515563778,4.9,1.7,2.0,3.4,0.0,1.5,2.0,0.0,3.0,3.480781966666213,far,dense,0.0,0.0,116,2,2,2,2,2.733116048163797,10.980836302042007
40,68.0,-0.22969512,-0.2839024699999999,-0.40408982,-300.84666666666664,-103.27333333333333,-13.28115575843909,-2.007421783179092,-0.5,-24.666666666666668,-22.65924488348757,4.3,1.7,3.0,2.3,0.0,2.0,2.0,0.0,2.0,4.205534352659332,near,non_dense,1.5,0.5,120,2,2,2,2,0.16690979918205737,-13.983100652694702
57,83.0,-0.3483051666666667,-0.1175487733333333,-0.2482329366666666,315.71666666666664,-153.80333333333334,10.113088084573413,-10.949424465178794,0.5,14.666666666666666,25.61609113184546,7.599999999999999,1.0,4.0,0.0,0.5,7.099999999999999,0.0,1.0,5.0,3.45401726144978,far,non_dense,0.0,0.0,115,2,3,2,3,0.10135347790386236,10.463164746761322
73,39.0,-0.2867732166666667,-0.0904929833333333,-0.2545778166666666,482.1666666666667,-235.45,15.43650634338015,0.5371929646395562,0.5,38.0,37.46280703536044,5.7,3.4,2.0,0.5,0.6,4.6,1.0,1.0,4.0,2.767520997761329,far,dense,0.0,0.0,114,2,1,1,1,0.7005393021145362,17.375263571739197
32,54.0,-0.3396327833333333,-0.18147124,-0.2285295333333333,193.96,-178.57666666666668,7.734225149522309,4.136238550673896,0.5,20.0,15.863761449326104,9.1,1.8,3.0,3.1,0.0,6.0,1.0,0.0,5.0,3.9911650666880423,near,non_dense,-0.5,-0.5,114,2,5,1,6,0.8579140362639028,11.158301681280136
46,31.0,-0.3629996966666666,-0.0691911233333333,-0.25615963,331.53333333333336,-180.19,23.60754365122848,8.347776737468228,0.5,34.0,25.652223262531773,8.3,0.6,2.0,7.900000000000001,0.0,0.4000000000000001,6.0,0.0,1.0,6.440761436414188,far,dense,-1.0,-1.0,115,2,4,2,6,1.591583558224762,13.356533646583557
38,67.0,-0.3794029766666666,-0.3084380633333333,-0.2249850033333333,-358.81333333333333,32.410000000000004,-15.682403578759065,12.372503687739348,-0.5,-17.333333333333332,-29.70583702107268,2.7000000000000006,0.4000000000000001,3.0,0.6999999999999998,1.2,0.8000000000000002,1.0,1.0,1.0,4.886612924328524,near,non_dense,2.0,2.0,115,2,1,2,1,0.9090726840199786,-11.240117251873016
63,33.0,-0.33944009,-0.09989297,-0.2225159933333333,369.0333333333333,-179.71,13.413895020754182,4.357102471350722,0.5,32.0,27.642897528649275,3.8,1.9,2.0,0.9,0.6999999999999998,2.2,2.0,1.0,2.0,2.3670579192845453,far,dense,99.0,99.0,119,2,1,1,1,0.29745404087114335,14.117985963821411
33,10.0,-0.2486212716666666,-0.10828124,-0.21305174,631.3183333333333,-266.11833333333334,19.466018045917348,-2.703305490589674,0.5,45.0,47.70330549058968,3.8,0.4000000000000001,1.0,0.0,2.7999999999999994,1.0,0.0,1.0,1.0,3.1323252302893443,near,dense,0.0,0.0,114,2,2,1,2,0.4322583644894016,20.81999182701111
71,70.0,-0.3863373699999999,-0.08777831,-0.1861568833333333,140.36333333333337,46.93333333333334,9.532407436663528,11.883859389832592,0.5,22.0,10.116140610167408,10.1,0.6999999999999998,3.0,2.1,0.0,8.0,1.0,0.0,5.0,3.469898163711457,near,non_dense,0.0,0.0,116,2,2,2,2,0.6009201258815593,11.617539077997208
42,66.0,-0.41285442,-0.09990805,-0.2267380566666666,128.8733333333333,-293.61333333333334,9.679763605815989,1.2889912928172282,0.5,11.0,9.711008707182772,6.7,0.9,3.0,3.2999999999999994,0.0,3.4,2.0,0.0,4.0,3.522853800022689,near,non_dense,0.0,0.0,118,2,3,2,3,0.37788357965053543,8.348535001277924
57,53.0,-0.3105964933333333,-0.3582495033333333,-0.2682655733333333,-245.4933333333333,-8.886666666666658,-18.330665557881208,-3.081572299232915,-0.5,-23.0,-19.918427700767086,1.5,1.0,3.0,1.0,0.5,0.0,2.0,1.0,0.0,5.138415687190108,near,non_dense,0.0,0.0,115,2,3,2,3,0.9968906780122364,-13.20822685956955
72,49.0,-0.3313444433333333,-0.12563077,-0.20708136,112.07666666666668,-51.870000000000005,12.024484847320704,27.432801870193,0.5,36.0,8.567198129807,8.8,2.3,3.0,2.3,1.9,4.6,1.0,1.0,4.0,5.404304681385294,near,non_dense,0.0,0.0,116,1,4,1,6,0.952894785048866,17.174218595027924
56,32.0,-0.3215585633333333,-0.0247234633333333,-0.2684765266666666,393.92,78.18666666666668,19.214494222078216,8.162020787539516,0.5,39.333333333333336,31.17131254579381,0.4000000000000001,0.8000000000000002,2.0,0.0,0.0,0.4000000000000001,0.0,0.0,1.0,3.3579048699561924,far,dense,0.0,0.0,122,2,3,2,3,1.4093426707714027,14.482055604457855
42,95.0,-0.38402781,-0.0612821,-0.2027016033333333,111.77666666666664,-197.07,11.90550590841587,14.577278594538312,0.5,23.0,8.42272140546169,5.900000000000001,1.2,4.0,3.0,0.0,2.9,2.0,0.0,4.0,4.232797530025071,far,non_dense,0.0,0.0,118,2,3,2,3,0.04865401349897164,12.111448496580124
56,85.0,-0.36290458,-0.15156039,-0.2546399066666666,347.92333333333335,15.126666666666674,7.964897273906516,-16.531546926552952,0.5,11.0,27.531546926552952,10.0,1.8,4.0,0.6,0.6999999999999998,8.7,1.0,1.0,5.0,2.552749015970696,far,non_dense,0.0,0.0,122,2,3,2,3,0.6604615258464994,9.650889784097672
15,58.0,-0.2168927866666666,-0.1326022966666666,-0.2209234466666666,42.14999999999998,-12.183333333333328,22.76029082585158,21.085327973157515,0.5,24.33333333333333,3.2480053601758203,8.4,0.6999999999999998,3.0,6.2,0.0,2.2,3.0,0.0,1.0,11.836399346831708,near,non_dense,0.0,0.0,123,1,1,2,1,0.8739506993943654,12.415861338376999
32,7.0,-0.27275862,-0.1549313266666666,-0.2438191633333333,381.6933333333333,-228.98,12.99307344384359,6.781748882253496,0.5,38.0,31.218251117746505,1.7,2.6,1.0,0.0,0.0,1.7,0.0,0.0,3.0,1.560168429274114,near,dense,-0.5,-0.5,114,2,5,1,6,1.1817752130036216,14.836841821670532
59,49.0,-0.35210107,-0.12727253,-0.19183366,380.8933333333334,-219.53333333333333,7.603784866857104,-15.688480854753696,0.5,13.0,28.688480854753696,7.7,0.6999999999999998,3.0,0.0,0.0,7.7,0.0,0.0,4.0,3.420858269670204,near,non_dense,0.0,0.0,119,2,2,2,2,0.7828547026028801,10.281819850206375
50,59.0,-0.37624002,0.0551315283333333,-0.3328440033333333,374.56,58.064999999999976,10.29968714065366,6.079683502349224,0.5,36.66666666666666,30.586983164317445,6.8,3.0,3.0,0.0,2.3,4.5,0.0,2.0,4.0,3.837105295192556,near,non_dense,0.0,0.0,117,1,1,1,1,1.2052883245384571,14.924505352973938
46,93.0,-0.3930426366666666,-0.0226488566666666,-0.3276190866666666,226.1133333333333,-60.57666666666668,-11.249984602584048,9.504595688813795,-0.5,27.0,17.495404311186203,9.0,0.6999999999999998,4.0,5.8,0.6,2.6,2.0,1.0,2.0,3.880592042687196,far,non_dense,-1.0,-1.0,115,2,4,2,6,6.274200762622998,13.097628951072693
28,56.0,-0.4297604466666667,-0.06006181,-0.1983839733333333,8.949999999999989,-36.85,13.300125689565505,23.62285116905785,0.5,24.33333333333333,0.7104821642754852,3.4,1.3,3.0,0.0,0.6999999999999998,2.7000000000000006,0.0,1.0,5.0,4.770118443461587,near,non_dense,0.0,0.0,115,2,1,1,1,0.29761808234389603,11.880452185869217
42,41.0,-0.3548495866666667,-0.0660008466666666,-0.24251333,244.82666666666668,-52.05,14.63003665442561,3.8848783251816528,0.5,22.33333333333333,18.44845500815168,5.599999999999999,1.2,2.0,0.6999999999999998,0.9,4.0,1.0,1.0,4.0,3.5337648263153163,far,dense,0.0,0.0,118,2,3,2,3,0.8958272341464476,11.464393883943558
72,42.0,-0.34643198,-0.3564325266666666,-0.23765297,-389.07666666666665,-104.69333333333331,-16.039120312688432,-0.9254458563444944,-0.5,-30.666666666666668,-29.741220810322176,1.1,1.1,2.0,0.0,0.0,1.1,0.0,0.0,1.0,2.0058699605033983,far,dense,0.0,0.0,116,1,4,1,6,0.1362256213287289,-16.31237119436264
33,66.0,-0.3596155833333332,-0.12671169,-0.2102720533333333,283.22333333333336,-205.67,10.079567872093532,-0.2765173220569633,0.5,22.0,22.276517322056964,3.9,2.5,3.0,1.0,0.4000000000000001,2.5,1.0,1.0,2.0,3.738988887102236,near,non_dense,0.0,0.0,114,2,2,1,2,0.4631112553357148,11.811135709285736
37,14.0,-0.45428847,-0.0741772466666666,-0.21896501,246.8733333333333,34.126666666666665,12.427784103943411,-5.937195884735254,0.5,12.333333333333334,18.27052921806859,11.199999999999998,0.6,1.0,4.1,0.0,7.099999999999999,1.0,0.0,4.0,1.940813964510817,near,dense,0.0,0.0,120,3,3,2,3,1.7306944865608727,9.068828076124191
42,11.0,-0.2575493066666667,0.0159672233333333,-0.2213330966666666,348.75,-18.649999999999995,25.783720731181365,18.72059681369309,0.5,45.0,26.279403186306908,3.7000000000000006,1.7,1.0,1.8,0.5,1.3999999999999997,2.0,1.0,2.0,4.218517077409047,near,dense,0.0,0.0,118,2,3,2,3,2.4707756363127564,15.360711514949799
42,35.0,-0.3335809999999999,-0.0422239833333333,-0.2216516566666666,203.47666666666663,-280.0833333333333,19.656948089628617,29.667396810497184,0.5,45.0,15.332603189502818,6.3,2.4,2.0,2.0,1.9,2.4,1.0,2.0,3.0,3.3162518653331854,far,dense,0.0,0.0,118,2,3,2,3,0.43642373238809234,18.209657073020935
57,40.0,-0.3659091666666667,-0.05335863,-0.2152954133333333,427.82,-70.26,17.823315014107106,-8.378410660836943,0.5,26.33333333333333,34.71174399417028,5.400000000000001,1.2,2.0,0.0,0.8000000000000002,4.6,0.0,1.0,4.0,3.29968992956466,far,dense,0.0,0.0,115,2,3,2,3,0.9301719284865431,14.75403606891632
45,59.0,-0.3599089266666667,-0.0507233233333333,-0.2503531699999999,197.72333333333333,-48.82333333333335,6.164813385942267,16.94277859376298,0.5,32.0,15.05722140623702,9.2,0.6999999999999998,3.0,0.0,0.0,9.2,0.0,0.0,5.0,2.3196202835190327,near,non_dense,0.0,0.0,116,2,2,2,2,3.570502955811481,14.447024464607239
46,78.0,-0.3462401633333333,-0.28908813,-0.27544556,-378.9533333333333,-82.53,18.37546798048262,18.32132167528842,0.5,-11.0,-29.32132167528842,2.5,0.6999999999999998,4.0,1.8,0.0,0.6999999999999998,3.0,0.0,1.0,5.658647815137084,far,non_dense,-1.0,-1.0,115,2,4,2,6,4.776378606161916,-8.652376383543015
42,64.0,-0.3493891233333333,-0.3074624333333333,-0.2421170933333333,-312.07,-165.84333333333333,-13.845446376387564,-0.4845495273095442,-0.5,-24.0,-23.515450472690457,4.0,1.8,3.0,1.9,1.5,0.6,1.0,2.0,1.0,4.288489396393637,near,non_dense,0.0,0.0,118,2,3,2,3,0.012200941438601927,-13.7931227684021
59,29.0,-0.4182611633333333,-0.07679661,-0.2203661933333333,206.85666666666668,-93.08,19.04568985471538,2.4197758217221748,0.5,18.0,15.580224178277824,4.7,0.6,2.0,4.7,0.0,0.0,5.0,0.0,0.0,3.3844941427967643,far,dense,0.0,0.0,119,2,2,2,2,2.4113178713861894,10.884598642587662
23,57.0,-0.41502536,-0.1138417966666666,-0.2391758,270.42,-45.24333333333334,10.03835102403477,-7.774148662028033,0.5,13.666666666666666,21.4408153286947,10.699999999999998,1.5,3.0,9.3,0.0,1.3999999999999997,4.0,0.0,3.0,3.5897168947100897,near,non_dense,99.0,99.0,112,2,4,1,6,0.07529450561618882,9.768065065145493
15,60.0,-0.19309862,-0.1564202466666666,-0.2101436799999999,509.14,-48.29333333333333,14.69856050207538,-17.233438886830797,0.5,22.0,39.2334388868308,4.3,0.8000000000000002,3.0,0.6999999999999998,1.8,1.8,1.0,1.0,3.0,5.285736925486442,near,non_dense,0.0,0.0,123,1,1,2,1,0.034379241624834064,14.516840875148773
57,96.0,-0.3623564366666666,-0.3181546133333333,-0.2813263633333333,-40.370000000000005,-103.58333333333331,-10.502681895081029,-15.724526424560205,-0.5,-19.0,-3.275473575439797,3.8,0.9,4.0,0.8000000000000002,0.4000000000000001,2.6,2.0,1.0,5.0,5.090141940266748,far,non_dense,0.0,0.0,115,2,3,2,3,0.11899416672475792,-9.896984696388245
56,19.0,-0.2200203833333333,-0.1339376566666666,-0.3660274266666667,373.43,-32.403333333333336,15.5648699655497,-5.216583512665312,0.5,24.33333333333333,29.54991684599865,4.6,2.1,1.0,0.4000000000000001,0.0,4.2,1.0,0.0,7.0,3.035083390529859,near,dense,0.0,0.0,122,2,3,2,3,0.7806287423932801,13.195596635341644
29,84.0,-0.2307131666666666,-0.1485891666666666,-0.2586289966666666,330.8933333333334,-105.34666666666668,13.891985587270772,6.292046440624763,0.5,32.0,25.70795355937524,5.7,1.3999999999999997,4.0,1.0,0.0,4.7,1.0,0.0,4.0,4.522640914744368,far,non_dense,2.0,0.75,122,2,1,2,1,0.16402486658247958,13.150160014629364
73,37.0,-0.3090839066666667,-0.0916612166666666,-0.2254530566666666,462.3233333333333,-238.23666666666668,15.72977076326162,5.078956464684495,0.5,41.0,35.921043535315505,3.2000000000000006,3.4,2.0,0.4000000000000001,1.0,1.8,1.0,2.0,1.0,2.8094506511495303,far,dense,0.0,0.0,114,2,1,1,1,0.4473707533105826,16.98663681745529
37,92.0,-0.4303088033333333,-0.2603515466666666,-0.21338969,-109.38333333333333,24.19333333333332,-5.848540909432708,-2.4047903609013974,-0.5,-10.5,-8.095209639098604,8.4,0.6,4.0,2.1,0.0,6.3,3.0,0.0,5.0,2.075347590024848,far,non_dense,0.0,0.0,120,3,3,2,3,1.0615400638374577,-8.051605522632599
63,22.0,-0.2958641233333333,-0.0924850666666666,-0.2226371066666666,323.8233333333333,-97.18,13.43055003523014,11.743613348245946,0.5,36.0,24.256386651754053,4.3,1.2,1.0,1.1,1.2,2.0,1.0,1.0,2.0,2.182406941275771,near,dense,99.0,99.0,119,2,1,1,1,0.18952862270894535,13.84417861700058
72,83.0,-0.3381614166666666,-0.1140643166666666,-0.2284553166666666,361.8233333333333,-104.10666666666668,11.44866728942242,6.342038027654873,0.5,34.0,27.657961972345124,6.0,2.7999999999999994,4.0,1.0,1.7,3.2999999999999994,1.0,1.0,3.0,3.949019488112489,far,non_dense,0.0,0.0,116,1,4,1,6,0.5968413650038252,13.805605471134186
59,37.0,-0.3824861833333333,-0.0512378783333333,-0.2115573683333333,406.5016666666667,-112.04166666666669,17.917437729741145,-6.283939958206221,0.5,24.33333333333333,30.61727329153955,5.3,0.6,2.0,0.0,0.0,5.3,0.0,0.0,6.0,3.19841807023248,far,dense,0.0,0.0,119,2,2,2,2,1.4149225416905111,13.391923904418945
63,30.0,-0.3847203116666666,-0.206966935,-0.34127841,229.74166666666667,-147.11833333333334,22.22199244653615,-7.209083234742387,0.5,10.0,17.209083234742387,3.4,1.7,2.0,0.0,0.0,3.4,0.0,0.0,2.0,3.824681175000463,far,dense,99.0,99.0,119,2,1,1,1,3.605898769284828,8.43057930469513
15,73.0,-0.19758963,-0.2306068999999999,-0.2243391833333333,165.58333333333334,-63.97,6.185573328998028,0.2404376222432625,0.5,13.0,12.759562377756737,11.6,0.6999999999999998,4.0,3.5,1.8,6.3,1.0,1.0,7.0,2.302911172283334,far,non_dense,0.0,0.0,123,1,1,2,1,1.697416436096729,10.094572603702545
32,56.0,-0.2813018266666666,-0.15212435,-0.2226806566666666,376.96,-251.3166666666667,13.039319174686565,1.1688826771604006,0.5,32.0,30.8311173228396,3.8,1.8,3.0,0.0,0.9,2.9,0.0,1.0,4.0,4.597643904103106,near,non_dense,-0.5,-0.5,114,2,5,1,6,0.5032591056115766,15.35312533378601
33,96.0,-0.2885627133333333,-0.3127165833333333,-0.2314520966666666,-223.57333333333332,-299.24333333333334,-10.771798057755618,2.584833756929213,-0.5,-15.0,-17.584833756929214,2.6,1.5,4.0,0.0,0.0,2.6,0.0,0.0,2.0,4.820530208288315,far,non_dense,0.0,0.0,114,2,2,1,2,0.14943720291283683,-10.051431506872177
